{"type":"FeatureCollection","features":[{"type":"Feature","geometry":{"type":"Point","coordinates":[2.20336,48.66072]},"properties":{"latitude":"48.66072","longitude":"2.20336","bright_ti4":"326.96","scan":"0.39","track":"0.44","acq_date":"2026-07-27","acq_time":"130","satellite":"N20","instrument":"VIIRS","confidence":"n","version":"2.0NRT","bright_ti5":"285.86","frp":"2.5","daynight":"N","commune":"Marcoussis","code_insee":"91363","departement":"Essonne","region":"Île-de-France"}},{"type":"Feature","geometry":{"type":"Point","coordinates":[1.75928,48.98392]},"properties":{"latitude":"48.98392","longitude":"1.75928","bright_ti4":"299.59","scan":"0.41","track":"0.45","acq_date":"2026-07-27","acq_time":"130","satellite":"N20","instrument":"VIIRS","confidence":"n","version":"2.0NRT","bright_ti5":"287.33","frp":"0.51","daynight":"N","commune":"Porcheville","code_insee":"78501","departement":"Yvelines","region":"Île-de-France"}},{"type":"Feature","geometry":{"type":"Point","coordinates":[6.14889,49.31708]},"properties":{"latitude":"49.31708","longitude":"6.14889","bright_ti4":"299.77","scan":"0.43","track":"0.38","acq_date":"2026-07-27","acq_time":"130","satellite":"N20","instrument":"VIIRS","confidence":"n","version":"2.0NRT","bright_ti5":"288.33","frp":"0.74","daynight":"N","commune":"Florange","code_insee":"57221","departement":"Moselle","region":"Grand Est"}},{"type":"Feature","geometry":{"type":"Point","coordinates":[6.02944,49.34644]},"properties":{"latitude":"49.34644","longitude":"6.02944","bright_ti4":"296.31","scan":"0.44","track":"0.38","acq_date":"2026-07-27","acq_time":"130","satellite":"N20","instrument":"VIIRS","confidence":"n","version":"2.0NRT","bright_ti5":"285.76","frp":"0.37","daynight":"N","commune":"Fontoy","code_insee":"57226","departement":"Moselle","region":"Grand Est"}},{"type":"Feature","geometry":{"type":"Point","coordinates":[6.02837,49.3465]},"properties":{"latitude":"49.3465","longitude":"6.02837","bright_ti4":"298.55","scan":"0.44","track":"0.38","acq_date":"2026-07-27","acq_time":"130","satellite":"N20","instrument":"VIIRS","confidence":"n","version":"2.0NRT","bright_ti5":"286.24","frp":"0.25","daynight":"N","commune":"Fontoy","code_insee":"57226","departement":"Moselle","region":"Grand Est"}},{"type":"Feature","geometry":{"type":"Point","coordinates":[9.06204,42.25634]},"properties":{"latitude":"42.25634","longitude":"9.06204","bright_ti4":"344.87","scan":"0.4","track":"0.37","acq_date":"2026-07-27","acq_time":"132","satellite":"N20","instrument":"VIIRS","confidence":"n","version":"2.0NRT","bright_ti5":"291.62","frp":"6.31","daynight":"N","commune":"Corte","code_insee":"2B096","departement":"Haute-Corse","region":"Corse"}},{"type":"Feature","geometry":{"type":"Point","coordinates":[9.09052,42.26527]},"properties":{"latitude":"42.26527","longitude":"9.09052","bright_ti4":"311.33","scan":"0.4","track":"0.37","acq_date":"2026-07-27","acq_time":"132","satellite":"N20","instrument":"VIIRS","confidence":"n","version":"2.0NRT","bright_ti5":"290.79","frp":"1.1","daynight":"N","commune":"Corte","code_insee":"2B096","departement":"Haute-Corse","region":"Corse"}},{"type":"Feature","geometry":{"type":"Point","coordinates":[9.08561,42.26612]},"properties":{"latitude":"42.26612","longitude":"9.08561","bright_ti4":"302.98","scan":"0.4","track":"0.37","acq_date":"2026-07-27","acq_time":"132","satellite":"N20","instrument":"VIIRS","confidence":"n","version":"2.0NRT","bright_ti5":"290.52","frp":"0.94","daynight":"N","commune":"Corte","code_insee":"2B096","departement":"Haute-Corse","region":"Corse"}},{"type":"Feature","geometry":{"type":"Point","coordinates":[2.26439,42.49144]},"properties":{"latitude":"42.49144","longitude":"2.26439","bright_ti4":"314.12","scan":"0.5","track":"0.41","acq_date":"2026-07-27","acq_time":"132","satellite":"N20","instrument":"VIIRS","confidence":"n","version":"2.0NRT","bright_ti5":"281.9","frp":"1.81","daynight":"N","commune":"Nyer","code_insee":"66123","departement":"Pyrénées-Orientales","region":"Occitanie"}},{"type":"Feature","geometry":{"type":"Point","coordinates":[5.01221,43.388]},"properties":{"latitude":"43.388","longitude":"5.01221","bright_ti4":"306.65","scan":"0.41","track":"0.37","acq_date":"2026-07-27","acq_time":"132","satellite":"N20","instrument":"VIIRS","confidence":"n","version":"2.0NRT","bright_ti5":"291.46","frp":"0.86","daynight":"N","commune":"Martigues","code_insee":"13056","departement":"Bouches-du-Rhône","region":"Provence-Alpes-Côte d'Azur"}},{"type":"Feature","geometry":{"type":"Point","coordinates":[4.89454,43.43492]},"properties":{"latitude":"43.43492","longitude":"4.89454","bright_ti4":"302.92","scan":"0.42","track":"0.37","acq_date":"2026-07-27","acq_time":"132","satellite":"N20","instrument":"VIIRS","confidence":"n","version":"2.0NRT","bright_ti5":"291.18","frp":"1.69","daynight":"N","commune":"Fos-sur-Mer","code_insee":"13039","departement":"Bouches-du-Rhône","region":"Provence-Alpes-Côte d'Azur"}},{"type":"Feature","geometry":{"type":"Point","coordinates":[4.88943,43.43559]},"properties":{"latitude":"43.43559","longitude":"4.88943","bright_ti4":"340.21","scan":"0.42","track":"0.37","acq_date":"2026-07-27","acq_time":"132","satellite":"N20","instrument":"VIIRS","confidence":"n","version":"2.0NRT","bright_ti5":"294.28","frp":"1.69","daynight":"N","commune":"Fos-sur-Mer","code_insee":"13039","departement":"Bouches-du-Rhône","region":"Provence-Alpes-Côte d'Azur"}},{"type":"Feature","geometry":{"type":"Point","coordinates":[4.89029,43.43901]},"properties":{"latitude":"43.43901","longitude":"4.89029","bright_ti4":"303.51","scan":"0.42","track":"0.37","acq_date":"2026-07-27","acq_time":"132","satellite":"N20","instrument":"VIIRS","confidence":"n","version":"2.0NRT","bright_ti5":"290.95","frp":"1.69","daynight":"N","commune":"Fos-sur-Mer","code_insee":"13039","departement":"Bouches-du-Rhône","region":"Provence-Alpes-Côte d'Azur"}},{"type":"Feature","geometry":{"type":"Point","coordinates":[4.90137,43.44107]},"properties":{"latitude":"43.44107","longitude":"4.90137","bright_ti4":"311.13","scan":"0.42","track":"0.37","acq_date":"2026-07-27","acq_time":"132","satellite":"N20","instrument":"VIIRS","confidence":"n","version":"2.0NRT","bright_ti5":"291.33","frp":"1.43","daynight":"N","commune":"Fos-sur-Mer","code_insee":"13039","departement":"Bouches-du-Rhône","region":"Provence-Alpes-Côte d'Azur"}},{"type":"Feature","geometry":{"type":"Point","coordinates":[4.89626,43.44175]},"properties":{"latitude":"43.44175","longitude":"4.89626","bright_ti4":"323.11","scan":"0.42","track":"0.37","acq_date":"2026-07-27","acq_time":"132","satellite":"N20","instrument":"VIIRS","confidence":"n","version":"2.0NRT","bright_ti5":"291.2","frp":"2.44","daynight":"N","commune":"Fos-sur-Mer","code_insee":"13039","departement":"Bouches-du-Rhône","region":"Provence-Alpes-Côte d'Azur"}},{"type":"Feature","geometry":{"type":"Point","coordinates":[4.8809,43.44377]},"properties":{"latitude":"43.44377","longitude":"4.8809","bright_ti4":"309.06","scan":"0.42","track":"0.37","acq_date":"2026-07-27","acq_time":"132","satellite":"N20","instrument":"VIIRS","confidence":"n","version":"2.0NRT","bright_ti5":"293.3","frp":"1.07","daynight":"N","commune":"Fos-sur-Mer","code_insee":"13039","departement":"Bouches-du-Rhône","region":"Provence-Alpes-Côte d'Azur"}},{"type":"Feature","geometry":{"type":"Point","coordinates":[4.90223,43.44448]},"properties":{"latitude":"43.44448","longitude":"4.90223","bright_ti4":"304.1","scan":"0.42","track":"0.37","acq_date":"2026-07-27","acq_time":"132","satellite":"N20","instrument":"VIIRS","confidence":"n","version":"2.0NRT","bright_ti5":"291.4","frp":"1.43","daynight":"N","commune":"Fos-sur-Mer","code_insee":"13039","departement":"Bouches-du-Rhône","region":"Provence-Alpes-Côte d'Azur"}},{"type":"Feature","geometry":{"type":"Point","coordinates":[4.89712,43.44515]},"properties":{"latitude":"43.44515","longitude":"4.89712","bright_ti4":"329.61","scan":"0.42","track":"0.37","acq_date":"2026-07-27","acq_time":"132","satellite":"N20","instrument":"VIIRS","confidence":"n","version":"2.0NRT","bright_ti5":"292.62","frp":"2.44","daynight":"N","commune":"Fos-sur-Mer","code_insee":"13039","departement":"Bouches-du-Rhône","region":"Provence-Alpes-Côte d'Azur"}},{"type":"Feature","geometry":{"type":"Point","coordinates":[4.89797,43.44857]},"properties":{"latitude":"43.44857","longitude":"4.89797","bright_ti4":"312.37","scan":"0.42","track":"0.37","acq_date":"2026-07-27","acq_time":"132","satellite":"N20","instrument":"VIIRS","confidence":"n","version":"2.0NRT","bright_ti5":"291.56","frp":"1.33","daynight":"N","commune":"Fos-sur-Mer","code_insee":"13039","departement":"Bouches-du-Rhône","region":"Provence-Alpes-Côte d'Azur"}},{"type":"Feature","geometry":{"type":"Point","coordinates":[5.46197,43.45252]},"properties":{"latitude":"43.45252","longitude":"5.46197","bright_ti4":"302.23","scan":"0.4","track":"0.37","acq_date":"2026-07-27","acq_time":"132","satellite":"N20","instrument":"VIIRS","confidence":"n","version":"2.0NRT","bright_ti5":"291.38","frp":"0.71","daynight":"N","commune":"Gardanne","code_insee":"13041","departement":"Bouches-du-Rhône","region":"Provence-Alpes-Côte d'Azur"}},{"type":"Feature","geometry":{"type":"Point","coordinates":[5.46381,43.453]},"properties":{"latitude":"43.453","longitude":"5.46381","bright_ti4":"303.47","scan":"0.4","track":"0.37","acq_date":"2026-07-27","acq_time":"132","satellite":"N20","instrument":"VIIRS","confidence":"n","version":"2.0NRT","bright_ti5":"291.72","frp":"0.62","daynight":"N","commune":"Gardanne","code_insee":"13041","departement":"Bouches-du-Rhône","region":"Provence-Alpes-Côte d'Azur"}},{"type":"Feature","geometry":{"type":"Point","coordinates":[6.0584,43.47328]},"properties":{"latitude":"43.47328","longitude":"6.0584","bright_ti4":"313.06","scan":"0.4","track":"0.37","acq_date":"2026-07-27","acq_time":"132","satellite":"N20","instrument":"VIIRS","confidence":"n","version":"2.0NRT","bright_ti5":"290.83","frp":"1.12","daynight":"N","commune":"Correns","code_insee":"83045","departement":"Var","region":"Provence-Alpes-Côte d'Azur"}},{"type":"Feature","geometry":{"type":"Point","coordinates":[6.02846,43.52107]},"properties":{"latitude":"43.52107","longitude":"6.02846","bright_ti4":"308.42","scan":"0.4","track":"0.37","acq_date":"2026-07-27","acq_time":"132","satellite":"N20","instrument":"VIIRS","confidence":"n","version":"2.0NRT","bright_ti5":"291.42","frp":"1.18","daynight":"N","commune":"Châteauvert","code_insee":"83039","departement":"Var","region":"Provence-Alpes-Côte d'Azur"}},{"type":"Feature","geometry":{"type":"Point","coordinates":[5.98528,43.54792]},"properties":{"latitude":"43.54792","longitude":"5.98528","bright_ti4":"303.59","scan":"0.4","track":"0.37","acq_date":"2026-07-27","acq_time":"132","satellite":"N20","instrument":"VIIRS","confidence":"n","version":"2.0NRT","bright_ti5":"290.18","frp":"0.57","daynight":"N","commune":"Barjols","code_insee":"83012","departement":"Var","region":"Provence-Alpes-Côte d'Azur"}},{"type":"Feature","geometry":{"type":"Point","coordinates":[7.37584,43.79512]},"properties":{"latitude":"43.79512","longitude":"7.37584","bright_ti4":"305.58","scan":"0.38","track":"0.36","acq_date":"2026-07-27","acq_time":"132","satellite":"N20","instrument":"VIIRS","confidence":"n","version":"2.0NRT","bright_ti5":"291.21","frp":"0.62","daynight":"N","commune":"Blausasc","code_insee":"06019","departement":"Alpes-Maritimes","region":"Provence-Alpes-Côte d'Azur"}},{"type":"Feature","geometry":{"type":"Point","coordinates":[-0.81347,44.73571]},"properties":{"latitude":"44.73571","longitude":"-0.81347","bright_ti4":"296.27","scan":"0.48","track":"0.48","acq_date":"2026-07-27","acq_time":"132","satellite":"N20","instrument":"VIIRS","confidence":"n","version":"2.0NRT","bright_ti5":"285.1","frp":"1.52","daynight":"N","commune":"Cestas","code_insee":"33122","departement":"Gironde","region":"Nouvelle-Aquitaine"}},{"type":"Feature","geometry":{"type":"Point","coordinates":[-0.88832,44.77559]},"properties":{"latitude":"44.77559","longitude":"-0.88832","bright_ti4":"295.98","scan":"0.49","track":"0.48","acq_date":"2026-07-27","acq_time":"132","satellite":"N20","instrument":"VIIRS","confidence":"n","version":"2.0NRT","bright_ti5":"284.94","frp":"1.21","daynight":"N","commune":"Saint-Jean-d'Illac","code_insee":"33422","departement":"Gironde","region":"Nouvelle-Aquitaine"}},{"type":"Feature","geometry":{"type":"Point","coordinates":[-0.88187,44.77715]},"properties":{"latitude":"44.77715","longitude":"-0.88187","bright_ti4":"297.62","scan":"0.49","track":"0.48","acq_date":"2026-07-27","acq_time":"132","satellite":"N20","instrument":"VIIRS","confidence":"n","version":"2.0NRT","bright_ti5":"285.05","frp":"1.16","daynight":"N","commune":"Saint-Jean-d'Illac","code_insee":"33422","departement":"Gironde","region":"Nouvelle-Aquitaine"}},{"type":"Feature","geometry":{"type":"Point","coordinates":[-0.88806,44.77764]},"properties":{"latitude":"44.77764","longitude":"-0.88806","bright_ti4":"296.51","scan":"0.49","track":"0.48","acq_date":"2026-07-27","acq_time":"132","satellite":"N20","instrument":"VIIRS","confidence":"n","version":"2.0NRT","bright_ti5":"285.05","frp":"1.79","daynight":"N","commune":"Saint-Jean-d'Illac","code_insee":"33422","departement":"Gironde","region":"Nouvelle-Aquitaine"}},{"type":"Feature","geometry":{"type":"Point","coordinates":[-0.98004,44.87758]},"properties":{"latitude":"44.87758","longitude":"-0.98004","bright_ti4":"297.18","scan":"0.49","track":"0.49","acq_date":"2026-07-27","acq_time":"132","satellite":"N20","instrument":"VIIRS","confidence":"n","version":"2.0NRT","bright_ti5":"286.65","frp":"0.98","daynight":"N","commune":"Le Temple","code_insee":"33528","departement":"Gironde","region":"Nouvelle-Aquitaine"}},{"type":"Feature","geometry":{"type":"Point","coordinates":[-0.89721,44.88014]},"properties":{"latitude":"44.88014","longitude":"-0.89721","bright_ti4":"296.55","scan":"0.49","track":"0.48","acq_date":"2026-07-27","acq_time":"132","satellite":"N20","instrument":"VIIRS","confidence":"n","version":"2.0NRT","bright_ti5":"285.2","frp":"1.11","daynight":"N","commune":"Le Temple","code_insee":"33528","departement":"Gironde","region":"Nouvelle-Aquitaine"}},{"type":"Feature","geometry":{"type":"Point","coordinates":[-0.896,44.88251]},"properties":{"latitude":"44.88251","longitude":"-0.896","bright_ti4":"296.36","scan":"0.49","track":"0.48","acq_date":"2026-07-27","acq_time":"132","satellite":"N20","instrument":"VIIRS","confidence":"n","version":"2.0NRT","bright_ti5":"284.85","frp":"0.8","daynight":"N","commune":"Le Temple","code_insee":"33528","departement":"Gironde","region":"Nouvelle-Aquitaine"}},{"type":"Feature","geometry":{"type":"Point","coordinates":[-0.87526,44.89452]},"properties":{"latitude":"44.89452","longitude":"-0.87526","bright_ti4":"296.08","scan":"0.49","track":"0.48","acq_date":"2026-07-27","acq_time":"132","satellite":"N20","instrument":"VIIRS","confidence":"n","version":"2.0NRT","bright_ti5":"285.3","frp":"0.62","daynight":"N","commune":"Salaunes","code_insee":"33494","departement":"Gironde","region":"Nouvelle-Aquitaine"}},{"type":"Feature","geometry":{"type":"Point","coordinates":[-0.87455,44.89899]},"properties":{"latitude":"44.89899","longitude":"-0.87455","bright_ti4":"297.19","scan":"0.49","track":"0.48","acq_date":"2026-07-27","acq_time":"132","satellite":"N20","instrument":"VIIRS","confidence":"n","version":"2.0NRT","bright_ti5":"285.22","frp":"0.62","daynight":"N","commune":"Salaunes","code_insee":"33494","departement":"Gironde","region":"Nouvelle-Aquitaine"}},{"type":"Feature","geometry":{"type":"Point","coordinates":[2.75315,47.07424]},"properties":{"latitude":"47.07424","longitude":"2.75315","bright_ti4":"305.06","scan":"0.53","track":"0.42","acq_date":"2026-07-27","acq_time":"132","satellite":"N20","instrument":"VIIRS","confidence":"n","version":"2.0NRT","bright_ti5":"286.31","frp":"3.4","daynight":"N","commune":"Baugy","code_insee":"18023","departement":"Cher","region":"Centre-Val de Loire"}},{"type":"Feature","geometry":{"type":"Point","coordinates":[2.74606,47.07496]},"properties":{"latitude":"47.07496","longitude":"2.74606","bright_ti4":"310.6","scan":"0.53","track":"0.42","acq_date":"2026-07-27","acq_time":"132","satellite":"N20","instrument":"VIIRS","confidence":"n","version":"2.0NRT","bright_ti5":"286.73","frp":"3.81","daynight":"N","commune":"Baugy","code_insee":"18023","departement":"Cher","region":"Centre-Val de Loire"}},{"type":"Feature","geometry":{"type":"Point","coordinates":[2.75397,47.07809]},"properties":{"latitude":"47.07809","longitude":"2.75397","bright_ti4":"322.99","scan":"0.53","track":"0.42","acq_date":"2026-07-27","acq_time":"132","satellite":"N20","instrument":"VIIRS","confidence":"n","version":"2.0NRT","bright_ti5":"288.62","frp":"3.4","daynight":"N","commune":"Villequiers","code_insee":"18286","departement":"Cher","region":"Centre-Val de Loire"}},{"type":"Feature","geometry":{"type":"Point","coordinates":[2.7469,47.07882]},"properties":{"latitude":"47.07882","longitude":"2.7469","bright_ti4":"331.68","scan":"0.53","track":"0.42","acq_date":"2026-07-27","acq_time":"132","satellite":"N20","instrument":"VIIRS","confidence":"n","version":"2.0NRT","bright_ti5":"288.28","frp":"3.81","daynight":"N","commune":"Baugy","code_insee":"18023","departement":"Cher","region":"Centre-Val de Loire"}},{"type":"Feature","geometry":{"type":"Point","coordinates":[2.98436,48.38731]},"properties":{"latitude":"48.38731","longitude":"2.98436","bright_ti4":"309.96","scan":"0.54","track":"0.42","acq_date":"2026-07-27","acq_time":"132","satellite":"N20","instrument":"VIIRS","confidence":"n","version":"2.0NRT","bright_ti5":"289.31","frp":"1.34","daynight":"N","commune":"Montereau-Fault-Yonne","code_insee":"77305","departement":"Seine-et-Marne","region":"Île-de-France"}},{"type":"Feature","geometry":{"type":"Point","coordinates":[2.97842,48.38739]},"properties":{"latitude":"48.38739","longitude":"2.97842","bright_ti4":"301.49","scan":"0.54","track":"0.42","acq_date":"2026-07-27","acq_time":"132","satellite":"N20","instrument":"VIIRS","confidence":"n","version":"2.0NRT","bright_ti5":"289.09","frp":"1.65","daynight":"N","commune":"Montereau-Fault-Yonne","code_insee":"77305","departement":"Seine-et-Marne","region":"Île-de-France"}},{"type":"Feature","geometry":{"type":"Point","coordinates":[2.20254,48.66311]},"properties":{"latitude":"48.66311","longitude":"2.20254","bright_ti4":"305.67","scan":"0.51","track":"0.66","acq_date":"2026-07-27","acq_time":"310","satellite":"N20","instrument":"VIIRS","confidence":"n","version":"2.0NRT","bright_ti5":"283.7","frp":"1.62","daynight":"N","commune":"Marcoussis","code_insee":"91363","departement":"Essonne","region":"Île-de-France"}},{"type":"Feature","geometry":{"type":"Point","coordinates":[2.20516,48.66446]},"properties":{"latitude":"48.66446","longitude":"2.20516","bright_ti4":"315.42","scan":"0.51","track":"0.66","acq_date":"2026-07-27","acq_time":"310","satellite":"N20","instrument":"VIIRS","confidence":"n","version":"2.0NRT","bright_ti5":"283.68","frp":"1.36","daynight":"N","commune":"Marcoussis","code_insee":"91363","departement":"Essonne","region":"Île-de-France"}},{"type":"Feature","geometry":{"type":"Point","coordinates":[1.75811,48.9814]},"properties":{"latitude":"48.9814","longitude":"1.75811","bright_ti4":"295.28","scan":"0.48","track":"0.65","acq_date":"2026-07-27","acq_time":"310","satellite":"N20","instrument":"VIIRS","confidence":"n","version":"2.0NRT","bright_ti5":"284.94","frp":"0.81","daynight":"N","commune":"Porcheville","code_insee":"78501","departement":"Yvelines","region":"Île-de-France"}},{"type":"Feature","geometry":{"type":"Point","coordinates":[1.7618,48.98686]},"properties":{"latitude":"48.98686","longitude":"1.7618","bright_ti4":"302.55","scan":"0.48","track":"0.65","acq_date":"2026-07-27","acq_time":"310","satellite":"N20","instrument":"VIIRS","confidence":"n","version":"2.0NRT","bright_ti5":"284.32","frp":"0.54","daynight":"N","commune":"Porcheville","code_insee":"78501","departement":"Yvelines","region":"Île-de-France"}},{"type":"Feature","geometry":{"type":"Point","coordinates":[0.53504,49.47742]},"properties":{"latitude":"49.47742","longitude":"0.53504","bright_ti4":"298.38","scan":"0.41","track":"0.61","acq_date":"2026-07-27","acq_time":"310","satellite":"N20","instrument":"VIIRS","confidence":"n","version":"2.0NRT","bright_ti5":"285.79","frp":"0.72","daynight":"N","commune":"Port-Jérôme-sur-Seine","code_insee":"76476","departement":"Seine-Maritime","region":"Normandie"}},{"type":"Feature","geometry":{"type":"Point","coordinates":[2.75779,47.07647]},"properties":{"latitude":"47.07647","longitude":"2.75779","bright_ti4":"296.02","scan":"0.61","track":"0.71","acq_date":"2026-07-27","acq_time":"313","satellite":"N20","instrument":"VIIRS","confidence":"n","version":"2.0NRT","bright_ti5":"284.98","frp":"5.89","daynight":"N","commune":"Villequiers","code_insee":"18286","departement":"Cher","region":"Centre-Val de Loire"}},{"type":"Feature","geometry":{"type":"Point","coordinates":[2.75508,47.07826]},"properties":{"latitude":"47.07826","longitude":"2.75508","bright_ti4":"332.79","scan":"0.61","track":"0.71","acq_date":"2026-07-27","acq_time":"313","satellite":"N20","instrument":"VIIRS","confidence":"n","version":"2.0NRT","bright_ti5":"286.1","frp":"8.64","daynight":"N","commune":"Villequiers","code_insee":"18286","departement":"Cher","region":"Centre-Val de Loire"}},{"type":"Feature","geometry":{"type":"Point","coordinates":[2.75072,47.07892]},"properties":{"latitude":"47.07892","longitude":"2.75072","bright_ti4":"355.75","scan":"0.61","track":"0.71","acq_date":"2026-07-27","acq_time":"313","satellite":"N20","instrument":"VIIRS","confidence":"n","version":"2.0NRT","bright_ti5":"285.34","frp":"5.89","daynight":"N","commune":"Baugy","code_insee":"18023","departement":"Cher","region":"Centre-Val de Loire"}},{"type":"Feature","geometry":{"type":"Point","coordinates":[2.74801,47.08076]},"properties":{"latitude":"47.08076","longitude":"2.74801","bright_ti4":"327.69","scan":"0.61","track":"0.71","acq_date":"2026-07-27","acq_time":"313","satellite":"N20","instrument":"VIIRS","confidence":"n","version":"2.0NRT","bright_ti5":"283.36","frp":"7.3","daynight":"N","commune":"Baugy","code_insee":"18023","departement":"Cher","region":"Centre-Val de Loire"}},{"type":"Feature","geometry":{"type":"Point","coordinates":[-2.05062,47.31905]},"properties":{"latitude":"47.31905","longitude":"-2.05062","bright_ti4":"295.07","scan":"0.38","track":"0.58","acq_date":"2026-07-27","acq_time":"313","satellite":"N20","instrument":"VIIRS","confidence":"n","version":"2.0NRT","bright_ti5":"283.82","frp":"0.3","daynight":"N","commune":"Donges","code_insee":"44052","departement":"Loire-Atlantique","region":"Pays de la Loire"}},{"type":"Feature","geometry":{"type":"Point","coordinates":[5.81741,45.91009]},"properties":{"latitude":"45.91009","longitude":"5.81741","bright_ti4":"297.64","scan":"0.5","track":"0.66","acq_date":"2026-07-27","acq_time":"35","satellite":"N21","instrument":"VIIRS","confidence":"n","version":"2.0NRT","bright_ti5":"286.27","frp":"1.42","daynight":"N","commune":"Anglefort","code_insee":"01010","departement":"Ain","region":"Auvergne-Rhône-Alpes"}},{"type":"Feature","geometry":{"type":"Point","coordinates":[9.06488,42.25568]},"properties":{"latitude":"42.25568","longitude":"9.06488","bright_ti4":"367","scan":"0.32","track":"0.55","acq_date":"2026-07-27","acq_time":"37","satellite":"N21","instrument":"VIIRS","confidence":"h","version":"2.0NRT","bright_ti5":"295.08","frp":"6.35","daynight":"N","commune":"Corte","code_insee":"2B096","departement":"Haute-Corse","region":"Corse"}},{"type":"Feature","geometry":{"type":"Point","coordinates":[9.06739,42.25569]},"properties":{"latitude":"42.25569","longitude":"9.06739","bright_ti4":"314.83","scan":"0.32","track":"0.55","acq_date":"2026-07-27","acq_time":"37","satellite":"N21","instrument":"VIIRS","confidence":"n","version":"2.0NRT","bright_ti5":"289.26","frp":"6.08","daynight":"N","commune":"Corte","code_insee":"2B096","departement":"Haute-Corse","region":"Corse"}},{"type":"Feature","geometry":{"type":"Point","coordinates":[9.06182,42.25585]},"properties":{"latitude":"42.25585","longitude":"9.06182","bright_ti4":"299.85","scan":"0.32","track":"0.55","acq_date":"2026-07-27","acq_time":"37","satellite":"N21","instrument":"VIIRS","confidence":"n","version":"2.0NRT","bright_ti5":"288.09","frp":"6.35","daynight":"N","commune":"Corte","code_insee":"2B096","departement":"Haute-Corse","region":"Corse"}},{"type":"Feature","geometry":{"type":"Point","coordinates":[9.06423,42.25588]},"properties":{"latitude":"42.25588","longitude":"9.06423","bright_ti4":"367","scan":"0.32","track":"0.55","acq_date":"2026-07-27","acq_time":"37","satellite":"N21","instrument":"VIIRS","confidence":"h","version":"2.0NRT","bright_ti5":"294.44","frp":"10.81","daynight":"N","commune":"Corte","code_insee":"2B096","departement":"Haute-Corse","region":"Corse"}},{"type":"Feature","geometry":{"type":"Point","coordinates":[9.093,42.26417]},"properties":{"latitude":"42.26417","longitude":"9.093","bright_ti4":"303.63","scan":"0.32","track":"0.55","acq_date":"2026-07-27","acq_time":"37","satellite":"N21","instrument":"VIIRS","confidence":"n","version":"2.0NRT","bright_ti5":"289","frp":"1.03","daynight":"N","commune":"Corte","code_insee":"2B096","departement":"Haute-Corse","region":"Corse"}},{"type":"Feature","geometry":{"type":"Point","coordinates":[9.08935,42.26438]},"properties":{"latitude":"42.26438","longitude":"9.08935","bright_ti4":"312.81","scan":"0.32","track":"0.55","acq_date":"2026-07-27","acq_time":"37","satellite":"N21","instrument":"VIIRS","confidence":"n","version":"2.0NRT","bright_ti5":"290.11","frp":"1.03","daynight":"N","commune":"Corte","code_insee":"2B096","departement":"Haute-Corse","region":"Corse"}},{"type":"Feature","geometry":{"type":"Point","coordinates":[2.24714,42.48972]},"properties":{"latitude":"42.48972","longitude":"2.24714","bright_ti4":"312.6","scan":"0.74","track":"0.76","acq_date":"2026-07-27","acq_time":"37","satellite":"N21","instrument":"VIIRS","confidence":"n","version":"2.0NRT","bright_ti5":"281.49","frp":"3.43","daynight":"N","commune":"Nyer","code_insee":"66123","departement":"Pyrénées-Orientales","region":"Occitanie"}},{"type":"Feature","geometry":{"type":"Point","coordinates":[4.88511,43.43232]},"properties":{"latitude":"43.43232","longitude":"4.88511","bright_ti4":"313.14","scan":"0.54","track":"0.68","acq_date":"2026-07-27","acq_time":"37","satellite":"N21","instrument":"VIIRS","confidence":"n","version":"2.0NRT","bright_ti5":"290.34","frp":"2.39","daynight":"N","commune":"Fos-sur-Mer","code_insee":"13039","departement":"Bouches-du-Rhône","region":"Provence-Alpes-Côte d'Azur"}},{"type":"Feature","geometry":{"type":"Point","coordinates":[4.88527,43.43856]},"properties":{"latitude":"43.43856","longitude":"4.88527","bright_ti4":"302.26","scan":"0.54","track":"0.68","acq_date":"2026-07-27","acq_time":"37","satellite":"N21","instrument":"VIIRS","confidence":"n","version":"2.0NRT","bright_ti5":"289.55","frp":"2.39","daynight":"N","commune":"Fos-sur-Mer","code_insee":"13039","departement":"Bouches-du-Rhône","region":"Provence-Alpes-Côte d'Azur"}},{"type":"Feature","geometry":{"type":"Point","coordinates":[4.89889,43.44453]},"properties":{"latitude":"43.44453","longitude":"4.89889","bright_ti4":"326.66","scan":"0.54","track":"0.68","acq_date":"2026-07-27","acq_time":"37","satellite":"N21","instrument":"VIIRS","confidence":"n","version":"2.0NRT","bright_ti5":"290.03","frp":"3.42","daynight":"N","commune":"Fos-sur-Mer","code_insee":"13039","departement":"Bouches-du-Rhône","region":"Provence-Alpes-Côte d'Azur"}},{"type":"Feature","geometry":{"type":"Point","coordinates":[4.89218,43.44466]},"properties":{"latitude":"43.44466","longitude":"4.89218","bright_ti4":"308.99","scan":"0.54","track":"0.68","acq_date":"2026-07-27","acq_time":"37","satellite":"N21","instrument":"VIIRS","confidence":"n","version":"2.0NRT","bright_ti5":"290.43","frp":"3.42","daynight":"N","commune":"Fos-sur-Mer","code_insee":"13039","departement":"Bouches-du-Rhône","region":"Provence-Alpes-Côte d'Azur"}},{"type":"Feature","geometry":{"type":"Point","coordinates":[4.89095,43.44899]},"properties":{"latitude":"43.44899","longitude":"4.89095","bright_ti4":"302.52","scan":"0.54","track":"0.68","acq_date":"2026-07-27","acq_time":"37","satellite":"N21","instrument":"VIIRS","confidence":"n","version":"2.0NRT","bright_ti5":"289.39","frp":"1.02","daynight":"N","commune":"Fos-sur-Mer","code_insee":"13039","departement":"Bouches-du-Rhône","region":"Provence-Alpes-Côte d'Azur"}},{"type":"Feature","geometry":{"type":"Point","coordinates":[6.05528,43.47233]},"properties":{"latitude":"43.47233","longitude":"6.05528","bright_ti4":"320.84","scan":"0.47","track":"0.64","acq_date":"2026-07-27","acq_time":"37","satellite":"N21","instrument":"VIIRS","confidence":"n","version":"2.0NRT","bright_ti5":"290.68","frp":"3.79","daynight":"N","commune":"Correns","code_insee":"83045","departement":"Var","region":"Provence-Alpes-Côte d'Azur"}},{"type":"Feature","geometry":{"type":"Point","coordinates":[6.14785,49.32042]},"properties":{"latitude":"49.32042","longitude":"6.14785","bright_ti4":"305.67","scan":"0.5","track":"0.66","acq_date":"2026-07-27","acq_time":"37","satellite":"N21","instrument":"VIIRS","confidence":"n","version":"2.0NRT","bright_ti5":"286.61","frp":"1.35","daynight":"N","commune":"Florange","code_insee":"57221","departement":"Moselle","region":"Grand Est"}},{"type":"Feature","geometry":{"type":"Point","coordinates":[2.74926,47.07099]},"properties":{"latitude":"47.07099","longitude":"2.74926","bright_ti4":"296.6","scan":"0.53","track":"0.42","acq_date":"2026-07-27","acq_time":"215","satellite":"N21","instrument":"VIIRS","confidence":"n","version":"2.0NRT","bright_ti5":"285.09","frp":"0.84","daynight":"N","commune":"Villequiers","code_insee":"18286","departement":"Cher","region":"Centre-Val de Loire"}},{"type":"Feature","geometry":{"type":"Point","coordinates":[2.75096,47.07465]},"properties":{"latitude":"47.07465","longitude":"2.75096","bright_ti4":"312.11","scan":"0.53","track":"0.42","acq_date":"2026-07-27","acq_time":"215","satellite":"N21","instrument":"VIIRS","confidence":"n","version":"2.0NRT","bright_ti5":"285.22","frp":"3.48","daynight":"N","commune":"Baugy","code_insee":"18023","departement":"Cher","region":"Centre-Val de Loire"}},{"type":"Feature","geometry":{"type":"Point","coordinates":[-0.83791,48.12613]},"properties":{"latitude":"48.12613","longitude":"-0.83791","bright_ti4":"295.94","scan":"0.4","track":"0.37","acq_date":"2026-07-27","acq_time":"215","satellite":"N21","instrument":"VIIRS","confidence":"n","version":"2.0NRT","bright_ti5":"285.6","frp":"0.55","daynight":"N","commune":"Changé","code_insee":"53054","departement":"Mayenne","region":"Pays de la Loire"}},{"type":"Feature","geometry":{"type":"Point","coordinates":[2.98549,48.38627]},"properties":{"latitude":"48.38627","longitude":"2.98549","bright_ti4":"302.57","scan":"0.5","track":"0.41","acq_date":"2026-07-27","acq_time":"215","satellite":"N21","instrument":"VIIRS","confidence":"n","version":"2.0NRT","bright_ti5":"288.35","frp":"1.2","daynight":"N","commune":"Montereau-Fault-Yonne","code_insee":"77305","departement":"Seine-et-Marne","region":"Île-de-France"}},{"type":"Feature","geometry":{"type":"Point","coordinates":[2.97896,48.38766]},"properties":{"latitude":"48.38766","longitude":"2.97896","bright_ti4":"305.81","scan":"0.5","track":"0.41","acq_date":"2026-07-27","acq_time":"215","satellite":"N21","instrument":"VIIRS","confidence":"n","version":"2.0NRT","bright_ti5":"289.13","frp":"1.2","daynight":"N","commune":"Montereau-Fault-Yonne","code_insee":"77305","departement":"Seine-et-Marne","region":"Île-de-France"}},{"type":"Feature","geometry":{"type":"Point","coordinates":[2.20383,48.6615]},"properties":{"latitude":"48.6615","longitude":"2.20383","bright_ti4":"327.25","scan":"0.47","track":"0.4","acq_date":"2026-07-27","acq_time":"215","satellite":"N21","instrument":"VIIRS","confidence":"n","version":"2.0NRT","bright_ti5":"286.1","frp":"3.58","daynight":"N","commune":"Marcoussis","code_insee":"91363","departement":"Essonne","region":"Île-de-France"}},{"type":"Feature","geometry":{"type":"Point","coordinates":[1.76098,48.98222]},"properties":{"latitude":"48.98222","longitude":"1.76098","bright_ti4":"310.92","scan":"0.45","track":"0.39","acq_date":"2026-07-27","acq_time":"215","satellite":"N21","instrument":"VIIRS","confidence":"n","version":"2.0NRT","bright_ti5":"287.85","frp":"1.72","daynight":"N","commune":"Porcheville","code_insee":"78501","departement":"Yvelines","region":"Île-de-France"}},{"type":"Feature","geometry":{"type":"Point","coordinates":[3.98003,49.65094]},"properties":{"latitude":"49.65094","longitude":"3.98003","bright_ti4":"303.86","scan":"0.52","track":"0.41","acq_date":"2026-07-27","acq_time":"215","satellite":"N21","instrument":"VIIRS","confidence":"n","version":"2.0NRT","bright_ti5":"284.35","frp":"1.4","daynight":"N","commune":"La Ville-aux-Bois-lès-Dizy","code_insee":"02802","departement":"Aisne","region":"Hauts-de-France"}},{"type":"Feature","geometry":{"type":"Point","coordinates":[2.26555,42.4915]},"properties":{"latitude":"42.4915","longitude":"2.26555","bright_ti4":"296.56","scan":"0.42","track":"0.45","acq_date":"2026-07-27","acq_time":"217","satellite":"N21","instrument":"VIIRS","confidence":"n","version":"2.0NRT","bright_ti5":"282.08","frp":"0.55","daynight":"N","commune":"Nyer","code_insee":"66123","departement":"Pyrénées-Orientales","region":"Occitanie"}},{"type":"Feature","geometry":{"type":"Point","coordinates":[4.88519,43.43243]},"properties":{"latitude":"43.43243","longitude":"4.88519","bright_ti4":"321","scan":"0.53","track":"0.5","acq_date":"2026-07-27","acq_time":"217","satellite":"N21","instrument":"VIIRS","confidence":"n","version":"2.0NRT","bright_ti5":"290.91","frp":"4.76","daynight":"N","commune":"Fos-sur-Mer","code_insee":"13039","departement":"Bouches-du-Rhône","region":"Provence-Alpes-Côte d'Azur"}},{"type":"Feature","geometry":{"type":"Point","coordinates":[4.89344,43.43527]},"properties":{"latitude":"43.43527","longitude":"4.89344","bright_ti4":"302.33","scan":"0.53","track":"0.5","acq_date":"2026-07-27","acq_time":"217","satellite":"N21","instrument":"VIIRS","confidence":"n","version":"2.0NRT","bright_ti5":"290.4","frp":"3.22","daynight":"N","commune":"Fos-sur-Mer","code_insee":"13039","departement":"Bouches-du-Rhône","region":"Provence-Alpes-Côte d'Azur"}},{"type":"Feature","geometry":{"type":"Point","coordinates":[4.88727,43.4368]},"properties":{"latitude":"43.4368","longitude":"4.88727","bright_ti4":"325.77","scan":"0.53","track":"0.5","acq_date":"2026-07-27","acq_time":"217","satellite":"N21","instrument":"VIIRS","confidence":"n","version":"2.0NRT","bright_ti5":"291.66","frp":"3.22","daynight":"N","commune":"Fos-sur-Mer","code_insee":"13039","departement":"Bouches-du-Rhône","region":"Provence-Alpes-Côte d'Azur"}},{"type":"Feature","geometry":{"type":"Point","coordinates":[4.89759,43.44401]},"properties":{"latitude":"43.44401","longitude":"4.89759","bright_ti4":"341.85","scan":"0.53","track":"0.5","acq_date":"2026-07-27","acq_time":"217","satellite":"N21","instrument":"VIIRS","confidence":"n","version":"2.0NRT","bright_ti5":"291.91","frp":"9.66","daynight":"N","commune":"Fos-sur-Mer","code_insee":"13039","departement":"Bouches-du-Rhône","region":"Provence-Alpes-Côte d'Azur"}},{"type":"Feature","geometry":{"type":"Point","coordinates":[4.89969,43.44838]},"properties":{"latitude":"43.44838","longitude":"4.89969","bright_ti4":"332.84","scan":"0.53","track":"0.5","acq_date":"2026-07-27","acq_time":"217","satellite":"N21","instrument":"VIIRS","confidence":"n","version":"2.0NRT","bright_ti5":"290.74","frp":"9.66","daynight":"N","commune":"Fos-sur-Mer","code_insee":"13039","departement":"Bouches-du-Rhône","region":"Provence-Alpes-Côte d'Azur"}},{"type":"Feature","geometry":{"type":"Point","coordinates":[4.8935,43.44991]},"properties":{"latitude":"43.44991","longitude":"4.8935","bright_ti4":"309.02","scan":"0.53","track":"0.5","acq_date":"2026-07-27","acq_time":"217","satellite":"N21","instrument":"VIIRS","confidence":"n","version":"2.0NRT","bright_ti5":"289.64","frp":"9.66","daynight":"N","commune":"Fos-sur-Mer","code_insee":"13039","departement":"Bouches-du-Rhône","region":"Provence-Alpes-Côte d'Azur"}},{"type":"Feature","geometry":{"type":"Point","coordinates":[-0.85084,44.72188]},"properties":{"latitude":"44.72188","longitude":"-0.85084","bright_ti4":"301.91","scan":"0.43","track":"0.38","acq_date":"2026-07-27","acq_time":"217","satellite":"N21","instrument":"VIIRS","confidence":"n","version":"2.0NRT","bright_ti5":"286.76","frp":"1.16","daynight":"N","commune":"Marcheprime","code_insee":"33555","departement":"Gironde","region":"Nouvelle-Aquitaine"}},{"type":"Feature","geometry":{"type":"Point","coordinates":[-0.85617,44.72289]},"properties":{"latitude":"44.72289","longitude":"-0.85617","bright_ti4":"298.13","scan":"0.43","track":"0.38","acq_date":"2026-07-27","acq_time":"217","satellite":"N21","instrument":"VIIRS","confidence":"n","version":"2.0NRT","bright_ti5":"286.4","frp":"1.11","daynight":"N","commune":"Audenge","code_insee":"33019","departement":"Gironde","region":"Nouvelle-Aquitaine"}},{"type":"Feature","geometry":{"type":"Point","coordinates":[-0.8615,44.7239]},"properties":{"latitude":"44.7239","longitude":"-0.8615","bright_ti4":"303.01","scan":"0.43","track":"0.38","acq_date":"2026-07-27","acq_time":"217","satellite":"N21","instrument":"VIIRS","confidence":"n","version":"2.0NRT","bright_ti5":"286.25","frp":"1.11","daynight":"N","commune":"Audenge","code_insee":"33019","departement":"Gironde","region":"Nouvelle-Aquitaine"}},{"type":"Feature","geometry":{"type":"Point","coordinates":[-0.84423,44.72429]},"properties":{"latitude":"44.72429","longitude":"-0.84423","bright_ti4":"297.92","scan":"0.43","track":"0.38","acq_date":"2026-07-27","acq_time":"217","satellite":"N21","instrument":"VIIRS","confidence":"n","version":"2.0NRT","bright_ti5":"287.2","frp":"1.16","daynight":"N","commune":"Marcheprime","code_insee":"33555","departement":"Gironde","region":"Nouvelle-Aquitaine"}},{"type":"Feature","geometry":{"type":"Point","coordinates":[-0.86683,44.7249]},"properties":{"latitude":"44.7249","longitude":"-0.86683","bright_ti4":"302.71","scan":"0.43","track":"0.38","acq_date":"2026-07-27","acq_time":"217","satellite":"N21","instrument":"VIIRS","confidence":"n","version":"2.0NRT","bright_ti5":"286.31","frp":"0.68","daynight":"N","commune":"Audenge","code_insee":"33019","departement":"Gironde","region":"Nouvelle-Aquitaine"}},{"type":"Feature","geometry":{"type":"Point","coordinates":[-0.86556,44.7283]},"properties":{"latitude":"44.7283","longitude":"-0.86556","bright_ti4":"296.51","scan":"0.43","track":"0.38","acq_date":"2026-07-27","acq_time":"217","satellite":"N21","instrument":"VIIRS","confidence":"n","version":"2.0NRT","bright_ti5":"286.13","frp":"0.68","daynight":"N","commune":"Audenge","code_insee":"33019","departement":"Gironde","region":"Nouvelle-Aquitaine"}},{"type":"Feature","geometry":{"type":"Point","coordinates":[-0.79635,44.72987]},"properties":{"latitude":"44.72987","longitude":"-0.79635","bright_ti4":"297.08","scan":"0.44","track":"0.38","acq_date":"2026-07-27","acq_time":"217","satellite":"N21","instrument":"VIIRS","confidence":"n","version":"2.0NRT","bright_ti5":"285.44","frp":"1.34","daynight":"N","commune":"Cestas","code_insee":"33122","departement":"Gironde","region":"Nouvelle-Aquitaine"}},{"type":"Feature","geometry":{"type":"Point","coordinates":[-0.8017,44.73088]},"properties":{"latitude":"44.73088","longitude":"-0.8017","bright_ti4":"313","scan":"0.44","track":"0.38","acq_date":"2026-07-27","acq_time":"217","satellite":"N21","instrument":"VIIRS","confidence":"n","version":"2.0NRT","bright_ti5":"287.89","frp":"1.34","daynight":"N","commune":"Cestas","code_insee":"33122","departement":"Gironde","region":"Nouvelle-Aquitaine"}},{"type":"Feature","geometry":{"type":"Point","coordinates":[-0.80706,44.73188]},"properties":{"latitude":"44.73188","longitude":"-0.80706","bright_ti4":"311.83","scan":"0.44","track":"0.38","acq_date":"2026-07-27","acq_time":"217","satellite":"N21","instrument":"VIIRS","confidence":"n","version":"2.0NRT","bright_ti5":"288.46","frp":"1.53","daynight":"N","commune":"Cestas","code_insee":"33122","departement":"Gironde","region":"Nouvelle-Aquitaine"}},{"type":"Feature","geometry":{"type":"Point","coordinates":[-0.81241,44.73289]},"properties":{"latitude":"44.73289","longitude":"-0.81241","bright_ti4":"301.1","scan":"0.44","track":"0.38","acq_date":"2026-07-27","acq_time":"217","satellite":"N21","instrument":"VIIRS","confidence":"n","version":"2.0NRT","bright_ti5":"287.43","frp":"1.53","daynight":"N","commune":"Cestas","code_insee":"33122","departement":"Gironde","region":"Nouvelle-Aquitaine"}},{"type":"Feature","geometry":{"type":"Point","coordinates":[-0.79507,44.73328]},"properties":{"latitude":"44.73328","longitude":"-0.79507","bright_ti4":"298.85","scan":"0.44","track":"0.38","acq_date":"2026-07-27","acq_time":"217","satellite":"N21","instrument":"VIIRS","confidence":"n","version":"2.0NRT","bright_ti5":"285.93","frp":"1.14","daynight":"N","commune":"Cestas","code_insee":"33122","departement":"Gironde","region":"Nouvelle-Aquitaine"}},{"type":"Feature","geometry":{"type":"Point","coordinates":[-0.80043,44.73429]},"properties":{"latitude":"44.73429","longitude":"-0.80043","bright_ti4":"314.58","scan":"0.44","track":"0.38","acq_date":"2026-07-27","acq_time":"217","satellite":"N21","instrument":"VIIRS","confidence":"n","version":"2.0NRT","bright_ti5":"288.32","frp":"1.14","daynight":"N","commune":"Cestas","code_insee":"33122","departement":"Gironde","region":"Nouvelle-Aquitaine"}},{"type":"Feature","geometry":{"type":"Point","coordinates":[-0.80578,44.7353]},"properties":{"latitude":"44.7353","longitude":"-0.80578","bright_ti4":"317.41","scan":"0.44","track":"0.38","acq_date":"2026-07-27","acq_time":"217","satellite":"N21","instrument":"VIIRS","confidence":"n","version":"2.0NRT","bright_ti5":"290.04","frp":"1.75","daynight":"N","commune":"Cestas","code_insee":"33122","departement":"Gironde","region":"Nouvelle-Aquitaine"}},{"type":"Feature","geometry":{"type":"Point","coordinates":[-0.81113,44.7363]},"properties":{"latitude":"44.7363","longitude":"-0.81113","bright_ti4":"310.62","scan":"0.44","track":"0.38","acq_date":"2026-07-27","acq_time":"217","satellite":"N21","instrument":"VIIRS","confidence":"n","version":"2.0NRT","bright_ti5":"288.59","frp":"1.75","daynight":"N","commune":"Cestas","code_insee":"33122","departement":"Gironde","region":"Nouvelle-Aquitaine"}},{"type":"Feature","geometry":{"type":"Point","coordinates":[-0.79915,44.7377]},"properties":{"latitude":"44.7377","longitude":"-0.79915","bright_ti4":"296.99","scan":"0.44","track":"0.38","acq_date":"2026-07-27","acq_time":"217","satellite":"N21","instrument":"VIIRS","confidence":"n","version":"2.0NRT","bright_ti5":"286","frp":"1.14","daynight":"N","commune":"Cestas","code_insee":"33122","departement":"Gironde","region":"Nouvelle-Aquitaine"}},{"type":"Feature","geometry":{"type":"Point","coordinates":[-0.8045,44.7387]},"properties":{"latitude":"44.7387","longitude":"-0.8045","bright_ti4":"312.3","scan":"0.44","track":"0.38","acq_date":"2026-07-27","acq_time":"217","satellite":"N21","instrument":"VIIRS","confidence":"n","version":"2.0NRT","bright_ti5":"289.15","frp":"1.75","daynight":"N","commune":"Cestas","code_insee":"33122","departement":"Gironde","region":"Nouvelle-Aquitaine"}},{"type":"Feature","geometry":{"type":"Point","coordinates":[-0.80984,44.73971]},"properties":{"latitude":"44.73971","longitude":"-0.80984","bright_ti4":"303.5","scan":"0.44","track":"0.38","acq_date":"2026-07-27","acq_time":"217","satellite":"N21","instrument":"VIIRS","confidence":"n","version":"2.0NRT","bright_ti5":"287.26","frp":"1.75","daynight":"N","commune":"Cestas","code_insee":"33122","departement":"Gironde","region":"Nouvelle-Aquitaine"}},{"type":"Feature","geometry":{"type":"Point","coordinates":[-0.87661,44.77218]},"properties":{"latitude":"44.77218","longitude":"-0.87661","bright_ti4":"303.71","scan":"0.43","track":"0.38","acq_date":"2026-07-27","acq_time":"217","satellite":"N21","instrument":"VIIRS","confidence":"n","version":"2.0NRT","bright_ti5":"286.88","frp":"1.31","daynight":"N","commune":"Saint-Jean-d'Illac","code_insee":"33422","departement":"Gironde","region":"Nouvelle-Aquitaine"}},{"type":"Feature","geometry":{"type":"Point","coordinates":[-0.88192,44.77319]},"properties":{"latitude":"44.77319","longitude":"-0.88192","bright_ti4":"309.43","scan":"0.43","track":"0.38","acq_date":"2026-07-27","acq_time":"217","satellite":"N21","instrument":"VIIRS","confidence":"n","version":"2.0NRT","bright_ti5":"288.34","frp":"1.31","daynight":"N","commune":"Saint-Jean-d'Illac","code_insee":"33422","departement":"Gironde","region":"Nouvelle-Aquitaine"}},{"type":"Feature","geometry":{"type":"Point","coordinates":[-0.87533,44.77559]},"properties":{"latitude":"44.77559","longitude":"-0.87533","bright_ti4":"301.56","scan":"0.43","track":"0.38","acq_date":"2026-07-27","acq_time":"217","satellite":"N21","instrument":"VIIRS","confidence":"n","version":"2.0NRT","bright_ti5":"286.41","frp":"1.31","daynight":"N","commune":"Saint-Jean-d'Illac","code_insee":"33422","departement":"Gironde","region":"Nouvelle-Aquitaine"}},{"type":"Feature","geometry":{"type":"Point","coordinates":[-0.88064,44.7766]},"properties":{"latitude":"44.7766","longitude":"-0.88064","bright_ti4":"312.85","scan":"0.43","track":"0.38","acq_date":"2026-07-27","acq_time":"217","satellite":"N21","instrument":"VIIRS","confidence":"n","version":"2.0NRT","bright_ti5":"288.2","frp":"1.31","daynight":"N","commune":"Saint-Jean-d'Illac","code_insee":"33422","departement":"Gironde","region":"Nouvelle-Aquitaine"}},{"type":"Feature","geometry":{"type":"Point","coordinates":[-0.88596,44.77761]},"properties":{"latitude":"44.77761","longitude":"-0.88596","bright_ti4":"297.95","scan":"0.43","track":"0.38","acq_date":"2026-07-27","acq_time":"217","satellite":"N21","instrument":"VIIRS","confidence":"n","version":"2.0NRT","bright_ti5":"285.28","frp":"0.83","daynight":"N","commune":"Saint-Jean-d'Illac","code_insee":"33422","departement":"Gironde","region":"Nouvelle-Aquitaine"}},{"type":"Feature","geometry":{"type":"Point","coordinates":[-0.89768,44.85261]},"properties":{"latitude":"44.85261","longitude":"-0.89768","bright_ti4":"300.52","scan":"0.43","track":"0.38","acq_date":"2026-07-27","acq_time":"217","satellite":"N21","instrument":"VIIRS","confidence":"n","version":"2.0NRT","bright_ti5":"287.05","frp":"1.41","daynight":"N","commune":"Le Temple","code_insee":"33528","departement":"Gironde","region":"Nouvelle-Aquitaine"}},{"type":"Feature","geometry":{"type":"Point","coordinates":[-0.8964,44.85601]},"properties":{"latitude":"44.85601","longitude":"-0.8964","bright_ti4":"301.5","scan":"0.43","track":"0.38","acq_date":"2026-07-27","acq_time":"217","satellite":"N21","instrument":"VIIRS","confidence":"n","version":"2.0NRT","bright_ti5":"287.89","frp":"1.14","daynight":"N","commune":"Le Temple","code_insee":"33528","departement":"Gironde","region":"Nouvelle-Aquitaine"}},{"type":"Feature","geometry":{"type":"Point","coordinates":[-0.89513,44.85941]},"properties":{"latitude":"44.85941","longitude":"-0.89513","bright_ti4":"297.91","scan":"0.43","track":"0.38","acq_date":"2026-07-27","acq_time":"217","satellite":"N21","instrument":"VIIRS","confidence":"n","version":"2.0NRT","bright_ti5":"286.61","frp":"1.14","daynight":"N","commune":"Le Temple","code_insee":"33528","departement":"Gironde","region":"Nouvelle-Aquitaine"}},{"type":"Feature","geometry":{"type":"Point","coordinates":[-0.90044,44.8604]},"properties":{"latitude":"44.8604","longitude":"-0.90044","bright_ti4":"304.1","scan":"0.43","track":"0.38","acq_date":"2026-07-27","acq_time":"217","satellite":"N21","instrument":"VIIRS","confidence":"n","version":"2.0NRT","bright_ti5":"288.25","frp":"1.07","daynight":"N","commune":"Le Temple","code_insee":"33528","departement":"Gironde","region":"Nouvelle-Aquitaine"}},{"type":"Feature","geometry":{"type":"Point","coordinates":[-0.90575,44.8614]},"properties":{"latitude":"44.8614","longitude":"-0.90575","bright_ti4":"297.38","scan":"0.43","track":"0.38","acq_date":"2026-07-27","acq_time":"217","satellite":"N21","instrument":"VIIRS","confidence":"n","version":"2.0NRT","bright_ti5":"287.07","frp":"1.07","daynight":"N","commune":"Le Temple","code_insee":"33528","departement":"Gironde","region":"Nouvelle-Aquitaine"}},{"type":"Feature","geometry":{"type":"Point","coordinates":[-0.89386,44.86281]},"properties":{"latitude":"44.86281","longitude":"-0.89386","bright_ti4":"297.04","scan":"0.43","track":"0.38","acq_date":"2026-07-27","acq_time":"217","satellite":"N21","instrument":"VIIRS","confidence":"n","version":"2.0NRT","bright_ti5":"286.12","frp":"1.11","daynight":"N","commune":"Le Temple","code_insee":"33528","departement":"Gironde","region":"Nouvelle-Aquitaine"}},{"type":"Feature","geometry":{"type":"Point","coordinates":[-0.89917,44.8638]},"properties":{"latitude":"44.8638","longitude":"-0.89917","bright_ti4":"307.87","scan":"0.43","track":"0.38","acq_date":"2026-07-27","acq_time":"217","satellite":"N21","instrument":"VIIRS","confidence":"n","version":"2.0NRT","bright_ti5":"288.23","frp":"1.39","daynight":"N","commune":"Le Temple","code_insee":"33528","departement":"Gironde","region":"Nouvelle-Aquitaine"}},{"type":"Feature","geometry":{"type":"Point","coordinates":[-0.90448,44.8648]},"properties":{"latitude":"44.8648","longitude":"-0.90448","bright_ti4":"299.31","scan":"0.43","track":"0.38","acq_date":"2026-07-27","acq_time":"217","satellite":"N21","instrument":"VIIRS","confidence":"n","version":"2.0NRT","bright_ti5":"287.38","frp":"1.39","daynight":"N","commune":"Le Temple","code_insee":"33528","departement":"Gironde","region":"Nouvelle-Aquitaine"}},{"type":"Feature","geometry":{"type":"Point","coordinates":[-0.8941,44.87739]},"properties":{"latitude":"44.87739","longitude":"-0.8941","bright_ti4":"298.17","scan":"0.43","track":"0.38","acq_date":"2026-07-27","acq_time":"217","satellite":"N21","instrument":"VIIRS","confidence":"n","version":"2.0NRT","bright_ti5":"286.04","frp":"0.9","daynight":"N","commune":"Le Temple","code_insee":"33528","departement":"Gironde","region":"Nouvelle-Aquitaine"}},{"type":"Feature","geometry":{"type":"Point","coordinates":[-0.89144,44.87872]},"properties":{"latitude":"44.87872","longitude":"-0.89144","bright_ti4":"302.66","scan":"0.43","track":"0.38","acq_date":"2026-07-27","acq_time":"217","satellite":"N21","instrument":"VIIRS","confidence":"n","version":"2.0NRT","bright_ti5":"286.59","frp":"1.27","daynight":"N","commune":"Le Temple","code_insee":"33528","departement":"Gironde","region":"Nouvelle-Aquitaine"}},{"type":"Feature","geometry":{"type":"Point","coordinates":[-0.89675,44.87973]},"properties":{"latitude":"44.87973","longitude":"-0.89675","bright_ti4":"308.18","scan":"0.43","track":"0.38","acq_date":"2026-07-27","acq_time":"217","satellite":"N21","instrument":"VIIRS","confidence":"n","version":"2.0NRT","bright_ti5":"287.03","frp":"1.2","daynight":"N","commune":"Le Temple","code_insee":"33528","departement":"Gironde","region":"Nouvelle-Aquitaine"}},{"type":"Feature","geometry":{"type":"Point","coordinates":[-0.8875,44.8798]},"properties":{"latitude":"44.8798","longitude":"-0.8875","bright_ti4":"298.7","scan":"0.43","track":"0.38","acq_date":"2026-07-27","acq_time":"217","satellite":"N21","instrument":"VIIRS","confidence":"n","version":"2.0NRT","bright_ti5":"287.03","frp":"1.24","daynight":"N","commune":"Le Temple","code_insee":"33528","departement":"Gironde","region":"Nouvelle-Aquitaine"}},{"type":"Feature","geometry":{"type":"Point","coordinates":[-0.89282,44.88079]},"properties":{"latitude":"44.88079","longitude":"-0.89282","bright_ti4":"310.12","scan":"0.43","track":"0.38","acq_date":"2026-07-27","acq_time":"217","satellite":"N21","instrument":"VIIRS","confidence":"n","version":"2.0NRT","bright_ti5":"287.48","frp":"0.9","daynight":"N","commune":"Le Temple","code_insee":"33528","departement":"Gironde","region":"Nouvelle-Aquitaine"}},{"type":"Feature","geometry":{"type":"Point","coordinates":[-0.89814,44.88178]},"properties":{"latitude":"44.88178","longitude":"-0.89814","bright_ti4":"296.17","scan":"0.43","track":"0.38","acq_date":"2026-07-27","acq_time":"217","satellite":"N21","instrument":"VIIRS","confidence":"n","version":"2.0NRT","bright_ti5":"286.03","frp":"0.9","daynight":"N","commune":"Le Temple","code_insee":"33528","departement":"Gironde","region":"Nouvelle-Aquitaine"}},{"type":"Feature","geometry":{"type":"Point","coordinates":[-0.89017,44.88211]},"properties":{"latitude":"44.88211","longitude":"-0.89017","bright_ti4":"301.79","scan":"0.43","track":"0.38","acq_date":"2026-07-27","acq_time":"217","satellite":"N21","instrument":"VIIRS","confidence":"n","version":"2.0NRT","bright_ti5":"287.64","frp":"1.27","daynight":"N","commune":"Le Temple","code_insee":"33528","departement":"Gironde","region":"Nouvelle-Aquitaine"}},{"type":"Feature","geometry":{"type":"Point","coordinates":[-0.89548,44.88312]},"properties":{"latitude":"44.88312","longitude":"-0.89548","bright_ti4":"301.69","scan":"0.43","track":"0.38","acq_date":"2026-07-27","acq_time":"217","satellite":"N21","instrument":"VIIRS","confidence":"n","version":"2.0NRT","bright_ti5":"287.3","frp":"1.2","daynight":"N","commune":"Le Temple","code_insee":"33528","departement":"Gironde","region":"Nouvelle-Aquitaine"}},{"type":"Feature","geometry":{"type":"Point","coordinates":[-0.88231,44.8879]},"properties":{"latitude":"44.8879","longitude":"-0.88231","bright_ti4":"297.52","scan":"0.43","track":"0.38","acq_date":"2026-07-27","acq_time":"217","satellite":"N21","instrument":"VIIRS","confidence":"n","version":"2.0NRT","bright_ti5":"287.14","frp":"1.45","daynight":"N","commune":"Salaunes","code_insee":"33494","departement":"Gironde","region":"Nouvelle-Aquitaine"}},{"type":"Feature","geometry":{"type":"Point","coordinates":[-0.86508,44.88827]},"properties":{"latitude":"44.88827","longitude":"-0.86508","bright_ti4":"297.93","scan":"0.43","track":"0.38","acq_date":"2026-07-27","acq_time":"217","satellite":"N21","instrument":"VIIRS","confidence":"n","version":"2.0NRT","bright_ti5":"286.42","frp":"0.79","daynight":"N","commune":"Salaunes","code_insee":"33494","departement":"Gironde","region":"Nouvelle-Aquitaine"}},{"type":"Feature","geometry":{"type":"Point","coordinates":[-0.8704,44.88928]},"properties":{"latitude":"44.88928","longitude":"-0.8704","bright_ti4":"301.03","scan":"0.43","track":"0.38","acq_date":"2026-07-27","acq_time":"217","satellite":"N21","instrument":"VIIRS","confidence":"n","version":"2.0NRT","bright_ti5":"286.98","frp":"1.59","daynight":"N","commune":"Salaunes","code_insee":"33494","departement":"Gironde","region":"Nouvelle-Aquitaine"}},{"type":"Feature","geometry":{"type":"Point","coordinates":[-0.87572,44.89029]},"properties":{"latitude":"44.89029","longitude":"-0.87572","bright_ti4":"301.54","scan":"0.43","track":"0.38","acq_date":"2026-07-27","acq_time":"217","satellite":"N21","instrument":"VIIRS","confidence":"n","version":"2.0NRT","bright_ti5":"288.04","frp":"1.59","daynight":"N","commune":"Salaunes","code_insee":"33494","departement":"Gironde","region":"Nouvelle-Aquitaine"}},{"type":"Feature","geometry":{"type":"Point","coordinates":[-0.88103,44.8913]},"properties":{"latitude":"44.8913","longitude":"-0.88103","bright_ti4":"306.93","scan":"0.43","track":"0.38","acq_date":"2026-07-27","acq_time":"217","satellite":"N21","instrument":"VIIRS","confidence":"n","version":"2.0NRT","bright_ti5":"289.56","frp":"1.73","daynight":"N","commune":"Salaunes","code_insee":"33494","departement":"Gironde","region":"Nouvelle-Aquitaine"}},{"type":"Feature","geometry":{"type":"Point","coordinates":[-0.86381,44.89167]},"properties":{"latitude":"44.89167","longitude":"-0.86381","bright_ti4":"300.9","scan":"0.43","track":"0.38","acq_date":"2026-07-27","acq_time":"217","satellite":"N21","instrument":"VIIRS","confidence":"n","version":"2.0NRT","bright_ti5":"286.81","frp":"0.79","daynight":"N","commune":"Salaunes","code_insee":"33494","departement":"Gironde","region":"Nouvelle-Aquitaine"}},{"type":"Feature","geometry":{"type":"Point","coordinates":[-0.86913,44.89267]},"properties":{"latitude":"44.89267","longitude":"-0.86913","bright_ti4":"308.24","scan":"0.43","track":"0.38","acq_date":"2026-07-27","acq_time":"217","satellite":"N21","instrument":"VIIRS","confidence":"n","version":"2.0NRT","bright_ti5":"287.95","frp":"1.59","daynight":"N","commune":"Salaunes","code_insee":"33494","departement":"Gironde","region":"Nouvelle-Aquitaine"}},{"type":"Feature","geometry":{"type":"Point","coordinates":[-0.87444,44.89368]},"properties":{"latitude":"44.89368","longitude":"-0.87444","bright_ti4":"322.86","scan":"0.43","track":"0.38","acq_date":"2026-07-27","acq_time":"217","satellite":"N21","instrument":"VIIRS","confidence":"n","version":"2.0NRT","bright_ti5":"291.71","frp":"1.59","daynight":"N","commune":"Salaunes","code_insee":"33494","departement":"Gironde","region":"Nouvelle-Aquitaine"}},{"type":"Feature","geometry":{"type":"Point","coordinates":[-0.87976,44.89469]},"properties":{"latitude":"44.89469","longitude":"-0.87976","bright_ti4":"307.91","scan":"0.43","track":"0.38","acq_date":"2026-07-27","acq_time":"217","satellite":"N21","instrument":"VIIRS","confidence":"n","version":"2.0NRT","bright_ti5":"287.68","frp":"1.73","daynight":"N","commune":"Salaunes","code_insee":"33494","departement":"Gironde","region":"Nouvelle-Aquitaine"}},{"type":"Feature","geometry":{"type":"Point","coordinates":[-0.86785,44.89607]},"properties":{"latitude":"44.89607","longitude":"-0.86785","bright_ti4":"305.83","scan":"0.43","track":"0.38","acq_date":"2026-07-27","acq_time":"217","satellite":"N21","instrument":"VIIRS","confidence":"n","version":"2.0NRT","bright_ti5":"288.89","frp":"2.61","daynight":"N","commune":"Salaunes","code_insee":"33494","departement":"Gironde","region":"Nouvelle-Aquitaine"}},{"type":"Feature","geometry":{"type":"Point","coordinates":[-0.87317,44.89708]},"properties":{"latitude":"44.89708","longitude":"-0.87317","bright_ti4":"326.69","scan":"0.43","track":"0.38","acq_date":"2026-07-27","acq_time":"217","satellite":"N21","instrument":"VIIRS","confidence":"n","version":"2.0NRT","bright_ti5":"290.25","frp":"2.61","daynight":"N","commune":"Salaunes","code_insee":"33494","departement":"Gironde","region":"Nouvelle-Aquitaine"}},{"type":"Feature","geometry":{"type":"Point","coordinates":[-0.87848,44.89808]},"properties":{"latitude":"44.89808","longitude":"-0.87848","bright_ti4":"296.28","scan":"0.43","track":"0.38","acq_date":"2026-07-27","acq_time":"217","satellite":"N21","instrument":"VIIRS","confidence":"n","version":"2.0NRT","bright_ti5":"285.84","frp":"1.05","daynight":"N","commune":"Salaunes","code_insee":"33494","departement":"Gironde","region":"Nouvelle-Aquitaine"}},{"type":"Feature","geometry":{"type":"Point","coordinates":[-2.05491,47.31691]},"properties":{"latitude":"47.31691","longitude":"-2.05491","bright_ti4":"296.98","scan":"0.39","track":"0.36","acq_date":"2026-07-27","acq_time":"217","satellite":"N21","instrument":"VIIRS","confidence":"n","version":"2.0NRT","bright_ti5":"285.37","frp":"0.45","daynight":"N","commune":"Donges","code_insee":"44052","departement":"Loire-Atlantique","region":"Pays de la Loire"}},{"type":"Feature","geometry":{"type":"Point","coordinates":[2.74719,47.07726]},"properties":{"latitude":"47.07726","longitude":"2.74719","bright_ti4":"296.77","scan":"0.34","track":"0.56","acq_date":"2026-07-27","acq_time":"111","satellite":"N","instrument":"VIIRS","confidence":"n","version":"2.0NRT","bright_ti5":"282.49","frp":"1.01","daynight":"N","commune":"Baugy","code_insee":"18023","departement":"Cher","region":"Centre-Val de Loire"}},{"type":"Feature","geometry":{"type":"Point","coordinates":[2.98374,48.38604]},"properties":{"latitude":"48.38604","longitude":"2.98374","bright_ti4":"304.69","scan":"0.34","track":"0.56","acq_date":"2026-07-27","acq_time":"111","satellite":"N","instrument":"VIIRS","confidence":"n","version":"2.0NRT","bright_ti5":"288.03","frp":"0.71","daynight":"N","commune":"Montereau-Fault-Yonne","code_insee":"77305","departement":"Seine-et-Marne","region":"Île-de-France"}},{"type":"Feature","geometry":{"type":"Point","coordinates":[2.97899,48.38624]},"properties":{"latitude":"48.38624","longitude":"2.97899","bright_ti4":"298.34","scan":"0.34","track":"0.56","acq_date":"2026-07-27","acq_time":"111","satellite":"N","instrument":"VIIRS","confidence":"n","version":"2.0NRT","bright_ti5":"287.41","frp":"1","daynight":"N","commune":"Montereau-Fault-Yonne","code_insee":"77305","departement":"Seine-et-Marne","region":"Île-de-France"}},{"type":"Feature","geometry":{"type":"Point","coordinates":[2.98257,48.38643]},"properties":{"latitude":"48.38643","longitude":"2.98257","bright_ti4":"305.68","scan":"0.34","track":"0.56","acq_date":"2026-07-27","acq_time":"111","satellite":"N","instrument":"VIIRS","confidence":"n","version":"2.0NRT","bright_ti5":"287.93","frp":"0.8","daynight":"N","commune":"Montereau-Fault-Yonne","code_insee":"77305","departement":"Seine-et-Marne","region":"Île-de-France"}},{"type":"Feature","geometry":{"type":"Point","coordinates":[2.20227,48.66245]},"properties":{"latitude":"48.66245","longitude":"2.20227","bright_ti4":"303.87","scan":"0.37","track":"0.58","acq_date":"2026-07-27","acq_time":"111","satellite":"N","instrument":"VIIRS","confidence":"n","version":"2.0NRT","bright_ti5":"284.88","frp":"0.59","daynight":"N","commune":"Marcoussis","code_insee":"91363","departement":"Essonne","region":"Île-de-France"}},{"type":"Feature","geometry":{"type":"Point","coordinates":[6.14642,49.31813]},"properties":{"latitude":"49.31813","longitude":"6.14642","bright_ti4":"304.54","scan":"0.5","track":"0.49","acq_date":"2026-07-27","acq_time":"111","satellite":"N","instrument":"VIIRS","confidence":"n","version":"2.0NRT","bright_ti5":"287.37","frp":"0.97","daynight":"N","commune":"Florange","code_insee":"57221","departement":"Moselle","region":"Grand Est"}},{"type":"Feature","geometry":{"type":"Point","coordinates":[6.03088,49.34449]},"properties":{"latitude":"49.34449","longitude":"6.03088","bright_ti4":"296.83","scan":"0.51","track":"0.49","acq_date":"2026-07-27","acq_time":"111","satellite":"N","instrument":"VIIRS","confidence":"n","version":"2.0NRT","bright_ti5":"286.21","frp":"0.52","daynight":"N","commune":"Knutange","code_insee":"57368","departement":"Moselle","region":"Grand Est"}},{"type":"Feature","geometry":{"type":"Point","coordinates":[0.53411,49.47699]},"properties":{"latitude":"49.47699","longitude":"0.53411","bright_ti4":"296.72","scan":"0.45","track":"0.63","acq_date":"2026-07-27","acq_time":"111","satellite":"N","instrument":"VIIRS","confidence":"n","version":"2.0NRT","bright_ti5":"285.64","frp":"0.68","daynight":"N","commune":"Lillebonne","code_insee":"76384","departement":"Seine-Maritime","region":"Normandie"}},{"type":"Feature","geometry":{"type":"Point","coordinates":[9.06676,42.25309]},"properties":{"latitude":"42.25309","longitude":"9.06676","bright_ti4":"312.37","scan":"0.47","track":"0.4","acq_date":"2026-07-27","acq_time":"113","satellite":"N","instrument":"VIIRS","confidence":"n","version":"2.0NRT","bright_ti5":"289.1","frp":"2.48","daynight":"N","commune":"Corte","code_insee":"2B096","departement":"Haute-Corse","region":"Corse"}},{"type":"Feature","geometry":{"type":"Point","coordinates":[9.06135,42.25373]},"properties":{"latitude":"42.25373","longitude":"9.06135","bright_ti4":"312.89","scan":"0.47","track":"0.4","acq_date":"2026-07-27","acq_time":"113","satellite":"N","instrument":"VIIRS","confidence":"n","version":"2.0NRT","bright_ti5":"289.06","frp":"2.85","daynight":"N","commune":"Corte","code_insee":"2B096","departement":"Haute-Corse","region":"Corse"}},{"type":"Feature","geometry":{"type":"Point","coordinates":[9.06734,42.25676]},"properties":{"latitude":"42.25676","longitude":"9.06734","bright_ti4":"329.17","scan":"0.47","track":"0.4","acq_date":"2026-07-27","acq_time":"113","satellite":"N","instrument":"VIIRS","confidence":"n","version":"2.0NRT","bright_ti5":"291.41","frp":"2.48","daynight":"N","commune":"Corte","code_insee":"2B096","departement":"Haute-Corse","region":"Corse"}},{"type":"Feature","geometry":{"type":"Point","coordinates":[9.06221,42.25737]},"properties":{"latitude":"42.25737","longitude":"9.06221","bright_ti4":"325.86","scan":"0.47","track":"0.4","acq_date":"2026-07-27","acq_time":"113","satellite":"N","instrument":"VIIRS","confidence":"n","version":"2.0NRT","bright_ti5":"289.07","frp":"2.85","daynight":"N","commune":"Corte","code_insee":"2B096","departement":"Haute-Corse","region":"Corse"}},{"type":"Feature","geometry":{"type":"Point","coordinates":[9.09132,42.26513]},"properties":{"latitude":"42.26513","longitude":"9.09132","bright_ti4":"312.51","scan":"0.47","track":"0.4","acq_date":"2026-07-27","acq_time":"113","satellite":"N","instrument":"VIIRS","confidence":"n","version":"2.0NRT","bright_ti5":"290.69","frp":"1.7","daynight":"N","commune":"Corte","code_insee":"2B096","departement":"Haute-Corse","region":"Corse"}},{"type":"Feature","geometry":{"type":"Point","coordinates":[2.26228,42.49352]},"properties":{"latitude":"42.49352","longitude":"2.26228","bright_ti4":"316.81","scan":"0.33","track":"0.56","acq_date":"2026-07-27","acq_time":"113","satellite":"N","instrument":"VIIRS","confidence":"n","version":"2.0NRT","bright_ti5":"283.43","frp":"1.17","daynight":"N","commune":"Nyer","code_insee":"66123","departement":"Pyrénées-Orientales","region":"Occitanie"}},{"type":"Feature","geometry":{"type":"Point","coordinates":[4.90128,43.41208]},"properties":{"latitude":"43.41208","longitude":"4.90128","bright_ti4":"322.78","scan":"0.5","track":"0.49","acq_date":"2026-07-27","acq_time":"113","satellite":"N","instrument":"VIIRS","confidence":"n","version":"2.0NRT","bright_ti5":"290.98","frp":"2.18","daynight":"N","commune":"Fos-sur-Mer","code_insee":"13039","departement":"Bouches-du-Rhône","region":"Provence-Alpes-Côte d'Azur"}},{"type":"Feature","geometry":{"type":"Point","coordinates":[4.89219,43.43578]},"properties":{"latitude":"43.43578","longitude":"4.89219","bright_ti4":"303.79","scan":"0.5","track":"0.49","acq_date":"2026-07-27","acq_time":"113","satellite":"N","instrument":"VIIRS","confidence":"n","version":"2.0NRT","bright_ti5":"290.75","frp":"2.53","daynight":"N","commune":"Fos-sur-Mer","code_insee":"13039","departement":"Bouches-du-Rhône","region":"Provence-Alpes-Côte d'Azur"}},{"type":"Feature","geometry":{"type":"Point","coordinates":[4.8859,43.43628]},"properties":{"latitude":"43.43628","longitude":"4.8859","bright_ti4":"322.73","scan":"0.5","track":"0.49","acq_date":"2026-07-27","acq_time":"113","satellite":"N","instrument":"VIIRS","confidence":"n","version":"2.0NRT","bright_ti5":"291.26","frp":"2.53","daynight":"N","commune":"Fos-sur-Mer","code_insee":"13039","departement":"Bouches-du-Rhône","region":"Provence-Alpes-Côte d'Azur"}},{"type":"Feature","geometry":{"type":"Point","coordinates":[4.88612,43.43666]},"properties":{"latitude":"43.43666","longitude":"4.88612","bright_ti4":"324.73","scan":"0.5","track":"0.49","acq_date":"2026-07-27","acq_time":"113","satellite":"N","instrument":"VIIRS","confidence":"n","version":"2.0NRT","bright_ti5":"291.3","frp":"3.83","daynight":"N","commune":"Fos-sur-Mer","code_insee":"13039","departement":"Bouches-du-Rhône","region":"Provence-Alpes-Côte d'Azur"}},{"type":"Feature","geometry":{"type":"Point","coordinates":[4.89939,43.44026]},"properties":{"latitude":"43.44026","longitude":"4.89939","bright_ti4":"317.84","scan":"0.5","track":"0.49","acq_date":"2026-07-27","acq_time":"113","satellite":"N","instrument":"VIIRS","confidence":"n","version":"2.0NRT","bright_ti5":"290.29","frp":"4.2","daynight":"N","commune":"Fos-sur-Mer","code_insee":"13039","departement":"Bouches-du-Rhône","region":"Provence-Alpes-Côte d'Azur"}},{"type":"Feature","geometry":{"type":"Point","coordinates":[4.90006,43.4448]},"properties":{"latitude":"43.4448","longitude":"4.90006","bright_ti4":"331.05","scan":"0.5","track":"0.49","acq_date":"2026-07-27","acq_time":"113","satellite":"N","instrument":"VIIRS","confidence":"n","version":"2.0NRT","bright_ti5":"291.32","frp":"5.09","daynight":"N","commune":"Fos-sur-Mer","code_insee":"13039","departement":"Bouches-du-Rhône","region":"Provence-Alpes-Côte d'Azur"}},{"type":"Feature","geometry":{"type":"Point","coordinates":[6.06053,43.47501]},"properties":{"latitude":"43.47501","longitude":"6.06053","bright_ti4":"309.9","scan":"0.44","track":"0.46","acq_date":"2026-07-27","acq_time":"113","satellite":"N","instrument":"VIIRS","confidence":"n","version":"2.0NRT","bright_ti5":"291.34","frp":"0.76","daynight":"N","commune":"Correns","code_insee":"83045","departement":"Var","region":"Provence-Alpes-Côte d'Azur"}},{"type":"Feature","geometry":{"type":"Point","coordinates":[5.82063,45.91292]},"properties":{"latitude":"45.91292","longitude":"5.82063","bright_ti4":"303.4","scan":"0.47","track":"0.64","acq_date":"2026-07-27","acq_time":"251","satellite":"N","instrument":"VIIRS","confidence":"n","version":"2.0NRT","bright_ti5":"287.18","frp":"1.15","daynight":"N","commune":"Anglefort","code_insee":"01010","departement":"Ain","region":"Auvergne-Rhône-Alpes"}},{"type":"Feature","geometry":{"type":"Point","coordinates":[2.74675,47.07373]},"properties":{"latitude":"47.07373","longitude":"2.74675","bright_ti4":"319","scan":"0.32","track":"0.55","acq_date":"2026-07-27","acq_time":"251","satellite":"N","instrument":"VIIRS","confidence":"n","version":"2.0NRT","bright_ti5":"286.51","frp":"7.27","daynight":"N","commune":"Baugy","code_insee":"18023","departement":"Cher","region":"Centre-Val de Loire"}},{"type":"Feature","geometry":{"type":"Point","coordinates":[2.7536,47.07734]},"properties":{"latitude":"47.07734","longitude":"2.7536","bright_ti4":"313.99","scan":"0.32","track":"0.55","acq_date":"2026-07-27","acq_time":"251","satellite":"N","instrument":"VIIRS","confidence":"n","version":"2.0NRT","bright_ti5":"287.13","frp":"6.67","daynight":"N","commune":"Villequiers","code_insee":"18286","departement":"Cher","region":"Centre-Val de Loire"}},{"type":"Feature","geometry":{"type":"Point","coordinates":[2.74963,47.07845]},"properties":{"latitude":"47.07845","longitude":"2.74963","bright_ti4":"367","scan":"0.32","track":"0.55","acq_date":"2026-07-27","acq_time":"251","satellite":"N","instrument":"VIIRS","confidence":"h","version":"2.0NRT","bright_ti5":"290.36","frp":"7.27","daynight":"N","commune":"Baugy","code_insee":"18023","departement":"Cher","region":"Centre-Val de Loire"}},{"type":"Feature","geometry":{"type":"Point","coordinates":[-2.05307,47.31666]},"properties":{"latitude":"47.31666","longitude":"-2.05307","bright_ti4":"295.46","scan":"0.4","track":"0.44","acq_date":"2026-07-27","acq_time":"251","satellite":"N","instrument":"VIIRS","confidence":"n","version":"2.0NRT","bright_ti5":"285.13","frp":"0.5","daynight":"N","commune":"Donges","code_insee":"44052","departement":"Loire-Atlantique","region":"Pays de la Loire"}},{"type":"Feature","geometry":{"type":"Point","coordinates":[-1.03548,48.10651]},"properties":{"latitude":"48.10651","longitude":"-1.03548","bright_ti4":"302.8","scan":"0.42","track":"0.45","acq_date":"2026-07-27","acq_time":"251","satellite":"N","instrument":"VIIRS","confidence":"n","version":"2.0NRT","bright_ti5":"287.52","frp":"1.02","daynight":"N","commune":"Saint-Pierre-la-Cour","code_insee":"53247","departement":"Mayenne","region":"Pays de la Loire"}},{"type":"Feature","geometry":{"type":"Point","coordinates":[4.31245,48.14063]},"properties":{"latitude":"48.14063","longitude":"4.31245","bright_ti4":"301.65","scan":"0.35","track":"0.57","acq_date":"2026-07-27","acq_time":"251","satellite":"N","instrument":"VIIRS","confidence":"n","version":"2.0NRT","bright_ti5":"285.27","frp":"0.97","daynight":"N","commune":"Virey-sous-Bar","code_insee":"10437","departement":"Aube","region":"Grand Est"}},{"type":"Feature","geometry":{"type":"Point","coordinates":[2.2064,48.65868]},"properties":{"latitude":"48.65868","longitude":"2.2064","bright_ti4":"299.72","scan":"0.55","track":"0.51","acq_date":"2026-07-27","acq_time":"251","satellite":"N","instrument":"VIIRS","confidence":"n","version":"2.0NRT","bright_ti5":"284.18","frp":"1.87","daynight":"N","commune":"Marcoussis","code_insee":"91363","departement":"Essonne","region":"Île-de-France"}},{"type":"Feature","geometry":{"type":"Point","coordinates":[2.20909,48.66131]},"properties":{"latitude":"48.66131","longitude":"2.20909","bright_ti4":"296.78","scan":"0.55","track":"0.51","acq_date":"2026-07-27","acq_time":"251","satellite":"N","instrument":"VIIRS","confidence":"n","version":"2.0NRT","bright_ti5":"284.58","frp":"1.13","daynight":"N","commune":"Marcoussis","code_insee":"91363","departement":"Essonne","region":"Île-de-France"}},{"type":"Feature","geometry":{"type":"Point","coordinates":[2.20203,48.66319]},"properties":{"latitude":"48.66319","longitude":"2.20203","bright_ti4":"313.19","scan":"0.55","track":"0.51","acq_date":"2026-07-27","acq_time":"251","satellite":"N","instrument":"VIIRS","confidence":"n","version":"2.0NRT","bright_ti5":"284.63","frp":"1.95","daynight":"N","commune":"Marcoussis","code_insee":"91363","departement":"Essonne","region":"Île-de-France"}},{"type":"Feature","geometry":{"type":"Point","coordinates":[2.2088,48.66319]},"properties":{"latitude":"48.66319","longitude":"2.2088","bright_ti4":"295.9","scan":"0.55","track":"0.51","acq_date":"2026-07-27","acq_time":"251","satellite":"N","instrument":"VIIRS","confidence":"n","version":"2.0NRT","bright_ti5":"284.38","frp":"0.55","daynight":"N","commune":"Marcoussis","code_insee":"91363","departement":"Essonne","region":"Île-de-France"}},{"type":"Feature","geometry":{"type":"Point","coordinates":[2.20175,48.6651]},"properties":{"latitude":"48.6651","longitude":"2.20175","bright_ti4":"297.58","scan":"0.55","track":"0.51","acq_date":"2026-07-27","acq_time":"251","satellite":"N","instrument":"VIIRS","confidence":"n","version":"2.0NRT","bright_ti5":"284.68","frp":"0.55","daynight":"N","commune":"Marcoussis","code_insee":"91363","departement":"Essonne","region":"Île-de-France"}},{"type":"Feature","geometry":{"type":"Point","coordinates":[1.75783,48.9839]},"properties":{"latitude":"48.9839","longitude":"1.75783","bright_ti4":"309.38","scan":"0.52","track":"0.5","acq_date":"2026-07-27","acq_time":"251","satellite":"N","instrument":"VIIRS","confidence":"n","version":"2.0NRT","bright_ti5":"286.28","frp":"1.56","daynight":"N","commune":"Limay","code_insee":"78335","departement":"Yvelines","region":"Île-de-France"}},{"type":"Feature","geometry":{"type":"Point","coordinates":[6.14679,49.31883]},"properties":{"latitude":"49.31883","longitude":"6.14679","bright_ti4":"302.47","scan":"0.38","track":"0.59","acq_date":"2026-07-27","acq_time":"251","satellite":"N","instrument":"VIIRS","confidence":"n","version":"2.0NRT","bright_ti5":"285.42","frp":"0.49","daynight":"N","commune":"Florange","code_insee":"57221","departement":"Moselle","region":"Grand Est"}},{"type":"Feature","geometry":{"type":"Point","coordinates":[0.98927,43.18681]},"properties":{"latitude":"43.18681","longitude":"0.98927","bright_ti4":"302.89","scan":"0.35","track":"0.56","acq_date":"2026-07-27","acq_time":"253","satellite":"N","instrument":"VIIRS","confidence":"n","version":"2.0NRT","bright_ti5":"287.44","frp":"0.75","daynight":"N","commune":"Martres-Tolosane","code_insee":"31324","departement":"Haute-Garonne","region":"Occitanie"}},{"type":"Feature","geometry":{"type":"Point","coordinates":[4.88486,43.43313]},"properties":{"latitude":"43.43313","longitude":"4.88486","bright_ti4":"320.8","scan":"0.51","track":"0.66","acq_date":"2026-07-27","acq_time":"253","satellite":"N","instrument":"VIIRS","confidence":"n","version":"2.0NRT","bright_ti5":"289.12","frp":"2.91","daynight":"N","commune":"Fos-sur-Mer","code_insee":"13039","departement":"Bouches-du-Rhône","region":"Provence-Alpes-Côte d'Azur"}},{"type":"Feature","geometry":{"type":"Point","coordinates":[4.88832,43.43884]},"properties":{"latitude":"43.43884","longitude":"4.88832","bright_ti4":"323.5","scan":"0.51","track":"0.66","acq_date":"2026-07-27","acq_time":"253","satellite":"N","instrument":"VIIRS","confidence":"n","version":"2.0NRT","bright_ti5":"289.67","frp":"2.89","daynight":"N","commune":"Fos-sur-Mer","code_insee":"13039","departement":"Bouches-du-Rhône","region":"Provence-Alpes-Côte d'Azur"}},{"type":"Feature","geometry":{"type":"Point","coordinates":[4.89775,43.44264]},"properties":{"latitude":"43.44264","longitude":"4.89775","bright_ti4":"325.22","scan":"0.52","track":"0.66","acq_date":"2026-07-27","acq_time":"253","satellite":"N","instrument":"VIIRS","confidence":"n","version":"2.0NRT","bright_ti5":"289.23","frp":"2.89","daynight":"N","commune":"Fos-sur-Mer","code_insee":"13039","departement":"Bouches-du-Rhône","region":"Provence-Alpes-Côte d'Azur"}},{"type":"Feature","geometry":{"type":"Point","coordinates":[4.89521,43.45026]},"properties":{"latitude":"43.45026","longitude":"4.89521","bright_ti4":"312.65","scan":"0.51","track":"0.66","acq_date":"2026-07-27","acq_time":"253","satellite":"N","instrument":"VIIRS","confidence":"n","version":"2.0NRT","bright_ti5":"288.65","frp":"1.44","daynight":"N","commune":"Fos-sur-Mer","code_insee":"13039","departement":"Bouches-du-Rhône","region":"Provence-Alpes-Côte d'Azur"}},{"type":"Feature","geometry":{"type":"Point","coordinates":[-0.86118,44.7224]},"properties":{"latitude":"44.7224","longitude":"-0.86118","bright_ti4":"295.36","scan":"0.52","track":"0.5","acq_date":"2026-07-27","acq_time":"253","satellite":"N","instrument":"VIIRS","confidence":"n","version":"2.0NRT","bright_ti5":"285.29","frp":"1.04","daynight":"N","commune":"Audenge","code_insee":"33019","departement":"Gironde","region":"Nouvelle-Aquitaine"}},{"type":"Feature","geometry":{"type":"Point","coordinates":[-0.859,44.72678]},"properties":{"latitude":"44.72678","longitude":"-0.859","bright_ti4":"296.3","scan":"0.52","track":"0.5","acq_date":"2026-07-27","acq_time":"253","satellite":"N","instrument":"VIIRS","confidence":"n","version":"2.0NRT","bright_ti5":"285.75","frp":"1.12","daynight":"N","commune":"Audenge","code_insee":"33019","departement":"Gironde","region":"Nouvelle-Aquitaine"}},{"type":"Feature","geometry":{"type":"Point","coordinates":[-0.94069,44.85514]},"properties":{"latitude":"44.85514","longitude":"-0.94069","bright_ti4":"297.49","scan":"0.51","track":"0.49","acq_date":"2026-07-27","acq_time":"253","satellite":"N","instrument":"VIIRS","confidence":"n","version":"2.0NRT","bright_ti5":"286.39","frp":"1.1","daynight":"N","commune":"Le Temple","code_insee":"33528","departement":"Gironde","region":"Nouvelle-Aquitaine"}},{"type":"Feature","geometry":{"type":"Point","coordinates":[-0.94691,44.85671]},"properties":{"latitude":"44.85671","longitude":"-0.94691","bright_ti4":"302.74","scan":"0.51","track":"0.49","acq_date":"2026-07-27","acq_time":"253","satellite":"N","instrument":"VIIRS","confidence":"n","version":"2.0NRT","bright_ti5":"286.02","frp":"1.1","daynight":"N","commune":"Le Temple","code_insee":"33528","departement":"Gironde","region":"Nouvelle-Aquitaine"}},{"type":"Feature","geometry":{"type":"Point","coordinates":[-0.89224,44.88209]},"properties":{"latitude":"44.88209","longitude":"-0.89224","bright_ti4":"296.1","scan":"0.51","track":"0.49","acq_date":"2026-07-27","acq_time":"253","satellite":"N","instrument":"VIIRS","confidence":"n","version":"2.0NRT","bright_ti5":"285.25","frp":"1.09","daynight":"N","commune":"Le Temple","code_insee":"33528","departement":"Gironde","region":"Nouvelle-Aquitaine"}},{"type":"Feature","geometry":{"type":"Point","coordinates":[-0.87097,44.89635]},"properties":{"latitude":"44.89635","longitude":"-0.87097","bright_ti4":"297.56","scan":"0.51","track":"0.49","acq_date":"2026-07-27","acq_time":"253","satellite":"N","instrument":"VIIRS","confidence":"n","version":"2.0NRT","bright_ti5":"284.83","frp":"1.66","daynight":"N","commune":"Salaunes","code_insee":"33494","departement":"Gironde","region":"Nouvelle-Aquitaine"}},{"type":"Feature","geometry":{"type":"Point","coordinates":[-0.87721,44.89791]},"properties":{"latitude":"44.89791","longitude":"-0.87721","bright_ti4":"298.45","scan":"0.51","track":"0.49","acq_date":"2026-07-27","acq_time":"253","satellite":"N","instrument":"VIIRS","confidence":"n","version":"2.0NRT","bright_ti5":"285.83","frp":"1.83","daynight":"N","commune":"Salaunes","code_insee":"33494","departement":"Gironde","region":"Nouvelle-Aquitaine"}},{"type":"Feature","geometry":{"type":"Point","coordinates":[2.26121,42.49343]},"properties":{"latitude":"42.49343","longitude":"2.26121","bright_ti4":"336.52","scan":"0.46","track":"0.39","acq_date":"2026-07-27","acq_time":"1238","satellite":"N","instrument":"VIIRS","confidence":"n","version":"2.0NRT","bright_ti5":"304.96","frp":"6.26","daynight":"D","commune":"Nyer","code_insee":"66123","departement":"Pyrénées-Orientales","region":"Occitanie"}},{"type":"Feature","geometry":{"type":"Point","coordinates":[4.88777,43.43438]},"properties":{"latitude":"43.43438","longitude":"4.88777","bright_ti4":"340.37","scan":"0.39","track":"0.36","acq_date":"2026-07-27","acq_time":"1238","satellite":"N","instrument":"VIIRS","confidence":"l","version":"2.0NRT","bright_ti5":"312.07","frp":"11.98","daynight":"D","commune":"Fos-sur-Mer","code_insee":"13039","departement":"Bouches-du-Rhône","region":"Provence-Alpes-Côte d'Azur"}},{"type":"Feature","geometry":{"type":"Point","coordinates":[4.90003,43.44336]},"properties":{"latitude":"43.44336","longitude":"4.90003","bright_ti4":"347.42","scan":"0.39","track":"0.36","acq_date":"2026-07-27","acq_time":"1238","satellite":"N","instrument":"VIIRS","confidence":"n","version":"2.0NRT","bright_ti5":"311.9","frp":"6.63","daynight":"D","commune":"Fos-sur-Mer","code_insee":"13039","departement":"Bouches-du-Rhône","region":"Provence-Alpes-Côte d'Azur"}},{"type":"Feature","geometry":{"type":"Point","coordinates":[4.8799,43.44349]},"properties":{"latitude":"43.44349","longitude":"4.8799","bright_ti4":"346.52","scan":"0.39","track":"0.36","acq_date":"2026-07-27","acq_time":"1238","satellite":"N","instrument":"VIIRS","confidence":"n","version":"2.0NRT","bright_ti5":"316.42","frp":"21.88","daynight":"D","commune":"Fos-sur-Mer","code_insee":"13039","departement":"Bouches-du-Rhône","region":"Provence-Alpes-Côte d'Azur"}},{"type":"Feature","geometry":{"type":"Point","coordinates":[6.02596,43.52189]},"properties":{"latitude":"43.52189","longitude":"6.02596","bright_ti4":"341.43","scan":"0.38","track":"0.36","acq_date":"2026-07-27","acq_time":"1238","satellite":"N","instrument":"VIIRS","confidence":"n","version":"2.0NRT","bright_ti5":"310.97","frp":"6.28","daynight":"D","commune":"Châteauvert","code_insee":"83039","departement":"Var","region":"Provence-Alpes-Côte d'Azur"}},{"type":"Feature","geometry":{"type":"Point","coordinates":[4.97523,43.56488]},"properties":{"latitude":"43.56488","longitude":"4.97523","bright_ti4":"337.16","scan":"0.39","track":"0.36","acq_date":"2026-07-27","acq_time":"1238","satellite":"N","instrument":"VIIRS","confidence":"n","version":"2.0NRT","bright_ti5":"311.34","frp":"3.54","daynight":"D","commune":"Istres","code_insee":"13047","departement":"Bouches-du-Rhône","region":"Provence-Alpes-Côte d'Azur"}},{"type":"Feature","geometry":{"type":"Point","coordinates":[7.37287,43.79464]},"properties":{"latitude":"43.79464","longitude":"7.37287","bright_ti4":"334.03","scan":"0.39","track":"0.36","acq_date":"2026-07-27","acq_time":"1238","satellite":"N","instrument":"VIIRS","confidence":"n","version":"2.0NRT","bright_ti5":"307.72","frp":"4.1","daynight":"D","commune":"Blausasc","code_insee":"06019","departement":"Alpes-Maritimes","region":"Provence-Alpes-Côte d'Azur"}},{"type":"Feature","geometry":{"type":"Point","coordinates":[-0.86289,44.72491]},"properties":{"latitude":"44.72491","longitude":"-0.86289","bright_ti4":"347.55","scan":"0.55","track":"0.43","acq_date":"2026-07-27","acq_time":"1238","satellite":"N","instrument":"VIIRS","confidence":"n","version":"2.0NRT","bright_ti5":"310.97","frp":"7.78","daynight":"D","commune":"Audenge","code_insee":"33019","departement":"Gironde","region":"Nouvelle-Aquitaine"}},{"type":"Feature","geometry":{"type":"Point","coordinates":[-0.8006,44.73412]},"properties":{"latitude":"44.73412","longitude":"-0.8006","bright_ti4":"330.08","scan":"0.55","track":"0.42","acq_date":"2026-07-27","acq_time":"1238","satellite":"N","instrument":"VIIRS","confidence":"l","version":"2.0NRT","bright_ti5":"304.72","frp":"8.45","daynight":"D","commune":"Cestas","code_insee":"33122","departement":"Gironde","region":"Nouvelle-Aquitaine"}},{"type":"Feature","geometry":{"type":"Point","coordinates":[-0.98124,44.75686]},"properties":{"latitude":"44.75686","longitude":"-0.98124","bright_ti4":"345.75","scan":"0.55","track":"0.43","acq_date":"2026-07-27","acq_time":"1238","satellite":"N","instrument":"VIIRS","confidence":"n","version":"2.0NRT","bright_ti5":"300.24","frp":"18.25","daynight":"D","commune":"Lanton","code_insee":"33229","departement":"Gironde","region":"Nouvelle-Aquitaine"}},{"type":"Feature","geometry":{"type":"Point","coordinates":[-0.89796,44.77084]},"properties":{"latitude":"44.77084","longitude":"-0.89796","bright_ti4":"337.43","scan":"0.55","track":"0.43","acq_date":"2026-07-27","acq_time":"1238","satellite":"N","instrument":"VIIRS","confidence":"n","version":"2.0NRT","bright_ti5":"300.87","frp":"6.97","daynight":"D","commune":"Lanton","code_insee":"33229","departement":"Gironde","region":"Nouvelle-Aquitaine"}},{"type":"Feature","geometry":{"type":"Point","coordinates":[-1.21443,44.77316]},"properties":{"latitude":"44.77316","longitude":"-1.21443","bright_ti4":"334.35","scan":"0.57","track":"0.43","acq_date":"2026-07-27","acq_time":"1238","satellite":"N","instrument":"VIIRS","confidence":"n","version":"2.0NRT","bright_ti5":"297.33","frp":"6.07","daynight":"D","commune":"Lège-Cap-Ferret","code_insee":"33236","departement":"Gironde","region":"Nouvelle-Aquitaine"}},{"type":"Feature","geometry":{"type":"Point","coordinates":[-1.21465,44.77491]},"properties":{"latitude":"44.77491","longitude":"-1.21465","bright_ti4":"337.24","scan":"0.57","track":"0.43","acq_date":"2026-07-27","acq_time":"1238","satellite":"N","instrument":"VIIRS","confidence":"n","version":"2.0NRT","bright_ti5":"297.1","frp":"2.68","daynight":"D","commune":"Lège-Cap-Ferret","code_insee":"33236","departement":"Gironde","region":"Nouvelle-Aquitaine"}},{"type":"Feature","geometry":{"type":"Point","coordinates":[-0.88604,44.77758]},"properties":{"latitude":"44.77758","longitude":"-0.88604","bright_ti4":"338.06","scan":"0.55","track":"0.43","acq_date":"2026-07-27","acq_time":"1238","satellite":"N","instrument":"VIIRS","confidence":"n","version":"2.0NRT","bright_ti5":"299.56","frp":"6.01","daynight":"D","commune":"Saint-Jean-d'Illac","code_insee":"33422","departement":"Gironde","region":"Nouvelle-Aquitaine"}},{"type":"Feature","geometry":{"type":"Point","coordinates":[-0.8642,44.77817]},"properties":{"latitude":"44.77817","longitude":"-0.8642","bright_ti4":"332.96","scan":"0.55","track":"0.42","acq_date":"2026-07-27","acq_time":"1238","satellite":"N","instrument":"VIIRS","confidence":"n","version":"2.0NRT","bright_ti5":"300.39","frp":"10.39","daynight":"D","commune":"Saint-Jean-d'Illac","code_insee":"33422","departement":"Gironde","region":"Nouvelle-Aquitaine"}},{"type":"Feature","geometry":{"type":"Point","coordinates":[-0.87254,44.78051]},"properties":{"latitude":"44.78051","longitude":"-0.87254","bright_ti4":"346.91","scan":"0.55","track":"0.43","acq_date":"2026-07-27","acq_time":"1238","satellite":"N","instrument":"VIIRS","confidence":"n","version":"2.0NRT","bright_ti5":"296.53","frp":"14.41","daynight":"D","commune":"Saint-Jean-d'Illac","code_insee":"33422","departement":"Gironde","region":"Nouvelle-Aquitaine"}},{"type":"Feature","geometry":{"type":"Point","coordinates":[-0.89383,44.883]},"properties":{"latitude":"44.883","longitude":"-0.89383","bright_ti4":"350.51","scan":"0.55","track":"0.42","acq_date":"2026-07-27","acq_time":"1238","satellite":"N","instrument":"VIIRS","confidence":"n","version":"2.0NRT","bright_ti5":"307.02","frp":"20.59","daynight":"D","commune":"Le Temple","code_insee":"33528","departement":"Gironde","region":"Nouvelle-Aquitaine"}},{"type":"Feature","geometry":{"type":"Point","coordinates":[0.15423,46.80755]},"properties":{"latitude":"46.80755","longitude":"0.15423","bright_ti4":"332.68","scan":"0.46","track":"0.39","acq_date":"2026-07-27","acq_time":"1238","satellite":"N","instrument":"VIIRS","confidence":"n","version":"2.0NRT","bright_ti5":"302.32","frp":"8.85","daynight":"D","commune":"Chouppes","code_insee":"86075","departement":"Vienne","region":"Nouvelle-Aquitaine"}},{"type":"Feature","geometry":{"type":"Point","coordinates":[2.82755,47.49275]},"properties":{"latitude":"47.49275","longitude":"2.82755","bright_ti4":"343.53","scan":"0.39","track":"0.37","acq_date":"2026-07-27","acq_time":"1238","satellite":"N","instrument":"VIIRS","confidence":"n","version":"2.0NRT","bright_ti5":"306.39","frp":"7.56","daynight":"D","commune":"Belleville-sur-Loire","code_insee":"18026","departement":"Cher","region":"Centre-Val de Loire"}},{"type":"Feature","geometry":{"type":"Point","coordinates":[2.82632,47.49605]},"properties":{"latitude":"47.49605","longitude":"2.82632","bright_ti4":"342.78","scan":"0.39","track":"0.37","acq_date":"2026-07-27","acq_time":"1238","satellite":"N","instrument":"VIIRS","confidence":"n","version":"2.0NRT","bright_ti5":"304.31","frp":"5.67","daynight":"D","commune":"Belleville-sur-Loire","code_insee":"18026","departement":"Cher","region":"Centre-Val de Loire"}},{"type":"Feature","geometry":{"type":"Point","coordinates":[2.24464,48.17904]},"properties":{"latitude":"48.17904","longitude":"2.24464","bright_ti4":"340.45","scan":"0.4","track":"0.37","acq_date":"2026-07-27","acq_time":"1238","satellite":"N","instrument":"VIIRS","confidence":"n","version":"2.0NRT","bright_ti5":"305.75","frp":"8.61","daynight":"D","commune":"Pithiviers","code_insee":"45252","departement":"Loiret","region":"Centre-Val de Loire"}},{"type":"Feature","geometry":{"type":"Point","coordinates":[2.23809,48.18143]},"properties":{"latitude":"48.18143","longitude":"2.23809","bright_ti4":"345.36","scan":"0.4","track":"0.37","acq_date":"2026-07-27","acq_time":"1238","satellite":"N","instrument":"VIIRS","confidence":"n","version":"2.0NRT","bright_ti5":"307.17","frp":"8.61","daynight":"D","commune":"Pithiviers","code_insee":"45252","departement":"Loiret","region":"Centre-Val de Loire"}},{"type":"Feature","geometry":{"type":"Point","coordinates":[2.24336,48.18235]},"properties":{"latitude":"48.18235","longitude":"2.24336","bright_ti4":"338.07","scan":"0.4","track":"0.37","acq_date":"2026-07-27","acq_time":"1238","satellite":"N","instrument":"VIIRS","confidence":"n","version":"2.0NRT","bright_ti5":"307.24","frp":"8.61","daynight":"D","commune":"Pithiviers","code_insee":"45252","departement":"Loiret","region":"Centre-Val de Loire"}},{"type":"Feature","geometry":{"type":"Point","coordinates":[3.33642,48.23609]},"properties":{"latitude":"48.23609","longitude":"3.33642","bright_ti4":"341.68","scan":"0.39","track":"0.36","acq_date":"2026-07-27","acq_time":"1238","satellite":"N","instrument":"VIIRS","confidence":"n","version":"2.0NRT","bright_ti5":"302.65","frp":"3.67","daynight":"D","commune":"Soucy","code_insee":"89399","departement":"Yonne","region":"Bourgogne-Franche-Comté"}},{"type":"Feature","geometry":{"type":"Point","coordinates":[2.29216,51.03547]},"properties":{"latitude":"51.03547","longitude":"2.29216","bright_ti4":"327.41","scan":"0.55","track":"0.68","acq_date":"2026-07-27","acq_time":"1117","satellite":"N20","instrument":"VIIRS","confidence":"n","version":"2.0NRT","bright_ti5":"295.94","frp":"4.42","daynight":"D","commune":"Grande-Synthe","code_insee":"59271","departement":"Nord","region":"Hauts-de-France"}},{"type":"Feature","geometry":{"type":"Point","coordinates":[2.29749,51.04289]},"properties":{"latitude":"51.04289","longitude":"2.29749","bright_ti4":"367","scan":"0.55","track":"0.68","acq_date":"2026-07-27","acq_time":"1117","satellite":"N20","instrument":"VIIRS","confidence":"h","version":"2.0NRT","bright_ti5":"296.99","frp":"7.19","daynight":"D","commune":"Grande-Synthe","code_insee":"59271","departement":"Nord","region":"Hauts-de-France"}},{"type":"Feature","geometry":{"type":"Point","coordinates":[2.3044,51.04537]},"properties":{"latitude":"51.04537","longitude":"2.3044","bright_ti4":"333.78","scan":"0.55","track":"0.68","acq_date":"2026-07-27","acq_time":"1117","satellite":"N20","instrument":"VIIRS","confidence":"n","version":"2.0NRT","bright_ti5":"293.86","frp":"7.19","daynight":"D","commune":"Grande-Synthe","code_insee":"59271","departement":"Nord","region":"Hauts-de-France"}},{"type":"Feature","geometry":{"type":"Point","coordinates":[2.32687,51.04773]},"properties":{"latitude":"51.04773","longitude":"2.32687","bright_ti4":"336.95","scan":"0.55","track":"0.68","acq_date":"2026-07-27","acq_time":"1117","satellite":"N20","instrument":"VIIRS","confidence":"n","version":"2.0NRT","bright_ti5":"295.43","frp":"5.7","daynight":"D","commune":"Dunkerque","code_insee":"59183","departement":"Nord","region":"Hauts-de-France"}},{"type":"Feature","geometry":{"type":"Point","coordinates":[2.26216,42.48861]},"properties":{"latitude":"42.48861","longitude":"2.26216","bright_ti4":"330.42","scan":"0.4","track":"0.37","acq_date":"2026-07-27","acq_time":"1255","satellite":"N20","instrument":"VIIRS","confidence":"l","version":"2.0NRT","bright_ti5":"303.2","frp":"5.18","daynight":"D","commune":"Nyer","code_insee":"66123","departement":"Pyrénées-Orientales","region":"Occitanie"}},{"type":"Feature","geometry":{"type":"Point","coordinates":[4.89105,43.43196]},"properties":{"latitude":"43.43196","longitude":"4.89105","bright_ti4":"341.61","scan":"0.49","track":"0.4","acq_date":"2026-07-27","acq_time":"1255","satellite":"N20","instrument":"VIIRS","confidence":"l","version":"2.0NRT","bright_ti5":"311.8","frp":"5.43","daynight":"D","commune":"Fos-sur-Mer","code_insee":"13039","departement":"Bouches-du-Rhône","region":"Provence-Alpes-Côte d'Azur"}},{"type":"Feature","geometry":{"type":"Point","coordinates":[4.88946,43.43346]},"properties":{"latitude":"43.43346","longitude":"4.88946","bright_ti4":"339.35","scan":"0.49","track":"0.4","acq_date":"2026-07-27","acq_time":"1255","satellite":"N20","instrument":"VIIRS","confidence":"l","version":"2.0NRT","bright_ti5":"311.93","frp":"13","daynight":"D","commune":"Fos-sur-Mer","code_insee":"13039","departement":"Bouches-du-Rhône","region":"Provence-Alpes-Côte d'Azur"}},{"type":"Feature","geometry":{"type":"Point","coordinates":[4.89029,43.43567]},"properties":{"latitude":"43.43567","longitude":"4.89029","bright_ti4":"338.34","scan":"0.49","track":"0.4","acq_date":"2026-07-27","acq_time":"1255","satellite":"N20","instrument":"VIIRS","confidence":"l","version":"2.0NRT","bright_ti5":"312.14","frp":"5.43","daynight":"D","commune":"Fos-sur-Mer","code_insee":"13039","departement":"Bouches-du-Rhône","region":"Provence-Alpes-Côte d'Azur"}},{"type":"Feature","geometry":{"type":"Point","coordinates":[4.88114,43.44392]},"properties":{"latitude":"43.44392","longitude":"4.88114","bright_ti4":"338.91","scan":"0.49","track":"0.4","acq_date":"2026-07-27","acq_time":"1255","satellite":"N20","instrument":"VIIRS","confidence":"n","version":"2.0NRT","bright_ti5":"312.91","frp":"18.88","daynight":"D","commune":"Fos-sur-Mer","code_insee":"13039","departement":"Bouches-du-Rhône","region":"Provence-Alpes-Côte d'Azur"}},{"type":"Feature","geometry":{"type":"Point","coordinates":[4.89933,43.44588]},"properties":{"latitude":"43.44588","longitude":"4.89933","bright_ti4":"336.05","scan":"0.49","track":"0.4","acq_date":"2026-07-27","acq_time":"1255","satellite":"N20","instrument":"VIIRS","confidence":"l","version":"2.0NRT","bright_ti5":"310.35","frp":"6.89","daynight":"D","commune":"Fos-sur-Mer","code_insee":"13039","departement":"Bouches-du-Rhône","region":"Provence-Alpes-Côte d'Azur"}},{"type":"Feature","geometry":{"type":"Point","coordinates":[-0.66193,44.10258]},"properties":{"latitude":"44.10258","longitude":"-0.66193","bright_ti4":"355.01","scan":"0.38","track":"0.36","acq_date":"2026-07-27","acq_time":"1255","satellite":"N20","instrument":"VIIRS","confidence":"n","version":"2.0NRT","bright_ti5":"302.77","frp":"5.3","daynight":"D","commune":"Vert","code_insee":"40323","departement":"Landes","region":"Nouvelle-Aquitaine"}},{"type":"Feature","geometry":{"type":"Point","coordinates":[-0.6572,44.10332]},"properties":{"latitude":"44.10332","longitude":"-0.6572","bright_ti4":"345.48","scan":"0.38","track":"0.36","acq_date":"2026-07-27","acq_time":"1255","satellite":"N20","instrument":"VIIRS","confidence":"n","version":"2.0NRT","bright_ti5":"298.61","frp":"5.3","daynight":"D","commune":"Vert","code_insee":"40323","departement":"Landes","region":"Nouvelle-Aquitaine"}},{"type":"Feature","geometry":{"type":"Point","coordinates":[-0.66183,44.10597]},"properties":{"latitude":"44.10597","longitude":"-0.66183","bright_ti4":"348.13","scan":"0.38","track":"0.36","acq_date":"2026-07-27","acq_time":"1255","satellite":"N20","instrument":"VIIRS","confidence":"n","version":"2.0NRT","bright_ti5":"300.99","frp":"3.69","daynight":"D","commune":"Vert","code_insee":"40323","departement":"Landes","region":"Nouvelle-Aquitaine"}},{"type":"Feature","geometry":{"type":"Point","coordinates":[-0.86437,44.72418]},"properties":{"latitude":"44.72418","longitude":"-0.86437","bright_ti4":"335.83","scan":"0.38","track":"0.36","acq_date":"2026-07-27","acq_time":"1257","satellite":"N20","instrument":"VIIRS","confidence":"n","version":"2.0NRT","bright_ti5":"305.45","frp":"5.13","daynight":"D","commune":"Audenge","code_insee":"33019","departement":"Gironde","region":"Nouvelle-Aquitaine"}},{"type":"Feature","geometry":{"type":"Point","coordinates":[-0.85959,44.72493]},"properties":{"latitude":"44.72493","longitude":"-0.85959","bright_ti4":"340.15","scan":"0.38","track":"0.36","acq_date":"2026-07-27","acq_time":"1257","satellite":"N20","instrument":"VIIRS","confidence":"n","version":"2.0NRT","bright_ti5":"309.27","frp":"5.14","daynight":"D","commune":"Audenge","code_insee":"33019","departement":"Gironde","region":"Nouvelle-Aquitaine"}},{"type":"Feature","geometry":{"type":"Point","coordinates":[-0.79637,44.73136]},"properties":{"latitude":"44.73136","longitude":"-0.79637","bright_ti4":"335.82","scan":"0.38","track":"0.36","acq_date":"2026-07-27","acq_time":"1257","satellite":"N20","instrument":"VIIRS","confidence":"l","version":"2.0NRT","bright_ti5":"305.91","frp":"3.53","daynight":"D","commune":"Cestas","code_insee":"33122","departement":"Gironde","region":"Nouvelle-Aquitaine"}},{"type":"Feature","geometry":{"type":"Point","coordinates":[-0.80694,44.73313]},"properties":{"latitude":"44.73313","longitude":"-0.80694","bright_ti4":"335.75","scan":"0.38","track":"0.36","acq_date":"2026-07-27","acq_time":"1257","satellite":"N20","instrument":"VIIRS","confidence":"l","version":"2.0NRT","bright_ti5":"309.42","frp":"5.25","daynight":"D","commune":"Cestas","code_insee":"33122","departement":"Gironde","region":"Nouvelle-Aquitaine"}},{"type":"Feature","geometry":{"type":"Point","coordinates":[-0.80794,44.7364]},"properties":{"latitude":"44.7364","longitude":"-0.80794","bright_ti4":"343.27","scan":"0.38","track":"0.36","acq_date":"2026-07-27","acq_time":"1257","satellite":"N20","instrument":"VIIRS","confidence":"l","version":"2.0NRT","bright_ti5":"314.91","frp":"5.25","daynight":"D","commune":"Cestas","code_insee":"33122","departement":"Gironde","region":"Nouvelle-Aquitaine"}},{"type":"Feature","geometry":{"type":"Point","coordinates":[-0.80316,44.73714]},"properties":{"latitude":"44.73714","longitude":"-0.80316","bright_ti4":"334.89","scan":"0.38","track":"0.36","acq_date":"2026-07-27","acq_time":"1257","satellite":"N20","instrument":"VIIRS","confidence":"l","version":"2.0NRT","bright_ti5":"308.34","frp":"5.51","daynight":"D","commune":"Cestas","code_insee":"33122","departement":"Gironde","region":"Nouvelle-Aquitaine"}},{"type":"Feature","geometry":{"type":"Point","coordinates":[-0.89663,44.7704]},"properties":{"latitude":"44.7704","longitude":"-0.89663","bright_ti4":"349.85","scan":"0.38","track":"0.36","acq_date":"2026-07-27","acq_time":"1257","satellite":"N20","instrument":"VIIRS","confidence":"n","version":"2.0NRT","bright_ti5":"305.34","frp":"7.57","daynight":"D","commune":"Lanton","code_insee":"33229","departement":"Gironde","region":"Nouvelle-Aquitaine"}},{"type":"Feature","geometry":{"type":"Point","coordinates":[-1.2138,44.77171]},"properties":{"latitude":"44.77171","longitude":"-1.2138","bright_ti4":"344.88","scan":"0.39","track":"0.36","acq_date":"2026-07-27","acq_time":"1257","satellite":"N20","instrument":"VIIRS","confidence":"n","version":"2.0NRT","bright_ti5":"300.23","frp":"4.22","daynight":"D","commune":"Lège-Cap-Ferret","code_insee":"33236","departement":"Gironde","region":"Nouvelle-Aquitaine"}},{"type":"Feature","geometry":{"type":"Point","coordinates":[-1.21482,44.77497]},"properties":{"latitude":"44.77497","longitude":"-1.21482","bright_ti4":"332.88","scan":"0.39","track":"0.36","acq_date":"2026-07-27","acq_time":"1257","satellite":"N20","instrument":"VIIRS","confidence":"n","version":"2.0NRT","bright_ti5":"299.55","frp":"4.22","daynight":"D","commune":"Lège-Cap-Ferret","code_insee":"33236","departement":"Gironde","region":"Nouvelle-Aquitaine"}},{"type":"Feature","geometry":{"type":"Point","coordinates":[-0.88806,44.77516]},"properties":{"latitude":"44.77516","longitude":"-0.88806","bright_ti4":"335.02","scan":"0.38","track":"0.36","acq_date":"2026-07-27","acq_time":"1257","satellite":"N20","instrument":"VIIRS","confidence":"n","version":"2.0NRT","bright_ti5":"304.56","frp":"2.47","daynight":"D","commune":"Saint-Jean-d'Illac","code_insee":"33422","departement":"Gironde","region":"Nouvelle-Aquitaine"}},{"type":"Feature","geometry":{"type":"Point","coordinates":[-0.88327,44.77591]},"properties":{"latitude":"44.77591","longitude":"-0.88327","bright_ti4":"351.14","scan":"0.38","track":"0.36","acq_date":"2026-07-27","acq_time":"1257","satellite":"N20","instrument":"VIIRS","confidence":"n","version":"2.0NRT","bright_ti5":"309.62","frp":"5.36","daynight":"D","commune":"Saint-Jean-d'Illac","code_insee":"33422","departement":"Gironde","region":"Nouvelle-Aquitaine"}},{"type":"Feature","geometry":{"type":"Point","coordinates":[-0.87848,44.77665]},"properties":{"latitude":"44.77665","longitude":"-0.87848","bright_ti4":"346.39","scan":"0.38","track":"0.36","acq_date":"2026-07-27","acq_time":"1257","satellite":"N20","instrument":"VIIRS","confidence":"n","version":"2.0NRT","bright_ti5":"308.35","frp":"5.36","daynight":"D","commune":"Saint-Jean-d'Illac","code_insee":"33422","departement":"Gironde","region":"Nouvelle-Aquitaine"}},{"type":"Feature","geometry":{"type":"Point","coordinates":[-0.87369,44.7774]},"properties":{"latitude":"44.7774","longitude":"-0.87369","bright_ti4":"344.28","scan":"0.38","track":"0.36","acq_date":"2026-07-27","acq_time":"1257","satellite":"N20","instrument":"VIIRS","confidence":"n","version":"2.0NRT","bright_ti5":"307.17","frp":"11.61","daynight":"D","commune":"Saint-Jean-d'Illac","code_insee":"33422","departement":"Gironde","region":"Nouvelle-Aquitaine"}},{"type":"Feature","geometry":{"type":"Point","coordinates":[-0.8689,44.77815]},"properties":{"latitude":"44.77815","longitude":"-0.8689","bright_ti4":"348.59","scan":"0.38","track":"0.36","acq_date":"2026-07-27","acq_time":"1257","satellite":"N20","instrument":"VIIRS","confidence":"n","version":"2.0NRT","bright_ti5":"300.61","frp":"11.61","daynight":"D","commune":"Saint-Jean-d'Illac","code_insee":"33422","departement":"Gironde","region":"Nouvelle-Aquitaine"}},{"type":"Feature","geometry":{"type":"Point","coordinates":[-0.88428,44.77917]},"properties":{"latitude":"44.77917","longitude":"-0.88428","bright_ti4":"335.05","scan":"0.38","track":"0.36","acq_date":"2026-07-27","acq_time":"1257","satellite":"N20","instrument":"VIIRS","confidence":"n","version":"2.0NRT","bright_ti5":"299.6","frp":"5.36","daynight":"D","commune":"Saint-Jean-d'Illac","code_insee":"33422","departement":"Gironde","region":"Nouvelle-Aquitaine"}},{"type":"Feature","geometry":{"type":"Point","coordinates":[-1.17762,44.87342]},"properties":{"latitude":"44.87342","longitude":"-1.17762","bright_ti4":"333.73","scan":"0.38","track":"0.36","acq_date":"2026-07-27","acq_time":"1257","satellite":"N20","instrument":"VIIRS","confidence":"n","version":"2.0NRT","bright_ti5":"302.6","frp":"4.19","daynight":"D","commune":"Le Porge","code_insee":"33333","departement":"Gironde","region":"Nouvelle-Aquitaine"}},{"type":"Feature","geometry":{"type":"Point","coordinates":[-1.17282,44.87419]},"properties":{"latitude":"44.87419","longitude":"-1.17282","bright_ti4":"336.03","scan":"0.38","track":"0.36","acq_date":"2026-07-27","acq_time":"1257","satellite":"N20","instrument":"VIIRS","confidence":"n","version":"2.0NRT","bright_ti5":"306.66","frp":"6.03","daynight":"D","commune":"Le Porge","code_insee":"33333","departement":"Gironde","region":"Nouvelle-Aquitaine"}},{"type":"Feature","geometry":{"type":"Point","coordinates":[-0.89767,44.87982]},"properties":{"latitude":"44.87982","longitude":"-0.89767","bright_ti4":"341.28","scan":"0.38","track":"0.36","acq_date":"2026-07-27","acq_time":"1257","satellite":"N20","instrument":"VIIRS","confidence":"n","version":"2.0NRT","bright_ti5":"311.66","frp":"6.9","daynight":"D","commune":"Le Temple","code_insee":"33528","departement":"Gironde","region":"Nouvelle-Aquitaine"}},{"type":"Feature","geometry":{"type":"Point","coordinates":[-0.89287,44.88057]},"properties":{"latitude":"44.88057","longitude":"-0.89287","bright_ti4":"337.94","scan":"0.38","track":"0.36","acq_date":"2026-07-27","acq_time":"1257","satellite":"N20","instrument":"VIIRS","confidence":"l","version":"2.0NRT","bright_ti5":"310.05","frp":"4.56","daynight":"D","commune":"Le Temple","code_insee":"33528","departement":"Gironde","region":"Nouvelle-Aquitaine"}},{"type":"Feature","geometry":{"type":"Point","coordinates":[-0.89387,44.88383]},"properties":{"latitude":"44.88383","longitude":"-0.89387","bright_ti4":"343.6","scan":"0.38","track":"0.36","acq_date":"2026-07-27","acq_time":"1257","satellite":"N20","instrument":"VIIRS","confidence":"n","version":"2.0NRT","bright_ti5":"307.35","frp":"19.44","daynight":"D","commune":"Le Temple","code_insee":"33528","departement":"Gironde","region":"Nouvelle-Aquitaine"}},{"type":"Feature","geometry":{"type":"Point","coordinates":[-1.10444,44.93626]},"properties":{"latitude":"44.93626","longitude":"-1.10444","bright_ti4":"338.87","scan":"0.38","track":"0.36","acq_date":"2026-07-27","acq_time":"1257","satellite":"N20","instrument":"VIIRS","confidence":"n","version":"2.0NRT","bright_ti5":"307.03","frp":"5.22","daynight":"D","commune":"Lacanau","code_insee":"33214","departement":"Gironde","region":"Nouvelle-Aquitaine"}},{"type":"Feature","geometry":{"type":"Point","coordinates":[-1.00382,44.96919]},"properties":{"latitude":"44.96919","longitude":"-1.00382","bright_ti4":"337.91","scan":"0.38","track":"0.36","acq_date":"2026-07-27","acq_time":"1257","satellite":"N20","instrument":"VIIRS","confidence":"n","version":"2.0NRT","bright_ti5":"302.05","frp":"3.91","daynight":"D","commune":"Lacanau","code_insee":"33214","departement":"Gironde","region":"Nouvelle-Aquitaine"}},{"type":"Feature","geometry":{"type":"Point","coordinates":[-0.94263,45.74847]},"properties":{"latitude":"45.74847","longitude":"-0.94263","bright_ti4":"346.55","scan":"0.38","track":"0.36","acq_date":"2026-07-27","acq_time":"1257","satellite":"N20","instrument":"VIIRS","confidence":"n","version":"2.0NRT","bright_ti5":"307.1","frp":"11.95","daynight":"D","commune":"Sainte-Gemme","code_insee":"17330","departement":"Charente-Maritime","region":"Nouvelle-Aquitaine"}},{"type":"Feature","geometry":{"type":"Point","coordinates":[-1.20488,46.15276]},"properties":{"latitude":"46.15276","longitude":"-1.20488","bright_ti4":"337.81","scan":"0.38","track":"0.36","acq_date":"2026-07-27","acq_time":"1257","satellite":"N20","instrument":"VIIRS","confidence":"n","version":"2.0NRT","bright_ti5":"304.96","frp":"2.08","daynight":"D","commune":"La Rochelle","code_insee":"17300","departement":"Charente-Maritime","region":"Nouvelle-Aquitaine"}},{"type":"Feature","geometry":{"type":"Point","coordinates":[-0.98235,46.51499]},"properties":{"latitude":"46.51499","longitude":"-0.98235","bright_ti4":"346.75","scan":"0.38","track":"0.36","acq_date":"2026-07-27","acq_time":"1257","satellite":"N20","instrument":"VIIRS","confidence":"n","version":"2.0NRT","bright_ti5":"309.76","frp":"5","daynight":"D","commune":"Saint-Étienne-de-Brillouet","code_insee":"85209","departement":"Vendée","region":"Pays de la Loire"}},{"type":"Feature","geometry":{"type":"Point","coordinates":[-0.97741,46.51574]},"properties":{"latitude":"46.51574","longitude":"-0.97741","bright_ti4":"338.49","scan":"0.38","track":"0.36","acq_date":"2026-07-27","acq_time":"1257","satellite":"N20","instrument":"VIIRS","confidence":"l","version":"2.0NRT","bright_ti5":"310.01","frp":"5","daynight":"D","commune":"Pouillé","code_insee":"85181","departement":"Vendée","region":"Pays de la Loire"}},{"type":"Feature","geometry":{"type":"Point","coordinates":[0.15585,46.80725]},"properties":{"latitude":"46.80725","longitude":"0.15585","bright_ti4":"336.7","scan":"0.39","track":"0.36","acq_date":"2026-07-27","acq_time":"1257","satellite":"N20","instrument":"VIIRS","confidence":"n","version":"2.0NRT","bright_ti5":"308.46","frp":"11.25","daynight":"D","commune":"Chouppes","code_insee":"86075","departement":"Vienne","region":"Nouvelle-Aquitaine"}},{"type":"Feature","geometry":{"type":"Point","coordinates":[2.74932,47.07442]},"properties":{"latitude":"47.07442","longitude":"2.74932","bright_ti4":"346.3","scan":"0.45","track":"0.39","acq_date":"2026-07-27","acq_time":"1257","satellite":"N20","instrument":"VIIRS","confidence":"n","version":"2.0NRT","bright_ti5":"309.92","frp":"8.4","daynight":"D","commune":"Baugy","code_insee":"18023","departement":"Cher","region":"Centre-Val de Loire"}},{"type":"Feature","geometry":{"type":"Point","coordinates":[2.82546,47.49129]},"properties":{"latitude":"47.49129","longitude":"2.82546","bright_ti4":"339.89","scan":"0.46","track":"0.39","acq_date":"2026-07-27","acq_time":"1257","satellite":"N20","instrument":"VIIRS","confidence":"n","version":"2.0NRT","bright_ti5":"308.02","frp":"4.25","daynight":"D","commune":"Belleville-sur-Loire","code_insee":"18026","departement":"Cher","region":"Centre-Val de Loire"}},{"type":"Feature","geometry":{"type":"Point","coordinates":[2.82459,47.49487]},"properties":{"latitude":"47.49487","longitude":"2.82459","bright_ti4":"346.77","scan":"0.46","track":"0.39","acq_date":"2026-07-27","acq_time":"1257","satellite":"N20","instrument":"VIIRS","confidence":"n","version":"2.0NRT","bright_ti5":"307.22","frp":"13.11","daynight":"D","commune":"Belleville-sur-Loire","code_insee":"18026","departement":"Cher","region":"Centre-Val de Loire"}},{"type":"Feature","geometry":{"type":"Point","coordinates":[-1.33278,47.7035]},"properties":{"latitude":"47.7035","longitude":"-1.33278","bright_ti4":"339.01","scan":"0.38","track":"0.36","acq_date":"2026-07-27","acq_time":"1257","satellite":"N20","instrument":"VIIRS","confidence":"n","version":"2.0NRT","bright_ti5":"306.97","frp":"1.45","daynight":"D","commune":"Erbray","code_insee":"44054","departement":"Loire-Atlantique","region":"Pays de la Loire"}},{"type":"Feature","geometry":{"type":"Point","coordinates":[2.81379,48.11541]},"properties":{"latitude":"48.11541","longitude":"2.81379","bright_ti4":"340.78","scan":"0.46","track":"0.39","acq_date":"2026-07-27","acq_time":"1257","satellite":"N20","instrument":"VIIRS","confidence":"n","version":"2.0NRT","bright_ti5":"311.5","frp":"28.02","daynight":"D","commune":"Ferrières-en-Gâtinais","code_insee":"45145","departement":"Loiret","region":"Centre-Val de Loire"}},{"type":"Feature","geometry":{"type":"Point","coordinates":[2.81289,48.11901]},"properties":{"latitude":"48.11901","longitude":"2.81289","bright_ti4":"344.97","scan":"0.46","track":"0.39","acq_date":"2026-07-27","acq_time":"1257","satellite":"N20","instrument":"VIIRS","confidence":"n","version":"2.0NRT","bright_ti5":"308.45","frp":"8.82","daynight":"D","commune":"Ferrières-en-Gâtinais","code_insee":"45145","departement":"Loiret","region":"Centre-Val de Loire"}},{"type":"Feature","geometry":{"type":"Point","coordinates":[1.49047,48.43127]},"properties":{"latitude":"48.43127","longitude":"1.49047","bright_ti4":"333.93","scan":"0.43","track":"0.38","acq_date":"2026-07-27","acq_time":"1257","satellite":"N20","instrument":"VIIRS","confidence":"n","version":"2.0NRT","bright_ti5":"302.81","frp":"4.84","daynight":"D","commune":"Luisant","code_insee":"28220","departement":"Eure-et-Loir","region":"Centre-Val de Loire"}},{"type":"Feature","geometry":{"type":"Point","coordinates":[-2.11293,48.44394]},"properties":{"latitude":"48.44394","longitude":"-2.11293","bright_ti4":"349.46","scan":"0.38","track":"0.36","acq_date":"2026-07-27","acq_time":"1257","satellite":"N20","instrument":"VIIRS","confidence":"n","version":"2.0NRT","bright_ti5":"300.98","frp":"2.24","daynight":"D","commune":"Trélivan","code_insee":"22364","departement":"Côtes-d'Armor","region":"Bretagne"}},{"type":"Feature","geometry":{"type":"Point","coordinates":[-2.10782,48.44474]},"properties":{"latitude":"48.44474","longitude":"-2.10782","bright_ti4":"341.4","scan":"0.38","track":"0.36","acq_date":"2026-07-27","acq_time":"1257","satellite":"N20","instrument":"VIIRS","confidence":"n","version":"2.0NRT","bright_ti5":"297.88","frp":"2.24","daynight":"D","commune":"Trélivan","code_insee":"22364","departement":"Côtes-d'Armor","region":"Bretagne"}},{"type":"Feature","geometry":{"type":"Point","coordinates":[-2.11407,48.4472]},"properties":{"latitude":"48.4472","longitude":"-2.11407","bright_ti4":"353.09","scan":"0.38","track":"0.36","acq_date":"2026-07-27","acq_time":"1257","satellite":"N20","instrument":"VIIRS","confidence":"n","version":"2.0NRT","bright_ti5":"300.33","frp":"10.08","daynight":"D","commune":"Aucaleuc","code_insee":"22003","departement":"Côtes-d'Armor","region":"Bretagne"}},{"type":"Feature","geometry":{"type":"Point","coordinates":[-2.10896,48.44799]},"properties":{"latitude":"48.44799","longitude":"-2.10896","bright_ti4":"343.51","scan":"0.38","track":"0.36","acq_date":"2026-07-27","acq_time":"1257","satellite":"N20","instrument":"VIIRS","confidence":"n","version":"2.0NRT","bright_ti5":"298.22","frp":"10.08","daynight":"D","commune":"Aucaleuc","code_insee":"22003","departement":"Côtes-d'Armor","region":"Bretagne"}},{"type":"Feature","geometry":{"type":"Point","coordinates":[1.01333,49.15726]},"properties":{"latitude":"49.15726","longitude":"1.01333","bright_ti4":"367","scan":"0.42","track":"0.38","acq_date":"2026-07-27","acq_time":"1257","satellite":"N20","instrument":"VIIRS","confidence":"h","version":"2.0NRT","bright_ti5":"343.27","frp":"189","daynight":"D","commune":"Saint-Aubin-d'Écrosville","code_insee":"27511","departement":"Eure","region":"Normandie"}},{"type":"Feature","geometry":{"type":"Point","coordinates":[1.01234,49.1607]},"properties":{"latitude":"49.1607","longitude":"1.01234","bright_ti4":"346.19","scan":"0.42","track":"0.38","acq_date":"2026-07-27","acq_time":"1257","satellite":"N20","instrument":"VIIRS","confidence":"n","version":"2.0NRT","bright_ti5":"311.21","frp":"50.15","daynight":"D","commune":"Ecquetot","code_insee":"27215","departement":"Eure","region":"Normandie"}},{"type":"Feature","geometry":{"type":"Point","coordinates":[4.88823,43.43492]},"properties":{"latitude":"43.43492","longitude":"4.88823","bright_ti4":"346.64","scan":"0.43","track":"0.46","acq_date":"2026-07-27","acq_time":"1202","satellite":"N21","instrument":"VIIRS","confidence":"n","version":"2.0NRT","bright_ti5":"308.95","frp":"16","daynight":"D","commune":"Fos-sur-Mer","code_insee":"13039","departement":"Bouches-du-Rhône","region":"Provence-Alpes-Côte d'Azur"}},{"type":"Feature","geometry":{"type":"Point","coordinates":[4.8848,43.44297]},"properties":{"latitude":"43.44297","longitude":"4.8848","bright_ti4":"335.75","scan":"0.43","track":"0.46","acq_date":"2026-07-27","acq_time":"1202","satellite":"N21","instrument":"VIIRS","confidence":"l","version":"2.0NRT","bright_ti5":"307.05","frp":"46.5","daynight":"D","commune":"Fos-sur-Mer","code_insee":"13039","departement":"Bouches-du-Rhône","region":"Provence-Alpes-Côte d'Azur"}},{"type":"Feature","geometry":{"type":"Point","coordinates":[4.90001,43.44642]},"properties":{"latitude":"43.44642","longitude":"4.90001","bright_ti4":"342.14","scan":"0.43","track":"0.46","acq_date":"2026-07-27","acq_time":"1202","satellite":"N21","instrument":"VIIRS","confidence":"n","version":"2.0NRT","bright_ti5":"309.38","frp":"7.07","daynight":"D","commune":"Fos-sur-Mer","code_insee":"13039","departement":"Bouches-du-Rhône","region":"Provence-Alpes-Côte d'Azur"}},{"type":"Feature","geometry":{"type":"Point","coordinates":[-0.86057,44.72287]},"properties":{"latitude":"44.72287","longitude":"-0.86057","bright_ti4":"338.61","scan":"0.37","track":"0.58","acq_date":"2026-07-27","acq_time":"1202","satellite":"N21","instrument":"VIIRS","confidence":"n","version":"2.0NRT","bright_ti5":"295.86","frp":"7.01","daynight":"D","commune":"Audenge","code_insee":"33019","departement":"Gironde","region":"Nouvelle-Aquitaine"}},{"type":"Feature","geometry":{"type":"Point","coordinates":[-0.80886,44.73738]},"properties":{"latitude":"44.73738","longitude":"-0.80886","bright_ti4":"331.17","scan":"0.36","track":"0.58","acq_date":"2026-07-27","acq_time":"1202","satellite":"N21","instrument":"VIIRS","confidence":"l","version":"2.0NRT","bright_ti5":"305.23","frp":"5.39","daynight":"D","commune":"Cestas","code_insee":"33122","departement":"Gironde","region":"Nouvelle-Aquitaine"}},{"type":"Feature","geometry":{"type":"Point","coordinates":[-0.86784,44.77819]},"properties":{"latitude":"44.77819","longitude":"-0.86784","bright_ti4":"346.63","scan":"0.37","track":"0.58","acq_date":"2026-07-27","acq_time":"1202","satellite":"N21","instrument":"VIIRS","confidence":"n","version":"2.0NRT","bright_ti5":"296.83","frp":"6.46","daynight":"D","commune":"Saint-Jean-d'Illac","code_insee":"33422","departement":"Gironde","region":"Nouvelle-Aquitaine"}},{"type":"Feature","geometry":{"type":"Point","coordinates":[-0.88775,44.77827]},"properties":{"latitude":"44.77827","longitude":"-0.88775","bright_ti4":"332.36","scan":"0.37","track":"0.58","acq_date":"2026-07-27","acq_time":"1202","satellite":"N21","instrument":"VIIRS","confidence":"n","version":"2.0NRT","bright_ti5":"295.18","frp":"3.09","daynight":"D","commune":"Saint-Jean-d'Illac","code_insee":"33422","departement":"Gironde","region":"Nouvelle-Aquitaine"}},{"type":"Feature","geometry":{"type":"Point","coordinates":[-0.89677,44.88502]},"properties":{"latitude":"44.88502","longitude":"-0.89677","bright_ti4":"336.92","scan":"0.36","track":"0.58","acq_date":"2026-07-27","acq_time":"1202","satellite":"N21","instrument":"VIIRS","confidence":"n","version":"2.0NRT","bright_ti5":"296.53","frp":"2.6","daynight":"D","commune":"Le Temple","code_insee":"33528","departement":"Gironde","region":"Nouvelle-Aquitaine"}},{"type":"Feature","geometry":{"type":"Point","coordinates":[0.15456,46.80645]},"properties":{"latitude":"46.80645","longitude":"0.15456","bright_ti4":"338.39","scan":"0.57","track":"0.52","acq_date":"2026-07-27","acq_time":"1202","satellite":"N21","instrument":"VIIRS","confidence":"n","version":"2.0NRT","bright_ti5":"299.05","frp":"6.77","daynight":"D","commune":"Chouppes","code_insee":"86075","departement":"Vienne","region":"Nouvelle-Aquitaine"}},{"type":"Feature","geometry":{"type":"Point","coordinates":[2.7503,47.07672]},"properties":{"latitude":"47.07672","longitude":"2.7503","bright_ti4":"354.99","scan":"0.43","track":"0.46","acq_date":"2026-07-27","acq_time":"1202","satellite":"N21","instrument":"VIIRS","confidence":"n","version":"2.0NRT","bright_ti5":"306.28","frp":"11.29","daynight":"D","commune":"Baugy","code_insee":"18023","departement":"Cher","region":"Centre-Val de Loire"}},{"type":"Feature","geometry":{"type":"Point","coordinates":[-2.05808,47.31756]},"properties":{"latitude":"47.31756","longitude":"-2.05808","bright_ti4":"345.29","scan":"0.35","track":"0.56","acq_date":"2026-07-27","acq_time":"1204","satellite":"N21","instrument":"VIIRS","confidence":"n","version":"2.0NRT","bright_ti5":"301.67","frp":"6.19","daynight":"D","commune":"Donges","code_insee":"44052","departement":"Loire-Atlantique","region":"Pays de la Loire"}},{"type":"Feature","geometry":{"type":"Point","coordinates":[2.29497,51.04369]},"properties":{"latitude":"51.04369","longitude":"2.29497","bright_ti4":"336.78","scan":"0.55","track":"0.42","acq_date":"2026-07-27","acq_time":"1204","satellite":"N21","instrument":"VIIRS","confidence":"n","version":"2.0NRT","bright_ti5":"298.36","frp":"6.56","daynight":"D","commune":"Grande-Synthe","code_insee":"59271","departement":"Nord","region":"Hauts-de-France"}},{"type":"Feature","geometry":{"type":"Point","coordinates":[2.29388,51.04476]},"properties":{"latitude":"51.04476","longitude":"2.29388","bright_ti4":"334.73","scan":"0.55","track":"0.42","acq_date":"2026-07-27","acq_time":"1204","satellite":"N21","instrument":"VIIRS","confidence":"n","version":"2.0NRT","bright_ti5":"293.99","frp":"7.07","daynight":"D","commune":"Grande-Synthe","code_insee":"59271","departement":"Nord","region":"Hauts-de-France"}},{"type":"Feature","geometry":{"type":"Point","coordinates":[4.88137,43.44339]},"properties":{"latitude":"43.44339","longitude":"4.88137","bright_ti4":"367","scan":"0.68","track":"0.74","acq_date":"2026-07-27","acq_time":"1342","satellite":"N21","instrument":"VIIRS","confidence":"h","version":"2.0NRT","bright_ti5":"301.44","frp":"35.32","daynight":"D","commune":"Fos-sur-Mer","code_insee":"13039","departement":"Bouches-du-Rhône","region":"Provence-Alpes-Côte d'Azur"}},{"type":"Feature","geometry":{"type":"Point","coordinates":[4.87776,43.44458]},"properties":{"latitude":"43.44458","longitude":"4.87776","bright_ti4":"367","scan":"0.68","track":"0.74","acq_date":"2026-07-27","acq_time":"1342","satellite":"N21","instrument":"VIIRS","confidence":"h","version":"2.0NRT","bright_ti5":"299.56","frp":"33.12","daynight":"D","commune":"Fos-sur-Mer","code_insee":"13039","departement":"Bouches-du-Rhône","region":"Provence-Alpes-Côte d'Azur"}},{"type":"Feature","geometry":{"type":"Point","coordinates":[0.73043,44.68539]},"properties":{"latitude":"44.68539","longitude":"0.73043","bright_ti4":"351.24","scan":"0.42","track":"0.61","acq_date":"2026-07-27","acq_time":"1344","satellite":"N21","instrument":"VIIRS","confidence":"n","version":"2.0NRT","bright_ti5":"300.22","frp":"5.62","daynight":"D","commune":"Beaumontois en Périgord","code_insee":"24028","departement":"Dordogne","region":"Nouvelle-Aquitaine"}},{"type":"Feature","geometry":{"type":"Point","coordinates":[-0.86458,44.72451]},"properties":{"latitude":"44.72451","longitude":"-0.86458","bright_ti4":"338.34","scan":"0.35","track":"0.57","acq_date":"2026-07-27","acq_time":"1344","satellite":"N21","instrument":"VIIRS","confidence":"n","version":"2.0NRT","bright_ti5":"302.08","frp":"5.3","daynight":"D","commune":"Audenge","code_insee":"33019","departement":"Gironde","region":"Nouvelle-Aquitaine"}},{"type":"Feature","geometry":{"type":"Point","coordinates":[-0.86013,44.72472]},"properties":{"latitude":"44.72472","longitude":"-0.86013","bright_ti4":"339.67","scan":"0.35","track":"0.57","acq_date":"2026-07-27","acq_time":"1344","satellite":"N21","instrument":"VIIRS","confidence":"n","version":"2.0NRT","bright_ti5":"301.41","frp":"5.3","daynight":"D","commune":"Audenge","code_insee":"33019","departement":"Gironde","region":"Nouvelle-Aquitaine"}},{"type":"Feature","geometry":{"type":"Point","coordinates":[-0.89889,44.77052]},"properties":{"latitude":"44.77052","longitude":"-0.89889","bright_ti4":"337.74","scan":"0.35","track":"0.57","acq_date":"2026-07-27","acq_time":"1344","satellite":"N21","instrument":"VIIRS","confidence":"n","version":"2.0NRT","bright_ti5":"297.94","frp":"3.7","daynight":"D","commune":"Lanton","code_insee":"33229","departement":"Gironde","region":"Nouvelle-Aquitaine"}},{"type":"Feature","geometry":{"type":"Point","coordinates":[-0.89497,44.77595]},"properties":{"latitude":"44.77595","longitude":"-0.89497","bright_ti4":"331.69","scan":"0.35","track":"0.57","acq_date":"2026-07-27","acq_time":"1344","satellite":"N21","instrument":"VIIRS","confidence":"n","version":"2.0NRT","bright_ti5":"294.39","frp":"3.75","daynight":"D","commune":"Lanton","code_insee":"33229","departement":"Gironde","region":"Nouvelle-Aquitaine"}},{"type":"Feature","geometry":{"type":"Point","coordinates":[-0.88609,44.77635]},"properties":{"latitude":"44.77635","longitude":"-0.88609","bright_ti4":"342.81","scan":"0.35","track":"0.57","acq_date":"2026-07-27","acq_time":"1344","satellite":"N21","instrument":"VIIRS","confidence":"n","version":"2.0NRT","bright_ti5":"298.11","frp":"32.89","daynight":"D","commune":"Saint-Jean-d'Illac","code_insee":"33422","departement":"Gironde","region":"Nouvelle-Aquitaine"}},{"type":"Feature","geometry":{"type":"Point","coordinates":[-0.88163,44.77655]},"properties":{"latitude":"44.77655","longitude":"-0.88163","bright_ti4":"261.97","scan":"0.35","track":"0.57","acq_date":"2026-07-27","acq_time":"1344","satellite":"N21","instrument":"VIIRS","confidence":"l","version":"2.0NRT","bright_ti5":"314.17","frp":"32.89","daynight":"D","commune":"Saint-Jean-d'Illac","code_insee":"33422","departement":"Gironde","region":"Nouvelle-Aquitaine"}},{"type":"Feature","geometry":{"type":"Point","coordinates":[-0.87718,44.77675]},"properties":{"latitude":"44.77675","longitude":"-0.87718","bright_ti4":"367","scan":"0.35","track":"0.57","acq_date":"2026-07-27","acq_time":"1344","satellite":"N21","instrument":"VIIRS","confidence":"h","version":"2.0NRT","bright_ti5":"301.3","frp":"18.44","daynight":"D","commune":"Saint-Jean-d'Illac","code_insee":"33422","departement":"Gironde","region":"Nouvelle-Aquitaine"}},{"type":"Feature","geometry":{"type":"Point","coordinates":[-0.87273,44.77695]},"properties":{"latitude":"44.77695","longitude":"-0.87273","bright_ti4":"332.95","scan":"0.35","track":"0.57","acq_date":"2026-07-27","acq_time":"1344","satellite":"N21","instrument":"VIIRS","confidence":"n","version":"2.0NRT","bright_ti5":"298.35","frp":"18.44","daynight":"D","commune":"Saint-Jean-d'Illac","code_insee":"33422","departement":"Gironde","region":"Nouvelle-Aquitaine"}},{"type":"Feature","geometry":{"type":"Point","coordinates":[-0.8821,44.78178]},"properties":{"latitude":"44.78178","longitude":"-0.8821","bright_ti4":"343.9","scan":"0.35","track":"0.57","acq_date":"2026-07-27","acq_time":"1344","satellite":"N21","instrument":"VIIRS","confidence":"n","version":"2.0NRT","bright_ti5":"296.3","frp":"32.89","daynight":"D","commune":"Saint-Jean-d'Illac","code_insee":"33422","departement":"Gironde","region":"Nouvelle-Aquitaine"}},{"type":"Feature","geometry":{"type":"Point","coordinates":[-0.87763,44.78199]},"properties":{"latitude":"44.78199","longitude":"-0.87763","bright_ti4":"330.04","scan":"0.35","track":"0.57","acq_date":"2026-07-27","acq_time":"1344","satellite":"N21","instrument":"VIIRS","confidence":"n","version":"2.0NRT","bright_ti5":"295.67","frp":"18.44","daynight":"D","commune":"Saint-Jean-d'Illac","code_insee":"33422","departement":"Gironde","region":"Nouvelle-Aquitaine"}},{"type":"Feature","geometry":{"type":"Point","coordinates":[-0.87318,44.78219]},"properties":{"latitude":"44.78219","longitude":"-0.87318","bright_ti4":"330.02","scan":"0.35","track":"0.57","acq_date":"2026-07-27","acq_time":"1344","satellite":"N21","instrument":"VIIRS","confidence":"n","version":"2.0NRT","bright_ti5":"295.16","frp":"18.44","daynight":"D","commune":"Saint-Jean-d'Illac","code_insee":"33422","departement":"Gironde","region":"Nouvelle-Aquitaine"}},{"type":"Feature","geometry":{"type":"Point","coordinates":[-1.17615,44.87347]},"properties":{"latitude":"44.87347","longitude":"-1.17615","bright_ti4":"334.73","scan":"0.34","track":"0.56","acq_date":"2026-07-27","acq_time":"1344","satellite":"N21","instrument":"VIIRS","confidence":"n","version":"2.0NRT","bright_ti5":"298.47","frp":"3.65","daynight":"D","commune":"Le Porge","code_insee":"33333","departement":"Gironde","region":"Nouvelle-Aquitaine"}},{"type":"Feature","geometry":{"type":"Point","coordinates":[-0.89913,44.88117]},"properties":{"latitude":"44.88117","longitude":"-0.89913","bright_ti4":"341.39","scan":"0.35","track":"0.57","acq_date":"2026-07-27","acq_time":"1344","satellite":"N21","instrument":"VIIRS","confidence":"n","version":"2.0NRT","bright_ti5":"303.97","frp":"21.1","daynight":"D","commune":"Le Temple","code_insee":"33528","departement":"Gironde","region":"Nouvelle-Aquitaine"}},{"type":"Feature","geometry":{"type":"Point","coordinates":[-0.89467,44.88137]},"properties":{"latitude":"44.88137","longitude":"-0.89467","bright_ti4":"367","scan":"0.35","track":"0.57","acq_date":"2026-07-27","acq_time":"1344","satellite":"N21","instrument":"VIIRS","confidence":"h","version":"2.0NRT","bright_ti5":"306.77","frp":"19.52","daynight":"D","commune":"Le Temple","code_insee":"33528","departement":"Gironde","region":"Nouvelle-Aquitaine"}},{"type":"Feature","geometry":{"type":"Point","coordinates":[-0.89516,44.88661]},"properties":{"latitude":"44.88661","longitude":"-0.89516","bright_ti4":"367","scan":"0.35","track":"0.57","acq_date":"2026-07-27","acq_time":"1344","satellite":"N21","instrument":"VIIRS","confidence":"h","version":"2.0NRT","bright_ti5":"300.01","frp":"19.52","daynight":"D","commune":"Le Temple","code_insee":"33528","departement":"Gironde","region":"Nouvelle-Aquitaine"}},{"type":"Feature","geometry":{"type":"Point","coordinates":[-0.96868,44.90941]},"properties":{"latitude":"44.90941","longitude":"-0.96868","bright_ti4":"345.55","scan":"0.35","track":"0.57","acq_date":"2026-07-27","acq_time":"1344","satellite":"N21","instrument":"VIIRS","confidence":"n","version":"2.0NRT","bright_ti5":"300.2","frp":"5.35","daynight":"D","commune":"Saumos","code_insee":"33503","departement":"Gironde","region":"Nouvelle-Aquitaine"}},{"type":"Feature","geometry":{"type":"Point","coordinates":[-0.96426,44.90962]},"properties":{"latitude":"44.90962","longitude":"-0.96426","bright_ti4":"340.55","scan":"0.35","track":"0.57","acq_date":"2026-07-27","acq_time":"1344","satellite":"N21","instrument":"VIIRS","confidence":"n","version":"2.0NRT","bright_ti5":"298.74","frp":"5.35","daynight":"D","commune":"Saumos","code_insee":"33503","departement":"Gironde","region":"Nouvelle-Aquitaine"}},{"type":"Feature","geometry":{"type":"Point","coordinates":[-0.93817,44.9161]},"properties":{"latitude":"44.9161","longitude":"-0.93817","bright_ti4":"329.77","scan":"0.35","track":"0.57","acq_date":"2026-07-27","acq_time":"1344","satellite":"N21","instrument":"VIIRS","confidence":"n","version":"2.0NRT","bright_ti5":"296.64","frp":"1.6","daynight":"D","commune":"Sainte-Hélène","code_insee":"33417","departement":"Gironde","region":"Nouvelle-Aquitaine"}},{"type":"Feature","geometry":{"type":"Point","coordinates":[-1.10881,44.93523]},"properties":{"latitude":"44.93523","longitude":"-1.10881","bright_ti4":"332.26","scan":"0.34","track":"0.56","acq_date":"2026-07-27","acq_time":"1344","satellite":"N21","instrument":"VIIRS","confidence":"n","version":"2.0NRT","bright_ti5":"295.47","frp":"7.15","daynight":"D","commune":"Lacanau","code_insee":"33214","departement":"Gironde","region":"Nouvelle-Aquitaine"}},{"type":"Feature","geometry":{"type":"Point","coordinates":[-1.10819,44.93911]},"properties":{"latitude":"44.93911","longitude":"-1.10819","bright_ti4":"337.35","scan":"0.34","track":"0.56","acq_date":"2026-07-27","acq_time":"1344","satellite":"N21","instrument":"VIIRS","confidence":"n","version":"2.0NRT","bright_ti5":"296.18","frp":"4.5","daynight":"D","commune":"Lacanau","code_insee":"33214","departement":"Gironde","region":"Nouvelle-Aquitaine"}},{"type":"Feature","geometry":{"type":"Point","coordinates":[0.15645,46.80696]},"properties":{"latitude":"46.80696","longitude":"0.15645","bright_ti4":"347.83","scan":"0.41","track":"0.61","acq_date":"2026-07-27","acq_time":"1344","satellite":"N21","instrument":"VIIRS","confidence":"n","version":"2.0NRT","bright_ti5":"300.91","frp":"5.51","daynight":"D","commune":"Chouppes","code_insee":"86075","departement":"Vienne","region":"Nouvelle-Aquitaine"}},{"type":"Feature","geometry":{"type":"Point","coordinates":[2.74888,47.07476]},"properties":{"latitude":"47.07476","longitude":"2.74888","bright_ti4":"339.63","scan":"0.55","track":"0.68","acq_date":"2026-07-27","acq_time":"1344","satellite":"N21","instrument":"VIIRS","confidence":"n","version":"2.0NRT","bright_ti5":"301.5","frp":"5.71","daynight":"D","commune":"Baugy","code_insee":"18023","departement":"Cher","region":"Centre-Val de Loire"}},{"type":"Feature","geometry":{"type":"Point","coordinates":[2.8235,47.49728]},"properties":{"latitude":"47.49728","longitude":"2.8235","bright_ti4":"346.11","scan":"0.56","track":"0.69","acq_date":"2026-07-27","acq_time":"1344","satellite":"N21","instrument":"VIIRS","confidence":"n","version":"2.0NRT","bright_ti5":"298.28","frp":"6.52","daynight":"D","commune":"Beaulieu-sur-Loire","code_insee":"45029","departement":"Loiret","region":"Centre-Val de Loire"}},{"type":"Feature","geometry":{"type":"Point","coordinates":[0.94128,48.33732]},"properties":{"latitude":"48.33732","longitude":"0.94128","bright_ti4":"349.72","scan":"0.46","track":"0.63","acq_date":"2026-07-27","acq_time":"1344","satellite":"N21","instrument":"VIIRS","confidence":"n","version":"2.0NRT","bright_ti5":"298.65","frp":"6.12","daynight":"D","commune":"Arcisses","code_insee":"28236","departement":"Eure-et-Loir","region":"Centre-Val de Loire"}},{"type":"Feature","geometry":{"type":"Point","coordinates":[2.29995,51.04713]},"properties":{"latitude":"51.04713","longitude":"2.29995","bright_ti4":"336.62","scan":"0.54","track":"0.68","acq_date":"2026-07-27","acq_time":"1344","satellite":"N21","instrument":"VIIRS","confidence":"n","version":"2.0NRT","bright_ti5":"293.27","frp":"9.65","daynight":"D","commune":"Grande-Synthe","code_insee":"59271","departement":"Nord","region":"Hauts-de-France"}}]}