{"type":"FeatureCollection","features":[{"type":"Feature","geometry":{"type":"Point","coordinates":[4.89257,43.43246]},"properties":{"latitude":"43.43246","longitude":"4.89257","bright_ti4":"305.51","scan":"0.75","track":"0.77","acq_date":"2026-07-29","acq_time":"37","satellite":"N","instrument":"VIIRS","confidence":"n","version":"2.0NRT","bright_ti5":"292.57","frp":"2.48","daynight":"N","commune":"Fos-sur-Mer","code_insee":"13039","departement":"Bouches-du-Rhône","region":"Provence-Alpes-Côte d'Azur"}},{"type":"Feature","geometry":{"type":"Point","coordinates":[4.88779,43.43436]},"properties":{"latitude":"43.43436","longitude":"4.88779","bright_ti4":"315.25","scan":"0.75","track":"0.77","acq_date":"2026-07-29","acq_time":"37","satellite":"N","instrument":"VIIRS","confidence":"n","version":"2.0NRT","bright_ti5":"292.56","frp":"5.16","daynight":"N","commune":"Fos-sur-Mer","code_insee":"13039","departement":"Bouches-du-Rhône","region":"Provence-Alpes-Côte d'Azur"}},{"type":"Feature","geometry":{"type":"Point","coordinates":[4.88774,43.44157]},"properties":{"latitude":"43.44157","longitude":"4.88774","bright_ti4":"309.13","scan":"0.75","track":"0.77","acq_date":"2026-07-29","acq_time":"37","satellite":"N","instrument":"VIIRS","confidence":"n","version":"2.0NRT","bright_ti5":"292.48","frp":"3.92","daynight":"N","commune":"Fos-sur-Mer","code_insee":"13039","departement":"Bouches-du-Rhône","region":"Provence-Alpes-Côte d'Azur"}},{"type":"Feature","geometry":{"type":"Point","coordinates":[4.89753,43.44163]},"properties":{"latitude":"43.44163","longitude":"4.89753","bright_ti4":"302.17","scan":"0.75","track":"0.77","acq_date":"2026-07-29","acq_time":"37","satellite":"N","instrument":"VIIRS","confidence":"n","version":"2.0NRT","bright_ti5":"291.45","frp":"1.94","daynight":"N","commune":"Fos-sur-Mer","code_insee":"13039","departement":"Bouches-du-Rhône","region":"Provence-Alpes-Côte d'Azur"}},{"type":"Feature","geometry":{"type":"Point","coordinates":[-1.03803,48.10893]},"properties":{"latitude":"48.10893","longitude":"-1.03803","bright_ti4":"307.57","scan":"0.39","track":"0.36","acq_date":"2026-07-29","acq_time":"213","satellite":"N","instrument":"VIIRS","confidence":"n","version":"2.0NRT","bright_ti5":"293.07","frp":"0.71","daynight":"N","commune":"Saint-Pierre-la-Cour","code_insee":"53247","departement":"Mayenne","region":"Pays de la Loire"}},{"type":"Feature","geometry":{"type":"Point","coordinates":[2.98184,48.38662]},"properties":{"latitude":"48.38662","longitude":"2.98184","bright_ti4":"307.73","scan":"0.41","track":"0.37","acq_date":"2026-07-29","acq_time":"213","satellite":"N","instrument":"VIIRS","confidence":"n","version":"2.0NRT","bright_ti5":"291.93","frp":"1.07","daynight":"N","commune":"Montereau-Fault-Yonne","code_insee":"77305","departement":"Seine-et-Marne","region":"Île-de-France"}},{"type":"Feature","geometry":{"type":"Point","coordinates":[2.37369,48.58676]},"properties":{"latitude":"48.58676","longitude":"2.37369","bright_ti4":"300.75","scan":"0.4","track":"0.37","acq_date":"2026-07-29","acq_time":"213","satellite":"N","instrument":"VIIRS","confidence":"n","version":"2.0NRT","bright_ti5":"290.31","frp":"0.56","daynight":"N","commune":"Vert-le-Grand","code_insee":"91648","departement":"Essonne","region":"Île-de-France"}},{"type":"Feature","geometry":{"type":"Point","coordinates":[6.96811,48.69068]},"properties":{"latitude":"48.69068","longitude":"6.96811","bright_ti4":"302.77","scan":"0.53","track":"0.42","acq_date":"2026-07-29","acq_time":"213","satellite":"N","instrument":"VIIRS","confidence":"n","version":"2.0NRT","bright_ti5":"289.55","frp":"1.31","daynight":"N","commune":"Héming","code_insee":"57314","departement":"Moselle","region":"Grand Est"}},{"type":"Feature","geometry":{"type":"Point","coordinates":[0.53254,49.47802]},"properties":{"latitude":"49.47802","longitude":"0.53254","bright_ti4":"307.19","scan":"0.38","track":"0.36","acq_date":"2026-07-29","acq_time":"213","satellite":"N","instrument":"VIIRS","confidence":"n","version":"2.0NRT","bright_ti5":"291.13","frp":"0.81","daynight":"N","commune":"Lillebonne","code_insee":"76384","departement":"Seine-Maritime","region":"Normandie"}},{"type":"Feature","geometry":{"type":"Point","coordinates":[2.11222,50.69664]},"properties":{"latitude":"50.69664","longitude":"2.11222","bright_ti4":"302.33","scan":"0.39","track":"0.36","acq_date":"2026-07-29","acq_time":"213","satellite":"N","instrument":"VIIRS","confidence":"n","version":"2.0NRT","bright_ti5":"287.32","frp":"0.81","daynight":"N","commune":"Lumbres","code_insee":"62534","departement":"Pas-de-Calais","region":"Hauts-de-France"}},{"type":"Feature","geometry":{"type":"Point","coordinates":[1.89014,50.96958]},"properties":{"latitude":"50.96958","longitude":"1.89014","bright_ti4":"299.45","scan":"0.39","track":"0.36","acq_date":"2026-07-29","acq_time":"213","satellite":"N","instrument":"VIIRS","confidence":"n","version":"2.0NRT","bright_ti5":"288.37","frp":"0.55","daynight":"N","commune":"Calais","code_insee":"62193","departement":"Pas-de-Calais","region":"Hauts-de-France"}},{"type":"Feature","geometry":{"type":"Point","coordinates":[2.27282,51.02657]},"properties":{"latitude":"51.02657","longitude":"2.27282","bright_ti4":"311.15","scan":"0.39","track":"0.36","acq_date":"2026-07-29","acq_time":"213","satellite":"N","instrument":"VIIRS","confidence":"n","version":"2.0NRT","bright_ti5":"289.1","frp":"1.21","daynight":"N","commune":"Grande-Synthe","code_insee":"59271","departement":"Nord","region":"Hauts-de-France"}},{"type":"Feature","geometry":{"type":"Point","coordinates":[2.27419,51.02982]},"properties":{"latitude":"51.02982","longitude":"2.27419","bright_ti4":"305.35","scan":"0.39","track":"0.36","acq_date":"2026-07-29","acq_time":"213","satellite":"N","instrument":"VIIRS","confidence":"n","version":"2.0NRT","bright_ti5":"289.59","frp":"1.21","daynight":"N","commune":"Grande-Synthe","code_insee":"59271","departement":"Nord","region":"Hauts-de-France"}},{"type":"Feature","geometry":{"type":"Point","coordinates":[2.28638,51.03125]},"properties":{"latitude":"51.03125","longitude":"2.28638","bright_ti4":"303.42","scan":"0.39","track":"0.36","acq_date":"2026-07-29","acq_time":"213","satellite":"N","instrument":"VIIRS","confidence":"n","version":"2.0NRT","bright_ti5":"290.74","frp":"1.61","daynight":"N","commune":"Grande-Synthe","code_insee":"59271","departement":"Nord","region":"Hauts-de-France"}},{"type":"Feature","geometry":{"type":"Point","coordinates":[2.27557,51.03307]},"properties":{"latitude":"51.03307","longitude":"2.27557","bright_ti4":"303.5","scan":"0.39","track":"0.36","acq_date":"2026-07-29","acq_time":"213","satellite":"N","instrument":"VIIRS","confidence":"n","version":"2.0NRT","bright_ti5":"289.72","frp":"0.97","daynight":"N","commune":"Grande-Synthe","code_insee":"59271","departement":"Nord","region":"Hauts-de-France"}},{"type":"Feature","geometry":{"type":"Point","coordinates":[2.28776,51.0345]},"properties":{"latitude":"51.0345","longitude":"2.28776","bright_ti4":"325.86","scan":"0.39","track":"0.36","acq_date":"2026-07-29","acq_time":"213","satellite":"N","instrument":"VIIRS","confidence":"n","version":"2.0NRT","bright_ti5":"291.41","frp":"1.61","daynight":"N","commune":"Grande-Synthe","code_insee":"59271","departement":"Nord","region":"Hauts-de-France"}},{"type":"Feature","geometry":{"type":"Point","coordinates":[2.29051,51.04101]},"properties":{"latitude":"51.04101","longitude":"2.29051","bright_ti4":"304.27","scan":"0.39","track":"0.36","acq_date":"2026-07-29","acq_time":"213","satellite":"N","instrument":"VIIRS","confidence":"n","version":"2.0NRT","bright_ti5":"290.88","frp":"1.08","daynight":"N","commune":"Grande-Synthe","code_insee":"59271","departement":"Nord","region":"Hauts-de-France"}},{"type":"Feature","geometry":{"type":"Point","coordinates":[2.2973,51.04336]},"properties":{"latitude":"51.04336","longitude":"2.2973","bright_ti4":"334.31","scan":"0.39","track":"0.36","acq_date":"2026-07-29","acq_time":"213","satellite":"N","instrument":"VIIRS","confidence":"n","version":"2.0NRT","bright_ti5":"294.04","frp":"2.24","daynight":"N","commune":"Grande-Synthe","code_insee":"59271","departement":"Nord","region":"Hauts-de-France"}},{"type":"Feature","geometry":{"type":"Point","coordinates":[2.32171,51.04622]},"properties":{"latitude":"51.04622","longitude":"2.32171","bright_ti4":"328.37","scan":"0.39","track":"0.36","acq_date":"2026-07-29","acq_time":"213","satellite":"N","instrument":"VIIRS","confidence":"n","version":"2.0NRT","bright_ti5":"292.46","frp":"2.85","daynight":"N","commune":"Dunkerque","code_insee":"59183","departement":"Nord","region":"Hauts-de-France"}},{"type":"Feature","geometry":{"type":"Point","coordinates":[2.29868,51.04661]},"properties":{"latitude":"51.04661","longitude":"2.29868","bright_ti4":"320.65","scan":"0.39","track":"0.36","acq_date":"2026-07-29","acq_time":"213","satellite":"N","instrument":"VIIRS","confidence":"n","version":"2.0NRT","bright_ti5":"291.7","frp":"2.24","daynight":"N","commune":"Grande-Synthe","code_insee":"59271","departement":"Nord","region":"Hauts-de-France"}},{"type":"Feature","geometry":{"type":"Point","coordinates":[2.31629,51.04713]},"properties":{"latitude":"51.04713","longitude":"2.31629","bright_ti4":"307.61","scan":"0.39","track":"0.36","acq_date":"2026-07-29","acq_time":"213","satellite":"N","instrument":"VIIRS","confidence":"n","version":"2.0NRT","bright_ti5":"291.38","frp":"2.27","daynight":"N","commune":"Dunkerque","code_insee":"59183","departement":"Nord","region":"Hauts-de-France"}},{"type":"Feature","geometry":{"type":"Point","coordinates":[2.25864,42.49106]},"properties":{"latitude":"42.49106","longitude":"2.25864","bright_ti4":"302.9","scan":"0.47","track":"0.39","acq_date":"2026-07-29","acq_time":"215","satellite":"N","instrument":"VIIRS","confidence":"n","version":"2.0NRT","bright_ti5":"287.07","frp":"0.55","daynight":"N","commune":"Nyer","code_insee":"66123","departement":"Pyrénées-Orientales","region":"Occitanie"}},{"type":"Feature","geometry":{"type":"Point","coordinates":[0.09163,42.8685]},"properties":{"latitude":"42.8685","longitude":"0.09163","bright_ti4":"303.7","scan":"0.4","track":"0.37","acq_date":"2026-07-29","acq_time":"215","satellite":"N","instrument":"VIIRS","confidence":"n","version":"2.0NRT","bright_ti5":"289.86","frp":"1.39","daynight":"N","commune":"Barèges","code_insee":"65481","departement":"Hautes-Pyrénées","region":"Occitanie"}},{"type":"Feature","geometry":{"type":"Point","coordinates":[0.98717,43.18517]},"properties":{"latitude":"43.18517","longitude":"0.98717","bright_ti4":"302.9","scan":"0.42","track":"0.38","acq_date":"2026-07-29","acq_time":"215","satellite":"N","instrument":"VIIRS","confidence":"n","version":"2.0NRT","bright_ti5":"292.37","frp":"0.96","daynight":"N","commune":"Martres-Tolosane","code_insee":"31324","departement":"Haute-Garonne","region":"Occitanie"}},{"type":"Feature","geometry":{"type":"Point","coordinates":[5.01425,43.38001]},"properties":{"latitude":"43.38001","longitude":"5.01425","bright_ti4":"311.51","scan":"0.38","track":"0.43","acq_date":"2026-07-29","acq_time":"215","satellite":"N","instrument":"VIIRS","confidence":"n","version":"2.0NRT","bright_ti5":"293.81","frp":"0.93","daynight":"N","commune":"Martigues","code_insee":"13056","departement":"Bouches-du-Rhône","region":"Provence-Alpes-Côte d'Azur"}},{"type":"Feature","geometry":{"type":"Point","coordinates":[4.89722,43.43146]},"properties":{"latitude":"43.43146","longitude":"4.89722","bright_ti4":"304.54","scan":"0.57","track":"0.43","acq_date":"2026-07-29","acq_time":"215","satellite":"N","instrument":"VIIRS","confidence":"n","version":"2.0NRT","bright_ti5":"293.72","frp":"1.34","daynight":"N","commune":"Fos-sur-Mer","code_insee":"13039","departement":"Bouches-du-Rhône","region":"Provence-Alpes-Côte d'Azur"}},{"type":"Feature","geometry":{"type":"Point","coordinates":[4.89199,43.43683]},"properties":{"latitude":"43.43683","longitude":"4.89199","bright_ti4":"310.72","scan":"0.57","track":"0.43","acq_date":"2026-07-29","acq_time":"215","satellite":"N","instrument":"VIIRS","confidence":"n","version":"2.0NRT","bright_ti5":"293.93","frp":"3.4","daynight":"N","commune":"Fos-sur-Mer","code_insee":"13039","departement":"Bouches-du-Rhône","region":"Provence-Alpes-Côte d'Azur"}},{"type":"Feature","geometry":{"type":"Point","coordinates":[4.8936,43.44068]},"properties":{"latitude":"43.44068","longitude":"4.8936","bright_ti4":"311.53","scan":"0.57","track":"0.43","acq_date":"2026-07-29","acq_time":"215","satellite":"N","instrument":"VIIRS","confidence":"n","version":"2.0NRT","bright_ti5":"293.76","frp":"2","daynight":"N","commune":"Fos-sur-Mer","code_insee":"13039","departement":"Bouches-du-Rhône","region":"Provence-Alpes-Côte d'Azur"}},{"type":"Feature","geometry":{"type":"Point","coordinates":[4.90203,43.44302]},"properties":{"latitude":"43.44302","longitude":"4.90203","bright_ti4":"302.65","scan":"0.57","track":"0.43","acq_date":"2026-07-29","acq_time":"215","satellite":"N","instrument":"VIIRS","confidence":"n","version":"2.0NRT","bright_ti5":"292.58","frp":"0.64","daynight":"N","commune":"Fos-sur-Mer","code_insee":"13039","departement":"Bouches-du-Rhône","region":"Provence-Alpes-Côte d'Azur"}},{"type":"Feature","geometry":{"type":"Point","coordinates":[4.8952,43.44453]},"properties":{"latitude":"43.44453","longitude":"4.8952","bright_ti4":"313.14","scan":"0.57","track":"0.43","acq_date":"2026-07-29","acq_time":"215","satellite":"N","instrument":"VIIRS","confidence":"n","version":"2.0NRT","bright_ti5":"294.21","frp":"2","daynight":"N","commune":"Fos-sur-Mer","code_insee":"13039","departement":"Bouches-du-Rhône","region":"Provence-Alpes-Côte d'Azur"}},{"type":"Feature","geometry":{"type":"Point","coordinates":[4.89681,43.44837]},"properties":{"latitude":"43.44837","longitude":"4.89681","bright_ti4":"310.8","scan":"0.57","track":"0.43","acq_date":"2026-07-29","acq_time":"215","satellite":"N","instrument":"VIIRS","confidence":"n","version":"2.0NRT","bright_ti5":"293.9","frp":"1.59","daynight":"N","commune":"Fos-sur-Mer","code_insee":"13039","departement":"Bouches-du-Rhône","region":"Provence-Alpes-Côte d'Azur"}},{"type":"Feature","geometry":{"type":"Point","coordinates":[-0.29113,44.20885]},"properties":{"latitude":"44.20885","longitude":"-0.29113","bright_ti4":"320.19","scan":"0.39","track":"0.36","acq_date":"2026-07-29","acq_time":"215","satellite":"N","instrument":"VIIRS","confidence":"n","version":"2.0NRT","bright_ti5":"294.29","frp":"1.79","daynight":"N","commune":"Captieux","code_insee":"33095","departement":"Gironde","region":"Nouvelle-Aquitaine"}},{"type":"Feature","geometry":{"type":"Point","coordinates":[-0.29594,44.20967]},"properties":{"latitude":"44.20967","longitude":"-0.29594","bright_ti4":"313.45","scan":"0.39","track":"0.36","acq_date":"2026-07-29","acq_time":"215","satellite":"N","instrument":"VIIRS","confidence":"n","version":"2.0NRT","bright_ti5":"293.97","frp":"1.79","daynight":"N","commune":"Captieux","code_insee":"33095","departement":"Gironde","region":"Nouvelle-Aquitaine"}},{"type":"Feature","geometry":{"type":"Point","coordinates":[-0.29486,44.21296]},"properties":{"latitude":"44.21296","longitude":"-0.29486","bright_ti4":"319.68","scan":"0.39","track":"0.36","acq_date":"2026-07-29","acq_time":"215","satellite":"N","instrument":"VIIRS","confidence":"n","version":"2.0NRT","bright_ti5":"296.86","frp":"1.57","daynight":"N","commune":"Captieux","code_insee":"33095","departement":"Gironde","region":"Nouvelle-Aquitaine"}},{"type":"Feature","geometry":{"type":"Point","coordinates":[-0.29378,44.21624]},"properties":{"latitude":"44.21624","longitude":"-0.29378","bright_ti4":"309.96","scan":"0.39","track":"0.36","acq_date":"2026-07-29","acq_time":"215","satellite":"N","instrument":"VIIRS","confidence":"n","version":"2.0NRT","bright_ti5":"293.42","frp":"1.57","daynight":"N","commune":"Captieux","code_insee":"33095","departement":"Gironde","region":"Nouvelle-Aquitaine"}},{"type":"Feature","geometry":{"type":"Point","coordinates":[-0.29859,44.21706]},"properties":{"latitude":"44.21706","longitude":"-0.29859","bright_ti4":"317.53","scan":"0.39","track":"0.36","acq_date":"2026-07-29","acq_time":"215","satellite":"N","instrument":"VIIRS","confidence":"n","version":"2.0NRT","bright_ti5":"294.43","frp":"2.74","daynight":"N","commune":"Captieux","code_insee":"33095","departement":"Gironde","region":"Nouvelle-Aquitaine"}},{"type":"Feature","geometry":{"type":"Point","coordinates":[-0.29751,44.22035]},"properties":{"latitude":"44.22035","longitude":"-0.29751","bright_ti4":"322.7","scan":"0.39","track":"0.36","acq_date":"2026-07-29","acq_time":"215","satellite":"N","instrument":"VIIRS","confidence":"n","version":"2.0NRT","bright_ti5":"296.88","frp":"1.82","daynight":"N","commune":"Captieux","code_insee":"33095","departement":"Gironde","region":"Nouvelle-Aquitaine"}},{"type":"Feature","geometry":{"type":"Point","coordinates":[-0.30232,44.22117]},"properties":{"latitude":"44.22117","longitude":"-0.30232","bright_ti4":"301.49","scan":"0.39","track":"0.36","acq_date":"2026-07-29","acq_time":"215","satellite":"N","instrument":"VIIRS","confidence":"n","version":"2.0NRT","bright_ti5":"290.74","frp":"1.82","daynight":"N","commune":"Captieux","code_insee":"33095","departement":"Gironde","region":"Nouvelle-Aquitaine"}},{"type":"Feature","geometry":{"type":"Point","coordinates":[-1.11033,44.37255]},"properties":{"latitude":"44.37255","longitude":"-1.11033","bright_ti4":"302.26","scan":"0.38","track":"0.36","acq_date":"2026-07-29","acq_time":"215","satellite":"N","instrument":"VIIRS","confidence":"n","version":"2.0NRT","bright_ti5":"291.88","frp":"0.68","daynight":"N","commune":"Parentis-en-Born","code_insee":"40217","departement":"Landes","region":"Nouvelle-Aquitaine"}},{"type":"Feature","geometry":{"type":"Point","coordinates":[-0.85299,44.72034]},"properties":{"latitude":"44.72034","longitude":"-0.85299","bright_ti4":"311.9","scan":"0.38","track":"0.36","acq_date":"2026-07-29","acq_time":"215","satellite":"N","instrument":"VIIRS","confidence":"n","version":"2.0NRT","bright_ti5":"290.21","frp":"1.37","daynight":"N","commune":"Marcheprime","code_insee":"33555","departement":"Gironde","region":"Nouvelle-Aquitaine"}},{"type":"Feature","geometry":{"type":"Point","coordinates":[-0.85029,44.72263]},"properties":{"latitude":"44.72263","longitude":"-0.85029","bright_ti4":"328.07","scan":"0.38","track":"0.36","acq_date":"2026-07-29","acq_time":"215","satellite":"N","instrument":"VIIRS","confidence":"n","version":"2.0NRT","bright_ti5":"296.52","frp":"2.21","daynight":"N","commune":"Marcheprime","code_insee":"33555","departement":"Gironde","region":"Nouvelle-Aquitaine"}},{"type":"Feature","geometry":{"type":"Point","coordinates":[-0.8818,44.73465]},"properties":{"latitude":"44.73465","longitude":"-0.8818","bright_ti4":"316.68","scan":"0.38","track":"0.36","acq_date":"2026-07-29","acq_time":"215","satellite":"N","instrument":"VIIRS","confidence":"n","version":"2.0NRT","bright_ti5":"294.83","frp":"1.79","daynight":"N","commune":"Audenge","code_insee":"33019","departement":"Gironde","region":"Nouvelle-Aquitaine"}},{"type":"Feature","geometry":{"type":"Point","coordinates":[-0.96714,44.75196]},"properties":{"latitude":"44.75196","longitude":"-0.96714","bright_ti4":"316.38","scan":"0.38","track":"0.36","acq_date":"2026-07-29","acq_time":"215","satellite":"N","instrument":"VIIRS","confidence":"n","version":"2.0NRT","bright_ti5":"292.81","frp":"1.79","daynight":"N","commune":"Lanton","code_insee":"33229","departement":"Gironde","region":"Nouvelle-Aquitaine"}},{"type":"Feature","geometry":{"type":"Point","coordinates":[-0.97194,44.75275]},"properties":{"latitude":"44.75275","longitude":"-0.97194","bright_ti4":"314.28","scan":"0.38","track":"0.36","acq_date":"2026-07-29","acq_time":"215","satellite":"N","instrument":"VIIRS","confidence":"n","version":"2.0NRT","bright_ti5":"293.08","frp":"1.79","daynight":"N","commune":"Lanton","code_insee":"33229","departement":"Gironde","region":"Nouvelle-Aquitaine"}},{"type":"Feature","geometry":{"type":"Point","coordinates":[-0.97674,44.75352]},"properties":{"latitude":"44.75352","longitude":"-0.97674","bright_ti4":"303.7","scan":"0.38","track":"0.36","acq_date":"2026-07-29","acq_time":"215","satellite":"N","instrument":"VIIRS","confidence":"n","version":"2.0NRT","bright_ti5":"291.92","frp":"1.16","daynight":"N","commune":"Lanton","code_insee":"33229","departement":"Gironde","region":"Nouvelle-Aquitaine"}},{"type":"Feature","geometry":{"type":"Point","coordinates":[-0.9613,44.75446]},"properties":{"latitude":"44.75446","longitude":"-0.9613","bright_ti4":"309.93","scan":"0.38","track":"0.36","acq_date":"2026-07-29","acq_time":"215","satellite":"N","instrument":"VIIRS","confidence":"n","version":"2.0NRT","bright_ti5":"292.88","frp":"1.46","daynight":"N","commune":"Lanton","code_insee":"33229","departement":"Gironde","region":"Nouvelle-Aquitaine"}},{"type":"Feature","geometry":{"type":"Point","coordinates":[-1.02682,44.75474]},"properties":{"latitude":"44.75474","longitude":"-1.02682","bright_ti4":"306.64","scan":"0.38","track":"0.36","acq_date":"2026-07-29","acq_time":"215","satellite":"N","instrument":"VIIRS","confidence":"n","version":"2.0NRT","bright_ti5":"292.61","frp":"0.95","daynight":"N","commune":"Lanton","code_insee":"33229","departement":"Gironde","region":"Nouvelle-Aquitaine"}},{"type":"Feature","geometry":{"type":"Point","coordinates":[-0.9661,44.75524]},"properties":{"latitude":"44.75524","longitude":"-0.9661","bright_ti4":"324.06","scan":"0.38","track":"0.36","acq_date":"2026-07-29","acq_time":"215","satellite":"N","instrument":"VIIRS","confidence":"n","version":"2.0NRT","bright_ti5":"297.59","frp":"2.24","daynight":"N","commune":"Lanton","code_insee":"33229","departement":"Gironde","region":"Nouvelle-Aquitaine"}},{"type":"Feature","geometry":{"type":"Point","coordinates":[-0.9709,44.75602]},"properties":{"latitude":"44.75602","longitude":"-0.9709","bright_ti4":"312.61","scan":"0.38","track":"0.36","acq_date":"2026-07-29","acq_time":"215","satellite":"N","instrument":"VIIRS","confidence":"n","version":"2.0NRT","bright_ti5":"293.8","frp":"2.24","daynight":"N","commune":"Lanton","code_insee":"33229","departement":"Gironde","region":"Nouvelle-Aquitaine"}},{"type":"Feature","geometry":{"type":"Point","coordinates":[-0.95545,44.75695]},"properties":{"latitude":"44.75695","longitude":"-0.95545","bright_ti4":"305.27","scan":"0.38","track":"0.36","acq_date":"2026-07-29","acq_time":"215","satellite":"N","instrument":"VIIRS","confidence":"n","version":"2.0NRT","bright_ti5":"292.27","frp":"1.46","daynight":"N","commune":"Lanton","code_insee":"33229","departement":"Gironde","region":"Nouvelle-Aquitaine"}},{"type":"Feature","geometry":{"type":"Point","coordinates":[-0.96025,44.75774]},"properties":{"latitude":"44.75774","longitude":"-0.96025","bright_ti4":"326.78","scan":"0.38","track":"0.36","acq_date":"2026-07-29","acq_time":"215","satellite":"N","instrument":"VIIRS","confidence":"n","version":"2.0NRT","bright_ti5":"299.65","frp":"1.46","daynight":"N","commune":"Lanton","code_insee":"33229","departement":"Gironde","region":"Nouvelle-Aquitaine"}},{"type":"Feature","geometry":{"type":"Point","coordinates":[-1.216,44.76855]},"properties":{"latitude":"44.76855","longitude":"-1.216","bright_ti4":"314.43","scan":"0.38","track":"0.36","acq_date":"2026-07-29","acq_time":"215","satellite":"N","instrument":"VIIRS","confidence":"n","version":"2.0NRT","bright_ti5":"290.23","frp":"1.64","daynight":"N","commune":"Lège-Cap-Ferret","code_insee":"33236","departement":"Gironde","region":"Nouvelle-Aquitaine"}},{"type":"Feature","geometry":{"type":"Point","coordinates":[-1.2208,44.76931]},"properties":{"latitude":"44.76931","longitude":"-1.2208","bright_ti4":"304.69","scan":"0.38","track":"0.36","acq_date":"2026-07-29","acq_time":"215","satellite":"N","instrument":"VIIRS","confidence":"n","version":"2.0NRT","bright_ti5":"290.2","frp":"1.28","daynight":"N","commune":"Lège-Cap-Ferret","code_insee":"33236","departement":"Gironde","region":"Nouvelle-Aquitaine"}},{"type":"Feature","geometry":{"type":"Point","coordinates":[-1.21497,44.77182]},"properties":{"latitude":"44.77182","longitude":"-1.21497","bright_ti4":"324.89","scan":"0.38","track":"0.36","acq_date":"2026-07-29","acq_time":"215","satellite":"N","instrument":"VIIRS","confidence":"n","version":"2.0NRT","bright_ti5":"293.9","frp":"1.64","daynight":"N","commune":"Lège-Cap-Ferret","code_insee":"33236","departement":"Gironde","region":"Nouvelle-Aquitaine"}},{"type":"Feature","geometry":{"type":"Point","coordinates":[-1.21977,44.77259]},"properties":{"latitude":"44.77259","longitude":"-1.21977","bright_ti4":"315.15","scan":"0.38","track":"0.36","acq_date":"2026-07-29","acq_time":"215","satellite":"N","instrument":"VIIRS","confidence":"n","version":"2.0NRT","bright_ti5":"292.92","frp":"1.28","daynight":"N","commune":"Lège-Cap-Ferret","code_insee":"33236","departement":"Gironde","region":"Nouvelle-Aquitaine"}},{"type":"Feature","geometry":{"type":"Point","coordinates":[-1.21911,44.81654]},"properties":{"latitude":"44.81654","longitude":"-1.21911","bright_ti4":"307.7","scan":"0.38","track":"0.36","acq_date":"2026-07-29","acq_time":"215","satellite":"N","instrument":"VIIRS","confidence":"n","version":"2.0NRT","bright_ti5":"296.12","frp":"0.87","daynight":"N","commune":"Le Porge","code_insee":"33333","departement":"Gironde","region":"Nouvelle-Aquitaine"}},{"type":"Feature","geometry":{"type":"Point","coordinates":[-1.22391,44.8173]},"properties":{"latitude":"44.8173","longitude":"-1.22391","bright_ti4":"302.6","scan":"0.38","track":"0.36","acq_date":"2026-07-29","acq_time":"215","satellite":"N","instrument":"VIIRS","confidence":"n","version":"2.0NRT","bright_ti5":"291.88","frp":"0.87","daynight":"N","commune":"Le Porge","code_insee":"33333","departement":"Gironde","region":"Nouvelle-Aquitaine"}},{"type":"Feature","geometry":{"type":"Point","coordinates":[-1.20847,44.81828]},"properties":{"latitude":"44.81828","longitude":"-1.20847","bright_ti4":"303.82","scan":"0.38","track":"0.36","acq_date":"2026-07-29","acq_time":"215","satellite":"N","instrument":"VIIRS","confidence":"n","version":"2.0NRT","bright_ti5":"292.69","frp":"1.83","daynight":"N","commune":"Le Porge","code_insee":"33333","departement":"Gironde","region":"Nouvelle-Aquitaine"}},{"type":"Feature","geometry":{"type":"Point","coordinates":[-1.21808,44.81981]},"properties":{"latitude":"44.81981","longitude":"-1.21808","bright_ti4":"313.39","scan":"0.38","track":"0.36","acq_date":"2026-07-29","acq_time":"215","satellite":"N","instrument":"VIIRS","confidence":"n","version":"2.0NRT","bright_ti5":"294.17","frp":"0.87","daynight":"N","commune":"Le Porge","code_insee":"33333","departement":"Gironde","region":"Nouvelle-Aquitaine"}},{"type":"Feature","geometry":{"type":"Point","coordinates":[-1.22288,44.82058]},"properties":{"latitude":"44.82058","longitude":"-1.22288","bright_ti4":"306.24","scan":"0.38","track":"0.36","acq_date":"2026-07-29","acq_time":"215","satellite":"N","instrument":"VIIRS","confidence":"n","version":"2.0NRT","bright_ti5":"292.21","frp":"0.87","daynight":"N","commune":"Le Porge","code_insee":"33333","departement":"Gironde","region":"Nouvelle-Aquitaine"}},{"type":"Feature","geometry":{"type":"Point","coordinates":[-1.16386,44.83178]},"properties":{"latitude":"44.83178","longitude":"-1.16386","bright_ti4":"309.96","scan":"0.38","track":"0.36","acq_date":"2026-07-29","acq_time":"215","satellite":"N","instrument":"VIIRS","confidence":"n","version":"2.0NRT","bright_ti5":"289.9","frp":"0.78","daynight":"N","commune":"Le Porge","code_insee":"33333","departement":"Gironde","region":"Nouvelle-Aquitaine"}},{"type":"Feature","geometry":{"type":"Point","coordinates":[-1.16866,44.83255]},"properties":{"latitude":"44.83255","longitude":"-1.16866","bright_ti4":"300.9","scan":"0.38","track":"0.36","acq_date":"2026-07-29","acq_time":"215","satellite":"N","instrument":"VIIRS","confidence":"n","version":"2.0NRT","bright_ti5":"288.73","frp":"0.78","daynight":"N","commune":"Le Porge","code_insee":"33333","departement":"Gironde","region":"Nouvelle-Aquitaine"}},{"type":"Feature","geometry":{"type":"Point","coordinates":[-1.16283,44.83506]},"properties":{"latitude":"44.83506","longitude":"-1.16283","bright_ti4":"319.76","scan":"0.38","track":"0.36","acq_date":"2026-07-29","acq_time":"215","satellite":"N","instrument":"VIIRS","confidence":"n","version":"2.0NRT","bright_ti5":"291.8","frp":"1.79","daynight":"N","commune":"Le Porge","code_insee":"33333","departement":"Gironde","region":"Nouvelle-Aquitaine"}},{"type":"Feature","geometry":{"type":"Point","coordinates":[-1.16453,44.84564]},"properties":{"latitude":"44.84564","longitude":"-1.16453","bright_ti4":"326.98","scan":"0.38","track":"0.36","acq_date":"2026-07-29","acq_time":"215","satellite":"N","instrument":"VIIRS","confidence":"n","version":"2.0NRT","bright_ti5":"288.56","frp":"1.37","daynight":"N","commune":"Le Porge","code_insee":"33333","departement":"Gironde","region":"Nouvelle-Aquitaine"}},{"type":"Feature","geometry":{"type":"Point","coordinates":[-0.90361,44.85069]},"properties":{"latitude":"44.85069","longitude":"-0.90361","bright_ti4":"307.16","scan":"0.38","track":"0.36","acq_date":"2026-07-29","acq_time":"215","satellite":"N","instrument":"VIIRS","confidence":"n","version":"2.0NRT","bright_ti5":"292.4","frp":"1.9","daynight":"N","commune":"Le Temple","code_insee":"33528","departement":"Gironde","region":"Nouvelle-Aquitaine"}},{"type":"Feature","geometry":{"type":"Point","coordinates":[-0.8668,44.85503]},"properties":{"latitude":"44.85503","longitude":"-0.8668","bright_ti4":"301.04","scan":"0.38","track":"0.36","acq_date":"2026-07-29","acq_time":"215","satellite":"N","instrument":"VIIRS","confidence":"n","version":"2.0NRT","bright_ti5":"286.05","frp":"2.88","daynight":"N","commune":"Saint-Médard-en-Jalles","code_insee":"33449","departement":"Gironde","region":"Nouvelle-Aquitaine"}},{"type":"Feature","geometry":{"type":"Point","coordinates":[-0.87161,44.85582]},"properties":{"latitude":"44.85582","longitude":"-0.87161","bright_ti4":"301.87","scan":"0.38","track":"0.36","acq_date":"2026-07-29","acq_time":"215","satellite":"N","instrument":"VIIRS","confidence":"n","version":"2.0NRT","bright_ti5":"286.59","frp":"2.88","daynight":"N","commune":"Saint-Médard-en-Jalles","code_insee":"33449","departement":"Gironde","region":"Nouvelle-Aquitaine"}},{"type":"Feature","geometry":{"type":"Point","coordinates":[-0.86094,44.85752]},"properties":{"latitude":"44.85752","longitude":"-0.86094","bright_ti4":"313.01","scan":"0.38","track":"0.36","acq_date":"2026-07-29","acq_time":"215","satellite":"N","instrument":"VIIRS","confidence":"n","version":"2.0NRT","bright_ti5":"292.26","frp":"1.27","daynight":"N","commune":"Saint-Médard-en-Jalles","code_insee":"33449","departement":"Gironde","region":"Nouvelle-Aquitaine"}},{"type":"Feature","geometry":{"type":"Point","coordinates":[-0.86575,44.85831]},"properties":{"latitude":"44.85831","longitude":"-0.86575","bright_ti4":"330.18","scan":"0.38","track":"0.36","acq_date":"2026-07-29","acq_time":"215","satellite":"N","instrument":"VIIRS","confidence":"n","version":"2.0NRT","bright_ti5":"300.48","frp":"2.88","daynight":"N","commune":"Saint-Médard-en-Jalles","code_insee":"33449","departement":"Gironde","region":"Nouvelle-Aquitaine"}},{"type":"Feature","geometry":{"type":"Point","coordinates":[-0.87056,44.85909]},"properties":{"latitude":"44.85909","longitude":"-0.87056","bright_ti4":"350.01","scan":"0.38","track":"0.36","acq_date":"2026-07-29","acq_time":"215","satellite":"N","instrument":"VIIRS","confidence":"n","version":"2.0NRT","bright_ti5":"311.35","frp":"2.88","daynight":"N","commune":"Saint-Médard-en-Jalles","code_insee":"33449","departement":"Gironde","region":"Nouvelle-Aquitaine"}},{"type":"Feature","geometry":{"type":"Point","coordinates":[-0.87537,44.85987]},"properties":{"latitude":"44.85987","longitude":"-0.87537","bright_ti4":"320.91","scan":"0.38","track":"0.36","acq_date":"2026-07-29","acq_time":"215","satellite":"N","instrument":"VIIRS","confidence":"n","version":"2.0NRT","bright_ti5":"296.91","frp":"2.33","daynight":"N","commune":"Saint-Médard-en-Jalles","code_insee":"33449","departement":"Gironde","region":"Nouvelle-Aquitaine"}},{"type":"Feature","geometry":{"type":"Point","coordinates":[-0.88018,44.86065]},"properties":{"latitude":"44.86065","longitude":"-0.88018","bright_ti4":"306.04","scan":"0.38","track":"0.36","acq_date":"2026-07-29","acq_time":"215","satellite":"N","instrument":"VIIRS","confidence":"n","version":"2.0NRT","bright_ti5":"293.98","frp":"2.33","daynight":"N","commune":"Saint-Médard-en-Jalles","code_insee":"33449","departement":"Gironde","region":"Nouvelle-Aquitaine"}},{"type":"Feature","geometry":{"type":"Point","coordinates":[-0.8647,44.86158]},"properties":{"latitude":"44.86158","longitude":"-0.8647","bright_ti4":"305.71","scan":"0.38","track":"0.36","acq_date":"2026-07-29","acq_time":"215","satellite":"N","instrument":"VIIRS","confidence":"n","version":"2.0NRT","bright_ti5":"293.99","frp":"1.76","daynight":"N","commune":"Saint-Médard-en-Jalles","code_insee":"33449","departement":"Gironde","region":"Nouvelle-Aquitaine"}},{"type":"Feature","geometry":{"type":"Point","coordinates":[-0.86951,44.86236]},"properties":{"latitude":"44.86236","longitude":"-0.86951","bright_ti4":"319.92","scan":"0.38","track":"0.36","acq_date":"2026-07-29","acq_time":"215","satellite":"N","instrument":"VIIRS","confidence":"n","version":"2.0NRT","bright_ti5":"299.79","frp":"1.76","daynight":"N","commune":"Saint-Médard-en-Jalles","code_insee":"33449","departement":"Gironde","region":"Nouvelle-Aquitaine"}},{"type":"Feature","geometry":{"type":"Point","coordinates":[-0.87432,44.86314]},"properties":{"latitude":"44.86314","longitude":"-0.87432","bright_ti4":"321.8","scan":"0.38","track":"0.36","acq_date":"2026-07-29","acq_time":"215","satellite":"N","instrument":"VIIRS","confidence":"n","version":"2.0NRT","bright_ti5":"299.33","frp":"1.56","daynight":"N","commune":"Saint-Médard-en-Jalles","code_insee":"33449","departement":"Gironde","region":"Nouvelle-Aquitaine"}},{"type":"Feature","geometry":{"type":"Point","coordinates":[-0.87913,44.86392]},"properties":{"latitude":"44.86392","longitude":"-0.87913","bright_ti4":"310.16","scan":"0.38","track":"0.36","acq_date":"2026-07-29","acq_time":"215","satellite":"N","instrument":"VIIRS","confidence":"n","version":"2.0NRT","bright_ti5":"296.15","frp":"1.56","daynight":"N","commune":"Saint-Médard-en-Jalles","code_insee":"33449","departement":"Gironde","region":"Nouvelle-Aquitaine"}},{"type":"Feature","geometry":{"type":"Point","coordinates":[-0.87327,44.86642]},"properties":{"latitude":"44.86642","longitude":"-0.87327","bright_ti4":"310.45","scan":"0.38","track":"0.36","acq_date":"2026-07-29","acq_time":"215","satellite":"N","instrument":"VIIRS","confidence":"n","version":"2.0NRT","bright_ti5":"294.54","frp":"1.56","daynight":"N","commune":"Saint-Médard-en-Jalles","code_insee":"33449","departement":"Gironde","region":"Nouvelle-Aquitaine"}},{"type":"Feature","geometry":{"type":"Point","coordinates":[-0.89837,44.86705]},"properties":{"latitude":"44.86705","longitude":"-0.89837","bright_ti4":"319.94","scan":"0.38","track":"0.36","acq_date":"2026-07-29","acq_time":"215","satellite":"N","instrument":"VIIRS","confidence":"n","version":"2.0NRT","bright_ti5":"294.57","frp":"2.07","daynight":"N","commune":"Le Temple","code_insee":"33528","departement":"Gironde","region":"Nouvelle-Aquitaine"}},{"type":"Feature","geometry":{"type":"Point","coordinates":[-0.87808,44.8672]},"properties":{"latitude":"44.8672","longitude":"-0.87808","bright_ti4":"307.89","scan":"0.38","track":"0.36","acq_date":"2026-07-29","acq_time":"215","satellite":"N","instrument":"VIIRS","confidence":"n","version":"2.0NRT","bright_ti5":"296.01","frp":"1.56","daynight":"N","commune":"Saint-Médard-en-Jalles","code_insee":"33449","departement":"Gironde","region":"Nouvelle-Aquitaine"}},{"type":"Feature","geometry":{"type":"Point","coordinates":[-0.88289,44.86798]},"properties":{"latitude":"44.86798","longitude":"-0.88289","bright_ti4":"300.95","scan":"0.38","track":"0.36","acq_date":"2026-07-29","acq_time":"215","satellite":"N","instrument":"VIIRS","confidence":"n","version":"2.0NRT","bright_ti5":"289.91","frp":"0.81","daynight":"N","commune":"Le Temple","code_insee":"33528","departement":"Gironde","region":"Nouvelle-Aquitaine"}},{"type":"Feature","geometry":{"type":"Point","coordinates":[-0.89251,44.86954]},"properties":{"latitude":"44.86954","longitude":"-0.89251","bright_ti4":"302.66","scan":"0.38","track":"0.36","acq_date":"2026-07-29","acq_time":"215","satellite":"N","instrument":"VIIRS","confidence":"n","version":"2.0NRT","bright_ti5":"289.76","frp":"2.07","daynight":"N","commune":"Le Temple","code_insee":"33528","departement":"Gironde","region":"Nouvelle-Aquitaine"}},{"type":"Feature","geometry":{"type":"Point","coordinates":[-0.89732,44.87032]},"properties":{"latitude":"44.87032","longitude":"-0.89732","bright_ti4":"331.09","scan":"0.38","track":"0.36","acq_date":"2026-07-29","acq_time":"215","satellite":"N","instrument":"VIIRS","confidence":"n","version":"2.0NRT","bright_ti5":"297.15","frp":"2.07","daynight":"N","commune":"Le Temple","code_insee":"33528","departement":"Gironde","region":"Nouvelle-Aquitaine"}},{"type":"Feature","geometry":{"type":"Point","coordinates":[-0.87703,44.87047]},"properties":{"latitude":"44.87047","longitude":"-0.87703","bright_ti4":"323.6","scan":"0.38","track":"0.36","acq_date":"2026-07-29","acq_time":"215","satellite":"N","instrument":"VIIRS","confidence":"n","version":"2.0NRT","bright_ti5":"296.06","frp":"3.17","daynight":"N","commune":"Saint-Médard-en-Jalles","code_insee":"33449","departement":"Gironde","region":"Nouvelle-Aquitaine"}},{"type":"Feature","geometry":{"type":"Point","coordinates":[-0.88184,44.87125]},"properties":{"latitude":"44.87125","longitude":"-0.88184","bright_ti4":"343.73","scan":"0.38","track":"0.36","acq_date":"2026-07-29","acq_time":"215","satellite":"N","instrument":"VIIRS","confidence":"n","version":"2.0NRT","bright_ti5":"301.73","frp":"9.81","daynight":"N","commune":"Saint-Médard-en-Jalles","code_insee":"33449","departement":"Gironde","region":"Nouvelle-Aquitaine"}},{"type":"Feature","geometry":{"type":"Point","coordinates":[-0.88079,44.87452]},"properties":{"latitude":"44.87452","longitude":"-0.88079","bright_ti4":"323.35","scan":"0.38","track":"0.36","acq_date":"2026-07-29","acq_time":"215","satellite":"N","instrument":"VIIRS","confidence":"n","version":"2.0NRT","bright_ti5":"290.27","frp":"9.81","daynight":"N","commune":"Saint-Médard-en-Jalles","code_insee":"33449","departement":"Gironde","region":"Nouvelle-Aquitaine"}},{"type":"Feature","geometry":{"type":"Point","coordinates":[-0.91674,44.90445]},"properties":{"latitude":"44.90445","longitude":"-0.91674","bright_ti4":"312.58","scan":"0.38","track":"0.36","acq_date":"2026-07-29","acq_time":"215","satellite":"N","instrument":"VIIRS","confidence":"n","version":"2.0NRT","bright_ti5":"289.61","frp":"1.52","daynight":"N","commune":"Sainte-Hélène","code_insee":"33417","departement":"Gironde","region":"Nouvelle-Aquitaine"}},{"type":"Feature","geometry":{"type":"Point","coordinates":[-0.92155,44.90522]},"properties":{"latitude":"44.90522","longitude":"-0.92155","bright_ti4":"318.45","scan":"0.38","track":"0.36","acq_date":"2026-07-29","acq_time":"215","satellite":"N","instrument":"VIIRS","confidence":"n","version":"2.0NRT","bright_ti5":"292.87","frp":"2.08","daynight":"N","commune":"Sainte-Hélène","code_insee":"33417","departement":"Gironde","region":"Nouvelle-Aquitaine"}},{"type":"Feature","geometry":{"type":"Point","coordinates":[-1.09855,44.93716]},"properties":{"latitude":"44.93716","longitude":"-1.09855","bright_ti4":"310.25","scan":"0.38","track":"0.36","acq_date":"2026-07-29","acq_time":"215","satellite":"N","instrument":"VIIRS","confidence":"n","version":"2.0NRT","bright_ti5":"292.64","frp":"1.59","daynight":"N","commune":"Lacanau","code_insee":"33214","departement":"Gironde","region":"Nouvelle-Aquitaine"}},{"type":"Feature","geometry":{"type":"Point","coordinates":[-1.10337,44.93792]},"properties":{"latitude":"44.93792","longitude":"-1.10337","bright_ti4":"316.43","scan":"0.38","track":"0.36","acq_date":"2026-07-29","acq_time":"215","satellite":"N","instrument":"VIIRS","confidence":"n","version":"2.0NRT","bright_ti5":"293.86","frp":"1.94","daynight":"N","commune":"Lacanau","code_insee":"33214","departement":"Gironde","region":"Nouvelle-Aquitaine"}},{"type":"Feature","geometry":{"type":"Point","coordinates":[-1.05379,44.95061]},"properties":{"latitude":"44.95061","longitude":"-1.05379","bright_ti4":"302.43","scan":"0.38","track":"0.36","acq_date":"2026-07-29","acq_time":"215","satellite":"N","instrument":"VIIRS","confidence":"n","version":"2.0NRT","bright_ti5":"288.04","frp":"0.75","daynight":"N","commune":"Lacanau","code_insee":"33214","departement":"Gironde","region":"Nouvelle-Aquitaine"}},{"type":"Feature","geometry":{"type":"Point","coordinates":[-1.05861,44.95139]},"properties":{"latitude":"44.95139","longitude":"-1.05861","bright_ti4":"331.5","scan":"0.38","track":"0.36","acq_date":"2026-07-29","acq_time":"215","satellite":"N","instrument":"VIIRS","confidence":"n","version":"2.0NRT","bright_ti5":"293.62","frp":"3.45","daynight":"N","commune":"Lacanau","code_insee":"33214","departement":"Gironde","region":"Nouvelle-Aquitaine"}},{"type":"Feature","geometry":{"type":"Point","coordinates":[-1.03518,44.96139]},"properties":{"latitude":"44.96139","longitude":"-1.03518","bright_ti4":"301.07","scan":"0.38","track":"0.36","acq_date":"2026-07-29","acq_time":"215","satellite":"N","instrument":"VIIRS","confidence":"n","version":"2.0NRT","bright_ti5":"288.28","frp":"0.68","daynight":"N","commune":"Lacanau","code_insee":"33214","departement":"Gironde","region":"Nouvelle-Aquitaine"}},{"type":"Feature","geometry":{"type":"Point","coordinates":[-1.03414,44.96466]},"properties":{"latitude":"44.96466","longitude":"-1.03414","bright_ti4":"316.72","scan":"0.38","track":"0.36","acq_date":"2026-07-29","acq_time":"215","satellite":"N","instrument":"VIIRS","confidence":"n","version":"2.0NRT","bright_ti5":"289.43","frp":"1.23","daynight":"N","commune":"Lacanau","code_insee":"33214","departement":"Gironde","region":"Nouvelle-Aquitaine"}},{"type":"Feature","geometry":{"type":"Point","coordinates":[-1.01997,44.96856]},"properties":{"latitude":"44.96856","longitude":"-1.01997","bright_ti4":"300.58","scan":"0.38","track":"0.36","acq_date":"2026-07-29","acq_time":"215","satellite":"N","instrument":"VIIRS","confidence":"n","version":"2.0NRT","bright_ti5":"289.53","frp":"0.72","daynight":"N","commune":"Lacanau","code_insee":"33214","departement":"Gironde","region":"Nouvelle-Aquitaine"}},{"type":"Feature","geometry":{"type":"Point","coordinates":[-1.01893,44.97183]},"properties":{"latitude":"44.97183","longitude":"-1.01893","bright_ti4":"298.2","scan":"0.38","track":"0.36","acq_date":"2026-07-29","acq_time":"215","satellite":"N","instrument":"VIIRS","confidence":"n","version":"2.0NRT","bright_ti5":"287.62","frp":"0.72","daynight":"N","commune":"Lacanau","code_insee":"33214","departement":"Gironde","region":"Nouvelle-Aquitaine"}},{"type":"Feature","geometry":{"type":"Point","coordinates":[-0.14023,46.80793]},"properties":{"latitude":"46.80793","longitude":"-0.14023","bright_ti4":"311.35","scan":"0.38","track":"0.36","acq_date":"2026-07-29","acq_time":"215","satellite":"N","instrument":"VIIRS","confidence":"n","version":"2.0NRT","bright_ti5":"292.29","frp":"1.19","daynight":"N","commune":"Airvault","code_insee":"79005","departement":"Deux-Sèvres","region":"Nouvelle-Aquitaine"}},{"type":"Feature","geometry":{"type":"Point","coordinates":[0.15433,46.80806]},"properties":{"latitude":"46.80806","longitude":"0.15433","bright_ti4":"330.33","scan":"0.39","track":"0.36","acq_date":"2026-07-29","acq_time":"215","satellite":"N","instrument":"VIIRS","confidence":"n","version":"2.0NRT","bright_ti5":"293.32","frp":"3.94","daynight":"N","commune":"Chouppes","code_insee":"86075","departement":"Vienne","region":"Nouvelle-Aquitaine"}},{"type":"Feature","geometry":{"type":"Point","coordinates":[2.74964,47.07745]},"properties":{"latitude":"47.07745","longitude":"2.74964","bright_ti4":"317.63","scan":"0.42","track":"0.38","acq_date":"2026-07-29","acq_time":"215","satellite":"N","instrument":"VIIRS","confidence":"n","version":"2.0NRT","bright_ti5":"290.92","frp":"1.31","daynight":"N","commune":"Baugy","code_insee":"18023","departement":"Cher","region":"Centre-Val de Loire"}},{"type":"Feature","geometry":{"type":"Point","coordinates":[6.39483,48.10512]},"properties":{"latitude":"48.10512","longitude":"6.39483","bright_ti4":"298.56","scan":"0.33","track":"0.56","acq_date":"2026-07-29","acq_time":"52","satellite":"N20","instrument":"VIIRS","confidence":"n","version":"2.0NRT","bright_ti5":"286.64","frp":"0.23","daynight":"N","commune":"Uriménil","code_insee":"88481","departement":"Vosges","region":"Grand Est"}},{"type":"Feature","geometry":{"type":"Point","coordinates":[2.37374,48.5919]},"properties":{"latitude":"48.5919","longitude":"2.37374","bright_ti4":"307.12","scan":"0.52","track":"0.67","acq_date":"2026-07-29","acq_time":"52","satellite":"N20","instrument":"VIIRS","confidence":"n","version":"2.0NRT","bright_ti5":"288.64","frp":"1.44","daynight":"N","commune":"Vert-le-Grand","code_insee":"91648","departement":"Essonne","region":"Île-de-France"}},{"type":"Feature","geometry":{"type":"Point","coordinates":[6.96484,48.69374]},"properties":{"latitude":"48.69374","longitude":"6.96484","bright_ti4":"299.79","scan":"0.32","track":"0.54","acq_date":"2026-07-29","acq_time":"52","satellite":"N20","instrument":"VIIRS","confidence":"n","version":"2.0NRT","bright_ti5":"289.01","frp":"0.61","daynight":"N","commune":"Héming","code_insee":"57314","departement":"Moselle","region":"Grand Est"}},{"type":"Feature","geometry":{"type":"Point","coordinates":[3.50788,50.36412]},"properties":{"latitude":"50.36412","longitude":"3.50788","bright_ti4":"337.72","scan":"0.47","track":"0.64","acq_date":"2026-07-29","acq_time":"52","satellite":"N20","instrument":"VIIRS","confidence":"n","version":"2.0NRT","bright_ti5":"288.82","frp":"4.29","daynight":"N","commune":"Anzin","code_insee":"59014","departement":"Nord","region":"Hauts-de-France"}},{"type":"Feature","geometry":{"type":"Point","coordinates":[2.26739,51.02592]},"properties":{"latitude":"51.02592","longitude":"2.26739","bright_ti4":"300.44","scan":"0.53","track":"0.67","acq_date":"2026-07-29","acq_time":"52","satellite":"N20","instrument":"VIIRS","confidence":"n","version":"2.0NRT","bright_ti5":"287.91","frp":"0.85","daynight":"N","commune":"Grande-Synthe","code_insee":"59271","departement":"Nord","region":"Hauts-de-France"}},{"type":"Feature","geometry":{"type":"Point","coordinates":[2.26759,51.02876]},"properties":{"latitude":"51.02876","longitude":"2.26759","bright_ti4":"307.96","scan":"0.53","track":"0.67","acq_date":"2026-07-29","acq_time":"52","satellite":"N20","instrument":"VIIRS","confidence":"n","version":"2.0NRT","bright_ti5":"288.26","frp":"1.48","daynight":"N","commune":"Grande-Synthe","code_insee":"59271","departement":"Nord","region":"Hauts-de-France"}},{"type":"Feature","geometry":{"type":"Point","coordinates":[2.26747,51.0322]},"properties":{"latitude":"51.0322","longitude":"2.26747","bright_ti4":"299.4","scan":"0.53","track":"0.67","acq_date":"2026-07-29","acq_time":"52","satellite":"N20","instrument":"VIIRS","confidence":"n","version":"2.0NRT","bright_ti5":"288.28","frp":"0.85","daynight":"N","commune":"Grande-Synthe","code_insee":"59271","departement":"Nord","region":"Hauts-de-France"}},{"type":"Feature","geometry":{"type":"Point","coordinates":[2.28314,51.03222]},"properties":{"latitude":"51.03222","longitude":"2.28314","bright_ti4":"300.11","scan":"0.53","track":"0.67","acq_date":"2026-07-29","acq_time":"52","satellite":"N20","instrument":"VIIRS","confidence":"n","version":"2.0NRT","bright_ti5":"289.14","frp":"0.69","daynight":"N","commune":"Grande-Synthe","code_insee":"59271","departement":"Nord","region":"Hauts-de-France"}},{"type":"Feature","geometry":{"type":"Point","coordinates":[2.29105,51.03495]},"properties":{"latitude":"51.03495","longitude":"2.29105","bright_ti4":"302.5","scan":"0.53","track":"0.67","acq_date":"2026-07-29","acq_time":"52","satellite":"N20","instrument":"VIIRS","confidence":"n","version":"2.0NRT","bright_ti5":"288.53","frp":"2.65","daynight":"N","commune":"Grande-Synthe","code_insee":"59271","departement":"Nord","region":"Hauts-de-France"}},{"type":"Feature","geometry":{"type":"Point","coordinates":[2.28329,51.03497]},"properties":{"latitude":"51.03497","longitude":"2.28329","bright_ti4":"312.73","scan":"0.53","track":"0.67","acq_date":"2026-07-29","acq_time":"52","satellite":"N20","instrument":"VIIRS","confidence":"n","version":"2.0NRT","bright_ti5":"289.01","frp":"3.18","daynight":"N","commune":"Grande-Synthe","code_insee":"59271","departement":"Nord","region":"Hauts-de-France"}},{"type":"Feature","geometry":{"type":"Point","coordinates":[2.2832,51.03848]},"properties":{"latitude":"51.03848","longitude":"2.2832","bright_ti4":"307.36","scan":"0.53","track":"0.67","acq_date":"2026-07-29","acq_time":"52","satellite":"N20","instrument":"VIIRS","confidence":"n","version":"2.0NRT","bright_ti5":"288.39","frp":"1.44","daynight":"N","commune":"Grande-Synthe","code_insee":"59271","departement":"Nord","region":"Hauts-de-France"}},{"type":"Feature","geometry":{"type":"Point","coordinates":[2.291,51.03849]},"properties":{"latitude":"51.03849","longitude":"2.291","bright_ti4":"301.62","scan":"0.53","track":"0.67","acq_date":"2026-07-29","acq_time":"52","satellite":"N20","instrument":"VIIRS","confidence":"n","version":"2.0NRT","bright_ti5":"288.91","frp":"1.44","daynight":"N","commune":"Grande-Synthe","code_insee":"59271","departement":"Nord","region":"Hauts-de-France"}},{"type":"Feature","geometry":{"type":"Point","coordinates":[2.29109,51.04476]},"properties":{"latitude":"51.04476","longitude":"2.29109","bright_ti4":"306.29","scan":"0.53","track":"0.67","acq_date":"2026-07-29","acq_time":"52","satellite":"N20","instrument":"VIIRS","confidence":"n","version":"2.0NRT","bright_ti5":"289.06","frp":"1.44","daynight":"N","commune":"Grande-Synthe","code_insee":"59271","departement":"Nord","region":"Hauts-de-France"}},{"type":"Feature","geometry":{"type":"Point","coordinates":[2.29892,51.04476]},"properties":{"latitude":"51.04476","longitude":"2.29892","bright_ti4":"311.31","scan":"0.53","track":"0.67","acq_date":"2026-07-29","acq_time":"52","satellite":"N20","instrument":"VIIRS","confidence":"n","version":"2.0NRT","bright_ti5":"290.02","frp":"1.64","daynight":"N","commune":"Grande-Synthe","code_insee":"59271","departement":"Nord","region":"Hauts-de-France"}},{"type":"Feature","geometry":{"type":"Point","coordinates":[2.32232,51.04734]},"properties":{"latitude":"51.04734","longitude":"2.32232","bright_ti4":"318.94","scan":"0.53","track":"0.67","acq_date":"2026-07-29","acq_time":"52","satellite":"N20","instrument":"VIIRS","confidence":"n","version":"2.0NRT","bright_ti5":"289.78","frp":"2.73","daynight":"N","commune":"Dunkerque","code_insee":"59183","departement":"Nord","region":"Hauts-de-France"}},{"type":"Feature","geometry":{"type":"Point","coordinates":[2.32229,51.05103]},"properties":{"latitude":"51.05103","longitude":"2.32229","bright_ti4":"316.53","scan":"0.53","track":"0.67","acq_date":"2026-07-29","acq_time":"52","satellite":"N20","instrument":"VIIRS","confidence":"n","version":"2.0NRT","bright_ti5":"289.37","frp":"2.72","daynight":"N","commune":"Dunkerque","code_insee":"59183","departement":"Nord","region":"Hauts-de-France"}},{"type":"Feature","geometry":{"type":"Point","coordinates":[4.89785,43.43253]},"properties":{"latitude":"43.43253","longitude":"4.89785","bright_ti4":"304.26","scan":"0.36","track":"0.58","acq_date":"2026-07-29","acq_time":"54","satellite":"N20","instrument":"VIIRS","confidence":"n","version":"2.0NRT","bright_ti5":"293.84","frp":"1.09","daynight":"N","commune":"Fos-sur-Mer","code_insee":"13039","departement":"Bouches-du-Rhône","region":"Provence-Alpes-Côte d'Azur"}},{"type":"Feature","geometry":{"type":"Point","coordinates":[4.89331,43.43275]},"properties":{"latitude":"43.43275","longitude":"4.89331","bright_ti4":"307","scan":"0.36","track":"0.58","acq_date":"2026-07-29","acq_time":"54","satellite":"N20","instrument":"VIIRS","confidence":"n","version":"2.0NRT","bright_ti5":"293.49","frp":"1.98","daynight":"N","commune":"Fos-sur-Mer","code_insee":"13039","departement":"Bouches-du-Rhône","region":"Provence-Alpes-Côte d'Azur"}},{"type":"Feature","geometry":{"type":"Point","coordinates":[4.89386,43.43808]},"properties":{"latitude":"43.43808","longitude":"4.89386","bright_ti4":"307.19","scan":"0.36","track":"0.58","acq_date":"2026-07-29","acq_time":"54","satellite":"N20","instrument":"VIIRS","confidence":"n","version":"2.0NRT","bright_ti5":"293.91","frp":"3.59","daynight":"N","commune":"Fos-sur-Mer","code_insee":"13039","departement":"Bouches-du-Rhône","region":"Provence-Alpes-Côte d'Azur"}},{"type":"Feature","geometry":{"type":"Point","coordinates":[4.88928,43.43831]},"properties":{"latitude":"43.43831","longitude":"4.88928","bright_ti4":"338.97","scan":"0.36","track":"0.58","acq_date":"2026-07-29","acq_time":"54","satellite":"N20","instrument":"VIIRS","confidence":"n","version":"2.0NRT","bright_ti5":"294.91","frp":"3.59","daynight":"N","commune":"Fos-sur-Mer","code_insee":"13039","departement":"Bouches-du-Rhône","region":"Provence-Alpes-Côte d'Azur"}},{"type":"Feature","geometry":{"type":"Point","coordinates":[4.8847,43.43854]},"properties":{"latitude":"43.43854","longitude":"4.8847","bright_ti4":"332.05","scan":"0.36","track":"0.58","acq_date":"2026-07-29","acq_time":"54","satellite":"N20","instrument":"VIIRS","confidence":"n","version":"2.0NRT","bright_ti5":"293.72","frp":"2.61","daynight":"N","commune":"Fos-sur-Mer","code_insee":"13039","departement":"Bouches-du-Rhône","region":"Provence-Alpes-Côte d'Azur"}},{"type":"Feature","geometry":{"type":"Point","coordinates":[4.88015,43.43876]},"properties":{"latitude":"43.43876","longitude":"4.88015","bright_ti4":"303.52","scan":"0.36","track":"0.58","acq_date":"2026-07-29","acq_time":"54","satellite":"N20","instrument":"VIIRS","confidence":"n","version":"2.0NRT","bright_ti5":"293.27","frp":"2.61","daynight":"N","commune":"Fos-sur-Mer","code_insee":"13039","departement":"Bouches-du-Rhône","region":"Provence-Alpes-Côte d'Azur"}},{"type":"Feature","geometry":{"type":"Point","coordinates":[4.89892,43.44318]},"properties":{"latitude":"43.44318","longitude":"4.89892","bright_ti4":"310.91","scan":"0.36","track":"0.58","acq_date":"2026-07-29","acq_time":"54","satellite":"N20","instrument":"VIIRS","confidence":"n","version":"2.0NRT","bright_ti5":"293","frp":"1.19","daynight":"N","commune":"Fos-sur-Mer","code_insee":"13039","departement":"Bouches-du-Rhône","region":"Provence-Alpes-Côte d'Azur"}},{"type":"Feature","geometry":{"type":"Point","coordinates":[4.89943,43.44851]},"properties":{"latitude":"43.44851","longitude":"4.89943","bright_ti4":"306.76","scan":"0.36","track":"0.58","acq_date":"2026-07-29","acq_time":"54","satellite":"N20","instrument":"VIIRS","confidence":"n","version":"2.0NRT","bright_ti5":"293.82","frp":"0.82","daynight":"N","commune":"Fos-sur-Mer","code_insee":"13039","departement":"Bouches-du-Rhône","region":"Provence-Alpes-Côte d'Azur"}},{"type":"Feature","geometry":{"type":"Point","coordinates":[4.89489,43.44874]},"properties":{"latitude":"43.44874","longitude":"4.89489","bright_ti4":"308.32","scan":"0.36","track":"0.58","acq_date":"2026-07-29","acq_time":"54","satellite":"N20","instrument":"VIIRS","confidence":"n","version":"2.0NRT","bright_ti5":"293.4","frp":"1.42","daynight":"N","commune":"Fos-sur-Mer","code_insee":"13039","departement":"Bouches-du-Rhône","region":"Provence-Alpes-Côte d'Azur"}},{"type":"Feature","geometry":{"type":"Point","coordinates":[-0.30023,44.21884]},"properties":{"latitude":"44.21884","longitude":"-0.30023","bright_ti4":"307.4","scan":"0.67","track":"0.74","acq_date":"2026-07-29","acq_time":"54","satellite":"N20","instrument":"VIIRS","confidence":"n","version":"2.0NRT","bright_ti5":"293.13","frp":"4.19","daynight":"N","commune":"Captieux","code_insee":"33095","departement":"Gironde","region":"Nouvelle-Aquitaine"}},{"type":"Feature","geometry":{"type":"Point","coordinates":[-0.30116,44.21958]},"properties":{"latitude":"44.21958","longitude":"-0.30116","bright_ti4":"307.92","scan":"0.67","track":"0.74","acq_date":"2026-07-29","acq_time":"54","satellite":"N20","instrument":"VIIRS","confidence":"n","version":"2.0NRT","bright_ti5":"292.33","frp":"1.77","daynight":"N","commune":"Captieux","code_insee":"33095","departement":"Gironde","region":"Nouvelle-Aquitaine"}},{"type":"Feature","geometry":{"type":"Point","coordinates":[-0.87471,44.85622]},"properties":{"latitude":"44.85622","longitude":"-0.87471","bright_ti4":"302.11","scan":"0.72","track":"0.76","acq_date":"2026-07-29","acq_time":"54","satellite":"N20","instrument":"VIIRS","confidence":"n","version":"2.0NRT","bright_ti5":"288.43","frp":"1.74","daynight":"N","commune":"Saint-Médard-en-Jalles","code_insee":"33449","departement":"Gironde","region":"Nouvelle-Aquitaine"}},{"type":"Feature","geometry":{"type":"Point","coordinates":[-0.87317,44.85842]},"properties":{"latitude":"44.85842","longitude":"-0.87317","bright_ti4":"317.61","scan":"0.72","track":"0.75","acq_date":"2026-07-29","acq_time":"54","satellite":"N20","instrument":"VIIRS","confidence":"n","version":"2.0NRT","bright_ti5":"292.81","frp":"3.89","daynight":"N","commune":"Saint-Médard-en-Jalles","code_insee":"33449","departement":"Gironde","region":"Nouvelle-Aquitaine"}},{"type":"Feature","geometry":{"type":"Point","coordinates":[-0.88405,44.86317]},"properties":{"latitude":"44.86317","longitude":"-0.88405","bright_ti4":"299.95","scan":"0.72","track":"0.76","acq_date":"2026-07-29","acq_time":"54","satellite":"N20","instrument":"VIIRS","confidence":"n","version":"2.0NRT","bright_ti5":"289.83","frp":"3.28","daynight":"N","commune":"Le Temple","code_insee":"33528","departement":"Gironde","region":"Nouvelle-Aquitaine"}},{"type":"Feature","geometry":{"type":"Point","coordinates":[-0.8747,44.86324]},"properties":{"latitude":"44.86324","longitude":"-0.8747","bright_ti4":"319.44","scan":"0.72","track":"0.76","acq_date":"2026-07-29","acq_time":"54","satellite":"N20","instrument":"VIIRS","confidence":"n","version":"2.0NRT","bright_ti5":"296.55","frp":"3.28","daynight":"N","commune":"Saint-Médard-en-Jalles","code_insee":"33449","departement":"Gironde","region":"Nouvelle-Aquitaine"}},{"type":"Feature","geometry":{"type":"Point","coordinates":[-0.88253,44.86541]},"properties":{"latitude":"44.86541","longitude":"-0.88253","bright_ti4":"301.51","scan":"0.72","track":"0.76","acq_date":"2026-07-29","acq_time":"54","satellite":"N20","instrument":"VIIRS","confidence":"n","version":"2.0NRT","bright_ti5":"291.16","frp":"4.37","daynight":"N","commune":"Le Temple","code_insee":"33528","departement":"Gironde","region":"Nouvelle-Aquitaine"}},{"type":"Feature","geometry":{"type":"Point","coordinates":[-0.87319,44.86544]},"properties":{"latitude":"44.86544","longitude":"-0.87319","bright_ti4":"306.4","scan":"0.72","track":"0.75","acq_date":"2026-07-29","acq_time":"54","satellite":"N20","instrument":"VIIRS","confidence":"n","version":"2.0NRT","bright_ti5":"294.01","frp":"3.89","daynight":"N","commune":"Saint-Médard-en-Jalles","code_insee":"33449","departement":"Gironde","region":"Nouvelle-Aquitaine"}},{"type":"Feature","geometry":{"type":"Point","coordinates":[-0.88405,44.87019]},"properties":{"latitude":"44.87019","longitude":"-0.88405","bright_ti4":"333.12","scan":"0.72","track":"0.76","acq_date":"2026-07-29","acq_time":"54","satellite":"N20","instrument":"VIIRS","confidence":"n","version":"2.0NRT","bright_ti5":"291.03","frp":"3.28","daynight":"N","commune":"Le Temple","code_insee":"33528","departement":"Gironde","region":"Nouvelle-Aquitaine"}},{"type":"Feature","geometry":{"type":"Point","coordinates":[-0.87469,44.87027]},"properties":{"latitude":"44.87027","longitude":"-0.87469","bright_ti4":"300.84","scan":"0.72","track":"0.76","acq_date":"2026-07-29","acq_time":"54","satellite":"N20","instrument":"VIIRS","confidence":"n","version":"2.0NRT","bright_ti5":"290.59","frp":"3.28","daynight":"N","commune":"Saint-Médard-en-Jalles","code_insee":"33449","departement":"Gironde","region":"Nouvelle-Aquitaine"}},{"type":"Feature","geometry":{"type":"Point","coordinates":[-1.05965,44.95027]},"properties":{"latitude":"44.95027","longitude":"-1.05965","bright_ti4":"303.42","scan":"0.73","track":"0.76","acq_date":"2026-07-29","acq_time":"54","satellite":"N20","instrument":"VIIRS","confidence":"n","version":"2.0NRT","bright_ti5":"289.01","frp":"1.74","daynight":"N","commune":"Lacanau","code_insee":"33214","departement":"Gironde","region":"Nouvelle-Aquitaine"}},{"type":"Feature","geometry":{"type":"Point","coordinates":[5.66584,45.23077]},"properties":{"latitude":"45.23077","longitude":"5.66584","bright_ti4":"308.71","scan":"0.34","track":"0.56","acq_date":"2026-07-29","acq_time":"54","satellite":"N20","instrument":"VIIRS","confidence":"n","version":"2.0NRT","bright_ti5":"292.47","frp":"0.63","daynight":"N","commune":"Saint-Égrève","code_insee":"38382","departement":"Isère","region":"Auvergne-Rhône-Alpes"}},{"type":"Feature","geometry":{"type":"Point","coordinates":[5.41896,45.80503]},"properties":{"latitude":"45.80503","longitude":"5.41896","bright_ti4":"302.71","scan":"0.36","track":"0.57","acq_date":"2026-07-29","acq_time":"54","satellite":"N20","instrument":"VIIRS","confidence":"n","version":"2.0NRT","bright_ti5":"292.28","frp":"0.64","daynight":"N","commune":"Montalieu-Vercieu","code_insee":"38247","departement":"Isère","region":"Auvergne-Rhône-Alpes"}},{"type":"Feature","geometry":{"type":"Point","coordinates":[0.15527,46.80721]},"properties":{"latitude":"46.80721","longitude":"0.15527","bright_ti4":"310.6","scan":"0.65","track":"0.73","acq_date":"2026-07-29","acq_time":"54","satellite":"N20","instrument":"VIIRS","confidence":"n","version":"2.0NRT","bright_ti5":"289.61","frp":"1.77","daynight":"N","commune":"Chouppes","code_insee":"86075","departement":"Vienne","region":"Nouvelle-Aquitaine"}},{"type":"Feature","geometry":{"type":"Point","coordinates":[0.15134,46.80892]},"properties":{"latitude":"46.80892","longitude":"0.15134","bright_ti4":"316.23","scan":"0.65","track":"0.73","acq_date":"2026-07-29","acq_time":"54","satellite":"N20","instrument":"VIIRS","confidence":"n","version":"2.0NRT","bright_ti5":"289.94","frp":"1.79","daynight":"N","commune":"Chouppes","code_insee":"86075","departement":"Vienne","region":"Nouvelle-Aquitaine"}},{"type":"Feature","geometry":{"type":"Point","coordinates":[2.74912,47.07578]},"properties":{"latitude":"47.07578","longitude":"2.74912","bright_ti4":"307.7","scan":"0.49","track":"0.65","acq_date":"2026-07-29","acq_time":"54","satellite":"N20","instrument":"VIIRS","confidence":"n","version":"2.0NRT","bright_ti5":"289.96","frp":"0.98","daynight":"N","commune":"Baugy","code_insee":"18023","departement":"Cher","region":"Centre-Val de Loire"}},{"type":"Feature","geometry":{"type":"Point","coordinates":[2.74647,47.0771]},"properties":{"latitude":"47.0771","longitude":"2.74647","bright_ti4":"309.53","scan":"0.49","track":"0.65","acq_date":"2026-07-29","acq_time":"54","satellite":"N20","instrument":"VIIRS","confidence":"n","version":"2.0NRT","bright_ti5":"290.01","frp":"1.03","daynight":"N","commune":"Baugy","code_insee":"18023","departement":"Cher","region":"Centre-Val de Loire"}},{"type":"Feature","geometry":{"type":"Point","coordinates":[4.89775,43.43556]},"properties":{"latitude":"43.43556","longitude":"4.89775","bright_ti4":"305.75","scan":"0.38","track":"0.58","acq_date":"2026-07-29","acq_time":"234","satellite":"N20","instrument":"VIIRS","confidence":"n","version":"2.0NRT","bright_ti5":"292.88","frp":"1.49","daynight":"N","commune":"Fos-sur-Mer","code_insee":"13039","departement":"Bouches-du-Rhône","region":"Provence-Alpes-Côte d'Azur"}},{"type":"Feature","geometry":{"type":"Point","coordinates":[4.89339,43.4368]},"properties":{"latitude":"43.4368","longitude":"4.89339","bright_ti4":"311.16","scan":"0.38","track":"0.58","acq_date":"2026-07-29","acq_time":"234","satellite":"N20","instrument":"VIIRS","confidence":"n","version":"2.0NRT","bright_ti5":"293.39","frp":"1.49","daynight":"N","commune":"Fos-sur-Mer","code_insee":"13039","departement":"Bouches-du-Rhône","region":"Provence-Alpes-Côte d'Azur"}},{"type":"Feature","geometry":{"type":"Point","coordinates":[4.88907,43.43803]},"properties":{"latitude":"43.43803","longitude":"4.88907","bright_ti4":"317.21","scan":"0.38","track":"0.58","acq_date":"2026-07-29","acq_time":"234","satellite":"N20","instrument":"VIIRS","confidence":"n","version":"2.0NRT","bright_ti5":"293.4","frp":"1.6","daynight":"N","commune":"Fos-sur-Mer","code_insee":"13039","departement":"Bouches-du-Rhône","region":"Provence-Alpes-Côte d'Azur"}},{"type":"Feature","geometry":{"type":"Point","coordinates":[4.88475,43.43926]},"properties":{"latitude":"43.43926","longitude":"4.88475","bright_ti4":"303.1","scan":"0.37","track":"0.58","acq_date":"2026-07-29","acq_time":"234","satellite":"N20","instrument":"VIIRS","confidence":"n","version":"2.0NRT","bright_ti5":"292.68","frp":"1.6","daynight":"N","commune":"Fos-sur-Mer","code_insee":"13039","departement":"Bouches-du-Rhône","region":"Provence-Alpes-Côte d'Azur"}},{"type":"Feature","geometry":{"type":"Point","coordinates":[4.89177,43.44306]},"properties":{"latitude":"43.44306","longitude":"4.89177","bright_ti4":"303.33","scan":"0.38","track":"0.58","acq_date":"2026-07-29","acq_time":"234","satellite":"N20","instrument":"VIIRS","confidence":"n","version":"2.0NRT","bright_ti5":"292.64","frp":"1.05","daynight":"N","commune":"Fos-sur-Mer","code_insee":"13039","departement":"Bouches-du-Rhône","region":"Provence-Alpes-Côte d'Azur"}},{"type":"Feature","geometry":{"type":"Point","coordinates":[4.89879,43.44686]},"properties":{"latitude":"43.44686","longitude":"4.89879","bright_ti4":"306.14","scan":"0.38","track":"0.58","acq_date":"2026-07-29","acq_time":"234","satellite":"N20","instrument":"VIIRS","confidence":"n","version":"2.0NRT","bright_ti5":"293.74","frp":"1.99","daynight":"N","commune":"Fos-sur-Mer","code_insee":"13039","departement":"Bouches-du-Rhône","region":"Provence-Alpes-Côte d'Azur"}},{"type":"Feature","geometry":{"type":"Point","coordinates":[4.89445,43.44809]},"properties":{"latitude":"43.44809","longitude":"4.89445","bright_ti4":"306.98","scan":"0.38","track":"0.58","acq_date":"2026-07-29","acq_time":"234","satellite":"N20","instrument":"VIIRS","confidence":"n","version":"2.0NRT","bright_ti5":"292.62","frp":"1.05","daynight":"N","commune":"Fos-sur-Mer","code_insee":"13039","departement":"Bouches-du-Rhône","region":"Provence-Alpes-Côte d'Azur"}},{"type":"Feature","geometry":{"type":"Point","coordinates":[-0.29151,44.20898]},"properties":{"latitude":"44.20898","longitude":"-0.29151","bright_ti4":"315.02","scan":"0.41","track":"0.45","acq_date":"2026-07-29","acq_time":"234","satellite":"N20","instrument":"VIIRS","confidence":"n","version":"2.0NRT","bright_ti5":"294.19","frp":"1.49","daynight":"N","commune":"Captieux","code_insee":"33095","departement":"Gironde","region":"Nouvelle-Aquitaine"}},{"type":"Feature","geometry":{"type":"Point","coordinates":[-0.29641,44.2101]},"properties":{"latitude":"44.2101","longitude":"-0.29641","bright_ti4":"307.45","scan":"0.41","track":"0.45","acq_date":"2026-07-29","acq_time":"234","satellite":"N20","instrument":"VIIRS","confidence":"n","version":"2.0NRT","bright_ti5":"292.85","frp":"1.6","daynight":"N","commune":"Captieux","code_insee":"33095","departement":"Gironde","region":"Nouvelle-Aquitaine"}},{"type":"Feature","geometry":{"type":"Point","coordinates":[-0.29465,44.21405]},"properties":{"latitude":"44.21405","longitude":"-0.29465","bright_ti4":"314.27","scan":"0.41","track":"0.45","acq_date":"2026-07-29","acq_time":"234","satellite":"N20","instrument":"VIIRS","confidence":"n","version":"2.0NRT","bright_ti5":"295.21","frp":"2.49","daynight":"N","commune":"Captieux","code_insee":"33095","departement":"Gironde","region":"Nouvelle-Aquitaine"}},{"type":"Feature","geometry":{"type":"Point","coordinates":[-0.2978,44.21912]},"properties":{"latitude":"44.21912","longitude":"-0.2978","bright_ti4":"317.64","scan":"0.41","track":"0.45","acq_date":"2026-07-29","acq_time":"234","satellite":"N20","instrument":"VIIRS","confidence":"n","version":"2.0NRT","bright_ti5":"295.34","frp":"2.49","daynight":"N","commune":"Captieux","code_insee":"33095","departement":"Gironde","region":"Nouvelle-Aquitaine"}},{"type":"Feature","geometry":{"type":"Point","coordinates":[-0.29605,44.22307]},"properties":{"latitude":"44.22307","longitude":"-0.29605","bright_ti4":"304.1","scan":"0.41","track":"0.45","acq_date":"2026-07-29","acq_time":"234","satellite":"N20","instrument":"VIIRS","confidence":"n","version":"2.0NRT","bright_ti5":"291.72","frp":"0.82","daynight":"N","commune":"Captieux","code_insee":"33095","departement":"Gironde","region":"Nouvelle-Aquitaine"}},{"type":"Feature","geometry":{"type":"Point","coordinates":[-0.85197,44.7214]},"properties":{"latitude":"44.7214","longitude":"-0.85197","bright_ti4":"314.32","scan":"0.57","track":"0.43","acq_date":"2026-07-29","acq_time":"234","satellite":"N20","instrument":"VIIRS","confidence":"n","version":"2.0NRT","bright_ti5":"292.58","frp":"2.59","daynight":"N","commune":"Marcheprime","code_insee":"33555","departement":"Gironde","region":"Nouvelle-Aquitaine"}},{"type":"Feature","geometry":{"type":"Point","coordinates":[-0.85128,44.72227]},"properties":{"latitude":"44.72227","longitude":"-0.85128","bright_ti4":"316.12","scan":"0.57","track":"0.43","acq_date":"2026-07-29","acq_time":"234","satellite":"N20","instrument":"VIIRS","confidence":"n","version":"2.0NRT","bright_ti5":"293.22","frp":"2.72","daynight":"N","commune":"Marcheprime","code_insee":"33555","departement":"Gironde","region":"Nouvelle-Aquitaine"}},{"type":"Feature","geometry":{"type":"Point","coordinates":[-0.88297,44.73674]},"properties":{"latitude":"44.73674","longitude":"-0.88297","bright_ti4":"304.54","scan":"0.57","track":"0.43","acq_date":"2026-07-29","acq_time":"234","satellite":"N20","instrument":"VIIRS","confidence":"n","version":"2.0NRT","bright_ti5":"290.99","frp":"1.53","daynight":"N","commune":"Audenge","code_insee":"33019","departement":"Gironde","region":"Nouvelle-Aquitaine"}},{"type":"Feature","geometry":{"type":"Point","coordinates":[-0.88237,44.73744]},"properties":{"latitude":"44.73744","longitude":"-0.88237","bright_ti4":"302.53","scan":"0.57","track":"0.43","acq_date":"2026-07-29","acq_time":"234","satellite":"N20","instrument":"VIIRS","confidence":"n","version":"2.0NRT","bright_ti5":"290.69","frp":"1.35","daynight":"N","commune":"Audenge","code_insee":"33019","departement":"Gironde","region":"Nouvelle-Aquitaine"}},{"type":"Feature","geometry":{"type":"Point","coordinates":[-0.9661,44.75157]},"properties":{"latitude":"44.75157","longitude":"-0.9661","bright_ti4":"301.89","scan":"0.56","track":"0.43","acq_date":"2026-07-29","acq_time":"234","satellite":"N20","instrument":"VIIRS","confidence":"n","version":"2.0NRT","bright_ti5":"291.38","frp":"1.96","daynight":"N","commune":"Lanton","code_insee":"33229","departement":"Gironde","region":"Nouvelle-Aquitaine"}},{"type":"Feature","geometry":{"type":"Point","coordinates":[-0.97324,44.75278]},"properties":{"latitude":"44.75278","longitude":"-0.97324","bright_ti4":"303.72","scan":"0.56","track":"0.43","acq_date":"2026-07-29","acq_time":"234","satellite":"N20","instrument":"VIIRS","confidence":"n","version":"2.0NRT","bright_ti5":"292.23","frp":"1.44","daynight":"N","commune":"Lanton","code_insee":"33229","departement":"Gironde","region":"Nouvelle-Aquitaine"}},{"type":"Feature","geometry":{"type":"Point","coordinates":[-0.97291,44.75305]},"properties":{"latitude":"44.75305","longitude":"-0.97291","bright_ti4":"304.21","scan":"0.56","track":"0.43","acq_date":"2026-07-29","acq_time":"234","satellite":"N20","instrument":"VIIRS","confidence":"n","version":"2.0NRT","bright_ti5":"292.22","frp":"1.96","daynight":"N","commune":"Lanton","code_insee":"33229","departement":"Gironde","region":"Nouvelle-Aquitaine"}},{"type":"Feature","geometry":{"type":"Point","coordinates":[-0.96481,44.75506]},"properties":{"latitude":"44.75506","longitude":"-0.96481","bright_ti4":"316.54","scan":"0.56","track":"0.43","acq_date":"2026-07-29","acq_time":"234","satellite":"N20","instrument":"VIIRS","confidence":"n","version":"2.0NRT","bright_ti5":"294.94","frp":"1.9","daynight":"N","commune":"Lanton","code_insee":"33229","departement":"Gironde","region":"Nouvelle-Aquitaine"}},{"type":"Feature","geometry":{"type":"Point","coordinates":[-0.96446,44.75536]},"properties":{"latitude":"44.75536","longitude":"-0.96446","bright_ti4":"315.43","scan":"0.56","track":"0.43","acq_date":"2026-07-29","acq_time":"234","satellite":"N20","instrument":"VIIRS","confidence":"n","version":"2.0NRT","bright_ti5":"295.19","frp":"1.96","daynight":"N","commune":"Lanton","code_insee":"33229","departement":"Gironde","region":"Nouvelle-Aquitaine"}},{"type":"Feature","geometry":{"type":"Point","coordinates":[-0.97161,44.75658]},"properties":{"latitude":"44.75658","longitude":"-0.97161","bright_ti4":"302.98","scan":"0.56","track":"0.43","acq_date":"2026-07-29","acq_time":"234","satellite":"N20","instrument":"VIIRS","confidence":"n","version":"2.0NRT","bright_ti5":"291.95","frp":"1.64","daynight":"N","commune":"Lanton","code_insee":"33229","departement":"Gironde","region":"Nouvelle-Aquitaine"}},{"type":"Feature","geometry":{"type":"Point","coordinates":[-0.95639,44.75734]},"properties":{"latitude":"44.75734","longitude":"-0.95639","bright_ti4":"307.48","scan":"0.56","track":"0.43","acq_date":"2026-07-29","acq_time":"234","satellite":"N20","instrument":"VIIRS","confidence":"n","version":"2.0NRT","bright_ti5":"294.56","frp":"1.9","daynight":"N","commune":"Lanton","code_insee":"33229","departement":"Gironde","region":"Nouvelle-Aquitaine"}},{"type":"Feature","geometry":{"type":"Point","coordinates":[-0.95601,44.75768]},"properties":{"latitude":"44.75768","longitude":"-0.95601","bright_ti4":"308.13","scan":"0.56","track":"0.43","acq_date":"2026-07-29","acq_time":"234","satellite":"N20","instrument":"VIIRS","confidence":"n","version":"2.0NRT","bright_ti5":"294.62","frp":"2.38","daynight":"N","commune":"Lanton","code_insee":"33229","departement":"Gironde","region":"Nouvelle-Aquitaine"}},{"type":"Feature","geometry":{"type":"Point","coordinates":[-0.96319,44.75886]},"properties":{"latitude":"44.75886","longitude":"-0.96319","bright_ti4":"305.98","scan":"0.56","track":"0.43","acq_date":"2026-07-29","acq_time":"234","satellite":"N20","instrument":"VIIRS","confidence":"n","version":"2.0NRT","bright_ti5":"294.18","frp":"1.9","daynight":"N","commune":"Lanton","code_insee":"33229","departement":"Gironde","region":"Nouvelle-Aquitaine"}},{"type":"Feature","geometry":{"type":"Point","coordinates":[-0.96283,44.75917]},"properties":{"latitude":"44.75917","longitude":"-0.96283","bright_ti4":"305.09","scan":"0.56","track":"0.43","acq_date":"2026-07-29","acq_time":"234","satellite":"N20","instrument":"VIIRS","confidence":"n","version":"2.0NRT","bright_ti5":"293.59","frp":"1.94","daynight":"N","commune":"Lanton","code_insee":"33229","departement":"Gironde","region":"Nouvelle-Aquitaine"}},{"type":"Feature","geometry":{"type":"Point","coordinates":[-1.21664,44.76895]},"properties":{"latitude":"44.76895","longitude":"-1.21664","bright_ti4":"322.05","scan":"0.55","track":"0.42","acq_date":"2026-07-29","acq_time":"234","satellite":"N20","instrument":"VIIRS","confidence":"n","version":"2.0NRT","bright_ti5":"291.78","frp":"2.48","daynight":"N","commune":"Lège-Cap-Ferret","code_insee":"33236","departement":"Gironde","region":"Nouvelle-Aquitaine"}},{"type":"Feature","geometry":{"type":"Point","coordinates":[-1.21504,44.77271]},"properties":{"latitude":"44.77271","longitude":"-1.21504","bright_ti4":"305.77","scan":"0.55","track":"0.42","acq_date":"2026-07-29","acq_time":"234","satellite":"N20","instrument":"VIIRS","confidence":"n","version":"2.0NRT","bright_ti5":"292.41","frp":"1.57","daynight":"N","commune":"Lège-Cap-Ferret","code_insee":"33236","departement":"Gironde","region":"Nouvelle-Aquitaine"}},{"type":"Feature","geometry":{"type":"Point","coordinates":[-1.21721,44.81834]},"properties":{"latitude":"44.81834","longitude":"-1.21721","bright_ti4":"307.07","scan":"0.55","track":"0.42","acq_date":"2026-07-29","acq_time":"234","satellite":"N20","instrument":"VIIRS","confidence":"n","version":"2.0NRT","bright_ti5":"293.97","frp":"3.06","daynight":"N","commune":"Le Porge","code_insee":"33333","departement":"Gironde","region":"Nouvelle-Aquitaine"}},{"type":"Feature","geometry":{"type":"Point","coordinates":[-1.21686,44.81925]},"properties":{"latitude":"44.81925","longitude":"-1.21686","bright_ti4":"306.04","scan":"0.55","track":"0.42","acq_date":"2026-07-29","acq_time":"234","satellite":"N20","instrument":"VIIRS","confidence":"n","version":"2.0NRT","bright_ti5":"292.92","frp":"2.15","daynight":"N","commune":"Le Porge","code_insee":"33333","departement":"Gironde","region":"Nouvelle-Aquitaine"}},{"type":"Feature","geometry":{"type":"Point","coordinates":[-1.1673,44.83302]},"properties":{"latitude":"44.83302","longitude":"-1.1673","bright_ti4":"306.79","scan":"0.55","track":"0.43","acq_date":"2026-07-29","acq_time":"234","satellite":"N20","instrument":"VIIRS","confidence":"n","version":"2.0NRT","bright_ti5":"289.34","frp":"1.43","daynight":"N","commune":"Le Porge","code_insee":"33333","departement":"Gironde","region":"Nouvelle-Aquitaine"}},{"type":"Feature","geometry":{"type":"Point","coordinates":[-1.16572,44.83679]},"properties":{"latitude":"44.83679","longitude":"-1.16572","bright_ti4":"302.23","scan":"0.55","track":"0.43","acq_date":"2026-07-29","acq_time":"234","satellite":"N20","instrument":"VIIRS","confidence":"n","version":"2.0NRT","bright_ti5":"288.98","frp":"1.43","daynight":"N","commune":"Le Porge","code_insee":"33333","departement":"Gironde","region":"Nouvelle-Aquitaine"}},{"type":"Feature","geometry":{"type":"Point","coordinates":[-1.16915,44.84577]},"properties":{"latitude":"44.84577","longitude":"-1.16915","bright_ti4":"326.25","scan":"0.55","track":"0.43","acq_date":"2026-07-29","acq_time":"234","satellite":"N20","instrument":"VIIRS","confidence":"n","version":"2.0NRT","bright_ti5":"288.68","frp":"2.11","daynight":"N","commune":"Le Porge","code_insee":"33333","departement":"Gironde","region":"Nouvelle-Aquitaine"}},{"type":"Feature","geometry":{"type":"Point","coordinates":[-0.90141,44.84927]},"properties":{"latitude":"44.84927","longitude":"-0.90141","bright_ti4":"299.75","scan":"0.56","track":"0.43","acq_date":"2026-07-29","acq_time":"234","satellite":"N20","instrument":"VIIRS","confidence":"n","version":"2.0NRT","bright_ti5":"289.32","frp":"1.52","daynight":"N","commune":"Le Temple","code_insee":"33528","departement":"Gironde","region":"Nouvelle-Aquitaine"}},{"type":"Feature","geometry":{"type":"Point","coordinates":[-0.86141,44.85678]},"properties":{"latitude":"44.85678","longitude":"-0.86141","bright_ti4":"305.42","scan":"0.56","track":"0.43","acq_date":"2026-07-29","acq_time":"234","satellite":"N20","instrument":"VIIRS","confidence":"n","version":"2.0NRT","bright_ti5":"290.53","frp":"3.76","daynight":"N","commune":"Saint-Médard-en-Jalles","code_insee":"33449","departement":"Gironde","region":"Nouvelle-Aquitaine"}},{"type":"Feature","geometry":{"type":"Point","coordinates":[-0.86826,44.85831]},"properties":{"latitude":"44.85831","longitude":"-0.86826","bright_ti4":"331.54","scan":"0.56","track":"0.43","acq_date":"2026-07-29","acq_time":"234","satellite":"N20","instrument":"VIIRS","confidence":"n","version":"2.0NRT","bright_ti5":"302.33","frp":"3.76","daynight":"N","commune":"Saint-Médard-en-Jalles","code_insee":"33449","departement":"Gironde","region":"Nouvelle-Aquitaine"}},{"type":"Feature","geometry":{"type":"Point","coordinates":[-0.8751,44.85983]},"properties":{"latitude":"44.85983","longitude":"-0.8751","bright_ti4":"318.6","scan":"0.56","track":"0.43","acq_date":"2026-07-29","acq_time":"234","satellite":"N20","instrument":"VIIRS","confidence":"n","version":"2.0NRT","bright_ti5":"296.17","frp":"4.24","daynight":"N","commune":"Saint-Médard-en-Jalles","code_insee":"33449","departement":"Gironde","region":"Nouvelle-Aquitaine"}},{"type":"Feature","geometry":{"type":"Point","coordinates":[-0.8666,44.86211]},"properties":{"latitude":"44.86211","longitude":"-0.8666","bright_ti4":"307.2","scan":"0.56","track":"0.43","acq_date":"2026-07-29","acq_time":"234","satellite":"N20","instrument":"VIIRS","confidence":"n","version":"2.0NRT","bright_ti5":"295.44","frp":"2.57","daynight":"N","commune":"Saint-Médard-en-Jalles","code_insee":"33449","departement":"Gironde","region":"Nouvelle-Aquitaine"}},{"type":"Feature","geometry":{"type":"Point","coordinates":[-0.87344,44.86363]},"properties":{"latitude":"44.86363","longitude":"-0.87344","bright_ti4":"315.89","scan":"0.56","track":"0.43","acq_date":"2026-07-29","acq_time":"234","satellite":"N20","instrument":"VIIRS","confidence":"n","version":"2.0NRT","bright_ti5":"296.99","frp":"3.69","daynight":"N","commune":"Saint-Médard-en-Jalles","code_insee":"33449","departement":"Gironde","region":"Nouvelle-Aquitaine"}},{"type":"Feature","geometry":{"type":"Point","coordinates":[-0.89397,44.86821]},"properties":{"latitude":"44.86821","longitude":"-0.89397","bright_ti4":"311.25","scan":"0.56","track":"0.43","acq_date":"2026-07-29","acq_time":"234","satellite":"N20","instrument":"VIIRS","confidence":"n","version":"2.0NRT","bright_ti5":"293.19","frp":"2.4","daynight":"N","commune":"Le Temple","code_insee":"33528","departement":"Gironde","region":"Nouvelle-Aquitaine"}},{"type":"Feature","geometry":{"type":"Point","coordinates":[-0.87863,44.86896]},"properties":{"latitude":"44.86896","longitude":"-0.87863","bright_ti4":"314.7","scan":"0.56","track":"0.43","acq_date":"2026-07-29","acq_time":"234","satellite":"N20","instrument":"VIIRS","confidence":"n","version":"2.0NRT","bright_ti5":"295.01","frp":"3.69","daynight":"N","commune":"Saint-Médard-en-Jalles","code_insee":"33449","departement":"Gironde","region":"Nouvelle-Aquitaine"}},{"type":"Feature","geometry":{"type":"Point","coordinates":[-0.87697,44.87276]},"properties":{"latitude":"44.87276","longitude":"-0.87697","bright_ti4":"330.01","scan":"0.56","track":"0.43","acq_date":"2026-07-29","acq_time":"234","satellite":"N20","instrument":"VIIRS","confidence":"n","version":"2.0NRT","bright_ti5":"295.27","frp":"7.26","daynight":"N","commune":"Saint-Médard-en-Jalles","code_insee":"33449","departement":"Gironde","region":"Nouvelle-Aquitaine"}},{"type":"Feature","geometry":{"type":"Point","coordinates":[-0.88381,44.87428]},"properties":{"latitude":"44.87428","longitude":"-0.88381","bright_ti4":"320.79","scan":"0.56","track":"0.43","acq_date":"2026-07-29","acq_time":"234","satellite":"N20","instrument":"VIIRS","confidence":"n","version":"2.0NRT","bright_ti5":"288.24","frp":"5.14","daynight":"N","commune":"Le Temple","code_insee":"33528","departement":"Gironde","region":"Nouvelle-Aquitaine"}},{"type":"Feature","geometry":{"type":"Point","coordinates":[-0.9233,44.90385]},"properties":{"latitude":"44.90385","longitude":"-0.9233","bright_ti4":"299.16","scan":"0.56","track":"0.43","acq_date":"2026-07-29","acq_time":"234","satellite":"N20","instrument":"VIIRS","confidence":"n","version":"2.0NRT","bright_ti5":"289.07","frp":"1.16","daynight":"N","commune":"Sainte-Hélène","code_insee":"33417","departement":"Gironde","region":"Nouvelle-Aquitaine"}},{"type":"Feature","geometry":{"type":"Point","coordinates":[-0.91483,44.90614]},"properties":{"latitude":"44.90614","longitude":"-0.91483","bright_ti4":"304.66","scan":"0.56","track":"0.43","acq_date":"2026-07-29","acq_time":"234","satellite":"N20","instrument":"VIIRS","confidence":"n","version":"2.0NRT","bright_ti5":"288.58","frp":"0.99","daynight":"N","commune":"Sainte-Hélène","code_insee":"33417","departement":"Gironde","region":"Nouvelle-Aquitaine"}},{"type":"Feature","geometry":{"type":"Point","coordinates":[-0.92164,44.90764]},"properties":{"latitude":"44.90764","longitude":"-0.92164","bright_ti4":"301.05","scan":"0.56","track":"0.43","acq_date":"2026-07-29","acq_time":"234","satellite":"N20","instrument":"VIIRS","confidence":"n","version":"2.0NRT","bright_ti5":"288.96","frp":"0.99","daynight":"N","commune":"Sainte-Hélène","code_insee":"33417","departement":"Gironde","region":"Nouvelle-Aquitaine"}},{"type":"Feature","geometry":{"type":"Point","coordinates":[-1.10024,44.93868]},"properties":{"latitude":"44.93868","longitude":"-1.10024","bright_ti4":"307.76","scan":"0.55","track":"0.43","acq_date":"2026-07-29","acq_time":"234","satellite":"N20","instrument":"VIIRS","confidence":"n","version":"2.0NRT","bright_ti5":"292.25","frp":"1.88","daynight":"N","commune":"Lacanau","code_insee":"33214","departement":"Gironde","region":"Nouvelle-Aquitaine"}},{"type":"Feature","geometry":{"type":"Point","coordinates":[-1.05692,44.95393]},"properties":{"latitude":"44.95393","longitude":"-1.05692","bright_ti4":"318.65","scan":"0.55","track":"0.43","acq_date":"2026-07-29","acq_time":"234","satellite":"N20","instrument":"VIIRS","confidence":"n","version":"2.0NRT","bright_ti5":"291.42","frp":"2.33","daynight":"N","commune":"Lacanau","code_insee":"33214","departement":"Gironde","region":"Nouvelle-Aquitaine"}},{"type":"Feature","geometry":{"type":"Point","coordinates":[-1.02019,44.97067]},"properties":{"latitude":"44.97067","longitude":"-1.02019","bright_ti4":"299.69","scan":"0.55","track":"0.43","acq_date":"2026-07-29","acq_time":"234","satellite":"N20","instrument":"VIIRS","confidence":"n","version":"2.0NRT","bright_ti5":"288.15","frp":"0.62","daynight":"N","commune":"Lacanau","code_insee":"33214","departement":"Gironde","region":"Nouvelle-Aquitaine"}},{"type":"Feature","geometry":{"type":"Point","coordinates":[0.15168,46.80716]},"properties":{"latitude":"46.80716","longitude":"0.15168","bright_ti4":"322.87","scan":"0.56","track":"0.43","acq_date":"2026-07-29","acq_time":"234","satellite":"N20","instrument":"VIIRS","confidence":"n","version":"2.0NRT","bright_ti5":"289.97","frp":"2.15","daynight":"N","commune":"Chouppes","code_insee":"86075","departement":"Vienne","region":"Nouvelle-Aquitaine"}},{"type":"Feature","geometry":{"type":"Point","coordinates":[0.15348,46.81095]},"properties":{"latitude":"46.81095","longitude":"0.15348","bright_ti4":"302.58","scan":"0.56","track":"0.43","acq_date":"2026-07-29","acq_time":"234","satellite":"N20","instrument":"VIIRS","confidence":"n","version":"2.0NRT","bright_ti5":"288.93","frp":"0.44","daynight":"N","commune":"Chouppes","code_insee":"86075","departement":"Vienne","region":"Nouvelle-Aquitaine"}},{"type":"Feature","geometry":{"type":"Point","coordinates":[2.75126,47.07476]},"properties":{"latitude":"47.07476","longitude":"2.75126","bright_ti4":"305.88","scan":"0.47","track":"0.48","acq_date":"2026-07-29","acq_time":"234","satellite":"N20","instrument":"VIIRS","confidence":"n","version":"2.0NRT","bright_ti5":"289.37","frp":"1.54","daynight":"N","commune":"Baugy","code_insee":"18023","departement":"Cher","region":"Centre-Val de Loire"}},{"type":"Feature","geometry":{"type":"Point","coordinates":[-1.03332,48.10904]},"properties":{"latitude":"48.10904","longitude":"-1.03332","bright_ti4":"305.32","scan":"0.48","track":"0.4","acq_date":"2026-07-29","acq_time":"234","satellite":"N20","instrument":"VIIRS","confidence":"n","version":"2.0NRT","bright_ti5":"292.45","frp":"0.84","daynight":"N","commune":"Saint-Pierre-la-Cour","code_insee":"53247","departement":"Mayenne","region":"Pays de la Loire"}},{"type":"Feature","geometry":{"type":"Point","coordinates":[6.96699,48.69349]},"properties":{"latitude":"48.69349","longitude":"6.96699","bright_ti4":"304","scan":"0.32","track":"0.55","acq_date":"2026-07-29","acq_time":"234","satellite":"N20","instrument":"VIIRS","confidence":"n","version":"2.0NRT","bright_ti5":"288.52","frp":"0.54","daynight":"N","commune":"Héming","code_insee":"57314","departement":"Moselle","region":"Grand Est"}},{"type":"Feature","geometry":{"type":"Point","coordinates":[2.73636,48.94985]},"properties":{"latitude":"48.94985","longitude":"2.73636","bright_ti4":"300.88","scan":"0.42","track":"0.45","acq_date":"2026-07-29","acq_time":"234","satellite":"N20","instrument":"VIIRS","confidence":"n","version":"2.0NRT","bright_ti5":"290.14","frp":"0.64","daynight":"N","commune":"Fresnes-sur-Marne","code_insee":"77196","departement":"Seine-et-Marne","region":"Île-de-France"}},{"type":"Feature","geometry":{"type":"Point","coordinates":[1.02758,49.83108]},"properties":{"latitude":"49.83108","longitude":"1.02758","bright_ti4":"320.22","scan":"0.52","track":"0.42","acq_date":"2026-07-29","acq_time":"234","satellite":"N20","instrument":"VIIRS","confidence":"n","version":"2.0NRT","bright_ti5":"288.26","frp":"2.61","daynight":"N","commune":"Auppegard","code_insee":"76036","departement":"Seine-Maritime","region":"Normandie"}},{"type":"Feature","geometry":{"type":"Point","coordinates":[1.02785,49.83174]},"properties":{"latitude":"49.83174","longitude":"1.02785","bright_ti4":"318.84","scan":"0.52","track":"0.42","acq_date":"2026-07-29","acq_time":"234","satellite":"N20","instrument":"VIIRS","confidence":"n","version":"2.0NRT","bright_ti5":"288.27","frp":"2.87","daynight":"N","commune":"Auppegard","code_insee":"76036","departement":"Seine-Maritime","region":"Normandie"}},{"type":"Feature","geometry":{"type":"Point","coordinates":[2.27546,51.02861]},"properties":{"latitude":"51.02861","longitude":"2.27546","bright_ti4":"309.91","scan":"0.54","track":"0.42","acq_date":"2026-07-29","acq_time":"234","satellite":"N20","instrument":"VIIRS","confidence":"n","version":"2.0NRT","bright_ti5":"289.8","frp":"2.18","daynight":"N","commune":"Grande-Synthe","code_insee":"59271","departement":"Nord","region":"Hauts-de-France"}},{"type":"Feature","geometry":{"type":"Point","coordinates":[2.26859,51.02916]},"properties":{"latitude":"51.02916","longitude":"2.26859","bright_ti4":"313.04","scan":"0.54","track":"0.42","acq_date":"2026-07-29","acq_time":"234","satellite":"N20","instrument":"VIIRS","confidence":"n","version":"2.0NRT","bright_ti5":"289.76","frp":"3.19","daynight":"N","commune":"Grande-Synthe","code_insee":"59271","departement":"Nord","region":"Hauts-de-France"}},{"type":"Feature","geometry":{"type":"Point","coordinates":[2.26811,51.03029]},"properties":{"latitude":"51.03029","longitude":"2.26811","bright_ti4":"300.31","scan":"0.54","track":"0.42","acq_date":"2026-07-29","acq_time":"234","satellite":"N20","instrument":"VIIRS","confidence":"n","version":"2.0NRT","bright_ti5":"290.14","frp":"1.43","daynight":"N","commune":"Grande-Synthe","code_insee":"59271","departement":"Nord","region":"Hauts-de-France"}},{"type":"Feature","geometry":{"type":"Point","coordinates":[2.28703,51.03431]},"properties":{"latitude":"51.03431","longitude":"2.28703","bright_ti4":"309.84","scan":"0.54","track":"0.42","acq_date":"2026-07-29","acq_time":"234","satellite":"N20","instrument":"VIIRS","confidence":"n","version":"2.0NRT","bright_ti5":"290.38","frp":"3.23","daynight":"N","commune":"Grande-Synthe","code_insee":"59271","departement":"Nord","region":"Hauts-de-France"}},{"type":"Feature","geometry":{"type":"Point","coordinates":[2.29126,51.04169]},"properties":{"latitude":"51.04169","longitude":"2.29126","bright_ti4":"301.74","scan":"0.54","track":"0.42","acq_date":"2026-07-29","acq_time":"234","satellite":"N20","instrument":"VIIRS","confidence":"n","version":"2.0NRT","bright_ti5":"290.36","frp":"1.52","daynight":"N","commune":"Grande-Synthe","code_insee":"59271","departement":"Nord","region":"Hauts-de-France"}},{"type":"Feature","geometry":{"type":"Point","coordinates":[2.30072,51.0437]},"properties":{"latitude":"51.0437","longitude":"2.30072","bright_ti4":"311.45","scan":"0.55","track":"0.42","acq_date":"2026-07-29","acq_time":"234","satellite":"N20","instrument":"VIIRS","confidence":"n","version":"2.0NRT","bright_ti5":"291.53","frp":"3.82","daynight":"N","commune":"Grande-Synthe","code_insee":"59271","departement":"Nord","region":"Hauts-de-France"}},{"type":"Feature","geometry":{"type":"Point","coordinates":[2.29336,51.04538]},"properties":{"latitude":"51.04538","longitude":"2.29336","bright_ti4":"328.08","scan":"0.54","track":"0.42","acq_date":"2026-07-29","acq_time":"234","satellite":"N20","instrument":"VIIRS","confidence":"n","version":"2.0NRT","bright_ti5":"290.76","frp":"4.62","daynight":"N","commune":"Grande-Synthe","code_insee":"59271","departement":"Nord","region":"Hauts-de-France"}},{"type":"Feature","geometry":{"type":"Point","coordinates":[2.31971,51.04772]},"properties":{"latitude":"51.04772","longitude":"2.31971","bright_ti4":"321.15","scan":"0.55","track":"0.42","acq_date":"2026-07-29","acq_time":"234","satellite":"N20","instrument":"VIIRS","confidence":"n","version":"2.0NRT","bright_ti5":"292.86","frp":"3.16","daynight":"N","commune":"Dunkerque","code_insee":"59183","departement":"Nord","region":"Hauts-de-France"}},{"type":"Feature","geometry":{"type":"Point","coordinates":[0.09477,42.8695]},"properties":{"latitude":"42.8695","longitude":"0.09477","bright_ti4":"301.32","scan":"0.46","track":"0.47","acq_date":"2026-07-29","acq_time":"236","satellite":"N20","instrument":"VIIRS","confidence":"n","version":"2.0NRT","bright_ti5":"289.71","frp":"0.82","daynight":"N","commune":"Barèges","code_insee":"65481","departement":"Hautes-Pyrénées","region":"Occitanie"}},{"type":"Feature","geometry":{"type":"Point","coordinates":[0.0909,42.87041]},"properties":{"latitude":"42.87041","longitude":"0.0909","bright_ti4":"299.31","scan":"0.46","track":"0.47","acq_date":"2026-07-29","acq_time":"236","satellite":"N20","instrument":"VIIRS","confidence":"n","version":"2.0NRT","bright_ti5":"288.36","frp":"0.83","daynight":"N","commune":"Barèges","code_insee":"65481","departement":"Hautes-Pyrénées","region":"Occitanie"}},{"type":"Feature","geometry":{"type":"Point","coordinates":[6.111,48.56109]},"properties":{"latitude":"48.56109","longitude":"6.111","bright_ti4":"300.27","scan":"0.38","track":"0.36","acq_date":"2026-07-29","acq_time":"137","satellite":"N21","instrument":"VIIRS","confidence":"n","version":"2.0NRT","bright_ti5":"289.54","frp":"0.9","daynight":"N","commune":"Xeuilley","code_insee":"54596","departement":"Meurthe-et-Moselle","region":"Grand Est"}},{"type":"Feature","geometry":{"type":"Point","coordinates":[6.96548,48.69234]},"properties":{"latitude":"48.69234","longitude":"6.96548","bright_ti4":"305.82","scan":"0.38","track":"0.36","acq_date":"2026-07-29","acq_time":"137","satellite":"N21","instrument":"VIIRS","confidence":"n","version":"2.0NRT","bright_ti5":"290.09","frp":"0.93","daynight":"N","commune":"Héming","code_insee":"57314","departement":"Moselle","region":"Grand Est"}},{"type":"Feature","geometry":{"type":"Point","coordinates":[4.56481,48.76711]},"properties":{"latitude":"48.76711","longitude":"4.56481","bright_ti4":"304.78","scan":"0.4","track":"0.37","acq_date":"2026-07-29","acq_time":"137","satellite":"N21","instrument":"VIIRS","confidence":"n","version":"2.0NRT","bright_ti5":"293.46","frp":"0.95","daynight":"N","commune":"Couvrot","code_insee":"51195","departement":"Marne","region":"Grand Est"}},{"type":"Feature","geometry":{"type":"Point","coordinates":[7.56571,48.87445]},"properties":{"latitude":"48.87445","longitude":"7.56571","bright_ti4":"299.13","scan":"0.39","track":"0.36","acq_date":"2026-07-29","acq_time":"137","satellite":"N21","instrument":"VIIRS","confidence":"n","version":"2.0NRT","bright_ti5":"288.36","frp":"0.72","daynight":"N","commune":"Uhrwiller","code_insee":"67498","departement":"Bas-Rhin","region":"Grand Est"}},{"type":"Feature","geometry":{"type":"Point","coordinates":[2.738,48.9495]},"properties":{"latitude":"48.9495","longitude":"2.738","bright_ti4":"301.25","scan":"0.44","track":"0.38","acq_date":"2026-07-29","acq_time":"137","satellite":"N21","instrument":"VIIRS","confidence":"n","version":"2.0NRT","bright_ti5":"290.7","frp":"0.89","daynight":"N","commune":"Fresnes-sur-Marne","code_insee":"77196","departement":"Seine-et-Marne","region":"Île-de-France"}},{"type":"Feature","geometry":{"type":"Point","coordinates":[0.53479,49.47671]},"properties":{"latitude":"49.47671","longitude":"0.53479","bright_ti4":"304.75","scan":"0.53","track":"0.42","acq_date":"2026-07-29","acq_time":"137","satellite":"N21","instrument":"VIIRS","confidence":"n","version":"2.0NRT","bright_ti5":"291.33","frp":"1.74","daynight":"N","commune":"Lillebonne","code_insee":"76384","departement":"Seine-Maritime","region":"Normandie"}},{"type":"Feature","geometry":{"type":"Point","coordinates":[3.51096,50.36434]},"properties":{"latitude":"50.36434","longitude":"3.51096","bright_ti4":"318.24","scan":"0.43","track":"0.38","acq_date":"2026-07-29","acq_time":"137","satellite":"N21","instrument":"VIIRS","confidence":"n","version":"2.0NRT","bright_ti5":"290.21","frp":"2.06","daynight":"N","commune":"Valenciennes","code_insee":"59606","departement":"Nord","region":"Hauts-de-France"}},{"type":"Feature","geometry":{"type":"Point","coordinates":[2.11318,50.697]},"properties":{"latitude":"50.697","longitude":"2.11318","bright_ti4":"300.7","scan":"0.48","track":"0.4","acq_date":"2026-07-29","acq_time":"137","satellite":"N21","instrument":"VIIRS","confidence":"n","version":"2.0NRT","bright_ti5":"288.68","frp":"0.88","daynight":"N","commune":"Lumbres","code_insee":"62534","departement":"Pas-de-Calais","region":"Hauts-de-France"}},{"type":"Feature","geometry":{"type":"Point","coordinates":[2.1133,50.69742]},"properties":{"latitude":"50.69742","longitude":"2.1133","bright_ti4":"300.53","scan":"0.48","track":"0.4","acq_date":"2026-07-29","acq_time":"137","satellite":"N21","instrument":"VIIRS","confidence":"n","version":"2.0NRT","bright_ti5":"288.86","frp":"1.13","daynight":"N","commune":"Lumbres","code_insee":"62534","departement":"Pas-de-Calais","region":"Hauts-de-France"}},{"type":"Feature","geometry":{"type":"Point","coordinates":[2.27214,51.02632]},"properties":{"latitude":"51.02632","longitude":"2.27214","bright_ti4":"317.7","scan":"0.48","track":"0.4","acq_date":"2026-07-29","acq_time":"137","satellite":"N21","instrument":"VIIRS","confidence":"n","version":"2.0NRT","bright_ti5":"290.25","frp":"2.9","daynight":"N","commune":"Grande-Synthe","code_insee":"59271","departement":"Nord","region":"Hauts-de-France"}},{"type":"Feature","geometry":{"type":"Point","coordinates":[2.28762,51.03212]},"properties":{"latitude":"51.03212","longitude":"2.28762","bright_ti4":"306.01","scan":"0.48","track":"0.4","acq_date":"2026-07-29","acq_time":"137","satellite":"N21","instrument":"VIIRS","confidence":"n","version":"2.0NRT","bright_ti5":"290.6","frp":"2.5","daynight":"N","commune":"Grande-Synthe","code_insee":"59271","departement":"Nord","region":"Hauts-de-France"}},{"type":"Feature","geometry":{"type":"Point","coordinates":[2.27411,51.03358]},"properties":{"latitude":"51.03358","longitude":"2.27411","bright_ti4":"304.34","scan":"0.48","track":"0.4","acq_date":"2026-07-29","acq_time":"137","satellite":"N21","instrument":"VIIRS","confidence":"n","version":"2.0NRT","bright_ti5":"290.2","frp":"1.85","daynight":"N","commune":"Grande-Synthe","code_insee":"59271","departement":"Nord","region":"Hauts-de-France"}},{"type":"Feature","geometry":{"type":"Point","coordinates":[2.2886,51.03575]},"properties":{"latitude":"51.03575","longitude":"2.2886","bright_ti4":"314.91","scan":"0.48","track":"0.4","acq_date":"2026-07-29","acq_time":"137","satellite":"N21","instrument":"VIIRS","confidence":"n","version":"2.0NRT","bright_ti5":"291.01","frp":"2.65","daynight":"N","commune":"Grande-Synthe","code_insee":"59271","departement":"Nord","region":"Hauts-de-France"}},{"type":"Feature","geometry":{"type":"Point","coordinates":[2.29731,51.04227]},"properties":{"latitude":"51.04227","longitude":"2.29731","bright_ti4":"319.26","scan":"0.48","track":"0.4","acq_date":"2026-07-29","acq_time":"137","satellite":"N21","instrument":"VIIRS","confidence":"n","version":"2.0NRT","bright_ti5":"293.73","frp":"2.53","daynight":"N","commune":"Grande-Synthe","code_insee":"59271","departement":"Nord","region":"Hauts-de-France"}},{"type":"Feature","geometry":{"type":"Point","coordinates":[2.29056,51.04301]},"properties":{"latitude":"51.04301","longitude":"2.29056","bright_ti4":"303.77","scan":"0.48","track":"0.4","acq_date":"2026-07-29","acq_time":"137","satellite":"N21","instrument":"VIIRS","confidence":"n","version":"2.0NRT","bright_ti5":"290.5","frp":"3.12","daynight":"N","commune":"Grande-Synthe","code_insee":"59271","departement":"Nord","region":"Hauts-de-France"}},{"type":"Feature","geometry":{"type":"Point","coordinates":[2.30503,51.04517]},"properties":{"latitude":"51.04517","longitude":"2.30503","bright_ti4":"304.38","scan":"0.48","track":"0.4","acq_date":"2026-07-29","acq_time":"137","satellite":"N21","instrument":"VIIRS","confidence":"n","version":"2.0NRT","bright_ti5":"290.03","frp":"2.53","daynight":"N","commune":"Dunkerque","code_insee":"59183","departement":"Nord","region":"Hauts-de-France"}},{"type":"Feature","geometry":{"type":"Point","coordinates":[2.29829,51.0459]},"properties":{"latitude":"51.0459","longitude":"2.29829","bright_ti4":"328.77","scan":"0.48","track":"0.4","acq_date":"2026-07-29","acq_time":"137","satellite":"N21","instrument":"VIIRS","confidence":"n","version":"2.0NRT","bright_ti5":"291.97","frp":"2.53","daynight":"N","commune":"Grande-Synthe","code_insee":"59271","departement":"Nord","region":"Hauts-de-France"}},{"type":"Feature","geometry":{"type":"Point","coordinates":[2.31948,51.04733]},"properties":{"latitude":"51.04733","longitude":"2.31948","bright_ti4":"330.92","scan":"0.47","track":"0.4","acq_date":"2026-07-29","acq_time":"137","satellite":"N21","instrument":"VIIRS","confidence":"n","version":"2.0NRT","bright_ti5":"293.44","frp":"5.44","daynight":"N","commune":"Dunkerque","code_insee":"59183","departement":"Nord","region":"Hauts-de-France"}},{"type":"Feature","geometry":{"type":"Point","coordinates":[2.25788,42.49085]},"properties":{"latitude":"42.49085","longitude":"2.25788","bright_ti4":"312.92","scan":"0.4","track":"0.37","acq_date":"2026-07-29","acq_time":"139","satellite":"N21","instrument":"VIIRS","confidence":"n","version":"2.0NRT","bright_ti5":"287.72","frp":"0.57","daynight":"N","commune":"Nyer","code_insee":"66123","departement":"Pyrénées-Orientales","region":"Occitanie"}},{"type":"Feature","geometry":{"type":"Point","coordinates":[4.89063,43.43476]},"properties":{"latitude":"43.43476","longitude":"4.89063","bright_ti4":"319.45","scan":"0.38","track":"0.36","acq_date":"2026-07-29","acq_time":"139","satellite":"N21","instrument":"VIIRS","confidence":"n","version":"2.0NRT","bright_ti5":"296.5","frp":"1.81","daynight":"N","commune":"Fos-sur-Mer","code_insee":"13039","departement":"Bouches-du-Rhône","region":"Provence-Alpes-Côte d'Azur"}},{"type":"Feature","geometry":{"type":"Point","coordinates":[4.88594,43.4355]},"properties":{"latitude":"43.4355","longitude":"4.88594","bright_ti4":"316.42","scan":"0.38","track":"0.36","acq_date":"2026-07-29","acq_time":"139","satellite":"N21","instrument":"VIIRS","confidence":"n","version":"2.0NRT","bright_ti5":"295.53","frp":"1.81","daynight":"N","commune":"Fos-sur-Mer","code_insee":"13039","departement":"Bouches-du-Rhône","region":"Provence-Alpes-Côte d'Azur"}},{"type":"Feature","geometry":{"type":"Point","coordinates":[4.89159,43.43802]},"properties":{"latitude":"43.43802","longitude":"4.89159","bright_ti4":"332.57","scan":"0.38","track":"0.36","acq_date":"2026-07-29","acq_time":"139","satellite":"N21","instrument":"VIIRS","confidence":"n","version":"2.0NRT","bright_ti5":"295.63","frp":"2.31","daynight":"N","commune":"Fos-sur-Mer","code_insee":"13039","departement":"Bouches-du-Rhône","region":"Provence-Alpes-Côte d'Azur"}},{"type":"Feature","geometry":{"type":"Point","coordinates":[4.88692,43.43876]},"properties":{"latitude":"43.43876","longitude":"4.88692","bright_ti4":"306.24","scan":"0.38","track":"0.36","acq_date":"2026-07-29","acq_time":"139","satellite":"N21","instrument":"VIIRS","confidence":"n","version":"2.0NRT","bright_ti5":"294.56","frp":"2.31","daynight":"N","commune":"Fos-sur-Mer","code_insee":"13039","departement":"Bouches-du-Rhône","region":"Provence-Alpes-Côte d'Azur"}},{"type":"Feature","geometry":{"type":"Point","coordinates":[4.89723,43.44053]},"properties":{"latitude":"43.44053","longitude":"4.89723","bright_ti4":"303.64","scan":"0.38","track":"0.36","acq_date":"2026-07-29","acq_time":"139","satellite":"N21","instrument":"VIIRS","confidence":"n","version":"2.0NRT","bright_ti5":"292.69","frp":"0.48","daynight":"N","commune":"Fos-sur-Mer","code_insee":"13039","departement":"Bouches-du-Rhône","region":"Provence-Alpes-Côte d'Azur"}},{"type":"Feature","geometry":{"type":"Point","coordinates":[4.87855,43.4435]},"properties":{"latitude":"43.4435","longitude":"4.87855","bright_ti4":"306.76","scan":"0.38","track":"0.36","acq_date":"2026-07-29","acq_time":"139","satellite":"N21","instrument":"VIIRS","confidence":"n","version":"2.0NRT","bright_ti5":"295.15","frp":"1.29","daynight":"N","commune":"Fos-sur-Mer","code_insee":"13039","departement":"Bouches-du-Rhône","region":"Provence-Alpes-Côte d'Azur"}},{"type":"Feature","geometry":{"type":"Point","coordinates":[4.8982,43.44379]},"properties":{"latitude":"43.44379","longitude":"4.8982","bright_ti4":"338.17","scan":"0.38","track":"0.36","acq_date":"2026-07-29","acq_time":"139","satellite":"N21","instrument":"VIIRS","confidence":"n","version":"2.0NRT","bright_ti5":"296.68","frp":"3.55","daynight":"N","commune":"Fos-sur-Mer","code_insee":"13039","departement":"Bouches-du-Rhône","region":"Provence-Alpes-Côte d'Azur"}},{"type":"Feature","geometry":{"type":"Point","coordinates":[4.88886,43.44527]},"properties":{"latitude":"43.44527","longitude":"4.88886","bright_ti4":"305.13","scan":"0.38","track":"0.36","acq_date":"2026-07-29","acq_time":"139","satellite":"N21","instrument":"VIIRS","confidence":"n","version":"2.0NRT","bright_ti5":"293.76","frp":"1.56","daynight":"N","commune":"Fos-sur-Mer","code_insee":"13039","departement":"Bouches-du-Rhône","region":"Provence-Alpes-Côte d'Azur"}},{"type":"Feature","geometry":{"type":"Point","coordinates":[4.89918,43.44704]},"properties":{"latitude":"43.44704","longitude":"4.89918","bright_ti4":"312.34","scan":"0.38","track":"0.36","acq_date":"2026-07-29","acq_time":"139","satellite":"N21","instrument":"VIIRS","confidence":"n","version":"2.0NRT","bright_ti5":"294.56","frp":"3.55","daynight":"N","commune":"Fos-sur-Mer","code_insee":"13039","departement":"Bouches-du-Rhône","region":"Provence-Alpes-Côte d'Azur"}},{"type":"Feature","geometry":{"type":"Point","coordinates":[4.89451,43.44778]},"properties":{"latitude":"43.44778","longitude":"4.89451","bright_ti4":"323.29","scan":"0.38","track":"0.36","acq_date":"2026-07-29","acq_time":"139","satellite":"N21","instrument":"VIIRS","confidence":"n","version":"2.0NRT","bright_ti5":"294.75","frp":"1.56","daynight":"N","commune":"Fos-sur-Mer","code_insee":"13039","departement":"Bouches-du-Rhône","region":"Provence-Alpes-Côte d'Azur"}},{"type":"Feature","geometry":{"type":"Point","coordinates":[6.02549,43.51993]},"properties":{"latitude":"43.51993","longitude":"6.02549","bright_ti4":"304.43","scan":"0.39","track":"0.36","acq_date":"2026-07-29","acq_time":"139","satellite":"N21","instrument":"VIIRS","confidence":"n","version":"2.0NRT","bright_ti5":"290.49","frp":"0.72","daynight":"N","commune":"Châteauvert","code_insee":"83039","departement":"Var","region":"Provence-Alpes-Côte d'Azur"}},{"type":"Feature","geometry":{"type":"Point","coordinates":[4.61994,43.80276]},"properties":{"latitude":"43.80276","longitude":"4.61994","bright_ti4":"304.13","scan":"0.38","track":"0.36","acq_date":"2026-07-29","acq_time":"139","satellite":"N21","instrument":"VIIRS","confidence":"n","version":"2.0NRT","bright_ti5":"294.01","frp":"0.74","daynight":"N","commune":"Beaucaire","code_insee":"30032","departement":"Gard","region":"Occitanie"}},{"type":"Feature","geometry":{"type":"Point","coordinates":[-0.29116,44.20861]},"properties":{"latitude":"44.20861","longitude":"-0.29116","bright_ti4":"320.84","scan":"0.49","track":"0.41","acq_date":"2026-07-29","acq_time":"139","satellite":"N21","instrument":"VIIRS","confidence":"n","version":"2.0NRT","bright_ti5":"295.1","frp":"3.72","daynight":"N","commune":"Captieux","code_insee":"33095","departement":"Gironde","region":"Nouvelle-Aquitaine"}},{"type":"Feature","geometry":{"type":"Point","coordinates":[-0.29733,44.20929]},"properties":{"latitude":"44.20929","longitude":"-0.29733","bright_ti4":"305.9","scan":"0.49","track":"0.41","acq_date":"2026-07-29","acq_time":"139","satellite":"N21","instrument":"VIIRS","confidence":"n","version":"2.0NRT","bright_ti5":"293.3","frp":"2.3","daynight":"N","commune":"Captieux","code_insee":"33095","departement":"Gironde","region":"Nouvelle-Aquitaine"}},{"type":"Feature","geometry":{"type":"Point","coordinates":[-0.29656,44.21299]},"properties":{"latitude":"44.21299","longitude":"-0.29656","bright_ti4":"317.32","scan":"0.49","track":"0.41","acq_date":"2026-07-29","acq_time":"139","satellite":"N21","instrument":"VIIRS","confidence":"n","version":"2.0NRT","bright_ti5":"296.69","frp":"2.3","daynight":"N","commune":"Captieux","code_insee":"33095","departement":"Gironde","region":"Nouvelle-Aquitaine"}},{"type":"Feature","geometry":{"type":"Point","coordinates":[-0.29579,44.2167]},"properties":{"latitude":"44.2167","longitude":"-0.29579","bright_ti4":"318.29","scan":"0.49","track":"0.41","acq_date":"2026-07-29","acq_time":"139","satellite":"N21","instrument":"VIIRS","confidence":"n","version":"2.0NRT","bright_ti5":"296.33","frp":"2.55","daynight":"N","commune":"Captieux","code_insee":"33095","departement":"Gironde","region":"Nouvelle-Aquitaine"}},{"type":"Feature","geometry":{"type":"Point","coordinates":[-0.29502,44.2204]},"properties":{"latitude":"44.2204","longitude":"-0.29502","bright_ti4":"307.41","scan":"0.49","track":"0.41","acq_date":"2026-07-29","acq_time":"139","satellite":"N21","instrument":"VIIRS","confidence":"n","version":"2.0NRT","bright_ti5":"293.63","frp":"2.55","daynight":"N","commune":"Captieux","code_insee":"33095","departement":"Gironde","region":"Nouvelle-Aquitaine"}},{"type":"Feature","geometry":{"type":"Point","coordinates":[-0.30118,44.22108]},"properties":{"latitude":"44.22108","longitude":"-0.30118","bright_ti4":"313.63","scan":"0.49","track":"0.41","acq_date":"2026-07-29","acq_time":"139","satellite":"N21","instrument":"VIIRS","confidence":"n","version":"2.0NRT","bright_ti5":"294.77","frp":"2.55","daynight":"N","commune":"Captieux","code_insee":"33095","departement":"Gironde","region":"Nouvelle-Aquitaine"}},{"type":"Feature","geometry":{"type":"Point","coordinates":[-0.85405,44.72272]},"properties":{"latitude":"44.72272","longitude":"-0.85405","bright_ti4":"315.55","scan":"0.53","track":"0.42","acq_date":"2026-07-29","acq_time":"139","satellite":"N21","instrument":"VIIRS","confidence":"n","version":"2.0NRT","bright_ti5":"293.38","frp":"2.51","daynight":"N","commune":"Marcheprime","code_insee":"33555","departement":"Gironde","region":"Nouvelle-Aquitaine"}},{"type":"Feature","geometry":{"type":"Point","coordinates":[-0.87911,44.73313]},"properties":{"latitude":"44.73313","longitude":"-0.87911","bright_ti4":"307.64","scan":"0.53","track":"0.42","acq_date":"2026-07-29","acq_time":"139","satellite":"N21","instrument":"VIIRS","confidence":"n","version":"2.0NRT","bright_ti5":"292.32","frp":"2.42","daynight":"N","commune":"Audenge","code_insee":"33019","departement":"Gironde","region":"Nouvelle-Aquitaine"}},{"type":"Feature","geometry":{"type":"Point","coordinates":[-1.02595,44.75226]},"properties":{"latitude":"44.75226","longitude":"-1.02595","bright_ti4":"302.67","scan":"0.54","track":"0.42","acq_date":"2026-07-29","acq_time":"139","satellite":"N21","instrument":"VIIRS","confidence":"n","version":"2.0NRT","bright_ti5":"292.65","frp":"0.99","daynight":"N","commune":"Lanton","code_insee":"33229","departement":"Gironde","region":"Nouvelle-Aquitaine"}},{"type":"Feature","geometry":{"type":"Point","coordinates":[-0.96378,44.75367]},"properties":{"latitude":"44.75367","longitude":"-0.96378","bright_ti4":"319.77","scan":"0.53","track":"0.42","acq_date":"2026-07-29","acq_time":"139","satellite":"N21","instrument":"VIIRS","confidence":"n","version":"2.0NRT","bright_ti5":"295.97","frp":"3.93","daynight":"N","commune":"Lanton","code_insee":"33229","departement":"Gironde","region":"Nouvelle-Aquitaine"}},{"type":"Feature","geometry":{"type":"Point","coordinates":[-0.97051,44.75437]},"properties":{"latitude":"44.75437","longitude":"-0.97051","bright_ti4":"317.63","scan":"0.53","track":"0.42","acq_date":"2026-07-29","acq_time":"139","satellite":"N21","instrument":"VIIRS","confidence":"n","version":"2.0NRT","bright_ti5":"296.2","frp":"5.16","daynight":"N","commune":"Lanton","code_insee":"33229","departement":"Gironde","region":"Nouvelle-Aquitaine"}},{"type":"Feature","geometry":{"type":"Point","coordinates":[-0.95628,44.75681]},"properties":{"latitude":"44.75681","longitude":"-0.95628","bright_ti4":"309.77","scan":"0.53","track":"0.42","acq_date":"2026-07-29","acq_time":"139","satellite":"N21","instrument":"VIIRS","confidence":"n","version":"2.0NRT","bright_ti5":"294.31","frp":"2.52","daynight":"N","commune":"Lanton","code_insee":"33229","departement":"Gironde","region":"Nouvelle-Aquitaine"}},{"type":"Feature","geometry":{"type":"Point","coordinates":[-0.963,44.75751]},"properties":{"latitude":"44.75751","longitude":"-0.963","bright_ti4":"311.2","scan":"0.53","track":"0.42","acq_date":"2026-07-29","acq_time":"139","satellite":"N21","instrument":"VIIRS","confidence":"n","version":"2.0NRT","bright_ti5":"296.22","frp":"2.52","daynight":"N","commune":"Lanton","code_insee":"33229","departement":"Gironde","region":"Nouvelle-Aquitaine"}},{"type":"Feature","geometry":{"type":"Point","coordinates":[-1.2176,44.76788]},"properties":{"latitude":"44.76788","longitude":"-1.2176","bright_ti4":"301.43","scan":"0.55","track":"0.42","acq_date":"2026-07-29","acq_time":"139","satellite":"N21","instrument":"VIIRS","confidence":"n","version":"2.0NRT","bright_ti5":"291.02","frp":"1.73","daynight":"N","commune":"Lège-Cap-Ferret","code_insee":"33236","departement":"Gironde","region":"Nouvelle-Aquitaine"}},{"type":"Feature","geometry":{"type":"Point","coordinates":[-1.21684,44.77176]},"properties":{"latitude":"44.77176","longitude":"-1.21684","bright_ti4":"315.94","scan":"0.55","track":"0.42","acq_date":"2026-07-29","acq_time":"139","satellite":"N21","instrument":"VIIRS","confidence":"n","version":"2.0NRT","bright_ti5":"293.28","frp":"1.73","daynight":"N","commune":"Lège-Cap-Ferret","code_insee":"33236","departement":"Gironde","region":"Nouvelle-Aquitaine"}},{"type":"Feature","geometry":{"type":"Point","coordinates":[-1.22233,44.81646]},"properties":{"latitude":"44.81646","longitude":"-1.22233","bright_ti4":"305.46","scan":"0.55","track":"0.43","acq_date":"2026-07-29","acq_time":"139","satellite":"N21","instrument":"VIIRS","confidence":"n","version":"2.0NRT","bright_ti5":"295.4","frp":"2.98","daynight":"N","commune":"Le Porge","code_insee":"33333","departement":"Gironde","region":"Nouvelle-Aquitaine"}},{"type":"Feature","geometry":{"type":"Point","coordinates":[-1.21463,44.81967]},"properties":{"latitude":"44.81967","longitude":"-1.21463","bright_ti4":"303.78","scan":"0.55","track":"0.42","acq_date":"2026-07-29","acq_time":"139","satellite":"N21","instrument":"VIIRS","confidence":"n","version":"2.0NRT","bright_ti5":"292.25","frp":"2.11","daynight":"N","commune":"Le Porge","code_insee":"33333","departement":"Gironde","region":"Nouvelle-Aquitaine"}},{"type":"Feature","geometry":{"type":"Point","coordinates":[-1.16337,44.83042]},"properties":{"latitude":"44.83042","longitude":"-1.16337","bright_ti4":"303.92","scan":"0.54","track":"0.42","acq_date":"2026-07-29","acq_time":"139","satellite":"N21","instrument":"VIIRS","confidence":"n","version":"2.0NRT","bright_ti5":"289.72","frp":"1.18","daynight":"N","commune":"Le Porge","code_insee":"33333","departement":"Gironde","region":"Nouvelle-Aquitaine"}},{"type":"Feature","geometry":{"type":"Point","coordinates":[-1.16256,44.8343]},"properties":{"latitude":"44.8343","longitude":"-1.16256","bright_ti4":"308.19","scan":"0.54","track":"0.42","acq_date":"2026-07-29","acq_time":"139","satellite":"N21","instrument":"VIIRS","confidence":"n","version":"2.0NRT","bright_ti5":"291.09","frp":"1.18","daynight":"N","commune":"Le Porge","code_insee":"33333","departement":"Gironde","region":"Nouvelle-Aquitaine"}},{"type":"Feature","geometry":{"type":"Point","coordinates":[-1.16712,44.84661]},"properties":{"latitude":"44.84661","longitude":"-1.16712","bright_ti4":"316.51","scan":"0.55","track":"0.42","acq_date":"2026-07-29","acq_time":"139","satellite":"N21","instrument":"VIIRS","confidence":"n","version":"2.0NRT","bright_ti5":"289.14","frp":"2.4","daynight":"N","commune":"Le Porge","code_insee":"33333","departement":"Gironde","region":"Nouvelle-Aquitaine"}},{"type":"Feature","geometry":{"type":"Point","coordinates":[-0.86817,44.85531]},"properties":{"latitude":"44.85531","longitude":"-0.86817","bright_ti4":"313.57","scan":"0.53","track":"0.42","acq_date":"2026-07-29","acq_time":"139","satellite":"N21","instrument":"VIIRS","confidence":"n","version":"2.0NRT","bright_ti5":"290.94","frp":"3.58","daynight":"N","commune":"Saint-Médard-en-Jalles","code_insee":"33449","departement":"Gironde","region":"Nouvelle-Aquitaine"}},{"type":"Feature","geometry":{"type":"Point","coordinates":[-0.87485,44.85601]},"properties":{"latitude":"44.85601","longitude":"-0.87485","bright_ti4":"303.23","scan":"0.53","track":"0.42","acq_date":"2026-07-29","acq_time":"139","satellite":"N21","instrument":"VIIRS","confidence":"n","version":"2.0NRT","bright_ti5":"288.56","frp":"3.18","daynight":"N","commune":"Saint-Médard-en-Jalles","code_insee":"33449","departement":"Gironde","region":"Nouvelle-Aquitaine"}},{"type":"Feature","geometry":{"type":"Point","coordinates":[-0.86074,44.85844]},"properties":{"latitude":"44.85844","longitude":"-0.86074","bright_ti4":"308.04","scan":"0.53","track":"0.42","acq_date":"2026-07-29","acq_time":"139","satellite":"N21","instrument":"VIIRS","confidence":"n","version":"2.0NRT","bright_ti5":"292.88","frp":"3.58","daynight":"N","commune":"Saint-Médard-en-Jalles","code_insee":"33449","departement":"Gironde","region":"Nouvelle-Aquitaine"}},{"type":"Feature","geometry":{"type":"Point","coordinates":[-0.86741,44.85914]},"properties":{"latitude":"44.85914","longitude":"-0.86741","bright_ti4":"328.45","scan":"0.53","track":"0.42","acq_date":"2026-07-29","acq_time":"139","satellite":"N21","instrument":"VIIRS","confidence":"n","version":"2.0NRT","bright_ti5":"302.71","frp":"3.58","daynight":"N","commune":"Saint-Médard-en-Jalles","code_insee":"33449","departement":"Gironde","region":"Nouvelle-Aquitaine"}},{"type":"Feature","geometry":{"type":"Point","coordinates":[-0.87408,44.85984]},"properties":{"latitude":"44.85984","longitude":"-0.87408","bright_ti4":"332.19","scan":"0.53","track":"0.42","acq_date":"2026-07-29","acq_time":"139","satellite":"N21","instrument":"VIIRS","confidence":"n","version":"2.0NRT","bright_ti5":"303.61","frp":"3.18","daynight":"N","commune":"Saint-Médard-en-Jalles","code_insee":"33449","departement":"Gironde","region":"Nouvelle-Aquitaine"}},{"type":"Feature","geometry":{"type":"Point","coordinates":[-0.88077,44.86054]},"properties":{"latitude":"44.86054","longitude":"-0.88077","bright_ti4":"304.36","scan":"0.53","track":"0.42","acq_date":"2026-07-29","acq_time":"139","satellite":"N21","instrument":"VIIRS","confidence":"n","version":"2.0NRT","bright_ti5":"293.51","frp":"3.18","daynight":"N","commune":"Saint-Médard-en-Jalles","code_insee":"33449","departement":"Gironde","region":"Nouvelle-Aquitaine"}},{"type":"Feature","geometry":{"type":"Point","coordinates":[-0.86672,44.86111]},"properties":{"latitude":"44.86111","longitude":"-0.86672","bright_ti4":"310.38","scan":"0.53","track":"0.42","acq_date":"2026-07-29","acq_time":"139","satellite":"N21","instrument":"VIIRS","confidence":"n","version":"2.0NRT","bright_ti5":"295.98","frp":"3.12","daynight":"N","commune":"Saint-Médard-en-Jalles","code_insee":"33449","departement":"Gironde","region":"Nouvelle-Aquitaine"}},{"type":"Feature","geometry":{"type":"Point","coordinates":[-0.87341,44.86177]},"properties":{"latitude":"44.86177","longitude":"-0.87341","bright_ti4":"324.64","scan":"0.53","track":"0.42","acq_date":"2026-07-29","acq_time":"139","satellite":"N21","instrument":"VIIRS","confidence":"n","version":"2.0NRT","bright_ti5":"301.07","frp":"3.12","daynight":"N","commune":"Saint-Médard-en-Jalles","code_insee":"33449","departement":"Gironde","region":"Nouvelle-Aquitaine"}},{"type":"Feature","geometry":{"type":"Point","coordinates":[-0.8801,44.86245]},"properties":{"latitude":"44.86245","longitude":"-0.8801","bright_ti4":"306.7","scan":"0.53","track":"0.42","acq_date":"2026-07-29","acq_time":"139","satellite":"N21","instrument":"VIIRS","confidence":"n","version":"2.0NRT","bright_ti5":"294.95","frp":"1.88","daynight":"N","commune":"Saint-Médard-en-Jalles","code_insee":"33449","departement":"Gironde","region":"Nouvelle-Aquitaine"}},{"type":"Feature","geometry":{"type":"Point","coordinates":[-0.86664,44.86297]},"properties":{"latitude":"44.86297","longitude":"-0.86664","bright_ti4":"302.83","scan":"0.53","track":"0.42","acq_date":"2026-07-29","acq_time":"139","satellite":"N21","instrument":"VIIRS","confidence":"n","version":"2.0NRT","bright_ti5":"292.31","frp":"1.27","daynight":"N","commune":"Saint-Médard-en-Jalles","code_insee":"33449","departement":"Gironde","region":"Nouvelle-Aquitaine"}},{"type":"Feature","geometry":{"type":"Point","coordinates":[-0.87332,44.86367]},"properties":{"latitude":"44.86367","longitude":"-0.87332","bright_ti4":"319.51","scan":"0.53","track":"0.42","acq_date":"2026-07-29","acq_time":"139","satellite":"N21","instrument":"VIIRS","confidence":"n","version":"2.0NRT","bright_ti5":"298.27","frp":"2.87","daynight":"N","commune":"Saint-Médard-en-Jalles","code_insee":"33449","departement":"Gironde","region":"Nouvelle-Aquitaine"}},{"type":"Feature","geometry":{"type":"Point","coordinates":[-0.88,44.86437]},"properties":{"latitude":"44.86437","longitude":"-0.88","bright_ti4":"305.43","scan":"0.53","track":"0.42","acq_date":"2026-07-29","acq_time":"139","satellite":"N21","instrument":"VIIRS","confidence":"n","version":"2.0NRT","bright_ti5":"294.26","frp":"2.87","daynight":"N","commune":"Saint-Médard-en-Jalles","code_insee":"33449","departement":"Gironde","region":"Nouvelle-Aquitaine"}},{"type":"Feature","geometry":{"type":"Point","coordinates":[-0.87264,44.8656]},"properties":{"latitude":"44.8656","longitude":"-0.87264","bright_ti4":"309.43","scan":"0.53","track":"0.42","acq_date":"2026-07-29","acq_time":"139","satellite":"N21","instrument":"VIIRS","confidence":"n","version":"2.0NRT","bright_ti5":"292.98","frp":"3.12","daynight":"N","commune":"Saint-Médard-en-Jalles","code_insee":"33449","departement":"Gironde","region":"Nouvelle-Aquitaine"}},{"type":"Feature","geometry":{"type":"Point","coordinates":[-0.87933,44.86627]},"properties":{"latitude":"44.86627","longitude":"-0.87933","bright_ti4":"308.54","scan":"0.53","track":"0.42","acq_date":"2026-07-29","acq_time":"139","satellite":"N21","instrument":"VIIRS","confidence":"n","version":"2.0NRT","bright_ti5":"295.42","frp":"1.88","daynight":"N","commune":"Saint-Médard-en-Jalles","code_insee":"33449","departement":"Gironde","region":"Nouvelle-Aquitaine"}},{"type":"Feature","geometry":{"type":"Point","coordinates":[-0.90006,44.86647]},"properties":{"latitude":"44.86647","longitude":"-0.90006","bright_ti4":"305.52","scan":"0.53","track":"0.42","acq_date":"2026-07-29","acq_time":"139","satellite":"N21","instrument":"VIIRS","confidence":"n","version":"2.0NRT","bright_ti5":"292.44","frp":"1.42","daynight":"N","commune":"Le Temple","code_insee":"33528","departement":"Gironde","region":"Nouvelle-Aquitaine"}},{"type":"Feature","geometry":{"type":"Point","coordinates":[-0.89272,44.86761]},"properties":{"latitude":"44.86761","longitude":"-0.89272","bright_ti4":"308.48","scan":"0.53","track":"0.42","acq_date":"2026-07-29","acq_time":"139","satellite":"N21","instrument":"VIIRS","confidence":"n","version":"2.0NRT","bright_ti5":"291.38","frp":"2.79","daynight":"N","commune":"Le Temple","code_insee":"33528","departement":"Gironde","region":"Nouvelle-Aquitaine"}},{"type":"Feature","geometry":{"type":"Point","coordinates":[-0.87924,44.86819]},"properties":{"latitude":"44.86819","longitude":"-0.87924","bright_ti4":"317.57","scan":"0.53","track":"0.42","acq_date":"2026-07-29","acq_time":"139","satellite":"N21","instrument":"VIIRS","confidence":"n","version":"2.0NRT","bright_ti5":"297.2","frp":"2.87","daynight":"N","commune":"Saint-Médard-en-Jalles","code_insee":"33449","departement":"Gironde","region":"Nouvelle-Aquitaine"}},{"type":"Feature","geometry":{"type":"Point","coordinates":[-0.89943,44.86828]},"properties":{"latitude":"44.86828","longitude":"-0.89943","bright_ti4":"319.63","scan":"0.53","track":"0.42","acq_date":"2026-07-29","acq_time":"139","satellite":"N21","instrument":"VIIRS","confidence":"n","version":"2.0NRT","bright_ti5":"294.6","frp":"2.79","daynight":"N","commune":"Le Temple","code_insee":"33528","departement":"Gironde","region":"Nouvelle-Aquitaine"}},{"type":"Feature","geometry":{"type":"Point","coordinates":[-0.8926,44.86959]},"properties":{"latitude":"44.86959","longitude":"-0.8926","bright_ti4":"307.55","scan":"0.53","track":"0.42","acq_date":"2026-07-29","acq_time":"139","satellite":"N21","instrument":"VIIRS","confidence":"n","version":"2.0NRT","bright_ti5":"290.76","frp":"2.52","daynight":"N","commune":"Le Temple","code_insee":"33528","departement":"Gironde","region":"Nouvelle-Aquitaine"}},{"type":"Feature","geometry":{"type":"Point","coordinates":[-0.87856,44.87011]},"properties":{"latitude":"44.87011","longitude":"-0.87856","bright_ti4":"346.67","scan":"0.53","track":"0.42","acq_date":"2026-07-29","acq_time":"139","satellite":"N21","instrument":"VIIRS","confidence":"n","version":"2.0NRT","bright_ti5":"302.81","frp":"10.83","daynight":"N","commune":"Saint-Médard-en-Jalles","code_insee":"33449","departement":"Gironde","region":"Nouvelle-Aquitaine"}},{"type":"Feature","geometry":{"type":"Point","coordinates":[-0.8993,44.8703]},"properties":{"latitude":"44.8703","longitude":"-0.8993","bright_ti4":"305.79","scan":"0.53","track":"0.42","acq_date":"2026-07-29","acq_time":"139","satellite":"N21","instrument":"VIIRS","confidence":"n","version":"2.0NRT","bright_ti5":"290.32","frp":"1.42","daynight":"N","commune":"Le Temple","code_insee":"33528","departement":"Gironde","region":"Nouvelle-Aquitaine"}},{"type":"Feature","geometry":{"type":"Point","coordinates":[-0.88526,44.87077]},"properties":{"latitude":"44.87077","longitude":"-0.88526","bright_ti4":"299.71","scan":"0.53","track":"0.42","acq_date":"2026-07-29","acq_time":"139","satellite":"N21","instrument":"VIIRS","confidence":"n","version":"2.0NRT","bright_ti5":"289","frp":"10.83","daynight":"N","commune":"Le Temple","code_insee":"33528","departement":"Gironde","region":"Nouvelle-Aquitaine"}},{"type":"Feature","geometry":{"type":"Point","coordinates":[-0.87847,44.87203]},"properties":{"latitude":"44.87203","longitude":"-0.87847","bright_ti4":"348.9","scan":"0.53","track":"0.42","acq_date":"2026-07-29","acq_time":"139","satellite":"N21","instrument":"VIIRS","confidence":"n","version":"2.0NRT","bright_ti5":"297.69","frp":"15.52","daynight":"N","commune":"Saint-Médard-en-Jalles","code_insee":"33449","departement":"Gironde","region":"Nouvelle-Aquitaine"}},{"type":"Feature","geometry":{"type":"Point","coordinates":[-0.91939,44.9055]},"properties":{"latitude":"44.9055","longitude":"-0.91939","bright_ti4":"315.06","scan":"0.53","track":"0.42","acq_date":"2026-07-29","acq_time":"139","satellite":"N21","instrument":"VIIRS","confidence":"n","version":"2.0NRT","bright_ti5":"291.31","frp":"2.72","daynight":"N","commune":"Sainte-Hélène","code_insee":"33417","departement":"Gironde","region":"Nouvelle-Aquitaine"}},{"type":"Feature","geometry":{"type":"Point","coordinates":[-1.10069,44.93551]},"properties":{"latitude":"44.93551","longitude":"-1.10069","bright_ti4":"304.05","scan":"0.54","track":"0.42","acq_date":"2026-07-29","acq_time":"139","satellite":"N21","instrument":"VIIRS","confidence":"n","version":"2.0NRT","bright_ti5":"292.04","frp":"1.69","daynight":"N","commune":"Lacanau","code_insee":"33214","departement":"Gironde","region":"Nouvelle-Aquitaine"}},{"type":"Feature","geometry":{"type":"Point","coordinates":[-1.05582,44.95073]},"properties":{"latitude":"44.95073","longitude":"-1.05582","bright_ti4":"323.6","scan":"0.54","track":"0.42","acq_date":"2026-07-29","acq_time":"139","satellite":"N21","instrument":"VIIRS","confidence":"n","version":"2.0NRT","bright_ti5":"292.86","frp":"5.14","daynight":"N","commune":"Lacanau","code_insee":"33214","departement":"Gironde","region":"Nouvelle-Aquitaine"}},{"type":"Feature","geometry":{"type":"Point","coordinates":[-1.03226,44.96409]},"properties":{"latitude":"44.96409","longitude":"-1.03226","bright_ti4":"301.7","scan":"0.54","track":"0.42","acq_date":"2026-07-29","acq_time":"139","satellite":"N21","instrument":"VIIRS","confidence":"n","version":"2.0NRT","bright_ti5":"288.56","frp":"1.15","daynight":"N","commune":"Lacanau","code_insee":"33214","departement":"Gironde","region":"Nouvelle-Aquitaine"}},{"type":"Feature","geometry":{"type":"Point","coordinates":[5.66582,45.22917]},"properties":{"latitude":"45.22917","longitude":"5.66582","bright_ti4":"304.47","scan":"0.38","track":"0.36","acq_date":"2026-07-29","acq_time":"139","satellite":"N21","instrument":"VIIRS","confidence":"n","version":"2.0NRT","bright_ti5":"293.54","frp":"0.61","daynight":"N","commune":"Saint-Égrève","code_insee":"38382","departement":"Isère","region":"Auvergne-Rhône-Alpes"}},{"type":"Feature","geometry":{"type":"Point","coordinates":[4.95751,45.77163]},"properties":{"latitude":"45.77163","longitude":"4.95751","bright_ti4":"308.61","scan":"0.39","track":"0.36","acq_date":"2026-07-29","acq_time":"139","satellite":"N21","instrument":"VIIRS","confidence":"n","version":"2.0NRT","bright_ti5":"294.72","frp":"1.05","daynight":"N","commune":"Décines-Charpieu","code_insee":"69275","departement":"Rhône","region":"Auvergne-Rhône-Alpes"}},{"type":"Feature","geometry":{"type":"Point","coordinates":[0.15201,46.80583]},"properties":{"latitude":"46.80583","longitude":"0.15201","bright_ti4":"310.7","scan":"0.51","track":"0.41","acq_date":"2026-07-29","acq_time":"139","satellite":"N21","instrument":"VIIRS","confidence":"n","version":"2.0NRT","bright_ti5":"291.08","frp":"1.02","daynight":"N","commune":"Chouppes","code_insee":"86075","departement":"Vienne","region":"Nouvelle-Aquitaine"}},{"type":"Feature","geometry":{"type":"Point","coordinates":[0.15822,46.80857]},"properties":{"latitude":"46.80857","longitude":"0.15822","bright_ti4":"318.66","scan":"0.51","track":"0.41","acq_date":"2026-07-29","acq_time":"139","satellite":"N21","instrument":"VIIRS","confidence":"n","version":"2.0NRT","bright_ti5":"290.71","frp":"2.06","daynight":"N","commune":"Chouppes","code_insee":"86075","departement":"Vienne","region":"Nouvelle-Aquitaine"}},{"type":"Feature","geometry":{"type":"Point","coordinates":[0.15155,46.80929]},"properties":{"latitude":"46.80929","longitude":"0.15155","bright_ti4":"303.89","scan":"0.51","track":"0.41","acq_date":"2026-07-29","acq_time":"139","satellite":"N21","instrument":"VIIRS","confidence":"n","version":"2.0NRT","bright_ti5":"289.37","frp":"1.78","daynight":"N","commune":"Chouppes","code_insee":"86075","departement":"Vienne","region":"Nouvelle-Aquitaine"}},{"type":"Feature","geometry":{"type":"Point","coordinates":[0.15283,46.80958]},"properties":{"latitude":"46.80958","longitude":"0.15283","bright_ti4":"317.38","scan":"0.51","track":"0.41","acq_date":"2026-07-29","acq_time":"139","satellite":"N21","instrument":"VIIRS","confidence":"n","version":"2.0NRT","bright_ti5":"289.95","frp":"2.69","daynight":"N","commune":"Chouppes","code_insee":"86075","departement":"Vienne","region":"Nouvelle-Aquitaine"}},{"type":"Feature","geometry":{"type":"Point","coordinates":[2.75216,47.07735]},"properties":{"latitude":"47.07735","longitude":"2.75216","bright_ti4":"313.45","scan":"0.42","track":"0.38","acq_date":"2026-07-29","acq_time":"139","satellite":"N21","instrument":"VIIRS","confidence":"n","version":"2.0NRT","bright_ti5":"290.5","frp":"2.25","daynight":"N","commune":"Baugy","code_insee":"18023","departement":"Cher","region":"Centre-Val de Loire"}},{"type":"Feature","geometry":{"type":"Point","coordinates":[2.97924,48.38783]},"properties":{"latitude":"48.38783","longitude":"2.97924","bright_ti4":"308.49","scan":"0.43","track":"0.38","acq_date":"2026-07-29","acq_time":"139","satellite":"N21","instrument":"VIIRS","confidence":"n","version":"2.0NRT","bright_ti5":"292.86","frp":"1.25","daynight":"N","commune":"Montereau-Fault-Yonne","code_insee":"77305","departement":"Seine-et-Marne","region":"Île-de-France"}},{"type":"Feature","geometry":{"type":"Point","coordinates":[1.02388,49.82767]},"properties":{"latitude":"49.82767","longitude":"1.02388","bright_ti4":"314.28","scan":"0.56","track":"0.69","acq_date":"2026-07-29","acq_time":"317","satellite":"N21","instrument":"VIIRS","confidence":"n","version":"2.0NRT","bright_ti5":"287.67","frp":"2.68","daynight":"N","commune":"Auppegard","code_insee":"76036","departement":"Seine-Maritime","region":"Normandie"}},{"type":"Feature","geometry":{"type":"Point","coordinates":[1.02534,49.8289]},"properties":{"latitude":"49.8289","longitude":"1.02534","bright_ti4":"315.04","scan":"0.56","track":"0.69","acq_date":"2026-07-29","acq_time":"317","satellite":"N21","instrument":"VIIRS","confidence":"n","version":"2.0NRT","bright_ti5":"287.68","frp":"2.36","daynight":"N","commune":"Auppegard","code_insee":"76036","departement":"Seine-Maritime","region":"Normandie"}},{"type":"Feature","geometry":{"type":"Point","coordinates":[2.27494,51.02736]},"properties":{"latitude":"51.02736","longitude":"2.27494","bright_ti4":"298.37","scan":"0.56","track":"0.69","acq_date":"2026-07-29","acq_time":"317","satellite":"N21","instrument":"VIIRS","confidence":"n","version":"2.0NRT","bright_ti5":"287.42","frp":"1.72","daynight":"N","commune":"Grande-Synthe","code_insee":"59271","departement":"Nord","region":"Hauts-de-France"}},{"type":"Feature","geometry":{"type":"Point","coordinates":[2.26792,51.02987]},"properties":{"latitude":"51.02987","longitude":"2.26792","bright_ti4":"298.47","scan":"0.56","track":"0.69","acq_date":"2026-07-29","acq_time":"317","satellite":"N21","instrument":"VIIRS","confidence":"n","version":"2.0NRT","bright_ti5":"287.83","frp":"2.01","daynight":"N","commune":"Grande-Synthe","code_insee":"59271","departement":"Nord","region":"Hauts-de-France"}},{"type":"Feature","geometry":{"type":"Point","coordinates":[2.28703,51.03035]},"properties":{"latitude":"51.03035","longitude":"2.28703","bright_ti4":"298.94","scan":"0.56","track":"0.69","acq_date":"2026-07-29","acq_time":"317","satellite":"N21","instrument":"VIIRS","confidence":"n","version":"2.0NRT","bright_ti5":"287.94","frp":"2.99","daynight":"N","commune":"Grande-Synthe","code_insee":"59271","departement":"Nord","region":"Hauts-de-France"}},{"type":"Feature","geometry":{"type":"Point","coordinates":[2.29726,51.04131]},"properties":{"latitude":"51.04131","longitude":"2.29726","bright_ti4":"316.98","scan":"0.56","track":"0.69","acq_date":"2026-07-29","acq_time":"317","satellite":"N21","instrument":"VIIRS","confidence":"n","version":"2.0NRT","bright_ti5":"289.4","frp":"3.57","daynight":"N","commune":"Grande-Synthe","code_insee":"59271","departement":"Nord","region":"Hauts-de-France"}},{"type":"Feature","geometry":{"type":"Point","coordinates":[2.29026,51.04381]},"properties":{"latitude":"51.04381","longitude":"2.29026","bright_ti4":"307.53","scan":"0.56","track":"0.69","acq_date":"2026-07-29","acq_time":"317","satellite":"N21","instrument":"VIIRS","confidence":"n","version":"2.0NRT","bright_ti5":"288.39","frp":"3.57","daynight":"N","commune":"Grande-Synthe","code_insee":"59271","departement":"Nord","region":"Hauts-de-France"}},{"type":"Feature","geometry":{"type":"Point","coordinates":[2.29763,51.04598]},"properties":{"latitude":"51.04598","longitude":"2.29763","bright_ti4":"326.94","scan":"0.56","track":"0.69","acq_date":"2026-07-29","acq_time":"317","satellite":"N21","instrument":"VIIRS","confidence":"n","version":"2.0NRT","bright_ti5":"289.36","frp":"5.06","daynight":"N","commune":"Grande-Synthe","code_insee":"59271","departement":"Nord","region":"Hauts-de-France"}},{"type":"Feature","geometry":{"type":"Point","coordinates":[-1.16552,44.84117]},"properties":{"latitude":"44.84117","longitude":"-1.16552","bright_ti4":"297.99","scan":"0.68","track":"0.74","acq_date":"2026-07-29","acq_time":"319","satellite":"N21","instrument":"VIIRS","confidence":"n","version":"2.0NRT","bright_ti5":"287.62","frp":"1.31","daynight":"N","commune":"Le Porge","code_insee":"33333","departement":"Gironde","region":"Nouvelle-Aquitaine"}},{"type":"Feature","geometry":{"type":"Point","coordinates":[-1.16718,44.84561]},"properties":{"latitude":"44.84561","longitude":"-1.16718","bright_ti4":"304.79","scan":"0.68","track":"0.74","acq_date":"2026-07-29","acq_time":"319","satellite":"N21","instrument":"VIIRS","confidence":"n","version":"2.0NRT","bright_ti5":"287.59","frp":"1.7","daynight":"N","commune":"Le Porge","code_insee":"33333","departement":"Gironde","region":"Nouvelle-Aquitaine"}},{"type":"Feature","geometry":{"type":"Point","coordinates":[-0.89983,44.8511]},"properties":{"latitude":"44.8511","longitude":"-0.89983","bright_ti4":"299.73","scan":"0.7","track":"0.75","acq_date":"2026-07-29","acq_time":"319","satellite":"N21","instrument":"VIIRS","confidence":"n","version":"2.0NRT","bright_ti5":"289.6","frp":"2.31","daynight":"N","commune":"Le Temple","code_insee":"33528","departement":"Gironde","region":"Nouvelle-Aquitaine"}},{"type":"Feature","geometry":{"type":"Point","coordinates":[-0.86711,44.85502]},"properties":{"latitude":"44.85502","longitude":"-0.86711","bright_ti4":"299.18","scan":"0.7","track":"0.75","acq_date":"2026-07-29","acq_time":"319","satellite":"N21","instrument":"VIIRS","confidence":"n","version":"2.0NRT","bright_ti5":"288.99","frp":"3.2","daynight":"N","commune":"Saint-Médard-en-Jalles","code_insee":"33449","departement":"Gironde","region":"Nouvelle-Aquitaine"}},{"type":"Feature","geometry":{"type":"Point","coordinates":[-0.87506,44.85779]},"properties":{"latitude":"44.85779","longitude":"-0.87506","bright_ti4":"306.56","scan":"0.7","track":"0.75","acq_date":"2026-07-29","acq_time":"319","satellite":"N21","instrument":"VIIRS","confidence":"n","version":"2.0NRT","bright_ti5":"292.13","frp":"5.24","daynight":"N","commune":"Saint-Médard-en-Jalles","code_insee":"33449","departement":"Gironde","region":"Nouvelle-Aquitaine"}},{"type":"Feature","geometry":{"type":"Point","coordinates":[-0.86997,44.85887]},"properties":{"latitude":"44.85887","longitude":"-0.86997","bright_ti4":"311.84","scan":"0.7","track":"0.75","acq_date":"2026-07-29","acq_time":"319","satellite":"N21","instrument":"VIIRS","confidence":"n","version":"2.0NRT","bright_ti5":"294.21","frp":"5.92","daynight":"N","commune":"Saint-Médard-en-Jalles","code_insee":"33449","departement":"Gironde","region":"Nouvelle-Aquitaine"}},{"type":"Feature","geometry":{"type":"Point","coordinates":[-0.87859,44.86669]},"properties":{"latitude":"44.86669","longitude":"-0.87859","bright_ti4":"308.17","scan":"0.7","track":"0.75","acq_date":"2026-07-29","acq_time":"319","satellite":"N21","instrument":"VIIRS","confidence":"n","version":"2.0NRT","bright_ti5":"290.8","frp":"5.24","daynight":"N","commune":"Saint-Médard-en-Jalles","code_insee":"33449","departement":"Gironde","region":"Nouvelle-Aquitaine"}},{"type":"Feature","geometry":{"type":"Point","coordinates":[-0.88652,44.86946]},"properties":{"latitude":"44.86946","longitude":"-0.88652","bright_ti4":"317.32","scan":"0.7","track":"0.75","acq_date":"2026-07-29","acq_time":"319","satellite":"N21","instrument":"VIIRS","confidence":"n","version":"2.0NRT","bright_ti5":"288.71","frp":"6.43","daynight":"N","commune":"Le Temple","code_insee":"33528","departement":"Gironde","region":"Nouvelle-Aquitaine"}},{"type":"Feature","geometry":{"type":"Point","coordinates":[-0.88141,44.87062]},"properties":{"latitude":"44.87062","longitude":"-0.88141","bright_ti4":"338.22","scan":"0.7","track":"0.75","acq_date":"2026-07-29","acq_time":"319","satellite":"N21","instrument":"VIIRS","confidence":"n","version":"2.0NRT","bright_ti5":"291.88","frp":"10.25","daynight":"N","commune":"Saint-Médard-en-Jalles","code_insee":"33449","departement":"Gironde","region":"Nouvelle-Aquitaine"}},{"type":"Feature","geometry":{"type":"Point","coordinates":[-1.05995,44.94891]},"properties":{"latitude":"44.94891","longitude":"-1.05995","bright_ti4":"298.96","scan":"0.68","track":"0.74","acq_date":"2026-07-29","acq_time":"319","satellite":"N21","instrument":"VIIRS","confidence":"n","version":"2.0NRT","bright_ti5":"288.77","frp":"1","daynight":"N","commune":"Lacanau","code_insee":"33214","departement":"Gironde","region":"Nouvelle-Aquitaine"}},{"type":"Feature","geometry":{"type":"Point","coordinates":[0.14992,46.80513]},"properties":{"latitude":"46.80513","longitude":"0.14992","bright_ti4":"301.22","scan":"0.66","track":"0.73","acq_date":"2026-07-29","acq_time":"319","satellite":"N21","instrument":"VIIRS","confidence":"n","version":"2.0NRT","bright_ti5":"289.28","frp":"1.93","daynight":"N","commune":"Chouppes","code_insee":"86075","departement":"Vienne","region":"Nouvelle-Aquitaine"}},{"type":"Feature","geometry":{"type":"Point","coordinates":[0.15451,46.8111]},"properties":{"latitude":"46.8111","longitude":"0.15451","bright_ti4":"300.88","scan":"0.66","track":"0.73","acq_date":"2026-07-29","acq_time":"319","satellite":"N21","instrument":"VIIRS","confidence":"n","version":"2.0NRT","bright_ti5":"289.01","frp":"1.93","daynight":"N","commune":"Chouppes","code_insee":"86075","departement":"Vienne","region":"Nouvelle-Aquitaine"}},{"type":"Feature","geometry":{"type":"Point","coordinates":[9.0979,42.29148]},"properties":{"latitude":"42.29148","longitude":"9.0979","bright_ti4":"355.61","scan":"0.39","track":"0.44","acq_date":"2026-07-29","acq_time":"1200","satellite":"N","instrument":"VIIRS","confidence":"n","version":"2.0NRT","bright_ti5":"303.72","frp":"6.78","daynight":"D","commune":"Corte","code_insee":"2B096","departement":"Haute-Corse","region":"Corse"}},{"type":"Feature","geometry":{"type":"Point","coordinates":[4.89229,43.43742]},"properties":{"latitude":"43.43742","longitude":"4.89229","bright_ti4":"339.13","scan":"0.58","track":"0.52","acq_date":"2026-07-29","acq_time":"1200","satellite":"N","instrument":"VIIRS","confidence":"l","version":"2.0NRT","bright_ti5":"311.88","frp":"11.79","daynight":"D","commune":"Fos-sur-Mer","code_insee":"13039","departement":"Bouches-du-Rhône","region":"Provence-Alpes-Côte d'Azur"}},{"type":"Feature","geometry":{"type":"Point","coordinates":[-1.0237,44.75088]},"properties":{"latitude":"44.75088","longitude":"-1.0237","bright_ti4":"331.95","scan":"0.49","track":"0.65","acq_date":"2026-07-29","acq_time":"1200","satellite":"N","instrument":"VIIRS","confidence":"n","version":"2.0NRT","bright_ti5":"299.08","frp":"3.25","daynight":"D","commune":"Lanton","code_insee":"33229","departement":"Gironde","region":"Nouvelle-Aquitaine"}},{"type":"Feature","geometry":{"type":"Point","coordinates":[-1.02619,44.75122]},"properties":{"latitude":"44.75122","longitude":"-1.02619","bright_ti4":"347.3","scan":"0.49","track":"0.65","acq_date":"2026-07-29","acq_time":"1200","satellite":"N","instrument":"VIIRS","confidence":"n","version":"2.0NRT","bright_ti5":"300.14","frp":"6.18","daynight":"D","commune":"Lanton","code_insee":"33229","departement":"Gironde","region":"Nouvelle-Aquitaine"}},{"type":"Feature","geometry":{"type":"Point","coordinates":[-1.02961,44.75685]},"properties":{"latitude":"44.75685","longitude":"-1.02961","bright_ti4":"350.43","scan":"0.49","track":"0.65","acq_date":"2026-07-29","acq_time":"1200","satellite":"N","instrument":"VIIRS","confidence":"n","version":"2.0NRT","bright_ti5":"299.23","frp":"6.18","daynight":"D","commune":"Lanton","code_insee":"33229","departement":"Gironde","region":"Nouvelle-Aquitaine"}},{"type":"Feature","geometry":{"type":"Point","coordinates":[-0.87056,44.86036]},"properties":{"latitude":"44.86036","longitude":"-0.87056","bright_ti4":"336.96","scan":"0.48","track":"0.65","acq_date":"2026-07-29","acq_time":"1200","satellite":"N","instrument":"VIIRS","confidence":"l","version":"2.0NRT","bright_ti5":"311.08","frp":"7.28","daynight":"D","commune":"Saint-Médard-en-Jalles","code_insee":"33449","departement":"Gironde","region":"Nouvelle-Aquitaine"}},{"type":"Feature","geometry":{"type":"Point","coordinates":[0.15549,46.8105]},"properties":{"latitude":"46.8105","longitude":"0.15549","bright_ti4":"345.69","scan":"0.38","track":"0.59","acq_date":"2026-07-29","acq_time":"1202","satellite":"N","instrument":"VIIRS","confidence":"n","version":"2.0NRT","bright_ti5":"304.3","frp":"2.22","daynight":"D","commune":"Chouppes","code_insee":"86075","departement":"Vienne","region":"Nouvelle-Aquitaine"}},{"type":"Feature","geometry":{"type":"Point","coordinates":[-0.3893,46.99631]},"properties":{"latitude":"46.99631","longitude":"-0.3893","bright_ti4":"353.72","scan":"0.39","track":"0.6","acq_date":"2026-07-29","acq_time":"1202","satellite":"N","instrument":"VIIRS","confidence":"n","version":"2.0NRT","bright_ti5":"308.71","frp":"15.08","daynight":"D","commune":"Val en Vignes","code_insee":"79063","departement":"Deux-Sèvres","region":"Nouvelle-Aquitaine"}},{"type":"Feature","geometry":{"type":"Point","coordinates":[-0.38725,46.99643]},"properties":{"latitude":"46.99643","longitude":"-0.38725","bright_ti4":"367","scan":"0.39","track":"0.6","acq_date":"2026-07-29","acq_time":"1202","satellite":"N","instrument":"VIIRS","confidence":"h","version":"2.0NRT","bright_ti5":"315.39","frp":"11.45","daynight":"D","commune":"Val en Vignes","code_insee":"79063","departement":"Deux-Sèvres","region":"Nouvelle-Aquitaine"}},{"type":"Feature","geometry":{"type":"Point","coordinates":[-0.38448,46.99775]},"properties":{"latitude":"46.99775","longitude":"-0.38448","bright_ti4":"367","scan":"0.39","track":"0.6","acq_date":"2026-07-29","acq_time":"1202","satellite":"N","instrument":"VIIRS","confidence":"h","version":"2.0NRT","bright_ti5":"313.34","frp":"15.08","daynight":"D","commune":"Val en Vignes","code_insee":"79063","departement":"Deux-Sèvres","region":"Nouvelle-Aquitaine"}},{"type":"Feature","geometry":{"type":"Point","coordinates":[-0.38243,46.99789]},"properties":{"latitude":"46.99789","longitude":"-0.38243","bright_ti4":"332.53","scan":"0.39","track":"0.59","acq_date":"2026-07-29","acq_time":"1202","satellite":"N","instrument":"VIIRS","confidence":"n","version":"2.0NRT","bright_ti5":"306.62","frp":"11.45","daynight":"D","commune":"Val en Vignes","code_insee":"79063","departement":"Deux-Sèvres","region":"Nouvelle-Aquitaine"}},{"type":"Feature","geometry":{"type":"Point","coordinates":[-0.39247,47.00146]},"properties":{"latitude":"47.00146","longitude":"-0.39247","bright_ti4":"338.72","scan":"0.39","track":"0.6","acq_date":"2026-07-29","acq_time":"1202","satellite":"N","instrument":"VIIRS","confidence":"n","version":"2.0NRT","bright_ti5":"304.35","frp":"5.24","daynight":"D","commune":"Val en Vignes","code_insee":"79063","departement":"Deux-Sèvres","region":"Nouvelle-Aquitaine"}},{"type":"Feature","geometry":{"type":"Point","coordinates":[-0.39039,47.00158]},"properties":{"latitude":"47.00158","longitude":"-0.39039","bright_ti4":"367","scan":"0.39","track":"0.6","acq_date":"2026-07-29","acq_time":"1202","satellite":"N","instrument":"VIIRS","confidence":"h","version":"2.0NRT","bright_ti5":"306.76","frp":"11.45","daynight":"D","commune":"Val en Vignes","code_insee":"79063","departement":"Deux-Sèvres","region":"Nouvelle-Aquitaine"}},{"type":"Feature","geometry":{"type":"Point","coordinates":[-0.38764,47.0029]},"properties":{"latitude":"47.0029","longitude":"-0.38764","bright_ti4":"367","scan":"0.39","track":"0.6","acq_date":"2026-07-29","acq_time":"1202","satellite":"N","instrument":"VIIRS","confidence":"h","version":"2.0NRT","bright_ti5":"303.96","frp":"5.24","daynight":"D","commune":"Val en Vignes","code_insee":"79063","departement":"Deux-Sèvres","region":"Nouvelle-Aquitaine"}},{"type":"Feature","geometry":{"type":"Point","coordinates":[-0.38556,47.00304]},"properties":{"latitude":"47.00304","longitude":"-0.38556","bright_ti4":"343.28","scan":"0.39","track":"0.59","acq_date":"2026-07-29","acq_time":"1202","satellite":"N","instrument":"VIIRS","confidence":"n","version":"2.0NRT","bright_ti5":"303.16","frp":"11.45","daynight":"D","commune":"Val en Vignes","code_insee":"79063","departement":"Deux-Sèvres","region":"Nouvelle-Aquitaine"}},{"type":"Feature","geometry":{"type":"Point","coordinates":[-1.42021,47.49166]},"properties":{"latitude":"47.49166","longitude":"-1.42021","bright_ti4":"332.37","scan":"0.42","track":"0.61","acq_date":"2026-07-29","acq_time":"1202","satellite":"N","instrument":"VIIRS","confidence":"n","version":"2.0NRT","bright_ti5":"302.97","frp":"1.52","daynight":"D","commune":"Joué-sur-Erdre","code_insee":"44077","departement":"Loire-Atlantique","region":"Pays de la Loire"}},{"type":"Feature","geometry":{"type":"Point","coordinates":[2.33362,48.60567]},"properties":{"latitude":"48.60567","longitude":"2.33362","bright_ti4":"355.48","scan":"0.54","track":"0.51","acq_date":"2026-07-29","acq_time":"1202","satellite":"N","instrument":"VIIRS","confidence":"n","version":"2.0NRT","bright_ti5":"309.09","frp":"12.61","daynight":"D","commune":"Le Plessis-Pâté","code_insee":"91494","departement":"Essonne","region":"Île-de-France"}},{"type":"Feature","geometry":{"type":"Point","coordinates":[3.92329,49.23652]},"properties":{"latitude":"49.23652","longitude":"3.92329","bright_ti4":"341.24","scan":"0.45","track":"0.47","acq_date":"2026-07-29","acq_time":"1202","satellite":"N","instrument":"VIIRS","confidence":"n","version":"2.0NRT","bright_ti5":"312.16","frp":"6.34","daynight":"D","commune":"Vrigny","code_insee":"51657","departement":"Marne","region":"Grand Est"}},{"type":"Feature","geometry":{"type":"Point","coordinates":[3.92909,49.23796]},"properties":{"latitude":"49.23796","longitude":"3.92909","bright_ti4":"343.7","scan":"0.45","track":"0.47","acq_date":"2026-07-29","acq_time":"1202","satellite":"N","instrument":"VIIRS","confidence":"n","version":"2.0NRT","bright_ti5":"313.19","frp":"9.05","daynight":"D","commune":"Vrigny","code_insee":"51657","departement":"Marne","region":"Grand Est"}},{"type":"Feature","geometry":{"type":"Point","coordinates":[1.19472,49.2644]},"properties":{"latitude":"49.2644","longitude":"1.19472","bright_ti4":"342.83","scan":"0.58","track":"0.52","acq_date":"2026-07-29","acq_time":"1202","satellite":"N","instrument":"VIIRS","confidence":"n","version":"2.0NRT","bright_ti5":"309.92","frp":"7.34","daynight":"D","commune":"Val-de-Reuil","code_insee":"27701","departement":"Eure","region":"Normandie"}},{"type":"Feature","geometry":{"type":"Point","coordinates":[2.71269,50.2691]},"properties":{"latitude":"50.2691","longitude":"2.71269","bright_ti4":"333.37","scan":"0.47","track":"0.48","acq_date":"2026-07-29","acq_time":"1202","satellite":"N","instrument":"VIIRS","confidence":"l","version":"2.0NRT","bright_ti5":"305.4","frp":"14.26","daynight":"D","commune":"Dainville","code_insee":"62263","departement":"Pas-de-Calais","region":"Hauts-de-France"}},{"type":"Feature","geometry":{"type":"Point","coordinates":[2.71894,50.27067]},"properties":{"latitude":"50.27067","longitude":"2.71894","bright_ti4":"343.22","scan":"0.47","track":"0.48","acq_date":"2026-07-29","acq_time":"1202","satellite":"N","instrument":"VIIRS","confidence":"n","version":"2.0NRT","bright_ti5":"307.64","frp":"14.26","daynight":"D","commune":"Dainville","code_insee":"62263","departement":"Pas-de-Calais","region":"Hauts-de-France"}},{"type":"Feature","geometry":{"type":"Point","coordinates":[2.29938,51.0466]},"properties":{"latitude":"51.0466","longitude":"2.29938","bright_ti4":"342.48","scan":"0.46","track":"0.47","acq_date":"2026-07-29","acq_time":"1202","satellite":"N","instrument":"VIIRS","confidence":"n","version":"2.0NRT","bright_ti5":"304.29","frp":"2.64","daynight":"D","commune":"Grande-Synthe","code_insee":"59271","departement":"Nord","region":"Hauts-de-France"}},{"type":"Feature","geometry":{"type":"Point","coordinates":[-0.85447,44.72196]},"properties":{"latitude":"44.72196","longitude":"-0.85447","bright_ti4":"337.82","scan":"0.5","track":"0.49","acq_date":"2026-07-29","acq_time":"1340","satellite":"N","instrument":"VIIRS","confidence":"l","version":"2.0NRT","bright_ti5":"309.58","frp":"4.03","daynight":"D","commune":"Marcheprime","code_insee":"33555","departement":"Gironde","region":"Nouvelle-Aquitaine"}},{"type":"Feature","geometry":{"type":"Point","coordinates":[-0.84807,44.72242]},"properties":{"latitude":"44.72242","longitude":"-0.84807","bright_ti4":"340.28","scan":"0.5","track":"0.49","acq_date":"2026-07-29","acq_time":"1340","satellite":"N","instrument":"VIIRS","confidence":"n","version":"2.0NRT","bright_ti5":"308.95","frp":"6.58","daynight":"D","commune":"Marcheprime","code_insee":"33555","departement":"Gironde","region":"Nouvelle-Aquitaine"}},{"type":"Feature","geometry":{"type":"Point","coordinates":[-0.88186,44.73376]},"properties":{"latitude":"44.73376","longitude":"-0.88186","bright_ti4":"336.44","scan":"0.5","track":"0.49","acq_date":"2026-07-29","acq_time":"1340","satellite":"N","instrument":"VIIRS","confidence":"l","version":"2.0NRT","bright_ti5":"306.93","frp":"5.46","daynight":"D","commune":"Audenge","code_insee":"33019","departement":"Gironde","region":"Nouvelle-Aquitaine"}},{"type":"Feature","geometry":{"type":"Point","coordinates":[-1.02462,44.75069]},"properties":{"latitude":"44.75069","longitude":"-1.02462","bright_ti4":"331.61","scan":"0.49","track":"0.48","acq_date":"2026-07-29","acq_time":"1340","satellite":"N","instrument":"VIIRS","confidence":"l","version":"2.0NRT","bright_ti5":"305.24","frp":"7.96","daynight":"D","commune":"Lanton","code_insee":"33229","departement":"Gironde","region":"Nouvelle-Aquitaine"}},{"type":"Feature","geometry":{"type":"Point","coordinates":[-0.95474,44.75133]},"properties":{"latitude":"44.75133","longitude":"-0.95474","bright_ti4":"343.25","scan":"0.49","track":"0.49","acq_date":"2026-07-29","acq_time":"1340","satellite":"N","instrument":"VIIRS","confidence":"n","version":"2.0NRT","bright_ti5":"303.16","frp":"3.7","daynight":"D","commune":"Lanton","code_insee":"33229","departement":"Gironde","region":"Nouvelle-Aquitaine"}},{"type":"Feature","geometry":{"type":"Point","coordinates":[-0.94844,44.75179]},"properties":{"latitude":"44.75179","longitude":"-0.94844","bright_ti4":"335.39","scan":"0.49","track":"0.49","acq_date":"2026-07-29","acq_time":"1340","satellite":"N","instrument":"VIIRS","confidence":"n","version":"2.0NRT","bright_ti5":"302.74","frp":"3.7","daynight":"D","commune":"Lanton","code_insee":"33229","departement":"Gironde","region":"Nouvelle-Aquitaine"}},{"type":"Feature","geometry":{"type":"Point","coordinates":[-1.02526,44.7552]},"properties":{"latitude":"44.7552","longitude":"-1.02526","bright_ti4":"348.69","scan":"0.49","track":"0.48","acq_date":"2026-07-29","acq_time":"1340","satellite":"N","instrument":"VIIRS","confidence":"n","version":"2.0NRT","bright_ti5":"307.14","frp":"7.96","daynight":"D","commune":"Lanton","code_insee":"33229","departement":"Gironde","region":"Nouvelle-Aquitaine"}},{"type":"Feature","geometry":{"type":"Point","coordinates":[-0.95541,44.75585]},"properties":{"latitude":"44.75585","longitude":"-0.95541","bright_ti4":"350.8","scan":"0.49","track":"0.49","acq_date":"2026-07-29","acq_time":"1340","satellite":"N","instrument":"VIIRS","confidence":"n","version":"2.0NRT","bright_ti5":"305.25","frp":"30.29","daynight":"D","commune":"Lanton","code_insee":"33229","departement":"Gironde","region":"Nouvelle-Aquitaine"}},{"type":"Feature","geometry":{"type":"Point","coordinates":[-0.9491,44.75632]},"properties":{"latitude":"44.75632","longitude":"-0.9491","bright_ti4":"354.51","scan":"0.49","track":"0.49","acq_date":"2026-07-29","acq_time":"1340","satellite":"N","instrument":"VIIRS","confidence":"n","version":"2.0NRT","bright_ti5":"312.11","frp":"30.29","daynight":"D","commune":"Lanton","code_insee":"33229","departement":"Gironde","region":"Nouvelle-Aquitaine"}},{"type":"Feature","geometry":{"type":"Point","coordinates":[-1.21544,44.76784]},"properties":{"latitude":"44.76784","longitude":"-1.21544","bright_ti4":"355.19","scan":"0.48","track":"0.48","acq_date":"2026-07-29","acq_time":"1340","satellite":"N","instrument":"VIIRS","confidence":"n","version":"2.0NRT","bright_ti5":"304.9","frp":"21.22","daynight":"D","commune":"Lège-Cap-Ferret","code_insee":"33236","departement":"Gironde","region":"Nouvelle-Aquitaine"}},{"type":"Feature","geometry":{"type":"Point","coordinates":[-1.20928,44.76832]},"properties":{"latitude":"44.76832","longitude":"-1.20928","bright_ti4":"350.26","scan":"0.48","track":"0.48","acq_date":"2026-07-29","acq_time":"1340","satellite":"N","instrument":"VIIRS","confidence":"n","version":"2.0NRT","bright_ti5":"306.52","frp":"49.51","daynight":"D","commune":"Lège-Cap-Ferret","code_insee":"33236","departement":"Gironde","region":"Nouvelle-Aquitaine"}},{"type":"Feature","geometry":{"type":"Point","coordinates":[-1.21795,44.76941]},"properties":{"latitude":"44.76941","longitude":"-1.21795","bright_ti4":"346.71","scan":"0.48","track":"0.48","acq_date":"2026-07-29","acq_time":"1340","satellite":"N","instrument":"VIIRS","confidence":"n","version":"2.0NRT","bright_ti5":"300.96","frp":"42.16","daynight":"D","commune":"Lège-Cap-Ferret","code_insee":"33236","departement":"Gironde","region":"Nouvelle-Aquitaine"}},{"type":"Feature","geometry":{"type":"Point","coordinates":[-1.21179,44.76986]},"properties":{"latitude":"44.76986","longitude":"-1.21179","bright_ti4":"347.53","scan":"0.48","track":"0.48","acq_date":"2026-07-29","acq_time":"1340","satellite":"N","instrument":"VIIRS","confidence":"n","version":"2.0NRT","bright_ti5":"315.99","frp":"42.16","daynight":"D","commune":"Lège-Cap-Ferret","code_insee":"33236","departement":"Gironde","region":"Nouvelle-Aquitaine"}},{"type":"Feature","geometry":{"type":"Point","coordinates":[-1.21611,44.7723]},"properties":{"latitude":"44.7723","longitude":"-1.21611","bright_ti4":"341.53","scan":"0.48","track":"0.48","acq_date":"2026-07-29","acq_time":"1340","satellite":"N","instrument":"VIIRS","confidence":"n","version":"2.0NRT","bright_ti5":"299.71","frp":"10.88","daynight":"D","commune":"Lège-Cap-Ferret","code_insee":"33236","departement":"Gironde","region":"Nouvelle-Aquitaine"}},{"type":"Feature","geometry":{"type":"Point","coordinates":[-1.20995,44.77279]},"properties":{"latitude":"44.77279","longitude":"-1.20995","bright_ti4":"344.12","scan":"0.48","track":"0.48","acq_date":"2026-07-29","acq_time":"1340","satellite":"N","instrument":"VIIRS","confidence":"n","version":"2.0NRT","bright_ti5":"302.01","frp":"20.98","daynight":"D","commune":"Lège-Cap-Ferret","code_insee":"33236","departement":"Gironde","region":"Nouvelle-Aquitaine"}},{"type":"Feature","geometry":{"type":"Point","coordinates":[-1.1667,44.84558]},"properties":{"latitude":"44.84558","longitude":"-1.1667","bright_ti4":"354.44","scan":"0.48","track":"0.48","acq_date":"2026-07-29","acq_time":"1340","satellite":"N","instrument":"VIIRS","confidence":"n","version":"2.0NRT","bright_ti5":"306.21","frp":"24.43","daynight":"D","commune":"Le Porge","code_insee":"33333","departement":"Gironde","region":"Nouvelle-Aquitaine"}},{"type":"Feature","geometry":{"type":"Point","coordinates":[-0.86886,44.85857]},"properties":{"latitude":"44.85857","longitude":"-0.86886","bright_ti4":"341.21","scan":"0.5","track":"0.49","acq_date":"2026-07-29","acq_time":"1340","satellite":"N","instrument":"VIIRS","confidence":"l","version":"2.0NRT","bright_ti5":"312.07","frp":"17.6","daynight":"D","commune":"Saint-Médard-en-Jalles","code_insee":"33449","departement":"Gironde","region":"Nouvelle-Aquitaine"}},{"type":"Feature","geometry":{"type":"Point","coordinates":[-0.89067,44.87535]},"properties":{"latitude":"44.87535","longitude":"-0.89067","bright_ti4":"341.68","scan":"0.5","track":"0.49","acq_date":"2026-07-29","acq_time":"1340","satellite":"N","instrument":"VIIRS","confidence":"n","version":"2.0NRT","bright_ti5":"303.78","frp":"15.13","daynight":"D","commune":"Le Temple","code_insee":"33528","departement":"Gironde","region":"Nouvelle-Aquitaine"}},{"type":"Feature","geometry":{"type":"Point","coordinates":[0.15806,46.80861]},"properties":{"latitude":"46.80861","longitude":"0.15806","bright_ti4":"342.88","scan":"0.58","track":"0.52","acq_date":"2026-07-29","acq_time":"1342","satellite":"N","instrument":"VIIRS","confidence":"n","version":"2.0NRT","bright_ti5":"309.6","frp":"4.61","daynight":"D","commune":"Chouppes","code_insee":"86075","departement":"Vienne","region":"Nouvelle-Aquitaine"}},{"type":"Feature","geometry":{"type":"Point","coordinates":[-0.38753,46.99669]},"properties":{"latitude":"46.99669","longitude":"-0.38753","bright_ti4":"354.96","scan":"0.55","track":"0.51","acq_date":"2026-07-29","acq_time":"1342","satellite":"N","instrument":"VIIRS","confidence":"n","version":"2.0NRT","bright_ti5":"319.96","frp":"28.58","daynight":"D","commune":"Val en Vignes","code_insee":"79063","departement":"Deux-Sèvres","region":"Nouvelle-Aquitaine"}},{"type":"Feature","geometry":{"type":"Point","coordinates":[5.82539,47.1188]},"properties":{"latitude":"47.1188","longitude":"5.82539","bright_ti4":"367","scan":"0.54","track":"0.68","acq_date":"2026-07-29","acq_time":"1342","satellite":"N","instrument":"VIIRS","confidence":"h","version":"2.0NRT","bright_ti5":"307.77","frp":"15.89","daynight":"D","commune":"Villars-Saint-Georges","code_insee":"25616","departement":"Doubs","region":"Bourgogne-Franche-Comté"}},{"type":"Feature","geometry":{"type":"Point","coordinates":[4.95794,47.26647]},"properties":{"latitude":"47.26647","longitude":"4.95794","bright_ti4":"342.48","scan":"0.49","track":"0.65","acq_date":"2026-07-29","acq_time":"1342","satellite":"N","instrument":"VIIRS","confidence":"n","version":"2.0NRT","bright_ti5":"308.53","frp":"63.49","daynight":"D","commune":"Couchey","code_insee":"21200","departement":"Côte-d'Or","region":"Bourgogne-Franche-Comté"}},{"type":"Feature","geometry":{"type":"Point","coordinates":[4.96566,47.26657]},"properties":{"latitude":"47.26657","longitude":"4.96566","bright_ti4":"367","scan":"0.49","track":"0.65","acq_date":"2026-07-29","acq_time":"1342","satellite":"N","instrument":"VIIRS","confidence":"h","version":"2.0NRT","bright_ti5":"336.66","frp":"109.59","daynight":"D","commune":"Couchey","code_insee":"21200","departement":"Côte-d'Or","region":"Bourgogne-Franche-Comté"}},{"type":"Feature","geometry":{"type":"Point","coordinates":[4.97418,47.26667]},"properties":{"latitude":"47.26667","longitude":"4.97418","bright_ti4":"367","scan":"0.49","track":"0.65","acq_date":"2026-07-29","acq_time":"1342","satellite":"N","instrument":"VIIRS","confidence":"h","version":"2.0NRT","bright_ti5":"306.32","frp":"109.59","daynight":"D","commune":"Couchey","code_insee":"21200","departement":"Côte-d'Or","region":"Bourgogne-Franche-Comté"}},{"type":"Feature","geometry":{"type":"Point","coordinates":[4.95611,47.26722]},"properties":{"latitude":"47.26722","longitude":"4.95611","bright_ti4":"333.3","scan":"0.49","track":"0.65","acq_date":"2026-07-29","acq_time":"1342","satellite":"N","instrument":"VIIRS","confidence":"l","version":"2.0NRT","bright_ti5":"305.24","frp":"79","daynight":"D","commune":"Couchey","code_insee":"21200","departement":"Côte-d'Or","region":"Bourgogne-Franche-Comté"}},{"type":"Feature","geometry":{"type":"Point","coordinates":[4.96356,47.26735]},"properties":{"latitude":"47.26735","longitude":"4.96356","bright_ti4":"367","scan":"0.49","track":"0.65","acq_date":"2026-07-29","acq_time":"1342","satellite":"N","instrument":"VIIRS","confidence":"l","version":"2.0NRT","bright_ti5":"330.67","frp":"79","daynight":"D","commune":"Couchey","code_insee":"21200","departement":"Côte-d'Or","region":"Bourgogne-Franche-Comté"}},{"type":"Feature","geometry":{"type":"Point","coordinates":[4.9719,47.26749]},"properties":{"latitude":"47.26749","longitude":"4.9719","bright_ti4":"367","scan":"0.49","track":"0.65","acq_date":"2026-07-29","acq_time":"1342","satellite":"N","instrument":"VIIRS","confidence":"h","version":"2.0NRT","bright_ti5":"313.2","frp":"166.86","daynight":"D","commune":"Couchey","code_insee":"21200","departement":"Côte-d'Or","region":"Bourgogne-Franche-Comté"}},{"type":"Feature","geometry":{"type":"Point","coordinates":[4.96532,47.27271]},"properties":{"latitude":"47.27271","longitude":"4.96532","bright_ti4":"334.89","scan":"0.49","track":"0.65","acq_date":"2026-07-29","acq_time":"1342","satellite":"N","instrument":"VIIRS","confidence":"n","version":"2.0NRT","bright_ti5":"302.95","frp":"2.85","daynight":"D","commune":"Marsannay-la-Côte","code_insee":"21390","departement":"Côte-d'Or","region":"Bourgogne-Franche-Comté"}},{"type":"Feature","geometry":{"type":"Point","coordinates":[-2.46527,47.67214]},"properties":{"latitude":"47.67214","longitude":"-2.46527","bright_ti4":"338.53","scan":"0.45","track":"0.47","acq_date":"2026-07-29","acq_time":"1342","satellite":"N","instrument":"VIIRS","confidence":"n","version":"2.0NRT","bright_ti5":"302.56","frp":"7.48","daynight":"D","commune":"Questembert","code_insee":"56184","departement":"Morbihan","region":"Bretagne"}},{"type":"Feature","geometry":{"type":"Point","coordinates":[-2.45915,47.6726]},"properties":{"latitude":"47.6726","longitude":"-2.45915","bright_ti4":"341.82","scan":"0.45","track":"0.47","acq_date":"2026-07-29","acq_time":"1342","satellite":"N","instrument":"VIIRS","confidence":"n","version":"2.0NRT","bright_ti5":"303.55","frp":"12.7","daynight":"D","commune":"Questembert","code_insee":"56184","departement":"Morbihan","region":"Bretagne"}},{"type":"Feature","geometry":{"type":"Point","coordinates":[2.02745,47.81126]},"properties":{"latitude":"47.81126","longitude":"2.02745","bright_ti4":"352.78","scan":"0.36","track":"0.58","acq_date":"2026-07-29","acq_time":"1342","satellite":"N","instrument":"VIIRS","confidence":"n","version":"2.0NRT","bright_ti5":"304.72","frp":"6.34","daynight":"D","commune":"Sandillon","code_insee":"45300","departement":"Loiret","region":"Centre-Val de Loire"}},{"type":"Feature","geometry":{"type":"Point","coordinates":[2.03247,47.81146]},"properties":{"latitude":"47.81146","longitude":"2.03247","bright_ti4":"367","scan":"0.36","track":"0.58","acq_date":"2026-07-29","acq_time":"1342","satellite":"N","instrument":"VIIRS","confidence":"h","version":"2.0NRT","bright_ti5":"304.25","frp":"9.99","daynight":"D","commune":"Sandillon","code_insee":"45300","departement":"Loiret","region":"Centre-Val de Loire"}},{"type":"Feature","geometry":{"type":"Point","coordinates":[2.02963,47.8134]},"properties":{"latitude":"47.8134","longitude":"2.02963","bright_ti4":"367","scan":"0.36","track":"0.58","acq_date":"2026-07-29","acq_time":"1342","satellite":"N","instrument":"VIIRS","confidence":"h","version":"2.0NRT","bright_ti5":"308.14","frp":"10.34","daynight":"D","commune":"Sandillon","code_insee":"45300","departement":"Loiret","region":"Centre-Val de Loire"}},{"type":"Feature","geometry":{"type":"Point","coordinates":[3.25449,47.85529]},"properties":{"latitude":"47.85529","longitude":"3.25449","bright_ti4":"367","scan":"0.41","track":"0.61","acq_date":"2026-07-29","acq_time":"1342","satellite":"N","instrument":"VIIRS","confidence":"h","version":"2.0NRT","bright_ti5":"309.91","frp":"12.14","daynight":"D","commune":"Les Ormes","code_insee":"89281","departement":"Yonne","region":"Bourgogne-Franche-Comté"}},{"type":"Feature","geometry":{"type":"Point","coordinates":[3.25248,47.85677]},"properties":{"latitude":"47.85677","longitude":"3.25248","bright_ti4":"367","scan":"0.41","track":"0.61","acq_date":"2026-07-29","acq_time":"1342","satellite":"N","instrument":"VIIRS","confidence":"h","version":"2.0NRT","bright_ti5":"307.33","frp":"8.88","daynight":"D","commune":"Les Ormes","code_insee":"89281","departement":"Yonne","region":"Bourgogne-Franche-Comté"}},{"type":"Feature","geometry":{"type":"Point","coordinates":[3.2582,47.85692]},"properties":{"latitude":"47.85692","longitude":"3.2582","bright_ti4":"355.71","scan":"0.41","track":"0.61","acq_date":"2026-07-29","acq_time":"1342","satellite":"N","instrument":"VIIRS","confidence":"n","version":"2.0NRT","bright_ti5":"307.54","frp":"8.88","daynight":"D","commune":"Les Ormes","code_insee":"89281","departement":"Yonne","region":"Bourgogne-Franche-Comté"}},{"type":"Feature","geometry":{"type":"Point","coordinates":[6.71807,48.01304]},"properties":{"latitude":"48.01304","longitude":"6.71807","bright_ti4":"345.62","scan":"0.6","track":"0.7","acq_date":"2026-07-29","acq_time":"1342","satellite":"N","instrument":"VIIRS","confidence":"n","version":"2.0NRT","bright_ti5":"304.95","frp":"11.38","daynight":"D","commune":"Vagney","code_insee":"88486","departement":"Vosges","region":"Grand Est"}},{"type":"Feature","geometry":{"type":"Point","coordinates":[6.71637,48.01607]},"properties":{"latitude":"48.01607","longitude":"6.71637","bright_ti4":"367","scan":"0.6","track":"0.71","acq_date":"2026-07-29","acq_time":"1342","satellite":"N","instrument":"VIIRS","confidence":"h","version":"2.0NRT","bright_ti5":"304.11","frp":"14.17","daynight":"D","commune":"Vagney","code_insee":"88486","departement":"Vosges","region":"Grand Est"}},{"type":"Feature","geometry":{"type":"Point","coordinates":[-3.36232,48.14035]},"properties":{"latitude":"48.14035","longitude":"-3.36232","bright_ti4":"331.07","scan":"0.42","track":"0.45","acq_date":"2026-07-29","acq_time":"1342","satellite":"N","instrument":"VIIRS","confidence":"l","version":"2.0NRT","bright_ti5":"303.56","frp":"1.75","daynight":"D","commune":"Plouray","code_insee":"56170","departement":"Morbihan","region":"Bretagne"}},{"type":"Feature","geometry":{"type":"Point","coordinates":[2.39916,48.25415]},"properties":{"latitude":"48.25415","longitude":"2.39916","bright_ti4":"333.32","scan":"0.38","track":"0.59","acq_date":"2026-07-29","acq_time":"1342","satellite":"N","instrument":"VIIRS","confidence":"l","version":"2.0NRT","bright_ti5":"307.16","frp":"1.59","daynight":"D","commune":"Le Malesherbois","code_insee":"45191","departement":"Loiret","region":"Centre-Val de Loire"}},{"type":"Feature","geometry":{"type":"Point","coordinates":[2.39884,48.25966]},"properties":{"latitude":"48.25966","longitude":"2.39884","bright_ti4":"336.21","scan":"0.38","track":"0.59","acq_date":"2026-07-29","acq_time":"1342","satellite":"N","instrument":"VIIRS","confidence":"n","version":"2.0NRT","bright_ti5":"305.05","frp":"1.59","daynight":"D","commune":"Le Malesherbois","code_insee":"45191","departement":"Loiret","region":"Centre-Val de Loire"}},{"type":"Feature","geometry":{"type":"Point","coordinates":[-1.28903,48.27796]},"properties":{"latitude":"48.27796","longitude":"-1.28903","bright_ti4":"341.2","scan":"0.52","track":"0.5","acq_date":"2026-07-29","acq_time":"1342","satellite":"N","instrument":"VIIRS","confidence":"n","version":"2.0NRT","bright_ti5":"305.22","frp":"3.35","daynight":"D","commune":"Rives-du-Couesnon","code_insee":"35282","departement":"Ille-et-Vilaine","region":"Bretagne"}},{"type":"Feature","geometry":{"type":"Point","coordinates":[-2.5099,48.37926]},"properties":{"latitude":"48.37926","longitude":"-2.5099","bright_ti4":"331.57","scan":"0.46","track":"0.47","acq_date":"2026-07-29","acq_time":"1342","satellite":"N","instrument":"VIIRS","confidence":"n","version":"2.0NRT","bright_ti5":"303.08","frp":"1.33","daynight":"D","commune":"Saint-Glen","code_insee":"22296","departement":"Côtes-d'Armor","region":"Bretagne"}},{"type":"Feature","geometry":{"type":"Point","coordinates":[-0.1283,48.64935]},"properties":{"latitude":"48.64935","longitude":"-0.1283","bright_ti4":"334.89","scan":"0.59","track":"0.53","acq_date":"2026-07-29","acq_time":"1342","satellite":"N","instrument":"VIIRS","confidence":"n","version":"2.0NRT","bright_ti5":"304.75","frp":"2.21","daynight":"D","commune":"Boucé","code_insee":"61055","departement":"Orne","region":"Normandie"}},{"type":"Feature","geometry":{"type":"Point","coordinates":[-0.12912,48.65048]},"properties":{"latitude":"48.65048","longitude":"-0.12912","bright_ti4":"336.22","scan":"0.59","track":"0.53","acq_date":"2026-07-29","acq_time":"1342","satellite":"N","instrument":"VIIRS","confidence":"n","version":"2.0NRT","bright_ti5":"304.43","frp":"5.6","daynight":"D","commune":"Boucé","code_insee":"61055","departement":"Orne","region":"Normandie"}},{"type":"Feature","geometry":{"type":"Point","coordinates":[2.7579,49.81808]},"properties":{"latitude":"49.81808","longitude":"2.7579","bright_ti4":"354.67","scan":"0.4","track":"0.6","acq_date":"2026-07-29","acq_time":"1342","satellite":"N","instrument":"VIIRS","confidence":"n","version":"2.0NRT","bright_ti5":"306.98","frp":"6.42","daynight":"D","commune":"Lihons","code_insee":"80481","departement":"Somme","region":"Hauts-de-France"}},{"type":"Feature","geometry":{"type":"Point","coordinates":[2.76367,49.81824]},"properties":{"latitude":"49.81824","longitude":"2.76367","bright_ti4":"354.72","scan":"0.4","track":"0.6","acq_date":"2026-07-29","acq_time":"1342","satellite":"N","instrument":"VIIRS","confidence":"n","version":"2.0NRT","bright_ti5":"307.4","frp":"9.54","daynight":"D","commune":"Lihons","code_insee":"80481","departement":"Somme","region":"Hauts-de-France"}},{"type":"Feature","geometry":{"type":"Point","coordinates":[2.75425,49.81997]},"properties":{"latitude":"49.81997","longitude":"2.75425","bright_ti4":"335.53","scan":"0.4","track":"0.6","acq_date":"2026-07-29","acq_time":"1342","satellite":"N","instrument":"VIIRS","confidence":"l","version":"2.0NRT","bright_ti5":"305.9","frp":"4.75","daynight":"D","commune":"Lihons","code_insee":"80481","departement":"Somme","region":"Hauts-de-France"}},{"type":"Feature","geometry":{"type":"Point","coordinates":[2.76002,49.82011]},"properties":{"latitude":"49.82011","longitude":"2.76002","bright_ti4":"340.71","scan":"0.4","track":"0.6","acq_date":"2026-07-29","acq_time":"1342","satellite":"N","instrument":"VIIRS","confidence":"n","version":"2.0NRT","bright_ti5":"306.29","frp":"4.75","daynight":"D","commune":"Lihons","code_insee":"80481","departement":"Somme","region":"Hauts-de-France"}},{"type":"Feature","geometry":{"type":"Point","coordinates":[2.76582,49.82025]},"properties":{"latitude":"49.82025","longitude":"2.76582","bright_ti4":"338.61","scan":"0.4","track":"0.6","acq_date":"2026-07-29","acq_time":"1342","satellite":"N","instrument":"VIIRS","confidence":"n","version":"2.0NRT","bright_ti5":"304.96","frp":"7.39","daynight":"D","commune":"Lihons","code_insee":"80481","departement":"Somme","region":"Hauts-de-France"}},{"type":"Feature","geometry":{"type":"Point","coordinates":[2.62528,49.97746]},"properties":{"latitude":"49.97746","longitude":"2.62528","bright_ti4":"350.77","scan":"0.4","track":"0.6","acq_date":"2026-07-29","acq_time":"1342","satellite":"N","instrument":"VIIRS","confidence":"n","version":"2.0NRT","bright_ti5":"305.79","frp":"3.95","daynight":"D","commune":"Dernancourt","code_insee":"80238","departement":"Somme","region":"Hauts-de-France"}},{"type":"Feature","geometry":{"type":"Point","coordinates":[2.63112,49.97762]},"properties":{"latitude":"49.97762","longitude":"2.63112","bright_ti4":"333.25","scan":"0.4","track":"0.6","acq_date":"2026-07-29","acq_time":"1342","satellite":"N","instrument":"VIIRS","confidence":"n","version":"2.0NRT","bright_ti5":"304.7","frp":"3.95","daynight":"D","commune":"Dernancourt","code_insee":"80238","departement":"Somme","region":"Hauts-de-France"}},{"type":"Feature","geometry":{"type":"Point","coordinates":[2.71678,50.26902]},"properties":{"latitude":"50.26902","longitude":"2.71678","bright_ti4":"350.4","scan":"0.4","track":"0.6","acq_date":"2026-07-29","acq_time":"1342","satellite":"N","instrument":"VIIRS","confidence":"n","version":"2.0NRT","bright_ti5":"304.46","frp":"3.25","daynight":"D","commune":"Dainville","code_insee":"62263","departement":"Pas-de-Calais","region":"Hauts-de-France"}},{"type":"Feature","geometry":{"type":"Point","coordinates":[2.27345,51.0254]},"properties":{"latitude":"51.0254","longitude":"2.27345","bright_ti4":"334.91","scan":"0.39","track":"0.59","acq_date":"2026-07-29","acq_time":"1342","satellite":"N","instrument":"VIIRS","confidence":"l","version":"2.0NRT","bright_ti5":"306.34","frp":"5.01","daynight":"D","commune":"Grande-Synthe","code_insee":"59271","departement":"Nord","region":"Hauts-de-France"}},{"type":"Feature","geometry":{"type":"Point","coordinates":[2.28095,51.03455]},"properties":{"latitude":"51.03455","longitude":"2.28095","bright_ti4":"330.03","scan":"0.39","track":"0.59","acq_date":"2026-07-29","acq_time":"1342","satellite":"N","instrument":"VIIRS","confidence":"l","version":"2.0NRT","bright_ti5":"304.6","frp":"4.49","daynight":"D","commune":"Grande-Synthe","code_insee":"59271","departement":"Nord","region":"Hauts-de-France"}},{"type":"Feature","geometry":{"type":"Point","coordinates":[2.28673,51.03468]},"properties":{"latitude":"51.03468","longitude":"2.28673","bright_ti4":"342.33","scan":"0.39","track":"0.59","acq_date":"2026-07-29","acq_time":"1342","satellite":"N","instrument":"VIIRS","confidence":"n","version":"2.0NRT","bright_ti5":"305.89","frp":"4.49","daynight":"D","commune":"Grande-Synthe","code_insee":"59271","departement":"Nord","region":"Hauts-de-France"}},{"type":"Feature","geometry":{"type":"Point","coordinates":[2.28436,51.03687]},"properties":{"latitude":"51.03687","longitude":"2.28436","bright_ti4":"345.41","scan":"0.39","track":"0.59","acq_date":"2026-07-29","acq_time":"1342","satellite":"N","instrument":"VIIRS","confidence":"n","version":"2.0NRT","bright_ti5":"305.69","frp":"3.61","daynight":"D","commune":"Grande-Synthe","code_insee":"59271","departement":"Nord","region":"Hauts-de-France"}},{"type":"Feature","geometry":{"type":"Point","coordinates":[2.29013,51.03703]},"properties":{"latitude":"51.03703","longitude":"2.29013","bright_ti4":"331.01","scan":"0.39","track":"0.59","acq_date":"2026-07-29","acq_time":"1342","satellite":"N","instrument":"VIIRS","confidence":"l","version":"2.0NRT","bright_ti5":"305.41","frp":"4.13","daynight":"D","commune":"Grande-Synthe","code_insee":"59271","departement":"Nord","region":"Hauts-de-France"}},{"type":"Feature","geometry":{"type":"Point","coordinates":[2.29559,51.04277]},"properties":{"latitude":"51.04277","longitude":"2.29559","bright_ti4":"340.15","scan":"0.39","track":"0.59","acq_date":"2026-07-29","acq_time":"1342","satellite":"N","instrument":"VIIRS","confidence":"n","version":"2.0NRT","bright_ti5":"305.45","frp":"4.13","daynight":"D","commune":"Grande-Synthe","code_insee":"59271","departement":"Nord","region":"Hauts-de-France"}},{"type":"Feature","geometry":{"type":"Point","coordinates":[2.30136,51.04294]},"properties":{"latitude":"51.04294","longitude":"2.30136","bright_ti4":"333.63","scan":"0.39","track":"0.59","acq_date":"2026-07-29","acq_time":"1342","satellite":"N","instrument":"VIIRS","confidence":"l","version":"2.0NRT","bright_ti5":"305.6","frp":"4.25","daynight":"D","commune":"Grande-Synthe","code_insee":"59271","departement":"Nord","region":"Hauts-de-France"}},{"type":"Feature","geometry":{"type":"Point","coordinates":[2.29767,51.04611]},"properties":{"latitude":"51.04611","longitude":"2.29767","bright_ti4":"348.18","scan":"0.39","track":"0.59","acq_date":"2026-07-29","acq_time":"1342","satellite":"N","instrument":"VIIRS","confidence":"n","version":"2.0NRT","bright_ti5":"300.52","frp":"10.87","daynight":"D","commune":"Grande-Synthe","code_insee":"59271","departement":"Nord","region":"Hauts-de-France"}},{"type":"Feature","geometry":{"type":"Point","coordinates":[2.3208,51.04666]},"properties":{"latitude":"51.04666","longitude":"2.3208","bright_ti4":"332.5","scan":"0.39","track":"0.6","acq_date":"2026-07-29","acq_time":"1342","satellite":"N","instrument":"VIIRS","confidence":"l","version":"2.0NRT","bright_ti5":"303.3","frp":"3.51","daynight":"D","commune":"Dunkerque","code_insee":"59183","departement":"Nord","region":"Hauts-de-France"}},{"type":"Feature","geometry":{"type":"Point","coordinates":[2.32423,51.04917]},"properties":{"latitude":"51.04917","longitude":"2.32423","bright_ti4":"337.02","scan":"0.39","track":"0.6","acq_date":"2026-07-29","acq_time":"1342","satellite":"N","instrument":"VIIRS","confidence":"n","version":"2.0NRT","bright_ti5":"302.35","frp":"4.94","daynight":"D","commune":"Dunkerque","code_insee":"59183","departement":"Nord","region":"Hauts-de-France"}},{"type":"Feature","geometry":{"type":"Point","coordinates":[9.09946,42.29094]},"properties":{"latitude":"42.29094","longitude":"9.09946","bright_ti4":"336.43","scan":"0.39","track":"0.36","acq_date":"2026-07-29","acq_time":"1217","satellite":"N20","instrument":"VIIRS","confidence":"n","version":"2.0NRT","bright_ti5":"303.7","frp":"4.71","daynight":"D","commune":"Corte","code_insee":"2B096","departement":"Haute-Corse","region":"Corse"}},{"type":"Feature","geometry":{"type":"Point","coordinates":[4.88969,43.43464]},"properties":{"latitude":"43.43464","longitude":"4.88969","bright_ti4":"344.25","scan":"0.47","track":"0.39","acq_date":"2026-07-29","acq_time":"1217","satellite":"N20","instrument":"VIIRS","confidence":"l","version":"2.0NRT","bright_ti5":"314.77","frp":"13.29","daynight":"D","commune":"Fos-sur-Mer","code_insee":"13039","departement":"Bouches-du-Rhône","region":"Provence-Alpes-Côte d'Azur"}},{"type":"Feature","geometry":{"type":"Point","coordinates":[0.61709,44.20436]},"properties":{"latitude":"44.20436","longitude":"0.61709","bright_ti4":"337.04","scan":"0.45","track":"0.47","acq_date":"2026-07-29","acq_time":"1219","satellite":"N20","instrument":"VIIRS","confidence":"n","version":"2.0NRT","bright_ti5":"307.39","frp":"3.23","daynight":"D","commune":"Agen","code_insee":"47001","departement":"Lot-et-Garonne","region":"Nouvelle-Aquitaine"}},{"type":"Feature","geometry":{"type":"Point","coordinates":[-0.85111,44.72105]},"properties":{"latitude":"44.72105","longitude":"-0.85111","bright_ti4":"345.75","scan":"0.51","track":"0.49","acq_date":"2026-07-29","acq_time":"1219","satellite":"N20","instrument":"VIIRS","confidence":"n","version":"2.0NRT","bright_ti5":"313.27","frp":"7.81","daynight":"D","commune":"Marcheprime","code_insee":"33555","departement":"Gironde","region":"Nouvelle-Aquitaine"}},{"type":"Feature","geometry":{"type":"Point","coordinates":[-0.87792,44.73377]},"properties":{"latitude":"44.73377","longitude":"-0.87792","bright_ti4":"335","scan":"0.51","track":"0.49","acq_date":"2026-07-29","acq_time":"1219","satellite":"N20","instrument":"VIIRS","confidence":"l","version":"2.0NRT","bright_ti5":"308.46","frp":"4.99","daynight":"D","commune":"Audenge","code_insee":"33019","departement":"Gironde","region":"Nouvelle-Aquitaine"}},{"type":"Feature","geometry":{"type":"Point","coordinates":[-1.02665,44.75151]},"properties":{"latitude":"44.75151","longitude":"-1.02665","bright_ti4":"367","scan":"0.52","track":"0.5","acq_date":"2026-07-29","acq_time":"1219","satellite":"N20","instrument":"VIIRS","confidence":"h","version":"2.0NRT","bright_ti5":"309.54","frp":"23.68","daynight":"D","commune":"Lanton","code_insee":"33229","departement":"Gironde","region":"Nouvelle-Aquitaine"}},{"type":"Feature","geometry":{"type":"Point","coordinates":[-1.02876,44.75586]},"properties":{"latitude":"44.75586","longitude":"-1.02876","bright_ti4":"345.05","scan":"0.52","track":"0.5","acq_date":"2026-07-29","acq_time":"1219","satellite":"N20","instrument":"VIIRS","confidence":"n","version":"2.0NRT","bright_ti5":"304.15","frp":"14.43","daynight":"D","commune":"Lanton","code_insee":"33229","departement":"Gironde","region":"Nouvelle-Aquitaine"}},{"type":"Feature","geometry":{"type":"Point","coordinates":[-1.21762,44.76735]},"properties":{"latitude":"44.76735","longitude":"-1.21762","bright_ti4":"333.35","scan":"0.53","track":"0.5","acq_date":"2026-07-29","acq_time":"1219","satellite":"N20","instrument":"VIIRS","confidence":"n","version":"2.0NRT","bright_ti5":"299.37","frp":"5.13","daynight":"D","commune":"Lège-Cap-Ferret","code_insee":"33236","departement":"Gironde","region":"Nouvelle-Aquitaine"}},{"type":"Feature","geometry":{"type":"Point","coordinates":[-1.21128,44.76894]},"properties":{"latitude":"44.76894","longitude":"-1.21128","bright_ti4":"340.27","scan":"0.53","track":"0.5","acq_date":"2026-07-29","acq_time":"1219","satellite":"N20","instrument":"VIIRS","confidence":"n","version":"2.0NRT","bright_ti5":"299.5","frp":"5.13","daynight":"D","commune":"Lège-Cap-Ferret","code_insee":"33236","departement":"Gironde","region":"Nouvelle-Aquitaine"}},{"type":"Feature","geometry":{"type":"Point","coordinates":[-0.88659,44.77691]},"properties":{"latitude":"44.77691","longitude":"-0.88659","bright_ti4":"335.98","scan":"0.51","track":"0.49","acq_date":"2026-07-29","acq_time":"1219","satellite":"N20","instrument":"VIIRS","confidence":"n","version":"2.0NRT","bright_ti5":"303.99","frp":"5.08","daynight":"D","commune":"Saint-Jean-d'Illac","code_insee":"33422","departement":"Gironde","region":"Nouvelle-Aquitaine"}},{"type":"Feature","geometry":{"type":"Point","coordinates":[-1.16392,44.84512]},"properties":{"latitude":"44.84512","longitude":"-1.16392","bright_ti4":"333.32","scan":"0.52","track":"0.5","acq_date":"2026-07-29","acq_time":"1219","satellite":"N20","instrument":"VIIRS","confidence":"n","version":"2.0NRT","bright_ti5":"304.73","frp":"4.7","daynight":"D","commune":"Le Porge","code_insee":"33333","departement":"Gironde","region":"Nouvelle-Aquitaine"}},{"type":"Feature","geometry":{"type":"Point","coordinates":[-0.87155,44.85789]},"properties":{"latitude":"44.85789","longitude":"-0.87155","bright_ti4":"340.93","scan":"0.51","track":"0.49","acq_date":"2026-07-29","acq_time":"1219","satellite":"N20","instrument":"VIIRS","confidence":"l","version":"2.0NRT","bright_ti5":"314.96","frp":"12.26","daynight":"D","commune":"Saint-Médard-en-Jalles","code_insee":"33449","departement":"Gironde","region":"Nouvelle-Aquitaine"}},{"type":"Feature","geometry":{"type":"Point","coordinates":[0.15605,46.80758]},"properties":{"latitude":"46.80758","longitude":"0.15605","bright_ti4":"347.06","scan":"0.41","track":"0.45","acq_date":"2026-07-29","acq_time":"1219","satellite":"N20","instrument":"VIIRS","confidence":"n","version":"2.0NRT","bright_ti5":"309.1","frp":"7.08","daynight":"D","commune":"Chouppes","code_insee":"86075","departement":"Vienne","region":"Nouvelle-Aquitaine"}},{"type":"Feature","geometry":{"type":"Point","coordinates":[7.27207,47.84023]},"properties":{"latitude":"47.84023","longitude":"7.27207","bright_ti4":"336.36","scan":"0.38","track":"0.36","acq_date":"2026-07-29","acq_time":"1219","satellite":"N20","instrument":"VIIRS","confidence":"l","version":"2.0NRT","bright_ti5":"309.83","frp":"1.26","daynight":"D","commune":"Feldkirch","code_insee":"68088","departement":"Haut-Rhin","region":"Grand Est"}},{"type":"Feature","geometry":{"type":"Point","coordinates":[7.22962,47.89193]},"properties":{"latitude":"47.89193","longitude":"7.22962","bright_ti4":"342.49","scan":"0.38","track":"0.36","acq_date":"2026-07-29","acq_time":"1219","satellite":"N20","instrument":"VIIRS","confidence":"n","version":"2.0NRT","bright_ti5":"311.82","frp":"4.7","daynight":"D","commune":"Soultz-Haut-Rhin","code_insee":"68315","departement":"Haut-Rhin","region":"Grand Est"}},{"type":"Feature","geometry":{"type":"Point","coordinates":[-1.74306,48.16794]},"properties":{"latitude":"48.16794","longitude":"-1.74306","bright_ti4":"341.35","scan":"0.45","track":"0.47","acq_date":"2026-07-29","acq_time":"1219","satellite":"N20","instrument":"VIIRS","confidence":"n","version":"2.0NRT","bright_ti5":"302.64","frp":"3.46","daynight":"D","commune":"La Chapelle-des-Fougeretz","code_insee":"35059","departement":"Ille-et-Vilaine","region":"Bretagne"}},{"type":"Feature","geometry":{"type":"Point","coordinates":[3.12733,48.22889]},"properties":{"latitude":"48.22889","longitude":"3.12733","bright_ti4":"336.79","scan":"0.45","track":"0.39","acq_date":"2026-07-29","acq_time":"1219","satellite":"N20","instrument":"VIIRS","confidence":"l","version":"2.0NRT","bright_ti5":"311.53","frp":"4.41","daynight":"D","commune":"Brannay","code_insee":"89054","departement":"Yonne","region":"Bourgogne-Franche-Comté"}},{"type":"Feature","geometry":{"type":"Point","coordinates":[1.83754,48.46823]},"properties":{"latitude":"48.46823","longitude":"1.83754","bright_ti4":"335.37","scan":"0.49","track":"0.4","acq_date":"2026-07-29","acq_time":"1219","satellite":"N20","instrument":"VIIRS","confidence":"l","version":"2.0NRT","bright_ti5":"310.14","frp":"2","daynight":"D","commune":"Orsonville","code_insee":"78472","departement":"Yvelines","region":"Île-de-France"}},{"type":"Feature","geometry":{"type":"Point","coordinates":[5.85711,48.67576]},"properties":{"latitude":"48.67576","longitude":"5.85711","bright_ti4":"352.01","scan":"0.39","track":"0.36","acq_date":"2026-07-29","acq_time":"1219","satellite":"N20","instrument":"VIIRS","confidence":"n","version":"2.0NRT","bright_ti5":"312.53","frp":"5.41","daynight":"D","commune":"Écrouves","code_insee":"54174","departement":"Meurthe-et-Moselle","region":"Grand Est"}},{"type":"Feature","geometry":{"type":"Point","coordinates":[5.8623,48.67664]},"properties":{"latitude":"48.67664","longitude":"5.8623","bright_ti4":"350.2","scan":"0.39","track":"0.36","acq_date":"2026-07-29","acq_time":"1219","satellite":"N20","instrument":"VIIRS","confidence":"n","version":"2.0NRT","bright_ti5":"311.18","frp":"5.76","daynight":"D","commune":"Écrouves","code_insee":"54174","departement":"Meurthe-et-Moselle","region":"Grand Est"}},{"type":"Feature","geometry":{"type":"Point","coordinates":[5.96434,48.74223]},"properties":{"latitude":"48.74223","longitude":"5.96434","bright_ti4":"345.04","scan":"0.39","track":"0.36","acq_date":"2026-07-29","acq_time":"1219","satellite":"N20","instrument":"VIIRS","confidence":"n","version":"2.0NRT","bright_ti5":"312.6","frp":"3.32","daynight":"D","commune":"Villey-Saint-Étienne","code_insee":"54584","departement":"Meurthe-et-Moselle","region":"Grand Est"}},{"type":"Feature","geometry":{"type":"Point","coordinates":[5.96954,48.74309]},"properties":{"latitude":"48.74309","longitude":"5.96954","bright_ti4":"337.49","scan":"0.39","track":"0.36","acq_date":"2026-07-29","acq_time":"1219","satellite":"N20","instrument":"VIIRS","confidence":"l","version":"2.0NRT","bright_ti5":"310.73","frp":"2.45","daynight":"D","commune":"Villey-Saint-Étienne","code_insee":"54584","departement":"Meurthe-et-Moselle","region":"Grand Est"}},{"type":"Feature","geometry":{"type":"Point","coordinates":[2.42037,49.23145]},"properties":{"latitude":"49.23145","longitude":"2.42037","bright_ti4":"347.19","scan":"0.45","track":"0.39","acq_date":"2026-07-29","acq_time":"1219","satellite":"N20","instrument":"VIIRS","confidence":"n","version":"2.0NRT","bright_ti5":"315.19","frp":"6.22","daynight":"D","commune":"Saint-Leu-d'Esserent","code_insee":"60584","departement":"Oise","region":"Hauts-de-France"}},{"type":"Feature","geometry":{"type":"Point","coordinates":[2.4188,49.2349]},"properties":{"latitude":"49.2349","longitude":"2.4188","bright_ti4":"345.8","scan":"0.45","track":"0.39","acq_date":"2026-07-29","acq_time":"1219","satellite":"N20","instrument":"VIIRS","confidence":"n","version":"2.0NRT","bright_ti5":"312.9","frp":"6.22","daynight":"D","commune":"Saint-Leu-d'Esserent","code_insee":"60584","departement":"Oise","region":"Hauts-de-France"}},{"type":"Feature","geometry":{"type":"Point","coordinates":[5.65443,49.2759]},"properties":{"latitude":"49.2759","longitude":"5.65443","bright_ti4":"348.2","scan":"0.39","track":"0.36","acq_date":"2026-07-29","acq_time":"1219","satellite":"N20","instrument":"VIIRS","confidence":"n","version":"2.0NRT","bright_ti5":"313.28","frp":"3.89","daynight":"D","commune":"Senon","code_insee":"55481","departement":"Meuse","region":"Grand Est"}},{"type":"Feature","geometry":{"type":"Point","coordinates":[6.56816,49.29098]},"properties":{"latitude":"49.29098","longitude":"6.56816","bright_ti4":"351.03","scan":"0.38","track":"0.36","acq_date":"2026-07-29","acq_time":"1219","satellite":"N20","instrument":"VIIRS","confidence":"n","version":"2.0NRT","bright_ti5":"312.81","frp":"5.15","daynight":"D","commune":"Bouzonville","code_insee":"57106","departement":"Moselle","region":"Grand Est"}},{"type":"Feature","geometry":{"type":"Point","coordinates":[6.56507,49.29393]},"properties":{"latitude":"49.29393","longitude":"6.56507","bright_ti4":"341.41","scan":"0.38","track":"0.36","acq_date":"2026-07-29","acq_time":"1219","satellite":"N20","instrument":"VIIRS","confidence":"n","version":"2.0NRT","bright_ti5":"312.86","frp":"4.44","daynight":"D","commune":"Bouzonville","code_insee":"57106","departement":"Moselle","region":"Grand Est"}},{"type":"Feature","geometry":{"type":"Point","coordinates":[6.57027,49.29476]},"properties":{"latitude":"49.29476","longitude":"6.57027","bright_ti4":"335.5","scan":"0.38","track":"0.36","acq_date":"2026-07-29","acq_time":"1219","satellite":"N20","instrument":"VIIRS","confidence":"l","version":"2.0NRT","bright_ti5":"308.57","frp":"3.33","daynight":"D","commune":"Bouzonville","code_insee":"57106","departement":"Moselle","region":"Grand Est"}},{"type":"Feature","geometry":{"type":"Point","coordinates":[2.1443,49.31074]},"properties":{"latitude":"49.31074","longitude":"2.1443","bright_ti4":"337.18","scan":"0.46","track":"0.39","acq_date":"2026-07-29","acq_time":"1219","satellite":"N20","instrument":"VIIRS","confidence":"n","version":"2.0NRT","bright_ti5":"311.25","frp":"5.51","daynight":"D","commune":"Silly-Tillard","code_insee":"60620","departement":"Oise","region":"Hauts-de-France"}},{"type":"Feature","geometry":{"type":"Point","coordinates":[2.15032,49.31195]},"properties":{"latitude":"49.31195","longitude":"2.15032","bright_ti4":"347.5","scan":"0.46","track":"0.39","acq_date":"2026-07-29","acq_time":"1219","satellite":"N20","instrument":"VIIRS","confidence":"n","version":"2.0NRT","bright_ti5":"309.83","frp":"8.53","daynight":"D","commune":"Silly-Tillard","code_insee":"60620","departement":"Oise","region":"Hauts-de-France"}},{"type":"Feature","geometry":{"type":"Point","coordinates":[5.02344,49.67353]},"properties":{"latitude":"49.67353","longitude":"5.02344","bright_ti4":"345.61","scan":"0.39","track":"0.37","acq_date":"2026-07-29","acq_time":"1219","satellite":"N20","instrument":"VIIRS","confidence":"n","version":"2.0NRT","bright_ti5":"312.65","frp":"2.09","daynight":"D","commune":"Douzy","code_insee":"08145","departement":"Ardennes","region":"Grand Est"}},{"type":"Feature","geometry":{"type":"Point","coordinates":[5.0015,49.70699]},"properties":{"latitude":"49.70699","longitude":"5.0015","bright_ti4":"338.24","scan":"0.39","track":"0.37","acq_date":"2026-07-29","acq_time":"1219","satellite":"N20","instrument":"VIIRS","confidence":"l","version":"2.0NRT","bright_ti5":"311.37","frp":"3.66","daynight":"D","commune":"Daigny","code_insee":"08136","departement":"Ardennes","region":"Grand Est"}},{"type":"Feature","geometry":{"type":"Point","coordinates":[5.00687,49.70791]},"properties":{"latitude":"49.70791","longitude":"5.00687","bright_ti4":"343.48","scan":"0.39","track":"0.37","acq_date":"2026-07-29","acq_time":"1219","satellite":"N20","instrument":"VIIRS","confidence":"n","version":"2.0NRT","bright_ti5":"310.61","frp":"3.87","daynight":"D","commune":"Daigny","code_insee":"08136","departement":"Ardennes","region":"Grand Est"}},{"type":"Feature","geometry":{"type":"Point","coordinates":[2.29807,51.04465]},"properties":{"latitude":"51.04465","longitude":"2.29807","bright_ti4":"342.91","scan":"0.43","track":"0.38","acq_date":"2026-07-29","acq_time":"1221","satellite":"N20","instrument":"VIIRS","confidence":"n","version":"2.0NRT","bright_ti5":"310.7","frp":"8.13","daynight":"D","commune":"Grande-Synthe","code_insee":"59271","departement":"Nord","region":"Hauts-de-France"}},{"type":"Feature","geometry":{"type":"Point","coordinates":[0.09654,42.86678]},"properties":{"latitude":"42.86678","longitude":"0.09654","bright_ti4":"335.91","scan":"0.57","track":"0.69","acq_date":"2026-07-29","acq_time":"1359","satellite":"N20","instrument":"VIIRS","confidence":"n","version":"2.0NRT","bright_ti5":"297.58","frp":"5.02","daynight":"D","commune":"Barèges","code_insee":"65481","departement":"Hautes-Pyrénées","region":"Occitanie"}},{"type":"Feature","geometry":{"type":"Point","coordinates":[0.10096,42.86686]},"properties":{"latitude":"42.86686","longitude":"0.10096","bright_ti4":"340.26","scan":"0.57","track":"0.69","acq_date":"2026-07-29","acq_time":"1359","satellite":"N20","instrument":"VIIRS","confidence":"n","version":"2.0NRT","bright_ti5":"299.14","frp":"5.02","daynight":"D","commune":"Barèges","code_insee":"65481","departement":"Hautes-Pyrénées","region":"Occitanie"}},{"type":"Feature","geometry":{"type":"Point","coordinates":[0.10685,42.86698]},"properties":{"latitude":"42.86698","longitude":"0.10685","bright_ti4":"330.07","scan":"0.57","track":"0.69","acq_date":"2026-07-29","acq_time":"1359","satellite":"N20","instrument":"VIIRS","confidence":"n","version":"2.0NRT","bright_ti5":"296.3","frp":"5.86","daynight":"D","commune":"Barèges","code_insee":"65481","departement":"Hautes-Pyrénées","region":"Occitanie"}},{"type":"Feature","geometry":{"type":"Point","coordinates":[0.0958,42.86822]},"properties":{"latitude":"42.86822","longitude":"0.0958","bright_ti4":"338.03","scan":"0.57","track":"0.69","acq_date":"2026-07-29","acq_time":"1359","satellite":"N20","instrument":"VIIRS","confidence":"n","version":"2.0NRT","bright_ti5":"299.18","frp":"9.48","daynight":"D","commune":"Barèges","code_insee":"65481","departement":"Hautes-Pyrénées","region":"Occitanie"}},{"type":"Feature","geometry":{"type":"Point","coordinates":[0.10008,42.86828]},"properties":{"latitude":"42.86828","longitude":"0.10008","bright_ti4":"337.97","scan":"0.57","track":"0.69","acq_date":"2026-07-29","acq_time":"1359","satellite":"N20","instrument":"VIIRS","confidence":"n","version":"2.0NRT","bright_ti5":"299.59","frp":"6.68","daynight":"D","commune":"Barèges","code_insee":"65481","departement":"Hautes-Pyrénées","region":"Occitanie"}},{"type":"Feature","geometry":{"type":"Point","coordinates":[0.10572,42.86837]},"properties":{"latitude":"42.86837","longitude":"0.10572","bright_ti4":"333.67","scan":"0.57","track":"0.69","acq_date":"2026-07-29","acq_time":"1359","satellite":"N20","instrument":"VIIRS","confidence":"n","version":"2.0NRT","bright_ti5":"296.35","frp":"6.68","daynight":"D","commune":"Barèges","code_insee":"65481","departement":"Hautes-Pyrénées","region":"Occitanie"}},{"type":"Feature","geometry":{"type":"Point","coordinates":[-0.85086,44.71843]},"properties":{"latitude":"44.71843","longitude":"-0.85086","bright_ti4":"332.82","scan":"0.51","track":"0.66","acq_date":"2026-07-29","acq_time":"1359","satellite":"N20","instrument":"VIIRS","confidence":"n","version":"2.0NRT","bright_ti5":"303.28","frp":"2.77","daynight":"D","commune":"Marcheprime","code_insee":"33555","departement":"Gironde","region":"Nouvelle-Aquitaine"}},{"type":"Feature","geometry":{"type":"Point","coordinates":[-0.95232,44.75246]},"properties":{"latitude":"44.75246","longitude":"-0.95232","bright_ti4":"367","scan":"0.51","track":"0.66","acq_date":"2026-07-29","acq_time":"1359","satellite":"N20","instrument":"VIIRS","confidence":"h","version":"2.0NRT","bright_ti5":"301.35","frp":"16.36","daynight":"D","commune":"Lanton","code_insee":"33229","departement":"Gironde","region":"Nouvelle-Aquitaine"}},{"type":"Feature","geometry":{"type":"Point","coordinates":[-0.94582,44.75259]},"properties":{"latitude":"44.75259","longitude":"-0.94582","bright_ti4":"346.64","scan":"0.51","track":"0.66","acq_date":"2026-07-29","acq_time":"1359","satellite":"N20","instrument":"VIIRS","confidence":"n","version":"2.0NRT","bright_ti5":"298.74","frp":"11.64","daynight":"D","commune":"Lanton","code_insee":"33229","departement":"Gironde","region":"Nouvelle-Aquitaine"}},{"type":"Feature","geometry":{"type":"Point","coordinates":[-1.21086,44.76544]},"properties":{"latitude":"44.76544","longitude":"-1.21086","bright_ti4":"353.06","scan":"0.49","track":"0.65","acq_date":"2026-07-29","acq_time":"1359","satellite":"N20","instrument":"VIIRS","confidence":"n","version":"2.0NRT","bright_ti5":"297.11","frp":"10.09","daynight":"D","commune":"Lège-Cap-Ferret","code_insee":"33236","departement":"Gironde","region":"Nouvelle-Aquitaine"}},{"type":"Feature","geometry":{"type":"Point","coordinates":[-1.21107,44.77151]},"properties":{"latitude":"44.77151","longitude":"-1.21107","bright_ti4":"367","scan":"0.49","track":"0.65","acq_date":"2026-07-29","acq_time":"1359","satellite":"N20","instrument":"VIIRS","confidence":"h","version":"2.0NRT","bright_ti5":"298.67","frp":"19.34","daynight":"D","commune":"Lège-Cap-Ferret","code_insee":"33236","departement":"Gironde","region":"Nouvelle-Aquitaine"}},{"type":"Feature","geometry":{"type":"Point","coordinates":[-1.16586,44.84628]},"properties":{"latitude":"44.84628","longitude":"-1.16586","bright_ti4":"367","scan":"0.5","track":"0.66","acq_date":"2026-07-29","acq_time":"1359","satellite":"N20","instrument":"VIIRS","confidence":"h","version":"2.0NRT","bright_ti5":"300.24","frp":"9.87","daynight":"D","commune":"Le Porge","code_insee":"33333","departement":"Gironde","region":"Nouvelle-Aquitaine"}},{"type":"Feature","geometry":{"type":"Point","coordinates":[-0.87239,44.85809]},"properties":{"latitude":"44.85809","longitude":"-0.87239","bright_ti4":"333.92","scan":"0.51","track":"0.66","acq_date":"2026-07-29","acq_time":"1359","satellite":"N20","instrument":"VIIRS","confidence":"l","version":"2.0NRT","bright_ti5":"306.07","frp":"9.66","daynight":"D","commune":"Saint-Médard-en-Jalles","code_insee":"33449","departement":"Gironde","region":"Nouvelle-Aquitaine"}},{"type":"Feature","geometry":{"type":"Point","coordinates":[1.0558,45.52599]},"properties":{"latitude":"45.52599","longitude":"1.0558","bright_ti4":"334.21","scan":"0.64","track":"0.72","acq_date":"2026-07-29","acq_time":"1359","satellite":"N20","instrument":"VIIRS","confidence":"n","version":"2.0NRT","bright_ti5":"302.14","frp":"5.92","daynight":"D","commune":"Jumilhac-le-Grand","code_insee":"24218","departement":"Dordogne","region":"Nouvelle-Aquitaine"}},{"type":"Feature","geometry":{"type":"Point","coordinates":[1.05553,45.53066]},"properties":{"latitude":"45.53066","longitude":"1.05553","bright_ti4":"341.14","scan":"0.64","track":"0.72","acq_date":"2026-07-29","acq_time":"1359","satellite":"N20","instrument":"VIIRS","confidence":"n","version":"2.0NRT","bright_ti5":"302.03","frp":"9.2","daynight":"D","commune":"Jumilhac-le-Grand","code_insee":"24218","departement":"Dordogne","region":"Nouvelle-Aquitaine"}},{"type":"Feature","geometry":{"type":"Point","coordinates":[1.0642,45.53067]},"properties":{"latitude":"45.53067","longitude":"1.0642","bright_ti4":"335.03","scan":"0.64","track":"0.72","acq_date":"2026-07-29","acq_time":"1359","satellite":"N20","instrument":"VIIRS","confidence":"n","version":"2.0NRT","bright_ti5":"301.78","frp":"8.07","daynight":"D","commune":"Jumilhac-le-Grand","code_insee":"24218","departement":"Dordogne","region":"Nouvelle-Aquitaine"}},{"type":"Feature","geometry":{"type":"Point","coordinates":[1.05528,45.53273]},"properties":{"latitude":"45.53273","longitude":"1.05528","bright_ti4":"334.61","scan":"0.64","track":"0.72","acq_date":"2026-07-29","acq_time":"1359","satellite":"N20","instrument":"VIIRS","confidence":"n","version":"2.0NRT","bright_ti5":"302.11","frp":"7.42","daynight":"D","commune":"Jumilhac-le-Grand","code_insee":"24218","departement":"Dordogne","region":"Nouvelle-Aquitaine"}},{"type":"Feature","geometry":{"type":"Point","coordinates":[0.1531,46.8078]},"properties":{"latitude":"46.8078","longitude":"0.1531","bright_ti4":"330.38","scan":"0.59","track":"0.7","acq_date":"2026-07-29","acq_time":"1359","satellite":"N20","instrument":"VIIRS","confidence":"l","version":"2.0NRT","bright_ti5":"303.23","frp":"1.82","daynight":"D","commune":"Chouppes","code_insee":"86075","departement":"Vienne","region":"Nouvelle-Aquitaine"}},{"type":"Feature","geometry":{"type":"Point","coordinates":[0.15424,46.80858]},"properties":{"latitude":"46.80858","longitude":"0.15424","bright_ti4":"330.89","scan":"0.59","track":"0.7","acq_date":"2026-07-29","acq_time":"1359","satellite":"N20","instrument":"VIIRS","confidence":"l","version":"2.0NRT","bright_ti5":"303.37","frp":"2.23","daynight":"D","commune":"Chouppes","code_insee":"86075","departement":"Vienne","region":"Nouvelle-Aquitaine"}},{"type":"Feature","geometry":{"type":"Point","coordinates":[-0.38692,46.9923]},"properties":{"latitude":"46.9923","longitude":"-0.38692","bright_ti4":"342.99","scan":"0.56","track":"0.68","acq_date":"2026-07-29","acq_time":"1359","satellite":"N20","instrument":"VIIRS","confidence":"n","version":"2.0NRT","bright_ti5":"306.02","frp":"5.63","daynight":"D","commune":"Argentonnay","code_insee":"79013","departement":"Deux-Sèvres","region":"Nouvelle-Aquitaine"}},{"type":"Feature","geometry":{"type":"Point","coordinates":[-0.38818,46.99397]},"properties":{"latitude":"46.99397","longitude":"-0.38818","bright_ti4":"355.54","scan":"0.56","track":"0.68","acq_date":"2026-07-29","acq_time":"1359","satellite":"N20","instrument":"VIIRS","confidence":"n","version":"2.0NRT","bright_ti5":"308.76","frp":"11.26","daynight":"D","commune":"Val en Vignes","code_insee":"79063","departement":"Deux-Sèvres","region":"Nouvelle-Aquitaine"}},{"type":"Feature","geometry":{"type":"Point","coordinates":[-0.38685,46.99866]},"properties":{"latitude":"46.99866","longitude":"-0.38685","bright_ti4":"345.78","scan":"0.56","track":"0.68","acq_date":"2026-07-29","acq_time":"1359","satellite":"N20","instrument":"VIIRS","confidence":"n","version":"2.0NRT","bright_ti5":"308.16","frp":"5.63","daynight":"D","commune":"Val en Vignes","code_insee":"79063","departement":"Deux-Sèvres","region":"Nouvelle-Aquitaine"}},{"type":"Feature","geometry":{"type":"Point","coordinates":[-2.46043,47.67258]},"properties":{"latitude":"47.67258","longitude":"-2.46043","bright_ti4":"367","scan":"0.45","track":"0.63","acq_date":"2026-07-29","acq_time":"1401","satellite":"N20","instrument":"VIIRS","confidence":"h","version":"2.0NRT","bright_ti5":"301.6","frp":"12.69","daynight":"D","commune":"Questembert","code_insee":"56184","departement":"Morbihan","region":"Bretagne"}},{"type":"Feature","geometry":{"type":"Point","coordinates":[-2.45976,47.67317]},"properties":{"latitude":"47.67317","longitude":"-2.45976","bright_ti4":"367","scan":"0.45","track":"0.63","acq_date":"2026-07-29","acq_time":"1401","satellite":"N20","instrument":"VIIRS","confidence":"h","version":"2.0NRT","bright_ti5":"300.6","frp":"10","daynight":"D","commune":"Questembert","code_insee":"56184","departement":"Morbihan","region":"Bretagne"}},{"type":"Feature","geometry":{"type":"Point","coordinates":[2.0354,47.81282]},"properties":{"latitude":"47.81282","longitude":"2.0354","bright_ti4":"332.14","scan":"0.72","track":"0.76","acq_date":"2026-07-29","acq_time":"1401","satellite":"N20","instrument":"VIIRS","confidence":"n","version":"2.0NRT","bright_ti5":"300.37","frp":"6.64","daynight":"D","commune":"Sandillon","code_insee":"45300","departement":"Loiret","region":"Centre-Val de Loire"}},{"type":"Feature","geometry":{"type":"Point","coordinates":[2.00424,49.61535]},"properties":{"latitude":"49.61535","longitude":"2.00424","bright_ti4":"367","scan":"0.73","track":"0.76","acq_date":"2026-07-29","acq_time":"1401","satellite":"N20","instrument":"VIIRS","confidence":"h","version":"2.0NRT","bright_ti5":"302.96","frp":"13.87","daynight":"D","commune":"Prévillers","code_insee":"60514","departement":"Oise","region":"Hauts-de-France"}},{"type":"Feature","geometry":{"type":"Point","coordinates":[2.29869,51.03956]},"properties":{"latitude":"51.03956","longitude":"2.29869","bright_ti4":"330.48","scan":"0.75","track":"0.77","acq_date":"2026-07-29","acq_time":"1401","satellite":"N20","instrument":"VIIRS","confidence":"n","version":"2.0NRT","bright_ti5":"298.82","frp":"2.86","daynight":"D","commune":"Grande-Synthe","code_insee":"59271","departement":"Nord","region":"Hauts-de-France"}},{"type":"Feature","geometry":{"type":"Point","coordinates":[9.09925,42.29094]},"properties":{"latitude":"42.29094","longitude":"9.09925","bright_ti4":"342.96","scan":"0.41","track":"0.61","acq_date":"2026-07-29","acq_time":"1123","satellite":"N21","instrument":"VIIRS","confidence":"n","version":"2.0NRT","bright_ti5":"299.31","frp":"4.16","daynight":"D","commune":"Corte","code_insee":"2B096","departement":"Haute-Corse","region":"Corse"}},{"type":"Feature","geometry":{"type":"Point","coordinates":[4.89021,43.43727]},"properties":{"latitude":"43.43727","longitude":"4.89021","bright_ti4":"330.97","scan":"0.6","track":"0.71","acq_date":"2026-07-29","acq_time":"1123","satellite":"N21","instrument":"VIIRS","confidence":"l","version":"2.0NRT","bright_ti5":"305.18","frp":"14.15","daynight":"D","commune":"Fos-sur-Mer","code_insee":"13039","departement":"Bouches-du-Rhône","region":"Provence-Alpes-Côte d'Azur"}},{"type":"Feature","geometry":{"type":"Point","coordinates":[4.90016,43.44763]},"properties":{"latitude":"43.44763","longitude":"4.90016","bright_ti4":"331.89","scan":"0.6","track":"0.7","acq_date":"2026-07-29","acq_time":"1123","satellite":"N21","instrument":"VIIRS","confidence":"l","version":"2.0NRT","bright_ti5":"304.46","frp":"6.55","daynight":"D","commune":"Fos-sur-Mer","code_insee":"13039","departement":"Bouches-du-Rhône","region":"Provence-Alpes-Côte d'Azur"}},{"type":"Feature","geometry":{"type":"Point","coordinates":[4.89553,43.44876]},"properties":{"latitude":"43.44876","longitude":"4.89553","bright_ti4":"332.19","scan":"0.6","track":"0.7","acq_date":"2026-07-29","acq_time":"1123","satellite":"N21","instrument":"VIIRS","confidence":"l","version":"2.0NRT","bright_ti5":"302.89","frp":"11.1","daynight":"D","commune":"Fos-sur-Mer","code_insee":"13039","departement":"Bouches-du-Rhône","region":"Provence-Alpes-Côte d'Azur"}},{"type":"Feature","geometry":{"type":"Point","coordinates":[-0.39362,46.99677]},"properties":{"latitude":"46.99677","longitude":"-0.39362","bright_ti4":"350.3","scan":"0.77","track":"0.77","acq_date":"2026-07-29","acq_time":"1125","satellite":"N21","instrument":"VIIRS","confidence":"n","version":"2.0NRT","bright_ti5":"300.7","frp":"33.4","daynight":"D","commune":"Argentonnay","code_insee":"79013","departement":"Deux-Sèvres","region":"Nouvelle-Aquitaine"}},{"type":"Feature","geometry":{"type":"Point","coordinates":[-0.38497,47.00002]},"properties":{"latitude":"47.00002","longitude":"-0.38497","bright_ti4":"367","scan":"0.77","track":"0.77","acq_date":"2026-07-29","acq_time":"1125","satellite":"N21","instrument":"VIIRS","confidence":"h","version":"2.0NRT","bright_ti5":"302.17","frp":"33.4","daynight":"D","commune":"Val en Vignes","code_insee":"79063","departement":"Deux-Sèvres","region":"Nouvelle-Aquitaine"}},{"type":"Feature","geometry":{"type":"Point","coordinates":[6.14255,49.35272]},"properties":{"latitude":"49.35272","longitude":"6.14255","bright_ti4":"340.61","scan":"0.34","track":"0.56","acq_date":"2026-07-29","acq_time":"1125","satellite":"N21","instrument":"VIIRS","confidence":"n","version":"2.0NRT","bright_ti5":"309.26","frp":"3.36","daynight":"D","commune":"Terville","code_insee":"57666","departement":"Moselle","region":"Grand Est"}},{"type":"Feature","geometry":{"type":"Point","coordinates":[2.29611,51.04548]},"properties":{"latitude":"51.04548","longitude":"2.29611","bright_ti4":"347.66","scan":"0.43","track":"0.62","acq_date":"2026-07-29","acq_time":"1125","satellite":"N21","instrument":"VIIRS","confidence":"n","version":"2.0NRT","bright_ti5":"300.61","frp":"6.05","daynight":"D","commune":"Grande-Synthe","code_insee":"59271","departement":"Nord","region":"Hauts-de-France"}},{"type":"Feature","geometry":{"type":"Point","coordinates":[0.09302,42.86926]},"properties":{"latitude":"42.86926","longitude":"0.09302","bright_ti4":"344.62","scan":"0.42","track":"0.38","acq_date":"2026-07-29","acq_time":"1304","satellite":"N21","instrument":"VIIRS","confidence":"n","version":"2.0NRT","bright_ti5":"313.6","frp":"9.69","daynight":"D","commune":"Barèges","code_insee":"65481","departement":"Hautes-Pyrénées","region":"Occitanie"}},{"type":"Feature","geometry":{"type":"Point","coordinates":[0.09761,42.86985]},"properties":{"latitude":"42.86985","longitude":"0.09761","bright_ti4":"345.66","scan":"0.42","track":"0.38","acq_date":"2026-07-29","acq_time":"1304","satellite":"N21","instrument":"VIIRS","confidence":"n","version":"2.0NRT","bright_ti5":"310.94","frp":"19.66","daynight":"D","commune":"Barèges","code_insee":"65481","departement":"Hautes-Pyrénées","region":"Occitanie"}},{"type":"Feature","geometry":{"type":"Point","coordinates":[-0.28598,43.23733]},"properties":{"latitude":"43.23733","longitude":"-0.28598","bright_ti4":"341.37","scan":"0.42","track":"0.37","acq_date":"2026-07-29","acq_time":"1304","satellite":"N21","instrument":"VIIRS","confidence":"l","version":"2.0NRT","bright_ti5":"313.97","frp":"6.59","daynight":"D","commune":"Bordes","code_insee":"64138","departement":"Pyrénées-Atlantiques","region":"Nouvelle-Aquitaine"}},{"type":"Feature","geometry":{"type":"Point","coordinates":[6.51277,43.38035]},"properties":{"latitude":"43.38035","longitude":"6.51277","bright_ti4":"331.05","scan":"0.53","track":"0.5","acq_date":"2026-07-29","acq_time":"1304","satellite":"N21","instrument":"VIIRS","confidence":"n","version":"2.0NRT","bright_ti5":"304.01","frp":"3.45","daynight":"D","commune":"Vidauban","code_insee":"83148","departement":"Var","region":"Provence-Alpes-Côte d'Azur"}},{"type":"Feature","geometry":{"type":"Point","coordinates":[4.89083,43.43495]},"properties":{"latitude":"43.43495","longitude":"4.89083","bright_ti4":"344.88","scan":"0.44","track":"0.46","acq_date":"2026-07-29","acq_time":"1304","satellite":"N21","instrument":"VIIRS","confidence":"l","version":"2.0NRT","bright_ti5":"315.86","frp":"11.79","daynight":"D","commune":"Fos-sur-Mer","code_insee":"13039","departement":"Bouches-du-Rhône","region":"Provence-Alpes-Côte d'Azur"}},{"type":"Feature","geometry":{"type":"Point","coordinates":[4.90045,43.44436]},"properties":{"latitude":"43.44436","longitude":"4.90045","bright_ti4":"339.3","scan":"0.44","track":"0.46","acq_date":"2026-07-29","acq_time":"1304","satellite":"N21","instrument":"VIIRS","confidence":"l","version":"2.0NRT","bright_ti5":"314.28","frp":"4.06","daynight":"D","commune":"Fos-sur-Mer","code_insee":"13039","departement":"Bouches-du-Rhône","region":"Provence-Alpes-Côte d'Azur"}},{"type":"Feature","geometry":{"type":"Point","coordinates":[-1.10173,44.38271]},"properties":{"latitude":"44.38271","longitude":"-1.10173","bright_ti4":"341.25","scan":"0.41","track":"0.37","acq_date":"2026-07-29","acq_time":"1304","satellite":"N21","instrument":"VIIRS","confidence":"l","version":"2.0NRT","bright_ti5":"313.87","frp":"4.1","daynight":"D","commune":"Parentis-en-Born","code_insee":"40217","departement":"Landes","region":"Nouvelle-Aquitaine"}},{"type":"Feature","geometry":{"type":"Point","coordinates":[-0.84984,44.72012]},"properties":{"latitude":"44.72012","longitude":"-0.84984","bright_ti4":"346.3","scan":"0.41","track":"0.37","acq_date":"2026-07-29","acq_time":"1304","satellite":"N21","instrument":"VIIRS","confidence":"n","version":"2.0NRT","bright_ti5":"314.74","frp":"5.69","daynight":"D","commune":"Marcheprime","code_insee":"33555","departement":"Gironde","region":"Nouvelle-Aquitaine"}},{"type":"Feature","geometry":{"type":"Point","coordinates":[-0.8507,44.72351]},"properties":{"latitude":"44.72351","longitude":"-0.8507","bright_ti4":"343.85","scan":"0.41","track":"0.37","acq_date":"2026-07-29","acq_time":"1304","satellite":"N21","instrument":"VIIRS","confidence":"n","version":"2.0NRT","bright_ti5":"317.03","frp":"9.37","daynight":"D","commune":"Marcheprime","code_insee":"33555","departement":"Gironde","region":"Nouvelle-Aquitaine"}},{"type":"Feature","geometry":{"type":"Point","coordinates":[-0.88003,44.73371]},"properties":{"latitude":"44.73371","longitude":"-0.88003","bright_ti4":"344.52","scan":"0.41","track":"0.37","acq_date":"2026-07-29","acq_time":"1304","satellite":"N21","instrument":"VIIRS","confidence":"n","version":"2.0NRT","bright_ti5":"312.6","frp":"8.29","daynight":"D","commune":"Audenge","code_insee":"33019","departement":"Gironde","region":"Nouvelle-Aquitaine"}},{"type":"Feature","geometry":{"type":"Point","coordinates":[-1.03014,44.75286]},"properties":{"latitude":"44.75286","longitude":"-1.03014","bright_ti4":"341.33","scan":"0.41","track":"0.37","acq_date":"2026-07-29","acq_time":"1304","satellite":"N21","instrument":"VIIRS","confidence":"n","version":"2.0NRT","bright_ti5":"312.6","frp":"13.17","daynight":"D","commune":"Lanton","code_insee":"33229","departement":"Gironde","region":"Nouvelle-Aquitaine"}},{"type":"Feature","geometry":{"type":"Point","coordinates":[-1.025,44.75352]},"properties":{"latitude":"44.75352","longitude":"-1.025","bright_ti4":"367","scan":"0.41","track":"0.37","acq_date":"2026-07-29","acq_time":"1304","satellite":"N21","instrument":"VIIRS","confidence":"h","version":"2.0NRT","bright_ti5":"322.26","frp":"13.17","daynight":"D","commune":"Lanton","code_insee":"33229","departement":"Gironde","region":"Nouvelle-Aquitaine"}},{"type":"Feature","geometry":{"type":"Point","coordinates":[-0.95638,44.75542]},"properties":{"latitude":"44.75542","longitude":"-0.95638","bright_ti4":"340.8","scan":"0.41","track":"0.37","acq_date":"2026-07-29","acq_time":"1304","satellite":"N21","instrument":"VIIRS","confidence":"n","version":"2.0NRT","bright_ti5":"308.44","frp":"42.62","daynight":"D","commune":"Lanton","code_insee":"33229","departement":"Gironde","region":"Nouvelle-Aquitaine"}},{"type":"Feature","geometry":{"type":"Point","coordinates":[-0.95123,44.75608]},"properties":{"latitude":"44.75608","longitude":"-0.95123","bright_ti4":"345.99","scan":"0.41","track":"0.37","acq_date":"2026-07-29","acq_time":"1304","satellite":"N21","instrument":"VIIRS","confidence":"n","version":"2.0NRT","bright_ti5":"318.7","frp":"42.62","daynight":"D","commune":"Lanton","code_insee":"33229","departement":"Gironde","region":"Nouvelle-Aquitaine"}},{"type":"Feature","geometry":{"type":"Point","coordinates":[-1.03101,44.75623]},"properties":{"latitude":"44.75623","longitude":"-1.03101","bright_ti4":"345.54","scan":"0.41","track":"0.37","acq_date":"2026-07-29","acq_time":"1304","satellite":"N21","instrument":"VIIRS","confidence":"n","version":"2.0NRT","bright_ti5":"310.08","frp":"13.17","daynight":"D","commune":"Lanton","code_insee":"33229","departement":"Gironde","region":"Nouvelle-Aquitaine"}},{"type":"Feature","geometry":{"type":"Point","coordinates":[-0.94608,44.75675]},"properties":{"latitude":"44.75675","longitude":"-0.94608","bright_ti4":"334.66","scan":"0.41","track":"0.37","acq_date":"2026-07-29","acq_time":"1304","satellite":"N21","instrument":"VIIRS","confidence":"l","version":"2.0NRT","bright_ti5":"307.11","frp":"12.79","daynight":"D","commune":"Lanton","code_insee":"33229","departement":"Gironde","region":"Nouvelle-Aquitaine"}},{"type":"Feature","geometry":{"type":"Point","coordinates":[-1.21954,44.76981]},"properties":{"latitude":"44.76981","longitude":"-1.21954","bright_ti4":"336.15","scan":"0.41","track":"0.37","acq_date":"2026-07-29","acq_time":"1306","satellite":"N21","instrument":"VIIRS","confidence":"n","version":"2.0NRT","bright_ti5":"304.93","frp":"3.9","daynight":"D","commune":"Lège-Cap-Ferret","code_insee":"33236","departement":"Gironde","region":"Nouvelle-Aquitaine"}},{"type":"Feature","geometry":{"type":"Point","coordinates":[-1.23321,44.78191]},"properties":{"latitude":"44.78191","longitude":"-1.23321","bright_ti4":"333.97","scan":"0.41","track":"0.37","acq_date":"2026-07-29","acq_time":"1306","satellite":"N21","instrument":"VIIRS","confidence":"l","version":"2.0NRT","bright_ti5":"307.07","frp":"1.72","daynight":"D","commune":"Lège-Cap-Ferret","code_insee":"33236","departement":"Gironde","region":"Nouvelle-Aquitaine"}},{"type":"Feature","geometry":{"type":"Point","coordinates":[-1.22038,44.82289]},"properties":{"latitude":"44.82289","longitude":"-1.22038","bright_ti4":"334.21","scan":"0.41","track":"0.37","acq_date":"2026-07-29","acq_time":"1306","satellite":"N21","instrument":"VIIRS","confidence":"l","version":"2.0NRT","bright_ti5":"305","frp":"4.51","daynight":"D","commune":"Le Porge","code_insee":"33333","departement":"Gironde","region":"Nouvelle-Aquitaine"}},{"type":"Feature","geometry":{"type":"Point","coordinates":[-0.86679,44.8546]},"properties":{"latitude":"44.8546","longitude":"-0.86679","bright_ti4":"339.68","scan":"0.41","track":"0.37","acq_date":"2026-07-29","acq_time":"1306","satellite":"N21","instrument":"VIIRS","confidence":"l","version":"2.0NRT","bright_ti5":"314.58","frp":"5.81","daynight":"D","commune":"Saint-Médard-en-Jalles","code_insee":"33449","departement":"Gironde","region":"Nouvelle-Aquitaine"}},{"type":"Feature","geometry":{"type":"Point","coordinates":[-0.87286,44.85733]},"properties":{"latitude":"44.85733","longitude":"-0.87286","bright_ti4":"346.16","scan":"0.41","track":"0.37","acq_date":"2026-07-29","acq_time":"1306","satellite":"N21","instrument":"VIIRS","confidence":"l","version":"2.0NRT","bright_ti5":"317.9","frp":"5.81","daynight":"D","commune":"Saint-Médard-en-Jalles","code_insee":"33449","departement":"Gironde","region":"Nouvelle-Aquitaine"}},{"type":"Feature","geometry":{"type":"Point","coordinates":[-0.86766,44.85799]},"properties":{"latitude":"44.85799","longitude":"-0.86766","bright_ti4":"346.78","scan":"0.41","track":"0.37","acq_date":"2026-07-29","acq_time":"1306","satellite":"N21","instrument":"VIIRS","confidence":"n","version":"2.0NRT","bright_ti5":"316.26","frp":"5.81","daynight":"D","commune":"Saint-Médard-en-Jalles","code_insee":"33449","departement":"Gironde","region":"Nouvelle-Aquitaine"}},{"type":"Feature","geometry":{"type":"Point","coordinates":[-0.87373,44.86073]},"properties":{"latitude":"44.86073","longitude":"-0.87373","bright_ti4":"343.74","scan":"0.41","track":"0.37","acq_date":"2026-07-29","acq_time":"1306","satellite":"N21","instrument":"VIIRS","confidence":"l","version":"2.0NRT","bright_ti5":"318.31","frp":"13.99","daynight":"D","commune":"Saint-Médard-en-Jalles","code_insee":"33449","departement":"Gironde","region":"Nouvelle-Aquitaine"}},{"type":"Feature","geometry":{"type":"Point","coordinates":[-0.88849,44.87637]},"properties":{"latitude":"44.87637","longitude":"-0.88849","bright_ti4":"342.31","scan":"0.41","track":"0.37","acq_date":"2026-07-29","acq_time":"1306","satellite":"N21","instrument":"VIIRS","confidence":"n","version":"2.0NRT","bright_ti5":"311.3","frp":"47.5","daynight":"D","commune":"Le Temple","code_insee":"33528","departement":"Gironde","region":"Nouvelle-Aquitaine"}},{"type":"Feature","geometry":{"type":"Point","coordinates":[-0.88937,44.87975]},"properties":{"latitude":"44.87975","longitude":"-0.88937","bright_ti4":"341.87","scan":"0.41","track":"0.37","acq_date":"2026-07-29","acq_time":"1306","satellite":"N21","instrument":"VIIRS","confidence":"n","version":"2.0NRT","bright_ti5":"308.73","frp":"9.93","daynight":"D","commune":"Le Temple","code_insee":"33528","departement":"Gironde","region":"Nouvelle-Aquitaine"}},{"type":"Feature","geometry":{"type":"Point","coordinates":[-0.9171,44.90422]},"properties":{"latitude":"44.90422","longitude":"-0.9171","bright_ti4":"348.4","scan":"0.41","track":"0.37","acq_date":"2026-07-29","acq_time":"1306","satellite":"N21","instrument":"VIIRS","confidence":"l","version":"2.0NRT","bright_ti5":"318.49","frp":"9.68","daynight":"D","commune":"Sainte-Hélène","code_insee":"33417","departement":"Gironde","region":"Nouvelle-Aquitaine"}},{"type":"Feature","geometry":{"type":"Point","coordinates":[-0.38034,45.74186]},"properties":{"latitude":"45.74186","longitude":"-0.38034","bright_ti4":"342.05","scan":"0.43","track":"0.38","acq_date":"2026-07-29","acq_time":"1306","satellite":"N21","instrument":"VIIRS","confidence":"n","version":"2.0NRT","bright_ti5":"314.15","frp":"5.77","daynight":"D","commune":"Val-de-Cognac","code_insee":"16097","departement":"Charente","region":"Nouvelle-Aquitaine"}},{"type":"Feature","geometry":{"type":"Point","coordinates":[-0.38764,46.9976]},"properties":{"latitude":"46.9976","longitude":"-0.38764","bright_ti4":"367","scan":"0.45","track":"0.39","acq_date":"2026-07-29","acq_time":"1306","satellite":"N21","instrument":"VIIRS","confidence":"h","version":"2.0NRT","bright_ti5":"342.12","frp":"84.05","daynight":"D","commune":"Val en Vignes","code_insee":"79063","departement":"Deux-Sèvres","region":"Nouvelle-Aquitaine"}},{"type":"Feature","geometry":{"type":"Point","coordinates":[-0.38854,47.00111]},"properties":{"latitude":"47.00111","longitude":"-0.38854","bright_ti4":"355.29","scan":"0.45","track":"0.39","acq_date":"2026-07-29","acq_time":"1306","satellite":"N21","instrument":"VIIRS","confidence":"n","version":"2.0NRT","bright_ti5":"319.29","frp":"16.91","daynight":"D","commune":"Val en Vignes","code_insee":"79063","departement":"Deux-Sèvres","region":"Nouvelle-Aquitaine"}},{"type":"Feature","geometry":{"type":"Point","coordinates":[2.74907,47.07463]},"properties":{"latitude":"47.07463","longitude":"2.74907","bright_ti4":"341.05","scan":"0.39","track":"0.44","acq_date":"2026-07-29","acq_time":"1306","satellite":"N21","instrument":"VIIRS","confidence":"l","version":"2.0NRT","bright_ti5":"315","frp":"3.67","daynight":"D","commune":"Baugy","code_insee":"18023","departement":"Cher","region":"Centre-Val de Loire"}},{"type":"Feature","geometry":{"type":"Point","coordinates":[7.23178,47.8915]},"properties":{"latitude":"47.8915","longitude":"7.23178","bright_ti4":"335.87","scan":"0.32","track":"0.55","acq_date":"2026-07-29","acq_time":"1306","satellite":"N21","instrument":"VIIRS","confidence":"l","version":"2.0NRT","bright_ti5":"309.19","frp":"2.28","daynight":"D","commune":"Soultz-Haut-Rhin","code_insee":"68315","departement":"Haut-Rhin","region":"Grand Est"}},{"type":"Feature","geometry":{"type":"Point","coordinates":[6.709,48.01665]},"properties":{"latitude":"48.01665","longitude":"6.709","bright_ti4":"341.38","scan":"0.6","track":"0.53","acq_date":"2026-07-29","acq_time":"1306","satellite":"N21","instrument":"VIIRS","confidence":"n","version":"2.0NRT","bright_ti5":"308.37","frp":"7.29","daynight":"D","commune":"Vagney","code_insee":"88486","departement":"Vosges","region":"Grand Est"}},{"type":"Feature","geometry":{"type":"Point","coordinates":[6.50498,48.09735]},"properties":{"latitude":"48.09735","longitude":"6.50498","bright_ti4":"343.98","scan":"0.59","track":"0.53","acq_date":"2026-07-29","acq_time":"1306","satellite":"N21","instrument":"VIIRS","confidence":"n","version":"2.0NRT","bright_ti5":"309.07","frp":"6.95","daynight":"D","commune":"Hadol","code_insee":"88225","departement":"Vosges","region":"Grand Est"}},{"type":"Feature","geometry":{"type":"Point","coordinates":[6.50493,48.0988]},"properties":{"latitude":"48.0988","longitude":"6.50493","bright_ti4":"343.81","scan":"0.59","track":"0.53","acq_date":"2026-07-29","acq_time":"1306","satellite":"N21","instrument":"VIIRS","confidence":"n","version":"2.0NRT","bright_ti5":"308.3","frp":"8.85","daynight":"D","commune":"Hadol","code_insee":"88225","departement":"Vosges","region":"Grand Est"}},{"type":"Feature","geometry":{"type":"Point","coordinates":[-3.36037,48.13994]},"properties":{"latitude":"48.13994","longitude":"-3.36037","bright_ti4":"345.24","scan":"0.39","track":"0.36","acq_date":"2026-07-29","acq_time":"1306","satellite":"N21","instrument":"VIIRS","confidence":"n","version":"2.0NRT","bright_ti5":"304.75","frp":"6.35","daynight":"D","commune":"Plouray","code_insee":"56170","departement":"Morbihan","region":"Bretagne"}},{"type":"Feature","geometry":{"type":"Point","coordinates":[-0.59503,48.66644]},"properties":{"latitude":"48.66644","longitude":"-0.59503","bright_ti4":"334.95","scan":"0.46","track":"0.39","acq_date":"2026-07-29","acq_time":"1306","satellite":"N21","instrument":"VIIRS","confidence":"n","version":"2.0NRT","bright_ti5":"308.34","frp":"3.72","daynight":"D","commune":"Le Châtellier","code_insee":"61102","departement":"Orne","region":"Normandie"}},{"type":"Feature","geometry":{"type":"Point","coordinates":[3.10687,50.20235]},"properties":{"latitude":"50.20235","longitude":"3.10687","bright_ti4":"340.57","scan":"0.44","track":"0.46","acq_date":"2026-07-29","acq_time":"1306","satellite":"N21","instrument":"VIIRS","confidence":"n","version":"2.0NRT","bright_ti5":"308.84","frp":"5.91","daynight":"D","commune":"Marquion","code_insee":"62559","departement":"Pas-de-Calais","region":"Hauts-de-France"}},{"type":"Feature","geometry":{"type":"Point","coordinates":[3.10219,50.2024]},"properties":{"latitude":"50.2024","longitude":"3.10219","bright_ti4":"340.33","scan":"0.44","track":"0.46","acq_date":"2026-07-29","acq_time":"1306","satellite":"N21","instrument":"VIIRS","confidence":"n","version":"2.0NRT","bright_ti5":"306.71","frp":"7.67","daynight":"D","commune":"Marquion","code_insee":"62559","departement":"Pas-de-Calais","region":"Hauts-de-France"}},{"type":"Feature","geometry":{"type":"Point","coordinates":[2.71573,50.26569]},"properties":{"latitude":"50.26569","longitude":"2.71573","bright_ti4":"346.16","scan":"0.42","track":"0.45","acq_date":"2026-07-29","acq_time":"1306","satellite":"N21","instrument":"VIIRS","confidence":"n","version":"2.0NRT","bright_ti5":"310.35","frp":"11.47","daynight":"D","commune":"Dainville","code_insee":"62263","departement":"Pas-de-Calais","region":"Hauts-de-France"}},{"type":"Feature","geometry":{"type":"Point","coordinates":[2.715,50.26986]},"properties":{"latitude":"50.26986","longitude":"2.715","bright_ti4":"332.81","scan":"0.42","track":"0.45","acq_date":"2026-07-29","acq_time":"1306","satellite":"N21","instrument":"VIIRS","confidence":"l","version":"2.0NRT","bright_ti5":"306.95","frp":"11.47","daynight":"D","commune":"Dainville","code_insee":"62263","departement":"Pas-de-Calais","region":"Hauts-de-France"}},{"type":"Feature","geometry":{"type":"Point","coordinates":[2.28963,51.03609]},"properties":{"latitude":"51.03609","longitude":"2.28963","bright_ti4":"342.85","scan":"0.41","track":"0.45","acq_date":"2026-07-29","acq_time":"1306","satellite":"N21","instrument":"VIIRS","confidence":"n","version":"2.0NRT","bright_ti5":"311.09","frp":"7.65","daynight":"D","commune":"Grande-Synthe","code_insee":"59271","departement":"Nord","region":"Hauts-de-France"}},{"type":"Feature","geometry":{"type":"Point","coordinates":[2.29383,51.04479]},"properties":{"latitude":"51.04479","longitude":"2.29383","bright_ti4":"342.36","scan":"0.41","track":"0.45","acq_date":"2026-07-29","acq_time":"1306","satellite":"N21","instrument":"VIIRS","confidence":"n","version":"2.0NRT","bright_ti5":"308.33","frp":"1.92","daynight":"D","commune":"Grande-Synthe","code_insee":"59271","departement":"Nord","region":"Hauts-de-France"}},{"type":"Feature","geometry":{"type":"Point","coordinates":[2.29972,51.04527]},"properties":{"latitude":"51.04527","longitude":"2.29972","bright_ti4":"341.81","scan":"0.41","track":"0.45","acq_date":"2026-07-29","acq_time":"1306","satellite":"N21","instrument":"VIIRS","confidence":"n","version":"2.0NRT","bright_ti5":"309.92","frp":"3.82","daynight":"D","commune":"Grande-Synthe","code_insee":"59271","departement":"Nord","region":"Hauts-de-France"}},{"type":"Feature","geometry":{"type":"Point","coordinates":[2.32331,51.04715]},"properties":{"latitude":"51.04715","longitude":"2.32331","bright_ti4":"346.25","scan":"0.41","track":"0.45","acq_date":"2026-07-29","acq_time":"1306","satellite":"N21","instrument":"VIIRS","confidence":"n","version":"2.0NRT","bright_ti5":"309.26","frp":"5.04","daynight":"D","commune":"Dunkerque","code_insee":"59183","departement":"Nord","region":"Hauts-de-France"}}]}