{"type":"FeatureCollection","features":[{"type":"Feature","geometry":{"type":"Point","coordinates":[4.88248,43.43858]},"properties":{"latitude":"43.43858","longitude":"4.88248","bright_ti4":"306.13","scan":"0.6","track":"0.53","acq_date":"2026-07-22","acq_time":"105","satellite":"N","instrument":"VIIRS","confidence":"n","version":"2.0NRT","bright_ti5":"294.71","frp":"11.36","daynight":"N","commune":"Fos-sur-Mer","code_insee":"13039","departement":"Bouches-du-Rhône","region":"Provence-Alpes-Côte d'Azur","forest":true}},{"type":"Feature","geometry":{"type":"Point","coordinates":[4.89824,43.44258]},"properties":{"latitude":"43.44258","longitude":"4.89824","bright_ti4":"306.73","scan":"0.6","track":"0.53","acq_date":"2026-07-22","acq_time":"105","satellite":"N","instrument":"VIIRS","confidence":"n","version":"2.0NRT","bright_ti5":"294.28","frp":"1.87","daynight":"N","commune":"Fos-sur-Mer","code_insee":"13039","departement":"Bouches-du-Rhône","region":"Provence-Alpes-Côte d'Azur","forest":true}},{"type":"Feature","geometry":{"type":"Point","coordinates":[4.87551,43.44398]},"properties":{"latitude":"43.44398","longitude":"4.87551","bright_ti4":"335.51","scan":"0.6","track":"0.53","acq_date":"2026-07-22","acq_time":"105","satellite":"N","instrument":"VIIRS","confidence":"n","version":"2.0NRT","bright_ti5":"292.98","frp":"11.36","daynight":"N","commune":"Fos-sur-Mer","code_insee":"13039","departement":"Bouches-du-Rhône","region":"Provence-Alpes-Côte d'Azur","forest":true}},{"type":"Feature","geometry":{"type":"Point","coordinates":[6.12749,43.50308]},"properties":{"latitude":"43.50308","longitude":"6.12749","bright_ti4":"311.76","scan":"0.52","track":"0.5","acq_date":"2026-07-22","acq_time":"105","satellite":"N","instrument":"VIIRS","confidence":"n","version":"2.0NRT","bright_ti5":"294.79","frp":"2.5","daynight":"N","commune":"Cotignac","code_insee":"83046","departement":"Var","region":"Provence-Alpes-Côte d'Azur","forest":true}},{"type":"Feature","geometry":{"type":"Point","coordinates":[6.12113,43.50356]},"properties":{"latitude":"43.50356","longitude":"6.12113","bright_ti4":"333.8","scan":"0.52","track":"0.5","acq_date":"2026-07-22","acq_time":"105","satellite":"N","instrument":"VIIRS","confidence":"n","version":"2.0NRT","bright_ti5":"295.21","frp":"3.49","daynight":"N","commune":"Cotignac","code_insee":"83046","departement":"Var","region":"Provence-Alpes-Côte d'Azur","forest":true}},{"type":"Feature","geometry":{"type":"Point","coordinates":[6.11481,43.50402]},"properties":{"latitude":"43.50402","longitude":"6.11481","bright_ti4":"309.45","scan":"0.52","track":"0.5","acq_date":"2026-07-22","acq_time":"105","satellite":"N","instrument":"VIIRS","confidence":"n","version":"2.0NRT","bright_ti5":"292.28","frp":"3.49","daynight":"N","commune":"Cotignac","code_insee":"83046","departement":"Var","region":"Provence-Alpes-Côte d'Azur","forest":true}},{"type":"Feature","geometry":{"type":"Point","coordinates":[6.14067,43.50677]},"properties":{"latitude":"43.50677","longitude":"6.14067","bright_ti4":"305.82","scan":"0.52","track":"0.5","acq_date":"2026-07-22","acq_time":"105","satellite":"N","instrument":"VIIRS","confidence":"n","version":"2.0NRT","bright_ti5":"293.66","frp":"1.61","daynight":"N","commune":"Cotignac","code_insee":"83046","departement":"Var","region":"Provence-Alpes-Côte d'Azur","forest":true}},{"type":"Feature","geometry":{"type":"Point","coordinates":[6.12212,43.50816]},"properties":{"latitude":"43.50816","longitude":"6.12212","bright_ti4":"316.5","scan":"0.52","track":"0.5","acq_date":"2026-07-22","acq_time":"105","satellite":"N","instrument":"VIIRS","confidence":"n","version":"2.0NRT","bright_ti5":"293.46","frp":"1.81","daynight":"N","commune":"Cotignac","code_insee":"83046","departement":"Var","region":"Provence-Alpes-Côte d'Azur","forest":true}},{"type":"Feature","geometry":{"type":"Point","coordinates":[6.11573,43.50864]},"properties":{"latitude":"43.50864","longitude":"6.11573","bright_ti4":"316.21","scan":"0.52","track":"0.5","acq_date":"2026-07-22","acq_time":"105","satellite":"N","instrument":"VIIRS","confidence":"n","version":"2.0NRT","bright_ti5":"293.76","frp":"1.81","daynight":"N","commune":"Cotignac","code_insee":"83046","departement":"Var","region":"Provence-Alpes-Côte d'Azur","forest":true}},{"type":"Feature","geometry":{"type":"Point","coordinates":[6.10912,43.50913]},"properties":{"latitude":"43.50913","longitude":"6.10912","bright_ti4":"313.93","scan":"0.52","track":"0.5","acq_date":"2026-07-22","acq_time":"105","satellite":"N","instrument":"VIIRS","confidence":"n","version":"2.0NRT","bright_ti5":"292.6","frp":"1.68","daynight":"N","commune":"Cotignac","code_insee":"83046","departement":"Var","region":"Provence-Alpes-Côte d'Azur","forest":true}},{"type":"Feature","geometry":{"type":"Point","coordinates":[6.14776,43.51092]},"properties":{"latitude":"43.51092","longitude":"6.14776","bright_ti4":"322.56","scan":"0.52","track":"0.5","acq_date":"2026-07-22","acq_time":"105","satellite":"N","instrument":"VIIRS","confidence":"n","version":"2.0NRT","bright_ti5":"295.16","frp":"1.61","daynight":"N","commune":"Cotignac","code_insee":"83046","departement":"Var","region":"Provence-Alpes-Côte d'Azur","forest":true}},{"type":"Feature","geometry":{"type":"Point","coordinates":[6.14168,43.51138]},"properties":{"latitude":"43.51138","longitude":"6.14168","bright_ti4":"310.64","scan":"0.52","track":"0.5","acq_date":"2026-07-22","acq_time":"105","satellite":"N","instrument":"VIIRS","confidence":"n","version":"2.0NRT","bright_ti5":"295.42","frp":"1.61","daynight":"N","commune":"Cotignac","code_insee":"83046","departement":"Var","region":"Provence-Alpes-Côte d'Azur","forest":true}},{"type":"Feature","geometry":{"type":"Point","coordinates":[6.11663,43.51325]},"properties":{"latitude":"43.51325","longitude":"6.11663","bright_ti4":"304.58","scan":"0.52","track":"0.5","acq_date":"2026-07-22","acq_time":"105","satellite":"N","instrument":"VIIRS","confidence":"n","version":"2.0NRT","bright_ti5":"294","frp":"1.81","daynight":"N","commune":"Cotignac","code_insee":"83046","departement":"Var","region":"Provence-Alpes-Côte d'Azur","forest":true}},{"type":"Feature","geometry":{"type":"Point","coordinates":[6.10997,43.51375]},"properties":{"latitude":"43.51375","longitude":"6.10997","bright_ti4":"306.61","scan":"0.52","track":"0.5","acq_date":"2026-07-22","acq_time":"105","satellite":"N","instrument":"VIIRS","confidence":"n","version":"2.0NRT","bright_ti5":"294.95","frp":"1.68","daynight":"N","commune":"Cotignac","code_insee":"83046","departement":"Var","region":"Provence-Alpes-Côte d'Azur","forest":true}},{"type":"Feature","geometry":{"type":"Point","coordinates":[6.10324,43.51426]},"properties":{"latitude":"43.51426","longitude":"6.10324","bright_ti4":"308.81","scan":"0.52","track":"0.5","acq_date":"2026-07-22","acq_time":"105","satellite":"N","instrument":"VIIRS","confidence":"n","version":"2.0NRT","bright_ti5":"293.58","frp":"1.68","daynight":"N","commune":"Correns","code_insee":"83045","departement":"Var","region":"Provence-Alpes-Côte d'Azur","forest":true}},{"type":"Feature","geometry":{"type":"Point","coordinates":[6.14865,43.51553]},"properties":{"latitude":"43.51553","longitude":"6.14865","bright_ti4":"309.31","scan":"0.52","track":"0.5","acq_date":"2026-07-22","acq_time":"105","satellite":"N","instrument":"VIIRS","confidence":"n","version":"2.0NRT","bright_ti5":"295.05","frp":"2.42","daynight":"N","commune":"Cotignac","code_insee":"83046","departement":"Var","region":"Provence-Alpes-Côte d'Azur","forest":true}},{"type":"Feature","geometry":{"type":"Point","coordinates":[6.1426,43.51598]},"properties":{"latitude":"43.51598","longitude":"6.1426","bright_ti4":"317.08","scan":"0.52","track":"0.5","acq_date":"2026-07-22","acq_time":"105","satellite":"N","instrument":"VIIRS","confidence":"n","version":"2.0NRT","bright_ti5":"297.3","frp":"2.42","daynight":"N","commune":"Cotignac","code_insee":"83046","departement":"Var","region":"Provence-Alpes-Côte d'Azur","forest":true}},{"type":"Feature","geometry":{"type":"Point","coordinates":[6.11744,43.51788]},"properties":{"latitude":"43.51788","longitude":"6.11744","bright_ti4":"308.79","scan":"0.52","track":"0.5","acq_date":"2026-07-22","acq_time":"105","satellite":"N","instrument":"VIIRS","confidence":"n","version":"2.0NRT","bright_ti5":"296.16","frp":"1.83","daynight":"N","commune":"Cotignac","code_insee":"83046","departement":"Var","region":"Provence-Alpes-Côte d'Azur","forest":true}},{"type":"Feature","geometry":{"type":"Point","coordinates":[6.11084,43.51837]},"properties":{"latitude":"43.51837","longitude":"6.11084","bright_ti4":"304.12","scan":"0.52","track":"0.5","acq_date":"2026-07-22","acq_time":"105","satellite":"N","instrument":"VIIRS","confidence":"n","version":"2.0NRT","bright_ti5":"293.78","frp":"3.59","daynight":"N","commune":"Cotignac","code_insee":"83046","departement":"Var","region":"Provence-Alpes-Côte d'Azur","forest":true}},{"type":"Feature","geometry":{"type":"Point","coordinates":[6.08483,43.52032]},"properties":{"latitude":"43.52032","longitude":"6.08483","bright_ti4":"331.18","scan":"0.52","track":"0.5","acq_date":"2026-07-22","acq_time":"105","satellite":"N","instrument":"VIIRS","confidence":"n","version":"2.0NRT","bright_ti5":"296.7","frp":"3.18","daynight":"N","commune":"Correns","code_insee":"83045","departement":"Var","region":"Provence-Alpes-Côte d'Azur","forest":true}},{"type":"Feature","geometry":{"type":"Point","coordinates":[6.14349,43.52059]},"properties":{"latitude":"43.52059","longitude":"6.14349","bright_ti4":"329.1","scan":"0.52","track":"0.5","acq_date":"2026-07-22","acq_time":"105","satellite":"N","instrument":"VIIRS","confidence":"n","version":"2.0NRT","bright_ti5":"297.03","frp":"2.42","daynight":"N","commune":"Cotignac","code_insee":"83046","departement":"Var","region":"Provence-Alpes-Côte d'Azur","forest":true}},{"type":"Feature","geometry":{"type":"Point","coordinates":[6.07825,43.52081]},"properties":{"latitude":"43.52081","longitude":"6.07825","bright_ti4":"309","scan":"0.52","track":"0.5","acq_date":"2026-07-22","acq_time":"105","satellite":"N","instrument":"VIIRS","confidence":"n","version":"2.0NRT","bright_ti5":"293.94","frp":"3.18","daynight":"N","commune":"Pontevès","code_insee":"83095","departement":"Var","region":"Provence-Alpes-Côte d'Azur","forest":true}},{"type":"Feature","geometry":{"type":"Point","coordinates":[6.13737,43.52105]},"properties":{"latitude":"43.52105","longitude":"6.13737","bright_ti4":"319.12","scan":"0.52","track":"0.5","acq_date":"2026-07-22","acq_time":"105","satellite":"N","instrument":"VIIRS","confidence":"n","version":"2.0NRT","bright_ti5":"296.92","frp":"3.3","daynight":"N","commune":"Cotignac","code_insee":"83046","departement":"Var","region":"Provence-Alpes-Côte d'Azur","forest":true}},{"type":"Feature","geometry":{"type":"Point","coordinates":[6.13116,43.52152]},"properties":{"latitude":"43.52152","longitude":"6.13116","bright_ti4":"308.62","scan":"0.52","track":"0.5","acq_date":"2026-07-22","acq_time":"105","satellite":"N","instrument":"VIIRS","confidence":"n","version":"2.0NRT","bright_ti5":"296.25","frp":"3.3","daynight":"N","commune":"Cotignac","code_insee":"83046","departement":"Var","region":"Provence-Alpes-Côte d'Azur","forest":true}},{"type":"Feature","geometry":{"type":"Point","coordinates":[6.1248,43.522]},"properties":{"latitude":"43.522","longitude":"6.1248","bright_ti4":"307.42","scan":"0.52","track":"0.5","acq_date":"2026-07-22","acq_time":"105","satellite":"N","instrument":"VIIRS","confidence":"n","version":"2.0NRT","bright_ti5":"296.2","frp":"1.83","daynight":"N","commune":"Cotignac","code_insee":"83046","departement":"Var","region":"Provence-Alpes-Côte d'Azur","forest":true}},{"type":"Feature","geometry":{"type":"Point","coordinates":[6.11831,43.52249]},"properties":{"latitude":"43.52249","longitude":"6.11831","bright_ti4":"308.83","scan":"0.52","track":"0.5","acq_date":"2026-07-22","acq_time":"105","satellite":"N","instrument":"VIIRS","confidence":"n","version":"2.0NRT","bright_ti5":"295.1","frp":"1.83","daynight":"N","commune":"Cotignac","code_insee":"83046","departement":"Var","region":"Provence-Alpes-Côte d'Azur","forest":true}},{"type":"Feature","geometry":{"type":"Point","coordinates":[6.09906,43.52394]},"properties":{"latitude":"43.52394","longitude":"6.09906","bright_ti4":"303.96","scan":"0.52","track":"0.5","acq_date":"2026-07-22","acq_time":"105","satellite":"N","instrument":"VIIRS","confidence":"n","version":"2.0NRT","bright_ti5":"293.83","frp":"3.11","daynight":"N","commune":"Cotignac","code_insee":"83046","departement":"Var","region":"Provence-Alpes-Côte d'Azur","forest":true}},{"type":"Feature","geometry":{"type":"Point","coordinates":[6.0797,43.52539]},"properties":{"latitude":"43.52539","longitude":"6.0797","bright_ti4":"326.89","scan":"0.52","track":"0.5","acq_date":"2026-07-22","acq_time":"105","satellite":"N","instrument":"VIIRS","confidence":"n","version":"2.0NRT","bright_ti5":"297.44","frp":"3.18","daynight":"N","commune":"Pontevès","code_insee":"83095","departement":"Var","region":"Provence-Alpes-Côte d'Azur","forest":true}},{"type":"Feature","geometry":{"type":"Point","coordinates":[6.13819,43.52567]},"properties":{"latitude":"43.52567","longitude":"6.13819","bright_ti4":"316.66","scan":"0.52","track":"0.5","acq_date":"2026-07-22","acq_time":"105","satellite":"N","instrument":"VIIRS","confidence":"n","version":"2.0NRT","bright_ti5":"295.87","frp":"2.3","daynight":"N","commune":"Cotignac","code_insee":"83046","departement":"Var","region":"Provence-Alpes-Côte d'Azur","forest":true}},{"type":"Feature","geometry":{"type":"Point","coordinates":[6.07285,43.5259]},"properties":{"latitude":"43.5259","longitude":"6.07285","bright_ti4":"331.5","scan":"0.52","track":"0.5","acq_date":"2026-07-22","acq_time":"105","satellite":"N","instrument":"VIIRS","confidence":"n","version":"2.0NRT","bright_ti5":"295.57","frp":"6.98","daynight":"N","commune":"Pontevès","code_insee":"83095","departement":"Var","region":"Provence-Alpes-Côte d'Azur","forest":true}},{"type":"Feature","geometry":{"type":"Point","coordinates":[6.132,43.52613]},"properties":{"latitude":"43.52613","longitude":"6.132","bright_ti4":"317.84","scan":"0.52","track":"0.5","acq_date":"2026-07-22","acq_time":"105","satellite":"N","instrument":"VIIRS","confidence":"n","version":"2.0NRT","bright_ti5":"297.02","frp":"2.3","daynight":"N","commune":"Cotignac","code_insee":"83046","departement":"Var","region":"Provence-Alpes-Côte d'Azur","forest":true}},{"type":"Feature","geometry":{"type":"Point","coordinates":[6.06614,43.52641]},"properties":{"latitude":"43.52641","longitude":"6.06614","bright_ti4":"338.42","scan":"0.52","track":"0.5","acq_date":"2026-07-22","acq_time":"105","satellite":"N","instrument":"VIIRS","confidence":"n","version":"2.0NRT","bright_ti5":"294.15","frp":"6.98","daynight":"N","commune":"Pontevès","code_insee":"83095","departement":"Var","region":"Provence-Alpes-Côte d'Azur","forest":true}},{"type":"Feature","geometry":{"type":"Point","coordinates":[6.12566,43.52662]},"properties":{"latitude":"43.52662","longitude":"6.12566","bright_ti4":"313.83","scan":"0.52","track":"0.5","acq_date":"2026-07-22","acq_time":"105","satellite":"N","instrument":"VIIRS","confidence":"n","version":"2.0NRT","bright_ti5":"296.18","frp":"1.98","daynight":"N","commune":"Cotignac","code_insee":"83046","departement":"Var","region":"Provence-Alpes-Côte d'Azur","forest":true}},{"type":"Feature","geometry":{"type":"Point","coordinates":[6.11926,43.5271]},"properties":{"latitude":"43.5271","longitude":"6.11926","bright_ti4":"309.01","scan":"0.52","track":"0.5","acq_date":"2026-07-22","acq_time":"105","satellite":"N","instrument":"VIIRS","confidence":"n","version":"2.0NRT","bright_ti5":"294.82","frp":"1.98","daynight":"N","commune":"Cotignac","code_insee":"83046","departement":"Var","region":"Provence-Alpes-Côte d'Azur","forest":true}},{"type":"Feature","geometry":{"type":"Point","coordinates":[6.11293,43.52758]},"properties":{"latitude":"43.52758","longitude":"6.11293","bright_ti4":"310.85","scan":"0.52","track":"0.5","acq_date":"2026-07-22","acq_time":"105","satellite":"N","instrument":"VIIRS","confidence":"n","version":"2.0NRT","bright_ti5":"295.12","frp":"2.32","daynight":"N","commune":"Cotignac","code_insee":"83046","departement":"Var","region":"Provence-Alpes-Côte d'Azur","forest":true}},{"type":"Feature","geometry":{"type":"Point","coordinates":[6.10659,43.52805]},"properties":{"latitude":"43.52805","longitude":"6.10659","bright_ti4":"309.88","scan":"0.52","track":"0.5","acq_date":"2026-07-22","acq_time":"105","satellite":"N","instrument":"VIIRS","confidence":"n","version":"2.0NRT","bright_ti5":"295.22","frp":"2.32","daynight":"N","commune":"Cotignac","code_insee":"83046","departement":"Var","region":"Provence-Alpes-Côte d'Azur","forest":true}},{"type":"Feature","geometry":{"type":"Point","coordinates":[6.10033,43.52853]},"properties":{"latitude":"43.52853","longitude":"6.10033","bright_ti4":"309.12","scan":"0.52","track":"0.5","acq_date":"2026-07-22","acq_time":"105","satellite":"N","instrument":"VIIRS","confidence":"n","version":"2.0NRT","bright_ti5":"295.02","frp":"1.5","daynight":"N","commune":"Cotignac","code_insee":"83046","departement":"Var","region":"Provence-Alpes-Côte d'Azur","forest":true}},{"type":"Feature","geometry":{"type":"Point","coordinates":[6.12674,43.52926]},"properties":{"latitude":"43.52926","longitude":"6.12674","bright_ti4":"304.22","scan":"0.52","track":"0.5","acq_date":"2026-07-22","acq_time":"105","satellite":"N","instrument":"VIIRS","confidence":"n","version":"2.0NRT","bright_ti5":"293.79","frp":"1.61","daynight":"N","commune":"Cotignac","code_insee":"83046","departement":"Var","region":"Provence-Alpes-Côte d'Azur","forest":true}},{"type":"Feature","geometry":{"type":"Point","coordinates":[6.12037,43.52971]},"properties":{"latitude":"43.52971","longitude":"6.12037","bright_ti4":"313.71","scan":"0.52","track":"0.5","acq_date":"2026-07-22","acq_time":"105","satellite":"N","instrument":"VIIRS","confidence":"n","version":"2.0NRT","bright_ti5":"294.9","frp":"2.56","daynight":"N","commune":"Cotignac","code_insee":"83046","departement":"Var","region":"Provence-Alpes-Côte d'Azur","forest":true}},{"type":"Feature","geometry":{"type":"Point","coordinates":[6.11414,43.53015]},"properties":{"latitude":"43.53015","longitude":"6.11414","bright_ti4":"318.18","scan":"0.52","track":"0.5","acq_date":"2026-07-22","acq_time":"105","satellite":"N","instrument":"VIIRS","confidence":"n","version":"2.0NRT","bright_ti5":"296.32","frp":"2.56","daynight":"N","commune":"Cotignac","code_insee":"83046","departement":"Var","region":"Provence-Alpes-Côte d'Azur","forest":true}},{"type":"Feature","geometry":{"type":"Point","coordinates":[6.10791,43.53059]},"properties":{"latitude":"43.53059","longitude":"6.10791","bright_ti4":"316.75","scan":"0.52","track":"0.5","acq_date":"2026-07-22","acq_time":"105","satellite":"N","instrument":"VIIRS","confidence":"n","version":"2.0NRT","bright_ti5":"296.14","frp":"1.57","daynight":"N","commune":"Cotignac","code_insee":"83046","departement":"Var","region":"Provence-Alpes-Côte d'Azur","forest":true}},{"type":"Feature","geometry":{"type":"Point","coordinates":[6.06749,43.531]},"properties":{"latitude":"43.531","longitude":"6.06749","bright_ti4":"317.47","scan":"0.52","track":"0.5","acq_date":"2026-07-22","acq_time":"105","satellite":"N","instrument":"VIIRS","confidence":"n","version":"2.0NRT","bright_ti5":"295.08","frp":"3.9","daynight":"N","commune":"Pontevès","code_insee":"83095","departement":"Var","region":"Provence-Alpes-Côte d'Azur","forest":true}},{"type":"Feature","geometry":{"type":"Point","coordinates":[6.1017,43.53102]},"properties":{"latitude":"43.53102","longitude":"6.1017","bright_ti4":"308.03","scan":"0.52","track":"0.5","acq_date":"2026-07-22","acq_time":"105","satellite":"N","instrument":"VIIRS","confidence":"n","version":"2.0NRT","bright_ti5":"294.58","frp":"1.57","daynight":"N","commune":"Cotignac","code_insee":"83046","departement":"Var","region":"Provence-Alpes-Côte d'Azur","forest":true}},{"type":"Feature","geometry":{"type":"Point","coordinates":[6.09557,43.53145]},"properties":{"latitude":"43.53145","longitude":"6.09557","bright_ti4":"305.09","scan":"0.52","track":"0.5","acq_date":"2026-07-22","acq_time":"105","satellite":"N","instrument":"VIIRS","confidence":"n","version":"2.0NRT","bright_ti5":"293.38","frp":"1.72","daynight":"N","commune":"Cotignac","code_insee":"83046","departement":"Var","region":"Provence-Alpes-Côte d'Azur","forest":true}},{"type":"Feature","geometry":{"type":"Point","coordinates":[6.06052,43.53152]},"properties":{"latitude":"43.53152","longitude":"6.06052","bright_ti4":"323.75","scan":"0.52","track":"0.5","acq_date":"2026-07-22","acq_time":"105","satellite":"N","instrument":"VIIRS","confidence":"n","version":"2.0NRT","bright_ti5":"294.11","frp":"1.92","daynight":"N","commune":"Pontevès","code_insee":"83095","departement":"Var","region":"Provence-Alpes-Côte d'Azur","forest":true}},{"type":"Feature","geometry":{"type":"Point","coordinates":[6.12022,43.5317]},"properties":{"latitude":"43.5317","longitude":"6.12022","bright_ti4":"317.28","scan":"0.52","track":"0.5","acq_date":"2026-07-22","acq_time":"105","satellite":"N","instrument":"VIIRS","confidence":"n","version":"2.0NRT","bright_ti5":"295.57","frp":"1.98","daynight":"N","commune":"Cotignac","code_insee":"83046","departement":"Var","region":"Provence-Alpes-Côte d'Azur","forest":true}},{"type":"Feature","geometry":{"type":"Point","coordinates":[6.08942,43.53189]},"properties":{"latitude":"43.53189","longitude":"6.08942","bright_ti4":"304.06","scan":"0.52","track":"0.5","acq_date":"2026-07-22","acq_time":"105","satellite":"N","instrument":"VIIRS","confidence":"n","version":"2.0NRT","bright_ti5":"292.02","frp":"1.72","daynight":"N","commune":"Pontevès","code_insee":"83095","departement":"Var","region":"Provence-Alpes-Côte d'Azur","forest":true}},{"type":"Feature","geometry":{"type":"Point","coordinates":[6.11412,43.53217]},"properties":{"latitude":"43.53217","longitude":"6.11412","bright_ti4":"327.13","scan":"0.52","track":"0.5","acq_date":"2026-07-22","acq_time":"105","satellite":"N","instrument":"VIIRS","confidence":"n","version":"2.0NRT","bright_ti5":"298.2","frp":"2.32","daynight":"N","commune":"Cotignac","code_insee":"83046","departement":"Var","region":"Provence-Alpes-Côte d'Azur","forest":true}},{"type":"Feature","geometry":{"type":"Point","coordinates":[6.08311,43.53233]},"properties":{"latitude":"43.53233","longitude":"6.08311","bright_ti4":"304.42","scan":"0.52","track":"0.5","acq_date":"2026-07-22","acq_time":"105","satellite":"N","instrument":"VIIRS","confidence":"n","version":"2.0NRT","bright_ti5":"292.11","frp":"2.61","daynight":"N","commune":"Pontevès","code_insee":"83095","departement":"Var","region":"Provence-Alpes-Côte d'Azur","forest":true}},{"type":"Feature","geometry":{"type":"Point","coordinates":[6.10798,43.53263]},"properties":{"latitude":"43.53263","longitude":"6.10798","bright_ti4":"313.94","scan":"0.52","track":"0.5","acq_date":"2026-07-22","acq_time":"105","satellite":"N","instrument":"VIIRS","confidence":"n","version":"2.0NRT","bright_ti5":"295.67","frp":"2.32","daynight":"N","commune":"Cotignac","code_insee":"83046","departement":"Var","region":"Provence-Alpes-Côte d'Azur","forest":true}},{"type":"Feature","geometry":{"type":"Point","coordinates":[6.10184,43.5331]},"properties":{"latitude":"43.5331","longitude":"6.10184","bright_ti4":"305.34","scan":"0.52","track":"0.5","acq_date":"2026-07-22","acq_time":"105","satellite":"N","instrument":"VIIRS","confidence":"n","version":"2.0NRT","bright_ti5":"293.53","frp":"1.5","daynight":"N","commune":"Cotignac","code_insee":"83046","departement":"Var","region":"Provence-Alpes-Côte d'Azur","forest":true}},{"type":"Feature","geometry":{"type":"Point","coordinates":[6.09579,43.53355]},"properties":{"latitude":"43.53355","longitude":"6.09579","bright_ti4":"306.67","scan":"0.52","track":"0.5","acq_date":"2026-07-22","acq_time":"105","satellite":"N","instrument":"VIIRS","confidence":"n","version":"2.0NRT","bright_ti5":"292.82","frp":"1.5","daynight":"N","commune":"Cotignac","code_insee":"83046","departement":"Var","region":"Provence-Alpes-Côte d'Azur","forest":true}},{"type":"Feature","geometry":{"type":"Point","coordinates":[6.06176,43.53381]},"properties":{"latitude":"43.53381","longitude":"6.06176","bright_ti4":"324.13","scan":"0.52","track":"0.5","acq_date":"2026-07-22","acq_time":"105","satellite":"N","instrument":"VIIRS","confidence":"n","version":"2.0NRT","bright_ti5":"295.59","frp":"4.35","daynight":"N","commune":"Pontevès","code_insee":"83095","departement":"Var","region":"Provence-Alpes-Côte d'Azur","forest":true}},{"type":"Feature","geometry":{"type":"Point","coordinates":[6.08973,43.53401]},"properties":{"latitude":"43.53401","longitude":"6.08973","bright_ti4":"307.69","scan":"0.52","track":"0.5","acq_date":"2026-07-22","acq_time":"105","satellite":"N","instrument":"VIIRS","confidence":"n","version":"2.0NRT","bright_ti5":"293.79","frp":"3.41","daynight":"N","commune":"Pontevès","code_insee":"83095","departement":"Var","region":"Provence-Alpes-Côte d'Azur","forest":true}},{"type":"Feature","geometry":{"type":"Point","coordinates":[6.11535,43.53475]},"properties":{"latitude":"43.53475","longitude":"6.11535","bright_ti4":"321.11","scan":"0.52","track":"0.5","acq_date":"2026-07-22","acq_time":"105","satellite":"N","instrument":"VIIRS","confidence":"n","version":"2.0NRT","bright_ti5":"296.59","frp":"2.56","daynight":"N","commune":"Cotignac","code_insee":"83046","departement":"Var","region":"Provence-Alpes-Côte d'Azur","forest":true}},{"type":"Feature","geometry":{"type":"Point","coordinates":[6.10934,43.53517]},"properties":{"latitude":"43.53517","longitude":"6.10934","bright_ti4":"304.87","scan":"0.52","track":"0.5","acq_date":"2026-07-22","acq_time":"105","satellite":"N","instrument":"VIIRS","confidence":"n","version":"2.0NRT","bright_ti5":"293.67","frp":"1.57","daynight":"N","commune":"Cotignac","code_insee":"83046","departement":"Var","region":"Provence-Alpes-Côte d'Azur","forest":true}},{"type":"Feature","geometry":{"type":"Point","coordinates":[6.10322,43.5356]},"properties":{"latitude":"43.5356","longitude":"6.10322","bright_ti4":"302.52","scan":"0.52","track":"0.5","acq_date":"2026-07-22","acq_time":"105","satellite":"N","instrument":"VIIRS","confidence":"n","version":"2.0NRT","bright_ti5":"292.38","frp":"1.57","daynight":"N","commune":"Cotignac","code_insee":"83046","departement":"Var","region":"Provence-Alpes-Côte d'Azur","forest":true}},{"type":"Feature","geometry":{"type":"Point","coordinates":[6.06182,43.53612]},"properties":{"latitude":"43.53612","longitude":"6.06182","bright_ti4":"304.56","scan":"0.52","track":"0.5","acq_date":"2026-07-22","acq_time":"105","satellite":"N","instrument":"VIIRS","confidence":"n","version":"2.0NRT","bright_ti5":"293.69","frp":"1.92","daynight":"N","commune":"Pontevès","code_insee":"83095","departement":"Var","region":"Provence-Alpes-Côte d'Azur","forest":true}},{"type":"Feature","geometry":{"type":"Point","coordinates":[6.05469,43.53666]},"properties":{"latitude":"43.53666","longitude":"6.05469","bright_ti4":"308.61","scan":"0.52","track":"0.5","acq_date":"2026-07-22","acq_time":"105","satellite":"N","instrument":"VIIRS","confidence":"n","version":"2.0NRT","bright_ti5":"292.6","frp":"1.92","daynight":"N","commune":"Pontevès","code_insee":"83095","departement":"Var","region":"Provence-Alpes-Côte d'Azur","forest":true}},{"type":"Feature","geometry":{"type":"Point","coordinates":[6.05581,43.53891]},"properties":{"latitude":"43.53891","longitude":"6.05581","bright_ti4":"307.42","scan":"0.53","track":"0.5","acq_date":"2026-07-22","acq_time":"105","satellite":"N","instrument":"VIIRS","confidence":"n","version":"2.0NRT","bright_ti5":"292.38","frp":"3.79","daynight":"N","commune":"Pontevès","code_insee":"83095","departement":"Var","region":"Provence-Alpes-Côte d'Azur","forest":true}},{"type":"Feature","geometry":{"type":"Point","coordinates":[6.05026,43.54399]},"properties":{"latitude":"43.54399","longitude":"6.05026","bright_ti4":"304.39","scan":"0.53","track":"0.5","acq_date":"2026-07-22","acq_time":"105","satellite":"N","instrument":"VIIRS","confidence":"n","version":"2.0NRT","bright_ti5":"292.52","frp":"4.05","daynight":"N","commune":"Pontevès","code_insee":"83095","departement":"Var","region":"Provence-Alpes-Côte d'Azur","forest":true}},{"type":"Feature","geometry":{"type":"Point","coordinates":[6.10374,43.54493]},"properties":{"latitude":"43.54493","longitude":"6.10374","bright_ti4":"326.66","scan":"0.52","track":"0.5","acq_date":"2026-07-22","acq_time":"105","satellite":"N","instrument":"VIIRS","confidence":"n","version":"2.0NRT","bright_ti5":"292.01","frp":"4.61","daynight":"N","commune":"Pontevès","code_insee":"83095","departement":"Var","region":"Provence-Alpes-Côte d'Azur","forest":true}},{"type":"Feature","geometry":{"type":"Point","coordinates":[6.05,43.5464]},"properties":{"latitude":"43.5464","longitude":"6.05","bright_ti4":"313.46","scan":"0.53","track":"0.5","acq_date":"2026-07-22","acq_time":"105","satellite":"N","instrument":"VIIRS","confidence":"n","version":"2.0NRT","bright_ti5":"291.68","frp":"2.8","daynight":"N","commune":"Pontevès","code_insee":"83095","departement":"Var","region":"Provence-Alpes-Côte d'Azur","forest":true}},{"type":"Feature","geometry":{"type":"Point","coordinates":[6.1096,43.54656]},"properties":{"latitude":"43.54656","longitude":"6.1096","bright_ti4":"302.56","scan":"0.52","track":"0.5","acq_date":"2026-07-22","acq_time":"105","satellite":"N","instrument":"VIIRS","confidence":"n","version":"2.0NRT","bright_ti5":"291.27","frp":"0.98","daynight":"N","commune":"Cotignac","code_insee":"83046","departement":"Var","region":"Provence-Alpes-Côte d'Azur","forest":true}},{"type":"Feature","geometry":{"type":"Point","coordinates":[6.10319,43.54705]},"properties":{"latitude":"43.54705","longitude":"6.10319","bright_ti4":"319.01","scan":"0.52","track":"0.5","acq_date":"2026-07-22","acq_time":"105","satellite":"N","instrument":"VIIRS","confidence":"n","version":"2.0NRT","bright_ti5":"291.59","frp":"2.17","daynight":"N","commune":"Pontevès","code_insee":"83095","departement":"Var","region":"Provence-Alpes-Côte d'Azur","forest":true}},{"type":"Feature","geometry":{"type":"Point","coordinates":[6.05065,43.54866]},"properties":{"latitude":"43.54866","longitude":"6.05065","bright_ti4":"339.37","scan":"0.53","track":"0.5","acq_date":"2026-07-22","acq_time":"105","satellite":"N","instrument":"VIIRS","confidence":"n","version":"2.0NRT","bright_ti5":"295.08","frp":"4.05","daynight":"N","commune":"Pontevès","code_insee":"83095","departement":"Var","region":"Provence-Alpes-Côte d'Azur","forest":true}},{"type":"Feature","geometry":{"type":"Point","coordinates":[6.05001,43.5511]},"properties":{"latitude":"43.5511","longitude":"6.05001","bright_ti4":"339.89","scan":"0.53","track":"0.5","acq_date":"2026-07-22","acq_time":"105","satellite":"N","instrument":"VIIRS","confidence":"n","version":"2.0NRT","bright_ti5":"296.33","frp":"8.89","daynight":"N","commune":"Pontevès","code_insee":"83095","departement":"Var","region":"Provence-Alpes-Côte d'Azur","forest":true}},{"type":"Feature","geometry":{"type":"Point","coordinates":[6.05057,43.55336]},"properties":{"latitude":"43.55336","longitude":"6.05057","bright_ti4":"307.33","scan":"0.53","track":"0.5","acq_date":"2026-07-22","acq_time":"105","satellite":"N","instrument":"VIIRS","confidence":"n","version":"2.0NRT","bright_ti5":"291.28","frp":"1.21","daynight":"N","commune":"Pontevès","code_insee":"83095","departement":"Var","region":"Provence-Alpes-Côte d'Azur","forest":true}},{"type":"Feature","geometry":{"type":"Point","coordinates":[6.07805,43.55612]},"properties":{"latitude":"43.55612","longitude":"6.07805","bright_ti4":"316.74","scan":"0.52","track":"0.5","acq_date":"2026-07-22","acq_time":"105","satellite":"N","instrument":"VIIRS","confidence":"n","version":"2.0NRT","bright_ti5":"292.06","frp":"2.3","daynight":"N","commune":"Pontevès","code_insee":"83095","departement":"Var","region":"Provence-Alpes-Côte d'Azur","forest":true}},{"type":"Feature","geometry":{"type":"Point","coordinates":[6.07836,43.56078]},"properties":{"latitude":"43.56078","longitude":"6.07836","bright_ti4":"303.72","scan":"0.52","track":"0.5","acq_date":"2026-07-22","acq_time":"105","satellite":"N","instrument":"VIIRS","confidence":"n","version":"2.0NRT","bright_ti5":"290.11","frp":"0.62","daynight":"N","commune":"Pontevès","code_insee":"83095","departement":"Var","region":"Provence-Alpes-Côte d'Azur","forest":true}},{"type":"Feature","geometry":{"type":"Point","coordinates":[6.56612,44.75812]},"properties":{"latitude":"44.75812","longitude":"6.56612","bright_ti4":"319.12","scan":"0.51","track":"0.49","acq_date":"2026-07-22","acq_time":"105","satellite":"N","instrument":"VIIRS","confidence":"n","version":"2.0NRT","bright_ti5":"289.43","frp":"2.95","daynight":"N","commune":"Freissinières","code_insee":"05058","departement":"Hautes-Alpes","region":"Provence-Alpes-Côte d'Azur","forest":true}},{"type":"Feature","geometry":{"type":"Point","coordinates":[6.56112,44.7585]},"properties":{"latitude":"44.7585","longitude":"6.56112","bright_ti4":"307.73","scan":"0.51","track":"0.49","acq_date":"2026-07-22","acq_time":"105","satellite":"N","instrument":"VIIRS","confidence":"n","version":"2.0NRT","bright_ti5":"288.6","frp":"2.95","daynight":"N","commune":"Freissinières","code_insee":"05058","departement":"Hautes-Alpes","region":"Provence-Alpes-Côte d'Azur","forest":true}},{"type":"Feature","geometry":{"type":"Point","coordinates":[6.55035,44.7593]},"properties":{"latitude":"44.7593","longitude":"6.55035","bright_ti4":"304.71","scan":"0.51","track":"0.49","acq_date":"2026-07-22","acq_time":"105","satellite":"N","instrument":"VIIRS","confidence":"n","version":"2.0NRT","bright_ti5":"287.26","frp":"2.69","daynight":"N","commune":"Freissinières","code_insee":"05058","departement":"Hautes-Alpes","region":"Provence-Alpes-Côte d'Azur","forest":true}},{"type":"Feature","geometry":{"type":"Point","coordinates":[6.56574,44.76279]},"properties":{"latitude":"44.76279","longitude":"6.56574","bright_ti4":"319.91","scan":"0.51","track":"0.49","acq_date":"2026-07-22","acq_time":"105","satellite":"N","instrument":"VIIRS","confidence":"n","version":"2.0NRT","bright_ti5":"288.28","frp":"4.8","daynight":"N","commune":"Freissinières","code_insee":"05058","departement":"Hautes-Alpes","region":"Provence-Alpes-Côte d'Azur","forest":true}},{"type":"Feature","geometry":{"type":"Point","coordinates":[6.56044,44.76318]},"properties":{"latitude":"44.76318","longitude":"6.56044","bright_ti4":"336.6","scan":"0.51","track":"0.49","acq_date":"2026-07-22","acq_time":"105","satellite":"N","instrument":"VIIRS","confidence":"n","version":"2.0NRT","bright_ti5":"290.6","frp":"4.8","daynight":"N","commune":"L'Argentière-la-Bessée","code_insee":"05006","departement":"Hautes-Alpes","region":"Provence-Alpes-Côte d'Azur","forest":true}},{"type":"Feature","geometry":{"type":"Point","coordinates":[6.55573,44.76354]},"properties":{"latitude":"44.76354","longitude":"6.55573","bright_ti4":"306.94","scan":"0.51","track":"0.49","acq_date":"2026-07-22","acq_time":"105","satellite":"N","instrument":"VIIRS","confidence":"n","version":"2.0NRT","bright_ti5":"287.9","frp":"1.83","daynight":"N","commune":"L'Argentière-la-Bessée","code_insee":"05006","departement":"Hautes-Alpes","region":"Provence-Alpes-Côte d'Azur","forest":true}},{"type":"Feature","geometry":{"type":"Point","coordinates":[6.54067,44.76467]},"properties":{"latitude":"44.76467","longitude":"6.54067","bright_ti4":"312.91","scan":"0.51","track":"0.5","acq_date":"2026-07-22","acq_time":"105","satellite":"N","instrument":"VIIRS","confidence":"n","version":"2.0NRT","bright_ti5":"286.67","frp":"4.27","daynight":"N","commune":"Freissinières","code_insee":"05058","departement":"Hautes-Alpes","region":"Provence-Alpes-Côte d'Azur","forest":true}},{"type":"Feature","geometry":{"type":"Point","coordinates":[6.55428,44.76716]},"properties":{"latitude":"44.76716","longitude":"6.55428","bright_ti4":"298.34","scan":"0.51","track":"0.49","acq_date":"2026-07-22","acq_time":"105","satellite":"N","instrument":"VIIRS","confidence":"n","version":"2.0NRT","bright_ti5":"287.3","frp":"1.33","daynight":"N","commune":"L'Argentière-la-Bessée","code_insee":"05006","departement":"Hautes-Alpes","region":"Provence-Alpes-Côte d'Azur","forest":true}},{"type":"Feature","geometry":{"type":"Point","coordinates":[6.54964,44.76749]},"properties":{"latitude":"44.76749","longitude":"6.54964","bright_ti4":"306.98","scan":"0.51","track":"0.49","acq_date":"2026-07-22","acq_time":"105","satellite":"N","instrument":"VIIRS","confidence":"n","version":"2.0NRT","bright_ti5":"287.1","frp":"2.45","daynight":"N","commune":"L'Argentière-la-Bessée","code_insee":"05006","departement":"Hautes-Alpes","region":"Provence-Alpes-Côte d'Azur","forest":true}},{"type":"Feature","geometry":{"type":"Point","coordinates":[6.54497,44.76783]},"properties":{"latitude":"44.76783","longitude":"6.54497","bright_ti4":"333.54","scan":"0.51","track":"0.5","acq_date":"2026-07-22","acq_time":"105","satellite":"N","instrument":"VIIRS","confidence":"n","version":"2.0NRT","bright_ti5":"288.66","frp":"2.45","daynight":"N","commune":"L'Argentière-la-Bessée","code_insee":"05006","departement":"Hautes-Alpes","region":"Provence-Alpes-Côte d'Azur","forest":true}},{"type":"Feature","geometry":{"type":"Point","coordinates":[6.55004,44.7686]},"properties":{"latitude":"44.7686","longitude":"6.55004","bright_ti4":"305.01","scan":"0.51","track":"0.49","acq_date":"2026-07-22","acq_time":"105","satellite":"N","instrument":"VIIRS","confidence":"n","version":"2.0NRT","bright_ti5":"286.9","frp":"1.83","daynight":"N","commune":"L'Argentière-la-Bessée","code_insee":"05006","departement":"Hautes-Alpes","region":"Provence-Alpes-Côte d'Azur","forest":true}},{"type":"Feature","geometry":{"type":"Point","coordinates":[6.54547,44.76895]},"properties":{"latitude":"44.76895","longitude":"6.54547","bright_ti4":"333.08","scan":"0.51","track":"0.49","acq_date":"2026-07-22","acq_time":"105","satellite":"N","instrument":"VIIRS","confidence":"n","version":"2.0NRT","bright_ti5":"288.66","frp":"4.27","daynight":"N","commune":"L'Argentière-la-Bessée","code_insee":"05006","departement":"Hautes-Alpes","region":"Provence-Alpes-Côte d'Azur","forest":true}},{"type":"Feature","geometry":{"type":"Point","coordinates":[6.54431,44.7725]},"properties":{"latitude":"44.7725","longitude":"6.54431","bright_ti4":"297.41","scan":"0.51","track":"0.5","acq_date":"2026-07-22","acq_time":"105","satellite":"N","instrument":"VIIRS","confidence":"n","version":"2.0NRT","bright_ti5":"285.36","frp":"2.45","daynight":"N","commune":"L'Argentière-la-Bessée","code_insee":"05006","departement":"Hautes-Alpes","region":"Provence-Alpes-Côte d'Azur","forest":true}},{"type":"Feature","geometry":{"type":"Point","coordinates":[5.6684,45.22905]},"properties":{"latitude":"45.22905","longitude":"5.6684","bright_ti4":"298.48","scan":"0.57","track":"0.52","acq_date":"2026-07-22","acq_time":"105","satellite":"N","instrument":"VIIRS","confidence":"n","version":"2.0NRT","bright_ti5":"288.38","frp":"0.5","daynight":"N","commune":"Saint-Égrève","code_insee":"38382","departement":"Isère","region":"Auvergne-Rhône-Alpes","forest":true}},{"type":"Feature","geometry":{"type":"Point","coordinates":[2.95387,49.09735]},"properties":{"latitude":"49.09735","longitude":"2.95387","bright_ti4":"325.64","scan":"0.41","track":"0.61","acq_date":"2026-07-22","acq_time":"105","satellite":"N","instrument":"VIIRS","confidence":"n","version":"2.0NRT","bright_ti5":"284.35","frp":"2.02","daynight":"N","commune":"Acy-en-Multien","code_insee":"60005","departement":"Oise","region":"Hauts-de-France","forest":true}},{"type":"Feature","geometry":{"type":"Point","coordinates":[9.06634,42.25958]},"properties":{"latitude":"42.25958","longitude":"9.06634","bright_ti4":"306.63","scan":"0.55","track":"0.43","acq_date":"2026-07-22","acq_time":"107","satellite":"N","instrument":"VIIRS","confidence":"n","version":"2.0NRT","bright_ti5":"292.96","frp":"3.2","daynight":"N","commune":"Corte","code_insee":"2B096","departement":"Haute-Corse","region":"Corse","forest":true}},{"type":"Feature","geometry":{"type":"Point","coordinates":[9.06095,42.26014]},"properties":{"latitude":"42.26014","longitude":"9.06095","bright_ti4":"355.45","scan":"0.55","track":"0.43","acq_date":"2026-07-22","acq_time":"107","satellite":"N","instrument":"VIIRS","confidence":"n","version":"2.0NRT","bright_ti5":"294.92","frp":"13.05","daynight":"N","commune":"Corte","code_insee":"2B096","departement":"Haute-Corse","region":"Corse","forest":true}},{"type":"Feature","geometry":{"type":"Point","coordinates":[9.05572,42.26068]},"properties":{"latitude":"42.26068","longitude":"9.05572","bright_ti4":"351.28","scan":"0.55","track":"0.43","acq_date":"2026-07-22","acq_time":"107","satellite":"N","instrument":"VIIRS","confidence":"n","version":"2.0NRT","bright_ti5":"291.95","frp":"13.05","daynight":"N","commune":"Corte","code_insee":"2B096","departement":"Haute-Corse","region":"Corse","forest":true}},{"type":"Feature","geometry":{"type":"Point","coordinates":[9.05044,42.26123]},"properties":{"latitude":"42.26123","longitude":"9.05044","bright_ti4":"330.84","scan":"0.55","track":"0.43","acq_date":"2026-07-22","acq_time":"107","satellite":"N","instrument":"VIIRS","confidence":"n","version":"2.0NRT","bright_ti5":"289.37","frp":"7.58","daynight":"N","commune":"Corte","code_insee":"2B096","departement":"Haute-Corse","region":"Corse","forest":true}},{"type":"Feature","geometry":{"type":"Point","coordinates":[9.06736,42.26347]},"properties":{"latitude":"42.26347","longitude":"9.06736","bright_ti4":"340.47","scan":"0.55","track":"0.43","acq_date":"2026-07-22","acq_time":"107","satellite":"N","instrument":"VIIRS","confidence":"n","version":"2.0NRT","bright_ti5":"298.38","frp":"6.68","daynight":"N","commune":"Corte","code_insee":"2B096","departement":"Haute-Corse","region":"Corse","forest":true}},{"type":"Feature","geometry":{"type":"Point","coordinates":[9.06218,42.26402]},"properties":{"latitude":"42.26402","longitude":"9.06218","bright_ti4":"353.78","scan":"0.55","track":"0.43","acq_date":"2026-07-22","acq_time":"107","satellite":"N","instrument":"VIIRS","confidence":"n","version":"2.0NRT","bright_ti5":"300.76","frp":"13.84","daynight":"N","commune":"Corte","code_insee":"2B096","departement":"Haute-Corse","region":"Corse","forest":true}},{"type":"Feature","geometry":{"type":"Point","coordinates":[9.05689,42.26456]},"properties":{"latitude":"42.26456","longitude":"9.05689","bright_ti4":"350.46","scan":"0.55","track":"0.43","acq_date":"2026-07-22","acq_time":"107","satellite":"N","instrument":"VIIRS","confidence":"n","version":"2.0NRT","bright_ti5":"298.47","frp":"13.84","daynight":"N","commune":"Corte","code_insee":"2B096","departement":"Haute-Corse","region":"Corse","forest":true}},{"type":"Feature","geometry":{"type":"Point","coordinates":[9.05133,42.26514]},"properties":{"latitude":"42.26514","longitude":"9.05133","bright_ti4":"356.78","scan":"0.55","track":"0.43","acq_date":"2026-07-22","acq_time":"107","satellite":"N","instrument":"VIIRS","confidence":"n","version":"2.0NRT","bright_ti5":"296.28","frp":"30.02","daynight":"N","commune":"Corte","code_insee":"2B096","departement":"Haute-Corse","region":"Corse","forest":true}},{"type":"Feature","geometry":{"type":"Point","coordinates":[9.0805,42.26611]},"properties":{"latitude":"42.26611","longitude":"9.0805","bright_ti4":"342.77","scan":"0.55","track":"0.43","acq_date":"2026-07-22","acq_time":"107","satellite":"N","instrument":"VIIRS","confidence":"n","version":"2.0NRT","bright_ti5":"296.9","frp":"9.41","daynight":"N","commune":"Corte","code_insee":"2B096","departement":"Haute-Corse","region":"Corse","forest":true}},{"type":"Feature","geometry":{"type":"Point","coordinates":[9.07473,42.26671]},"properties":{"latitude":"42.26671","longitude":"9.07473","bright_ti4":"337.98","scan":"0.55","track":"0.43","acq_date":"2026-07-22","acq_time":"107","satellite":"N","instrument":"VIIRS","confidence":"n","version":"2.0NRT","bright_ti5":"296.88","frp":"6.68","daynight":"N","commune":"Corte","code_insee":"2B096","departement":"Haute-Corse","region":"Corse","forest":true}},{"type":"Feature","geometry":{"type":"Point","coordinates":[9.06907,42.2673]},"properties":{"latitude":"42.2673","longitude":"9.06907","bright_ti4":"306.37","scan":"0.55","track":"0.43","acq_date":"2026-07-22","acq_time":"107","satellite":"N","instrument":"VIIRS","confidence":"n","version":"2.0NRT","bright_ti5":"293.61","frp":"6.68","daynight":"N","commune":"Corte","code_insee":"2B096","departement":"Haute-Corse","region":"Corse","forest":true}},{"type":"Feature","geometry":{"type":"Point","coordinates":[9.08216,42.26993]},"properties":{"latitude":"42.26993","longitude":"9.08216","bright_ti4":"346.8","scan":"0.55","track":"0.43","acq_date":"2026-07-22","acq_time":"107","satellite":"N","instrument":"VIIRS","confidence":"n","version":"2.0NRT","bright_ti5":"298.99","frp":"10.23","daynight":"N","commune":"Corte","code_insee":"2B096","departement":"Haute-Corse","region":"Corse","forest":true}},{"type":"Feature","geometry":{"type":"Point","coordinates":[9.07667,42.2705]},"properties":{"latitude":"42.2705","longitude":"9.07667","bright_ti4":"303.91","scan":"0.55","track":"0.43","acq_date":"2026-07-22","acq_time":"107","satellite":"N","instrument":"VIIRS","confidence":"n","version":"2.0NRT","bright_ti5":"293.15","frp":"1.46","daynight":"N","commune":"Corte","code_insee":"2B096","departement":"Haute-Corse","region":"Corse","forest":true}},{"type":"Feature","geometry":{"type":"Point","coordinates":[9.09427,42.27267]},"properties":{"latitude":"42.27267","longitude":"9.09427","bright_ti4":"334.6","scan":"0.55","track":"0.43","acq_date":"2026-07-22","acq_time":"107","satellite":"N","instrument":"VIIRS","confidence":"n","version":"2.0NRT","bright_ti5":"295.75","frp":"9.29","daynight":"N","commune":"Corte","code_insee":"2B096","departement":"Haute-Corse","region":"Corse","forest":true}},{"type":"Feature","geometry":{"type":"Point","coordinates":[9.08896,42.27322]},"properties":{"latitude":"42.27322","longitude":"9.08896","bright_ti4":"337.03","scan":"0.55","track":"0.43","acq_date":"2026-07-22","acq_time":"107","satellite":"N","instrument":"VIIRS","confidence":"n","version":"2.0NRT","bright_ti5":"295.67","frp":"10.23","daynight":"N","commune":"Corte","code_insee":"2B096","departement":"Haute-Corse","region":"Corse","forest":true}},{"type":"Feature","geometry":{"type":"Point","coordinates":[9.10124,42.27593]},"properties":{"latitude":"42.27593","longitude":"9.10124","bright_ti4":"311.86","scan":"0.55","track":"0.42","acq_date":"2026-07-22","acq_time":"107","satellite":"N","instrument":"VIIRS","confidence":"n","version":"2.0NRT","bright_ti5":"296.57","frp":"15.46","daynight":"N","commune":"Corte","code_insee":"2B096","departement":"Haute-Corse","region":"Corse","forest":true}},{"type":"Feature","geometry":{"type":"Point","coordinates":[9.0957,42.27651]},"properties":{"latitude":"42.27651","longitude":"9.0957","bright_ti4":"343.62","scan":"0.55","track":"0.43","acq_date":"2026-07-22","acq_time":"107","satellite":"N","instrument":"VIIRS","confidence":"n","version":"2.0NRT","bright_ti5":"304.71","frp":"15.46","daynight":"N","commune":"Corte","code_insee":"2B096","departement":"Haute-Corse","region":"Corse","forest":true}},{"type":"Feature","geometry":{"type":"Point","coordinates":[9.09044,42.27706]},"properties":{"latitude":"42.27706","longitude":"9.09044","bright_ti4":"324.53","scan":"0.55","track":"0.43","acq_date":"2026-07-22","acq_time":"107","satellite":"N","instrument":"VIIRS","confidence":"n","version":"2.0NRT","bright_ti5":"294.3","frp":"3.86","daynight":"N","commune":"Corte","code_insee":"2B096","departement":"Haute-Corse","region":"Corse","forest":true}},{"type":"Feature","geometry":{"type":"Point","coordinates":[9.09284,42.2888]},"properties":{"latitude":"42.2888","longitude":"9.09284","bright_ti4":"313.46","scan":"0.55","track":"0.43","acq_date":"2026-07-22","acq_time":"107","satellite":"N","instrument":"VIIRS","confidence":"n","version":"2.0NRT","bright_ti5":"292.92","frp":"4.58","daynight":"N","commune":"Corte","code_insee":"2B096","departement":"Haute-Corse","region":"Corse","forest":true}},{"type":"Feature","geometry":{"type":"Point","coordinates":[9.0861,42.28951]},"properties":{"latitude":"42.28951","longitude":"9.0861","bright_ti4":"326.86","scan":"0.55","track":"0.43","acq_date":"2026-07-22","acq_time":"107","satellite":"N","instrument":"VIIRS","confidence":"n","version":"2.0NRT","bright_ti5":"295","frp":"4.58","daynight":"N","commune":"Corte","code_insee":"2B096","departement":"Haute-Corse","region":"Corse","forest":true}},{"type":"Feature","geometry":{"type":"Point","coordinates":[9.07921,42.29023]},"properties":{"latitude":"42.29023","longitude":"9.07921","bright_ti4":"345.25","scan":"0.55","track":"0.43","acq_date":"2026-07-22","acq_time":"107","satellite":"N","instrument":"VIIRS","confidence":"n","version":"2.0NRT","bright_ti5":"301.34","frp":"19.59","daynight":"N","commune":"Corte","code_insee":"2B096","departement":"Haute-Corse","region":"Corse","forest":true}},{"type":"Feature","geometry":{"type":"Point","coordinates":[9.09232,42.29285]},"properties":{"latitude":"42.29285","longitude":"9.09232","bright_ti4":"343.8","scan":"0.55","track":"0.43","acq_date":"2026-07-22","acq_time":"107","satellite":"N","instrument":"VIIRS","confidence":"n","version":"2.0NRT","bright_ti5":"297.7","frp":"8.44","daynight":"N","commune":"Corte","code_insee":"2B096","departement":"Haute-Corse","region":"Corse","forest":true}},{"type":"Feature","geometry":{"type":"Point","coordinates":[0.14906,46.80917]},"properties":{"latitude":"46.80917","longitude":"0.14906","bright_ti4":"320.27","scan":"0.54","track":"0.68","acq_date":"2026-07-22","acq_time":"107","satellite":"N","instrument":"VIIRS","confidence":"n","version":"2.0NRT","bright_ti5":"285.53","frp":"3.72","daynight":"N","commune":"Chouppes","code_insee":"86075","departement":"Vienne","region":"Nouvelle-Aquitaine","forest":true}},{"type":"Feature","geometry":{"type":"Point","coordinates":[0.14739,46.81096]},"properties":{"latitude":"46.81096","longitude":"0.14739","bright_ti4":"305.66","scan":"0.54","track":"0.68","acq_date":"2026-07-22","acq_time":"107","satellite":"N","instrument":"VIIRS","confidence":"n","version":"2.0NRT","bright_ti5":"284.98","frp":"1.76","daynight":"N","commune":"Chouppes","code_insee":"86075","departement":"Vienne","region":"Nouvelle-Aquitaine","forest":true}},{"type":"Feature","geometry":{"type":"Point","coordinates":[1.50333,48.37787]},"properties":{"latitude":"48.37787","longitude":"1.50333","bright_ti4":"305.67","scan":"0.47","track":"0.64","acq_date":"2026-07-22","acq_time":"107","satellite":"N","instrument":"VIIRS","confidence":"n","version":"2.0NRT","bright_ti5":"283.69","frp":"1.67","daynight":"N","commune":"Ver-lès-Chartres","code_insee":"28403","departement":"Eure-et-Loir","region":"Centre-Val de Loire","forest":true}},{"type":"Feature","geometry":{"type":"Point","coordinates":[4.58308,48.66487]},"properties":{"latitude":"48.66487","longitude":"4.58308","bright_ti4":"309.22","scan":"0.34","track":"0.56","acq_date":"2026-07-22","acq_time":"107","satellite":"N","instrument":"VIIRS","confidence":"n","version":"2.0NRT","bright_ti5":"283.87","frp":"0.9","daynight":"N","commune":"Blaise-sous-Arzillières","code_insee":"51066","departement":"Marne","region":"Grand Est","forest":true}},{"type":"Feature","geometry":{"type":"Point","coordinates":[9.07871,42.28896]},"properties":{"latitude":"42.28896","longitude":"9.07871","bright_ti4":"333.68","scan":"0.73","track":"0.76","acq_date":"2026-07-22","acq_time":"245","satellite":"N","instrument":"VIIRS","confidence":"n","version":"2.0NRT","bright_ti5":"293.2","frp":"7.23","daynight":"N","commune":"Corte","code_insee":"2B096","departement":"Haute-Corse","region":"Corse","forest":true}},{"type":"Feature","geometry":{"type":"Point","coordinates":[9.08451,42.28999]},"properties":{"latitude":"42.28999","longitude":"9.08451","bright_ti4":"311.61","scan":"0.73","track":"0.76","acq_date":"2026-07-22","acq_time":"245","satellite":"N","instrument":"VIIRS","confidence":"n","version":"2.0NRT","bright_ti5":"292.86","frp":"6.29","daynight":"N","commune":"Corte","code_insee":"2B096","departement":"Haute-Corse","region":"Corse","forest":true}},{"type":"Feature","geometry":{"type":"Point","coordinates":[9.09439,42.29136]},"properties":{"latitude":"42.29136","longitude":"9.09439","bright_ti4":"310.14","scan":"0.73","track":"0.76","acq_date":"2026-07-22","acq_time":"245","satellite":"N","instrument":"VIIRS","confidence":"n","version":"2.0NRT","bright_ti5":"293.22","frp":"4.1","daynight":"N","commune":"Corte","code_insee":"2B096","departement":"Haute-Corse","region":"Corse","forest":true}},{"type":"Feature","geometry":{"type":"Point","coordinates":[9.07185,42.29138]},"properties":{"latitude":"42.29138","longitude":"9.07185","bright_ti4":"311.59","scan":"0.73","track":"0.76","acq_date":"2026-07-22","acq_time":"245","satellite":"N","instrument":"VIIRS","confidence":"n","version":"2.0NRT","bright_ti5":"292.2","frp":"7.6","daynight":"N","commune":"Corte","code_insee":"2B096","departement":"Haute-Corse","region":"Corse","forest":true}},{"type":"Feature","geometry":{"type":"Point","coordinates":[9.07766,42.29237]},"properties":{"latitude":"42.29237","longitude":"9.07766","bright_ti4":"350.96","scan":"0.73","track":"0.76","acq_date":"2026-07-22","acq_time":"245","satellite":"N","instrument":"VIIRS","confidence":"n","version":"2.0NRT","bright_ti5":"295.19","frp":"6.29","daynight":"N","commune":"Corte","code_insee":"2B096","departement":"Haute-Corse","region":"Corse","forest":true}},{"type":"Feature","geometry":{"type":"Point","coordinates":[9.08781,42.29367]},"properties":{"latitude":"42.29367","longitude":"9.08781","bright_ti4":"325.8","scan":"0.73","track":"0.76","acq_date":"2026-07-22","acq_time":"245","satellite":"N","instrument":"VIIRS","confidence":"n","version":"2.0NRT","bright_ti5":"294.74","frp":"4.1","daynight":"N","commune":"Corte","code_insee":"2B096","departement":"Haute-Corse","region":"Corse","forest":true}},{"type":"Feature","geometry":{"type":"Point","coordinates":[9.09411,42.29457]},"properties":{"latitude":"42.29457","longitude":"9.09411","bright_ti4":"311.82","scan":"0.73","track":"0.76","acq_date":"2026-07-22","acq_time":"245","satellite":"N","instrument":"VIIRS","confidence":"n","version":"2.0NRT","bright_ti5":"294.01","frp":"6.29","daynight":"N","commune":"Corte","code_insee":"2B096","departement":"Haute-Corse","region":"Corse","forest":true}},{"type":"Feature","geometry":{"type":"Point","coordinates":[9.07809,42.2971]},"properties":{"latitude":"42.2971","longitude":"9.07809","bright_ti4":"309.77","scan":"0.73","track":"0.76","acq_date":"2026-07-22","acq_time":"245","satellite":"N","instrument":"VIIRS","confidence":"n","version":"2.0NRT","bright_ti5":"293.22","frp":"4.87","daynight":"N","commune":"Corte","code_insee":"2B096","departement":"Haute-Corse","region":"Corse","forest":true}},{"type":"Feature","geometry":{"type":"Point","coordinates":[4.88011,43.44347]},"properties":{"latitude":"43.44347","longitude":"4.88011","bright_ti4":"354.96","scan":"0.44","track":"0.62","acq_date":"2026-07-22","acq_time":"245","satellite":"N","instrument":"VIIRS","confidence":"n","version":"2.0NRT","bright_ti5":"295.95","frp":"3.92","daynight":"N","commune":"Fos-sur-Mer","code_insee":"13039","departement":"Bouches-du-Rhône","region":"Provence-Alpes-Côte d'Azur","forest":true}},{"type":"Feature","geometry":{"type":"Point","coordinates":[4.89857,43.44422]},"properties":{"latitude":"43.44422","longitude":"4.89857","bright_ti4":"313.27","scan":"0.44","track":"0.62","acq_date":"2026-07-22","acq_time":"245","satellite":"N","instrument":"VIIRS","confidence":"n","version":"2.0NRT","bright_ti5":"293.13","frp":"1.1","daynight":"N","commune":"Fos-sur-Mer","code_insee":"13039","departement":"Bouches-du-Rhône","region":"Provence-Alpes-Côte d'Azur","forest":true}},{"type":"Feature","geometry":{"type":"Point","coordinates":[4.89655,43.45114]},"properties":{"latitude":"43.45114","longitude":"4.89655","bright_ti4":"313.23","scan":"0.44","track":"0.62","acq_date":"2026-07-22","acq_time":"245","satellite":"N","instrument":"VIIRS","confidence":"n","version":"2.0NRT","bright_ti5":"292.57","frp":"1.1","daynight":"N","commune":"Fos-sur-Mer","code_insee":"13039","departement":"Bouches-du-Rhône","region":"Provence-Alpes-Côte d'Azur","forest":true}},{"type":"Feature","geometry":{"type":"Point","coordinates":[6.11923,43.50018]},"properties":{"latitude":"43.50018","longitude":"6.11923","bright_ti4":"317.84","scan":"0.49","track":"0.65","acq_date":"2026-07-22","acq_time":"245","satellite":"N","instrument":"VIIRS","confidence":"n","version":"2.0NRT","bright_ti5":"291.85","frp":"2.47","daynight":"N","commune":"Cotignac","code_insee":"83046","departement":"Var","region":"Provence-Alpes-Côte d'Azur","forest":true}},{"type":"Feature","geometry":{"type":"Point","coordinates":[6.11918,43.50115]},"properties":{"latitude":"43.50115","longitude":"6.11918","bright_ti4":"321.97","scan":"0.49","track":"0.65","acq_date":"2026-07-22","acq_time":"245","satellite":"N","instrument":"VIIRS","confidence":"n","version":"2.0NRT","bright_ti5":"292.55","frp":"1.66","daynight":"N","commune":"Cotignac","code_insee":"83046","departement":"Var","region":"Provence-Alpes-Côte d'Azur","forest":true}},{"type":"Feature","geometry":{"type":"Point","coordinates":[6.11278,43.50317]},"properties":{"latitude":"43.50317","longitude":"6.11278","bright_ti4":"304.2","scan":"0.49","track":"0.65","acq_date":"2026-07-22","acq_time":"245","satellite":"N","instrument":"VIIRS","confidence":"n","version":"2.0NRT","bright_ti5":"291.54","frp":"1.85","daynight":"N","commune":"Cotignac","code_insee":"83046","departement":"Var","region":"Provence-Alpes-Côte d'Azur","forest":true}},{"type":"Feature","geometry":{"type":"Point","coordinates":[6.12192,43.50697]},"properties":{"latitude":"43.50697","longitude":"6.12192","bright_ti4":"302.46","scan":"0.49","track":"0.65","acq_date":"2026-07-22","acq_time":"245","satellite":"N","instrument":"VIIRS","confidence":"n","version":"2.0NRT","bright_ti5":"291.74","frp":"1.66","daynight":"N","commune":"Cotignac","code_insee":"83046","departement":"Var","region":"Provence-Alpes-Côte d'Azur","forest":true}},{"type":"Feature","geometry":{"type":"Point","coordinates":[6.10989,43.51076]},"properties":{"latitude":"43.51076","longitude":"6.10989","bright_ti4":"303.4","scan":"0.49","track":"0.65","acq_date":"2026-07-22","acq_time":"245","satellite":"N","instrument":"VIIRS","confidence":"n","version":"2.0NRT","bright_ti5":"291.84","frp":"1.85","daynight":"N","commune":"Cotignac","code_insee":"83046","departement":"Var","region":"Provence-Alpes-Côte d'Azur","forest":true}},{"type":"Feature","geometry":{"type":"Point","coordinates":[6.14396,43.52009]},"properties":{"latitude":"43.52009","longitude":"6.14396","bright_ti4":"308.1","scan":"0.5","track":"0.65","acq_date":"2026-07-22","acq_time":"245","satellite":"N","instrument":"VIIRS","confidence":"n","version":"2.0NRT","bright_ti5":"293.69","frp":"2.2","daynight":"N","commune":"Cotignac","code_insee":"83046","departement":"Var","region":"Provence-Alpes-Côte d'Azur","forest":true}},{"type":"Feature","geometry":{"type":"Point","coordinates":[6.13725,43.5222]},"properties":{"latitude":"43.5222","longitude":"6.13725","bright_ti4":"310.7","scan":"0.49","track":"0.65","acq_date":"2026-07-22","acq_time":"245","satellite":"N","instrument":"VIIRS","confidence":"n","version":"2.0NRT","bright_ti5":"292.85","frp":"3.96","daynight":"N","commune":"Cotignac","code_insee":"83046","departement":"Var","region":"Provence-Alpes-Côte d'Azur","forest":true}},{"type":"Feature","geometry":{"type":"Point","coordinates":[6.07573,43.52818]},"properties":{"latitude":"43.52818","longitude":"6.07573","bright_ti4":"317.36","scan":"0.49","track":"0.65","acq_date":"2026-07-22","acq_time":"245","satellite":"N","instrument":"VIIRS","confidence":"n","version":"2.0NRT","bright_ti5":"293.08","frp":"2.67","daynight":"N","commune":"Pontevès","code_insee":"83095","departement":"Var","region":"Provence-Alpes-Côte d'Azur","forest":true}},{"type":"Feature","geometry":{"type":"Point","coordinates":[6.07005,43.52997]},"properties":{"latitude":"43.52997","longitude":"6.07005","bright_ti4":"305.99","scan":"0.49","track":"0.65","acq_date":"2026-07-22","acq_time":"245","satellite":"N","instrument":"VIIRS","confidence":"n","version":"2.0NRT","bright_ti5":"293.08","frp":"1.89","daynight":"N","commune":"Pontevès","code_insee":"83095","departement":"Var","region":"Provence-Alpes-Côte d'Azur","forest":true}},{"type":"Feature","geometry":{"type":"Point","coordinates":[6.06439,43.53175]},"properties":{"latitude":"43.53175","longitude":"6.06439","bright_ti4":"304.32","scan":"0.49","track":"0.65","acq_date":"2026-07-22","acq_time":"245","satellite":"N","instrument":"VIIRS","confidence":"n","version":"2.0NRT","bright_ti5":"292.99","frp":"1.89","daynight":"N","commune":"Pontevès","code_insee":"83095","departement":"Var","region":"Provence-Alpes-Côte d'Azur","forest":true}},{"type":"Feature","geometry":{"type":"Point","coordinates":[6.0589,43.53347]},"properties":{"latitude":"43.53347","longitude":"6.0589","bright_ti4":"319","scan":"0.49","track":"0.65","acq_date":"2026-07-22","acq_time":"245","satellite":"N","instrument":"VIIRS","confidence":"n","version":"2.0NRT","bright_ti5":"292.99","frp":"2","daynight":"N","commune":"Pontevès","code_insee":"83095","departement":"Var","region":"Provence-Alpes-Côte d'Azur","forest":true}},{"type":"Feature","geometry":{"type":"Point","coordinates":[6.05345,43.53519]},"properties":{"latitude":"43.53519","longitude":"6.05345","bright_ti4":"303.83","scan":"0.49","track":"0.65","acq_date":"2026-07-22","acq_time":"245","satellite":"N","instrument":"VIIRS","confidence":"n","version":"2.0NRT","bright_ti5":"290.95","frp":"2","daynight":"N","commune":"Pontevès","code_insee":"83095","departement":"Var","region":"Provence-Alpes-Côte d'Azur","forest":true}},{"type":"Feature","geometry":{"type":"Point","coordinates":[6.04792,43.53692]},"properties":{"latitude":"43.53692","longitude":"6.04792","bright_ti4":"306.63","scan":"0.49","track":"0.65","acq_date":"2026-07-22","acq_time":"245","satellite":"N","instrument":"VIIRS","confidence":"n","version":"2.0NRT","bright_ti5":"291.34","frp":"2.6","daynight":"N","commune":"Pontevès","code_insee":"83095","departement":"Var","region":"Provence-Alpes-Côte d'Azur","forest":true}},{"type":"Feature","geometry":{"type":"Point","coordinates":[6.05584,43.54109]},"properties":{"latitude":"43.54109","longitude":"6.05584","bright_ti4":"314.57","scan":"0.49","track":"0.65","acq_date":"2026-07-22","acq_time":"245","satellite":"N","instrument":"VIIRS","confidence":"n","version":"2.0NRT","bright_ti5":"292.47","frp":"2","daynight":"N","commune":"Pontevès","code_insee":"83095","departement":"Var","region":"Provence-Alpes-Côte d'Azur","forest":true}},{"type":"Feature","geometry":{"type":"Point","coordinates":[6.04985,43.54297]},"properties":{"latitude":"43.54297","longitude":"6.04985","bright_ti4":"315.24","scan":"0.49","track":"0.65","acq_date":"2026-07-22","acq_time":"245","satellite":"N","instrument":"VIIRS","confidence":"n","version":"2.0NRT","bright_ti5":"292.48","frp":"2.6","daynight":"N","commune":"Pontevès","code_insee":"83095","departement":"Var","region":"Provence-Alpes-Côte d'Azur","forest":true}},{"type":"Feature","geometry":{"type":"Point","coordinates":[6.10613,43.54531]},"properties":{"latitude":"43.54531","longitude":"6.10613","bright_ti4":"306.45","scan":"0.49","track":"0.65","acq_date":"2026-07-22","acq_time":"245","satellite":"N","instrument":"VIIRS","confidence":"n","version":"2.0NRT","bright_ti5":"289.5","frp":"0.94","daynight":"N","commune":"Cotignac","code_insee":"83046","departement":"Var","region":"Provence-Alpes-Côte d'Azur","forest":true}},{"type":"Feature","geometry":{"type":"Point","coordinates":[6.05354,43.54846]},"properties":{"latitude":"43.54846","longitude":"6.05354","bright_ti4":"319.42","scan":"0.49","track":"0.65","acq_date":"2026-07-22","acq_time":"245","satellite":"N","instrument":"VIIRS","confidence":"n","version":"2.0NRT","bright_ti5":"290.54","frp":"7.4","daynight":"N","commune":"Pontevès","code_insee":"83095","departement":"Var","region":"Provence-Alpes-Côte d'Azur","forest":true}},{"type":"Feature","geometry":{"type":"Point","coordinates":[6.04809,43.55017]},"properties":{"latitude":"43.55017","longitude":"6.04809","bright_ti4":"367","scan":"0.49","track":"0.65","acq_date":"2026-07-22","acq_time":"245","satellite":"N","instrument":"VIIRS","confidence":"h","version":"2.0NRT","bright_ti5":"293.93","frp":"7.4","daynight":"N","commune":"Pontevès","code_insee":"83095","departement":"Var","region":"Provence-Alpes-Côte d'Azur","forest":true}},{"type":"Feature","geometry":{"type":"Point","coordinates":[6.07627,43.56131]},"properties":{"latitude":"43.56131","longitude":"6.07627","bright_ti4":"305.25","scan":"0.49","track":"0.65","acq_date":"2026-07-22","acq_time":"245","satellite":"N","instrument":"VIIRS","confidence":"n","version":"2.0NRT","bright_ti5":"287.45","frp":"1.25","daynight":"N","commune":"Pontevès","code_insee":"83095","departement":"Var","region":"Provence-Alpes-Côte d'Azur","forest":true}},{"type":"Feature","geometry":{"type":"Point","coordinates":[5.86072,43.6284]},"properties":{"latitude":"43.6284","longitude":"5.86072","bright_ti4":"296.45","scan":"0.48","track":"0.64","acq_date":"2026-07-22","acq_time":"245","satellite":"N","instrument":"VIIRS","confidence":"n","version":"2.0NRT","bright_ti5":"282.92","frp":"0.41","daynight":"N","commune":"La Verdière","code_insee":"83146","departement":"Var","region":"Provence-Alpes-Côte d'Azur","forest":true}},{"type":"Feature","geometry":{"type":"Point","coordinates":[4.41476,44.11857]},"properties":{"latitude":"44.11857","longitude":"4.41476","bright_ti4":"333.53","scan":"0.4","track":"0.6","acq_date":"2026-07-22","acq_time":"245","satellite":"N","instrument":"VIIRS","confidence":"n","version":"2.0NRT","bright_ti5":"290.61","frp":"5.75","daynight":"N","commune":"Fontarèches","code_insee":"30115","departement":"Gard","region":"Occitanie","forest":true}},{"type":"Feature","geometry":{"type":"Point","coordinates":[4.41356,44.11886]},"properties":{"latitude":"44.11886","longitude":"4.41356","bright_ti4":"354.49","scan":"0.4","track":"0.6","acq_date":"2026-07-22","acq_time":"245","satellite":"N","instrument":"VIIRS","confidence":"n","version":"2.0NRT","bright_ti5":"291.56","frp":"6.28","daynight":"N","commune":"Fontarèches","code_insee":"30115","departement":"Gard","region":"Occitanie","forest":true}},{"type":"Feature","geometry":{"type":"Point","coordinates":[4.40993,44.11997]},"properties":{"latitude":"44.11997","longitude":"4.40993","bright_ti4":"367","scan":"0.4","track":"0.6","acq_date":"2026-07-22","acq_time":"245","satellite":"N","instrument":"VIIRS","confidence":"h","version":"2.0NRT","bright_ti5":"291.08","frp":"5.75","daynight":"N","commune":"La Bruguière","code_insee":"30056","departement":"Gard","region":"Occitanie","forest":true}},{"type":"Feature","geometry":{"type":"Point","coordinates":[4.40878,44.12028]},"properties":{"latitude":"44.12028","longitude":"4.40878","bright_ti4":"337.36","scan":"0.4","track":"0.6","acq_date":"2026-07-22","acq_time":"245","satellite":"N","instrument":"VIIRS","confidence":"n","version":"2.0NRT","bright_ti5":"290.63","frp":"6.28","daynight":"N","commune":"La Bruguière","code_insee":"30056","departement":"Gard","region":"Occitanie","forest":true}},{"type":"Feature","geometry":{"type":"Point","coordinates":[4.41779,44.12373]},"properties":{"latitude":"44.12373","longitude":"4.41779","bright_ti4":"306.22","scan":"0.4","track":"0.6","acq_date":"2026-07-22","acq_time":"245","satellite":"N","instrument":"VIIRS","confidence":"n","version":"2.0NRT","bright_ti5":"290.16","frp":"5.75","daynight":"N","commune":"Fontarèches","code_insee":"30115","departement":"Gard","region":"Occitanie","forest":true}},{"type":"Feature","geometry":{"type":"Point","coordinates":[4.41661,44.12401]},"properties":{"latitude":"44.12401","longitude":"4.41661","bright_ti4":"324.54","scan":"0.4","track":"0.6","acq_date":"2026-07-22","acq_time":"245","satellite":"N","instrument":"VIIRS","confidence":"n","version":"2.0NRT","bright_ti5":"290.62","frp":"5.41","daynight":"N","commune":"Fontarèches","code_insee":"30115","departement":"Gard","region":"Occitanie","forest":true}},{"type":"Feature","geometry":{"type":"Point","coordinates":[4.41315,44.12507]},"properties":{"latitude":"44.12507","longitude":"4.41315","bright_ti4":"367","scan":"0.4","track":"0.6","acq_date":"2026-07-22","acq_time":"245","satellite":"N","instrument":"VIIRS","confidence":"h","version":"2.0NRT","bright_ti5":"297.64","frp":"5.75","daynight":"N","commune":"Fontarèches","code_insee":"30115","departement":"Gard","region":"Occitanie","forest":true}},{"type":"Feature","geometry":{"type":"Point","coordinates":[4.412,44.12537]},"properties":{"latitude":"44.12537","longitude":"4.412","bright_ti4":"367","scan":"0.4","track":"0.6","acq_date":"2026-07-22","acq_time":"245","satellite":"N","instrument":"VIIRS","confidence":"h","version":"2.0NRT","bright_ti5":"295.98","frp":"5.41","daynight":"N","commune":"Fontarèches","code_insee":"30115","departement":"Gard","region":"Occitanie","forest":true}},{"type":"Feature","geometry":{"type":"Point","coordinates":[6.54406,44.77165]},"properties":{"latitude":"44.77165","longitude":"6.54406","bright_ti4":"295.31","scan":"0.47","track":"0.64","acq_date":"2026-07-22","acq_time":"245","satellite":"N","instrument":"VIIRS","confidence":"n","version":"2.0NRT","bright_ti5":"284.28","frp":"0.71","daynight":"N","commune":"L'Argentière-la-Bessée","code_insee":"05006","departement":"Hautes-Alpes","region":"Provence-Alpes-Côte d'Azur","forest":true}},{"type":"Feature","geometry":{"type":"Point","coordinates":[0.15185,46.80679]},"properties":{"latitude":"46.80679","longitude":"0.15185","bright_ti4":"337.19","scan":"0.43","track":"0.46","acq_date":"2026-07-22","acq_time":"245","satellite":"N","instrument":"VIIRS","confidence":"n","version":"2.0NRT","bright_ti5":"286.95","frp":"3.93","daynight":"N","commune":"Chouppes","code_insee":"86075","departement":"Vienne","region":"Nouvelle-Aquitaine","forest":true}},{"type":"Feature","geometry":{"type":"Point","coordinates":[1.50656,48.37841]},"properties":{"latitude":"48.37841","longitude":"1.50656","bright_ti4":"300.3","scan":"0.45","track":"0.47","acq_date":"2026-07-22","acq_time":"245","satellite":"N","instrument":"VIIRS","confidence":"n","version":"2.0NRT","bright_ti5":"283.17","frp":"0.67","daynight":"N","commune":"Corancez","code_insee":"28107","departement":"Eure-et-Loir","region":"Centre-Val de Loire","forest":true}},{"type":"Feature","geometry":{"type":"Point","coordinates":[2.94897,49.09761]},"properties":{"latitude":"49.09761","longitude":"2.94897","bright_ti4":"295.92","scan":"0.49","track":"0.49","acq_date":"2026-07-22","acq_time":"245","satellite":"N","instrument":"VIIRS","confidence":"n","version":"2.0NRT","bright_ti5":"283.24","frp":"1.31","daynight":"N","commune":"Acy-en-Multien","code_insee":"60005","departement":"Oise","region":"Hauts-de-France","forest":true}},{"type":"Feature","geometry":{"type":"Point","coordinates":[2.95128,49.09918]},"properties":{"latitude":"49.09918","longitude":"2.95128","bright_ti4":"329.9","scan":"0.49","track":"0.49","acq_date":"2026-07-22","acq_time":"245","satellite":"N","instrument":"VIIRS","confidence":"n","version":"2.0NRT","bright_ti5":"285.72","frp":"4.27","daynight":"N","commune":"Acy-en-Multien","code_insee":"60005","departement":"Oise","region":"Hauts-de-France","forest":true}},{"type":"Feature","geometry":{"type":"Point","coordinates":[2.95804,49.10017]},"properties":{"latitude":"49.10017","longitude":"2.95804","bright_ti4":"303","scan":"0.49","track":"0.49","acq_date":"2026-07-22","acq_time":"245","satellite":"N","instrument":"VIIRS","confidence":"n","version":"2.0NRT","bright_ti5":"283.79","frp":"0.97","daynight":"N","commune":"Acy-en-Multien","code_insee":"60005","departement":"Oise","region":"Hauts-de-France","forest":true}},{"type":"Feature","geometry":{"type":"Point","coordinates":[2.95162,49.10181]},"properties":{"latitude":"49.10181","longitude":"2.95162","bright_ti4":"301.3","scan":"0.49","track":"0.49","acq_date":"2026-07-22","acq_time":"245","satellite":"N","instrument":"VIIRS","confidence":"n","version":"2.0NRT","bright_ti5":"283.96","frp":"1.31","daynight":"N","commune":"Acy-en-Multien","code_insee":"60005","departement":"Oise","region":"Hauts-de-France","forest":true}},{"type":"Feature","geometry":{"type":"Point","coordinates":[6.10151,49.32724]},"properties":{"latitude":"49.32724","longitude":"6.10151","bright_ti4":"303.36","scan":"0.33","track":"0.55","acq_date":"2026-07-22","acq_time":"245","satellite":"N","instrument":"VIIRS","confidence":"n","version":"2.0NRT","bright_ti5":"282.96","frp":"0.29","daynight":"N","commune":"Serémange-Erzange","code_insee":"57647","departement":"Moselle","region":"Grand Est","forest":true}},{"type":"Feature","geometry":{"type":"Point","coordinates":[2.2697,51.01323]},"properties":{"latitude":"51.01323","longitude":"2.2697","bright_ti4":"298.22","scan":"0.41","track":"0.45","acq_date":"2026-07-22","acq_time":"245","satellite":"N","instrument":"VIIRS","confidence":"n","version":"2.0NRT","bright_ti5":"286.24","frp":"0.78","daynight":"N","commune":"Grande-Synthe","code_insee":"59271","departement":"Nord","region":"Hauts-de-France","forest":true}},{"type":"Feature","geometry":{"type":"Point","coordinates":[-1.35171,43.06097]},"properties":{"latitude":"43.06097","longitude":"-1.35171","bright_ti4":"301.85","scan":"0.46","track":"0.47","acq_date":"2026-07-22","acq_time":"247","satellite":"N","instrument":"VIIRS","confidence":"n","version":"2.0NRT","bright_ti5":"285.93","frp":"0.61","daynight":"N","commune":"Banca","code_insee":"64092","departement":"Pyrénées-Atlantiques","region":"Nouvelle-Aquitaine","forest":true}},{"type":"Feature","geometry":{"type":"Point","coordinates":[9.05882,42.25981]},"properties":{"latitude":"42.25981","longitude":"9.05882","bright_ti4":"350.69","scan":"0.39","track":"0.36","acq_date":"2026-07-22","acq_time":"1229","satellite":"N","instrument":"VIIRS","confidence":"n","version":"2.0NRT","bright_ti5":"312.01","frp":"106.25","daynight":"D","commune":"Corte","code_insee":"2B096","departement":"Haute-Corse","region":"Corse","forest":true}},{"type":"Feature","geometry":{"type":"Point","coordinates":[9.07797,42.26261]},"properties":{"latitude":"42.26261","longitude":"9.07797","bright_ti4":"335.87","scan":"0.39","track":"0.36","acq_date":"2026-07-22","acq_time":"1229","satellite":"N","instrument":"VIIRS","confidence":"n","version":"2.0NRT","bright_ti5":"300.08","frp":"3.04","daynight":"D","commune":"Corte","code_insee":"2B096","departement":"Haute-Corse","region":"Corse","forest":true}},{"type":"Feature","geometry":{"type":"Point","coordinates":[9.08642,42.26727]},"properties":{"latitude":"42.26727","longitude":"9.08642","bright_ti4":"347.27","scan":"0.39","track":"0.36","acq_date":"2026-07-22","acq_time":"1229","satellite":"N","instrument":"VIIRS","confidence":"n","version":"2.0NRT","bright_ti5":"304.32","frp":"7.21","daynight":"D","commune":"Corte","code_insee":"2B096","departement":"Haute-Corse","region":"Corse","forest":true}},{"type":"Feature","geometry":{"type":"Point","coordinates":[9.09022,42.27126]},"properties":{"latitude":"42.27126","longitude":"9.09022","bright_ti4":"338.75","scan":"0.39","track":"0.36","acq_date":"2026-07-22","acq_time":"1229","satellite":"N","instrument":"VIIRS","confidence":"n","version":"2.0NRT","bright_ti5":"303.13","frp":"7.21","daynight":"D","commune":"Corte","code_insee":"2B096","departement":"Haute-Corse","region":"Corse","forest":true}},{"type":"Feature","geometry":{"type":"Point","coordinates":[9.09501,42.27196]},"properties":{"latitude":"42.27196","longitude":"9.09501","bright_ti4":"351.19","scan":"0.39","track":"0.36","acq_date":"2026-07-22","acq_time":"1229","satellite":"N","instrument":"VIIRS","confidence":"n","version":"2.0NRT","bright_ti5":"307.47","frp":"7.21","daynight":"D","commune":"Corte","code_insee":"2B096","departement":"Haute-Corse","region":"Corse","forest":true}},{"type":"Feature","geometry":{"type":"Point","coordinates":[9.09977,42.27265]},"properties":{"latitude":"42.27265","longitude":"9.09977","bright_ti4":"333.37","scan":"0.39","track":"0.36","acq_date":"2026-07-22","acq_time":"1229","satellite":"N","instrument":"VIIRS","confidence":"n","version":"2.0NRT","bright_ti5":"304.28","frp":"2.79","daynight":"D","commune":"Corte","code_insee":"2B096","departement":"Haute-Corse","region":"Corse","forest":true}},{"type":"Feature","geometry":{"type":"Point","coordinates":[9.09879,42.27594]},"properties":{"latitude":"42.27594","longitude":"9.09879","bright_ti4":"331.46","scan":"0.39","track":"0.36","acq_date":"2026-07-22","acq_time":"1229","satellite":"N","instrument":"VIIRS","confidence":"l","version":"2.0NRT","bright_ti5":"303.43","frp":"3.34","daynight":"D","commune":"Corte","code_insee":"2B096","departement":"Haute-Corse","region":"Corse","forest":true}},{"type":"Feature","geometry":{"type":"Point","coordinates":[9.07766,42.27972]},"properties":{"latitude":"42.27972","longitude":"9.07766","bright_ti4":"332.32","scan":"0.39","track":"0.36","acq_date":"2026-07-22","acq_time":"1229","satellite":"N","instrument":"VIIRS","confidence":"n","version":"2.0NRT","bright_ti5":"299.25","frp":"4.38","daynight":"D","commune":"Corte","code_insee":"2B096","departement":"Haute-Corse","region":"Corse","forest":true}},{"type":"Feature","geometry":{"type":"Point","coordinates":[9.08241,42.28041]},"properties":{"latitude":"42.28041","longitude":"9.08241","bright_ti4":"332.42","scan":"0.39","track":"0.36","acq_date":"2026-07-22","acq_time":"1229","satellite":"N","instrument":"VIIRS","confidence":"n","version":"2.0NRT","bright_ti5":"301.02","frp":"4.38","daynight":"D","commune":"Corte","code_insee":"2B096","departement":"Haute-Corse","region":"Corse","forest":true}},{"type":"Feature","geometry":{"type":"Point","coordinates":[9.07689,42.28304]},"properties":{"latitude":"42.28304","longitude":"9.07689","bright_ti4":"346.73","scan":"0.39","track":"0.36","acq_date":"2026-07-22","acq_time":"1229","satellite":"N","instrument":"VIIRS","confidence":"n","version":"2.0NRT","bright_ti5":"303.4","frp":"4.38","daynight":"D","commune":"Corte","code_insee":"2B096","departement":"Haute-Corse","region":"Corse","forest":true}},{"type":"Feature","geometry":{"type":"Point","coordinates":[9.07616,42.28637]},"properties":{"latitude":"42.28637","longitude":"9.07616","bright_ti4":"341.79","scan":"0.39","track":"0.36","acq_date":"2026-07-22","acq_time":"1229","satellite":"N","instrument":"VIIRS","confidence":"n","version":"2.0NRT","bright_ti5":"300.33","frp":"4.55","daynight":"D","commune":"Corte","code_insee":"2B096","departement":"Haute-Corse","region":"Corse","forest":true}},{"type":"Feature","geometry":{"type":"Point","coordinates":[9.08084,42.28705]},"properties":{"latitude":"42.28705","longitude":"9.08084","bright_ti4":"330.82","scan":"0.39","track":"0.36","acq_date":"2026-07-22","acq_time":"1229","satellite":"N","instrument":"VIIRS","confidence":"l","version":"2.0NRT","bright_ti5":"302.9","frp":"4.55","daynight":"D","commune":"Corte","code_insee":"2B096","departement":"Haute-Corse","region":"Corse","forest":true}},{"type":"Feature","geometry":{"type":"Point","coordinates":[9.08008,42.29038]},"properties":{"latitude":"42.29038","longitude":"9.08008","bright_ti4":"351.25","scan":"0.39","track":"0.36","acq_date":"2026-07-22","acq_time":"1229","satellite":"N","instrument":"VIIRS","confidence":"n","version":"2.0NRT","bright_ti5":"303.85","frp":"4.55","daynight":"D","commune":"Corte","code_insee":"2B096","departement":"Haute-Corse","region":"Corse","forest":true}},{"type":"Feature","geometry":{"type":"Point","coordinates":[9.0848,42.29107]},"properties":{"latitude":"42.29107","longitude":"9.0848","bright_ti4":"352.7","scan":"0.39","track":"0.36","acq_date":"2026-07-22","acq_time":"1229","satellite":"N","instrument":"VIIRS","confidence":"n","version":"2.0NRT","bright_ti5":"304.32","frp":"7.42","daynight":"D","commune":"Corte","code_insee":"2B096","departement":"Haute-Corse","region":"Corse","forest":true}},{"type":"Feature","geometry":{"type":"Point","coordinates":[9.08404,42.2944]},"properties":{"latitude":"42.2944","longitude":"9.08404","bright_ti4":"349.65","scan":"0.39","track":"0.36","acq_date":"2026-07-22","acq_time":"1229","satellite":"N","instrument":"VIIRS","confidence":"n","version":"2.0NRT","bright_ti5":"301.26","frp":"6.97","daynight":"D","commune":"Corte","code_insee":"2B096","departement":"Haute-Corse","region":"Corse","forest":true}},{"type":"Feature","geometry":{"type":"Point","coordinates":[9.34918,42.70073]},"properties":{"latitude":"42.70073","longitude":"9.34918","bright_ti4":"342.09","scan":"0.39","track":"0.36","acq_date":"2026-07-22","acq_time":"1229","satellite":"N","instrument":"VIIRS","confidence":"n","version":"2.0NRT","bright_ti5":"311.25","frp":"7.25","daynight":"D","commune":"Patrimonio","code_insee":"2B205","departement":"Haute-Corse","region":"Corse","forest":true}},{"type":"Feature","geometry":{"type":"Point","coordinates":[9.34829,42.70405]},"properties":{"latitude":"42.70405","longitude":"9.34829","bright_ti4":"344.94","scan":"0.39","track":"0.36","acq_date":"2026-07-22","acq_time":"1229","satellite":"N","instrument":"VIIRS","confidence":"n","version":"2.0NRT","bright_ti5":"311.06","frp":"28.23","daynight":"D","commune":"Patrimonio","code_insee":"2B205","departement":"Haute-Corse","region":"Corse","forest":true}},{"type":"Feature","geometry":{"type":"Point","coordinates":[4.8819,43.44073]},"properties":{"latitude":"43.44073","longitude":"4.8819","bright_ti4":"340.33","scan":"0.42","track":"0.37","acq_date":"2026-07-22","acq_time":"1232","satellite":"N","instrument":"VIIRS","confidence":"l","version":"2.0NRT","bright_ti5":"313.76","frp":"8.32","daynight":"D","commune":"Fos-sur-Mer","code_insee":"13039","departement":"Bouches-du-Rhône","region":"Provence-Alpes-Côte d'Azur","forest":true}},{"type":"Feature","geometry":{"type":"Point","coordinates":[6.11281,43.5005]},"properties":{"latitude":"43.5005","longitude":"6.11281","bright_ti4":"336.54","scan":"0.39","track":"0.36","acq_date":"2026-07-22","acq_time":"1232","satellite":"N","instrument":"VIIRS","confidence":"n","version":"2.0NRT","bright_ti5":"304.05","frp":"3.48","daynight":"D","commune":"Montfort-sur-Argens","code_insee":"83083","departement":"Var","region":"Provence-Alpes-Côte d'Azur","forest":true}},{"type":"Feature","geometry":{"type":"Point","coordinates":[6.11761,43.5013]},"properties":{"latitude":"43.5013","longitude":"6.11761","bright_ti4":"336.24","scan":"0.39","track":"0.36","acq_date":"2026-07-22","acq_time":"1232","satellite":"N","instrument":"VIIRS","confidence":"n","version":"2.0NRT","bright_ti5":"305.15","frp":"3.48","daynight":"D","commune":"Cotignac","code_insee":"83046","departement":"Var","region":"Provence-Alpes-Côte d'Azur","forest":true}},{"type":"Feature","geometry":{"type":"Point","coordinates":[6.11178,43.50381]},"properties":{"latitude":"43.50381","longitude":"6.11178","bright_ti4":"346.74","scan":"0.39","track":"0.36","acq_date":"2026-07-22","acq_time":"1232","satellite":"N","instrument":"VIIRS","confidence":"n","version":"2.0NRT","bright_ti5":"306.52","frp":"3.48","daynight":"D","commune":"Cotignac","code_insee":"83046","departement":"Var","region":"Provence-Alpes-Côte d'Azur","forest":true}},{"type":"Feature","geometry":{"type":"Point","coordinates":[6.11075,43.50712]},"properties":{"latitude":"43.50712","longitude":"6.11075","bright_ti4":"353.71","scan":"0.39","track":"0.36","acq_date":"2026-07-22","acq_time":"1232","satellite":"N","instrument":"VIIRS","confidence":"n","version":"2.0NRT","bright_ti5":"317.75","frp":"20.69","daynight":"D","commune":"Cotignac","code_insee":"83046","departement":"Var","region":"Provence-Alpes-Côte d'Azur","forest":true}},{"type":"Feature","geometry":{"type":"Point","coordinates":[6.1097,43.51044]},"properties":{"latitude":"43.51044","longitude":"6.1097","bright_ti4":"336.63","scan":"0.39","track":"0.36","acq_date":"2026-07-22","acq_time":"1232","satellite":"N","instrument":"VIIRS","confidence":"n","version":"2.0NRT","bright_ti5":"302.55","frp":"20.69","daynight":"D","commune":"Cotignac","code_insee":"83046","departement":"Var","region":"Provence-Alpes-Côte d'Azur","forest":true}},{"type":"Feature","geometry":{"type":"Point","coordinates":[6.55962,44.75346]},"properties":{"latitude":"44.75346","longitude":"6.55962","bright_ti4":"332.44","scan":"0.39","track":"0.36","acq_date":"2026-07-22","acq_time":"1232","satellite":"N","instrument":"VIIRS","confidence":"l","version":"2.0NRT","bright_ti5":"305.4","frp":"1.8","daynight":"D","commune":"Freissinières","code_insee":"05058","departement":"Hautes-Alpes","region":"Provence-Alpes-Côte d'Azur","forest":true}},{"type":"Feature","geometry":{"type":"Point","coordinates":[6.56435,44.75422]},"properties":{"latitude":"44.75422","longitude":"6.56435","bright_ti4":"334.04","scan":"0.39","track":"0.36","acq_date":"2026-07-22","acq_time":"1232","satellite":"N","instrument":"VIIRS","confidence":"n","version":"2.0NRT","bright_ti5":"302.25","frp":"1.8","daynight":"D","commune":"Freissinières","code_insee":"05058","departement":"Hautes-Alpes","region":"Provence-Alpes-Côte d'Azur","forest":true}},{"type":"Feature","geometry":{"type":"Point","coordinates":[6.55857,44.75673]},"properties":{"latitude":"44.75673","longitude":"6.55857","bright_ti4":"331.56","scan":"0.39","track":"0.36","acq_date":"2026-07-22","acq_time":"1232","satellite":"N","instrument":"VIIRS","confidence":"l","version":"2.0NRT","bright_ti5":"302.68","frp":"3.81","daynight":"D","commune":"Freissinières","code_insee":"05058","departement":"Hautes-Alpes","region":"Provence-Alpes-Côte d'Azur","forest":true}},{"type":"Feature","geometry":{"type":"Point","coordinates":[6.56798,44.75826]},"properties":{"latitude":"44.75826","longitude":"6.56798","bright_ti4":"339.73","scan":"0.39","track":"0.36","acq_date":"2026-07-22","acq_time":"1232","satellite":"N","instrument":"VIIRS","confidence":"n","version":"2.0NRT","bright_ti5":"307.09","frp":"10.1","daynight":"D","commune":"Freissinières","code_insee":"05058","departement":"Hautes-Alpes","region":"Provence-Alpes-Côte d'Azur","forest":true}},{"type":"Feature","geometry":{"type":"Point","coordinates":[6.5622,44.76077]},"properties":{"latitude":"44.76077","longitude":"6.5622","bright_ti4":"348.19","scan":"0.39","track":"0.36","acq_date":"2026-07-22","acq_time":"1232","satellite":"N","instrument":"VIIRS","confidence":"n","version":"2.0NRT","bright_ti5":"312.33","frp":"3.81","daynight":"D","commune":"Freissinières","code_insee":"05058","departement":"Hautes-Alpes","region":"Provence-Alpes-Côte d'Azur","forest":true}},{"type":"Feature","geometry":{"type":"Point","coordinates":[6.54225,44.76099]},"properties":{"latitude":"44.76099","longitude":"6.54225","bright_ti4":"353.01","scan":"0.39","track":"0.36","acq_date":"2026-07-22","acq_time":"1232","satellite":"N","instrument":"VIIRS","confidence":"n","version":"2.0NRT","bright_ti5":"313.81","frp":"10.05","daynight":"D","commune":"Freissinières","code_insee":"05058","departement":"Hautes-Alpes","region":"Provence-Alpes-Côte d'Azur","forest":true}},{"type":"Feature","geometry":{"type":"Point","coordinates":[6.56692,44.76154]},"properties":{"latitude":"44.76154","longitude":"6.56692","bright_ti4":"348.48","scan":"0.39","track":"0.36","acq_date":"2026-07-22","acq_time":"1232","satellite":"N","instrument":"VIIRS","confidence":"n","version":"2.0NRT","bright_ti5":"309.22","frp":"10.1","daynight":"D","commune":"Freissinières","code_insee":"05058","departement":"Hautes-Alpes","region":"Provence-Alpes-Côte d'Azur","forest":true}},{"type":"Feature","geometry":{"type":"Point","coordinates":[6.55644,44.76328]},"properties":{"latitude":"44.76328","longitude":"6.55644","bright_ti4":"348.88","scan":"0.39","track":"0.36","acq_date":"2026-07-22","acq_time":"1232","satellite":"N","instrument":"VIIRS","confidence":"n","version":"2.0NRT","bright_ti5":"305.68","frp":"6.21","daynight":"D","commune":"L'Argentière-la-Bessée","code_insee":"05006","departement":"Hautes-Alpes","region":"Provence-Alpes-Côte d'Azur","forest":true}},{"type":"Feature","geometry":{"type":"Point","coordinates":[6.56112,44.76405]},"properties":{"latitude":"44.76405","longitude":"6.56112","bright_ti4":"342.07","scan":"0.39","track":"0.36","acq_date":"2026-07-22","acq_time":"1232","satellite":"N","instrument":"VIIRS","confidence":"n","version":"2.0NRT","bright_ti5":"306.45","frp":"6.21","daynight":"D","commune":"L'Argentière-la-Bessée","code_insee":"05006","departement":"Hautes-Alpes","region":"Provence-Alpes-Côte d'Azur","forest":true}},{"type":"Feature","geometry":{"type":"Point","coordinates":[6.54126,44.76427]},"properties":{"latitude":"44.76427","longitude":"6.54126","bright_ti4":"349.1","scan":"0.39","track":"0.36","acq_date":"2026-07-22","acq_time":"1232","satellite":"N","instrument":"VIIRS","confidence":"n","version":"2.0NRT","bright_ti5":"308.1","frp":"10.05","daynight":"D","commune":"Freissinières","code_insee":"05058","departement":"Hautes-Alpes","region":"Provence-Alpes-Côte d'Azur","forest":true}},{"type":"Feature","geometry":{"type":"Point","coordinates":[6.546,44.76504]},"properties":{"latitude":"44.76504","longitude":"6.546","bright_ti4":"348.59","scan":"0.39","track":"0.36","acq_date":"2026-07-22","acq_time":"1232","satellite":"N","instrument":"VIIRS","confidence":"n","version":"2.0NRT","bright_ti5":"306.31","frp":"6.72","daynight":"D","commune":"L'Argentière-la-Bessée","code_insee":"05006","departement":"Hautes-Alpes","region":"Provence-Alpes-Côte d'Azur","forest":true}},{"type":"Feature","geometry":{"type":"Point","coordinates":[6.55067,44.7658]},"properties":{"latitude":"44.7658","longitude":"6.55067","bright_ti4":"334.03","scan":"0.39","track":"0.36","acq_date":"2026-07-22","acq_time":"1232","satellite":"N","instrument":"VIIRS","confidence":"n","version":"2.0NRT","bright_ti5":"301.64","frp":"6.72","daynight":"D","commune":"L'Argentière-la-Bessée","code_insee":"05006","departement":"Hautes-Alpes","region":"Provence-Alpes-Côte d'Azur","forest":true}},{"type":"Feature","geometry":{"type":"Point","coordinates":[6.55533,44.76656]},"properties":{"latitude":"44.76656","longitude":"6.55533","bright_ti4":"353.43","scan":"0.39","track":"0.36","acq_date":"2026-07-22","acq_time":"1232","satellite":"N","instrument":"VIIRS","confidence":"n","version":"2.0NRT","bright_ti5":"305.32","frp":"6.21","daynight":"D","commune":"L'Argentière-la-Bessée","code_insee":"05006","departement":"Hautes-Alpes","region":"Provence-Alpes-Côte d'Azur","forest":true}},{"type":"Feature","geometry":{"type":"Point","coordinates":[6.54243,44.76706]},"properties":{"latitude":"44.76706","longitude":"6.54243","bright_ti4":"349.36","scan":"0.39","track":"0.36","acq_date":"2026-07-22","acq_time":"1232","satellite":"N","instrument":"VIIRS","confidence":"n","version":"2.0NRT","bright_ti5":"311.73","frp":"58.09","daynight":"D","commune":"L'Argentière-la-Bessée","code_insee":"05006","departement":"Hautes-Alpes","region":"Provence-Alpes-Côte d'Azur","forest":true}},{"type":"Feature","geometry":{"type":"Point","coordinates":[6.54712,44.7678]},"properties":{"latitude":"44.7678","longitude":"6.54712","bright_ti4":"354.13","scan":"0.39","track":"0.36","acq_date":"2026-07-22","acq_time":"1232","satellite":"N","instrument":"VIIRS","confidence":"n","version":"2.0NRT","bright_ti5":"319.72","frp":"49.1","daynight":"D","commune":"L'Argentière-la-Bessée","code_insee":"05006","departement":"Hautes-Alpes","region":"Provence-Alpes-Côte d'Azur","forest":true}},{"type":"Feature","geometry":{"type":"Point","coordinates":[6.54138,44.77033]},"properties":{"latitude":"44.77033","longitude":"6.54138","bright_ti4":"367","scan":"0.39","track":"0.36","acq_date":"2026-07-22","acq_time":"1232","satellite":"N","instrument":"VIIRS","confidence":"h","version":"2.0NRT","bright_ti5":"333.17","frp":"58.09","daynight":"D","commune":"L'Argentière-la-Bessée","code_insee":"05006","departement":"Hautes-Alpes","region":"Provence-Alpes-Côte d'Azur","forest":true}},{"type":"Feature","geometry":{"type":"Point","coordinates":[6.54603,44.77107]},"properties":{"latitude":"44.77107","longitude":"6.54603","bright_ti4":"341.52","scan":"0.39","track":"0.36","acq_date":"2026-07-22","acq_time":"1232","satellite":"N","instrument":"VIIRS","confidence":"n","version":"2.0NRT","bright_ti5":"314.61","frp":"49.1","daynight":"D","commune":"L'Argentière-la-Bessée","code_insee":"05006","departement":"Hautes-Alpes","region":"Provence-Alpes-Côte d'Azur","forest":true}},{"type":"Feature","geometry":{"type":"Point","coordinates":[-1.02658,44.89661]},"properties":{"latitude":"44.89661","longitude":"-1.02658","bright_ti4":"367","scan":"0.43","track":"0.46","acq_date":"2026-07-22","acq_time":"1232","satellite":"N","instrument":"VIIRS","confidence":"h","version":"2.0NRT","bright_ti5":"320.97","frp":"58","daynight":"D","commune":"Saumos","code_insee":"33503","departement":"Gironde","region":"Nouvelle-Aquitaine","forest":true}},{"type":"Feature","geometry":{"type":"Point","coordinates":[-1.02128,44.89784]},"properties":{"latitude":"44.89784","longitude":"-1.02128","bright_ti4":"341.8","scan":"0.43","track":"0.46","acq_date":"2026-07-22","acq_time":"1232","satellite":"N","instrument":"VIIRS","confidence":"n","version":"2.0NRT","bright_ti5":"306.55","frp":"58","daynight":"D","commune":"Saumos","code_insee":"33503","departement":"Gironde","region":"Nouvelle-Aquitaine","forest":true}},{"type":"Feature","geometry":{"type":"Point","coordinates":[-1.03375,44.89945]},"properties":{"latitude":"44.89945","longitude":"-1.03375","bright_ti4":"312.32","scan":"0.43","track":"0.46","acq_date":"2026-07-22","acq_time":"1232","satellite":"N","instrument":"VIIRS","confidence":"l","version":"2.0NRT","bright_ti5":"315.37","frp":"103.97","daynight":"D","commune":"Saumos","code_insee":"33503","departement":"Gironde","region":"Nouvelle-Aquitaine","forest":true}},{"type":"Feature","geometry":{"type":"Point","coordinates":[-1.02846,44.90067]},"properties":{"latitude":"44.90067","longitude":"-1.02846","bright_ti4":"367","scan":"0.43","track":"0.46","acq_date":"2026-07-22","acq_time":"1232","satellite":"N","instrument":"VIIRS","confidence":"l","version":"2.0NRT","bright_ti5":"335.97","frp":"58","daynight":"D","commune":"Saumos","code_insee":"33503","departement":"Gironde","region":"Nouvelle-Aquitaine","forest":true}},{"type":"Feature","geometry":{"type":"Point","coordinates":[-1.02317,44.9019]},"properties":{"latitude":"44.9019","longitude":"-1.02317","bright_ti4":"367","scan":"0.43","track":"0.46","acq_date":"2026-07-22","acq_time":"1232","satellite":"N","instrument":"VIIRS","confidence":"l","version":"2.0NRT","bright_ti5":"331.08","frp":"58","daynight":"D","commune":"Saumos","code_insee":"33503","departement":"Gironde","region":"Nouvelle-Aquitaine","forest":true}},{"type":"Feature","geometry":{"type":"Point","coordinates":[0.35406,45.97857]},"properties":{"latitude":"45.97857","longitude":"0.35406","bright_ti4":"339.76","scan":"0.53","track":"0.42","acq_date":"2026-07-22","acq_time":"1232","satellite":"N","instrument":"VIIRS","confidence":"n","version":"2.0NRT","bright_ti5":"306.46","frp":"5","daynight":"D","commune":"Nanteuil-en-Vallée","code_insee":"16242","departement":"Charente","region":"Nouvelle-Aquitaine","forest":true}},{"type":"Feature","geometry":{"type":"Point","coordinates":[3.35474,46.83354]},"properties":{"latitude":"46.83354","longitude":"3.35474","bright_ti4":"339.51","scan":"0.42","track":"0.37","acq_date":"2026-07-22","acq_time":"1232","satellite":"N","instrument":"VIIRS","confidence":"l","version":"2.0NRT","bright_ti5":"310.67","frp":"4.97","daynight":"D","commune":"Sougy-sur-Loire","code_insee":"58280","departement":"Nièvre","region":"Bourgogne-Franche-Comté","forest":true}},{"type":"Feature","geometry":{"type":"Point","coordinates":[-1.04762,44.88488]},"properties":{"latitude":"44.88488","longitude":"-1.04762","bright_ti4":"334.95","scan":"0.6","track":"0.7","acq_date":"2026-07-22","acq_time":"1412","satellite":"N","instrument":"VIIRS","confidence":"n","version":"2.0NRT","bright_ti5":"296.28","frp":"29.08","daynight":"D","commune":"Saumos","code_insee":"33503","departement":"Gironde","region":"Nouvelle-Aquitaine","forest":true}},{"type":"Feature","geometry":{"type":"Point","coordinates":[-1.03977,44.88491]},"properties":{"latitude":"44.88491","longitude":"-1.03977","bright_ti4":"367","scan":"0.6","track":"0.7","acq_date":"2026-07-22","acq_time":"1412","satellite":"N","instrument":"VIIRS","confidence":"h","version":"2.0NRT","bright_ti5":"306.89","frp":"45.53","daynight":"D","commune":"Saumos","code_insee":"33503","departement":"Gironde","region":"Nouvelle-Aquitaine","forest":true}},{"type":"Feature","geometry":{"type":"Point","coordinates":[-1.03187,44.88493]},"properties":{"latitude":"44.88493","longitude":"-1.03187","bright_ti4":"344.58","scan":"0.6","track":"0.7","acq_date":"2026-07-22","acq_time":"1412","satellite":"N","instrument":"VIIRS","confidence":"n","version":"2.0NRT","bright_ti5":"295.68","frp":"45.53","daynight":"D","commune":"Saumos","code_insee":"33503","departement":"Gironde","region":"Nouvelle-Aquitaine","forest":true}},{"type":"Feature","geometry":{"type":"Point","coordinates":[-1.04933,44.88718]},"properties":{"latitude":"44.88718","longitude":"-1.04933","bright_ti4":"332.19","scan":"0.6","track":"0.7","acq_date":"2026-07-22","acq_time":"1412","satellite":"N","instrument":"VIIRS","confidence":"n","version":"2.0NRT","bright_ti5":"296.29","frp":"108.63","daynight":"D","commune":"Saumos","code_insee":"33503","departement":"Gironde","region":"Nouvelle-Aquitaine","forest":true}},{"type":"Feature","geometry":{"type":"Point","coordinates":[-1.04149,44.88725]},"properties":{"latitude":"44.88725","longitude":"-1.04149","bright_ti4":"208","scan":"0.6","track":"0.7","acq_date":"2026-07-22","acq_time":"1412","satellite":"N","instrument":"VIIRS","confidence":"l","version":"2.0NRT","bright_ti5":"317.31","frp":"108.63","daynight":"D","commune":"Saumos","code_insee":"33503","departement":"Gironde","region":"Nouvelle-Aquitaine","forest":true}},{"type":"Feature","geometry":{"type":"Point","coordinates":[-1.03359,44.88731]},"properties":{"latitude":"44.88731","longitude":"-1.03359","bright_ti4":"351.41","scan":"0.6","track":"0.7","acq_date":"2026-07-22","acq_time":"1412","satellite":"N","instrument":"VIIRS","confidence":"n","version":"2.0NRT","bright_ti5":"308.59","frp":"143.96","daynight":"D","commune":"Saumos","code_insee":"33503","departement":"Gironde","region":"Nouvelle-Aquitaine","forest":true}},{"type":"Feature","geometry":{"type":"Point","coordinates":[-1.0257,44.88738]},"properties":{"latitude":"44.88738","longitude":"-1.0257","bright_ti4":"367","scan":"0.6","track":"0.7","acq_date":"2026-07-22","acq_time":"1412","satellite":"N","instrument":"VIIRS","confidence":"h","version":"2.0NRT","bright_ti5":"297.72","frp":"143.96","daynight":"D","commune":"Saumos","code_insee":"33503","departement":"Gironde","region":"Nouvelle-Aquitaine","forest":true}},{"type":"Feature","geometry":{"type":"Point","coordinates":[-1.01782,44.88744]},"properties":{"latitude":"44.88744","longitude":"-1.01782","bright_ti4":"332.01","scan":"0.6","track":"0.7","acq_date":"2026-07-22","acq_time":"1412","satellite":"N","instrument":"VIIRS","confidence":"n","version":"2.0NRT","bright_ti5":"294.32","frp":"17.04","daynight":"D","commune":"Le Temple","code_insee":"33528","departement":"Gironde","region":"Nouvelle-Aquitaine","forest":true}},{"type":"Feature","geometry":{"type":"Point","coordinates":[-1.03188,44.89156]},"properties":{"latitude":"44.89156","longitude":"-1.03188","bright_ti4":"353.29","scan":"0.6","track":"0.7","acq_date":"2026-07-22","acq_time":"1412","satellite":"N","instrument":"VIIRS","confidence":"n","version":"2.0NRT","bright_ti5":"308.37","frp":"195.84","daynight":"D","commune":"Saumos","code_insee":"33503","departement":"Gironde","region":"Nouvelle-Aquitaine","forest":true}},{"type":"Feature","geometry":{"type":"Point","coordinates":[-1.02405,44.89159]},"properties":{"latitude":"44.89159","longitude":"-1.02405","bright_ti4":"367","scan":"0.6","track":"0.7","acq_date":"2026-07-22","acq_time":"1412","satellite":"N","instrument":"VIIRS","confidence":"h","version":"2.0NRT","bright_ti5":"295.72","frp":"36.45","daynight":"D","commune":"Saumos","code_insee":"33503","departement":"Gironde","region":"Nouvelle-Aquitaine","forest":true}},{"type":"Feature","geometry":{"type":"Point","coordinates":[-1.01615,44.89162]},"properties":{"latitude":"44.89162","longitude":"-1.01615","bright_ti4":"332.36","scan":"0.6","track":"0.7","acq_date":"2026-07-22","acq_time":"1412","satellite":"N","instrument":"VIIRS","confidence":"n","version":"2.0NRT","bright_ti5":"292.44","frp":"36.45","daynight":"D","commune":"Saumos","code_insee":"33503","departement":"Gironde","region":"Nouvelle-Aquitaine","forest":true}},{"type":"Feature","geometry":{"type":"Point","coordinates":[-1.0493,44.8938]},"properties":{"latitude":"44.8938","longitude":"-1.0493","bright_ti4":"337","scan":"0.6","track":"0.7","acq_date":"2026-07-22","acq_time":"1412","satellite":"N","instrument":"VIIRS","confidence":"n","version":"2.0NRT","bright_ti5":"294.93","frp":"112.46","daynight":"D","commune":"Saumos","code_insee":"33503","departement":"Gironde","region":"Nouvelle-Aquitaine","forest":true}},{"type":"Feature","geometry":{"type":"Point","coordinates":[-1.03354,44.89394]},"properties":{"latitude":"44.89394","longitude":"-1.03354","bright_ti4":"356.34","scan":"0.6","track":"0.7","acq_date":"2026-07-22","acq_time":"1412","satellite":"N","instrument":"VIIRS","confidence":"n","version":"2.0NRT","bright_ti5":"315.56","frp":"86.12","daynight":"D","commune":"Saumos","code_insee":"33503","departement":"Gironde","region":"Nouvelle-Aquitaine","forest":true}},{"type":"Feature","geometry":{"type":"Point","coordinates":[-1.0257,44.89401]},"properties":{"latitude":"44.89401","longitude":"-1.0257","bright_ti4":"367","scan":"0.6","track":"0.7","acq_date":"2026-07-22","acq_time":"1412","satellite":"N","instrument":"VIIRS","confidence":"h","version":"2.0NRT","bright_ti5":"304.43","frp":"86.12","daynight":"D","commune":"Saumos","code_insee":"33503","departement":"Gironde","region":"Nouvelle-Aquitaine","forest":true}},{"type":"Feature","geometry":{"type":"Point","coordinates":[-1.01784,44.89407]},"properties":{"latitude":"44.89407","longitude":"-1.01784","bright_ti4":"337.9","scan":"0.6","track":"0.7","acq_date":"2026-07-22","acq_time":"1412","satellite":"N","instrument":"VIIRS","confidence":"n","version":"2.0NRT","bright_ti5":"293.16","frp":"21.93","daynight":"D","commune":"Saumos","code_insee":"33503","departement":"Gironde","region":"Nouvelle-Aquitaine","forest":true}},{"type":"Feature","geometry":{"type":"Point","coordinates":[-1.04762,44.89812]},"properties":{"latitude":"44.89812","longitude":"-1.04762","bright_ti4":"348.75","scan":"0.6","track":"0.7","acq_date":"2026-07-22","acq_time":"1412","satellite":"N","instrument":"VIIRS","confidence":"n","version":"2.0NRT","bright_ti5":"296.91","frp":"202.48","daynight":"D","commune":"Saumos","code_insee":"33503","departement":"Gironde","region":"Nouvelle-Aquitaine","forest":true}},{"type":"Feature","geometry":{"type":"Point","coordinates":[-1.03973,44.89816]},"properties":{"latitude":"44.89816","longitude":"-1.03973","bright_ti4":"367","scan":"0.6","track":"0.7","acq_date":"2026-07-22","acq_time":"1412","satellite":"N","instrument":"VIIRS","confidence":"h","version":"2.0NRT","bright_ti5":"329.61","frp":"195.84","daynight":"D","commune":"Saumos","code_insee":"33503","departement":"Gironde","region":"Nouvelle-Aquitaine","forest":true}},{"type":"Feature","geometry":{"type":"Point","coordinates":[-1.03189,44.89819]},"properties":{"latitude":"44.89819","longitude":"-1.03189","bright_ti4":"367","scan":"0.6","track":"0.7","acq_date":"2026-07-22","acq_time":"1412","satellite":"N","instrument":"VIIRS","confidence":"h","version":"2.0NRT","bright_ti5":"305.56","frp":"195.84","daynight":"D","commune":"Saumos","code_insee":"33503","departement":"Gironde","region":"Nouvelle-Aquitaine","forest":true}},{"type":"Feature","geometry":{"type":"Point","coordinates":[-1.02407,44.89822]},"properties":{"latitude":"44.89822","longitude":"-1.02407","bright_ti4":"354.8","scan":"0.6","track":"0.7","acq_date":"2026-07-22","acq_time":"1412","satellite":"N","instrument":"VIIRS","confidence":"n","version":"2.0NRT","bright_ti5":"295.5","frp":"36.45","daynight":"D","commune":"Saumos","code_insee":"33503","departement":"Gironde","region":"Nouvelle-Aquitaine","forest":true}},{"type":"Feature","geometry":{"type":"Point","coordinates":[-1.04139,44.9005]},"properties":{"latitude":"44.9005","longitude":"-1.04139","bright_ti4":"342.82","scan":"0.6","track":"0.7","acq_date":"2026-07-22","acq_time":"1412","satellite":"N","instrument":"VIIRS","confidence":"n","version":"2.0NRT","bright_ti5":"298.92","frp":"112.46","daynight":"D","commune":"Saumos","code_insee":"33503","departement":"Gironde","region":"Nouvelle-Aquitaine","forest":true}},{"type":"Feature","geometry":{"type":"Point","coordinates":[-1.03353,44.90057]},"properties":{"latitude":"44.90057","longitude":"-1.03353","bright_ti4":"367","scan":"0.6","track":"0.7","acq_date":"2026-07-22","acq_time":"1412","satellite":"N","instrument":"VIIRS","confidence":"h","version":"2.0NRT","bright_ti5":"313.2","frp":"86.12","daynight":"D","commune":"Saumos","code_insee":"33503","departement":"Gironde","region":"Nouvelle-Aquitaine","forest":true}},{"type":"Feature","geometry":{"type":"Point","coordinates":[-1.02566,44.90063]},"properties":{"latitude":"44.90063","longitude":"-1.02566","bright_ti4":"367","scan":"0.6","track":"0.7","acq_date":"2026-07-22","acq_time":"1412","satellite":"N","instrument":"VIIRS","confidence":"h","version":"2.0NRT","bright_ti5":"301.26","frp":"86.12","daynight":"D","commune":"Saumos","code_insee":"33503","departement":"Gironde","region":"Nouvelle-Aquitaine","forest":true}},{"type":"Feature","geometry":{"type":"Point","coordinates":[-1.01779,44.90071]},"properties":{"latitude":"44.90071","longitude":"-1.01779","bright_ti4":"336.11","scan":"0.6","track":"0.7","acq_date":"2026-07-22","acq_time":"1412","satellite":"N","instrument":"VIIRS","confidence":"n","version":"2.0NRT","bright_ti5":"293.06","frp":"21.93","daynight":"D","commune":"Saumos","code_insee":"33503","departement":"Gironde","region":"Nouvelle-Aquitaine","forest":true}},{"type":"Feature","geometry":{"type":"Point","coordinates":[-1.03975,44.90479]},"properties":{"latitude":"44.90479","longitude":"-1.03975","bright_ti4":"332.98","scan":"0.6","track":"0.7","acq_date":"2026-07-22","acq_time":"1412","satellite":"N","instrument":"VIIRS","confidence":"n","version":"2.0NRT","bright_ti5":"292.49","frp":"13.46","daynight":"D","commune":"Saumos","code_insee":"33503","departement":"Gironde","region":"Nouvelle-Aquitaine","forest":true}},{"type":"Feature","geometry":{"type":"Point","coordinates":[-1.0319,44.90482]},"properties":{"latitude":"44.90482","longitude":"-1.0319","bright_ti4":"367","scan":"0.6","track":"0.7","acq_date":"2026-07-22","acq_time":"1412","satellite":"N","instrument":"VIIRS","confidence":"h","version":"2.0NRT","bright_ti5":"298.94","frp":"13.46","daynight":"D","commune":"Saumos","code_insee":"33503","departement":"Gironde","region":"Nouvelle-Aquitaine","forest":true}},{"type":"Feature","geometry":{"type":"Point","coordinates":[-1.02404,44.90485]},"properties":{"latitude":"44.90485","longitude":"-1.02404","bright_ti4":"339.99","scan":"0.6","track":"0.7","acq_date":"2026-07-22","acq_time":"1412","satellite":"N","instrument":"VIIRS","confidence":"n","version":"2.0NRT","bright_ti5":"297.19","frp":"17.65","daynight":"D","commune":"Saumos","code_insee":"33503","departement":"Gironde","region":"Nouvelle-Aquitaine","forest":true}},{"type":"Feature","geometry":{"type":"Point","coordinates":[-2.47026,47.68196]},"properties":{"latitude":"47.68196","longitude":"-2.47026","bright_ti4":"367","scan":"0.52","track":"0.67","acq_date":"2026-07-22","acq_time":"1414","satellite":"N","instrument":"VIIRS","confidence":"h","version":"2.0NRT","bright_ti5":"299.34","frp":"17.28","daynight":"D","commune":"Questembert","code_insee":"56184","departement":"Morbihan","region":"Bretagne","forest":true}},{"type":"Feature","geometry":{"type":"Point","coordinates":[1.32405,48.69169]},"properties":{"latitude":"48.69169","longitude":"1.32405","bright_ti4":"342.34","scan":"0.78","track":"0.78","acq_date":"2026-07-22","acq_time":"1414","satellite":"N","instrument":"VIIRS","confidence":"n","version":"2.0NRT","bright_ti5":"293.59","frp":"69.81","daynight":"D","commune":"Garnay","code_insee":"28171","departement":"Eure-et-Loir","region":"Centre-Val de Loire","forest":true}},{"type":"Feature","geometry":{"type":"Point","coordinates":[2.95764,49.09984]},"properties":{"latitude":"49.09984","longitude":"2.95764","bright_ti4":"313.23","scan":"0.43","track":"0.46","acq_date":"2026-07-22","acq_time":"124","satellite":"N20","instrument":"VIIRS","confidence":"n","version":"2.0NRT","bright_ti5":"284.89","frp":"2.38","daynight":"N","commune":"Acy-en-Multien","code_insee":"60005","departement":"Oise","region":"Hauts-de-France","forest":true}},{"type":"Feature","geometry":{"type":"Point","coordinates":[2.95175,49.10032]},"properties":{"latitude":"49.10032","longitude":"2.95175","bright_ti4":"318.56","scan":"0.43","track":"0.46","acq_date":"2026-07-22","acq_time":"124","satellite":"N20","instrument":"VIIRS","confidence":"n","version":"2.0NRT","bright_ti5":"283.54","frp":"2.59","daynight":"N","commune":"Acy-en-Multien","code_insee":"60005","departement":"Oise","region":"Hauts-de-France","forest":true}},{"type":"Feature","geometry":{"type":"Point","coordinates":[6.05424,49.33451]},"properties":{"latitude":"49.33451","longitude":"6.05424","bright_ti4":"301.49","scan":"0.49","track":"0.4","acq_date":"2026-07-22","acq_time":"124","satellite":"N20","instrument":"VIIRS","confidence":"n","version":"2.0NRT","bright_ti5":"284.94","frp":"0.62","daynight":"N","commune":"Hayange","code_insee":"57306","departement":"Moselle","region":"Grand Est","forest":true}},{"type":"Feature","geometry":{"type":"Point","coordinates":[2.26751,51.01323]},"properties":{"latitude":"51.01323","longitude":"2.26751","bright_ti4":"296.86","scan":"0.48","track":"0.48","acq_date":"2026-07-22","acq_time":"124","satellite":"N20","instrument":"VIIRS","confidence":"n","version":"2.0NRT","bright_ti5":"285.44","frp":"1.26","daynight":"N","commune":"Dunkerque","code_insee":"59183","departement":"Nord","region":"Hauts-de-France","forest":true}},{"type":"Feature","geometry":{"type":"Point","coordinates":[2.29304,51.03834]},"properties":{"latitude":"51.03834","longitude":"2.29304","bright_ti4":"304.92","scan":"0.48","track":"0.48","acq_date":"2026-07-22","acq_time":"124","satellite":"N20","instrument":"VIIRS","confidence":"n","version":"2.0NRT","bright_ti5":"286.28","frp":"1.26","daynight":"N","commune":"Grande-Synthe","code_insee":"59271","departement":"Nord","region":"Hauts-de-France","forest":true}},{"type":"Feature","geometry":{"type":"Point","coordinates":[9.06658,42.25996]},"properties":{"latitude":"42.25996","longitude":"9.06658","bright_ti4":"328.16","scan":"0.38","track":"0.36","acq_date":"2026-07-22","acq_time":"126","satellite":"N20","instrument":"VIIRS","confidence":"n","version":"2.0NRT","bright_ti5":"295.59","frp":"3.75","daynight":"N","commune":"Corte","code_insee":"2B096","departement":"Haute-Corse","region":"Corse","forest":true}},{"type":"Feature","geometry":{"type":"Point","coordinates":[9.06196,42.2607]},"properties":{"latitude":"42.2607","longitude":"9.06196","bright_ti4":"349.26","scan":"0.38","track":"0.36","acq_date":"2026-07-22","acq_time":"126","satellite":"N20","instrument":"VIIRS","confidence":"n","version":"2.0NRT","bright_ti5":"296.96","frp":"16.84","daynight":"N","commune":"Corte","code_insee":"2B096","departement":"Haute-Corse","region":"Corse","forest":true}},{"type":"Feature","geometry":{"type":"Point","coordinates":[9.05734,42.26144]},"properties":{"latitude":"42.26144","longitude":"9.05734","bright_ti4":"355.2","scan":"0.38","track":"0.36","acq_date":"2026-07-22","acq_time":"126","satellite":"N20","instrument":"VIIRS","confidence":"n","version":"2.0NRT","bright_ti5":"302.2","frp":"16.84","daynight":"N","commune":"Corte","code_insee":"2B096","departement":"Haute-Corse","region":"Corse","forest":true}},{"type":"Feature","geometry":{"type":"Point","coordinates":[9.05272,42.26217]},"properties":{"latitude":"42.26217","longitude":"9.05272","bright_ti4":"341.94","scan":"0.38","track":"0.36","acq_date":"2026-07-22","acq_time":"126","satellite":"N20","instrument":"VIIRS","confidence":"n","version":"2.0NRT","bright_ti5":"293.54","frp":"12.75","daynight":"N","commune":"Corte","code_insee":"2B096","departement":"Haute-Corse","region":"Corse","forest":true}},{"type":"Feature","geometry":{"type":"Point","coordinates":[9.07214,42.26249]},"properties":{"latitude":"42.26249","longitude":"9.07214","bright_ti4":"320.2","scan":"0.38","track":"0.36","acq_date":"2026-07-22","acq_time":"126","satellite":"N20","instrument":"VIIRS","confidence":"n","version":"2.0NRT","bright_ti5":"295.56","frp":"3.36","daynight":"N","commune":"Corte","code_insee":"2B096","departement":"Haute-Corse","region":"Corse","forest":true}},{"type":"Feature","geometry":{"type":"Point","coordinates":[9.06752,42.26322]},"properties":{"latitude":"42.26322","longitude":"9.06752","bright_ti4":"338.55","scan":"0.38","track":"0.36","acq_date":"2026-07-22","acq_time":"126","satellite":"N20","instrument":"VIIRS","confidence":"n","version":"2.0NRT","bright_ti5":"297.8","frp":"3.36","daynight":"N","commune":"Corte","code_insee":"2B096","departement":"Haute-Corse","region":"Corse","forest":true}},{"type":"Feature","geometry":{"type":"Point","coordinates":[9.0629,42.26396]},"properties":{"latitude":"42.26396","longitude":"9.0629","bright_ti4":"330.24","scan":"0.38","track":"0.36","acq_date":"2026-07-22","acq_time":"126","satellite":"N20","instrument":"VIIRS","confidence":"n","version":"2.0NRT","bright_ti5":"295.47","frp":"2.31","daynight":"N","commune":"Corte","code_insee":"2B096","departement":"Haute-Corse","region":"Corse","forest":true}},{"type":"Feature","geometry":{"type":"Point","coordinates":[9.05828,42.26469]},"properties":{"latitude":"42.26469","longitude":"9.05828","bright_ti4":"315.09","scan":"0.38","track":"0.36","acq_date":"2026-07-22","acq_time":"126","satellite":"N20","instrument":"VIIRS","confidence":"n","version":"2.0NRT","bright_ti5":"291.05","frp":"2.31","daynight":"N","commune":"Corte","code_insee":"2B096","departement":"Haute-Corse","region":"Corse","forest":true}},{"type":"Feature","geometry":{"type":"Point","coordinates":[9.07305,42.26575]},"properties":{"latitude":"42.26575","longitude":"9.07305","bright_ti4":"341.84","scan":"0.38","track":"0.36","acq_date":"2026-07-22","acq_time":"126","satellite":"N20","instrument":"VIIRS","confidence":"n","version":"2.0NRT","bright_ti5":"297.7","frp":"3.36","daynight":"N","commune":"Corte","code_insee":"2B096","departement":"Haute-Corse","region":"Corse","forest":true}},{"type":"Feature","geometry":{"type":"Point","coordinates":[9.08319,42.26753]},"properties":{"latitude":"42.26753","longitude":"9.08319","bright_ti4":"354.75","scan":"0.38","track":"0.36","acq_date":"2026-07-22","acq_time":"126","satellite":"N20","instrument":"VIIRS","confidence":"n","version":"2.0NRT","bright_ti5":"301.35","frp":"4.95","daynight":"N","commune":"Corte","code_insee":"2B096","departement":"Haute-Corse","region":"Corse","forest":true}},{"type":"Feature","geometry":{"type":"Point","coordinates":[9.07857,42.26827]},"properties":{"latitude":"42.26827","longitude":"9.07857","bright_ti4":"339.14","scan":"0.38","track":"0.36","acq_date":"2026-07-22","acq_time":"126","satellite":"N20","instrument":"VIIRS","confidence":"n","version":"2.0NRT","bright_ti5":"297.41","frp":"4.95","daynight":"N","commune":"Corte","code_insee":"2B096","departement":"Haute-Corse","region":"Corse","forest":true}},{"type":"Feature","geometry":{"type":"Point","coordinates":[9.08411,42.27079]},"properties":{"latitude":"42.27079","longitude":"9.08411","bright_ti4":"314.41","scan":"0.38","track":"0.36","acq_date":"2026-07-22","acq_time":"126","satellite":"N20","instrument":"VIIRS","confidence":"n","version":"2.0NRT","bright_ti5":"294.68","frp":"4.95","daynight":"N","commune":"Corte","code_insee":"2B096","departement":"Haute-Corse","region":"Corse","forest":true}},{"type":"Feature","geometry":{"type":"Point","coordinates":[9.09429,42.27258]},"properties":{"latitude":"42.27258","longitude":"9.09429","bright_ti4":"323.01","scan":"0.38","track":"0.36","acq_date":"2026-07-22","acq_time":"126","satellite":"N20","instrument":"VIIRS","confidence":"n","version":"2.0NRT","bright_ti5":"296.83","frp":"6.05","daynight":"N","commune":"Corte","code_insee":"2B096","departement":"Haute-Corse","region":"Corse","forest":true}},{"type":"Feature","geometry":{"type":"Point","coordinates":[9.08966,42.27332]},"properties":{"latitude":"42.27332","longitude":"9.08966","bright_ti4":"343.55","scan":"0.38","track":"0.36","acq_date":"2026-07-22","acq_time":"126","satellite":"N20","instrument":"VIIRS","confidence":"n","version":"2.0NRT","bright_ti5":"298.03","frp":"6.05","daynight":"N","commune":"Corte","code_insee":"2B096","departement":"Haute-Corse","region":"Corse","forest":true}},{"type":"Feature","geometry":{"type":"Point","coordinates":[9.09984,42.2751]},"properties":{"latitude":"42.2751","longitude":"9.09984","bright_ti4":"325.4","scan":"0.38","track":"0.36","acq_date":"2026-07-22","acq_time":"126","satellite":"N20","instrument":"VIIRS","confidence":"n","version":"2.0NRT","bright_ti5":"304.42","frp":"12.31","daynight":"N","commune":"Corte","code_insee":"2B096","departement":"Haute-Corse","region":"Corse","forest":true}},{"type":"Feature","geometry":{"type":"Point","coordinates":[9.09521,42.27584]},"properties":{"latitude":"42.27584","longitude":"9.09521","bright_ti4":"334.14","scan":"0.38","track":"0.36","acq_date":"2026-07-22","acq_time":"126","satellite":"N20","instrument":"VIIRS","confidence":"n","version":"2.0NRT","bright_ti5":"299.74","frp":"6.05","daynight":"N","commune":"Corte","code_insee":"2B096","departement":"Haute-Corse","region":"Corse","forest":true}},{"type":"Feature","geometry":{"type":"Point","coordinates":[9.09058,42.27657]},"properties":{"latitude":"42.27657","longitude":"9.09058","bright_ti4":"324.81","scan":"0.38","track":"0.36","acq_date":"2026-07-22","acq_time":"126","satellite":"N20","instrument":"VIIRS","confidence":"n","version":"2.0NRT","bright_ti5":"294.4","frp":"6.05","daynight":"N","commune":"Corte","code_insee":"2B096","departement":"Haute-Corse","region":"Corse","forest":true}},{"type":"Feature","geometry":{"type":"Point","coordinates":[9.08423,42.28781]},"properties":{"latitude":"42.28781","longitude":"9.08423","bright_ti4":"331.5","scan":"0.38","track":"0.36","acq_date":"2026-07-22","acq_time":"126","satellite":"N20","instrument":"VIIRS","confidence":"n","version":"2.0NRT","bright_ti5":"296.32","frp":"7.19","daynight":"N","commune":"Corte","code_insee":"2B096","departement":"Haute-Corse","region":"Corse","forest":true}},{"type":"Feature","geometry":{"type":"Point","coordinates":[9.07965,42.28854]},"properties":{"latitude":"42.28854","longitude":"9.07965","bright_ti4":"336.08","scan":"0.38","track":"0.36","acq_date":"2026-07-22","acq_time":"126","satellite":"N20","instrument":"VIIRS","confidence":"n","version":"2.0NRT","bright_ti5":"300.32","frp":"25.4","daynight":"N","commune":"Corte","code_insee":"2B096","departement":"Haute-Corse","region":"Corse","forest":true}},{"type":"Feature","geometry":{"type":"Point","coordinates":[9.09436,42.2896]},"properties":{"latitude":"42.2896","longitude":"9.09436","bright_ti4":"323.8","scan":"0.38","track":"0.36","acq_date":"2026-07-22","acq_time":"126","satellite":"N20","instrument":"VIIRS","confidence":"n","version":"2.0NRT","bright_ti5":"293.86","frp":"2.55","daynight":"N","commune":"Corte","code_insee":"2B096","departement":"Haute-Corse","region":"Corse","forest":true}},{"type":"Feature","geometry":{"type":"Point","coordinates":[9.08978,42.29033]},"properties":{"latitude":"42.29033","longitude":"9.08978","bright_ti4":"315.41","scan":"0.38","track":"0.36","acq_date":"2026-07-22","acq_time":"126","satellite":"N20","instrument":"VIIRS","confidence":"n","version":"2.0NRT","bright_ti5":"294.37","frp":"7.19","daynight":"N","commune":"Corte","code_insee":"2B096","departement":"Haute-Corse","region":"Corse","forest":true}},{"type":"Feature","geometry":{"type":"Point","coordinates":[9.0852,42.29107]},"properties":{"latitude":"42.29107","longitude":"9.0852","bright_ti4":"350.45","scan":"0.38","track":"0.36","acq_date":"2026-07-22","acq_time":"126","satellite":"N20","instrument":"VIIRS","confidence":"n","version":"2.0NRT","bright_ti5":"301.54","frp":"7.19","daynight":"N","commune":"Corte","code_insee":"2B096","departement":"Haute-Corse","region":"Corse","forest":true}},{"type":"Feature","geometry":{"type":"Point","coordinates":[9.08062,42.29181]},"properties":{"latitude":"42.29181","longitude":"9.08062","bright_ti4":"341.11","scan":"0.38","track":"0.36","acq_date":"2026-07-22","acq_time":"126","satellite":"N20","instrument":"VIIRS","confidence":"n","version":"2.0NRT","bright_ti5":"306.43","frp":"25.4","daynight":"N","commune":"Corte","code_insee":"2B096","departement":"Haute-Corse","region":"Corse","forest":true}},{"type":"Feature","geometry":{"type":"Point","coordinates":[9.09756,42.29279]},"properties":{"latitude":"42.29279","longitude":"9.09756","bright_ti4":"336.75","scan":"0.38","track":"0.36","acq_date":"2026-07-22","acq_time":"126","satellite":"N20","instrument":"VIIRS","confidence":"n","version":"2.0NRT","bright_ti5":"297.48","frp":"5.08","daynight":"N","commune":"Corte","code_insee":"2B096","departement":"Haute-Corse","region":"Corse","forest":true}},{"type":"Feature","geometry":{"type":"Point","coordinates":[9.09297,42.29353]},"properties":{"latitude":"42.29353","longitude":"9.09297","bright_ti4":"329.27","scan":"0.38","track":"0.36","acq_date":"2026-07-22","acq_time":"126","satellite":"N20","instrument":"VIIRS","confidence":"n","version":"2.0NRT","bright_ti5":"297.18","frp":"5.08","daynight":"N","commune":"Corte","code_insee":"2B096","departement":"Haute-Corse","region":"Corse","forest":true}},{"type":"Feature","geometry":{"type":"Point","coordinates":[4.8842,43.44027]},"properties":{"latitude":"43.44027","longitude":"4.8842","bright_ti4":"307.05","scan":"0.47","track":"0.39","acq_date":"2026-07-22","acq_time":"126","satellite":"N20","instrument":"VIIRS","confidence":"n","version":"2.0NRT","bright_ti5":"294.81","frp":"3.96","daynight":"N","commune":"Fos-sur-Mer","code_insee":"13039","departement":"Bouches-du-Rhône","region":"Provence-Alpes-Côte d'Azur","forest":true}},{"type":"Feature","geometry":{"type":"Point","coordinates":[4.87928,43.44455]},"properties":{"latitude":"43.44455","longitude":"4.87928","bright_ti4":"323.11","scan":"0.47","track":"0.39","acq_date":"2026-07-22","acq_time":"126","satellite":"N20","instrument":"VIIRS","confidence":"n","version":"2.0NRT","bright_ti5":"302.03","frp":"31.37","daynight":"N","commune":"Fos-sur-Mer","code_insee":"13039","departement":"Bouches-du-Rhône","region":"Provence-Alpes-Côte d'Azur","forest":true}},{"type":"Feature","geometry":{"type":"Point","coordinates":[6.12911,43.50017]},"properties":{"latitude":"43.50017","longitude":"6.12911","bright_ti4":"305.06","scan":"0.43","track":"0.38","acq_date":"2026-07-22","acq_time":"126","satellite":"N20","instrument":"VIIRS","confidence":"n","version":"2.0NRT","bright_ti5":"293.17","frp":"1.02","daynight":"N","commune":"Cotignac","code_insee":"83046","departement":"Var","region":"Provence-Alpes-Côte d'Azur","forest":true}},{"type":"Feature","geometry":{"type":"Point","coordinates":[6.12392,43.50083]},"properties":{"latitude":"43.50083","longitude":"6.12392","bright_ti4":"332.98","scan":"0.43","track":"0.38","acq_date":"2026-07-22","acq_time":"126","satellite":"N20","instrument":"VIIRS","confidence":"n","version":"2.0NRT","bright_ti5":"296.15","frp":"3.06","daynight":"N","commune":"Cotignac","code_insee":"83046","departement":"Var","region":"Provence-Alpes-Côte d'Azur","forest":true}},{"type":"Feature","geometry":{"type":"Point","coordinates":[6.11876,43.50149]},"properties":{"latitude":"43.50149","longitude":"6.11876","bright_ti4":"320.74","scan":"0.43","track":"0.38","acq_date":"2026-07-22","acq_time":"126","satellite":"N20","instrument":"VIIRS","confidence":"n","version":"2.0NRT","bright_ti5":"292.99","frp":"3.06","daynight":"N","commune":"Cotignac","code_insee":"83046","departement":"Var","region":"Provence-Alpes-Côte d'Azur","forest":true}},{"type":"Feature","geometry":{"type":"Point","coordinates":[6.13004,43.5036]},"properties":{"latitude":"43.5036","longitude":"6.13004","bright_ti4":"309.56","scan":"0.43","track":"0.38","acq_date":"2026-07-22","acq_time":"126","satellite":"N20","instrument":"VIIRS","confidence":"n","version":"2.0NRT","bright_ti5":"295.44","frp":"2.24","daynight":"N","commune":"Cotignac","code_insee":"83046","departement":"Var","region":"Provence-Alpes-Côte d'Azur","forest":true}},{"type":"Feature","geometry":{"type":"Point","coordinates":[6.12486,43.50427]},"properties":{"latitude":"43.50427","longitude":"6.12486","bright_ti4":"304.75","scan":"0.43","track":"0.38","acq_date":"2026-07-22","acq_time":"126","satellite":"N20","instrument":"VIIRS","confidence":"n","version":"2.0NRT","bright_ti5":"293.87","frp":"1.68","daynight":"N","commune":"Cotignac","code_insee":"83046","departement":"Var","region":"Provence-Alpes-Côte d'Azur","forest":true}},{"type":"Feature","geometry":{"type":"Point","coordinates":[6.11969,43.50494]},"properties":{"latitude":"43.50494","longitude":"6.11969","bright_ti4":"322.15","scan":"0.43","track":"0.38","acq_date":"2026-07-22","acq_time":"126","satellite":"N20","instrument":"VIIRS","confidence":"n","version":"2.0NRT","bright_ti5":"295.61","frp":"1.68","daynight":"N","commune":"Cotignac","code_insee":"83046","departement":"Var","region":"Provence-Alpes-Côte d'Azur","forest":true}},{"type":"Feature","geometry":{"type":"Point","coordinates":[6.1145,43.5056]},"properties":{"latitude":"43.5056","longitude":"6.1145","bright_ti4":"332.93","scan":"0.43","track":"0.38","acq_date":"2026-07-22","acq_time":"126","satellite":"N20","instrument":"VIIRS","confidence":"n","version":"2.0NRT","bright_ti5":"293.02","frp":"2.18","daynight":"N","commune":"Cotignac","code_insee":"83046","departement":"Var","region":"Provence-Alpes-Côte d'Azur","forest":true}},{"type":"Feature","geometry":{"type":"Point","coordinates":[6.12578,43.50771]},"properties":{"latitude":"43.50771","longitude":"6.12578","bright_ti4":"319.93","scan":"0.43","track":"0.38","acq_date":"2026-07-22","acq_time":"126","satellite":"N20","instrument":"VIIRS","confidence":"n","version":"2.0NRT","bright_ti5":"294.01","frp":"1.68","daynight":"N","commune":"Cotignac","code_insee":"83046","departement":"Var","region":"Provence-Alpes-Côte d'Azur","forest":true}},{"type":"Feature","geometry":{"type":"Point","coordinates":[6.14723,43.5085]},"properties":{"latitude":"43.5085","longitude":"6.14723","bright_ti4":"307.42","scan":"0.43","track":"0.38","acq_date":"2026-07-22","acq_time":"126","satellite":"N20","instrument":"VIIRS","confidence":"n","version":"2.0NRT","bright_ti5":"294.8","frp":"1.1","daynight":"N","commune":"Cotignac","code_insee":"83046","departement":"Var","region":"Provence-Alpes-Côte d'Azur","forest":true}},{"type":"Feature","geometry":{"type":"Point","coordinates":[6.1154,43.50904]},"properties":{"latitude":"43.50904","longitude":"6.1154","bright_ti4":"317.07","scan":"0.43","track":"0.38","acq_date":"2026-07-22","acq_time":"126","satellite":"N20","instrument":"VIIRS","confidence":"n","version":"2.0NRT","bright_ti5":"293.79","frp":"2.18","daynight":"N","commune":"Cotignac","code_insee":"83046","departement":"Var","region":"Provence-Alpes-Côte d'Azur","forest":true}},{"type":"Feature","geometry":{"type":"Point","coordinates":[6.14209,43.50916]},"properties":{"latitude":"43.50916","longitude":"6.14209","bright_ti4":"310.77","scan":"0.43","track":"0.38","acq_date":"2026-07-22","acq_time":"126","satellite":"N20","instrument":"VIIRS","confidence":"n","version":"2.0NRT","bright_ti5":"295.46","frp":"1.1","daynight":"N","commune":"Cotignac","code_insee":"83046","departement":"Var","region":"Provence-Alpes-Côte d'Azur","forest":true}},{"type":"Feature","geometry":{"type":"Point","coordinates":[6.11014,43.50972]},"properties":{"latitude":"43.50972","longitude":"6.11014","bright_ti4":"320.14","scan":"0.43","track":"0.38","acq_date":"2026-07-22","acq_time":"126","satellite":"N20","instrument":"VIIRS","confidence":"n","version":"2.0NRT","bright_ti5":"293.44","frp":"2.18","daynight":"N","commune":"Cotignac","code_insee":"83046","departement":"Var","region":"Provence-Alpes-Côte d'Azur","forest":true}},{"type":"Feature","geometry":{"type":"Point","coordinates":[6.12669,43.51115]},"properties":{"latitude":"43.51115","longitude":"6.12669","bright_ti4":"305.87","scan":"0.43","track":"0.38","acq_date":"2026-07-22","acq_time":"126","satellite":"N20","instrument":"VIIRS","confidence":"n","version":"2.0NRT","bright_ti5":"293.08","frp":"1.15","daynight":"N","commune":"Cotignac","code_insee":"83046","departement":"Var","region":"Provence-Alpes-Côte d'Azur","forest":true}},{"type":"Feature","geometry":{"type":"Point","coordinates":[6.14298,43.51261]},"properties":{"latitude":"43.51261","longitude":"6.14298","bright_ti4":"310.2","scan":"0.43","track":"0.38","acq_date":"2026-07-22","acq_time":"126","satellite":"N20","instrument":"VIIRS","confidence":"n","version":"2.0NRT","bright_ti5":"295.93","frp":"1.1","daynight":"N","commune":"Cotignac","code_insee":"83046","departement":"Var","region":"Provence-Alpes-Côte d'Azur","forest":true}},{"type":"Feature","geometry":{"type":"Point","coordinates":[6.11103,43.51316]},"properties":{"latitude":"43.51316","longitude":"6.11103","bright_ti4":"307.76","scan":"0.43","track":"0.38","acq_date":"2026-07-22","acq_time":"126","satellite":"N20","instrument":"VIIRS","confidence":"n","version":"2.0NRT","bright_ti5":"295.25","frp":"0.99","daynight":"N","commune":"Cotignac","code_insee":"83046","departement":"Var","region":"Provence-Alpes-Côte d'Azur","forest":true}},{"type":"Feature","geometry":{"type":"Point","coordinates":[6.10573,43.51384]},"properties":{"latitude":"43.51384","longitude":"6.10573","bright_ti4":"324.58","scan":"0.43","track":"0.38","acq_date":"2026-07-22","acq_time":"126","satellite":"N20","instrument":"VIIRS","confidence":"n","version":"2.0NRT","bright_ti5":"293.56","frp":"2.86","daynight":"N","commune":"Cotignac","code_insee":"83046","departement":"Var","region":"Provence-Alpes-Côte d'Azur","forest":true}},{"type":"Feature","geometry":{"type":"Point","coordinates":[6.12241,43.51526]},"properties":{"latitude":"43.51526","longitude":"6.12241","bright_ti4":"308.34","scan":"0.43","track":"0.38","acq_date":"2026-07-22","acq_time":"126","satellite":"N20","instrument":"VIIRS","confidence":"n","version":"2.0NRT","bright_ti5":"297.85","frp":"1.15","daynight":"N","commune":"Cotignac","code_insee":"83046","departement":"Var","region":"Provence-Alpes-Côte d'Azur","forest":true}},{"type":"Feature","geometry":{"type":"Point","coordinates":[6.14901,43.51538]},"properties":{"latitude":"43.51538","longitude":"6.14901","bright_ti4":"317.31","scan":"0.43","track":"0.38","acq_date":"2026-07-22","acq_time":"126","satellite":"N20","instrument":"VIIRS","confidence":"n","version":"2.0NRT","bright_ti5":"295.04","frp":"1.84","daynight":"N","commune":"Cotignac","code_insee":"83046","departement":"Var","region":"Provence-Alpes-Côte d'Azur","forest":true}},{"type":"Feature","geometry":{"type":"Point","coordinates":[6.09003,43.51586]},"properties":{"latitude":"43.51586","longitude":"6.09003","bright_ti4":"307.66","scan":"0.43","track":"0.38","acq_date":"2026-07-22","acq_time":"126","satellite":"N20","instrument":"VIIRS","confidence":"n","version":"2.0NRT","bright_ti5":"293.11","frp":"1.06","daynight":"N","commune":"Correns","code_insee":"83045","departement":"Var","region":"Provence-Alpes-Côte d'Azur","forest":true}},{"type":"Feature","geometry":{"type":"Point","coordinates":[6.1172,43.51593]},"properties":{"latitude":"43.51593","longitude":"6.1172","bright_ti4":"307.36","scan":"0.43","track":"0.38","acq_date":"2026-07-22","acq_time":"126","satellite":"N20","instrument":"VIIRS","confidence":"n","version":"2.0NRT","bright_ti5":"296.02","frp":"0.99","daynight":"N","commune":"Cotignac","code_insee":"83046","departement":"Var","region":"Provence-Alpes-Côte d'Azur","forest":true}},{"type":"Feature","geometry":{"type":"Point","coordinates":[6.1439,43.51605]},"properties":{"latitude":"43.51605","longitude":"6.1439","bright_ti4":"315.47","scan":"0.43","track":"0.38","acq_date":"2026-07-22","acq_time":"126","satellite":"N20","instrument":"VIIRS","confidence":"n","version":"2.0NRT","bright_ti5":"298.07","frp":"1.84","daynight":"N","commune":"Cotignac","code_insee":"83046","departement":"Var","region":"Provence-Alpes-Côte d'Azur","forest":true}},{"type":"Feature","geometry":{"type":"Point","coordinates":[6.11194,43.51661]},"properties":{"latitude":"43.51661","longitude":"6.11194","bright_ti4":"304.52","scan":"0.43","track":"0.38","acq_date":"2026-07-22","acq_time":"126","satellite":"N20","instrument":"VIIRS","confidence":"n","version":"2.0NRT","bright_ti5":"293.54","frp":"0.99","daynight":"N","commune":"Cotignac","code_insee":"83046","departement":"Var","region":"Provence-Alpes-Côte d'Azur","forest":true}},{"type":"Feature","geometry":{"type":"Point","coordinates":[6.1233,43.5187]},"properties":{"latitude":"43.5187","longitude":"6.1233","bright_ti4":"311.07","scan":"0.43","track":"0.38","acq_date":"2026-07-22","acq_time":"126","satellite":"N20","instrument":"VIIRS","confidence":"n","version":"2.0NRT","bright_ti5":"297.74","frp":"1.25","daynight":"N","commune":"Cotignac","code_insee":"83046","departement":"Var","region":"Provence-Alpes-Côte d'Azur","forest":true}},{"type":"Feature","geometry":{"type":"Point","coordinates":[6.09099,43.5193]},"properties":{"latitude":"43.5193","longitude":"6.09099","bright_ti4":"305.77","scan":"0.43","track":"0.38","acq_date":"2026-07-22","acq_time":"126","satellite":"N20","instrument":"VIIRS","confidence":"n","version":"2.0NRT","bright_ti5":"294.77","frp":"1.06","daynight":"N","commune":"Correns","code_insee":"83045","departement":"Var","region":"Provence-Alpes-Côte d'Azur","forest":true}},{"type":"Feature","geometry":{"type":"Point","coordinates":[6.11807,43.51938]},"properties":{"latitude":"43.51938","longitude":"6.11807","bright_ti4":"306.22","scan":"0.43","track":"0.38","acq_date":"2026-07-22","acq_time":"126","satellite":"N20","instrument":"VIIRS","confidence":"n","version":"2.0NRT","bright_ti5":"294.02","frp":"1.37","daynight":"N","commune":"Cotignac","code_insee":"83046","departement":"Var","region":"Provence-Alpes-Côte d'Azur","forest":true}},{"type":"Feature","geometry":{"type":"Point","coordinates":[6.14482,43.51949]},"properties":{"latitude":"43.51949","longitude":"6.14482","bright_ti4":"322.43","scan":"0.43","track":"0.38","acq_date":"2026-07-22","acq_time":"126","satellite":"N20","instrument":"VIIRS","confidence":"n","version":"2.0NRT","bright_ti5":"297.34","frp":"1.84","daynight":"N","commune":"Cotignac","code_insee":"83046","departement":"Var","region":"Provence-Alpes-Côte d'Azur","forest":true}},{"type":"Feature","geometry":{"type":"Point","coordinates":[6.08575,43.51997]},"properties":{"latitude":"43.51997","longitude":"6.08575","bright_ti4":"327.91","scan":"0.43","track":"0.38","acq_date":"2026-07-22","acq_time":"126","satellite":"N20","instrument":"VIIRS","confidence":"n","version":"2.0NRT","bright_ti5":"296.42","frp":"1.97","daynight":"N","commune":"Correns","code_insee":"83045","departement":"Var","region":"Provence-Alpes-Côte d'Azur","forest":true}},{"type":"Feature","geometry":{"type":"Point","coordinates":[6.1397,43.52015]},"properties":{"latitude":"43.52015","longitude":"6.1397","bright_ti4":"318.97","scan":"0.43","track":"0.38","acq_date":"2026-07-22","acq_time":"126","satellite":"N20","instrument":"VIIRS","confidence":"n","version":"2.0NRT","bright_ti5":"296.52","frp":"3.55","daynight":"N","commune":"Cotignac","code_insee":"83046","departement":"Var","region":"Provence-Alpes-Côte d'Azur","forest":true}},{"type":"Feature","geometry":{"type":"Point","coordinates":[6.08052,43.52065]},"properties":{"latitude":"43.52065","longitude":"6.08052","bright_ti4":"305.66","scan":"0.43","track":"0.38","acq_date":"2026-07-22","acq_time":"126","satellite":"N20","instrument":"VIIRS","confidence":"n","version":"2.0NRT","bright_ti5":"292.9","frp":"1.97","daynight":"N","commune":"Pontevès","code_insee":"83095","departement":"Var","region":"Provence-Alpes-Côte d'Azur","forest":true}},{"type":"Feature","geometry":{"type":"Point","coordinates":[6.1294,43.52148]},"properties":{"latitude":"43.52148","longitude":"6.1294","bright_ti4":"307.47","scan":"0.43","track":"0.38","acq_date":"2026-07-22","acq_time":"126","satellite":"N20","instrument":"VIIRS","confidence":"n","version":"2.0NRT","bright_ti5":"296.44","frp":"1.25","daynight":"N","commune":"Cotignac","code_insee":"83046","departement":"Var","region":"Provence-Alpes-Côte d'Azur","forest":true}},{"type":"Feature","geometry":{"type":"Point","coordinates":[6.1242,43.52215]},"properties":{"latitude":"43.52215","longitude":"6.1242","bright_ti4":"307.28","scan":"0.43","track":"0.38","acq_date":"2026-07-22","acq_time":"126","satellite":"N20","instrument":"VIIRS","confidence":"n","version":"2.0NRT","bright_ti5":"295.83","frp":"1.25","daynight":"N","commune":"Cotignac","code_insee":"83046","departement":"Var","region":"Provence-Alpes-Côte d'Azur","forest":true}},{"type":"Feature","geometry":{"type":"Point","coordinates":[6.11897,43.52282]},"properties":{"latitude":"43.52282","longitude":"6.11897","bright_ti4":"306.91","scan":"0.43","track":"0.38","acq_date":"2026-07-22","acq_time":"126","satellite":"N20","instrument":"VIIRS","confidence":"n","version":"2.0NRT","bright_ti5":"294.74","frp":"1.37","daynight":"N","commune":"Cotignac","code_insee":"83046","departement":"Var","region":"Provence-Alpes-Côte d'Azur","forest":true}},{"type":"Feature","geometry":{"type":"Point","coordinates":[6.1457,43.52293]},"properties":{"latitude":"43.52293","longitude":"6.1457","bright_ti4":"331.34","scan":"0.43","track":"0.38","acq_date":"2026-07-22","acq_time":"126","satellite":"N20","instrument":"VIIRS","confidence":"n","version":"2.0NRT","bright_ti5":"297.22","frp":"3.95","daynight":"N","commune":"Cotignac","code_insee":"83046","departement":"Var","region":"Provence-Alpes-Côte d'Azur","forest":true}},{"type":"Feature","geometry":{"type":"Point","coordinates":[6.08679,43.5234]},"properties":{"latitude":"43.5234","longitude":"6.08679","bright_ti4":"317.99","scan":"0.43","track":"0.38","acq_date":"2026-07-22","acq_time":"126","satellite":"N20","instrument":"VIIRS","confidence":"n","version":"2.0NRT","bright_ti5":"295.55","frp":"3.14","daynight":"N","commune":"Pontevès","code_insee":"83095","departement":"Var","region":"Provence-Alpes-Côte d'Azur","forest":true}},{"type":"Feature","geometry":{"type":"Point","coordinates":[6.14058,43.52359]},"properties":{"latitude":"43.52359","longitude":"6.14058","bright_ti4":"344.37","scan":"0.43","track":"0.38","acq_date":"2026-07-22","acq_time":"126","satellite":"N20","instrument":"VIIRS","confidence":"n","version":"2.0NRT","bright_ti5":"300.28","frp":"3.02","daynight":"N","commune":"Cotignac","code_insee":"83046","departement":"Var","region":"Provence-Alpes-Côte d'Azur","forest":true}},{"type":"Feature","geometry":{"type":"Point","coordinates":[6.08155,43.52407]},"properties":{"latitude":"43.52407","longitude":"6.08155","bright_ti4":"327.76","scan":"0.43","track":"0.38","acq_date":"2026-07-22","acq_time":"126","satellite":"N20","instrument":"VIIRS","confidence":"n","version":"2.0NRT","bright_ti5":"297.87","frp":"3.14","daynight":"N","commune":"Pontevès","code_insee":"83095","departement":"Var","region":"Provence-Alpes-Côte d'Azur","forest":true}},{"type":"Feature","geometry":{"type":"Point","coordinates":[6.13545,43.52425]},"properties":{"latitude":"43.52425","longitude":"6.13545","bright_ti4":"325.23","scan":"0.43","track":"0.38","acq_date":"2026-07-22","acq_time":"126","satellite":"N20","instrument":"VIIRS","confidence":"n","version":"2.0NRT","bright_ti5":"296.69","frp":"3.02","daynight":"N","commune":"Cotignac","code_insee":"83046","departement":"Var","region":"Provence-Alpes-Côte d'Azur","forest":true}},{"type":"Feature","geometry":{"type":"Point","coordinates":[6.07626,43.52475]},"properties":{"latitude":"43.52475","longitude":"6.07626","bright_ti4":"332.57","scan":"0.43","track":"0.38","acq_date":"2026-07-22","acq_time":"126","satellite":"N20","instrument":"VIIRS","confidence":"n","version":"2.0NRT","bright_ti5":"297.43","frp":"4.07","daynight":"N","commune":"Pontevès","code_insee":"83095","departement":"Var","region":"Provence-Alpes-Côte d'Azur","forest":true}},{"type":"Feature","geometry":{"type":"Point","coordinates":[6.13029,43.52492]},"properties":{"latitude":"43.52492","longitude":"6.13029","bright_ti4":"322.88","scan":"0.43","track":"0.38","acq_date":"2026-07-22","acq_time":"126","satellite":"N20","instrument":"VIIRS","confidence":"n","version":"2.0NRT","bright_ti5":"299.96","frp":"1.56","daynight":"N","commune":"Cotignac","code_insee":"83046","departement":"Var","region":"Provence-Alpes-Côte d'Azur","forest":true}},{"type":"Feature","geometry":{"type":"Point","coordinates":[6.07094,43.52544]},"properties":{"latitude":"43.52544","longitude":"6.07094","bright_ti4":"312.17","scan":"0.43","track":"0.38","acq_date":"2026-07-22","acq_time":"126","satellite":"N20","instrument":"VIIRS","confidence":"n","version":"2.0NRT","bright_ti5":"292.81","frp":"4.07","daynight":"N","commune":"Pontevès","code_insee":"83095","departement":"Var","region":"Provence-Alpes-Côte d'Azur","forest":true}},{"type":"Feature","geometry":{"type":"Point","coordinates":[6.12509,43.52559]},"properties":{"latitude":"43.52559","longitude":"6.12509","bright_ti4":"310.97","scan":"0.43","track":"0.38","acq_date":"2026-07-22","acq_time":"126","satellite":"N20","instrument":"VIIRS","confidence":"n","version":"2.0NRT","bright_ti5":"295.73","frp":"1.56","daynight":"N","commune":"Cotignac","code_insee":"83046","departement":"Var","region":"Provence-Alpes-Côte d'Azur","forest":true}},{"type":"Feature","geometry":{"type":"Point","coordinates":[6.11988,43.52626]},"properties":{"latitude":"43.52626","longitude":"6.11988","bright_ti4":"308.49","scan":"0.43","track":"0.38","acq_date":"2026-07-22","acq_time":"126","satellite":"N20","instrument":"VIIRS","confidence":"n","version":"2.0NRT","bright_ti5":"294.72","frp":"1.25","daynight":"N","commune":"Cotignac","code_insee":"83046","departement":"Var","region":"Provence-Alpes-Côte d'Azur","forest":true}},{"type":"Feature","geometry":{"type":"Point","coordinates":[6.11469,43.52693]},"properties":{"latitude":"43.52693","longitude":"6.11469","bright_ti4":"314.13","scan":"0.43","track":"0.38","acq_date":"2026-07-22","acq_time":"126","satellite":"N20","instrument":"VIIRS","confidence":"n","version":"2.0NRT","bright_ti5":"295.56","frp":"1.25","daynight":"N","commune":"Cotignac","code_insee":"83046","departement":"Var","region":"Provence-Alpes-Côte d'Azur","forest":true}},{"type":"Feature","geometry":{"type":"Point","coordinates":[6.10951,43.5276]},"properties":{"latitude":"43.5276","longitude":"6.10951","bright_ti4":"311.69","scan":"0.43","track":"0.38","acq_date":"2026-07-22","acq_time":"126","satellite":"N20","instrument":"VIIRS","confidence":"n","version":"2.0NRT","bright_ti5":"295.6","frp":"1.6","daynight":"N","commune":"Cotignac","code_insee":"83046","departement":"Var","region":"Provence-Alpes-Côte d'Azur","forest":true}},{"type":"Feature","geometry":{"type":"Point","coordinates":[6.13633,43.5277]},"properties":{"latitude":"43.5277","longitude":"6.13633","bright_ti4":"316.21","scan":"0.43","track":"0.38","acq_date":"2026-07-22","acq_time":"126","satellite":"N20","instrument":"VIIRS","confidence":"n","version":"2.0NRT","bright_ti5":"294.1","frp":"3.02","daynight":"N","commune":"Cotignac","code_insee":"83046","departement":"Var","region":"Provence-Alpes-Côte d'Azur","forest":true}},{"type":"Feature","geometry":{"type":"Point","coordinates":[6.07733,43.52818]},"properties":{"latitude":"43.52818","longitude":"6.07733","bright_ti4":"314.04","scan":"0.43","track":"0.38","acq_date":"2026-07-22","acq_time":"126","satellite":"N20","instrument":"VIIRS","confidence":"n","version":"2.0NRT","bright_ti5":"295.01","frp":"4.07","daynight":"N","commune":"Pontevès","code_insee":"83095","departement":"Var","region":"Provence-Alpes-Côte d'Azur","forest":true}},{"type":"Feature","geometry":{"type":"Point","coordinates":[6.13117,43.52837]},"properties":{"latitude":"43.52837","longitude":"6.13117","bright_ti4":"304.01","scan":"0.43","track":"0.38","acq_date":"2026-07-22","acq_time":"126","satellite":"N20","instrument":"VIIRS","confidence":"n","version":"2.0NRT","bright_ti5":"293.99","frp":"1.56","daynight":"N","commune":"Cotignac","code_insee":"83046","departement":"Var","region":"Provence-Alpes-Côte d'Azur","forest":true}},{"type":"Feature","geometry":{"type":"Point","coordinates":[6.07201,43.52886]},"properties":{"latitude":"43.52886","longitude":"6.07201","bright_ti4":"347.69","scan":"0.43","track":"0.38","acq_date":"2026-07-22","acq_time":"126","satellite":"N20","instrument":"VIIRS","confidence":"n","version":"2.0NRT","bright_ti5":"300.49","frp":"4.07","daynight":"N","commune":"Pontevès","code_insee":"83095","departement":"Var","region":"Provence-Alpes-Côte d'Azur","forest":true}},{"type":"Feature","geometry":{"type":"Point","coordinates":[6.09919,43.52893]},"properties":{"latitude":"43.52893","longitude":"6.09919","bright_ti4":"311.36","scan":"0.43","track":"0.38","acq_date":"2026-07-22","acq_time":"126","satellite":"N20","instrument":"VIIRS","confidence":"n","version":"2.0NRT","bright_ti5":"294.34","frp":"0.96","daynight":"N","commune":"Cotignac","code_insee":"83046","departement":"Var","region":"Provence-Alpes-Côte d'Azur","forest":true}},{"type":"Feature","geometry":{"type":"Point","coordinates":[6.12599,43.52903]},"properties":{"latitude":"43.52903","longitude":"6.12599","bright_ti4":"320.61","scan":"0.43","track":"0.38","acq_date":"2026-07-22","acq_time":"126","satellite":"N20","instrument":"VIIRS","confidence":"n","version":"2.0NRT","bright_ti5":"294.95","frp":"1.56","daynight":"N","commune":"Cotignac","code_insee":"83046","departement":"Var","region":"Provence-Alpes-Côte d'Azur","forest":true}},{"type":"Feature","geometry":{"type":"Point","coordinates":[6.06668,43.52955]},"properties":{"latitude":"43.52955","longitude":"6.06668","bright_ti4":"321.69","scan":"0.43","track":"0.38","acq_date":"2026-07-22","acq_time":"126","satellite":"N20","instrument":"VIIRS","confidence":"n","version":"2.0NRT","bright_ti5":"294.38","frp":"3.95","daynight":"N","commune":"Pontevès","code_insee":"83095","departement":"Var","region":"Provence-Alpes-Côte d'Azur","forest":true}},{"type":"Feature","geometry":{"type":"Point","coordinates":[6.12079,43.52971]},"properties":{"latitude":"43.52971","longitude":"6.12079","bright_ti4":"309.17","scan":"0.43","track":"0.38","acq_date":"2026-07-22","acq_time":"126","satellite":"N20","instrument":"VIIRS","confidence":"n","version":"2.0NRT","bright_ti5":"295.5","frp":"1.25","daynight":"N","commune":"Cotignac","code_insee":"83046","departement":"Var","region":"Provence-Alpes-Côte d'Azur","forest":true}},{"type":"Feature","geometry":{"type":"Point","coordinates":[6.11564,43.53037]},"properties":{"latitude":"43.53037","longitude":"6.11564","bright_ti4":"314.7","scan":"0.43","track":"0.38","acq_date":"2026-07-22","acq_time":"126","satellite":"N20","instrument":"VIIRS","confidence":"n","version":"2.0NRT","bright_ti5":"296.13","frp":"1.25","daynight":"N","commune":"Cotignac","code_insee":"83046","departement":"Var","region":"Provence-Alpes-Côte d'Azur","forest":true}},{"type":"Feature","geometry":{"type":"Point","coordinates":[6.08375,43.53092]},"properties":{"latitude":"43.53092","longitude":"6.08375","bright_ti4":"303.25","scan":"0.43","track":"0.38","acq_date":"2026-07-22","acq_time":"126","satellite":"N20","instrument":"VIIRS","confidence":"n","version":"2.0NRT","bright_ti5":"292","frp":"2.27","daynight":"N","commune":"Pontevès","code_insee":"83095","departement":"Var","region":"Provence-Alpes-Côte d'Azur","forest":true}},{"type":"Feature","geometry":{"type":"Point","coordinates":[6.11051,43.53103]},"properties":{"latitude":"43.53103","longitude":"6.11051","bright_ti4":"317.12","scan":"0.43","track":"0.38","acq_date":"2026-07-22","acq_time":"126","satellite":"N20","instrument":"VIIRS","confidence":"n","version":"2.0NRT","bright_ti5":"297.09","frp":"1.6","daynight":"N","commune":"Cotignac","code_insee":"83046","departement":"Var","region":"Provence-Alpes-Côte d'Azur","forest":true}},{"type":"Feature","geometry":{"type":"Point","coordinates":[6.10536,43.5317]},"properties":{"latitude":"43.5317","longitude":"6.10536","bright_ti4":"309.3","scan":"0.43","track":"0.38","acq_date":"2026-07-22","acq_time":"126","satellite":"N20","instrument":"VIIRS","confidence":"n","version":"2.0NRT","bright_ti5":"294.1","frp":"1.6","daynight":"N","commune":"Cotignac","code_insee":"83046","departement":"Var","region":"Provence-Alpes-Côte d'Azur","forest":true}},{"type":"Feature","geometry":{"type":"Point","coordinates":[6.10024,43.53236]},"properties":{"latitude":"43.53236","longitude":"6.10024","bright_ti4":"305.47","scan":"0.43","track":"0.38","acq_date":"2026-07-22","acq_time":"126","satellite":"N20","instrument":"VIIRS","confidence":"n","version":"2.0NRT","bright_ti5":"293.56","frp":"0.96","daynight":"N","commune":"Cotignac","code_insee":"83046","departement":"Var","region":"Provence-Alpes-Côte d'Azur","forest":true}},{"type":"Feature","geometry":{"type":"Point","coordinates":[6.06773,43.53298]},"properties":{"latitude":"43.53298","longitude":"6.06773","bright_ti4":"342.76","scan":"0.43","track":"0.38","acq_date":"2026-07-22","acq_time":"126","satellite":"N20","instrument":"VIIRS","confidence":"n","version":"2.0NRT","bright_ti5":"298.83","frp":"6.67","daynight":"N","commune":"Pontevès","code_insee":"83095","departement":"Var","region":"Provence-Alpes-Côte d'Azur","forest":true}},{"type":"Feature","geometry":{"type":"Point","coordinates":[6.09514,43.53302]},"properties":{"latitude":"43.53302","longitude":"6.09514","bright_ti4":"305.96","scan":"0.43","track":"0.38","acq_date":"2026-07-22","acq_time":"126","satellite":"N20","instrument":"VIIRS","confidence":"n","version":"2.0NRT","bright_ti5":"292.38","frp":"0.96","daynight":"N","commune":"Cotignac","code_insee":"83046","departement":"Var","region":"Provence-Alpes-Côte d'Azur","forest":true}},{"type":"Feature","geometry":{"type":"Point","coordinates":[6.12169,43.53315]},"properties":{"latitude":"43.53315","longitude":"6.12169","bright_ti4":"317.5","scan":"0.43","track":"0.38","acq_date":"2026-07-22","acq_time":"126","satellite":"N20","instrument":"VIIRS","confidence":"n","version":"2.0NRT","bright_ti5":"295.54","frp":"2.81","daynight":"N","commune":"Cotignac","code_insee":"83046","departement":"Var","region":"Provence-Alpes-Côte d'Azur","forest":true}},{"type":"Feature","geometry":{"type":"Point","coordinates":[6.06236,43.53367]},"properties":{"latitude":"43.53367","longitude":"6.06236","bright_ti4":"346.43","scan":"0.43","track":"0.38","acq_date":"2026-07-22","acq_time":"126","satellite":"N20","instrument":"VIIRS","confidence":"n","version":"2.0NRT","bright_ti5":"299.35","frp":"6.67","daynight":"N","commune":"Pontevès","code_insee":"83095","departement":"Var","region":"Provence-Alpes-Côte d'Azur","forest":true}},{"type":"Feature","geometry":{"type":"Point","coordinates":[6.1166,43.53381]},"properties":{"latitude":"43.53381","longitude":"6.1166","bright_ti4":"331.02","scan":"0.43","track":"0.38","acq_date":"2026-07-22","acq_time":"126","satellite":"N20","instrument":"VIIRS","confidence":"n","version":"2.0NRT","bright_ti5":"299.21","frp":"2.81","daynight":"N","commune":"Cotignac","code_insee":"83046","departement":"Var","region":"Provence-Alpes-Côte d'Azur","forest":true}},{"type":"Feature","geometry":{"type":"Point","coordinates":[6.11152,43.53447]},"properties":{"latitude":"43.53447","longitude":"6.11152","bright_ti4":"309.77","scan":"0.43","track":"0.38","acq_date":"2026-07-22","acq_time":"126","satellite":"N20","instrument":"VIIRS","confidence":"n","version":"2.0NRT","bright_ti5":"294.4","frp":"1.27","daynight":"N","commune":"Cotignac","code_insee":"83046","departement":"Var","region":"Provence-Alpes-Côte d'Azur","forest":true}},{"type":"Feature","geometry":{"type":"Point","coordinates":[6.05796,43.5378]},"properties":{"latitude":"43.5378","longitude":"6.05796","bright_ti4":"306.94","scan":"0.43","track":"0.38","acq_date":"2026-07-22","acq_time":"126","satellite":"N20","instrument":"VIIRS","confidence":"n","version":"2.0NRT","bright_ti5":"292.89","frp":"1.66","daynight":"N","commune":"Pontevès","code_insee":"83095","departement":"Var","region":"Provence-Alpes-Côte d'Azur","forest":true}},{"type":"Feature","geometry":{"type":"Point","coordinates":[6.11242,43.53791]},"properties":{"latitude":"43.53791","longitude":"6.11242","bright_ti4":"304.23","scan":"0.43","track":"0.38","acq_date":"2026-07-22","acq_time":"126","satellite":"N20","instrument":"VIIRS","confidence":"n","version":"2.0NRT","bright_ti5":"292.75","frp":"1.27","daynight":"N","commune":"Cotignac","code_insee":"83046","departement":"Var","region":"Provence-Alpes-Côte d'Azur","forest":true}},{"type":"Feature","geometry":{"type":"Point","coordinates":[6.05259,43.53848]},"properties":{"latitude":"43.53848","longitude":"6.05259","bright_ti4":"312.92","scan":"0.43","track":"0.38","acq_date":"2026-07-22","acq_time":"126","satellite":"N20","instrument":"VIIRS","confidence":"n","version":"2.0NRT","bright_ti5":"292.04","frp":"1.66","daynight":"N","commune":"Pontevès","code_insee":"83095","departement":"Var","region":"Provence-Alpes-Côte d'Azur","forest":true}},{"type":"Feature","geometry":{"type":"Point","coordinates":[6.11317,43.54137]},"properties":{"latitude":"43.54137","longitude":"6.11317","bright_ti4":"305.35","scan":"0.43","track":"0.38","acq_date":"2026-07-22","acq_time":"126","satellite":"N20","instrument":"VIIRS","confidence":"n","version":"2.0NRT","bright_ti5":"293.29","frp":"2","daynight":"N","commune":"Cotignac","code_insee":"83046","departement":"Var","region":"Provence-Alpes-Côte d'Azur","forest":true}},{"type":"Feature","geometry":{"type":"Point","coordinates":[6.05353,43.54193]},"properties":{"latitude":"43.54193","longitude":"6.05353","bright_ti4":"338.15","scan":"0.43","track":"0.38","acq_date":"2026-07-22","acq_time":"126","satellite":"N20","instrument":"VIIRS","confidence":"n","version":"2.0NRT","bright_ti5":"298.35","frp":"7.85","daynight":"N","commune":"Pontevès","code_insee":"83095","departement":"Var","region":"Provence-Alpes-Côte d'Azur","forest":true}},{"type":"Feature","geometry":{"type":"Point","coordinates":[6.05443,43.54538]},"properties":{"latitude":"43.54538","longitude":"6.05443","bright_ti4":"302.74","scan":"0.43","track":"0.38","acq_date":"2026-07-22","acq_time":"126","satellite":"N20","instrument":"VIIRS","confidence":"n","version":"2.0NRT","bright_ti5":"291.87","frp":"7.85","daynight":"N","commune":"Pontevès","code_insee":"83095","departement":"Var","region":"Provence-Alpes-Côte d'Azur","forest":true}},{"type":"Feature","geometry":{"type":"Point","coordinates":[6.1087,43.54551]},"properties":{"latitude":"43.54551","longitude":"6.1087","bright_ti4":"332.1","scan":"0.43","track":"0.38","acq_date":"2026-07-22","acq_time":"126","satellite":"N20","instrument":"VIIRS","confidence":"n","version":"2.0NRT","bright_ti5":"293.51","frp":"2","daynight":"N","commune":"Cotignac","code_insee":"83046","departement":"Var","region":"Provence-Alpes-Côte d'Azur","forest":true}},{"type":"Feature","geometry":{"type":"Point","coordinates":[6.09826,43.54686]},"properties":{"latitude":"43.54686","longitude":"6.09826","bright_ti4":"302.66","scan":"0.43","track":"0.38","acq_date":"2026-07-22","acq_time":"126","satellite":"N20","instrument":"VIIRS","confidence":"n","version":"2.0NRT","bright_ti5":"290.7","frp":"1.5","daynight":"N","commune":"Pontevès","code_insee":"83095","departement":"Var","region":"Provence-Alpes-Côte d'Azur","forest":true}},{"type":"Feature","geometry":{"type":"Point","coordinates":[6.04992,43.54953]},"properties":{"latitude":"43.54953","longitude":"6.04992","bright_ti4":"342.5","scan":"0.43","track":"0.38","acq_date":"2026-07-22","acq_time":"126","satellite":"N20","instrument":"VIIRS","confidence":"n","version":"2.0NRT","bright_ti5":"299.13","frp":"8.31","daynight":"N","commune":"Pontevès","code_insee":"83095","departement":"Var","region":"Provence-Alpes-Côte d'Azur","forest":true}},{"type":"Feature","geometry":{"type":"Point","coordinates":[6.05058,43.55301]},"properties":{"latitude":"43.55301","longitude":"6.05058","bright_ti4":"313.32","scan":"0.43","track":"0.38","acq_date":"2026-07-22","acq_time":"126","satellite":"N20","instrument":"VIIRS","confidence":"n","version":"2.0NRT","bright_ti5":"291.38","frp":"8.31","daynight":"N","commune":"Pontevès","code_insee":"83095","departement":"Var","region":"Provence-Alpes-Côte d'Azur","forest":true}},{"type":"Feature","geometry":{"type":"Point","coordinates":[6.07871,43.55651]},"properties":{"latitude":"43.55651","longitude":"6.07871","bright_ti4":"331.63","scan":"0.43","track":"0.38","acq_date":"2026-07-22","acq_time":"126","satellite":"N20","instrument":"VIIRS","confidence":"n","version":"2.0NRT","bright_ti5":"293.75","frp":"3.93","daynight":"N","commune":"Pontevès","code_insee":"83095","departement":"Var","region":"Provence-Alpes-Côte d'Azur","forest":true}},{"type":"Feature","geometry":{"type":"Point","coordinates":[6.07948,43.55997]},"properties":{"latitude":"43.55997","longitude":"6.07948","bright_ti4":"323.52","scan":"0.43","track":"0.38","acq_date":"2026-07-22","acq_time":"126","satellite":"N20","instrument":"VIIRS","confidence":"n","version":"2.0NRT","bright_ti5":"290.17","frp":"1.61","daynight":"N","commune":"Pontevès","code_insee":"83095","departement":"Var","region":"Provence-Alpes-Côte d'Azur","forest":true}},{"type":"Feature","geometry":{"type":"Point","coordinates":[4.41448,44.12359]},"properties":{"latitude":"44.12359","longitude":"4.41448","bright_ti4":"304.17","scan":"0.49","track":"0.4","acq_date":"2026-07-22","acq_time":"126","satellite":"N20","instrument":"VIIRS","confidence":"n","version":"2.0NRT","bright_ti5":"290.08","frp":"0.54","daynight":"N","commune":"Fontarèches","code_insee":"30115","departement":"Gard","region":"Occitanie","forest":true}},{"type":"Feature","geometry":{"type":"Point","coordinates":[4.40958,44.12576]},"properties":{"latitude":"44.12576","longitude":"4.40958","bright_ti4":"301.09","scan":"0.49","track":"0.4","acq_date":"2026-07-22","acq_time":"126","satellite":"N20","instrument":"VIIRS","confidence":"n","version":"2.0NRT","bright_ti5":"291.07","frp":"0.7","daynight":"N","commune":"Fontarèches","code_insee":"30115","departement":"Gard","region":"Occitanie","forest":true}},{"type":"Feature","geometry":{"type":"Point","coordinates":[6.55789,44.7561]},"properties":{"latitude":"44.7561","longitude":"6.55789","bright_ti4":"299.91","scan":"0.43","track":"0.38","acq_date":"2026-07-22","acq_time":"126","satellite":"N20","instrument":"VIIRS","confidence":"n","version":"2.0NRT","bright_ti5":"287.04","frp":"1.23","daynight":"N","commune":"Freissinières","code_insee":"05058","departement":"Hautes-Alpes","region":"Provence-Alpes-Côte d'Azur","forest":true}},{"type":"Feature","geometry":{"type":"Point","coordinates":[6.55261,44.75677]},"properties":{"latitude":"44.75677","longitude":"6.55261","bright_ti4":"312.15","scan":"0.43","track":"0.38","acq_date":"2026-07-22","acq_time":"126","satellite":"N20","instrument":"VIIRS","confidence":"n","version":"2.0NRT","bright_ti5":"288.14","frp":"1.23","daynight":"N","commune":"Freissinières","code_insee":"05058","departement":"Hautes-Alpes","region":"Provence-Alpes-Côte d'Azur","forest":true}},{"type":"Feature","geometry":{"type":"Point","coordinates":[6.56823,44.7583]},"properties":{"latitude":"44.7583","longitude":"6.56823","bright_ti4":"305.24","scan":"0.43","track":"0.38","acq_date":"2026-07-22","acq_time":"126","satellite":"N20","instrument":"VIIRS","confidence":"n","version":"2.0NRT","bright_ti5":"288.93","frp":"1.51","daynight":"N","commune":"Freissinières","code_insee":"05058","departement":"Hautes-Alpes","region":"Provence-Alpes-Côte d'Azur","forest":true}},{"type":"Feature","geometry":{"type":"Point","coordinates":[6.56337,44.75893]},"properties":{"latitude":"44.75893","longitude":"6.56337","bright_ti4":"309.93","scan":"0.43","track":"0.38","acq_date":"2026-07-22","acq_time":"126","satellite":"N20","instrument":"VIIRS","confidence":"n","version":"2.0NRT","bright_ti5":"289.47","frp":"1.51","daynight":"N","commune":"Freissinières","code_insee":"05058","departement":"Hautes-Alpes","region":"Provence-Alpes-Côte d'Azur","forest":true}},{"type":"Feature","geometry":{"type":"Point","coordinates":[6.56386,44.76242]},"properties":{"latitude":"44.76242","longitude":"6.56386","bright_ti4":"347.56","scan":"0.43","track":"0.38","acq_date":"2026-07-22","acq_time":"126","satellite":"N20","instrument":"VIIRS","confidence":"n","version":"2.0NRT","bright_ti5":"292.98","frp":"9.94","daynight":"N","commune":"L'Argentière-la-Bessée","code_insee":"05006","departement":"Hautes-Alpes","region":"Provence-Alpes-Côte d'Azur","forest":true}},{"type":"Feature","geometry":{"type":"Point","coordinates":[6.55896,44.76305]},"properties":{"latitude":"44.76305","longitude":"6.55896","bright_ti4":"314.97","scan":"0.43","track":"0.38","acq_date":"2026-07-22","acq_time":"126","satellite":"N20","instrument":"VIIRS","confidence":"n","version":"2.0NRT","bright_ti5":"289.8","frp":"1.58","daynight":"N","commune":"L'Argentière-la-Bessée","code_insee":"05006","departement":"Hautes-Alpes","region":"Provence-Alpes-Côte d'Azur","forest":true}},{"type":"Feature","geometry":{"type":"Point","coordinates":[6.54462,44.76491]},"properties":{"latitude":"44.76491","longitude":"6.54462","bright_ti4":"330.53","scan":"0.43","track":"0.38","acq_date":"2026-07-22","acq_time":"126","satellite":"N20","instrument":"VIIRS","confidence":"n","version":"2.0NRT","bright_ti5":"288.48","frp":"3.95","daynight":"N","commune":"L'Argentière-la-Bessée","code_insee":"05006","departement":"Hautes-Alpes","region":"Provence-Alpes-Côte d'Azur","forest":true}},{"type":"Feature","geometry":{"type":"Point","coordinates":[6.53955,44.76556]},"properties":{"latitude":"44.76556","longitude":"6.53955","bright_ti4":"306.65","scan":"0.43","track":"0.38","acq_date":"2026-07-22","acq_time":"126","satellite":"N20","instrument":"VIIRS","confidence":"n","version":"2.0NRT","bright_ti5":"283.68","frp":"1.58","daynight":"N","commune":"Freissinières","code_insee":"05058","departement":"Hautes-Alpes","region":"Provence-Alpes-Côte d'Azur","forest":true}},{"type":"Feature","geometry":{"type":"Point","coordinates":[6.55456,44.76717]},"properties":{"latitude":"44.76717","longitude":"6.55456","bright_ti4":"299.44","scan":"0.43","track":"0.38","acq_date":"2026-07-22","acq_time":"126","satellite":"N20","instrument":"VIIRS","confidence":"n","version":"2.0NRT","bright_ti5":"287.39","frp":"1.58","daynight":"N","commune":"L'Argentière-la-Bessée","code_insee":"05006","departement":"Hautes-Alpes","region":"Provence-Alpes-Côte d'Azur","forest":true}},{"type":"Feature","geometry":{"type":"Point","coordinates":[6.54979,44.76779]},"properties":{"latitude":"44.76779","longitude":"6.54979","bright_ti4":"316.74","scan":"0.43","track":"0.38","acq_date":"2026-07-22","acq_time":"126","satellite":"N20","instrument":"VIIRS","confidence":"n","version":"2.0NRT","bright_ti5":"287.69","frp":"3.95","daynight":"N","commune":"L'Argentière-la-Bessée","code_insee":"05006","departement":"Hautes-Alpes","region":"Provence-Alpes-Côte d'Azur","forest":true}},{"type":"Feature","geometry":{"type":"Point","coordinates":[6.54505,44.76841]},"properties":{"latitude":"44.76841","longitude":"6.54505","bright_ti4":"331.98","scan":"0.43","track":"0.38","acq_date":"2026-07-22","acq_time":"126","satellite":"N20","instrument":"VIIRS","confidence":"n","version":"2.0NRT","bright_ti5":"290.56","frp":"3.95","daynight":"N","commune":"L'Argentière-la-Bessée","code_insee":"05006","departement":"Hautes-Alpes","region":"Provence-Alpes-Côte d'Azur","forest":true}},{"type":"Feature","geometry":{"type":"Point","coordinates":[5.66698,45.23086]},"properties":{"latitude":"45.23086","longitude":"5.66698","bright_ti4":"301.35","scan":"0.46","track":"0.39","acq_date":"2026-07-22","acq_time":"126","satellite":"N20","instrument":"VIIRS","confidence":"n","version":"2.0NRT","bright_ti5":"289.68","frp":"0.82","daynight":"N","commune":"Saint-Égrève","code_insee":"38382","departement":"Isère","region":"Auvergne-Rhône-Alpes","forest":true}},{"type":"Feature","geometry":{"type":"Point","coordinates":[0.15259,46.8079]},"properties":{"latitude":"46.8079","longitude":"0.15259","bright_ti4":"337.06","scan":"0.54","track":"0.51","acq_date":"2026-07-22","acq_time":"126","satellite":"N20","instrument":"VIIRS","confidence":"n","version":"2.0NRT","bright_ti5":"287.45","frp":"5.1","daynight":"N","commune":"Chouppes","code_insee":"86075","departement":"Vienne","region":"Nouvelle-Aquitaine","forest":true}},{"type":"Feature","geometry":{"type":"Point","coordinates":[6.05569,48.88212]},"properties":{"latitude":"48.88212","longitude":"6.05569","bright_ti4":"300.51","scan":"0.62","track":"0.71","acq_date":"2026-07-22","acq_time":"304","satellite":"N20","instrument":"VIIRS","confidence":"n","version":"2.0NRT","bright_ti5":"282.42","frp":"0.85","daynight":"N","commune":"Blénod-lès-Pont-à-Mousson","code_insee":"54079","departement":"Meurthe-et-Moselle","region":"Grand Est","forest":true}},{"type":"Feature","geometry":{"type":"Point","coordinates":[6.05566,48.8824]},"properties":{"latitude":"48.8824","longitude":"6.05566","bright_ti4":"298.14","scan":"0.62","track":"0.71","acq_date":"2026-07-22","acq_time":"304","satellite":"N20","instrument":"VIIRS","confidence":"n","version":"2.0NRT","bright_ti5":"281.92","frp":"0.82","daynight":"N","commune":"Blénod-lès-Pont-à-Mousson","code_insee":"54079","departement":"Meurthe-et-Moselle","region":"Grand Est","forest":true}},{"type":"Feature","geometry":{"type":"Point","coordinates":[2.95295,49.09651]},"properties":{"latitude":"49.09651","longitude":"2.95295","bright_ti4":"317.53","scan":"0.46","track":"0.63","acq_date":"2026-07-22","acq_time":"304","satellite":"N20","instrument":"VIIRS","confidence":"n","version":"2.0NRT","bright_ti5":"283.11","frp":"1.35","daynight":"N","commune":"Acy-en-Multien","code_insee":"60005","departement":"Oise","region":"Hauts-de-France","forest":true}},{"type":"Feature","geometry":{"type":"Point","coordinates":[2.951,49.09781]},"properties":{"latitude":"49.09781","longitude":"2.951","bright_ti4":"319.92","scan":"0.46","track":"0.63","acq_date":"2026-07-22","acq_time":"304","satellite":"N20","instrument":"VIIRS","confidence":"n","version":"2.0NRT","bright_ti5":"282.94","frp":"2.4","daynight":"N","commune":"Acy-en-Multien","code_insee":"60005","departement":"Oise","region":"Hauts-de-France","forest":true}},{"type":"Feature","geometry":{"type":"Point","coordinates":[6.10324,49.32655]},"properties":{"latitude":"49.32655","longitude":"6.10324","bright_ti4":"295.44","scan":"0.6","track":"0.7","acq_date":"2026-07-22","acq_time":"304","satellite":"N20","instrument":"VIIRS","confidence":"n","version":"2.0NRT","bright_ti5":"281.48","frp":"0.86","daynight":"N","commune":"Serémange-Erzange","code_insee":"57647","departement":"Moselle","region":"Grand Est","forest":true}},{"type":"Feature","geometry":{"type":"Point","coordinates":[-1.35176,43.05737]},"properties":{"latitude":"43.05737","longitude":"-1.35176","bright_ti4":"297.74","scan":"0.46","track":"0.64","acq_date":"2026-07-22","acq_time":"306","satellite":"N20","instrument":"VIIRS","confidence":"n","version":"2.0NRT","bright_ti5":"285.35","frp":"0.65","daynight":"N","commune":"Banca","code_insee":"64092","departement":"Pyrénées-Atlantiques","region":"Nouvelle-Aquitaine","forest":true}},{"type":"Feature","geometry":{"type":"Point","coordinates":[4.41548,44.12061]},"properties":{"latitude":"44.12061","longitude":"4.41548","bright_ti4":"312.32","scan":"0.78","track":"0.78","acq_date":"2026-07-22","acq_time":"306","satellite":"N20","instrument":"VIIRS","confidence":"n","version":"2.0NRT","bright_ti5":"290.63","frp":"2.01","daynight":"N","commune":"Fontarèches","code_insee":"30115","departement":"Gard","region":"Occitanie","forest":true}},{"type":"Feature","geometry":{"type":"Point","coordinates":[4.4068,44.12379]},"properties":{"latitude":"44.12379","longitude":"4.4068","bright_ti4":"299.27","scan":"0.78","track":"0.78","acq_date":"2026-07-22","acq_time":"306","satellite":"N20","instrument":"VIIRS","confidence":"n","version":"2.0NRT","bright_ti5":"288.6","frp":"2.01","daynight":"N","commune":"La Bruguière","code_insee":"30056","departement":"Gard","region":"Occitanie","forest":true}},{"type":"Feature","geometry":{"type":"Point","coordinates":[4.41173,44.12508]},"properties":{"latitude":"44.12508","longitude":"4.41173","bright_ti4":"313.51","scan":"0.78","track":"0.78","acq_date":"2026-07-22","acq_time":"306","satellite":"N20","instrument":"VIIRS","confidence":"n","version":"2.0NRT","bright_ti5":"289.97","frp":"3.04","daynight":"N","commune":"Fontarèches","code_insee":"30115","departement":"Gard","region":"Occitanie","forest":true}},{"type":"Feature","geometry":{"type":"Point","coordinates":[0.15049,46.80644]},"properties":{"latitude":"46.80644","longitude":"0.15049","bright_ti4":"299.67","scan":"0.41","track":"0.61","acq_date":"2026-07-22","acq_time":"306","satellite":"N20","instrument":"VIIRS","confidence":"n","version":"2.0NRT","bright_ti5":"284.59","frp":"2.73","daynight":"N","commune":"Chouppes","code_insee":"86075","departement":"Vienne","region":"Nouvelle-Aquitaine","forest":true}},{"type":"Feature","geometry":{"type":"Point","coordinates":[9.0558,42.25602]},"properties":{"latitude":"42.25602","longitude":"9.0558","bright_ti4":"356.1","scan":"0.68","track":"0.74","acq_date":"2026-07-22","acq_time":"1110","satellite":"N20","instrument":"VIIRS","confidence":"n","version":"2.0NRT","bright_ti5":"299.92","frp":"38.16","daynight":"D","commune":"Corte","code_insee":"2B096","departement":"Haute-Corse","region":"Corse","forest":true}},{"type":"Feature","geometry":{"type":"Point","coordinates":[9.06097,42.25774]},"properties":{"latitude":"42.25774","longitude":"9.06097","bright_ti4":"367","scan":"0.68","track":"0.74","acq_date":"2026-07-22","acq_time":"1110","satellite":"N20","instrument":"VIIRS","confidence":"h","version":"2.0NRT","bright_ti5":"296.11","frp":"28.01","daynight":"D","commune":"Corte","code_insee":"2B096","departement":"Haute-Corse","region":"Corse","forest":true}},{"type":"Feature","geometry":{"type":"Point","coordinates":[9.05677,42.25954]},"properties":{"latitude":"42.25954","longitude":"9.05677","bright_ti4":"367","scan":"0.68","track":"0.74","acq_date":"2026-07-22","acq_time":"1110","satellite":"N20","instrument":"VIIRS","confidence":"h","version":"2.0NRT","bright_ti5":"301.18","frp":"28.21","daynight":"D","commune":"Corte","code_insee":"2B096","departement":"Haute-Corse","region":"Corse","forest":true}},{"type":"Feature","geometry":{"type":"Point","coordinates":[9.07113,42.26113]},"properties":{"latitude":"42.26113","longitude":"9.07113","bright_ti4":"334.24","scan":"0.68","track":"0.74","acq_date":"2026-07-22","acq_time":"1110","satellite":"N20","instrument":"VIIRS","confidence":"n","version":"2.0NRT","bright_ti5":"296.89","frp":"7.23","daynight":"D","commune":"Corte","code_insee":"2B096","departement":"Haute-Corse","region":"Corse","forest":true}},{"type":"Feature","geometry":{"type":"Point","coordinates":[9.06152,42.26115]},"properties":{"latitude":"42.26115","longitude":"9.06152","bright_ti4":"349.76","scan":"0.68","track":"0.74","acq_date":"2026-07-22","acq_time":"1110","satellite":"N20","instrument":"VIIRS","confidence":"n","version":"2.0NRT","bright_ti5":"296.35","frp":"28.21","daynight":"D","commune":"Corte","code_insee":"2B096","departement":"Haute-Corse","region":"Corse","forest":true}},{"type":"Feature","geometry":{"type":"Point","coordinates":[9.05703,42.2639]},"properties":{"latitude":"42.2639","longitude":"9.05703","bright_ti4":"335.14","scan":"0.68","track":"0.74","acq_date":"2026-07-22","acq_time":"1110","satellite":"N20","instrument":"VIIRS","confidence":"n","version":"2.0NRT","bright_ti5":"298.54","frp":"12.26","daynight":"D","commune":"Corte","code_insee":"2B096","departement":"Haute-Corse","region":"Corse","forest":true}},{"type":"Feature","geometry":{"type":"Point","coordinates":[9.10175,42.27475]},"properties":{"latitude":"42.27475","longitude":"9.10175","bright_ti4":"337.47","scan":"0.67","track":"0.74","acq_date":"2026-07-22","acq_time":"1110","satellite":"N20","instrument":"VIIRS","confidence":"n","version":"2.0NRT","bright_ti5":"297.94","frp":"9.09","daynight":"D","commune":"Corte","code_insee":"2B096","departement":"Haute-Corse","region":"Corse","forest":true}},{"type":"Feature","geometry":{"type":"Point","coordinates":[9.08336,42.291]},"properties":{"latitude":"42.291","longitude":"9.08336","bright_ti4":"328.82","scan":"0.68","track":"0.74","acq_date":"2026-07-22","acq_time":"1110","satellite":"N20","instrument":"VIIRS","confidence":"n","version":"2.0NRT","bright_ti5":"294.65","frp":"8.24","daynight":"D","commune":"Corte","code_insee":"2B096","departement":"Haute-Corse","region":"Corse","forest":true}},{"type":"Feature","geometry":{"type":"Point","coordinates":[9.08865,42.29278]},"properties":{"latitude":"42.29278","longitude":"9.08865","bright_ti4":"334.69","scan":"0.68","track":"0.74","acq_date":"2026-07-22","acq_time":"1110","satellite":"N20","instrument":"VIIRS","confidence":"n","version":"2.0NRT","bright_ti5":"292.52","frp":"8.24","daynight":"D","commune":"Corte","code_insee":"2B096","departement":"Haute-Corse","region":"Corse","forest":true}},{"type":"Feature","geometry":{"type":"Point","coordinates":[6.56341,44.76052]},"properties":{"latitude":"44.76052","longitude":"6.56341","bright_ti4":"354.06","scan":"0.73","track":"0.76","acq_date":"2026-07-22","acq_time":"1110","satellite":"N20","instrument":"VIIRS","confidence":"n","version":"2.0NRT","bright_ti5":"303.76","frp":"16.38","daynight":"D","commune":"Freissinières","code_insee":"05058","departement":"Hautes-Alpes","region":"Provence-Alpes-Côte d'Azur","forest":true}},{"type":"Feature","geometry":{"type":"Point","coordinates":[6.56229,44.76083]},"properties":{"latitude":"44.76083","longitude":"6.56229","bright_ti4":"351.8","scan":"0.73","track":"0.76","acq_date":"2026-07-22","acq_time":"1110","satellite":"N20","instrument":"VIIRS","confidence":"n","version":"2.0NRT","bright_ti5":"302.62","frp":"29.52","daynight":"D","commune":"Freissinières","code_insee":"05058","departement":"Hautes-Alpes","region":"Provence-Alpes-Côte d'Azur","forest":true}},{"type":"Feature","geometry":{"type":"Point","coordinates":[6.5463,44.76227]},"properties":{"latitude":"44.76227","longitude":"6.5463","bright_ti4":"327.94","scan":"0.73","track":"0.76","acq_date":"2026-07-22","acq_time":"1110","satellite":"N20","instrument":"VIIRS","confidence":"n","version":"2.0NRT","bright_ti5":"294.88","frp":"9.47","daynight":"D","commune":"Freissinières","code_insee":"05058","departement":"Hautes-Alpes","region":"Provence-Alpes-Côte d'Azur","forest":true}},{"type":"Feature","geometry":{"type":"Point","coordinates":[6.56848,44.76232]},"properties":{"latitude":"44.76232","longitude":"6.56848","bright_ti4":"367","scan":"0.73","track":"0.76","acq_date":"2026-07-22","acq_time":"1110","satellite":"N20","instrument":"VIIRS","confidence":"h","version":"2.0NRT","bright_ti5":"300.43","frp":"16.38","daynight":"D","commune":"La Roche-de-Rame","code_insee":"05122","departement":"Hautes-Alpes","region":"Provence-Alpes-Côte d'Azur","forest":true}},{"type":"Feature","geometry":{"type":"Point","coordinates":[6.54523,44.76254]},"properties":{"latitude":"44.76254","longitude":"6.54523","bright_ti4":"332.28","scan":"0.73","track":"0.76","acq_date":"2026-07-22","acq_time":"1110","satellite":"N20","instrument":"VIIRS","confidence":"n","version":"2.0NRT","bright_ti5":"295.07","frp":"102.19","daynight":"D","commune":"Freissinières","code_insee":"05058","departement":"Hautes-Alpes","region":"Provence-Alpes-Côte d'Azur","forest":true}},{"type":"Feature","geometry":{"type":"Point","coordinates":[6.56717,44.76259]},"properties":{"latitude":"44.76259","longitude":"6.56717","bright_ti4":"367","scan":"0.72","track":"0.76","acq_date":"2026-07-22","acq_time":"1110","satellite":"N20","instrument":"VIIRS","confidence":"h","version":"2.0NRT","bright_ti5":"300.55","frp":"32.07","daynight":"D","commune":"La Roche-de-Rame","code_insee":"05122","departement":"Hautes-Alpes","region":"Provence-Alpes-Côte d'Azur","forest":true}},{"type":"Feature","geometry":{"type":"Point","coordinates":[6.54979,44.76418]},"properties":{"latitude":"44.76418","longitude":"6.54979","bright_ti4":"325.89","scan":"0.73","track":"0.76","acq_date":"2026-07-22","acq_time":"1110","satellite":"N20","instrument":"VIIRS","confidence":"n","version":"2.0NRT","bright_ti5":"295.95","frp":"102.19","daynight":"D","commune":"L'Argentière-la-Bessée","code_insee":"05006","departement":"Hautes-Alpes","region":"Provence-Alpes-Côte d'Azur","forest":true}},{"type":"Feature","geometry":{"type":"Point","coordinates":[6.55458,44.76521]},"properties":{"latitude":"44.76521","longitude":"6.55458","bright_ti4":"345.29","scan":"0.73","track":"0.76","acq_date":"2026-07-22","acq_time":"1110","satellite":"N20","instrument":"VIIRS","confidence":"n","version":"2.0NRT","bright_ti5":"297.95","frp":"23.98","daynight":"D","commune":"L'Argentière-la-Bessée","code_insee":"05006","departement":"Hautes-Alpes","region":"Provence-Alpes-Côte d'Azur","forest":true}},{"type":"Feature","geometry":{"type":"Point","coordinates":[6.5535,44.76552]},"properties":{"latitude":"44.76552","longitude":"6.5535","bright_ti4":"347.77","scan":"0.73","track":"0.76","acq_date":"2026-07-22","acq_time":"1110","satellite":"N20","instrument":"VIIRS","confidence":"n","version":"2.0NRT","bright_ti5":"298.06","frp":"39.15","daynight":"D","commune":"L'Argentière-la-Bessée","code_insee":"05006","departement":"Hautes-Alpes","region":"Provence-Alpes-Côte d'Azur","forest":true}},{"type":"Feature","geometry":{"type":"Point","coordinates":[6.55865,44.76665]},"properties":{"latitude":"44.76665","longitude":"6.55865","bright_ti4":"341.59","scan":"0.73","track":"0.76","acq_date":"2026-07-22","acq_time":"1110","satellite":"N20","instrument":"VIIRS","confidence":"n","version":"2.0NRT","bright_ti5":"296.34","frp":"16.38","daynight":"D","commune":"L'Argentière-la-Bessée","code_insee":"05006","departement":"Hautes-Alpes","region":"Provence-Alpes-Côte d'Azur","forest":true}},{"type":"Feature","geometry":{"type":"Point","coordinates":[6.5575,44.76696]},"properties":{"latitude":"44.76696","longitude":"6.5575","bright_ti4":"341.91","scan":"0.73","track":"0.76","acq_date":"2026-07-22","acq_time":"1110","satellite":"N20","instrument":"VIIRS","confidence":"n","version":"2.0NRT","bright_ti5":"296","frp":"39.15","daynight":"D","commune":"L'Argentière-la-Bessée","code_insee":"05006","departement":"Hautes-Alpes","region":"Provence-Alpes-Côte d'Azur","forest":true}},{"type":"Feature","geometry":{"type":"Point","coordinates":[6.54187,44.76852]},"properties":{"latitude":"44.76852","longitude":"6.54187","bright_ti4":"207.93","scan":"0.73","track":"0.76","acq_date":"2026-07-22","acq_time":"1110","satellite":"N20","instrument":"VIIRS","confidence":"l","version":"2.0NRT","bright_ti5":"314.22","frp":"222.98","daynight":"D","commune":"L'Argentière-la-Bessée","code_insee":"05006","departement":"Hautes-Alpes","region":"Provence-Alpes-Côte d'Azur","forest":true}},{"type":"Feature","geometry":{"type":"Point","coordinates":[6.54093,44.76884]},"properties":{"latitude":"44.76884","longitude":"6.54093","bright_ti4":"207.93","scan":"0.73","track":"0.76","acq_date":"2026-07-22","acq_time":"1110","satellite":"N20","instrument":"VIIRS","confidence":"l","version":"2.0NRT","bright_ti5":"311.57","frp":"102.19","daynight":"D","commune":"L'Argentière-la-Bessée","code_insee":"05006","departement":"Hautes-Alpes","region":"Provence-Alpes-Côte d'Azur","forest":true}},{"type":"Feature","geometry":{"type":"Point","coordinates":[6.54572,44.76989]},"properties":{"latitude":"44.76989","longitude":"6.54572","bright_ti4":"348.09","scan":"0.73","track":"0.76","acq_date":"2026-07-22","acq_time":"1110","satellite":"N20","instrument":"VIIRS","confidence":"n","version":"2.0NRT","bright_ti5":"314.55","frp":"147.7","daynight":"D","commune":"L'Argentière-la-Bessée","code_insee":"05006","departement":"Hautes-Alpes","region":"Provence-Alpes-Côte d'Azur","forest":true}},{"type":"Feature","geometry":{"type":"Point","coordinates":[6.5448,44.77023]},"properties":{"latitude":"44.77023","longitude":"6.5448","bright_ti4":"347.16","scan":"0.73","track":"0.76","acq_date":"2026-07-22","acq_time":"1110","satellite":"N20","instrument":"VIIRS","confidence":"n","version":"2.0NRT","bright_ti5":"314.29","frp":"102.19","daynight":"D","commune":"L'Argentière-la-Bessée","code_insee":"05006","departement":"Hautes-Alpes","region":"Provence-Alpes-Côte d'Azur","forest":true}},{"type":"Feature","geometry":{"type":"Point","coordinates":[6.54934,44.77118]},"properties":{"latitude":"44.77118","longitude":"6.54934","bright_ti4":"367","scan":"0.73","track":"0.76","acq_date":"2026-07-22","acq_time":"1110","satellite":"N20","instrument":"VIIRS","confidence":"h","version":"2.0NRT","bright_ti5":"297.44","frp":"147.7","daynight":"D","commune":"L'Argentière-la-Bessée","code_insee":"05006","departement":"Hautes-Alpes","region":"Provence-Alpes-Côte d'Azur","forest":true}},{"type":"Feature","geometry":{"type":"Point","coordinates":[6.54844,44.77154]},"properties":{"latitude":"44.77154","longitude":"6.54844","bright_ti4":"367","scan":"0.73","track":"0.76","acq_date":"2026-07-22","acq_time":"1110","satellite":"N20","instrument":"VIIRS","confidence":"h","version":"2.0NRT","bright_ti5":"297.22","frp":"39.15","daynight":"D","commune":"L'Argentière-la-Bessée","code_insee":"05006","departement":"Hautes-Alpes","region":"Provence-Alpes-Côte d'Azur","forest":true}},{"type":"Feature","geometry":{"type":"Point","coordinates":[4.92308,48.40188]},"properties":{"latitude":"48.40188","longitude":"4.92308","bright_ti4":"354.41","scan":"0.63","track":"0.72","acq_date":"2026-07-22","acq_time":"1113","satellite":"N20","instrument":"VIIRS","confidence":"n","version":"2.0NRT","bright_ti5":"299.34","frp":"42.32","daynight":"D","commune":"Dommartin-le-Saint-Père","code_insee":"52172","departement":"Haute-Marne","region":"Grand Est","forest":true}},{"type":"Feature","geometry":{"type":"Point","coordinates":[9.05467,42.25901]},"properties":{"latitude":"42.25901","longitude":"9.05467","bright_ti4":"338.56","scan":"0.41","track":"0.45","acq_date":"2026-07-22","acq_time":"1249","satellite":"N20","instrument":"VIIRS","confidence":"l","version":"2.0NRT","bright_ti5":"310.86","frp":"41.11","daynight":"D","commune":"Corte","code_insee":"2B096","departement":"Haute-Corse","region":"Corse","forest":true}},{"type":"Feature","geometry":{"type":"Point","coordinates":[9.08934,42.26645]},"properties":{"latitude":"42.26645","longitude":"9.08934","bright_ti4":"330.27","scan":"0.41","track":"0.45","acq_date":"2026-07-22","acq_time":"1249","satellite":"N20","instrument":"VIIRS","confidence":"n","version":"2.0NRT","bright_ti5":"298.27","frp":"4.92","daynight":"D","commune":"Corte","code_insee":"2B096","departement":"Haute-Corse","region":"Corse","forest":true}},{"type":"Feature","geometry":{"type":"Point","coordinates":[9.09405,42.27108]},"properties":{"latitude":"42.27108","longitude":"9.09405","bright_ti4":"345.52","scan":"0.41","track":"0.45","acq_date":"2026-07-22","acq_time":"1249","satellite":"N20","instrument":"VIIRS","confidence":"n","version":"2.0NRT","bright_ti5":"300.73","frp":"6.13","daynight":"D","commune":"Corte","code_insee":"2B096","departement":"Haute-Corse","region":"Corse","forest":true}},{"type":"Feature","geometry":{"type":"Point","coordinates":[9.07885,42.28012]},"properties":{"latitude":"42.28012","longitude":"9.07885","bright_ti4":"367","scan":"0.41","track":"0.45","acq_date":"2026-07-22","acq_time":"1249","satellite":"N20","instrument":"VIIRS","confidence":"h","version":"2.0NRT","bright_ti5":"299.08","frp":"6.79","daynight":"D","commune":"Corte","code_insee":"2B096","departement":"Haute-Corse","region":"Corse","forest":true}},{"type":"Feature","geometry":{"type":"Point","coordinates":[9.07666,42.28199]},"properties":{"latitude":"42.28199","longitude":"9.07666","bright_ti4":"346.5","scan":"0.41","track":"0.45","acq_date":"2026-07-22","acq_time":"1249","satellite":"N20","instrument":"VIIRS","confidence":"n","version":"2.0NRT","bright_ti5":"299.59","frp":"6.89","daynight":"D","commune":"Corte","code_insee":"2B096","departement":"Haute-Corse","region":"Corse","forest":true}},{"type":"Feature","geometry":{"type":"Point","coordinates":[9.0821,42.2825]},"properties":{"latitude":"42.2825","longitude":"9.0821","bright_ti4":"339.95","scan":"0.41","track":"0.45","acq_date":"2026-07-22","acq_time":"1249","satellite":"N20","instrument":"VIIRS","confidence":"n","version":"2.0NRT","bright_ti5":"298.67","frp":"6.89","daynight":"D","commune":"Corte","code_insee":"2B096","departement":"Haute-Corse","region":"Corse","forest":true}},{"type":"Feature","geometry":{"type":"Point","coordinates":[9.07423,42.2839]},"properties":{"latitude":"42.2839","longitude":"9.07423","bright_ti4":"335.41","scan":"0.41","track":"0.45","acq_date":"2026-07-22","acq_time":"1249","satellite":"N20","instrument":"VIIRS","confidence":"n","version":"2.0NRT","bright_ti5":"298.01","frp":"4.24","daynight":"D","commune":"Corte","code_insee":"2B096","departement":"Haute-Corse","region":"Corse","forest":true}},{"type":"Feature","geometry":{"type":"Point","coordinates":[9.07923,42.28434]},"properties":{"latitude":"42.28434","longitude":"9.07923","bright_ti4":"341.78","scan":"0.41","track":"0.45","acq_date":"2026-07-22","acq_time":"1249","satellite":"N20","instrument":"VIIRS","confidence":"n","version":"2.0NRT","bright_ti5":"298.2","frp":"6.79","daynight":"D","commune":"Corte","code_insee":"2B096","departement":"Haute-Corse","region":"Corse","forest":true}},{"type":"Feature","geometry":{"type":"Point","coordinates":[9.07748,42.28626]},"properties":{"latitude":"42.28626","longitude":"9.07748","bright_ti4":"344.22","scan":"0.41","track":"0.45","acq_date":"2026-07-22","acq_time":"1249","satellite":"N20","instrument":"VIIRS","confidence":"n","version":"2.0NRT","bright_ti5":"299.5","frp":"6.89","daynight":"D","commune":"Corte","code_insee":"2B096","departement":"Haute-Corse","region":"Corse","forest":true}},{"type":"Feature","geometry":{"type":"Point","coordinates":[9.07985,42.28857]},"properties":{"latitude":"42.28857","longitude":"9.07985","bright_ti4":"330.71","scan":"0.41","track":"0.45","acq_date":"2026-07-22","acq_time":"1249","satellite":"N20","instrument":"VIIRS","confidence":"n","version":"2.0NRT","bright_ti5":"297.84","frp":"5.26","daynight":"D","commune":"Corte","code_insee":"2B096","departement":"Haute-Corse","region":"Corse","forest":true}},{"type":"Feature","geometry":{"type":"Point","coordinates":[9.08033,42.2928]},"properties":{"latitude":"42.2928","longitude":"9.08033","bright_ti4":"346.99","scan":"0.41","track":"0.45","acq_date":"2026-07-22","acq_time":"1249","satellite":"N20","instrument":"VIIRS","confidence":"n","version":"2.0NRT","bright_ti5":"299.25","frp":"5.26","daynight":"D","commune":"Corte","code_insee":"2B096","departement":"Haute-Corse","region":"Corse","forest":true}},{"type":"Feature","geometry":{"type":"Point","coordinates":[9.34626,42.70016]},"properties":{"latitude":"42.70016","longitude":"9.34626","bright_ti4":"341.05","scan":"0.43","track":"0.46","acq_date":"2026-07-22","acq_time":"1249","satellite":"N20","instrument":"VIIRS","confidence":"n","version":"2.0NRT","bright_ti5":"305.71","frp":"6.07","daynight":"D","commune":"Patrimonio","code_insee":"2B205","departement":"Haute-Corse","region":"Corse","forest":true}},{"type":"Feature","geometry":{"type":"Point","coordinates":[9.35149,42.70062]},"properties":{"latitude":"42.70062","longitude":"9.35149","bright_ti4":"348.82","scan":"0.43","track":"0.46","acq_date":"2026-07-22","acq_time":"1249","satellite":"N20","instrument":"VIIRS","confidence":"n","version":"2.0NRT","bright_ti5":"309.18","frp":"6.07","daynight":"D","commune":"Patrimonio","code_insee":"2B205","departement":"Haute-Corse","region":"Corse","forest":true}},{"type":"Feature","geometry":{"type":"Point","coordinates":[9.34545,42.70435]},"properties":{"latitude":"42.70435","longitude":"9.34545","bright_ti4":"331.37","scan":"0.43","track":"0.46","acq_date":"2026-07-22","acq_time":"1249","satellite":"N20","instrument":"VIIRS","confidence":"n","version":"2.0NRT","bright_ti5":"303.5","frp":"6.07","daynight":"D","commune":"Patrimonio","code_insee":"2B205","departement":"Haute-Corse","region":"Corse","forest":true}},{"type":"Feature","geometry":{"type":"Point","coordinates":[-0.42528,42.95037]},"properties":{"latitude":"42.95037","longitude":"-0.42528","bright_ti4":"337.83","scan":"0.4","track":"0.37","acq_date":"2026-07-22","acq_time":"1249","satellite":"N20","instrument":"VIIRS","confidence":"n","version":"2.0NRT","bright_ti5":"306.16","frp":"7.23","daynight":"D","commune":"Laruns","code_insee":"64320","departement":"Pyrénées-Atlantiques","region":"Nouvelle-Aquitaine","forest":true}},{"type":"Feature","geometry":{"type":"Point","coordinates":[6.07406,43.52368]},"properties":{"latitude":"43.52368","longitude":"6.07406","bright_ti4":"340.97","scan":"0.47","track":"0.4","acq_date":"2026-07-22","acq_time":"1249","satellite":"N20","instrument":"VIIRS","confidence":"n","version":"2.0NRT","bright_ti5":"302.7","frp":"120.65","daynight":"D","commune":"Pontevès","code_insee":"83095","departement":"Var","region":"Provence-Alpes-Côte d'Azur","forest":true}},{"type":"Feature","geometry":{"type":"Point","coordinates":[0.55623,44.23463]},"properties":{"latitude":"44.23463","longitude":"0.55623","bright_ti4":"343.51","scan":"0.39","track":"0.36","acq_date":"2026-07-22","acq_time":"1249","satellite":"N20","instrument":"VIIRS","confidence":"n","version":"2.0NRT","bright_ti5":"311.65","frp":"10.04","daynight":"D","commune":"Colayrac-Saint-Cirq","code_insee":"47069","departement":"Lot-et-Garonne","region":"Nouvelle-Aquitaine","forest":true}},{"type":"Feature","geometry":{"type":"Point","coordinates":[6.56091,44.75607]},"properties":{"latitude":"44.75607","longitude":"6.56091","bright_ti4":"344.73","scan":"0.51","track":"0.41","acq_date":"2026-07-22","acq_time":"1249","satellite":"N20","instrument":"VIIRS","confidence":"n","version":"2.0NRT","bright_ti5":"304.99","frp":"5.09","daynight":"D","commune":"Freissinières","code_insee":"05058","departement":"Hautes-Alpes","region":"Provence-Alpes-Côte d'Azur","forest":true}},{"type":"Feature","geometry":{"type":"Point","coordinates":[6.56089,44.75992]},"properties":{"latitude":"44.75992","longitude":"6.56089","bright_ti4":"336.24","scan":"0.51","track":"0.41","acq_date":"2026-07-22","acq_time":"1249","satellite":"N20","instrument":"VIIRS","confidence":"n","version":"2.0NRT","bright_ti5":"304.99","frp":"5.09","daynight":"D","commune":"Freissinières","code_insee":"05058","departement":"Hautes-Alpes","region":"Provence-Alpes-Côte d'Azur","forest":true}},{"type":"Feature","geometry":{"type":"Point","coordinates":[6.5688,44.76075]},"properties":{"latitude":"44.76075","longitude":"6.5688","bright_ti4":"332.28","scan":"0.51","track":"0.41","acq_date":"2026-07-22","acq_time":"1249","satellite":"N20","instrument":"VIIRS","confidence":"l","version":"2.0NRT","bright_ti5":"303.25","frp":"5.09","daynight":"D","commune":"La Roche-de-Rame","code_insee":"05122","departement":"Hautes-Alpes","region":"Provence-Alpes-Côte d'Azur","forest":true}},{"type":"Feature","geometry":{"type":"Point","coordinates":[6.54427,44.76203]},"properties":{"latitude":"44.76203","longitude":"6.54427","bright_ti4":"355.37","scan":"0.51","track":"0.41","acq_date":"2026-07-22","acq_time":"1249","satellite":"N20","instrument":"VIIRS","confidence":"n","version":"2.0NRT","bright_ti5":"310.55","frp":"20.53","daynight":"D","commune":"Freissinières","code_insee":"05058","departement":"Hautes-Alpes","region":"Provence-Alpes-Côte d'Azur","forest":true}},{"type":"Feature","geometry":{"type":"Point","coordinates":[6.5607,44.76376]},"properties":{"latitude":"44.76376","longitude":"6.5607","bright_ti4":"330.14","scan":"0.51","track":"0.41","acq_date":"2026-07-22","acq_time":"1249","satellite":"N20","instrument":"VIIRS","confidence":"l","version":"2.0NRT","bright_ti5":"303.59","frp":"4.61","daynight":"D","commune":"L'Argentière-la-Bessée","code_insee":"05006","departement":"Hautes-Alpes","region":"Provence-Alpes-Côte d'Azur","forest":true}},{"type":"Feature","geometry":{"type":"Point","coordinates":[6.54374,44.76582]},"properties":{"latitude":"44.76582","longitude":"6.54374","bright_ti4":"346.51","scan":"0.51","track":"0.41","acq_date":"2026-07-22","acq_time":"1249","satellite":"N20","instrument":"VIIRS","confidence":"n","version":"2.0NRT","bright_ti5":"310.1","frp":"20.53","daynight":"D","commune":"L'Argentière-la-Bessée","code_insee":"05006","departement":"Hautes-Alpes","region":"Provence-Alpes-Côte d'Azur","forest":true}},{"type":"Feature","geometry":{"type":"Point","coordinates":[6.55235,44.76673]},"properties":{"latitude":"44.76673","longitude":"6.55235","bright_ti4":"330.32","scan":"0.51","track":"0.41","acq_date":"2026-07-22","acq_time":"1249","satellite":"N20","instrument":"VIIRS","confidence":"l","version":"2.0NRT","bright_ti5":"300.98","frp":"20.53","daynight":"D","commune":"L'Argentière-la-Bessée","code_insee":"05006","departement":"Hautes-Alpes","region":"Provence-Alpes-Côte d'Azur","forest":true}},{"type":"Feature","geometry":{"type":"Point","coordinates":[6.54356,44.76965]},"properties":{"latitude":"44.76965","longitude":"6.54356","bright_ti4":"347.91","scan":"0.51","track":"0.41","acq_date":"2026-07-22","acq_time":"1249","satellite":"N20","instrument":"VIIRS","confidence":"n","version":"2.0NRT","bright_ti5":"317.65","frp":"59.91","daynight":"D","commune":"L'Argentière-la-Bessée","code_insee":"05006","departement":"Hautes-Alpes","region":"Provence-Alpes-Côte d'Azur","forest":true}},{"type":"Feature","geometry":{"type":"Point","coordinates":[-1.03611,44.89697]},"properties":{"latitude":"44.89697","longitude":"-1.03611","bright_ti4":"367","scan":"0.4","track":"0.37","acq_date":"2026-07-22","acq_time":"1249","satellite":"N20","instrument":"VIIRS","confidence":"h","version":"2.0NRT","bright_ti5":"329.29","frp":"83.34","daynight":"D","commune":"Saumos","code_insee":"33503","departement":"Gironde","region":"Nouvelle-Aquitaine","forest":true}},{"type":"Feature","geometry":{"type":"Point","coordinates":[-1.03115,44.89782]},"properties":{"latitude":"44.89782","longitude":"-1.03115","bright_ti4":"367","scan":"0.4","track":"0.37","acq_date":"2026-07-22","acq_time":"1249","satellite":"N20","instrument":"VIIRS","confidence":"h","version":"2.0NRT","bright_ti5":"365.4","frp":"126.53","daynight":"D","commune":"Saumos","code_insee":"33503","departement":"Gironde","region":"Nouvelle-Aquitaine","forest":true}},{"type":"Feature","geometry":{"type":"Point","coordinates":[-1.02619,44.89867]},"properties":{"latitude":"44.89867","longitude":"-1.02619","bright_ti4":"367","scan":"0.4","track":"0.37","acq_date":"2026-07-22","acq_time":"1249","satellite":"N20","instrument":"VIIRS","confidence":"h","version":"2.0NRT","bright_ti5":"340.92","frp":"126.53","daynight":"D","commune":"Saumos","code_insee":"33503","departement":"Gironde","region":"Nouvelle-Aquitaine","forest":true}},{"type":"Feature","geometry":{"type":"Point","coordinates":[-1.03227,44.90112]},"properties":{"latitude":"44.90112","longitude":"-1.03227","bright_ti4":"348.58","scan":"0.4","track":"0.37","acq_date":"2026-07-22","acq_time":"1249","satellite":"N20","instrument":"VIIRS","confidence":"n","version":"2.0NRT","bright_ti5":"320.82","frp":"48.27","daynight":"D","commune":"Saumos","code_insee":"33503","departement":"Gironde","region":"Nouvelle-Aquitaine","forest":true}},{"type":"Feature","geometry":{"type":"Point","coordinates":[-1.02732,44.90197]},"properties":{"latitude":"44.90197","longitude":"-1.02732","bright_ti4":"367","scan":"0.4","track":"0.37","acq_date":"2026-07-22","acq_time":"1249","satellite":"N20","instrument":"VIIRS","confidence":"h","version":"2.0NRT","bright_ti5":"349.11","frp":"48.27","daynight":"D","commune":"Saumos","code_insee":"33503","departement":"Gironde","region":"Nouvelle-Aquitaine","forest":true}},{"type":"Feature","geometry":{"type":"Point","coordinates":[-1.02237,44.90282]},"properties":{"latitude":"44.90282","longitude":"-1.02237","bright_ti4":"343.59","scan":"0.4","track":"0.37","acq_date":"2026-07-22","acq_time":"1249","satellite":"N20","instrument":"VIIRS","confidence":"n","version":"2.0NRT","bright_ti5":"316.19","frp":"19.33","daynight":"D","commune":"Saumos","code_insee":"33503","departement":"Gironde","region":"Nouvelle-Aquitaine","forest":true}},{"type":"Feature","geometry":{"type":"Point","coordinates":[0.35354,45.97913]},"properties":{"latitude":"45.97913","longitude":"0.35354","bright_ti4":"342.22","scan":"0.38","track":"0.36","acq_date":"2026-07-22","acq_time":"1249","satellite":"N20","instrument":"VIIRS","confidence":"n","version":"2.0NRT","bright_ti5":"311.87","frp":"8.53","daynight":"D","commune":"Nanteuil-en-Vallée","code_insee":"16242","departement":"Charente","region":"Nouvelle-Aquitaine","forest":true}},{"type":"Feature","geometry":{"type":"Point","coordinates":[0.15475,46.80754]},"properties":{"latitude":"46.80754","longitude":"0.15475","bright_ti4":"340.04","scan":"0.38","track":"0.36","acq_date":"2026-07-22","acq_time":"1251","satellite":"N20","instrument":"VIIRS","confidence":"n","version":"2.0NRT","bright_ti5":"310.01","frp":"24.77","daynight":"D","commune":"Chouppes","code_insee":"86075","departement":"Vienne","region":"Nouvelle-Aquitaine","forest":true}},{"type":"Feature","geometry":{"type":"Point","coordinates":[3.35204,46.83402]},"properties":{"latitude":"46.83402","longitude":"3.35204","bright_ti4":"334.07","scan":"0.42","track":"0.38","acq_date":"2026-07-22","acq_time":"1251","satellite":"N20","instrument":"VIIRS","confidence":"l","version":"2.0NRT","bright_ti5":"308.29","frp":"2.36","daynight":"D","commune":"Avril-sur-Loire","code_insee":"58020","departement":"Nièvre","region":"Bourgogne-Franche-Comté","forest":true}},{"type":"Feature","geometry":{"type":"Point","coordinates":[4.88417,43.43872]},"properties":{"latitude":"43.43872","longitude":"4.88417","bright_ti4":"304.34","scan":"0.65","track":"0.73","acq_date":"2026-07-22","acq_time":"30","satellite":"N21","instrument":"VIIRS","confidence":"n","version":"2.0NRT","bright_ti5":"293.45","frp":"2.87","daynight":"N","commune":"Fos-sur-Mer","code_insee":"13039","departement":"Bouches-du-Rhône","region":"Provence-Alpes-Côte d'Azur","forest":true}},{"type":"Feature","geometry":{"type":"Point","coordinates":[4.88418,43.44543]},"properties":{"latitude":"43.44543","longitude":"4.88418","bright_ti4":"329.01","scan":"0.65","track":"0.73","acq_date":"2026-07-22","acq_time":"30","satellite":"N21","instrument":"VIIRS","confidence":"n","version":"2.0NRT","bright_ti5":"292.89","frp":"14.97","daynight":"N","commune":"Fos-sur-Mer","code_insee":"13039","departement":"Bouches-du-Rhône","region":"Provence-Alpes-Côte d'Azur","forest":true}},{"type":"Feature","geometry":{"type":"Point","coordinates":[4.87606,43.44547]},"properties":{"latitude":"43.44547","longitude":"4.87606","bright_ti4":"367","scan":"0.65","track":"0.73","acq_date":"2026-07-22","acq_time":"30","satellite":"N21","instrument":"VIIRS","confidence":"h","version":"2.0NRT","bright_ti5":"293.09","frp":"18.37","daynight":"N","commune":"Fos-sur-Mer","code_insee":"13039","departement":"Bouches-du-Rhône","region":"Provence-Alpes-Côte d'Azur","forest":true}},{"type":"Feature","geometry":{"type":"Point","coordinates":[6.12172,43.49825]},"properties":{"latitude":"43.49825","longitude":"6.12172","bright_ti4":"314.39","scan":"0.56","track":"0.69","acq_date":"2026-07-22","acq_time":"30","satellite":"N21","instrument":"VIIRS","confidence":"n","version":"2.0NRT","bright_ti5":"292.57","frp":"2.66","daynight":"N","commune":"Montfort-sur-Argens","code_insee":"83083","departement":"Var","region":"Provence-Alpes-Côte d'Azur","forest":true}},{"type":"Feature","geometry":{"type":"Point","coordinates":[6.12568,43.50221]},"properties":{"latitude":"43.50221","longitude":"6.12568","bright_ti4":"316.05","scan":"0.56","track":"0.69","acq_date":"2026-07-22","acq_time":"30","satellite":"N21","instrument":"VIIRS","confidence":"n","version":"2.0NRT","bright_ti5":"295.04","frp":"5.09","daynight":"N","commune":"Cotignac","code_insee":"83046","departement":"Var","region":"Provence-Alpes-Côte d'Azur","forest":true}},{"type":"Feature","geometry":{"type":"Point","coordinates":[6.11906,43.50234]},"properties":{"latitude":"43.50234","longitude":"6.11906","bright_ti4":"318.83","scan":"0.56","track":"0.69","acq_date":"2026-07-22","acq_time":"30","satellite":"N21","instrument":"VIIRS","confidence":"n","version":"2.0NRT","bright_ti5":"293.82","frp":"4.01","daynight":"N","commune":"Cotignac","code_insee":"83046","departement":"Var","region":"Provence-Alpes-Côte d'Azur","forest":true}},{"type":"Feature","geometry":{"type":"Point","coordinates":[6.12949,43.50449]},"properties":{"latitude":"43.50449","longitude":"6.12949","bright_ti4":"305.81","scan":"0.56","track":"0.69","acq_date":"2026-07-22","acq_time":"30","satellite":"N21","instrument":"VIIRS","confidence":"n","version":"2.0NRT","bright_ti5":"294.75","frp":"2.66","daynight":"N","commune":"Cotignac","code_insee":"83046","departement":"Var","region":"Provence-Alpes-Côte d'Azur","forest":true}},{"type":"Feature","geometry":{"type":"Point","coordinates":[6.12281,43.50459]},"properties":{"latitude":"43.50459","longitude":"6.12281","bright_ti4":"318.02","scan":"0.56","track":"0.69","acq_date":"2026-07-22","acq_time":"30","satellite":"N21","instrument":"VIIRS","confidence":"n","version":"2.0NRT","bright_ti5":"294.37","frp":"2.66","daynight":"N","commune":"Cotignac","code_insee":"83046","departement":"Var","region":"Provence-Alpes-Côte d'Azur","forest":true}},{"type":"Feature","geometry":{"type":"Point","coordinates":[6.11614,43.50468]},"properties":{"latitude":"43.50468","longitude":"6.11614","bright_ti4":"305.99","scan":"0.57","track":"0.69","acq_date":"2026-07-22","acq_time":"30","satellite":"N21","instrument":"VIIRS","confidence":"n","version":"2.0NRT","bright_ti5":"293.52","frp":"4.09","daynight":"N","commune":"Cotignac","code_insee":"83046","departement":"Var","region":"Provence-Alpes-Côte d'Azur","forest":true}},{"type":"Feature","geometry":{"type":"Point","coordinates":[6.14912,43.51056]},"properties":{"latitude":"43.51056","longitude":"6.14912","bright_ti4":"309.85","scan":"0.56","track":"0.69","acq_date":"2026-07-22","acq_time":"30","satellite":"N21","instrument":"VIIRS","confidence":"n","version":"2.0NRT","bright_ti5":"294.44","frp":"3.87","daynight":"N","commune":"Cotignac","code_insee":"83046","departement":"Var","region":"Provence-Alpes-Côte d'Azur","forest":true}},{"type":"Feature","geometry":{"type":"Point","coordinates":[6.14291,43.51065]},"properties":{"latitude":"43.51065","longitude":"6.14291","bright_ti4":"313.53","scan":"0.56","track":"0.69","acq_date":"2026-07-22","acq_time":"30","satellite":"N21","instrument":"VIIRS","confidence":"n","version":"2.0NRT","bright_ti5":"295.65","frp":"3.15","daynight":"N","commune":"Cotignac","code_insee":"83046","departement":"Var","region":"Provence-Alpes-Côte d'Azur","forest":true}},{"type":"Feature","geometry":{"type":"Point","coordinates":[6.10985,43.51113]},"properties":{"latitude":"43.51113","longitude":"6.10985","bright_ti4":"306.15","scan":"0.57","track":"0.69","acq_date":"2026-07-22","acq_time":"30","satellite":"N21","instrument":"VIIRS","confidence":"n","version":"2.0NRT","bright_ti5":"294","frp":"2.26","daynight":"N","commune":"Cotignac","code_insee":"83046","departement":"Var","region":"Provence-Alpes-Côte d'Azur","forest":true}},{"type":"Feature","geometry":{"type":"Point","coordinates":[6.14381,43.51698]},"properties":{"latitude":"43.51698","longitude":"6.14381","bright_ti4":"318.65","scan":"0.56","track":"0.69","acq_date":"2026-07-22","acq_time":"30","satellite":"N21","instrument":"VIIRS","confidence":"n","version":"2.0NRT","bright_ti5":"296.62","frp":"3.15","daynight":"N","commune":"Cotignac","code_insee":"83046","departement":"Var","region":"Provence-Alpes-Côte d'Azur","forest":true}},{"type":"Feature","geometry":{"type":"Point","coordinates":[6.13766,43.51707]},"properties":{"latitude":"43.51707","longitude":"6.13766","bright_ti4":"308.62","scan":"0.56","track":"0.69","acq_date":"2026-07-22","acq_time":"30","satellite":"N21","instrument":"VIIRS","confidence":"n","version":"2.0NRT","bright_ti5":"295.74","frp":"3.15","daynight":"N","commune":"Cotignac","code_insee":"83046","departement":"Var","region":"Provence-Alpes-Côte d'Azur","forest":true}},{"type":"Feature","geometry":{"type":"Point","coordinates":[6.13119,43.51717]},"properties":{"latitude":"43.51717","longitude":"6.13119","bright_ti4":"305.55","scan":"0.56","track":"0.69","acq_date":"2026-07-22","acq_time":"30","satellite":"N21","instrument":"VIIRS","confidence":"n","version":"2.0NRT","bright_ti5":"295.29","frp":"5.88","daynight":"N","commune":"Cotignac","code_insee":"83046","departement":"Var","region":"Provence-Alpes-Côte d'Azur","forest":true}},{"type":"Feature","geometry":{"type":"Point","coordinates":[6.11772,43.51736]},"properties":{"latitude":"43.51736","longitude":"6.11772","bright_ti4":"307.32","scan":"0.57","track":"0.69","acq_date":"2026-07-22","acq_time":"30","satellite":"N21","instrument":"VIIRS","confidence":"n","version":"2.0NRT","bright_ti5":"295.81","frp":"2.26","daynight":"N","commune":"Cotignac","code_insee":"83046","departement":"Var","region":"Provence-Alpes-Côte d'Azur","forest":true}},{"type":"Feature","geometry":{"type":"Point","coordinates":[6.11053,43.51747]},"properties":{"latitude":"43.51747","longitude":"6.11053","bright_ti4":"306","scan":"0.57","track":"0.69","acq_date":"2026-07-22","acq_time":"30","satellite":"N21","instrument":"VIIRS","confidence":"n","version":"2.0NRT","bright_ti5":"294.13","frp":"2.26","daynight":"N","commune":"Cotignac","code_insee":"83046","departement":"Var","region":"Provence-Alpes-Côte d'Azur","forest":true}},{"type":"Feature","geometry":{"type":"Point","coordinates":[6.08949,43.51778]},"properties":{"latitude":"43.51778","longitude":"6.08949","bright_ti4":"305.66","scan":"0.57","track":"0.69","acq_date":"2026-07-22","acq_time":"30","satellite":"N21","instrument":"VIIRS","confidence":"n","version":"2.0NRT","bright_ti5":"294.04","frp":"3.22","daynight":"N","commune":"Correns","code_insee":"83045","departement":"Var","region":"Provence-Alpes-Côte d'Azur","forest":true}},{"type":"Feature","geometry":{"type":"Point","coordinates":[6.08245,43.51788]},"properties":{"latitude":"43.51788","longitude":"6.08245","bright_ti4":"325.82","scan":"0.57","track":"0.69","acq_date":"2026-07-22","acq_time":"30","satellite":"N21","instrument":"VIIRS","confidence":"n","version":"2.0NRT","bright_ti5":"295.91","frp":"3.22","daynight":"N","commune":"Correns","code_insee":"83045","departement":"Var","region":"Provence-Alpes-Côte d'Azur","forest":true}},{"type":"Feature","geometry":{"type":"Point","coordinates":[6.13835,43.52341]},"properties":{"latitude":"43.52341","longitude":"6.13835","bright_ti4":"321.73","scan":"0.56","track":"0.69","acq_date":"2026-07-22","acq_time":"30","satellite":"N21","instrument":"VIIRS","confidence":"n","version":"2.0NRT","bright_ti5":"296.9","frp":"5.89","daynight":"N","commune":"Cotignac","code_insee":"83046","departement":"Var","region":"Provence-Alpes-Côte d'Azur","forest":true}},{"type":"Feature","geometry":{"type":"Point","coordinates":[6.132,43.5235]},"properties":{"latitude":"43.5235","longitude":"6.132","bright_ti4":"315.15","scan":"0.56","track":"0.69","acq_date":"2026-07-22","acq_time":"30","satellite":"N21","instrument":"VIIRS","confidence":"n","version":"2.0NRT","bright_ti5":"296.6","frp":"3.66","daynight":"N","commune":"Cotignac","code_insee":"83046","departement":"Var","region":"Provence-Alpes-Côte d'Azur","forest":true}},{"type":"Feature","geometry":{"type":"Point","coordinates":[6.12533,43.52361]},"properties":{"latitude":"43.52361","longitude":"6.12533","bright_ti4":"308.29","scan":"0.56","track":"0.69","acq_date":"2026-07-22","acq_time":"30","satellite":"N21","instrument":"VIIRS","confidence":"n","version":"2.0NRT","bright_ti5":"296.47","frp":"3.66","daynight":"N","commune":"Cotignac","code_insee":"83046","departement":"Var","region":"Provence-Alpes-Côte d'Azur","forest":true}},{"type":"Feature","geometry":{"type":"Point","coordinates":[6.11845,43.52371]},"properties":{"latitude":"43.52371","longitude":"6.11845","bright_ti4":"305.62","scan":"0.57","track":"0.69","acq_date":"2026-07-22","acq_time":"30","satellite":"N21","instrument":"VIIRS","confidence":"n","version":"2.0NRT","bright_ti5":"294.82","frp":"2.71","daynight":"N","commune":"Cotignac","code_insee":"83046","departement":"Var","region":"Provence-Alpes-Côte d'Azur","forest":true}},{"type":"Feature","geometry":{"type":"Point","coordinates":[6.11155,43.52381]},"properties":{"latitude":"43.52381","longitude":"6.11155","bright_ti4":"304.97","scan":"0.57","track":"0.69","acq_date":"2026-07-22","acq_time":"30","satellite":"N21","instrument":"VIIRS","confidence":"n","version":"2.0NRT","bright_ti5":"294.42","frp":"2.71","daynight":"N","commune":"Cotignac","code_insee":"83046","departement":"Var","region":"Provence-Alpes-Côte d'Azur","forest":true}},{"type":"Feature","geometry":{"type":"Point","coordinates":[6.10468,43.52391]},"properties":{"latitude":"43.52391","longitude":"6.10468","bright_ti4":"305.54","scan":"0.57","track":"0.69","acq_date":"2026-07-22","acq_time":"30","satellite":"N21","instrument":"VIIRS","confidence":"n","version":"2.0NRT","bright_ti5":"294.47","frp":"2.28","daynight":"N","commune":"Cotignac","code_insee":"83046","departement":"Var","region":"Provence-Alpes-Côte d'Azur","forest":true}},{"type":"Feature","geometry":{"type":"Point","coordinates":[6.09809,43.52401]},"properties":{"latitude":"43.52401","longitude":"6.09809","bright_ti4":"304.86","scan":"0.57","track":"0.69","acq_date":"2026-07-22","acq_time":"30","satellite":"N21","instrument":"VIIRS","confidence":"n","version":"2.0NRT","bright_ti5":"294.29","frp":"2.28","daynight":"N","commune":"Cotignac","code_insee":"83046","departement":"Var","region":"Provence-Alpes-Côte d'Azur","forest":true}},{"type":"Feature","geometry":{"type":"Point","coordinates":[6.07695,43.52432]},"properties":{"latitude":"43.52432","longitude":"6.07695","bright_ti4":"327.66","scan":"0.57","track":"0.69","acq_date":"2026-07-22","acq_time":"30","satellite":"N21","instrument":"VIIRS","confidence":"n","version":"2.0NRT","bright_ti5":"296.43","frp":"3.31","daynight":"N","commune":"Pontevès","code_insee":"83095","departement":"Var","region":"Provence-Alpes-Côte d'Azur","forest":true}},{"type":"Feature","geometry":{"type":"Point","coordinates":[6.11941,43.53005]},"properties":{"latitude":"43.53005","longitude":"6.11941","bright_ti4":"311.23","scan":"0.57","track":"0.69","acq_date":"2026-07-22","acq_time":"30","satellite":"N21","instrument":"VIIRS","confidence":"n","version":"2.0NRT","bright_ti5":"294.74","frp":"2.71","daynight":"N","commune":"Cotignac","code_insee":"83046","departement":"Var","region":"Provence-Alpes-Côte d'Azur","forest":true}},{"type":"Feature","geometry":{"type":"Point","coordinates":[6.11299,43.53014]},"properties":{"latitude":"43.53014","longitude":"6.11299","bright_ti4":"321","scan":"0.57","track":"0.69","acq_date":"2026-07-22","acq_time":"30","satellite":"N21","instrument":"VIIRS","confidence":"n","version":"2.0NRT","bright_ti5":"296.3","frp":"2.71","daynight":"N","commune":"Cotignac","code_insee":"83046","departement":"Var","region":"Provence-Alpes-Côte d'Azur","forest":true}},{"type":"Feature","geometry":{"type":"Point","coordinates":[6.10648,43.53024]},"properties":{"latitude":"43.53024","longitude":"6.10648","bright_ti4":"313.76","scan":"0.57","track":"0.69","acq_date":"2026-07-22","acq_time":"30","satellite":"N21","instrument":"VIIRS","confidence":"n","version":"2.0NRT","bright_ti5":"295.39","frp":"2.28","daynight":"N","commune":"Cotignac","code_insee":"83046","departement":"Var","region":"Provence-Alpes-Côte d'Azur","forest":true}},{"type":"Feature","geometry":{"type":"Point","coordinates":[6.10008,43.53034]},"properties":{"latitude":"43.53034","longitude":"6.10008","bright_ti4":"310.24","scan":"0.57","track":"0.69","acq_date":"2026-07-22","acq_time":"30","satellite":"N21","instrument":"VIIRS","confidence":"n","version":"2.0NRT","bright_ti5":"294.12","frp":"2.28","daynight":"N","commune":"Cotignac","code_insee":"83046","departement":"Var","region":"Provence-Alpes-Côte d'Azur","forest":true}},{"type":"Feature","geometry":{"type":"Point","coordinates":[6.09375,43.53043]},"properties":{"latitude":"43.53043","longitude":"6.09375","bright_ti4":"305.95","scan":"0.57","track":"0.69","acq_date":"2026-07-22","acq_time":"30","satellite":"N21","instrument":"VIIRS","confidence":"n","version":"2.0NRT","bright_ti5":"293.16","frp":"3.57","daynight":"N","commune":"Cotignac","code_insee":"83046","departement":"Var","region":"Provence-Alpes-Côte d'Azur","forest":true}},{"type":"Feature","geometry":{"type":"Point","coordinates":[6.08724,43.53053]},"properties":{"latitude":"43.53053","longitude":"6.08724","bright_ti4":"305.36","scan":"0.57","track":"0.69","acq_date":"2026-07-22","acq_time":"30","satellite":"N21","instrument":"VIIRS","confidence":"n","version":"2.0NRT","bright_ti5":"292.35","frp":"3.57","daynight":"N","commune":"Pontevès","code_insee":"83095","departement":"Var","region":"Provence-Alpes-Côte d'Azur","forest":true}},{"type":"Feature","geometry":{"type":"Point","coordinates":[6.08002,43.53064]},"properties":{"latitude":"43.53064","longitude":"6.08002","bright_ti4":"303.2","scan":"0.57","track":"0.69","acq_date":"2026-07-22","acq_time":"30","satellite":"N21","instrument":"VIIRS","confidence":"n","version":"2.0NRT","bright_ti5":"292.45","frp":"3.31","daynight":"N","commune":"Pontevès","code_insee":"83095","departement":"Var","region":"Provence-Alpes-Côte d'Azur","forest":true}},{"type":"Feature","geometry":{"type":"Point","coordinates":[6.07177,43.53076]},"properties":{"latitude":"43.53076","longitude":"6.07177","bright_ti4":"304.92","scan":"0.57","track":"0.69","acq_date":"2026-07-22","acq_time":"30","satellite":"N21","instrument":"VIIRS","confidence":"n","version":"2.0NRT","bright_ti5":"292.62","frp":"3.31","daynight":"N","commune":"Pontevès","code_insee":"83095","departement":"Var","region":"Provence-Alpes-Côte d'Azur","forest":true}},{"type":"Feature","geometry":{"type":"Point","coordinates":[6.06369,43.53088]},"properties":{"latitude":"43.53088","longitude":"6.06369","bright_ti4":"306.9","scan":"0.57","track":"0.69","acq_date":"2026-07-22","acq_time":"30","satellite":"N21","instrument":"VIIRS","confidence":"n","version":"2.0NRT","bright_ti5":"293.91","frp":"4.09","daynight":"N","commune":"Pontevès","code_insee":"83095","departement":"Var","region":"Provence-Alpes-Côte d'Azur","forest":true}},{"type":"Feature","geometry":{"type":"Point","coordinates":[6.04926,43.53747]},"properties":{"latitude":"43.53747","longitude":"6.04926","bright_ti4":"304.33","scan":"0.57","track":"0.69","acq_date":"2026-07-22","acq_time":"30","satellite":"N21","instrument":"VIIRS","confidence":"n","version":"2.0NRT","bright_ti5":"291.94","frp":"1.96","daynight":"N","commune":"Pontevès","code_insee":"83095","departement":"Var","region":"Provence-Alpes-Côte d'Azur","forest":true}},{"type":"Feature","geometry":{"type":"Point","coordinates":[6.05095,43.54381]},"properties":{"latitude":"43.54381","longitude":"6.05095","bright_ti4":"308.13","scan":"0.57","track":"0.69","acq_date":"2026-07-22","acq_time":"30","satellite":"N21","instrument":"VIIRS","confidence":"n","version":"2.0NRT","bright_ti5":"292.55","frp":"1.96","daynight":"N","commune":"Pontevès","code_insee":"83095","departement":"Var","region":"Provence-Alpes-Côte d'Azur","forest":true}},{"type":"Feature","geometry":{"type":"Point","coordinates":[6.05018,43.5502]},"properties":{"latitude":"43.5502","longitude":"6.05018","bright_ti4":"340.92","scan":"0.57","track":"0.69","acq_date":"2026-07-22","acq_time":"30","satellite":"N21","instrument":"VIIRS","confidence":"n","version":"2.0NRT","bright_ti5":"293.54","frp":"5.65","daynight":"N","commune":"Pontevès","code_insee":"83095","departement":"Var","region":"Provence-Alpes-Côte d'Azur","forest":true}},{"type":"Feature","geometry":{"type":"Point","coordinates":[6.04293,43.55031]},"properties":{"latitude":"43.55031","longitude":"6.04293","bright_ti4":"303.61","scan":"0.57","track":"0.69","acq_date":"2026-07-22","acq_time":"30","satellite":"N21","instrument":"VIIRS","confidence":"n","version":"2.0NRT","bright_ti5":"290.84","frp":"5.65","daynight":"N","commune":"Pontevès","code_insee":"83095","departement":"Var","region":"Provence-Alpes-Côte d'Azur","forest":true}},{"type":"Feature","geometry":{"type":"Point","coordinates":[6.0784,43.55612]},"properties":{"latitude":"43.55612","longitude":"6.0784","bright_ti4":"308.34","scan":"0.57","track":"0.69","acq_date":"2026-07-22","acq_time":"30","satellite":"N21","instrument":"VIIRS","confidence":"n","version":"2.0NRT","bright_ti5":"291.49","frp":"2.47","daynight":"N","commune":"Pontevès","code_insee":"83095","departement":"Var","region":"Provence-Alpes-Côte d'Azur","forest":true}},{"type":"Feature","geometry":{"type":"Point","coordinates":[6.55531,44.75356]},"properties":{"latitude":"44.75356","longitude":"6.55531","bright_ti4":"298.95","scan":"0.55","track":"0.68","acq_date":"2026-07-22","acq_time":"30","satellite":"N21","instrument":"VIIRS","confidence":"n","version":"2.0NRT","bright_ti5":"288.06","frp":"3.27","daynight":"N","commune":"Freissinières","code_insee":"05058","departement":"Hautes-Alpes","region":"Provence-Alpes-Côte d'Azur","forest":true}},{"type":"Feature","geometry":{"type":"Point","coordinates":[6.56416,44.7597]},"properties":{"latitude":"44.7597","longitude":"6.56416","bright_ti4":"351.32","scan":"0.55","track":"0.68","acq_date":"2026-07-22","acq_time":"30","satellite":"N21","instrument":"VIIRS","confidence":"n","version":"2.0NRT","bright_ti5":"292.14","frp":"7.33","daynight":"N","commune":"Freissinières","code_insee":"05058","departement":"Hautes-Alpes","region":"Provence-Alpes-Côte d'Azur","forest":true}},{"type":"Feature","geometry":{"type":"Point","coordinates":[6.55985,44.75976]},"properties":{"latitude":"44.75976","longitude":"6.55985","bright_ti4":"305.72","scan":"0.55","track":"0.68","acq_date":"2026-07-22","acq_time":"30","satellite":"N21","instrument":"VIIRS","confidence":"n","version":"2.0NRT","bright_ti5":"289.05","frp":"7.33","daynight":"N","commune":"L'Argentière-la-Bessée","code_insee":"05006","departement":"Hautes-Alpes","region":"Provence-Alpes-Côte d'Azur","forest":true}},{"type":"Feature","geometry":{"type":"Point","coordinates":[6.54988,44.76616]},"properties":{"latitude":"44.76616","longitude":"6.54988","bright_ti4":"312","scan":"0.55","track":"0.68","acq_date":"2026-07-22","acq_time":"30","satellite":"N21","instrument":"VIIRS","confidence":"n","version":"2.0NRT","bright_ti5":"286.85","frp":"5.98","daynight":"N","commune":"L'Argentière-la-Bessée","code_insee":"05006","departement":"Hautes-Alpes","region":"Provence-Alpes-Côte d'Azur","forest":true}},{"type":"Feature","geometry":{"type":"Point","coordinates":[6.546,44.76622]},"properties":{"latitude":"44.76622","longitude":"6.546","bright_ti4":"332.15","scan":"0.55","track":"0.68","acq_date":"2026-07-22","acq_time":"30","satellite":"N21","instrument":"VIIRS","confidence":"n","version":"2.0NRT","bright_ti5":"289.71","frp":"4.64","daynight":"N","commune":"L'Argentière-la-Bessée","code_insee":"05006","departement":"Hautes-Alpes","region":"Provence-Alpes-Côte d'Azur","forest":true}},{"type":"Feature","geometry":{"type":"Point","coordinates":[6.54163,44.76628]},"properties":{"latitude":"44.76628","longitude":"6.54163","bright_ti4":"305.12","scan":"0.55","track":"0.68","acq_date":"2026-07-22","acq_time":"30","satellite":"N21","instrument":"VIIRS","confidence":"n","version":"2.0NRT","bright_ti5":"286.19","frp":"4.64","daynight":"N","commune":"Freissinières","code_insee":"05058","departement":"Hautes-Alpes","region":"Provence-Alpes-Côte d'Azur","forest":true}},{"type":"Feature","geometry":{"type":"Point","coordinates":[6.53642,44.76635]},"properties":{"latitude":"44.76635","longitude":"6.53642","bright_ti4":"300.58","scan":"0.55","track":"0.68","acq_date":"2026-07-22","acq_time":"30","satellite":"N21","instrument":"VIIRS","confidence":"n","version":"2.0NRT","bright_ti5":"285.7","frp":"1.95","daynight":"N","commune":"Freissinières","code_insee":"05058","departement":"Hautes-Alpes","region":"Provence-Alpes-Côte d'Azur","forest":true}},{"type":"Feature","geometry":{"type":"Point","coordinates":[5.66643,45.22921]},"properties":{"latitude":"45.22921","longitude":"5.66643","bright_ti4":"300.9","scan":"0.61","track":"0.71","acq_date":"2026-07-22","acq_time":"30","satellite":"N21","instrument":"VIIRS","confidence":"n","version":"2.0NRT","bright_ti5":"289.25","frp":"1.7","daynight":"N","commune":"Saint-Égrève","code_insee":"38382","departement":"Isère","region":"Auvergne-Rhône-Alpes","forest":true}},{"type":"Feature","geometry":{"type":"Point","coordinates":[4.58587,48.6619]},"properties":{"latitude":"48.6619","longitude":"4.58587","bright_ti4":"295.01","scan":"0.7","track":"0.75","acq_date":"2026-07-22","acq_time":"30","satellite":"N21","instrument":"VIIRS","confidence":"n","version":"2.0NRT","bright_ti5":"283.01","frp":"0.89","daynight":"N","commune":"Blaise-sous-Arzillières","code_insee":"51066","departement":"Marne","region":"Grand Est","forest":true}},{"type":"Feature","geometry":{"type":"Point","coordinates":[9.06167,42.25752]},"properties":{"latitude":"42.25752","longitude":"9.06167","bright_ti4":"339.73","scan":"0.39","track":"0.59","acq_date":"2026-07-22","acq_time":"33","satellite":"N21","instrument":"VIIRS","confidence":"n","version":"2.0NRT","bright_ti5":"293.96","frp":"6.06","daynight":"N","commune":"Corte","code_insee":"2B096","departement":"Haute-Corse","region":"Corse","forest":true}},{"type":"Feature","geometry":{"type":"Point","coordinates":[9.07274,42.26252]},"properties":{"latitude":"42.26252","longitude":"9.07274","bright_ti4":"313.56","scan":"0.39","track":"0.59","acq_date":"2026-07-22","acq_time":"33","satellite":"N21","instrument":"VIIRS","confidence":"n","version":"2.0NRT","bright_ti5":"293.9","frp":"5.97","daynight":"N","commune":"Corte","code_insee":"2B096","departement":"Haute-Corse","region":"Corse","forest":true}},{"type":"Feature","geometry":{"type":"Point","coordinates":[9.0694,42.26266]},"properties":{"latitude":"42.26266","longitude":"9.0694","bright_ti4":"367","scan":"0.39","track":"0.59","acq_date":"2026-07-22","acq_time":"33","satellite":"N21","instrument":"VIIRS","confidence":"h","version":"2.0NRT","bright_ti5":"299.67","frp":"5.97","daynight":"N","commune":"Corte","code_insee":"2B096","departement":"Haute-Corse","region":"Corse","forest":true}},{"type":"Feature","geometry":{"type":"Point","coordinates":[9.06626,42.2628]},"properties":{"latitude":"42.2628","longitude":"9.06626","bright_ti4":"324.23","scan":"0.39","track":"0.59","acq_date":"2026-07-22","acq_time":"33","satellite":"N21","instrument":"VIIRS","confidence":"n","version":"2.0NRT","bright_ti5":"294.55","frp":"13.63","daynight":"N","commune":"Corte","code_insee":"2B096","departement":"Haute-Corse","region":"Corse","forest":true}},{"type":"Feature","geometry":{"type":"Point","coordinates":[9.06338,42.26292]},"properties":{"latitude":"42.26292","longitude":"9.06338","bright_ti4":"367","scan":"0.39","track":"0.59","acq_date":"2026-07-22","acq_time":"33","satellite":"N21","instrument":"VIIRS","confidence":"h","version":"2.0NRT","bright_ti5":"297.94","frp":"13.63","daynight":"N","commune":"Corte","code_insee":"2B096","departement":"Haute-Corse","region":"Corse","forest":true}},{"type":"Feature","geometry":{"type":"Point","coordinates":[9.06051,42.26305]},"properties":{"latitude":"42.26305","longitude":"9.06051","bright_ti4":"367","scan":"0.39","track":"0.59","acq_date":"2026-07-22","acq_time":"33","satellite":"N21","instrument":"VIIRS","confidence":"h","version":"2.0NRT","bright_ti5":"299.58","frp":"20.12","daynight":"N","commune":"Corte","code_insee":"2B096","departement":"Haute-Corse","region":"Corse","forest":true}},{"type":"Feature","geometry":{"type":"Point","coordinates":[9.05763,42.26318]},"properties":{"latitude":"42.26318","longitude":"9.05763","bright_ti4":"367","scan":"0.39","track":"0.59","acq_date":"2026-07-22","acq_time":"33","satellite":"N21","instrument":"VIIRS","confidence":"h","version":"2.0NRT","bright_ti5":"296.7","frp":"20.12","daynight":"N","commune":"Corte","code_insee":"2B096","departement":"Haute-Corse","region":"Corse","forest":true}},{"type":"Feature","geometry":{"type":"Point","coordinates":[9.05472,42.2633]},"properties":{"latitude":"42.2633","longitude":"9.05472","bright_ti4":"367","scan":"0.39","track":"0.59","acq_date":"2026-07-22","acq_time":"33","satellite":"N21","instrument":"VIIRS","confidence":"h","version":"2.0NRT","bright_ti5":"296.08","frp":"20.43","daynight":"N","commune":"Corte","code_insee":"2B096","departement":"Haute-Corse","region":"Corse","forest":true}},{"type":"Feature","geometry":{"type":"Point","coordinates":[9.05152,42.26344]},"properties":{"latitude":"42.26344","longitude":"9.05152","bright_ti4":"367","scan":"0.39","track":"0.59","acq_date":"2026-07-22","acq_time":"33","satellite":"N21","instrument":"VIIRS","confidence":"h","version":"2.0NRT","bright_ti5":"293.61","frp":"20.43","daynight":"N","commune":"Corte","code_insee":"2B096","departement":"Haute-Corse","region":"Corse","forest":true}},{"type":"Feature","geometry":{"type":"Point","coordinates":[9.08314,42.26753]},"properties":{"latitude":"42.26753","longitude":"9.08314","bright_ti4":"330.83","scan":"0.39","track":"0.59","acq_date":"2026-07-22","acq_time":"33","satellite":"N21","instrument":"VIIRS","confidence":"n","version":"2.0NRT","bright_ti5":"294.22","frp":"8.47","daynight":"N","commune":"Corte","code_insee":"2B096","departement":"Haute-Corse","region":"Corse","forest":true}},{"type":"Feature","geometry":{"type":"Point","coordinates":[9.07975,42.26768]},"properties":{"latitude":"42.26768","longitude":"9.07975","bright_ti4":"367","scan":"0.39","track":"0.59","acq_date":"2026-07-22","acq_time":"33","satellite":"N21","instrument":"VIIRS","confidence":"h","version":"2.0NRT","bright_ti5":"298.44","frp":"8.47","daynight":"N","commune":"Corte","code_insee":"2B096","departement":"Haute-Corse","region":"Corse","forest":true}},{"type":"Feature","geometry":{"type":"Point","coordinates":[9.0763,42.26783]},"properties":{"latitude":"42.26783","longitude":"9.0763","bright_ti4":"315.33","scan":"0.39","track":"0.59","acq_date":"2026-07-22","acq_time":"33","satellite":"N21","instrument":"VIIRS","confidence":"n","version":"2.0NRT","bright_ti5":"294.09","frp":"5.97","daynight":"N","commune":"Corte","code_insee":"2B096","departement":"Haute-Corse","region":"Corse","forest":true}},{"type":"Feature","geometry":{"type":"Point","coordinates":[9.09837,42.27233]},"properties":{"latitude":"42.27233","longitude":"9.09837","bright_ti4":"344.7","scan":"0.39","track":"0.59","acq_date":"2026-07-22","acq_time":"33","satellite":"N21","instrument":"VIIRS","confidence":"n","version":"2.0NRT","bright_ti5":"296.27","frp":"8.17","daynight":"N","commune":"Corte","code_insee":"2B096","departement":"Haute-Corse","region":"Corse","forest":true}},{"type":"Feature","geometry":{"type":"Point","coordinates":[9.09494,42.27248]},"properties":{"latitude":"42.27248","longitude":"9.09494","bright_ti4":"353.32","scan":"0.39","track":"0.59","acq_date":"2026-07-22","acq_time":"33","satellite":"N21","instrument":"VIIRS","confidence":"n","version":"2.0NRT","bright_ti5":"298.48","frp":"8.17","daynight":"N","commune":"Corte","code_insee":"2B096","departement":"Haute-Corse","region":"Corse","forest":true}},{"type":"Feature","geometry":{"type":"Point","coordinates":[9.09172,42.27262]},"properties":{"latitude":"42.27262","longitude":"9.09172","bright_ti4":"308.28","scan":"0.39","track":"0.59","acq_date":"2026-07-22","acq_time":"33","satellite":"N21","instrument":"VIIRS","confidence":"n","version":"2.0NRT","bright_ti5":"294.06","frp":"6.39","daynight":"N","commune":"Corte","code_insee":"2B096","departement":"Haute-Corse","region":"Corse","forest":true}},{"type":"Feature","geometry":{"type":"Point","coordinates":[9.09718,42.27785]},"properties":{"latitude":"42.27785","longitude":"9.09718","bright_ti4":"337.08","scan":"0.39","track":"0.59","acq_date":"2026-07-22","acq_time":"33","satellite":"N21","instrument":"VIIRS","confidence":"n","version":"2.0NRT","bright_ti5":"295.8","frp":"8.17","daynight":"N","commune":"Corte","code_insee":"2B096","departement":"Haute-Corse","region":"Corse","forest":true}},{"type":"Feature","geometry":{"type":"Point","coordinates":[9.0963,42.28882]},"properties":{"latitude":"42.28882","longitude":"9.0963","bright_ti4":"321.09","scan":"0.39","track":"0.59","acq_date":"2026-07-22","acq_time":"33","satellite":"N21","instrument":"VIIRS","confidence":"n","version":"2.0NRT","bright_ti5":"293.94","frp":"4.08","daynight":"N","commune":"Corte","code_insee":"2B096","departement":"Haute-Corse","region":"Corse","forest":true}},{"type":"Feature","geometry":{"type":"Point","coordinates":[9.09231,42.289]},"properties":{"latitude":"42.289","longitude":"9.09231","bright_ti4":"343.77","scan":"0.39","track":"0.59","acq_date":"2026-07-22","acq_time":"33","satellite":"N21","instrument":"VIIRS","confidence":"n","version":"2.0NRT","bright_ti5":"294.65","frp":"4.08","daynight":"N","commune":"Corte","code_insee":"2B096","departement":"Haute-Corse","region":"Corse","forest":true}},{"type":"Feature","geometry":{"type":"Point","coordinates":[9.08759,42.28922]},"properties":{"latitude":"42.28922","longitude":"9.08759","bright_ti4":"307.3","scan":"0.39","track":"0.59","acq_date":"2026-07-22","acq_time":"33","satellite":"N21","instrument":"VIIRS","confidence":"n","version":"2.0NRT","bright_ti5":"293.11","frp":"11.78","daynight":"N","commune":"Corte","code_insee":"2B096","departement":"Haute-Corse","region":"Corse","forest":true}},{"type":"Feature","geometry":{"type":"Point","coordinates":[9.08267,42.28943]},"properties":{"latitude":"42.28943","longitude":"9.08267","bright_ti4":"367","scan":"0.39","track":"0.59","acq_date":"2026-07-22","acq_time":"33","satellite":"N21","instrument":"VIIRS","confidence":"h","version":"2.0NRT","bright_ti5":"301.27","frp":"11.78","daynight":"N","commune":"Corte","code_insee":"2B096","departement":"Haute-Corse","region":"Corse","forest":true}},{"type":"Feature","geometry":{"type":"Point","coordinates":[9.07768,42.28966]},"properties":{"latitude":"42.28966","longitude":"9.07768","bright_ti4":"314.93","scan":"0.39","track":"0.59","acq_date":"2026-07-22","acq_time":"33","satellite":"N21","instrument":"VIIRS","confidence":"n","version":"2.0NRT","bright_ti5":"293.15","frp":"9.15","daynight":"N","commune":"Corte","code_insee":"2B096","departement":"Haute-Corse","region":"Corse","forest":true}},{"type":"Feature","geometry":{"type":"Point","coordinates":[9.0936,42.29441]},"properties":{"latitude":"42.29441","longitude":"9.0936","bright_ti4":"305.52","scan":"0.39","track":"0.59","acq_date":"2026-07-22","acq_time":"33","satellite":"N21","instrument":"VIIRS","confidence":"n","version":"2.0NRT","bright_ti5":"294.07","frp":"2.1","daynight":"N","commune":"Corte","code_insee":"2B096","departement":"Haute-Corse","region":"Corse","forest":true}},{"type":"Feature","geometry":{"type":"Point","coordinates":[9.08876,42.29464]},"properties":{"latitude":"42.29464","longitude":"9.08876","bright_ti4":"325.59","scan":"0.39","track":"0.59","acq_date":"2026-07-22","acq_time":"33","satellite":"N21","instrument":"VIIRS","confidence":"n","version":"2.0NRT","bright_ti5":"295.6","frp":"2.1","daynight":"N","commune":"Corte","code_insee":"2B096","departement":"Haute-Corse","region":"Corse","forest":true}},{"type":"Feature","geometry":{"type":"Point","coordinates":[-1.35319,43.05812]},"properties":{"latitude":"43.05812","longitude":"-1.35319","bright_ti4":"297.72","scan":"0.4","track":"0.37","acq_date":"2026-07-22","acq_time":"211","satellite":"N21","instrument":"VIIRS","confidence":"n","version":"2.0NRT","bright_ti5":"287.14","frp":"0.77","daynight":"N","commune":"Banca","code_insee":"64092","departement":"Pyrénées-Atlantiques","region":"Nouvelle-Aquitaine","forest":true}},{"type":"Feature","geometry":{"type":"Point","coordinates":[6.5623,44.76184]},"properties":{"latitude":"44.76184","longitude":"6.5623","bright_ti4":"308.31","scan":"0.49","track":"0.49","acq_date":"2026-07-22","acq_time":"211","satellite":"N21","instrument":"VIIRS","confidence":"n","version":"2.0NRT","bright_ti5":"286.9","frp":"3.11","daynight":"N","commune":"L'Argentière-la-Bessée","code_insee":"05006","departement":"Hautes-Alpes","region":"Provence-Alpes-Côte d'Azur","forest":true}},{"type":"Feature","geometry":{"type":"Point","coordinates":[6.5459,44.76587]},"properties":{"latitude":"44.76587","longitude":"6.5459","bright_ti4":"306.91","scan":"0.49","track":"0.49","acq_date":"2026-07-22","acq_time":"211","satellite":"N21","instrument":"VIIRS","confidence":"n","version":"2.0NRT","bright_ti5":"285.41","frp":"2.72","daynight":"N","commune":"L'Argentière-la-Bessée","code_insee":"05006","departement":"Hautes-Alpes","region":"Provence-Alpes-Côte d'Azur","forest":true}},{"type":"Feature","geometry":{"type":"Point","coordinates":[-0.14035,46.80573]},"properties":{"latitude":"46.80573","longitude":"-0.14035","bright_ti4":"299.06","scan":"0.4","track":"0.37","acq_date":"2026-07-22","acq_time":"211","satellite":"N21","instrument":"VIIRS","confidence":"n","version":"2.0NRT","bright_ti5":"287.61","frp":"0.6","daynight":"N","commune":"Airvault","code_insee":"79005","departement":"Deux-Sèvres","region":"Nouvelle-Aquitaine","forest":true}},{"type":"Feature","geometry":{"type":"Point","coordinates":[4.58736,48.66349]},"properties":{"latitude":"48.66349","longitude":"4.58736","bright_ti4":"302.35","scan":"0.5","track":"0.41","acq_date":"2026-07-22","acq_time":"211","satellite":"N21","instrument":"VIIRS","confidence":"n","version":"2.0NRT","bright_ti5":"283.93","frp":"0.67","daynight":"N","commune":"Blaise-sous-Arzillières","code_insee":"51066","departement":"Marne","region":"Grand Est","forest":true}},{"type":"Feature","geometry":{"type":"Point","coordinates":[2.95271,49.09687]},"properties":{"latitude":"49.09687","longitude":"2.95271","bright_ti4":"331.22","scan":"0.44","track":"0.38","acq_date":"2026-07-22","acq_time":"211","satellite":"N21","instrument":"VIIRS","confidence":"n","version":"2.0NRT","bright_ti5":"286.43","frp":"6.16","daynight":"N","commune":"Acy-en-Multien","code_insee":"60005","departement":"Oise","region":"Hauts-de-France","forest":true}},{"type":"Feature","geometry":{"type":"Point","coordinates":[2.11344,50.69589]},"properties":{"latitude":"50.69589","longitude":"2.11344","bright_ti4":"300.31","scan":"0.4","track":"0.37","acq_date":"2026-07-22","acq_time":"211","satellite":"N21","instrument":"VIIRS","confidence":"n","version":"2.0NRT","bright_ti5":"284.32","frp":"0.56","daynight":"N","commune":"Lumbres","code_insee":"62534","departement":"Pas-de-Calais","region":"Hauts-de-France","forest":true}},{"type":"Feature","geometry":{"type":"Point","coordinates":[9.05749,42.25833]},"properties":{"latitude":"42.25833","longitude":"9.05749","bright_ti4":"318.51","scan":"0.38","track":"0.59","acq_date":"2026-07-22","acq_time":"213","satellite":"N21","instrument":"VIIRS","confidence":"n","version":"2.0NRT","bright_ti5":"292.13","frp":"5.62","daynight":"N","commune":"Corte","code_insee":"2B096","departement":"Haute-Corse","region":"Corse","forest":true}},{"type":"Feature","geometry":{"type":"Point","coordinates":[9.0576,42.26403]},"properties":{"latitude":"42.26403","longitude":"9.0576","bright_ti4":"367","scan":"0.38","track":"0.59","acq_date":"2026-07-22","acq_time":"213","satellite":"N21","instrument":"VIIRS","confidence":"h","version":"2.0NRT","bright_ti5":"291.5","frp":"5.62","daynight":"N","commune":"Corte","code_insee":"2B096","departement":"Haute-Corse","region":"Corse","forest":true}},{"type":"Feature","geometry":{"type":"Point","coordinates":[9.07899,42.26854]},"properties":{"latitude":"42.26854","longitude":"9.07899","bright_ti4":"313.04","scan":"0.38","track":"0.59","acq_date":"2026-07-22","acq_time":"213","satellite":"N21","instrument":"VIIRS","confidence":"n","version":"2.0NRT","bright_ti5":"293.44","frp":"2.9","daynight":"N","commune":"Corte","code_insee":"2B096","departement":"Haute-Corse","region":"Corse","forest":true}},{"type":"Feature","geometry":{"type":"Point","coordinates":[9.08213,42.26883]},"properties":{"latitude":"42.26883","longitude":"9.08213","bright_ti4":"311.9","scan":"0.38","track":"0.59","acq_date":"2026-07-22","acq_time":"213","satellite":"N21","instrument":"VIIRS","confidence":"n","version":"2.0NRT","bright_ti5":"293.41","frp":"2.79","daynight":"N","commune":"Corte","code_insee":"2B096","departement":"Haute-Corse","region":"Corse","forest":true}},{"type":"Feature","geometry":{"type":"Point","coordinates":[9.08769,42.27187]},"properties":{"latitude":"42.27187","longitude":"9.08769","bright_ti4":"330.67","scan":"0.38","track":"0.59","acq_date":"2026-07-22","acq_time":"213","satellite":"N21","instrument":"VIIRS","confidence":"n","version":"2.0NRT","bright_ti5":"295.25","frp":"3.86","daynight":"N","commune":"Corte","code_insee":"2B096","departement":"Haute-Corse","region":"Corse","forest":true}},{"type":"Feature","geometry":{"type":"Point","coordinates":[9.09195,42.27191]},"properties":{"latitude":"42.27191","longitude":"9.09195","bright_ti4":"318.95","scan":"0.38","track":"0.59","acq_date":"2026-07-22","acq_time":"213","satellite":"N21","instrument":"VIIRS","confidence":"n","version":"2.0NRT","bright_ti5":"294.64","frp":"3.24","daynight":"N","commune":"Corte","code_insee":"2B096","departement":"Haute-Corse","region":"Corse","forest":true}},{"type":"Feature","geometry":{"type":"Point","coordinates":[9.0808,42.27493]},"properties":{"latitude":"42.27493","longitude":"9.0808","bright_ti4":"307.22","scan":"0.38","track":"0.59","acq_date":"2026-07-22","acq_time":"213","satellite":"N21","instrument":"VIIRS","confidence":"n","version":"2.0NRT","bright_ti5":"290.93","frp":"1.79","daynight":"N","commune":"Corte","code_insee":"2B096","departement":"Haute-Corse","region":"Corse","forest":true}},{"type":"Feature","geometry":{"type":"Point","coordinates":[9.07671,42.28646]},"properties":{"latitude":"42.28646","longitude":"9.07671","bright_ti4":"307.74","scan":"0.38","track":"0.59","acq_date":"2026-07-22","acq_time":"213","satellite":"N21","instrument":"VIIRS","confidence":"n","version":"2.0NRT","bright_ti5":"292.6","frp":"6.02","daynight":"N","commune":"Corte","code_insee":"2B096","departement":"Haute-Corse","region":"Corse","forest":true}},{"type":"Feature","geometry":{"type":"Point","coordinates":[9.08888,42.28882]},"properties":{"latitude":"42.28882","longitude":"9.08888","bright_ti4":"304.16","scan":"0.38","track":"0.59","acq_date":"2026-07-22","acq_time":"213","satellite":"N21","instrument":"VIIRS","confidence":"n","version":"2.0NRT","bright_ti5":"293.33","frp":"3.16","daynight":"N","commune":"Corte","code_insee":"2B096","departement":"Haute-Corse","region":"Corse","forest":true}},{"type":"Feature","geometry":{"type":"Point","coordinates":[9.08515,42.28987]},"properties":{"latitude":"42.28987","longitude":"9.08515","bright_ti4":"313.52","scan":"0.38","track":"0.59","acq_date":"2026-07-22","acq_time":"213","satellite":"N21","instrument":"VIIRS","confidence":"n","version":"2.0NRT","bright_ti5":"294.46","frp":"3.16","daynight":"N","commune":"Corte","code_insee":"2B096","departement":"Haute-Corse","region":"Corse","forest":true}},{"type":"Feature","geometry":{"type":"Point","coordinates":[9.08135,42.29093]},"properties":{"latitude":"42.29093","longitude":"9.08135","bright_ti4":"367","scan":"0.38","track":"0.59","acq_date":"2026-07-22","acq_time":"213","satellite":"N21","instrument":"VIIRS","confidence":"h","version":"2.0NRT","bright_ti5":"300.67","frp":"6.02","daynight":"N","commune":"Corte","code_insee":"2B096","departement":"Haute-Corse","region":"Corse","forest":true}},{"type":"Feature","geometry":{"type":"Point","coordinates":[9.07749,42.29201]},"properties":{"latitude":"42.29201","longitude":"9.07749","bright_ti4":"317.2","scan":"0.38","track":"0.59","acq_date":"2026-07-22","acq_time":"213","satellite":"N21","instrument":"VIIRS","confidence":"n","version":"2.0NRT","bright_ti5":"293.87","frp":"6.02","daynight":"N","commune":"Corte","code_insee":"2B096","departement":"Haute-Corse","region":"Corse","forest":true}},{"type":"Feature","geometry":{"type":"Point","coordinates":[9.09465,42.29298]},"properties":{"latitude":"42.29298","longitude":"9.09465","bright_ti4":"319.95","scan":"0.38","track":"0.59","acq_date":"2026-07-22","acq_time":"213","satellite":"N21","instrument":"VIIRS","confidence":"n","version":"2.0NRT","bright_ti5":"295.27","frp":"3.23","daynight":"N","commune":"Corte","code_insee":"2B096","departement":"Haute-Corse","region":"Corse","forest":true}},{"type":"Feature","geometry":{"type":"Point","coordinates":[4.8824,43.43964]},"properties":{"latitude":"43.43964","longitude":"4.8824","bright_ti4":"322.36","scan":"0.44","track":"0.46","acq_date":"2026-07-22","acq_time":"213","satellite":"N21","instrument":"VIIRS","confidence":"n","version":"2.0NRT","bright_ti5":"293.73","frp":"2.98","daynight":"N","commune":"Fos-sur-Mer","code_insee":"13039","departement":"Bouches-du-Rhône","region":"Provence-Alpes-Côte d'Azur","forest":true}},{"type":"Feature","geometry":{"type":"Point","coordinates":[4.89994,43.4401]},"properties":{"latitude":"43.4401","longitude":"4.89994","bright_ti4":"307.2","scan":"0.44","track":"0.46","acq_date":"2026-07-22","acq_time":"213","satellite":"N21","instrument":"VIIRS","confidence":"n","version":"2.0NRT","bright_ti5":"293.66","frp":"0.99","daynight":"N","commune":"Fos-sur-Mer","code_insee":"13039","departement":"Bouches-du-Rhône","region":"Provence-Alpes-Côte d'Azur","forest":true}},{"type":"Feature","geometry":{"type":"Point","coordinates":[4.87898,43.44491]},"properties":{"latitude":"43.44491","longitude":"4.87898","bright_ti4":"337.49","scan":"0.44","track":"0.46","acq_date":"2026-07-22","acq_time":"213","satellite":"N21","instrument":"VIIRS","confidence":"n","version":"2.0NRT","bright_ti5":"298.4","frp":"11.67","daynight":"N","commune":"Fos-sur-Mer","code_insee":"13039","departement":"Bouches-du-Rhône","region":"Provence-Alpes-Côte d'Azur","forest":true}},{"type":"Feature","geometry":{"type":"Point","coordinates":[6.11925,43.50011]},"properties":{"latitude":"43.50011","longitude":"6.11925","bright_ti4":"340.11","scan":"0.5","track":"0.49","acq_date":"2026-07-22","acq_time":"213","satellite":"N21","instrument":"VIIRS","confidence":"n","version":"2.0NRT","bright_ti5":"295.07","frp":"9.37","daynight":"N","commune":"Cotignac","code_insee":"83046","departement":"Var","region":"Provence-Alpes-Côte d'Azur","forest":true}},{"type":"Feature","geometry":{"type":"Point","coordinates":[6.12609,43.50153]},"properties":{"latitude":"43.50153","longitude":"6.12609","bright_ti4":"304.33","scan":"0.5","track":"0.49","acq_date":"2026-07-22","acq_time":"213","satellite":"N21","instrument":"VIIRS","confidence":"n","version":"2.0NRT","bright_ti5":"293.63","frp":"2.85","daynight":"N","commune":"Cotignac","code_insee":"83046","departement":"Var","region":"Provence-Alpes-Côte d'Azur","forest":true}},{"type":"Feature","geometry":{"type":"Point","coordinates":[6.11298,43.50162]},"properties":{"latitude":"43.50162","longitude":"6.11298","bright_ti4":"311.82","scan":"0.5","track":"0.49","acq_date":"2026-07-22","acq_time":"213","satellite":"N21","instrument":"VIIRS","confidence":"n","version":"2.0NRT","bright_ti5":"292.37","frp":"2.67","daynight":"N","commune":"Cotignac","code_insee":"83046","departement":"Var","region":"Provence-Alpes-Côte d'Azur","forest":true}},{"type":"Feature","geometry":{"type":"Point","coordinates":[6.11991,43.50306]},"properties":{"latitude":"43.50306","longitude":"6.11991","bright_ti4":"342.55","scan":"0.5","track":"0.49","acq_date":"2026-07-22","acq_time":"213","satellite":"N21","instrument":"VIIRS","confidence":"n","version":"2.0NRT","bright_ti5":"296.14","frp":"6.17","daynight":"N","commune":"Cotignac","code_insee":"83046","departement":"Var","region":"Provence-Alpes-Côte d'Azur","forest":true}},{"type":"Feature","geometry":{"type":"Point","coordinates":[6.11372,43.50458]},"properties":{"latitude":"43.50458","longitude":"6.11372","bright_ti4":"337.42","scan":"0.5","track":"0.49","acq_date":"2026-07-22","acq_time":"213","satellite":"N21","instrument":"VIIRS","confidence":"n","version":"2.0NRT","bright_ti5":"294.96","frp":"6.17","daynight":"N","commune":"Cotignac","code_insee":"83046","departement":"Var","region":"Provence-Alpes-Côte d'Azur","forest":true}},{"type":"Feature","geometry":{"type":"Point","coordinates":[6.11482,43.50595]},"properties":{"latitude":"43.50595","longitude":"6.11482","bright_ti4":"334.82","scan":"0.5","track":"0.49","acq_date":"2026-07-22","acq_time":"213","satellite":"N21","instrument":"VIIRS","confidence":"n","version":"2.0NRT","bright_ti5":"295.14","frp":"2.67","daynight":"N","commune":"Cotignac","code_insee":"83046","departement":"Var","region":"Provence-Alpes-Côte d'Azur","forest":true}},{"type":"Feature","geometry":{"type":"Point","coordinates":[6.10885,43.50739]},"properties":{"latitude":"43.50739","longitude":"6.10885","bright_ti4":"303.57","scan":"0.5","track":"0.49","acq_date":"2026-07-22","acq_time":"213","satellite":"N21","instrument":"VIIRS","confidence":"n","version":"2.0NRT","bright_ti5":"291.61","frp":"2.67","daynight":"N","commune":"Correns","code_insee":"83045","departement":"Var","region":"Provence-Alpes-Côte d'Azur","forest":true}},{"type":"Feature","geometry":{"type":"Point","coordinates":[6.12165,43.50741]},"properties":{"latitude":"43.50741","longitude":"6.12165","bright_ti4":"307.93","scan":"0.5","track":"0.49","acq_date":"2026-07-22","acq_time":"213","satellite":"N21","instrument":"VIIRS","confidence":"n","version":"2.0NRT","bright_ti5":"292.43","frp":"2.79","daynight":"N","commune":"Cotignac","code_insee":"83046","departement":"Var","region":"Provence-Alpes-Côte d'Azur","forest":true}},{"type":"Feature","geometry":{"type":"Point","coordinates":[6.10963,43.51038]},"properties":{"latitude":"43.51038","longitude":"6.10963","bright_ti4":"312.29","scan":"0.5","track":"0.49","acq_date":"2026-07-22","acq_time":"213","satellite":"N21","instrument":"VIIRS","confidence":"n","version":"2.0NRT","bright_ti5":"293.29","frp":"2.26","daynight":"N","commune":"Cotignac","code_insee":"83046","departement":"Var","region":"Provence-Alpes-Côte d'Azur","forest":true}},{"type":"Feature","geometry":{"type":"Point","coordinates":[6.10384,43.5118]},"properties":{"latitude":"43.5118","longitude":"6.10384","bright_ti4":"309.38","scan":"0.5","track":"0.49","acq_date":"2026-07-22","acq_time":"213","satellite":"N21","instrument":"VIIRS","confidence":"n","version":"2.0NRT","bright_ti5":"291.61","frp":"2.26","daynight":"N","commune":"Correns","code_insee":"83045","departement":"Var","region":"Provence-Alpes-Côte d'Azur","forest":true}},{"type":"Feature","geometry":{"type":"Point","coordinates":[6.1461,43.51575]},"properties":{"latitude":"43.51575","longitude":"6.1461","bright_ti4":"310.28","scan":"0.51","track":"0.49","acq_date":"2026-07-22","acq_time":"213","satellite":"N21","instrument":"VIIRS","confidence":"n","version":"2.0NRT","bright_ti5":"294.04","frp":"1.82","daynight":"N","commune":"Cotignac","code_insee":"83046","departement":"Var","region":"Provence-Alpes-Côte d'Azur","forest":true}},{"type":"Feature","geometry":{"type":"Point","coordinates":[6.14155,43.52166]},"properties":{"latitude":"43.52166","longitude":"6.14155","bright_ti4":"325.24","scan":"0.5","track":"0.49","acq_date":"2026-07-22","acq_time":"213","satellite":"N21","instrument":"VIIRS","confidence":"n","version":"2.0NRT","bright_ti5":"295.91","frp":"3.61","daynight":"N","commune":"Cotignac","code_insee":"83046","departement":"Var","region":"Provence-Alpes-Côte d'Azur","forest":true}},{"type":"Feature","geometry":{"type":"Point","coordinates":[6.08131,43.52212]},"properties":{"latitude":"43.52212","longitude":"6.08131","bright_ti4":"318.61","scan":"0.5","track":"0.49","acq_date":"2026-07-22","acq_time":"213","satellite":"N21","instrument":"VIIRS","confidence":"n","version":"2.0NRT","bright_ti5":"295.89","frp":"4.6","daynight":"N","commune":"Pontevès","code_insee":"83095","departement":"Var","region":"Provence-Alpes-Côte d'Azur","forest":true}},{"type":"Feature","geometry":{"type":"Point","coordinates":[6.13518,43.52322]},"properties":{"latitude":"43.52322","longitude":"6.13518","bright_ti4":"319.95","scan":"0.5","track":"0.49","acq_date":"2026-07-22","acq_time":"213","satellite":"N21","instrument":"VIIRS","confidence":"n","version":"2.0NRT","bright_ti5":"294.9","frp":"3.61","daynight":"N","commune":"Cotignac","code_insee":"83046","departement":"Var","region":"Provence-Alpes-Côte d'Azur","forest":true}},{"type":"Feature","geometry":{"type":"Point","coordinates":[6.07543,43.52356]},"properties":{"latitude":"43.52356","longitude":"6.07543","bright_ti4":"314.5","scan":"0.5","track":"0.49","acq_date":"2026-07-22","acq_time":"213","satellite":"N21","instrument":"VIIRS","confidence":"n","version":"2.0NRT","bright_ti5":"294.81","frp":"3.35","daynight":"N","commune":"Pontevès","code_insee":"83095","departement":"Var","region":"Provence-Alpes-Côte d'Azur","forest":true}},{"type":"Feature","geometry":{"type":"Point","coordinates":[6.12896,43.52475]},"properties":{"latitude":"43.52475","longitude":"6.12896","bright_ti4":"311.24","scan":"0.5","track":"0.49","acq_date":"2026-07-22","acq_time":"213","satellite":"N21","instrument":"VIIRS","confidence":"n","version":"2.0NRT","bright_ti5":"295.58","frp":"2.87","daynight":"N","commune":"Cotignac","code_insee":"83046","departement":"Var","region":"Provence-Alpes-Côte d'Azur","forest":true}},{"type":"Feature","geometry":{"type":"Point","coordinates":[6.06956,43.52501]},"properties":{"latitude":"43.52501","longitude":"6.06956","bright_ti4":"328.82","scan":"0.5","track":"0.49","acq_date":"2026-07-22","acq_time":"213","satellite":"N21","instrument":"VIIRS","confidence":"n","version":"2.0NRT","bright_ti5":"295.68","frp":"3.35","daynight":"N","commune":"Pontevès","code_insee":"83095","departement":"Var","region":"Provence-Alpes-Côte d'Azur","forest":true}},{"type":"Feature","geometry":{"type":"Point","coordinates":[6.12287,43.52624]},"properties":{"latitude":"43.52624","longitude":"6.12287","bright_ti4":"314.37","scan":"0.5","track":"0.49","acq_date":"2026-07-22","acq_time":"213","satellite":"N21","instrument":"VIIRS","confidence":"n","version":"2.0NRT","bright_ti5":"294.01","frp":"2.87","daynight":"N","commune":"Cotignac","code_insee":"83046","departement":"Var","region":"Provence-Alpes-Côte d'Azur","forest":true}},{"type":"Feature","geometry":{"type":"Point","coordinates":[6.11673,43.52775]},"properties":{"latitude":"43.52775","longitude":"6.11673","bright_ti4":"303.86","scan":"0.5","track":"0.49","acq_date":"2026-07-22","acq_time":"213","satellite":"N21","instrument":"VIIRS","confidence":"n","version":"2.0NRT","bright_ti5":"293.24","frp":"2.86","daynight":"N","commune":"Cotignac","code_insee":"83046","departement":"Var","region":"Provence-Alpes-Côte d'Azur","forest":true}},{"type":"Feature","geometry":{"type":"Point","coordinates":[6.07085,43.52946]},"properties":{"latitude":"43.52946","longitude":"6.07085","bright_ti4":"304.58","scan":"0.5","track":"0.49","acq_date":"2026-07-22","acq_time":"213","satellite":"N21","instrument":"VIIRS","confidence":"n","version":"2.0NRT","bright_ti5":"293.24","frp":"2.64","daynight":"N","commune":"Pontevès","code_insee":"83095","departement":"Var","region":"Provence-Alpes-Côte d'Azur","forest":true}},{"type":"Feature","geometry":{"type":"Point","coordinates":[6.06507,43.53087]},"properties":{"latitude":"43.53087","longitude":"6.06507","bright_ti4":"329.31","scan":"0.5","track":"0.49","acq_date":"2026-07-22","acq_time":"213","satellite":"N21","instrument":"VIIRS","confidence":"n","version":"2.0NRT","bright_ti5":"296.55","frp":"9.57","daynight":"N","commune":"Pontevès","code_insee":"83095","departement":"Var","region":"Provence-Alpes-Côte d'Azur","forest":true}},{"type":"Feature","geometry":{"type":"Point","coordinates":[6.11844,43.5321]},"properties":{"latitude":"43.5321","longitude":"6.11844","bright_ti4":"318.14","scan":"0.5","track":"0.49","acq_date":"2026-07-22","acq_time":"213","satellite":"N21","instrument":"VIIRS","confidence":"n","version":"2.0NRT","bright_ti5":"294.79","frp":"2.86","daynight":"N","commune":"Cotignac","code_insee":"83046","departement":"Var","region":"Provence-Alpes-Côte d'Azur","forest":true}},{"type":"Feature","geometry":{"type":"Point","coordinates":[6.05936,43.53228]},"properties":{"latitude":"43.53228","longitude":"6.05936","bright_ti4":"342.48","scan":"0.5","track":"0.49","acq_date":"2026-07-22","acq_time":"213","satellite":"N21","instrument":"VIIRS","confidence":"n","version":"2.0NRT","bright_ti5":"297.38","frp":"9.57","daynight":"N","commune":"Pontevès","code_insee":"83095","departement":"Var","region":"Provence-Alpes-Côte d'Azur","forest":true}},{"type":"Feature","geometry":{"type":"Point","coordinates":[6.05367,43.53367]},"properties":{"latitude":"43.53367","longitude":"6.05367","bright_ti4":"305.88","scan":"0.5","track":"0.49","acq_date":"2026-07-22","acq_time":"213","satellite":"N21","instrument":"VIIRS","confidence":"n","version":"2.0NRT","bright_ti5":"291.64","frp":"7","daynight":"N","commune":"Pontevès","code_insee":"83095","departement":"Var","region":"Provence-Alpes-Côte d'Azur","forest":true}},{"type":"Feature","geometry":{"type":"Point","coordinates":[6.05525,43.53804]},"properties":{"latitude":"43.53804","longitude":"6.05525","bright_ti4":"338.38","scan":"0.5","track":"0.49","acq_date":"2026-07-22","acq_time":"213","satellite":"N21","instrument":"VIIRS","confidence":"n","version":"2.0NRT","bright_ti5":"299.83","frp":"7","daynight":"N","commune":"Pontevès","code_insee":"83095","departement":"Var","region":"Provence-Alpes-Côte d'Azur","forest":true}},{"type":"Feature","geometry":{"type":"Point","coordinates":[6.04945,43.53946]},"properties":{"latitude":"43.53946","longitude":"6.04945","bright_ti4":"314.04","scan":"0.5","track":"0.49","acq_date":"2026-07-22","acq_time":"213","satellite":"N21","instrument":"VIIRS","confidence":"n","version":"2.0NRT","bright_ti5":"292.43","frp":"7","daynight":"N","commune":"Pontevès","code_insee":"83095","departement":"Var","region":"Provence-Alpes-Côte d'Azur","forest":true}},{"type":"Feature","geometry":{"type":"Point","coordinates":[6.10407,43.54517]},"properties":{"latitude":"43.54517","longitude":"6.10407","bright_ti4":"318.36","scan":"0.5","track":"0.49","acq_date":"2026-07-22","acq_time":"213","satellite":"N21","instrument":"VIIRS","confidence":"n","version":"2.0NRT","bright_ti5":"291.14","frp":"3.8","daynight":"N","commune":"Pontevès","code_insee":"83095","departement":"Var","region":"Provence-Alpes-Côte d'Azur","forest":true}},{"type":"Feature","geometry":{"type":"Point","coordinates":[6.09812,43.54662]},"properties":{"latitude":"43.54662","longitude":"6.09812","bright_ti4":"302.53","scan":"0.5","track":"0.49","acq_date":"2026-07-22","acq_time":"213","satellite":"N21","instrument":"VIIRS","confidence":"n","version":"2.0NRT","bright_ti5":"290.54","frp":"1.02","daynight":"N","commune":"Pontevès","code_insee":"83095","departement":"Var","region":"Provence-Alpes-Côte d'Azur","forest":true}},{"type":"Feature","geometry":{"type":"Point","coordinates":[6.05319,43.54807]},"properties":{"latitude":"43.54807","longitude":"6.05319","bright_ti4":"323.65","scan":"0.5","track":"0.49","acq_date":"2026-07-22","acq_time":"213","satellite":"N21","instrument":"VIIRS","confidence":"n","version":"2.0NRT","bright_ti5":"292.7","frp":"8.57","daynight":"N","commune":"Pontevès","code_insee":"83095","departement":"Var","region":"Provence-Alpes-Côte d'Azur","forest":true}},{"type":"Feature","geometry":{"type":"Point","coordinates":[6.04735,43.5495]},"properties":{"latitude":"43.5495","longitude":"6.04735","bright_ti4":"337.6","scan":"0.5","track":"0.49","acq_date":"2026-07-22","acq_time":"213","satellite":"N21","instrument":"VIIRS","confidence":"n","version":"2.0NRT","bright_ti5":"296.6","frp":"14.56","daynight":"N","commune":"Pontevès","code_insee":"83095","departement":"Var","region":"Provence-Alpes-Côte d'Azur","forest":true}},{"type":"Feature","geometry":{"type":"Point","coordinates":[6.07721,43.5565]},"properties":{"latitude":"43.5565","longitude":"6.07721","bright_ti4":"325.16","scan":"0.5","track":"0.49","acq_date":"2026-07-22","acq_time":"213","satellite":"N21","instrument":"VIIRS","confidence":"n","version":"2.0NRT","bright_ti5":"291.93","frp":"3.15","daynight":"N","commune":"Pontevès","code_insee":"83095","departement":"Var","region":"Provence-Alpes-Côte d'Azur","forest":true}},{"type":"Feature","geometry":{"type":"Point","coordinates":[4.4155,44.11989]},"properties":{"latitude":"44.11989","longitude":"4.4155","bright_ti4":"301.95","scan":"0.41","track":"0.45","acq_date":"2026-07-22","acq_time":"213","satellite":"N21","instrument":"VIIRS","confidence":"n","version":"2.0NRT","bright_ti5":"290.6","frp":"12.01","daynight":"N","commune":"Fontarèches","code_insee":"30115","departement":"Gard","region":"Occitanie","forest":true}},{"type":"Feature","geometry":{"type":"Point","coordinates":[4.41492,44.12418]},"properties":{"latitude":"44.12418","longitude":"4.41492","bright_ti4":"329.64","scan":"0.41","track":"0.45","acq_date":"2026-07-22","acq_time":"213","satellite":"N21","instrument":"VIIRS","confidence":"n","version":"2.0NRT","bright_ti5":"294.55","frp":"23.44","daynight":"N","commune":"Fontarèches","code_insee":"30115","departement":"Gard","region":"Occitanie","forest":true}},{"type":"Feature","geometry":{"type":"Point","coordinates":[4.41246,44.1249]},"properties":{"latitude":"44.1249","longitude":"4.41246","bright_ti4":"353.48","scan":"0.41","track":"0.45","acq_date":"2026-07-22","acq_time":"213","satellite":"N21","instrument":"VIIRS","confidence":"n","version":"2.0NRT","bright_ti5":"295.73","frp":"29.12","daynight":"N","commune":"Fontarèches","code_insee":"30115","departement":"Gard","region":"Occitanie","forest":true}},{"type":"Feature","geometry":{"type":"Point","coordinates":[4.41008,44.12526]},"properties":{"latitude":"44.12526","longitude":"4.41008","bright_ti4":"337.14","scan":"0.41","track":"0.45","acq_date":"2026-07-22","acq_time":"213","satellite":"N21","instrument":"VIIRS","confidence":"n","version":"2.0NRT","bright_ti5":"293.6","frp":"23.44","daynight":"N","commune":"Fontarèches","code_insee":"30115","departement":"Gard","region":"Occitanie","forest":true}},{"type":"Feature","geometry":{"type":"Point","coordinates":[9.05662,42.25812]},"properties":{"latitude":"42.25812","longitude":"9.05662","bright_ti4":"340.24","scan":"0.52","track":"0.42","acq_date":"2026-07-22","acq_time":"1155","satellite":"N21","instrument":"VIIRS","confidence":"l","version":"2.0NRT","bright_ti5":"311.73","frp":"83.34","daynight":"D","commune":"Corte","code_insee":"2B096","departement":"Haute-Corse","region":"Corse","forest":true}},{"type":"Feature","geometry":{"type":"Point","coordinates":[9.0574,42.25843]},"properties":{"latitude":"42.25843","longitude":"9.0574","bright_ti4":"345.16","scan":"0.53","track":"0.42","acq_date":"2026-07-22","acq_time":"1155","satellite":"N21","instrument":"VIIRS","confidence":"n","version":"2.0NRT","bright_ti5":"309.95","frp":"79.99","daynight":"D","commune":"Corte","code_insee":"2B096","departement":"Haute-Corse","region":"Corse","forest":true}},{"type":"Feature","geometry":{"type":"Point","coordinates":[9.06714,42.2603]},"properties":{"latitude":"42.2603","longitude":"9.06714","bright_ti4":"332.09","scan":"0.52","track":"0.42","acq_date":"2026-07-22","acq_time":"1155","satellite":"N21","instrument":"VIIRS","confidence":"n","version":"2.0NRT","bright_ti5":"299.83","frp":"3.34","daynight":"D","commune":"Corte","code_insee":"2B096","departement":"Haute-Corse","region":"Corse","forest":true}},{"type":"Feature","geometry":{"type":"Point","coordinates":[9.05621,42.26204]},"properties":{"latitude":"42.26204","longitude":"9.05621","bright_ti4":"346.42","scan":"0.52","track":"0.42","acq_date":"2026-07-22","acq_time":"1155","satellite":"N21","instrument":"VIIRS","confidence":"n","version":"2.0NRT","bright_ti5":"305.43","frp":"28.4","daynight":"D","commune":"Corte","code_insee":"2B096","departement":"Haute-Corse","region":"Corse","forest":true}},{"type":"Feature","geometry":{"type":"Point","coordinates":[9.0779,42.26653]},"properties":{"latitude":"42.26653","longitude":"9.0779","bright_ti4":"343.01","scan":"0.52","track":"0.42","acq_date":"2026-07-22","acq_time":"1155","satellite":"N21","instrument":"VIIRS","confidence":"n","version":"2.0NRT","bright_ti5":"302.03","frp":"7.86","daynight":"D","commune":"Corte","code_insee":"2B096","departement":"Haute-Corse","region":"Corse","forest":true}},{"type":"Feature","geometry":{"type":"Point","coordinates":[9.0836,42.26771]},"properties":{"latitude":"42.26771","longitude":"9.0836","bright_ti4":"342.22","scan":"0.52","track":"0.42","acq_date":"2026-07-22","acq_time":"1155","satellite":"N21","instrument":"VIIRS","confidence":"n","version":"2.0NRT","bright_ti5":"303.39","frp":"7.86","daynight":"D","commune":"Corte","code_insee":"2B096","departement":"Haute-Corse","region":"Corse","forest":true}},{"type":"Feature","geometry":{"type":"Point","coordinates":[9.08907,42.26884]},"properties":{"latitude":"42.26884","longitude":"9.08907","bright_ti4":"330.11","scan":"0.52","track":"0.42","acq_date":"2026-07-22","acq_time":"1155","satellite":"N21","instrument":"VIIRS","confidence":"n","version":"2.0NRT","bright_ti5":"300.01","frp":"9.27","daynight":"D","commune":"Corte","code_insee":"2B096","departement":"Haute-Corse","region":"Corse","forest":true}},{"type":"Feature","geometry":{"type":"Point","coordinates":[9.09387,42.27382]},"properties":{"latitude":"42.27382","longitude":"9.09387","bright_ti4":"353.24","scan":"0.52","track":"0.42","acq_date":"2026-07-22","acq_time":"1155","satellite":"N21","instrument":"VIIRS","confidence":"n","version":"2.0NRT","bright_ti5":"305.7","frp":"9.27","daynight":"D","commune":"Corte","code_insee":"2B096","departement":"Haute-Corse","region":"Corse","forest":true}},{"type":"Feature","geometry":{"type":"Point","coordinates":[9.09935,42.27496]},"properties":{"latitude":"42.27496","longitude":"9.09935","bright_ti4":"340.81","scan":"0.52","track":"0.42","acq_date":"2026-07-22","acq_time":"1155","satellite":"N21","instrument":"VIIRS","confidence":"n","version":"2.0NRT","bright_ti5":"304.57","frp":"11.7","daynight":"D","commune":"Corte","code_insee":"2B096","departement":"Haute-Corse","region":"Corse","forest":true}},{"type":"Feature","geometry":{"type":"Point","coordinates":[9.07837,42.28655]},"properties":{"latitude":"42.28655","longitude":"9.07837","bright_ti4":"343.93","scan":"0.52","track":"0.42","acq_date":"2026-07-22","acq_time":"1155","satellite":"N21","instrument":"VIIRS","confidence":"n","version":"2.0NRT","bright_ti5":"302.1","frp":"13.37","daynight":"D","commune":"Corte","code_insee":"2B096","departement":"Haute-Corse","region":"Corse","forest":true}},{"type":"Feature","geometry":{"type":"Point","coordinates":[9.07624,42.29008]},"properties":{"latitude":"42.29008","longitude":"9.07624","bright_ti4":"338.48","scan":"0.52","track":"0.42","acq_date":"2026-07-22","acq_time":"1155","satellite":"N21","instrument":"VIIRS","confidence":"n","version":"2.0NRT","bright_ti5":"299.52","frp":"3.76","daynight":"D","commune":"Corte","code_insee":"2B096","departement":"Haute-Corse","region":"Corse","forest":true}},{"type":"Feature","geometry":{"type":"Point","coordinates":[9.08213,42.2913]},"properties":{"latitude":"42.2913","longitude":"9.08213","bright_ti4":"342.53","scan":"0.52","track":"0.42","acq_date":"2026-07-22","acq_time":"1155","satellite":"N21","instrument":"VIIRS","confidence":"n","version":"2.0NRT","bright_ti5":"302.97","frp":"10.24","daynight":"D","commune":"Corte","code_insee":"2B096","departement":"Haute-Corse","region":"Corse","forest":true}},{"type":"Feature","geometry":{"type":"Point","coordinates":[9.08779,42.29247]},"properties":{"latitude":"42.29247","longitude":"9.08779","bright_ti4":"348.67","scan":"0.52","track":"0.42","acq_date":"2026-07-22","acq_time":"1155","satellite":"N21","instrument":"VIIRS","confidence":"n","version":"2.0NRT","bright_ti5":"301.59","frp":"10.24","daynight":"D","commune":"Corte","code_insee":"2B096","departement":"Haute-Corse","region":"Corse","forest":true}},{"type":"Feature","geometry":{"type":"Point","coordinates":[4.87892,43.43847]},"properties":{"latitude":"43.43847","longitude":"4.87892","bright_ti4":"337.54","scan":"0.51","track":"0.49","acq_date":"2026-07-22","acq_time":"1155","satellite":"N21","instrument":"VIIRS","confidence":"l","version":"2.0NRT","bright_ti5":"311.16","frp":"8.3","daynight":"D","commune":"Fos-sur-Mer","code_insee":"13039","departement":"Bouches-du-Rhône","region":"Provence-Alpes-Côte d'Azur","forest":true}},{"type":"Feature","geometry":{"type":"Point","coordinates":[4.88017,43.44107]},"properties":{"latitude":"43.44107","longitude":"4.88017","bright_ti4":"337.3","scan":"0.51","track":"0.49","acq_date":"2026-07-22","acq_time":"1155","satellite":"N21","instrument":"VIIRS","confidence":"l","version":"2.0NRT","bright_ti5":"310.18","frp":"25.67","daynight":"D","commune":"Fos-sur-Mer","code_insee":"13039","departement":"Bouches-du-Rhône","region":"Provence-Alpes-Côte d'Azur","forest":true}},{"type":"Feature","geometry":{"type":"Point","coordinates":[4.8782,43.44539]},"properties":{"latitude":"43.44539","longitude":"4.8782","bright_ti4":"336.65","scan":"0.51","track":"0.49","acq_date":"2026-07-22","acq_time":"1155","satellite":"N21","instrument":"VIIRS","confidence":"l","version":"2.0NRT","bright_ti5":"310.04","frp":"11.12","daynight":"D","commune":"Fos-sur-Mer","code_insee":"13039","departement":"Bouches-du-Rhône","region":"Provence-Alpes-Côte d'Azur","forest":true}},{"type":"Feature","geometry":{"type":"Point","coordinates":[4.89616,43.44971]},"properties":{"latitude":"43.44971","longitude":"4.89616","bright_ti4":"338.71","scan":"0.51","track":"0.49","acq_date":"2026-07-22","acq_time":"1155","satellite":"N21","instrument":"VIIRS","confidence":"l","version":"2.0NRT","bright_ti5":"311.15","frp":"7.4","daynight":"D","commune":"Fos-sur-Mer","code_insee":"13039","departement":"Bouches-du-Rhône","region":"Provence-Alpes-Côte d'Azur","forest":true}},{"type":"Feature","geometry":{"type":"Point","coordinates":[6.11576,43.50149]},"properties":{"latitude":"43.50149","longitude":"6.11576","bright_ti4":"339.4","scan":"0.44","track":"0.46","acq_date":"2026-07-22","acq_time":"1155","satellite":"N21","instrument":"VIIRS","confidence":"n","version":"2.0NRT","bright_ti5":"303.78","frp":"7.67","daynight":"D","commune":"Cotignac","code_insee":"83046","departement":"Var","region":"Provence-Alpes-Côte d'Azur","forest":true}},{"type":"Feature","geometry":{"type":"Point","coordinates":[6.10895,43.50442]},"properties":{"latitude":"43.50442","longitude":"6.10895","bright_ti4":"343.38","scan":"0.44","track":"0.46","acq_date":"2026-07-22","acq_time":"1155","satellite":"N21","instrument":"VIIRS","confidence":"n","version":"2.0NRT","bright_ti5":"304.28","frp":"8.94","daynight":"D","commune":"Montfort-sur-Argens","code_insee":"83083","departement":"Var","region":"Provence-Alpes-Côte d'Azur","forest":true}},{"type":"Feature","geometry":{"type":"Point","coordinates":[6.11144,43.50501]},"properties":{"latitude":"43.50501","longitude":"6.11144","bright_ti4":"367","scan":"0.44","track":"0.46","acq_date":"2026-07-22","acq_time":"1155","satellite":"N21","instrument":"VIIRS","confidence":"h","version":"2.0NRT","bright_ti5":"307.78","frp":"11.76","daynight":"D","commune":"Montfort-sur-Argens","code_insee":"83083","departement":"Var","region":"Provence-Alpes-Côte d'Azur","forest":true}},{"type":"Feature","geometry":{"type":"Point","coordinates":[6.11423,43.50563]},"properties":{"latitude":"43.50563","longitude":"6.11423","bright_ti4":"342.69","scan":"0.44","track":"0.46","acq_date":"2026-07-22","acq_time":"1155","satellite":"N21","instrument":"VIIRS","confidence":"n","version":"2.0NRT","bright_ti5":"306.48","frp":"7.67","daynight":"D","commune":"Cotignac","code_insee":"83046","departement":"Var","region":"Provence-Alpes-Côte d'Azur","forest":true}},{"type":"Feature","geometry":{"type":"Point","coordinates":[6.10442,43.50786]},"properties":{"latitude":"43.50786","longitude":"6.10442","bright_ti4":"332.66","scan":"0.44","track":"0.46","acq_date":"2026-07-22","acq_time":"1155","satellite":"N21","instrument":"VIIRS","confidence":"n","version":"2.0NRT","bright_ti5":"301.28","frp":"11.76","daynight":"D","commune":"Correns","code_insee":"83045","departement":"Var","region":"Provence-Alpes-Côte d'Azur","forest":true}},{"type":"Feature","geometry":{"type":"Point","coordinates":[6.10724,43.50852]},"properties":{"latitude":"43.50852","longitude":"6.10724","bright_ti4":"351.04","scan":"0.44","track":"0.46","acq_date":"2026-07-22","acq_time":"1155","satellite":"N21","instrument":"VIIRS","confidence":"n","version":"2.0NRT","bright_ti5":"305.58","frp":"16.25","daynight":"D","commune":"Correns","code_insee":"83045","departement":"Var","region":"Provence-Alpes-Côte d'Azur","forest":true}},{"type":"Feature","geometry":{"type":"Point","coordinates":[6.10979,43.50912]},"properties":{"latitude":"43.50912","longitude":"6.10979","bright_ti4":"349.8","scan":"0.44","track":"0.46","acq_date":"2026-07-22","acq_time":"1155","satellite":"N21","instrument":"VIIRS","confidence":"n","version":"2.0NRT","bright_ti5":"307.23","frp":"11.76","daynight":"D","commune":"Cotignac","code_insee":"83046","departement":"Var","region":"Provence-Alpes-Côte d'Azur","forest":true}},{"type":"Feature","geometry":{"type":"Point","coordinates":[6.11263,43.50975]},"properties":{"latitude":"43.50975","longitude":"6.11263","bright_ti4":"336.11","scan":"0.44","track":"0.46","acq_date":"2026-07-22","acq_time":"1155","satellite":"N21","instrument":"VIIRS","confidence":"l","version":"2.0NRT","bright_ti5":"307.58","frp":"13.62","daynight":"D","commune":"Cotignac","code_insee":"83046","departement":"Var","region":"Provence-Alpes-Côte d'Azur","forest":true}},{"type":"Feature","geometry":{"type":"Point","coordinates":[-0.73532,44.66864]},"properties":{"latitude":"44.66864","longitude":"-0.73532","bright_ti4":"338.73","scan":"0.43","track":"0.62","acq_date":"2026-07-22","acq_time":"1155","satellite":"N21","instrument":"VIIRS","confidence":"n","version":"2.0NRT","bright_ti5":"306.98","frp":"8.34","daynight":"D","commune":"Le Barp","code_insee":"33029","departement":"Gironde","region":"Nouvelle-Aquitaine","forest":true}},{"type":"Feature","geometry":{"type":"Point","coordinates":[6.55776,44.75452]},"properties":{"latitude":"44.75452","longitude":"6.55776","bright_ti4":"330.49","scan":"0.4","track":"0.44","acq_date":"2026-07-22","acq_time":"1155","satellite":"N21","instrument":"VIIRS","confidence":"l","version":"2.0NRT","bright_ti5":"301.76","frp":"2.96","daynight":"D","commune":"Freissinières","code_insee":"05058","departement":"Hautes-Alpes","region":"Provence-Alpes-Côte d'Azur","forest":true}},{"type":"Feature","geometry":{"type":"Point","coordinates":[6.56582,44.75632]},"properties":{"latitude":"44.75632","longitude":"6.56582","bright_ti4":"334.97","scan":"0.4","track":"0.44","acq_date":"2026-07-22","acq_time":"1155","satellite":"N21","instrument":"VIIRS","confidence":"n","version":"2.0NRT","bright_ti5":"301.84","frp":"5.11","daynight":"D","commune":"Freissinières","code_insee":"05058","departement":"Hautes-Alpes","region":"Provence-Alpes-Côte d'Azur","forest":true}},{"type":"Feature","geometry":{"type":"Point","coordinates":[6.56376,44.76012]},"properties":{"latitude":"44.76012","longitude":"6.56376","bright_ti4":"349.07","scan":"0.4","track":"0.44","acq_date":"2026-07-22","acq_time":"1155","satellite":"N21","instrument":"VIIRS","confidence":"n","version":"2.0NRT","bright_ti5":"307.88","frp":"11.07","daynight":"D","commune":"Freissinières","code_insee":"05058","departement":"Hautes-Alpes","region":"Provence-Alpes-Côte d'Azur","forest":true}},{"type":"Feature","geometry":{"type":"Point","coordinates":[6.56765,44.76098]},"properties":{"latitude":"44.76098","longitude":"6.56765","bright_ti4":"340.46","scan":"0.4","track":"0.44","acq_date":"2026-07-22","acq_time":"1155","satellite":"N21","instrument":"VIIRS","confidence":"n","version":"2.0NRT","bright_ti5":"308.27","frp":"18.31","daynight":"D","commune":"Freissinières","code_insee":"05058","departement":"Hautes-Alpes","region":"Provence-Alpes-Côte d'Azur","forest":true}},{"type":"Feature","geometry":{"type":"Point","coordinates":[6.55804,44.7631]},"properties":{"latitude":"44.7631","longitude":"6.55804","bright_ti4":"340.71","scan":"0.4","track":"0.44","acq_date":"2026-07-22","acq_time":"1155","satellite":"N21","instrument":"VIIRS","confidence":"n","version":"2.0NRT","bright_ti5":"305.76","frp":"11.07","daynight":"D","commune":"L'Argentière-la-Bessée","code_insee":"05006","departement":"Hautes-Alpes","region":"Provence-Alpes-Côte d'Azur","forest":true}},{"type":"Feature","geometry":{"type":"Point","coordinates":[6.54091,44.76355]},"properties":{"latitude":"44.76355","longitude":"6.54091","bright_ti4":"367","scan":"0.4","track":"0.44","acq_date":"2026-07-22","acq_time":"1155","satellite":"N21","instrument":"VIIRS","confidence":"h","version":"2.0NRT","bright_ti5":"313.25","frp":"38.74","daynight":"D","commune":"Freissinières","code_insee":"05058","departement":"Hautes-Alpes","region":"Provence-Alpes-Côte d'Azur","forest":true}},{"type":"Feature","geometry":{"type":"Point","coordinates":[6.56176,44.76393]},"properties":{"latitude":"44.76393","longitude":"6.56176","bright_ti4":"354.38","scan":"0.4","track":"0.44","acq_date":"2026-07-22","acq_time":"1155","satellite":"N21","instrument":"VIIRS","confidence":"n","version":"2.0NRT","bright_ti5":"308.18","frp":"11.07","daynight":"D","commune":"L'Argentière-la-Bessée","code_insee":"05006","departement":"Hautes-Alpes","region":"Provence-Alpes-Côte d'Azur","forest":true}},{"type":"Feature","geometry":{"type":"Point","coordinates":[6.54522,44.76451]},"properties":{"latitude":"44.76451","longitude":"6.54522","bright_ti4":"341.66","scan":"0.4","track":"0.44","acq_date":"2026-07-22","acq_time":"1155","satellite":"N21","instrument":"VIIRS","confidence":"n","version":"2.0NRT","bright_ti5":"303.87","frp":"38.74","daynight":"D","commune":"L'Argentière-la-Bessée","code_insee":"05006","departement":"Hautes-Alpes","region":"Provence-Alpes-Côte d'Azur","forest":true}},{"type":"Feature","geometry":{"type":"Point","coordinates":[6.55235,44.76609]},"properties":{"latitude":"44.76609","longitude":"6.55235","bright_ti4":"353.37","scan":"0.4","track":"0.44","acq_date":"2026-07-22","acq_time":"1155","satellite":"N21","instrument":"VIIRS","confidence":"n","version":"2.0NRT","bright_ti5":"304.59","frp":"45.78","daynight":"D","commune":"L'Argentière-la-Bessée","code_insee":"05006","departement":"Hautes-Alpes","region":"Provence-Alpes-Côte d'Azur","forest":true}},{"type":"Feature","geometry":{"type":"Point","coordinates":[6.55594,44.7669]},"properties":{"latitude":"44.7669","longitude":"6.55594","bright_ti4":"340.89","scan":"0.4","track":"0.44","acq_date":"2026-07-22","acq_time":"1155","satellite":"N21","instrument":"VIIRS","confidence":"n","version":"2.0NRT","bright_ti5":"303.26","frp":"6.62","daynight":"D","commune":"L'Argentière-la-Bessée","code_insee":"05006","departement":"Hautes-Alpes","region":"Provence-Alpes-Côte d'Azur","forest":true}},{"type":"Feature","geometry":{"type":"Point","coordinates":[6.53935,44.76747]},"properties":{"latitude":"44.76747","longitude":"6.53935","bright_ti4":"342.61","scan":"0.4","track":"0.44","acq_date":"2026-07-22","acq_time":"1155","satellite":"N21","instrument":"VIIRS","confidence":"n","version":"2.0NRT","bright_ti5":"305.64","frp":"38.74","daynight":"D","commune":"Freissinières","code_insee":"05058","departement":"Hautes-Alpes","region":"Provence-Alpes-Côte d'Azur","forest":true}},{"type":"Feature","geometry":{"type":"Point","coordinates":[6.54319,44.76833]},"properties":{"latitude":"44.76833","longitude":"6.54319","bright_ti4":"367","scan":"0.4","track":"0.44","acq_date":"2026-07-22","acq_time":"1155","satellite":"N21","instrument":"VIIRS","confidence":"h","version":"2.0NRT","bright_ti5":"337.49","frp":"38.74","daynight":"D","commune":"L'Argentière-la-Bessée","code_insee":"05006","departement":"Hautes-Alpes","region":"Provence-Alpes-Côte d'Azur","forest":true}},{"type":"Feature","geometry":{"type":"Point","coordinates":[6.54668,44.7691]},"properties":{"latitude":"44.7691","longitude":"6.54668","bright_ti4":"350.05","scan":"0.4","track":"0.44","acq_date":"2026-07-22","acq_time":"1155","satellite":"N21","instrument":"VIIRS","confidence":"l","version":"2.0NRT","bright_ti5":"326.4","frp":"45.78","daynight":"D","commune":"L'Argentière-la-Bessée","code_insee":"05006","departement":"Hautes-Alpes","region":"Provence-Alpes-Côte d'Azur","forest":true}},{"type":"Feature","geometry":{"type":"Point","coordinates":[6.54128,44.77216]},"properties":{"latitude":"44.77216","longitude":"6.54128","bright_ti4":"367","scan":"0.4","track":"0.44","acq_date":"2026-07-22","acq_time":"1155","satellite":"N21","instrument":"VIIRS","confidence":"l","version":"2.0NRT","bright_ti5":"326.51","frp":"242.11","daynight":"D","commune":"L'Argentière-la-Bessée","code_insee":"05006","departement":"Hautes-Alpes","region":"Provence-Alpes-Côte d'Azur","forest":true}},{"type":"Feature","geometry":{"type":"Point","coordinates":[-1.03395,44.90122]},"properties":{"latitude":"44.90122","longitude":"-1.03395","bright_ti4":"348.39","scan":"0.44","track":"0.62","acq_date":"2026-07-22","acq_time":"1155","satellite":"N21","instrument":"VIIRS","confidence":"n","version":"2.0NRT","bright_ti5":"303.11","frp":"38.87","daynight":"D","commune":"Saumos","code_insee":"33503","departement":"Gironde","region":"Nouvelle-Aquitaine","forest":true}},{"type":"Feature","geometry":{"type":"Point","coordinates":[-1.02882,44.90275]},"properties":{"latitude":"44.90275","longitude":"-1.02882","bright_ti4":"367","scan":"0.44","track":"0.62","acq_date":"2026-07-22","acq_time":"1155","satellite":"N21","instrument":"VIIRS","confidence":"h","version":"2.0NRT","bright_ti5":"326.59","frp":"38.87","daynight":"D","commune":"Saumos","code_insee":"33503","departement":"Gironde","region":"Nouvelle-Aquitaine","forest":true}},{"type":"Feature","geometry":{"type":"Point","coordinates":[-1.02367,44.90429]},"properties":{"latitude":"44.90429","longitude":"-1.02367","bright_ti4":"346.78","scan":"0.44","track":"0.62","acq_date":"2026-07-22","acq_time":"1155","satellite":"N21","instrument":"VIIRS","confidence":"n","version":"2.0NRT","bright_ti5":"307.36","frp":"27.16","daynight":"D","commune":"Saumos","code_insee":"33503","departement":"Gironde","region":"Nouvelle-Aquitaine","forest":true}},{"type":"Feature","geometry":{"type":"Point","coordinates":[0.35515,45.97741]},"properties":{"latitude":"45.97741","longitude":"0.35515","bright_ti4":"331.36","scan":"0.35","track":"0.57","acq_date":"2026-07-22","acq_time":"1155","satellite":"N21","instrument":"VIIRS","confidence":"n","version":"2.0NRT","bright_ti5":"303.51","frp":"5.12","daynight":"D","commune":"Nanteuil-en-Vallée","code_insee":"16242","departement":"Charente","region":"Nouvelle-Aquitaine","forest":true}},{"type":"Feature","geometry":{"type":"Point","coordinates":[0.35929,45.97857]},"properties":{"latitude":"45.97857","longitude":"0.35929","bright_ti4":"367","scan":"0.35","track":"0.57","acq_date":"2026-07-22","acq_time":"1155","satellite":"N21","instrument":"VIIRS","confidence":"h","version":"2.0NRT","bright_ti5":"307.79","frp":"7.52","daynight":"D","commune":"Nanteuil-en-Vallée","code_insee":"16242","departement":"Charente","region":"Nouvelle-Aquitaine","forest":true}},{"type":"Feature","geometry":{"type":"Point","coordinates":[0.15256,46.80884]},"properties":{"latitude":"46.80884","longitude":"0.15256","bright_ti4":"355.04","scan":"0.34","track":"0.56","acq_date":"2026-07-22","acq_time":"1155","satellite":"N21","instrument":"VIIRS","confidence":"n","version":"2.0NRT","bright_ti5":"299.9","frp":"10.29","daynight":"D","commune":"Chouppes","code_insee":"86075","departement":"Vienne","region":"Nouvelle-Aquitaine","forest":true}},{"type":"Feature","geometry":{"type":"Point","coordinates":[2.95267,49.09782]},"properties":{"latitude":"49.09782","longitude":"2.95267","bright_ti4":"331.18","scan":"0.44","track":"0.46","acq_date":"2026-07-22","acq_time":"1157","satellite":"N21","instrument":"VIIRS","confidence":"n","version":"2.0NRT","bright_ti5":"296.74","frp":"4.74","daynight":"D","commune":"Acy-en-Multien","code_insee":"60005","departement":"Oise","region":"Hauts-de-France","forest":true}},{"type":"Feature","geometry":{"type":"Point","coordinates":[-0.42971,42.94933]},"properties":{"latitude":"42.94933","longitude":"-0.42971","bright_ti4":"335.14","scan":"0.59","track":"0.53","acq_date":"2026-07-22","acq_time":"1336","satellite":"N21","instrument":"VIIRS","confidence":"n","version":"2.0NRT","bright_ti5":"300.37","frp":"15.44","daynight":"D","commune":"Laruns","code_insee":"64320","departement":"Pyrénées-Atlantiques","region":"Nouvelle-Aquitaine","forest":true}},{"type":"Feature","geometry":{"type":"Point","coordinates":[4.87708,43.4446]},"properties":{"latitude":"43.4446","longitude":"4.87708","bright_ti4":"339.71","scan":"0.56","track":"0.69","acq_date":"2026-07-22","acq_time":"1336","satellite":"N21","instrument":"VIIRS","confidence":"n","version":"2.0NRT","bright_ti5":"303.91","frp":"12.15","daynight":"D","commune":"Fos-sur-Mer","code_insee":"13039","departement":"Bouches-du-Rhône","region":"Provence-Alpes-Côte d'Azur","forest":true}},{"type":"Feature","geometry":{"type":"Point","coordinates":[4.88403,43.44471]},"properties":{"latitude":"43.44471","longitude":"4.88403","bright_ti4":"347.3","scan":"0.56","track":"0.69","acq_date":"2026-07-22","acq_time":"1336","satellite":"N21","instrument":"VIIRS","confidence":"n","version":"2.0NRT","bright_ti5":"308.47","frp":"25.16","daynight":"D","commune":"Fos-sur-Mer","code_insee":"13039","departement":"Bouches-du-Rhône","region":"Provence-Alpes-Côte d'Azur","forest":true}},{"type":"Feature","geometry":{"type":"Point","coordinates":[6.07801,43.51629]},"properties":{"latitude":"43.51629","longitude":"6.07801","bright_ti4":"339.5","scan":"0.65","track":"0.73","acq_date":"2026-07-22","acq_time":"1336","satellite":"N21","instrument":"VIIRS","confidence":"n","version":"2.0NRT","bright_ti5":"290.75","frp":"16.34","daynight":"D","commune":"Correns","code_insee":"83045","departement":"Var","region":"Provence-Alpes-Côte d'Azur","forest":true}},{"type":"Feature","geometry":{"type":"Point","coordinates":[6.07773,43.51944]},"properties":{"latitude":"43.51944","longitude":"6.07773","bright_ti4":"367","scan":"0.65","track":"0.73","acq_date":"2026-07-22","acq_time":"1336","satellite":"N21","instrument":"VIIRS","confidence":"h","version":"2.0NRT","bright_ti5":"294.13","frp":"25.9","daynight":"D","commune":"Correns","code_insee":"83045","departement":"Var","region":"Provence-Alpes-Côte d'Azur","forest":true}},{"type":"Feature","geometry":{"type":"Point","coordinates":[6.07649,43.52297]},"properties":{"latitude":"43.52297","longitude":"6.07649","bright_ti4":"367","scan":"0.65","track":"0.73","acq_date":"2026-07-22","acq_time":"1336","satellite":"N21","instrument":"VIIRS","confidence":"h","version":"2.0NRT","bright_ti5":"292.73","frp":"16.34","daynight":"D","commune":"Pontevès","code_insee":"83095","departement":"Var","region":"Provence-Alpes-Côte d'Azur","forest":true}},{"type":"Feature","geometry":{"type":"Point","coordinates":[6.55934,44.7535]},"properties":{"latitude":"44.7535","longitude":"6.55934","bright_ti4":"337.99","scan":"0.7","track":"0.75","acq_date":"2026-07-22","acq_time":"1336","satellite":"N21","instrument":"VIIRS","confidence":"n","version":"2.0NRT","bright_ti5":"299.83","frp":"30.17","daynight":"D","commune":"Freissinières","code_insee":"05058","departement":"Hautes-Alpes","region":"Provence-Alpes-Côte d'Azur","forest":true}},{"type":"Feature","geometry":{"type":"Point","coordinates":[6.56809,44.76716]},"properties":{"latitude":"44.76716","longitude":"6.56809","bright_ti4":"354.8","scan":"0.7","track":"0.75","acq_date":"2026-07-22","acq_time":"1336","satellite":"N21","instrument":"VIIRS","confidence":"n","version":"2.0NRT","bright_ti5":"302.56","frp":"17.31","daynight":"D","commune":"La Roche-de-Rame","code_insee":"05122","departement":"Hautes-Alpes","region":"Provence-Alpes-Côte d'Azur","forest":true}},{"type":"Feature","geometry":{"type":"Point","coordinates":[6.55591,44.76724]},"properties":{"latitude":"44.76724","longitude":"6.55591","bright_ti4":"333.34","scan":"0.69","track":"0.75","acq_date":"2026-07-22","acq_time":"1336","satellite":"N21","instrument":"VIIRS","confidence":"n","version":"2.0NRT","bright_ti5":"296.84","frp":"17.31","daynight":"D","commune":"L'Argentière-la-Bessée","code_insee":"05006","departement":"Hautes-Alpes","region":"Provence-Alpes-Côte d'Azur","forest":true}},{"type":"Feature","geometry":{"type":"Point","coordinates":[-1.0322,44.8916]},"properties":{"latitude":"44.8916","longitude":"-1.0322","bright_ti4":"354.57","scan":"0.58","track":"0.52","acq_date":"2026-07-22","acq_time":"1336","satellite":"N21","instrument":"VIIRS","confidence":"n","version":"2.0NRT","bright_ti5":"303.57","frp":"45.33","daynight":"D","commune":"Saumos","code_insee":"33503","departement":"Gironde","region":"Nouvelle-Aquitaine","forest":true}},{"type":"Feature","geometry":{"type":"Point","coordinates":[-1.02492,44.89204]},"properties":{"latitude":"44.89204","longitude":"-1.02492","bright_ti4":"344.79","scan":"0.58","track":"0.52","acq_date":"2026-07-22","acq_time":"1336","satellite":"N21","instrument":"VIIRS","confidence":"n","version":"2.0NRT","bright_ti5":"298.56","frp":"45.33","daynight":"D","commune":"Saumos","code_insee":"33503","departement":"Gironde","region":"Nouvelle-Aquitaine","forest":true}},{"type":"Feature","geometry":{"type":"Point","coordinates":[-1.04736,44.89551]},"properties":{"latitude":"44.89551","longitude":"-1.04736","bright_ti4":"335.99","scan":"0.57","track":"0.52","acq_date":"2026-07-22","acq_time":"1336","satellite":"N21","instrument":"VIIRS","confidence":"n","version":"2.0NRT","bright_ti5":"298.67","frp":"307.56","daynight":"D","commune":"Saumos","code_insee":"33503","departement":"Gironde","region":"Nouvelle-Aquitaine","forest":true}},{"type":"Feature","geometry":{"type":"Point","coordinates":[-1.04007,44.89595]},"properties":{"latitude":"44.89595","longitude":"-1.04007","bright_ti4":"367","scan":"0.58","track":"0.52","acq_date":"2026-07-22","acq_time":"1336","satellite":"N21","instrument":"VIIRS","confidence":"l","version":"2.0NRT","bright_ti5":"357.76","frp":"307.56","daynight":"D","commune":"Saumos","code_insee":"33503","departement":"Gironde","region":"Nouvelle-Aquitaine","forest":true}},{"type":"Feature","geometry":{"type":"Point","coordinates":[-1.03279,44.89639]},"properties":{"latitude":"44.89639","longitude":"-1.03279","bright_ti4":"367","scan":"0.58","track":"0.52","acq_date":"2026-07-22","acq_time":"1336","satellite":"N21","instrument":"VIIRS","confidence":"l","version":"2.0NRT","bright_ti5":"335.32","frp":"231.02","daynight":"D","commune":"Saumos","code_insee":"33503","departement":"Gironde","region":"Nouvelle-Aquitaine","forest":true}},{"type":"Feature","geometry":{"type":"Point","coordinates":[-1.02553,44.89684]},"properties":{"latitude":"44.89684","longitude":"-1.02553","bright_ti4":"367","scan":"0.58","track":"0.52","acq_date":"2026-07-22","acq_time":"1336","satellite":"N21","instrument":"VIIRS","confidence":"l","version":"2.0NRT","bright_ti5":"325.37","frp":"231.02","daynight":"D","commune":"Saumos","code_insee":"33503","departement":"Gironde","region":"Nouvelle-Aquitaine","forest":true}},{"type":"Feature","geometry":{"type":"Point","coordinates":[-1.04067,44.90073]},"properties":{"latitude":"44.90073","longitude":"-1.04067","bright_ti4":"367","scan":"0.58","track":"0.52","acq_date":"2026-07-22","acq_time":"1336","satellite":"N21","instrument":"VIIRS","confidence":"l","version":"2.0NRT","bright_ti5":"326.48","frp":"307.56","daynight":"D","commune":"Saumos","code_insee":"33503","departement":"Gironde","region":"Nouvelle-Aquitaine","forest":true}},{"type":"Feature","geometry":{"type":"Point","coordinates":[-1.03339,44.90118]},"properties":{"latitude":"44.90118","longitude":"-1.03339","bright_ti4":"367","scan":"0.58","track":"0.52","acq_date":"2026-07-22","acq_time":"1336","satellite":"N21","instrument":"VIIRS","confidence":"h","version":"2.0NRT","bright_ti5":"347.93","frp":"231.02","daynight":"D","commune":"Saumos","code_insee":"33503","departement":"Gironde","region":"Nouvelle-Aquitaine","forest":true}},{"type":"Feature","geometry":{"type":"Point","coordinates":[-1.02609,44.90163]},"properties":{"latitude":"44.90163","longitude":"-1.02609","bright_ti4":"353.8","scan":"0.58","track":"0.52","acq_date":"2026-07-22","acq_time":"1336","satellite":"N21","instrument":"VIIRS","confidence":"n","version":"2.0NRT","bright_ti5":"321.32","frp":"231.02","daynight":"D","commune":"Saumos","code_insee":"33503","departement":"Gironde","region":"Nouvelle-Aquitaine","forest":true}},{"type":"Feature","geometry":{"type":"Point","coordinates":[-1.01881,44.90207]},"properties":{"latitude":"44.90207","longitude":"-1.01881","bright_ti4":"337.66","scan":"0.58","track":"0.52","acq_date":"2026-07-22","acq_time":"1336","satellite":"N21","instrument":"VIIRS","confidence":"n","version":"2.0NRT","bright_ti5":"302.94","frp":"16.63","daynight":"D","commune":"Saumos","code_insee":"33503","departement":"Gironde","region":"Nouvelle-Aquitaine","forest":true}},{"type":"Feature","geometry":{"type":"Point","coordinates":[-1.03397,44.90598]},"properties":{"latitude":"44.90598","longitude":"-1.03397","bright_ti4":"343.78","scan":"0.58","track":"0.52","acq_date":"2026-07-22","acq_time":"1336","satellite":"N21","instrument":"VIIRS","confidence":"n","version":"2.0NRT","bright_ti5":"304.27","frp":"12.05","daynight":"D","commune":"Saumos","code_insee":"33503","departement":"Gironde","region":"Nouvelle-Aquitaine","forest":true}},{"type":"Feature","geometry":{"type":"Point","coordinates":[-1.02669,44.90642]},"properties":{"latitude":"44.90642","longitude":"-1.02669","bright_ti4":"342.16","scan":"0.58","track":"0.52","acq_date":"2026-07-22","acq_time":"1336","satellite":"N21","instrument":"VIIRS","confidence":"n","version":"2.0NRT","bright_ti5":"306.11","frp":"12.05","daynight":"D","commune":"Saumos","code_insee":"33503","departement":"Gironde","region":"Nouvelle-Aquitaine","forest":true}},{"type":"Feature","geometry":{"type":"Point","coordinates":[-0.88794,45.85789]},"properties":{"latitude":"45.85789","longitude":"-0.88794","bright_ti4":"334.19","scan":"0.6","track":"0.53","acq_date":"2026-07-22","acq_time":"1338","satellite":"N21","instrument":"VIIRS","confidence":"l","version":"2.0NRT","bright_ti5":"307.92","frp":"6.95","daynight":"D","commune":"Trizay","code_insee":"17453","departement":"Charente-Maritime","region":"Nouvelle-Aquitaine","forest":true}},{"type":"Feature","geometry":{"type":"Point","coordinates":[5.59151,46.80398]},"properties":{"latitude":"46.80398","longitude":"5.59151","bright_ti4":"339.08","scan":"0.63","track":"0.72","acq_date":"2026-07-22","acq_time":"1338","satellite":"N21","instrument":"VIIRS","confidence":"n","version":"2.0NRT","bright_ti5":"301.66","frp":"6.59","daynight":"D","commune":"Saint-Lamain","code_insee":"39486","departement":"Jura","region":"Bourgogne-Franche-Comté","forest":true}},{"type":"Feature","geometry":{"type":"Point","coordinates":[0.15565,46.80716]},"properties":{"latitude":"46.80716","longitude":"0.15565","bright_ti4":"367","scan":"0.34","track":"0.56","acq_date":"2026-07-22","acq_time":"1338","satellite":"N21","instrument":"VIIRS","confidence":"h","version":"2.0NRT","bright_ti5":"308.01","frp":"19.36","daynight":"D","commune":"Chouppes","code_insee":"86075","departement":"Vienne","region":"Nouvelle-Aquitaine","forest":true}},{"type":"Feature","geometry":{"type":"Point","coordinates":[3.35032,46.82861]},"properties":{"latitude":"46.82861","longitude":"3.35032","bright_ti4":"367","scan":"0.49","track":"0.65","acq_date":"2026-07-22","acq_time":"1338","satellite":"N21","instrument":"VIIRS","confidence":"h","version":"2.0NRT","bright_ti5":"302.1","frp":"14.09","daynight":"D","commune":"Avril-sur-Loire","code_insee":"58020","departement":"Nièvre","region":"Bourgogne-Franche-Comté","forest":true}},{"type":"Feature","geometry":{"type":"Point","coordinates":[2.95394,49.09932]},"properties":{"latitude":"49.09932","longitude":"2.95394","bright_ti4":"335.85","scan":"0.48","track":"0.65","acq_date":"2026-07-22","acq_time":"1338","satellite":"N21","instrument":"VIIRS","confidence":"n","version":"2.0NRT","bright_ti5":"295.31","frp":"3.41","daynight":"D","commune":"Acy-en-Multien","code_insee":"60005","departement":"Oise","region":"Hauts-de-France","forest":true}},{"type":"Feature","geometry":{"type":"Point","coordinates":[5.0056,43.38031]},"properties":{"latitude":"43.38031","longitude":"5.0056","bright_ti4":"315.76","scan":"0.59","track":"0.53","acq_date":"2026-07-22","acq_time":"105","satellite":"N","instrument":"VIIRS","confidence":"n","version":"2.0NRT","bright_ti5":"295.05","frp":"2.28","daynight":"N","commune":"Martigues","code_insee":"13056","departement":"Bouches-du-Rhône","region":"Provence-Alpes-Côte d'Azur","forest":false}},{"type":"Feature","geometry":{"type":"Point","coordinates":[4.88944,43.43318]},"properties":{"latitude":"43.43318","longitude":"4.88944","bright_ti4":"331.66","scan":"0.6","track":"0.53","acq_date":"2026-07-22","acq_time":"105","satellite":"N","instrument":"VIIRS","confidence":"n","version":"2.0NRT","bright_ti5":"295.66","frp":"3.94","daynight":"N","commune":"Fos-sur-Mer","code_insee":"13039","departement":"Bouches-du-Rhône","region":"Provence-Alpes-Côte d'Azur","forest":false}},{"type":"Feature","geometry":{"type":"Point","coordinates":[4.89005,43.43811]},"properties":{"latitude":"43.43811","longitude":"4.89005","bright_ti4":"319.05","scan":"0.6","track":"0.53","acq_date":"2026-07-22","acq_time":"105","satellite":"N","instrument":"VIIRS","confidence":"n","version":"2.0NRT","bright_ti5":"294.71","frp":"1.87","daynight":"N","commune":"Fos-sur-Mer","code_insee":"13039","departement":"Bouches-du-Rhône","region":"Provence-Alpes-Côte d'Azur","forest":false}},{"type":"Feature","geometry":{"type":"Point","coordinates":[4.88308,43.44352]},"properties":{"latitude":"43.44352","longitude":"4.88308","bright_ti4":"329.58","scan":"0.6","track":"0.53","acq_date":"2026-07-22","acq_time":"105","satellite":"N","instrument":"VIIRS","confidence":"n","version":"2.0NRT","bright_ti5":"295.52","frp":"11.36","daynight":"N","commune":"Fos-sur-Mer","code_insee":"13039","departement":"Bouches-du-Rhône","region":"Provence-Alpes-Côte d'Azur","forest":false}},{"type":"Feature","geometry":{"type":"Point","coordinates":[4.89883,43.44752]},"properties":{"latitude":"43.44752","longitude":"4.89883","bright_ti4":"305.44","scan":"0.6","track":"0.53","acq_date":"2026-07-22","acq_time":"105","satellite":"N","instrument":"VIIRS","confidence":"n","version":"2.0NRT","bright_ti5":"293.98","frp":"1.57","daynight":"N","commune":"Fos-sur-Mer","code_insee":"13039","departement":"Bouches-du-Rhône","region":"Provence-Alpes-Côte d'Azur","forest":false}},{"type":"Feature","geometry":{"type":"Point","coordinates":[4.42408,43.62209]},"properties":{"latitude":"43.62209","longitude":"4.42408","bright_ti4":"307.73","scan":"0.63","track":"0.54","acq_date":"2026-07-22","acq_time":"105","satellite":"N","instrument":"VIIRS","confidence":"n","version":"2.0NRT","bright_ti5":"292.68","frp":"2.12","daynight":"N","commune":"Saint-Gilles","code_insee":"30258","departement":"Gard","region":"Occitanie","forest":false}},{"type":"Feature","geometry":{"type":"Point","coordinates":[4.41602,43.62257]},"properties":{"latitude":"43.62257","longitude":"4.41602","bright_ti4":"313.73","scan":"0.63","track":"0.54","acq_date":"2026-07-22","acq_time":"105","satellite":"N","instrument":"VIIRS","confidence":"n","version":"2.0NRT","bright_ti5":"292.01","frp":"2.12","daynight":"N","commune":"Saint-Gilles","code_insee":"30258","departement":"Gard","region":"Occitanie","forest":false}},{"type":"Feature","geometry":{"type":"Point","coordinates":[2.82315,45.11322]},"properties":{"latitude":"45.11322","longitude":"2.82315","bright_ti4":"298.03","scan":"0.39","track":"0.59","acq_date":"2026-07-22","acq_time":"105","satellite":"N","instrument":"VIIRS","confidence":"n","version":"2.0NRT","bright_ti5":"278.59","frp":"0.43","daynight":"N","commune":"Laveissière","code_insee":"15101","departement":"Cantal","region":"Auvergne-Rhône-Alpes","forest":false}},{"type":"Feature","geometry":{"type":"Point","coordinates":[6.05201,48.88509]},"properties":{"latitude":"48.88509","longitude":"6.05201","bright_ti4":"316.44","scan":"0.59","track":"0.53","acq_date":"2026-07-22","acq_time":"105","satellite":"N","instrument":"VIIRS","confidence":"n","version":"2.0NRT","bright_ti5":"284.01","frp":"1.97","daynight":"N","commune":"Blénod-lès-Pont-à-Mousson","code_insee":"54079","departement":"Meurthe-et-Moselle","region":"Grand Est","forest":false}},{"type":"Feature","geometry":{"type":"Point","coordinates":[0.53335,49.47906]},"properties":{"latitude":"49.47906","longitude":"0.53335","bright_ti4":"298.1","scan":"0.53","track":"0.67","acq_date":"2026-07-22","acq_time":"105","satellite":"N","instrument":"VIIRS","confidence":"n","version":"2.0NRT","bright_ti5":"284.84","frp":"1.37","daynight":"N","commune":"Port-Jérôme-sur-Seine","code_insee":"76476","departement":"Seine-Maritime","region":"Normandie","forest":false}},{"type":"Feature","geometry":{"type":"Point","coordinates":[3.47446,49.68504]},"properties":{"latitude":"49.68504","longitude":"3.47446","bright_ti4":"296.47","scan":"0.39","track":"0.59","acq_date":"2026-07-22","acq_time":"105","satellite":"N","instrument":"VIIRS","confidence":"n","version":"2.0NRT","bright_ti5":"281.44","frp":"0.62","daynight":"N","commune":"Nouvion-et-Catillon","code_insee":"02559","departement":"Aisne","region":"Hauts-de-France","forest":false}},{"type":"Feature","geometry":{"type":"Point","coordinates":[2.29352,51.04376]},"properties":{"latitude":"51.04376","longitude":"2.29352","bright_ti4":"332.11","scan":"0.45","track":"0.63","acq_date":"2026-07-22","acq_time":"105","satellite":"N","instrument":"VIIRS","confidence":"n","version":"2.0NRT","bright_ti5":"284.25","frp":"4.31","daynight":"N","commune":"Grande-Synthe","code_insee":"59271","departement":"Nord","region":"Hauts-de-France","forest":false}},{"type":"Feature","geometry":{"type":"Point","coordinates":[2.2957,51.04654]},"properties":{"latitude":"51.04654","longitude":"2.2957","bright_ti4":"329.79","scan":"0.45","track":"0.63","acq_date":"2026-07-22","acq_time":"105","satellite":"N","instrument":"VIIRS","confidence":"n","version":"2.0NRT","bright_ti5":"285.76","frp":"3.42","daynight":"N","commune":"Grande-Synthe","code_insee":"59271","departement":"Nord","region":"Hauts-de-France","forest":false}},{"type":"Feature","geometry":{"type":"Point","coordinates":[2.28903,51.04666]},"properties":{"latitude":"51.04666","longitude":"2.28903","bright_ti4":"295.04","scan":"0.45","track":"0.63","acq_date":"2026-07-22","acq_time":"105","satellite":"N","instrument":"VIIRS","confidence":"n","version":"2.0NRT","bright_ti5":"284.57","frp":"2.97","daynight":"N","commune":"Grande-Synthe","code_insee":"59271","departement":"Nord","region":"Hauts-de-France","forest":false}},{"type":"Feature","geometry":{"type":"Point","coordinates":[2.32027,51.04928]},"properties":{"latitude":"51.04928","longitude":"2.32027","bright_ti4":"300.68","scan":"0.45","track":"0.63","acq_date":"2026-07-22","acq_time":"105","satellite":"N","instrument":"VIIRS","confidence":"n","version":"2.0NRT","bright_ti5":"285.99","frp":"1.87","daynight":"N","commune":"Dunkerque","code_insee":"59183","departement":"Nord","region":"Hauts-de-France","forest":false}},{"type":"Feature","geometry":{"type":"Point","coordinates":[0.15467,46.80456]},"properties":{"latitude":"46.80456","longitude":"0.15467","bright_ti4":"299.39","scan":"0.54","track":"0.68","acq_date":"2026-07-22","acq_time":"107","satellite":"N","instrument":"VIIRS","confidence":"n","version":"2.0NRT","bright_ti5":"284.78","frp":"1.33","daynight":"N","commune":"Chouppes","code_insee":"86075","departement":"Vienne","region":"Nouvelle-Aquitaine","forest":false}},{"type":"Feature","geometry":{"type":"Point","coordinates":[0.15653,46.80909]},"properties":{"latitude":"46.80909","longitude":"0.15653","bright_ti4":"309.15","scan":"0.54","track":"0.68","acq_date":"2026-07-22","acq_time":"107","satellite":"N","instrument":"VIIRS","confidence":"n","version":"2.0NRT","bright_ti5":"285","frp":"2.31","daynight":"N","commune":"Chouppes","code_insee":"86075","departement":"Vienne","region":"Nouvelle-Aquitaine","forest":false}},{"type":"Feature","geometry":{"type":"Point","coordinates":[0.15483,46.81091]},"properties":{"latitude":"46.81091","longitude":"0.15483","bright_ti4":"313.11","scan":"0.54","track":"0.68","acq_date":"2026-07-22","acq_time":"107","satellite":"N","instrument":"VIIRS","confidence":"n","version":"2.0NRT","bright_ti5":"285.17","frp":"1.76","daynight":"N","commune":"Chouppes","code_insee":"86075","departement":"Vienne","region":"Nouvelle-Aquitaine","forest":false}},{"type":"Feature","geometry":{"type":"Point","coordinates":[2.12378,48.18815]},"properties":{"latitude":"48.18815","longitude":"2.12378","bright_ti4":"338.53","scan":"0.44","track":"0.62","acq_date":"2026-07-22","acq_time":"107","satellite":"N","instrument":"VIIRS","confidence":"n","version":"2.0NRT","bright_ti5":"285.23","frp":"5.24","daynight":"N","commune":"Greneville-en-Beauce","code_insee":"45160","departement":"Loiret","region":"Centre-Val de Loire","forest":false}},{"type":"Feature","geometry":{"type":"Point","coordinates":[2.11768,48.18829]},"properties":{"latitude":"48.18829","longitude":"2.11768","bright_ti4":"331.49","scan":"0.44","track":"0.62","acq_date":"2026-07-22","acq_time":"107","satellite":"N","instrument":"VIIRS","confidence":"n","version":"2.0NRT","bright_ti5":"284.58","frp":"6.82","daynight":"N","commune":"Greneville-en-Beauce","code_insee":"45160","departement":"Loiret","region":"Centre-Val de Loire","forest":false}},{"type":"Feature","geometry":{"type":"Point","coordinates":[2.93893,48.58844]},"properties":{"latitude":"48.58844","longitude":"2.93893","bright_ti4":"297.94","scan":"0.41","track":"0.6","acq_date":"2026-07-22","acq_time":"107","satellite":"N","instrument":"VIIRS","confidence":"n","version":"2.0NRT","bright_ti5":"285.42","frp":"0.31","daynight":"N","commune":"Grandpuits-Bailly-Carrois","code_insee":"77211","departement":"Seine-et-Marne","region":"Île-de-France","forest":false}},{"type":"Feature","geometry":{"type":"Point","coordinates":[2.32612,48.61641]},"properties":{"latitude":"48.61641","longitude":"2.32612","bright_ti4":"342.09","scan":"0.43","track":"0.62","acq_date":"2026-07-22","acq_time":"107","satellite":"N","instrument":"VIIRS","confidence":"n","version":"2.0NRT","bright_ti5":"285.7","frp":"5.81","daynight":"N","commune":"Le Plessis-Pâté","code_insee":"91494","departement":"Essonne","region":"Île-de-France","forest":false}},{"type":"Feature","geometry":{"type":"Point","coordinates":[2.33257,48.62207]},"properties":{"latitude":"48.62207","longitude":"2.33257","bright_ti4":"298.56","scan":"0.43","track":"0.62","acq_date":"2026-07-22","acq_time":"107","satellite":"N","instrument":"VIIRS","confidence":"n","version":"2.0NRT","bright_ti5":"285.63","frp":"4.78","daynight":"N","commune":"Saint-Michel-sur-Orge","code_insee":"91570","departement":"Essonne","region":"Île-de-France","forest":false}},{"type":"Feature","geometry":{"type":"Point","coordinates":[2.32646,48.62222]},"properties":{"latitude":"48.62222","longitude":"2.32646","bright_ti4":"367","scan":"0.43","track":"0.62","acq_date":"2026-07-22","acq_time":"107","satellite":"N","instrument":"VIIRS","confidence":"h","version":"2.0NRT","bright_ti5":"288.74","frp":"12.68","daynight":"N","commune":"Saint-Michel-sur-Orge","code_insee":"91570","departement":"Essonne","region":"Île-de-France","forest":false}},{"type":"Feature","geometry":{"type":"Point","coordinates":[6.96447,48.6922]},"properties":{"latitude":"48.6922","longitude":"6.96447","bright_ti4":"297.5","scan":"0.53","track":"0.5","acq_date":"2026-07-22","acq_time":"107","satellite":"N","instrument":"VIIRS","confidence":"n","version":"2.0NRT","bright_ti5":"283.8","frp":"0.89","daynight":"N","commune":"Héming","code_insee":"57314","departement":"Moselle","region":"Grand Est","forest":false}},{"type":"Feature","geometry":{"type":"Point","coordinates":[5.01522,43.37753]},"properties":{"latitude":"43.37753","longitude":"5.01522","bright_ti4":"307.25","scan":"0.44","track":"0.63","acq_date":"2026-07-22","acq_time":"245","satellite":"N","instrument":"VIIRS","confidence":"n","version":"2.0NRT","bright_ti5":"292.54","frp":"0.98","daynight":"N","commune":"Martigues","code_insee":"13056","departement":"Bouches-du-Rhône","region":"Provence-Alpes-Côte d'Azur","forest":false}},{"type":"Feature","geometry":{"type":"Point","coordinates":[5.01268,43.378]},"properties":{"latitude":"43.378","longitude":"5.01268","bright_ti4":"320.61","scan":"0.44","track":"0.63","acq_date":"2026-07-22","acq_time":"245","satellite":"N","instrument":"VIIRS","confidence":"n","version":"2.0NRT","bright_ti5":"293.66","frp":"1.31","daynight":"N","commune":"Martigues","code_insee":"13056","departement":"Bouches-du-Rhône","region":"Provence-Alpes-Côte d'Azur","forest":false}},{"type":"Feature","geometry":{"type":"Point","coordinates":[5.01014,43.37905]},"properties":{"latitude":"43.37905","longitude":"5.01014","bright_ti4":"305.78","scan":"0.44","track":"0.63","acq_date":"2026-07-22","acq_time":"245","satellite":"N","instrument":"VIIRS","confidence":"n","version":"2.0NRT","bright_ti5":"293.53","frp":"1.25","daynight":"N","commune":"Martigues","code_insee":"13056","departement":"Bouches-du-Rhône","region":"Provence-Alpes-Côte d'Azur","forest":false}},{"type":"Feature","geometry":{"type":"Point","coordinates":[4.88731,43.435]},"properties":{"latitude":"43.435","longitude":"4.88731","bright_ti4":"317.23","scan":"0.44","track":"0.62","acq_date":"2026-07-22","acq_time":"245","satellite":"N","instrument":"VIIRS","confidence":"n","version":"2.0NRT","bright_ti5":"294.95","frp":"2.51","daynight":"N","commune":"Fos-sur-Mer","code_insee":"13039","departement":"Bouches-du-Rhône","region":"Provence-Alpes-Côte d'Azur","forest":false}},{"type":"Feature","geometry":{"type":"Point","coordinates":[4.88526,43.44192]},"properties":{"latitude":"43.44192","longitude":"4.88526","bright_ti4":"302.95","scan":"0.44","track":"0.62","acq_date":"2026-07-22","acq_time":"245","satellite":"N","instrument":"VIIRS","confidence":"n","version":"2.0NRT","bright_ti5":"292.63","frp":"3.92","daynight":"N","commune":"Fos-sur-Mer","code_insee":"13039","departement":"Bouches-du-Rhône","region":"Provence-Alpes-Côte d'Azur","forest":false}},{"type":"Feature","geometry":{"type":"Point","coordinates":[4.89344,43.44576]},"properties":{"latitude":"43.44576","longitude":"4.89344","bright_ti4":"313.26","scan":"0.44","track":"0.62","acq_date":"2026-07-22","acq_time":"245","satellite":"N","instrument":"VIIRS","confidence":"n","version":"2.0NRT","bright_ti5":"292.95","frp":"1.1","daynight":"N","commune":"Fos-sur-Mer","code_insee":"13039","departement":"Bouches-du-Rhône","region":"Provence-Alpes-Côte d'Azur","forest":false}},{"type":"Feature","geometry":{"type":"Point","coordinates":[6.14772,43.51222]},"properties":{"latitude":"43.51222","longitude":"6.14772","bright_ti4":"304.74","scan":"0.5","track":"0.65","acq_date":"2026-07-22","acq_time":"245","satellite":"N","instrument":"VIIRS","confidence":"n","version":"2.0NRT","bright_ti5":"293.26","frp":"1.87","daynight":"N","commune":"Cotignac","code_insee":"83046","departement":"Var","region":"Provence-Alpes-Côte d'Azur","forest":false}},{"type":"Feature","geometry":{"type":"Point","coordinates":[3.86359,43.56918]},"properties":{"latitude":"43.56918","longitude":"3.86359","bright_ti4":"303.11","scan":"0.39","track":"0.59","acq_date":"2026-07-22","acq_time":"245","satellite":"N","instrument":"VIIRS","confidence":"n","version":"2.0NRT","bright_ti5":"292.04","frp":"0.68","daynight":"N","commune":"Lattes","code_insee":"34129","departement":"Hérault","region":"Occitanie","forest":false}},{"type":"Feature","geometry":{"type":"Point","coordinates":[5.66574,45.2303]},"properties":{"latitude":"45.2303","longitude":"5.66574","bright_ti4":"303.67","scan":"0.42","track":"0.61","acq_date":"2026-07-22","acq_time":"245","satellite":"N","instrument":"VIIRS","confidence":"n","version":"2.0NRT","bright_ti5":"288.07","frp":"0.78","daynight":"N","commune":"Saint-Égrève","code_insee":"38382","departement":"Isère","region":"Auvergne-Rhône-Alpes","forest":false}},{"type":"Feature","geometry":{"type":"Point","coordinates":[0.15723,46.8055]},"properties":{"latitude":"46.8055","longitude":"0.15723","bright_ti4":"297.96","scan":"0.43","track":"0.46","acq_date":"2026-07-22","acq_time":"245","satellite":"N","instrument":"VIIRS","confidence":"n","version":"2.0NRT","bright_ti5":"285.47","frp":"3.93","daynight":"N","commune":"Chouppes","code_insee":"86075","departement":"Vienne","region":"Nouvelle-Aquitaine","forest":false}},{"type":"Feature","geometry":{"type":"Point","coordinates":[0.15391,46.81083]},"properties":{"latitude":"46.81083","longitude":"0.15391","bright_ti4":"337.72","scan":"0.43","track":"0.46","acq_date":"2026-07-22","acq_time":"245","satellite":"N","instrument":"VIIRS","confidence":"n","version":"2.0NRT","bright_ti5":"287.83","frp":"5.11","daynight":"N","commune":"Chouppes","code_insee":"86075","departement":"Vienne","region":"Nouvelle-Aquitaine","forest":false}},{"type":"Feature","geometry":{"type":"Point","coordinates":[1.50428,48.37432]},"properties":{"latitude":"48.37432","longitude":"1.50428","bright_ti4":"300.56","scan":"0.45","track":"0.47","acq_date":"2026-07-22","acq_time":"245","satellite":"N","instrument":"VIIRS","confidence":"n","version":"2.0NRT","bright_ti5":"283.92","frp":"1.19","daynight":"N","commune":"Corancez","code_insee":"28107","departement":"Eure-et-Loir","region":"Centre-Val de Loire","forest":false}},{"type":"Feature","geometry":{"type":"Point","coordinates":[2.32517,48.61874]},"properties":{"latitude":"48.61874","longitude":"2.32517","bright_ti4":"296.24","scan":"0.48","track":"0.48","acq_date":"2026-07-22","acq_time":"245","satellite":"N","instrument":"VIIRS","confidence":"n","version":"2.0NRT","bright_ti5":"285.71","frp":"0.54","daynight":"N","commune":"Brétigny-sur-Orge","code_insee":"91103","departement":"Essonne","region":"Île-de-France","forest":false}},{"type":"Feature","geometry":{"type":"Point","coordinates":[4.56126,48.76845]},"properties":{"latitude":"48.76845","longitude":"4.56126","bright_ti4":"296.04","scan":"0.59","track":"0.53","acq_date":"2026-07-22","acq_time":"245","satellite":"N","instrument":"VIIRS","confidence":"n","version":"2.0NRT","bright_ti5":"284.81","frp":"1.19","daynight":"N","commune":"Couvrot","code_insee":"51195","departement":"Marne","region":"Grand Est","forest":false}},{"type":"Feature","geometry":{"type":"Point","coordinates":[2.95547,49.09595]},"properties":{"latitude":"49.09595","longitude":"2.95547","bright_ti4":"299.02","scan":"0.49","track":"0.49","acq_date":"2026-07-22","acq_time":"245","satellite":"N","instrument":"VIIRS","confidence":"n","version":"2.0NRT","bright_ti5":"283.24","frp":"0.97","daynight":"N","commune":"Acy-en-Multien","code_insee":"60005","departement":"Oise","region":"Hauts-de-France","forest":false}},{"type":"Feature","geometry":{"type":"Point","coordinates":[6.05155,49.33607]},"properties":{"latitude":"49.33607","longitude":"6.05155","bright_ti4":"298.45","scan":"0.33","track":"0.55","acq_date":"2026-07-22","acq_time":"245","satellite":"N","instrument":"VIIRS","confidence":"n","version":"2.0NRT","bright_ti5":"282.77","frp":"0.41","daynight":"N","commune":"Nilvange","code_insee":"57508","departement":"Moselle","region":"Grand Est","forest":false}},{"type":"Feature","geometry":{"type":"Point","coordinates":[0.53322,49.47906]},"properties":{"latitude":"49.47906","longitude":"0.53322","bright_ti4":"303.48","scan":"0.39","track":"0.44","acq_date":"2026-07-22","acq_time":"245","satellite":"N","instrument":"VIIRS","confidence":"n","version":"2.0NRT","bright_ti5":"285.91","frp":"1.84","daynight":"N","commune":"Port-Jérôme-sur-Seine","code_insee":"76476","departement":"Seine-Maritime","region":"Normandie","forest":false}},{"type":"Feature","geometry":{"type":"Point","coordinates":[3.56145,50.40338]},"properties":{"latitude":"50.40338","longitude":"3.56145","bright_ti4":"308.29","scan":"0.48","track":"0.48","acq_date":"2026-07-22","acq_time":"245","satellite":"N","instrument":"VIIRS","confidence":"n","version":"2.0NRT","bright_ti5":"284.7","frp":"1.6","daynight":"N","commune":"Saint-Saulve","code_insee":"59544","departement":"Nord","region":"Hauts-de-France","forest":false}},{"type":"Feature","geometry":{"type":"Point","coordinates":[1.89661,50.97201]},"properties":{"latitude":"50.97201","longitude":"1.89661","bright_ti4":"296.52","scan":"0.4","track":"0.44","acq_date":"2026-07-22","acq_time":"245","satellite":"N","instrument":"VIIRS","confidence":"n","version":"2.0NRT","bright_ti5":"285.48","frp":"0.44","daynight":"N","commune":"Calais","code_insee":"62193","departement":"Pas-de-Calais","region":"Hauts-de-France","forest":false}},{"type":"Feature","geometry":{"type":"Point","coordinates":[2.28244,51.02362]},"properties":{"latitude":"51.02362","longitude":"2.28244","bright_ti4":"296.74","scan":"0.41","track":"0.45","acq_date":"2026-07-22","acq_time":"245","satellite":"N","instrument":"VIIRS","confidence":"n","version":"2.0NRT","bright_ti5":"285.73","frp":"0.43","daynight":"N","commune":"Grande-Synthe","code_insee":"59271","departement":"Nord","region":"Hauts-de-France","forest":false}},{"type":"Feature","geometry":{"type":"Point","coordinates":[2.27125,51.02633]},"properties":{"latitude":"51.02633","longitude":"2.27125","bright_ti4":"314.22","scan":"0.41","track":"0.45","acq_date":"2026-07-22","acq_time":"245","satellite":"N","instrument":"VIIRS","confidence":"n","version":"2.0NRT","bright_ti5":"286.68","frp":"1.37","daynight":"N","commune":"Grande-Synthe","code_insee":"59271","departement":"Nord","region":"Hauts-de-France","forest":false}},{"type":"Feature","geometry":{"type":"Point","coordinates":[2.28722,51.03145]},"properties":{"latitude":"51.03145","longitude":"2.28722","bright_ti4":"310.37","scan":"0.41","track":"0.45","acq_date":"2026-07-22","acq_time":"245","satellite":"N","instrument":"VIIRS","confidence":"n","version":"2.0NRT","bright_ti5":"286.47","frp":"1.42","daynight":"N","commune":"Grande-Synthe","code_insee":"59271","departement":"Nord","region":"Hauts-de-France","forest":false}},{"type":"Feature","geometry":{"type":"Point","coordinates":[2.27603,51.03416]},"properties":{"latitude":"51.03416","longitude":"2.27603","bright_ti4":"315.24","scan":"0.41","track":"0.45","acq_date":"2026-07-22","acq_time":"245","satellite":"N","instrument":"VIIRS","confidence":"n","version":"2.0NRT","bright_ti5":"286.11","frp":"3.61","daynight":"N","commune":"Grande-Synthe","code_insee":"59271","departement":"Nord","region":"Hauts-de-France","forest":false}},{"type":"Feature","geometry":{"type":"Point","coordinates":[2.28962,51.03536]},"properties":{"latitude":"51.03536","longitude":"2.28962","bright_ti4":"330.66","scan":"0.41","track":"0.45","acq_date":"2026-07-22","acq_time":"245","satellite":"N","instrument":"VIIRS","confidence":"n","version":"2.0NRT","bright_ti5":"288.26","frp":"1.42","daynight":"N","commune":"Grande-Synthe","code_insee":"59271","departement":"Nord","region":"Hauts-de-France","forest":false}},{"type":"Feature","geometry":{"type":"Point","coordinates":[2.30003,51.04182]},"properties":{"latitude":"51.04182","longitude":"2.30003","bright_ti4":"299.11","scan":"0.41","track":"0.45","acq_date":"2026-07-22","acq_time":"245","satellite":"N","instrument":"VIIRS","confidence":"n","version":"2.0NRT","bright_ti5":"287.05","frp":"3.48","daynight":"N","commune":"Grande-Synthe","code_insee":"59271","departement":"Nord","region":"Hauts-de-France","forest":false}},{"type":"Feature","geometry":{"type":"Point","coordinates":[2.29442,51.04318]},"properties":{"latitude":"51.04318","longitude":"2.29442","bright_ti4":"345.92","scan":"0.41","track":"0.45","acq_date":"2026-07-22","acq_time":"245","satellite":"N","instrument":"VIIRS","confidence":"n","version":"2.0NRT","bright_ti5":"289.4","frp":"3.48","daynight":"N","commune":"Grande-Synthe","code_insee":"59271","departement":"Nord","region":"Hauts-de-France","forest":false}},{"type":"Feature","geometry":{"type":"Point","coordinates":[2.30243,51.04574]},"properties":{"latitude":"51.04574","longitude":"2.30243","bright_ti4":"300.34","scan":"0.41","track":"0.45","acq_date":"2026-07-22","acq_time":"245","satellite":"N","instrument":"VIIRS","confidence":"n","version":"2.0NRT","bright_ti5":"286.08","frp":"3.78","daynight":"N","commune":"Grande-Synthe","code_insee":"59271","departement":"Nord","region":"Hauts-de-France","forest":false}},{"type":"Feature","geometry":{"type":"Point","coordinates":[2.29683,51.04709]},"properties":{"latitude":"51.04709","longitude":"2.29683","bright_ti4":"348.41","scan":"0.41","track":"0.45","acq_date":"2026-07-22","acq_time":"245","satellite":"N","instrument":"VIIRS","confidence":"n","version":"2.0NRT","bright_ti5":"288.81","frp":"3.78","daynight":"N","commune":"Grande-Synthe","code_insee":"59271","departement":"Nord","region":"Hauts-de-France","forest":false}},{"type":"Feature","geometry":{"type":"Point","coordinates":[2.3241,51.04949]},"properties":{"latitude":"51.04949","longitude":"2.3241","bright_ti4":"297.77","scan":"0.41","track":"0.45","acq_date":"2026-07-22","acq_time":"245","satellite":"N","instrument":"VIIRS","confidence":"n","version":"2.0NRT","bright_ti5":"286.81","frp":"0.59","daynight":"N","commune":"Dunkerque","code_insee":"59183","departement":"Nord","region":"Hauts-de-France","forest":false}},{"type":"Feature","geometry":{"type":"Point","coordinates":[9.35393,42.7014]},"properties":{"latitude":"42.7014","longitude":"9.35393","bright_ti4":"339.28","scan":"0.39","track":"0.36","acq_date":"2026-07-22","acq_time":"1229","satellite":"N","instrument":"VIIRS","confidence":"l","version":"2.0NRT","bright_ti5":"311.66","frp":"7.25","daynight":"D","commune":"Patrimonio","code_insee":"2B205","departement":"Haute-Corse","region":"Corse","forest":false}},{"type":"Feature","geometry":{"type":"Point","coordinates":[4.96519,43.52226]},"properties":{"latitude":"43.52226","longitude":"4.96519","bright_ti4":"341.25","scan":"0.41","track":"0.37","acq_date":"2026-07-22","acq_time":"1232","satellite":"N","instrument":"VIIRS","confidence":"l","version":"2.0NRT","bright_ti5":"314.46","frp":"4.45","daynight":"D","commune":"Istres","code_insee":"13047","departement":"Bouches-du-Rhône","region":"Provence-Alpes-Côte d'Azur","forest":false}},{"type":"Feature","geometry":{"type":"Point","coordinates":[4.19027,48.89639]},"properties":{"latitude":"48.89639","longitude":"4.19027","bright_ti4":"343.04","scan":"0.39","track":"0.36","acq_date":"2026-07-22","acq_time":"1232","satellite":"N","instrument":"VIIRS","confidence":"n","version":"2.0NRT","bright_ti5":"304.43","frp":"3.61","daynight":"D","commune":"Germinon","code_insee":"51268","departement":"Marne","region":"Grand Est","forest":false}},{"type":"Feature","geometry":{"type":"Point","coordinates":[3.2679,50.12651]},"properties":{"latitude":"50.12651","longitude":"3.2679","bright_ti4":"338.03","scan":"0.39","track":"0.36","acq_date":"2026-07-22","acq_time":"1232","satellite":"N","instrument":"VIIRS","confidence":"n","version":"2.0NRT","bright_ti5":"291.06","frp":"3.64","daynight":"D","commune":"Séranvillers-Forenville","code_insee":"59567","departement":"Nord","region":"Hauts-de-France","forest":false}},{"type":"Feature","geometry":{"type":"Point","coordinates":[3.26653,50.12979]},"properties":{"latitude":"50.12979","longitude":"3.26653","bright_ti4":"335.05","scan":"0.39","track":"0.36","acq_date":"2026-07-22","acq_time":"1232","satellite":"N","instrument":"VIIRS","confidence":"n","version":"2.0NRT","bright_ti5":"289.86","frp":"4.57","daynight":"D","commune":"Séranvillers-Forenville","code_insee":"59567","departement":"Nord","region":"Hauts-de-France","forest":false}},{"type":"Feature","geometry":{"type":"Point","coordinates":[0.15993,46.80617]},"properties":{"latitude":"46.80617","longitude":"0.15993","bright_ti4":"367","scan":"0.69","track":"0.74","acq_date":"2026-07-22","acq_time":"1414","satellite":"N","instrument":"VIIRS","confidence":"h","version":"2.0NRT","bright_ti5":"299.16","frp":"12.84","daynight":"D","commune":"Chouppes","code_insee":"86075","departement":"Vienne","region":"Nouvelle-Aquitaine","forest":false}},{"type":"Feature","geometry":{"type":"Point","coordinates":[0.16018,46.81016]},"properties":{"latitude":"46.81016","longitude":"0.16018","bright_ti4":"352.54","scan":"0.69","track":"0.74","acq_date":"2026-07-22","acq_time":"1414","satellite":"N","instrument":"VIIRS","confidence":"n","version":"2.0NRT","bright_ti5":"298.7","frp":"5.99","daynight":"D","commune":"Chouppes","code_insee":"86075","departement":"Vienne","region":"Nouvelle-Aquitaine","forest":false}},{"type":"Feature","geometry":{"type":"Point","coordinates":[1.3238,48.68434]},"properties":{"latitude":"48.68434","longitude":"1.3238","bright_ti4":"352.87","scan":"0.78","track":"0.78","acq_date":"2026-07-22","acq_time":"1414","satellite":"N","instrument":"VIIRS","confidence":"n","version":"2.0NRT","bright_ti5":"306.01","frp":"69.81","daynight":"D","commune":"Tréon","code_insee":"28394","departement":"Eure-et-Loir","region":"Centre-Val de Loire","forest":false}},{"type":"Feature","geometry":{"type":"Point","coordinates":[-2.05699,47.32043]},"properties":{"latitude":"47.32043","longitude":"-2.05699","bright_ti4":"296.24","scan":"0.35","track":"0.57","acq_date":"2026-07-22","acq_time":"124","satellite":"N20","instrument":"VIIRS","confidence":"n","version":"2.0NRT","bright_ti5":"284.68","frp":"0.08","daynight":"N","commune":"Donges","code_insee":"44052","departement":"Loire-Atlantique","region":"Pays de la Loire","forest":false}},{"type":"Feature","geometry":{"type":"Point","coordinates":[2.12354,48.18757]},"properties":{"latitude":"48.18757","longitude":"2.12354","bright_ti4":"305.17","scan":"0.45","track":"0.47","acq_date":"2026-07-22","acq_time":"124","satellite":"N20","instrument":"VIIRS","confidence":"n","version":"2.0NRT","bright_ti5":"284.74","frp":"2.55","daynight":"N","commune":"Greneville-en-Beauce","code_insee":"45160","departement":"Loiret","region":"Centre-Val de Loire","forest":false}},{"type":"Feature","geometry":{"type":"Point","coordinates":[2.12471,48.18889]},"properties":{"latitude":"48.18889","longitude":"2.12471","bright_ti4":"335.45","scan":"0.46","track":"0.47","acq_date":"2026-07-22","acq_time":"124","satellite":"N20","instrument":"VIIRS","confidence":"n","version":"2.0NRT","bright_ti5":"285.81","frp":"3.01","daynight":"N","commune":"Greneville-en-Beauce","code_insee":"45160","departement":"Loiret","region":"Centre-Val de Loire","forest":false}},{"type":"Feature","geometry":{"type":"Point","coordinates":[2.12431,48.19189]},"properties":{"latitude":"48.19189","longitude":"2.12431","bright_ti4":"332.71","scan":"0.45","track":"0.47","acq_date":"2026-07-22","acq_time":"124","satellite":"N20","instrument":"VIIRS","confidence":"n","version":"2.0NRT","bright_ti5":"285.79","frp":"2.55","daynight":"N","commune":"Greneville-en-Beauce","code_insee":"45160","departement":"Loiret","region":"Centre-Val de Loire","forest":false}},{"type":"Feature","geometry":{"type":"Point","coordinates":[2.1255,48.19321]},"properties":{"latitude":"48.19321","longitude":"2.1255","bright_ti4":"318.81","scan":"0.46","track":"0.47","acq_date":"2026-07-22","acq_time":"124","satellite":"N20","instrument":"VIIRS","confidence":"n","version":"2.0NRT","bright_ti5":"285.08","frp":"3.01","daynight":"N","commune":"Greneville-en-Beauce","code_insee":"45160","departement":"Loiret","region":"Centre-Val de Loire","forest":false}},{"type":"Feature","geometry":{"type":"Point","coordinates":[1.50804,48.37563]},"properties":{"latitude":"48.37563","longitude":"1.50804","bright_ti4":"316.09","scan":"0.49","track":"0.48","acq_date":"2026-07-22","acq_time":"124","satellite":"N20","instrument":"VIIRS","confidence":"n","version":"2.0NRT","bright_ti5":"284.46","frp":"2.16","daynight":"N","commune":"Corancez","code_insee":"28107","departement":"Eure-et-Loir","region":"Centre-Val de Loire","forest":false}},{"type":"Feature","geometry":{"type":"Point","coordinates":[2.32778,48.62101]},"properties":{"latitude":"48.62101","longitude":"2.32778","bright_ti4":"338.89","scan":"0.45","track":"0.47","acq_date":"2026-07-22","acq_time":"124","satellite":"N20","instrument":"VIIRS","confidence":"n","version":"2.0NRT","bright_ti5":"290.61","frp":"15.75","daynight":"N","commune":"Saint-Michel-sur-Orge","code_insee":"91570","departement":"Essonne","region":"Île-de-France","forest":false}},{"type":"Feature","geometry":{"type":"Point","coordinates":[4.58864,48.66307]},"properties":{"latitude":"48.66307","longitude":"4.58864","bright_ti4":"299.97","scan":"0.54","track":"0.42","acq_date":"2026-07-22","acq_time":"124","satellite":"N20","instrument":"VIIRS","confidence":"n","version":"2.0NRT","bright_ti5":"284.04","frp":"1.39","daynight":"N","commune":"Blaise-sous-Arzillières","code_insee":"51066","departement":"Marne","region":"Grand Est","forest":false}},{"type":"Feature","geometry":{"type":"Point","coordinates":[6.96938,48.69248]},"properties":{"latitude":"48.69248","longitude":"6.96938","bright_ti4":"301.33","scan":"0.45","track":"0.39","acq_date":"2026-07-22","acq_time":"124","satellite":"N20","instrument":"VIIRS","confidence":"n","version":"2.0NRT","bright_ti5":"282.86","frp":"0.75","daynight":"N","commune":"Héming","code_insee":"57314","departement":"Moselle","region":"Grand Est","forest":false}},{"type":"Feature","geometry":{"type":"Point","coordinates":[6.05572,48.88617]},"properties":{"latitude":"48.88617","longitude":"6.05572","bright_ti4":"309.57","scan":"0.48","track":"0.4","acq_date":"2026-07-22","acq_time":"124","satellite":"N20","instrument":"VIIRS","confidence":"n","version":"2.0NRT","bright_ti5":"286.4","frp":"1.3","daynight":"N","commune":"Blénod-lès-Pont-à-Mousson","code_insee":"54079","departement":"Meurthe-et-Moselle","region":"Grand Est","forest":false}},{"type":"Feature","geometry":{"type":"Point","coordinates":[6.05357,49.33292]},"properties":{"latitude":"49.33292","longitude":"6.05357","bright_ti4":"299.33","scan":"0.49","track":"0.4","acq_date":"2026-07-22","acq_time":"124","satellite":"N20","instrument":"VIIRS","confidence":"n","version":"2.0NRT","bright_ti5":"285.04","frp":"0.73","daynight":"N","commune":"Hayange","code_insee":"57306","departement":"Moselle","region":"Grand Est","forest":false}},{"type":"Feature","geometry":{"type":"Point","coordinates":[0.53725,49.47867]},"properties":{"latitude":"49.47867","longitude":"0.53725","bright_ti4":"299.75","scan":"0.55","track":"0.51","acq_date":"2026-07-22","acq_time":"124","satellite":"N20","instrument":"VIIRS","confidence":"n","version":"2.0NRT","bright_ti5":"285.47","frp":"1.7","daynight":"N","commune":"Port-Jérôme-sur-Seine","code_insee":"76476","departement":"Seine-Maritime","region":"Normandie","forest":false}},{"type":"Feature","geometry":{"type":"Point","coordinates":[3.47498,49.68757]},"properties":{"latitude":"49.68757","longitude":"3.47498","bright_ti4":"304.24","scan":"0.41","track":"0.45","acq_date":"2026-07-22","acq_time":"124","satellite":"N20","instrument":"VIIRS","confidence":"n","version":"2.0NRT","bright_ti5":"282.9","frp":"0.96","daynight":"N","commune":"Nouvion-et-Catillon","code_insee":"02559","departement":"Aisne","region":"Hauts-de-France","forest":false}},{"type":"Feature","geometry":{"type":"Point","coordinates":[3.47584,49.68919]},"properties":{"latitude":"49.68919","longitude":"3.47584","bright_ti4":"299.1","scan":"0.41","track":"0.45","acq_date":"2026-07-22","acq_time":"124","satellite":"N20","instrument":"VIIRS","confidence":"n","version":"2.0NRT","bright_ti5":"282.37","frp":"0.47","daynight":"N","commune":"Nouvion-et-Catillon","code_insee":"02559","departement":"Aisne","region":"Hauts-de-France","forest":false}},{"type":"Feature","geometry":{"type":"Point","coordinates":[2.28457,51.02998]},"properties":{"latitude":"51.02998","longitude":"2.28457","bright_ti4":"295.75","scan":"0.48","track":"0.48","acq_date":"2026-07-22","acq_time":"124","satellite":"N20","instrument":"VIIRS","confidence":"n","version":"2.0NRT","bright_ti5":"285.32","frp":"1.77","daynight":"N","commune":"Grande-Synthe","code_insee":"59271","departement":"Nord","region":"Hauts-de-France","forest":false}},{"type":"Feature","geometry":{"type":"Point","coordinates":[2.28537,51.0344]},"properties":{"latitude":"51.0344","longitude":"2.28537","bright_ti4":"328.38","scan":"0.48","track":"0.48","acq_date":"2026-07-22","acq_time":"124","satellite":"N20","instrument":"VIIRS","confidence":"n","version":"2.0NRT","bright_ti5":"287.79","frp":"1.77","daynight":"N","commune":"Grande-Synthe","code_insee":"59271","departement":"Nord","region":"Hauts-de-France","forest":false}},{"type":"Feature","geometry":{"type":"Point","coordinates":[2.30073,51.04228]},"properties":{"latitude":"51.04228","longitude":"2.30073","bright_ti4":"295.4","scan":"0.48","track":"0.48","acq_date":"2026-07-22","acq_time":"124","satellite":"N20","instrument":"VIIRS","confidence":"n","version":"2.0NRT","bright_ti5":"285.04","frp":"1.26","daynight":"N","commune":"Grande-Synthe","code_insee":"59271","departement":"Nord","region":"Hauts-de-France","forest":false}},{"type":"Feature","geometry":{"type":"Point","coordinates":[2.29385,51.04277]},"properties":{"latitude":"51.04277","longitude":"2.29385","bright_ti4":"312.64","scan":"0.48","track":"0.48","acq_date":"2026-07-22","acq_time":"124","satellite":"N20","instrument":"VIIRS","confidence":"n","version":"2.0NRT","bright_ti5":"287.87","frp":"1.26","daynight":"N","commune":"Grande-Synthe","code_insee":"59271","departement":"Nord","region":"Hauts-de-France","forest":false}},{"type":"Feature","geometry":{"type":"Point","coordinates":[2.30044,51.04536]},"properties":{"latitude":"51.04536","longitude":"2.30044","bright_ti4":"301.64","scan":"0.48","track":"0.48","acq_date":"2026-07-22","acq_time":"124","satellite":"N20","instrument":"VIIRS","confidence":"n","version":"2.0NRT","bright_ti5":"286.04","frp":"2.97","daynight":"N","commune":"Grande-Synthe","code_insee":"59271","departement":"Nord","region":"Hauts-de-France","forest":false}},{"type":"Feature","geometry":{"type":"Point","coordinates":[2.29352,51.04582]},"properties":{"latitude":"51.04582","longitude":"2.29352","bright_ti4":"319.4","scan":"0.48","track":"0.48","acq_date":"2026-07-22","acq_time":"124","satellite":"N20","instrument":"VIIRS","confidence":"n","version":"2.0NRT","bright_ti5":"287.08","frp":"3.59","daynight":"N","commune":"Grande-Synthe","code_insee":"59271","departement":"Nord","region":"Hauts-de-France","forest":false}},{"type":"Feature","geometry":{"type":"Point","coordinates":[2.29462,51.0472]},"properties":{"latitude":"51.0472","longitude":"2.29462","bright_ti4":"315.12","scan":"0.48","track":"0.48","acq_date":"2026-07-22","acq_time":"124","satellite":"N20","instrument":"VIIRS","confidence":"n","version":"2.0NRT","bright_ti5":"287.96","frp":"3.04","daynight":"N","commune":"Grande-Synthe","code_insee":"59271","departement":"Nord","region":"Hauts-de-France","forest":false}},{"type":"Feature","geometry":{"type":"Point","coordinates":[9.05366,42.26543]},"properties":{"latitude":"42.26543","longitude":"9.05366","bright_ti4":"349.09","scan":"0.38","track":"0.36","acq_date":"2026-07-22","acq_time":"126","satellite":"N20","instrument":"VIIRS","confidence":"n","version":"2.0NRT","bright_ti5":"293.84","frp":"6.73","daynight":"N","commune":"Corte","code_insee":"2B096","departement":"Haute-Corse","region":"Corse","forest":false}},{"type":"Feature","geometry":{"type":"Point","coordinates":[9.04907,42.26617]},"properties":{"latitude":"42.26617","longitude":"9.04907","bright_ti4":"302.27","scan":"0.38","track":"0.36","acq_date":"2026-07-22","acq_time":"126","satellite":"N20","instrument":"VIIRS","confidence":"n","version":"2.0NRT","bright_ti5":"286.94","frp":"6.73","daynight":"N","commune":"Corte","code_insee":"2B096","departement":"Haute-Corse","region":"Corse","forest":false}},{"type":"Feature","geometry":{"type":"Point","coordinates":[9.06844,42.26648]},"properties":{"latitude":"42.26648","longitude":"9.06844","bright_ti4":"307.74","scan":"0.38","track":"0.36","acq_date":"2026-07-22","acq_time":"126","satellite":"N20","instrument":"VIIRS","confidence":"n","version":"2.0NRT","bright_ti5":"293.06","frp":"3.36","daynight":"N","commune":"Corte","code_insee":"2B096","departement":"Haute-Corse","region":"Corse","forest":false}},{"type":"Feature","geometry":{"type":"Point","coordinates":[5.00957,43.38007]},"properties":{"latitude":"43.38007","longitude":"5.00957","bright_ti4":"325.22","scan":"0.46","track":"0.39","acq_date":"2026-07-22","acq_time":"126","satellite":"N20","instrument":"VIIRS","confidence":"n","version":"2.0NRT","bright_ti5":"296.88","frp":"1.97","daynight":"N","commune":"Martigues","code_insee":"13056","departement":"Bouches-du-Rhône","region":"Provence-Alpes-Côte d'Azur","forest":false}},{"type":"Feature","geometry":{"type":"Point","coordinates":[4.88832,43.4324]},"properties":{"latitude":"43.4324","longitude":"4.88832","bright_ti4":"313.34","scan":"0.47","track":"0.39","acq_date":"2026-07-22","acq_time":"126","satellite":"N20","instrument":"VIIRS","confidence":"n","version":"2.0NRT","bright_ti5":"294.83","frp":"5.06","daynight":"N","commune":"Fos-sur-Mer","code_insee":"13039","departement":"Bouches-du-Rhône","region":"Provence-Alpes-Côte d'Azur","forest":false}},{"type":"Feature","geometry":{"type":"Point","coordinates":[4.89487,43.43533]},"properties":{"latitude":"43.43533","longitude":"4.89487","bright_ti4":"305.08","scan":"0.46","track":"0.39","acq_date":"2026-07-22","acq_time":"126","satellite":"N20","instrument":"VIIRS","confidence":"n","version":"2.0NRT","bright_ti5":"293.76","frp":"1.29","daynight":"N","commune":"Fos-sur-Mer","code_insee":"13039","departement":"Bouches-du-Rhône","region":"Provence-Alpes-Côte d'Azur","forest":false}},{"type":"Feature","geometry":{"type":"Point","coordinates":[4.88913,43.436]},"properties":{"latitude":"43.436","longitude":"4.88913","bright_ti4":"346.74","scan":"0.47","track":"0.39","acq_date":"2026-07-22","acq_time":"126","satellite":"N20","instrument":"VIIRS","confidence":"n","version":"2.0NRT","bright_ti5":"297.57","frp":"5.06","daynight":"N","commune":"Fos-sur-Mer","code_insee":"13039","departement":"Bouches-du-Rhône","region":"Provence-Alpes-Côte d'Azur","forest":false}},{"type":"Feature","geometry":{"type":"Point","coordinates":[4.88995,43.4396]},"properties":{"latitude":"43.4396","longitude":"4.88995","bright_ti4":"307.97","scan":"0.47","track":"0.39","acq_date":"2026-07-22","acq_time":"126","satellite":"N20","instrument":"VIIRS","confidence":"n","version":"2.0NRT","bright_ti5":"294.54","frp":"3.96","daynight":"N","commune":"Fos-sur-Mer","code_insee":"13039","departement":"Bouches-du-Rhône","region":"Provence-Alpes-Côte d'Azur","forest":false}},{"type":"Feature","geometry":{"type":"Point","coordinates":[4.88501,43.44387]},"properties":{"latitude":"43.44387","longitude":"4.88501","bright_ti4":"320.66","scan":"0.47","track":"0.39","acq_date":"2026-07-22","acq_time":"126","satellite":"N20","instrument":"VIIRS","confidence":"n","version":"2.0NRT","bright_ti5":"294.65","frp":"3.96","daynight":"N","commune":"Fos-sur-Mer","code_insee":"13039","departement":"Bouches-du-Rhône","region":"Provence-Alpes-Côte d'Azur","forest":false}},{"type":"Feature","geometry":{"type":"Point","coordinates":[4.89731,43.44613]},"properties":{"latitude":"43.44613","longitude":"4.89731","bright_ti4":"325.65","scan":"0.46","track":"0.39","acq_date":"2026-07-22","acq_time":"126","satellite":"N20","instrument":"VIIRS","confidence":"n","version":"2.0NRT","bright_ti5":"296.15","frp":"3.39","daynight":"N","commune":"Fos-sur-Mer","code_insee":"13039","departement":"Bouches-du-Rhône","region":"Provence-Alpes-Côte d'Azur","forest":false}},{"type":"Feature","geometry":{"type":"Point","coordinates":[6.13939,43.49884]},"properties":{"latitude":"43.49884","longitude":"6.13939","bright_ti4":"308.94","scan":"0.43","track":"0.38","acq_date":"2026-07-22","acq_time":"126","satellite":"N20","instrument":"VIIRS","confidence":"n","version":"2.0NRT","bright_ti5":"293.8","frp":"0.87","daynight":"N","commune":"Cotignac","code_insee":"83046","departement":"Var","region":"Provence-Alpes-Côte d'Azur","forest":false}},{"type":"Feature","geometry":{"type":"Point","coordinates":[6.15325,43.51128]},"properties":{"latitude":"43.51128","longitude":"6.15325","bright_ti4":"319.27","scan":"0.43","track":"0.38","acq_date":"2026-07-22","acq_time":"126","satellite":"N20","instrument":"VIIRS","confidence":"n","version":"2.0NRT","bright_ti5":"295.26","frp":"1.64","daynight":"N","commune":"Cotignac","code_insee":"83046","departement":"Var","region":"Provence-Alpes-Côte d'Azur","forest":false}},{"type":"Feature","geometry":{"type":"Point","coordinates":[6.1481,43.51195]},"properties":{"latitude":"43.51195","longitude":"6.1481","bright_ti4":"312.41","scan":"0.43","track":"0.38","acq_date":"2026-07-22","acq_time":"126","satellite":"N20","instrument":"VIIRS","confidence":"n","version":"2.0NRT","bright_ti5":"295.12","frp":"1.1","daynight":"N","commune":"Cotignac","code_insee":"83046","departement":"Var","region":"Provence-Alpes-Côte d'Azur","forest":false}},{"type":"Feature","geometry":{"type":"Point","coordinates":[4.41902,43.62014]},"properties":{"latitude":"43.62014","longitude":"4.41902","bright_ti4":"329.36","scan":"0.49","track":"0.4","acq_date":"2026-07-22","acq_time":"126","satellite":"N20","instrument":"VIIRS","confidence":"n","version":"2.0NRT","bright_ti5":"294.36","frp":"3.15","daynight":"N","commune":"Saint-Gilles","code_insee":"30258","departement":"Gard","region":"Occitanie","forest":false}},{"type":"Feature","geometry":{"type":"Point","coordinates":[4.76223,45.44337]},"properties":{"latitude":"45.44337","longitude":"4.76223","bright_ti4":"303.07","scan":"0.49","track":"0.41","acq_date":"2026-07-22","acq_time":"126","satellite":"N20","instrument":"VIIRS","confidence":"n","version":"2.0NRT","bright_ti5":"292.14","frp":"1.16","daynight":"N","commune":"Saint-Clair-du-Rhône","code_insee":"38378","departement":"Isère","region":"Auvergne-Rhône-Alpes","forest":false}},{"type":"Feature","geometry":{"type":"Point","coordinates":[-1.03513,48.10843]},"properties":{"latitude":"48.10843","longitude":"-1.03513","bright_ti4":"301.68","scan":"0.33","track":"0.56","acq_date":"2026-07-22","acq_time":"304","satellite":"N20","instrument":"VIIRS","confidence":"n","version":"2.0NRT","bright_ti5":"287.45","frp":"0.54","daynight":"N","commune":"Saint-Pierre-la-Cour","code_insee":"53247","departement":"Mayenne","region":"Pays de la Loire","forest":false}},{"type":"Feature","geometry":{"type":"Point","coordinates":[1.5052,48.37476]},"properties":{"latitude":"48.37476","longitude":"1.5052","bright_ti4":"296.96","scan":"0.42","track":"0.61","acq_date":"2026-07-22","acq_time":"304","satellite":"N20","instrument":"VIIRS","confidence":"n","version":"2.0NRT","bright_ti5":"283","frp":"0.51","daynight":"N","commune":"Corancez","code_insee":"28107","departement":"Eure-et-Loir","region":"Centre-Val de Loire","forest":false}},{"type":"Feature","geometry":{"type":"Point","coordinates":[1.50771,48.37559]},"properties":{"latitude":"48.37559","longitude":"1.50771","bright_ti4":"301.97","scan":"0.42","track":"0.61","acq_date":"2026-07-22","acq_time":"304","satellite":"N20","instrument":"VIIRS","confidence":"n","version":"2.0NRT","bright_ti5":"282.98","frp":"0.64","daynight":"N","commune":"Corancez","code_insee":"28107","departement":"Eure-et-Loir","region":"Centre-Val de Loire","forest":false}},{"type":"Feature","geometry":{"type":"Point","coordinates":[2.95702,49.10172]},"properties":{"latitude":"49.10172","longitude":"2.95702","bright_ti4":"308.97","scan":"0.46","track":"0.63","acq_date":"2026-07-22","acq_time":"304","satellite":"N20","instrument":"VIIRS","confidence":"n","version":"2.0NRT","bright_ti5":"284.1","frp":"1.35","daynight":"N","commune":"Acy-en-Multien","code_insee":"60005","departement":"Oise","region":"Hauts-de-France","forest":false}},{"type":"Feature","geometry":{"type":"Point","coordinates":[6.10186,49.32522]},"properties":{"latitude":"49.32522","longitude":"6.10186","bright_ti4":"297.32","scan":"0.6","track":"0.71","acq_date":"2026-07-22","acq_time":"304","satellite":"N20","instrument":"VIIRS","confidence":"n","version":"2.0NRT","bright_ti5":"281.46","frp":"0.67","daynight":"N","commune":"Serémange-Erzange","code_insee":"57647","departement":"Moselle","region":"Grand Est","forest":false}},{"type":"Feature","geometry":{"type":"Point","coordinates":[0.53712,49.47681]},"properties":{"latitude":"49.47681","longitude":"0.53712","bright_ti4":"304.49","scan":"0.35","track":"0.57","acq_date":"2026-07-22","acq_time":"304","satellite":"N20","instrument":"VIIRS","confidence":"n","version":"2.0NRT","bright_ti5":"285.45","frp":"0.96","daynight":"N","commune":"Port-Jérôme-sur-Seine","code_insee":"76476","departement":"Seine-Maritime","region":"Normandie","forest":false}},{"type":"Feature","geometry":{"type":"Point","coordinates":[2.27003,51.02591]},"properties":{"latitude":"51.02591","longitude":"2.27003","bright_ti4":"309.52","scan":"0.37","track":"0.58","acq_date":"2026-07-22","acq_time":"304","satellite":"N20","instrument":"VIIRS","confidence":"n","version":"2.0NRT","bright_ti5":"285.88","frp":"1.32","daynight":"N","commune":"Grande-Synthe","code_insee":"59271","departement":"Nord","region":"Hauts-de-France","forest":false}},{"type":"Feature","geometry":{"type":"Point","coordinates":[2.28702,51.03262]},"properties":{"latitude":"51.03262","longitude":"2.28702","bright_ti4":"319.84","scan":"0.37","track":"0.58","acq_date":"2026-07-22","acq_time":"304","satellite":"N20","instrument":"VIIRS","confidence":"n","version":"2.0NRT","bright_ti5":"286.5","frp":"1.84","daynight":"N","commune":"Grande-Synthe","code_insee":"59271","departement":"Nord","region":"Hauts-de-France","forest":false}},{"type":"Feature","geometry":{"type":"Point","coordinates":[2.27749,51.03555]},"properties":{"latitude":"51.03555","longitude":"2.27749","bright_ti4":"309.61","scan":"0.37","track":"0.58","acq_date":"2026-07-22","acq_time":"304","satellite":"N20","instrument":"VIIRS","confidence":"n","version":"2.0NRT","bright_ti5":"285.16","frp":"0.82","daynight":"N","commune":"Grande-Synthe","code_insee":"59271","departement":"Nord","region":"Hauts-de-France","forest":false}},{"type":"Feature","geometry":{"type":"Point","coordinates":[2.29079,51.03743]},"properties":{"latitude":"51.03743","longitude":"2.29079","bright_ti4":"319.01","scan":"0.37","track":"0.58","acq_date":"2026-07-22","acq_time":"304","satellite":"N20","instrument":"VIIRS","confidence":"n","version":"2.0NRT","bright_ti5":"286.73","frp":"1.84","daynight":"N","commune":"Grande-Synthe","code_insee":"59271","departement":"Nord","region":"Hauts-de-France","forest":false}},{"type":"Feature","geometry":{"type":"Point","coordinates":[2.29452,51.04225]},"properties":{"latitude":"51.04225","longitude":"2.29452","bright_ti4":"300.86","scan":"0.37","track":"0.58","acq_date":"2026-07-22","acq_time":"304","satellite":"N20","instrument":"VIIRS","confidence":"n","version":"2.0NRT","bright_ti5":"287","frp":"2.13","daynight":"N","commune":"Grande-Synthe","code_insee":"59271","departement":"Nord","region":"Hauts-de-France","forest":false}},{"type":"Feature","geometry":{"type":"Point","coordinates":[2.29828,51.04707]},"properties":{"latitude":"51.04707","longitude":"2.29828","bright_ti4":"342.27","scan":"0.37","track":"0.58","acq_date":"2026-07-22","acq_time":"304","satellite":"N20","instrument":"VIIRS","confidence":"n","version":"2.0NRT","bright_ti5":"288.03","frp":"2.13","daynight":"N","commune":"Grande-Synthe","code_insee":"59271","departement":"Nord","region":"Hauts-de-France","forest":false}},{"type":"Feature","geometry":{"type":"Point","coordinates":[0.15541,46.80495]},"properties":{"latitude":"46.80495","longitude":"0.15541","bright_ti4":"314.37","scan":"0.41","track":"0.61","acq_date":"2026-07-22","acq_time":"306","satellite":"N20","instrument":"VIIRS","confidence":"n","version":"2.0NRT","bright_ti5":"284.98","frp":"3.52","daynight":"N","commune":"Chouppes","code_insee":"86075","departement":"Vienne","region":"Nouvelle-Aquitaine","forest":false}},{"type":"Feature","geometry":{"type":"Point","coordinates":[0.15871,46.8101]},"properties":{"latitude":"46.8101","longitude":"0.15871","bright_ti4":"338","scan":"0.41","track":"0.61","acq_date":"2026-07-22","acq_time":"306","satellite":"N20","instrument":"VIIRS","confidence":"n","version":"2.0NRT","bright_ti5":"287.05","frp":"3.52","daynight":"N","commune":"Chouppes","code_insee":"86075","departement":"Vienne","region":"Nouvelle-Aquitaine","forest":false}},{"type":"Feature","geometry":{"type":"Point","coordinates":[0.15611,46.81049]},"properties":{"latitude":"46.81049","longitude":"0.15611","bright_ti4":"367","scan":"0.41","track":"0.61","acq_date":"2026-07-22","acq_time":"306","satellite":"N20","instrument":"VIIRS","confidence":"h","version":"2.0NRT","bright_ti5":"288","frp":"8.12","daynight":"N","commune":"Chouppes","code_insee":"86075","departement":"Vienne","region":"Nouvelle-Aquitaine","forest":false}},{"type":"Feature","geometry":{"type":"Point","coordinates":[0.15382,46.81158]},"properties":{"latitude":"46.81158","longitude":"0.15382","bright_ti4":"316.15","scan":"0.41","track":"0.61","acq_date":"2026-07-22","acq_time":"306","satellite":"N20","instrument":"VIIRS","confidence":"n","version":"2.0NRT","bright_ti5":"284.09","frp":"2.73","daynight":"N","commune":"Chouppes","code_insee":"86075","departement":"Vienne","region":"Nouvelle-Aquitaine","forest":false}},{"type":"Feature","geometry":{"type":"Point","coordinates":[-2.05255,47.31746]},"properties":{"latitude":"47.31746","longitude":"-2.05255","bright_ti4":"299.4","scan":"0.32","track":"0.55","acq_date":"2026-07-22","acq_time":"306","satellite":"N20","instrument":"VIIRS","confidence":"n","version":"2.0NRT","bright_ti5":"285.91","frp":"0.42","daynight":"N","commune":"Donges","code_insee":"44052","departement":"Loire-Atlantique","region":"Pays de la Loire","forest":false}},{"type":"Feature","geometry":{"type":"Point","coordinates":[9.05189,42.25789]},"properties":{"latitude":"42.25789","longitude":"9.05189","bright_ti4":"333.46","scan":"0.68","track":"0.74","acq_date":"2026-07-22","acq_time":"1110","satellite":"N20","instrument":"VIIRS","confidence":"n","version":"2.0NRT","bright_ti5":"296.68","frp":"24.32","daynight":"D","commune":"Corte","code_insee":"2B096","departement":"Haute-Corse","region":"Corse","forest":false}},{"type":"Feature","geometry":{"type":"Point","coordinates":[9.35071,42.70482]},"properties":{"latitude":"42.70482","longitude":"9.35071","bright_ti4":"343.16","scan":"0.43","track":"0.46","acq_date":"2026-07-22","acq_time":"1249","satellite":"N20","instrument":"VIIRS","confidence":"n","version":"2.0NRT","bright_ti5":"305.92","frp":"6.07","daynight":"D","commune":"Patrimonio","code_insee":"2B205","departement":"Haute-Corse","region":"Corse","forest":false}},{"type":"Feature","geometry":{"type":"Point","coordinates":[4.88788,43.43402]},"properties":{"latitude":"43.43402","longitude":"4.88788","bright_ti4":"347.4","scan":"0.43","track":"0.38","acq_date":"2026-07-22","acq_time":"1249","satellite":"N20","instrument":"VIIRS","confidence":"l","version":"2.0NRT","bright_ti5":"320.82","frp":"20.05","daynight":"D","commune":"Fos-sur-Mer","code_insee":"13039","departement":"Bouches-du-Rhône","region":"Provence-Alpes-Côte d'Azur","forest":false}},{"type":"Feature","geometry":{"type":"Point","coordinates":[2.4638,44.40938]},"properties":{"latitude":"44.40938","longitude":"2.4638","bright_ti4":"343.63","scan":"0.39","track":"0.36","acq_date":"2026-07-22","acq_time":"1249","satellite":"N20","instrument":"VIIRS","confidence":"l","version":"2.0NRT","bright_ti5":"316.21","frp":"5.83","daynight":"D","commune":"Druelle Balsac","code_insee":"12090","departement":"Aveyron","region":"Occitanie","forest":false}},{"type":"Feature","geometry":{"type":"Point","coordinates":[0.27994,45.55681]},"properties":{"latitude":"45.55681","longitude":"0.27994","bright_ti4":"346.55","scan":"0.38","track":"0.36","acq_date":"2026-07-22","acq_time":"1249","satellite":"N20","instrument":"VIIRS","confidence":"n","version":"2.0NRT","bright_ti5":"313.37","frp":"7.08","daynight":"D","commune":"Dignac","code_insee":"16119","departement":"Charente","region":"Nouvelle-Aquitaine","forest":false}},{"type":"Feature","geometry":{"type":"Point","coordinates":[5.59106,46.80427]},"properties":{"latitude":"46.80427","longitude":"5.59106","bright_ti4":"335.49","scan":"0.49","track":"0.41","acq_date":"2026-07-22","acq_time":"1249","satellite":"N20","instrument":"VIIRS","confidence":"n","version":"2.0NRT","bright_ti5":"305.6","frp":"3.78","daynight":"D","commune":"Saint-Lamain","code_insee":"39486","departement":"Jura","region":"Bourgogne-Franche-Comté","forest":false}},{"type":"Feature","geometry":{"type":"Point","coordinates":[3.57479,46.94358]},"properties":{"latitude":"46.94358","longitude":"3.57479","bright_ti4":"339.08","scan":"0.43","track":"0.38","acq_date":"2026-07-22","acq_time":"1251","satellite":"N20","instrument":"VIIRS","confidence":"n","version":"2.0NRT","bright_ti5":"308.4","frp":"1.57","daynight":"D","commune":"Fertrève","code_insee":"58113","departement":"Nièvre","region":"Bourgogne-Franche-Comté","forest":false}},{"type":"Feature","geometry":{"type":"Point","coordinates":[-0.91411,47.08036]},"properties":{"latitude":"47.08036","longitude":"-0.91411","bright_ti4":"338.35","scan":"0.39","track":"0.36","acq_date":"2026-07-22","acq_time":"1251","satellite":"N20","instrument":"VIIRS","confidence":"n","version":"2.0NRT","bright_ti5":"310.68","frp":"3.01","daynight":"D","commune":"La Séguinière","code_insee":"49332","departement":"Maine-et-Loire","region":"Pays de la Loire","forest":false}},{"type":"Feature","geometry":{"type":"Point","coordinates":[-1.36884,48.61449]},"properties":{"latitude":"48.61449","longitude":"-1.36884","bright_ti4":"331.28","scan":"0.39","track":"0.36","acq_date":"2026-07-22","acq_time":"1251","satellite":"N20","instrument":"VIIRS","confidence":"n","version":"2.0NRT","bright_ti5":"302.48","frp":"1.25","daynight":"D","commune":"Précey","code_insee":"50413","departement":"Manche","region":"Normandie","forest":false}},{"type":"Feature","geometry":{"type":"Point","coordinates":[2.10672,48.63533]},"properties":{"latitude":"48.63533","longitude":"2.10672","bright_ti4":"334.44","scan":"0.41","track":"0.37","acq_date":"2026-07-22","acq_time":"1251","satellite":"N20","instrument":"VIIRS","confidence":"n","version":"2.0NRT","bright_ti5":"300.86","frp":"3.46","daynight":"D","commune":"Forges-les-Bains","code_insee":"91249","departement":"Essonne","region":"Île-de-France","forest":false}},{"type":"Feature","geometry":{"type":"Point","coordinates":[4.47575,48.81917]},"properties":{"latitude":"48.81917","longitude":"4.47575","bright_ti4":"345.53","scan":"0.48","track":"0.4","acq_date":"2026-07-22","acq_time":"1251","satellite":"N20","instrument":"VIIRS","confidence":"n","version":"2.0NRT","bright_ti5":"307.8","frp":"12.12","daynight":"D","commune":"Saint-Martin-aux-Champs","code_insee":"51502","departement":"Marne","region":"Grand Est","forest":false}},{"type":"Feature","geometry":{"type":"Point","coordinates":[6.05923,48.88326]},"properties":{"latitude":"48.88326","longitude":"6.05923","bright_ti4":"330.51","scan":"0.54","track":"0.42","acq_date":"2026-07-22","acq_time":"1251","satellite":"N20","instrument":"VIIRS","confidence":"l","version":"2.0NRT","bright_ti5":"301.86","frp":"3.82","daynight":"D","commune":"Blénod-lès-Pont-à-Mousson","code_insee":"54079","departement":"Meurthe-et-Moselle","region":"Grand Est","forest":false}},{"type":"Feature","geometry":{"type":"Point","coordinates":[5.00437,43.37798]},"properties":{"latitude":"43.37798","longitude":"5.00437","bright_ti4":"311.87","scan":"0.64","track":"0.72","acq_date":"2026-07-22","acq_time":"30","satellite":"N21","instrument":"VIIRS","confidence":"n","version":"2.0NRT","bright_ti5":"294.39","frp":"2.79","daynight":"N","commune":"Martigues","code_insee":"13056","departement":"Bouches-du-Rhône","region":"Provence-Alpes-Côte d'Azur","forest":false}},{"type":"Feature","geometry":{"type":"Point","coordinates":[5.00676,43.38102]},"properties":{"latitude":"43.38102","longitude":"5.00676","bright_ti4":"312.22","scan":"0.64","track":"0.72","acq_date":"2026-07-22","acq_time":"30","satellite":"N21","instrument":"VIIRS","confidence":"n","version":"2.0NRT","bright_ti5":"294.85","frp":"2.75","daynight":"N","commune":"Martigues","code_insee":"13056","departement":"Bouches-du-Rhône","region":"Provence-Alpes-Côte d'Azur","forest":false}},{"type":"Feature","geometry":{"type":"Point","coordinates":[4.88417,43.43201]},"properties":{"latitude":"43.43201","longitude":"4.88417","bright_ti4":"306.91","scan":"0.65","track":"0.73","acq_date":"2026-07-22","acq_time":"30","satellite":"N21","instrument":"VIIRS","confidence":"n","version":"2.0NRT","bright_ti5":"294.14","frp":"2.87","daynight":"N","commune":"Fos-sur-Mer","code_insee":"13039","departement":"Bouches-du-Rhône","region":"Provence-Alpes-Côte d'Azur","forest":false}},{"type":"Feature","geometry":{"type":"Point","coordinates":[4.87606,43.43876]},"properties":{"latitude":"43.43876","longitude":"4.87606","bright_ti4":"303.4","scan":"0.65","track":"0.73","acq_date":"2026-07-22","acq_time":"30","satellite":"N21","instrument":"VIIRS","confidence":"n","version":"2.0NRT","bright_ti5":"292.78","frp":"2.12","daynight":"N","commune":"Fos-sur-Mer","code_insee":"13039","departement":"Bouches-du-Rhône","region":"Provence-Alpes-Côte d'Azur","forest":false}},{"type":"Feature","geometry":{"type":"Point","coordinates":[4.41997,43.61872]},"properties":{"latitude":"43.61872","longitude":"4.41997","bright_ti4":"331.82","scan":"0.69","track":"0.74","acq_date":"2026-07-22","acq_time":"30","satellite":"N21","instrument":"VIIRS","confidence":"n","version":"2.0NRT","bright_ti5":"292.17","frp":"6.65","daynight":"N","commune":"Saint-Gilles","code_insee":"30258","departement":"Gard","region":"Occitanie","forest":false}},{"type":"Feature","geometry":{"type":"Point","coordinates":[4.41656,43.61931]},"properties":{"latitude":"43.61931","longitude":"4.41656","bright_ti4":"318.6","scan":"0.69","track":"0.74","acq_date":"2026-07-22","acq_time":"30","satellite":"N21","instrument":"VIIRS","confidence":"n","version":"2.0NRT","bright_ti5":"291.7","frp":"3.59","daynight":"N","commune":"Saint-Gilles","code_insee":"30258","departement":"Gard","region":"Occitanie","forest":false}},{"type":"Feature","geometry":{"type":"Point","coordinates":[4.42521,43.61932]},"properties":{"latitude":"43.61932","longitude":"4.42521","bright_ti4":"306.57","scan":"0.69","track":"0.74","acq_date":"2026-07-22","acq_time":"30","satellite":"N21","instrument":"VIIRS","confidence":"n","version":"2.0NRT","bright_ti5":"292","frp":"3.59","daynight":"N","commune":"Saint-Gilles","code_insee":"30258","departement":"Gard","region":"Occitanie","forest":false}},{"type":"Feature","geometry":{"type":"Point","coordinates":[9.05854,42.25766]},"properties":{"latitude":"42.25766","longitude":"9.05854","bright_ti4":"304.34","scan":"0.39","track":"0.59","acq_date":"2026-07-22","acq_time":"33","satellite":"N21","instrument":"VIIRS","confidence":"n","version":"2.0NRT","bright_ti5":"291.56","frp":"3.01","daynight":"N","commune":"Corte","code_insee":"2B096","departement":"Haute-Corse","region":"Corse","forest":false}},{"type":"Feature","geometry":{"type":"Point","coordinates":[9.04818,42.26358]},"properties":{"latitude":"42.26358","longitude":"9.04818","bright_ti4":"353.3","scan":"0.39","track":"0.59","acq_date":"2026-07-22","acq_time":"33","satellite":"N21","instrument":"VIIRS","confidence":"n","version":"2.0NRT","bright_ti5":"289.96","frp":"14.1","daynight":"N","commune":"Corte","code_insee":"2B096","departement":"Haute-Corse","region":"Corse","forest":false}},{"type":"Feature","geometry":{"type":"Point","coordinates":[-1.34869,43.05733]},"properties":{"latitude":"43.05733","longitude":"-1.34869","bright_ti4":"305.77","scan":"0.4","track":"0.37","acq_date":"2026-07-22","acq_time":"211","satellite":"N21","instrument":"VIIRS","confidence":"n","version":"2.0NRT","bright_ti5":"286.59","frp":"0.62","daynight":"N","commune":"Banca","code_insee":"64092","departement":"Pyrénées-Atlantiques","region":"Nouvelle-Aquitaine","forest":false}},{"type":"Feature","geometry":{"type":"Point","coordinates":[5.66842,45.23055]},"properties":{"latitude":"45.23055","longitude":"5.66842","bright_ti4":"303.64","scan":"0.44","track":"0.46","acq_date":"2026-07-22","acq_time":"211","satellite":"N21","instrument":"VIIRS","confidence":"n","version":"2.0NRT","bright_ti5":"289.54","frp":"0.8","daynight":"N","commune":"Saint-Égrève","code_insee":"38382","departement":"Isère","region":"Auvergne-Rhône-Alpes","forest":false}},{"type":"Feature","geometry":{"type":"Point","coordinates":[4.76271,45.44279]},"properties":{"latitude":"45.44279","longitude":"4.76271","bright_ti4":"303.75","scan":"0.39","track":"0.44","acq_date":"2026-07-22","acq_time":"211","satellite":"N21","instrument":"VIIRS","confidence":"n","version":"2.0NRT","bright_ti5":"291.4","frp":"0.62","daynight":"N","commune":"Saint-Clair-du-Rhône","code_insee":"38378","departement":"Isère","region":"Auvergne-Rhône-Alpes","forest":false}},{"type":"Feature","geometry":{"type":"Point","coordinates":[5.82034,45.91259]},"properties":{"latitude":"45.91259","longitude":"5.82034","bright_ti4":"304.91","scan":"0.43","track":"0.46","acq_date":"2026-07-22","acq_time":"211","satellite":"N21","instrument":"VIIRS","confidence":"n","version":"2.0NRT","bright_ti5":"290.89","frp":"0.75","daynight":"N","commune":"Anglefort","code_insee":"01010","departement":"Ain","region":"Auvergne-Rhône-Alpes","forest":false}},{"type":"Feature","geometry":{"type":"Point","coordinates":[-0.74348,46.10142]},"properties":{"latitude":"46.10142","longitude":"-0.74348","bright_ti4":"299.54","scan":"0.39","track":"0.36","acq_date":"2026-07-22","acq_time":"211","satellite":"N21","instrument":"VIIRS","confidence":"n","version":"2.0NRT","bright_ti5":"288.52","frp":"0.4","daynight":"N","commune":"Surgères","code_insee":"17434","departement":"Charente-Maritime","region":"Nouvelle-Aquitaine","forest":false}},{"type":"Feature","geometry":{"type":"Point","coordinates":[0.1553,46.80531]},"properties":{"latitude":"46.80531","longitude":"0.1553","bright_ti4":"315.2","scan":"0.4","track":"0.37","acq_date":"2026-07-22","acq_time":"211","satellite":"N21","instrument":"VIIRS","confidence":"n","version":"2.0NRT","bright_ti5":"287.61","frp":"8.71","daynight":"N","commune":"Chouppes","code_insee":"86075","departement":"Vienne","region":"Nouvelle-Aquitaine","forest":false}},{"type":"Feature","geometry":{"type":"Point","coordinates":[0.15653,46.80861]},"properties":{"latitude":"46.80861","longitude":"0.15653","bright_ti4":"337.67","scan":"0.4","track":"0.37","acq_date":"2026-07-22","acq_time":"211","satellite":"N21","instrument":"VIIRS","confidence":"n","version":"2.0NRT","bright_ti5":"291.39","frp":"8.71","daynight":"N","commune":"Chouppes","code_insee":"86075","departement":"Vienne","region":"Nouvelle-Aquitaine","forest":false}},{"type":"Feature","geometry":{"type":"Point","coordinates":[-2.05655,47.31576]},"properties":{"latitude":"47.31576","longitude":"-2.05655","bright_ti4":"300.96","scan":"0.38","track":"0.36","acq_date":"2026-07-22","acq_time":"211","satellite":"N21","instrument":"VIIRS","confidence":"n","version":"2.0NRT","bright_ti5":"287.08","frp":"0.4","daynight":"N","commune":"Donges","code_insee":"44052","departement":"Loire-Atlantique","region":"Pays de la Loire","forest":false}},{"type":"Feature","geometry":{"type":"Point","coordinates":[-1.03473,48.10693]},"properties":{"latitude":"48.10693","longitude":"-1.03473","bright_ti4":"305.65","scan":"0.38","track":"0.36","acq_date":"2026-07-22","acq_time":"211","satellite":"N21","instrument":"VIIRS","confidence":"n","version":"2.0NRT","bright_ti5":"288.95","frp":"0.75","daynight":"N","commune":"Saint-Pierre-la-Cour","code_insee":"53247","departement":"Mayenne","region":"Pays de la Loire","forest":false}},{"type":"Feature","geometry":{"type":"Point","coordinates":[2.12025,48.18621]},"properties":{"latitude":"48.18621","longitude":"2.12025","bright_ti4":"300.71","scan":"0.43","track":"0.38","acq_date":"2026-07-22","acq_time":"211","satellite":"N21","instrument":"VIIRS","confidence":"n","version":"2.0NRT","bright_ti5":"284.01","frp":"1.2","daynight":"N","commune":"Greneville-en-Beauce","code_insee":"45160","departement":"Loiret","region":"Centre-Val de Loire","forest":false}},{"type":"Feature","geometry":{"type":"Point","coordinates":[2.12168,48.18958]},"properties":{"latitude":"48.18958","longitude":"2.12168","bright_ti4":"309.45","scan":"0.43","track":"0.38","acq_date":"2026-07-22","acq_time":"211","satellite":"N21","instrument":"VIIRS","confidence":"n","version":"2.0NRT","bright_ti5":"284.93","frp":"1.2","daynight":"N","commune":"Greneville-en-Beauce","code_insee":"45160","departement":"Loiret","region":"Centre-Val de Loire","forest":false}},{"type":"Feature","geometry":{"type":"Point","coordinates":[1.50792,48.37607]},"properties":{"latitude":"48.37607","longitude":"1.50792","bright_ti4":"325.45","scan":"0.41","track":"0.37","acq_date":"2026-07-22","acq_time":"211","satellite":"N21","instrument":"VIIRS","confidence":"n","version":"2.0NRT","bright_ti5":"284.5","frp":"3.13","daynight":"N","commune":"Corancez","code_insee":"28107","departement":"Eure-et-Loir","region":"Centre-Val de Loire","forest":false}},{"type":"Feature","geometry":{"type":"Point","coordinates":[2.32818,48.61814]},"properties":{"latitude":"48.61814","longitude":"2.32818","bright_ti4":"318.15","scan":"0.43","track":"0.38","acq_date":"2026-07-22","acq_time":"211","satellite":"N21","instrument":"VIIRS","confidence":"n","version":"2.0NRT","bright_ti5":"288.33","frp":"1.78","daynight":"N","commune":"Le Plessis-Pâté","code_insee":"91494","departement":"Essonne","region":"Île-de-France","forest":false}},{"type":"Feature","geometry":{"type":"Point","coordinates":[4.56644,48.76841]},"properties":{"latitude":"48.76841","longitude":"4.56644","bright_ti4":"299.84","scan":"0.5","track":"0.41","acq_date":"2026-07-22","acq_time":"211","satellite":"N21","instrument":"VIIRS","confidence":"n","version":"2.0NRT","bright_ti5":"286.84","frp":"1.21","daynight":"N","commune":"Couvrot","code_insee":"51195","departement":"Marne","region":"Grand Est","forest":false}},{"type":"Feature","geometry":{"type":"Point","coordinates":[6.10219,49.32338]},"properties":{"latitude":"49.32338","longitude":"6.10219","bright_ti4":"295.89","scan":"0.55","track":"0.42","acq_date":"2026-07-22","acq_time":"211","satellite":"N21","instrument":"VIIRS","confidence":"n","version":"2.0NRT","bright_ti5":"285.35","frp":"0.61","daynight":"N","commune":"Serémange-Erzange","code_insee":"57647","departement":"Moselle","region":"Grand Est","forest":false}},{"type":"Feature","geometry":{"type":"Point","coordinates":[0.5417,49.46783]},"properties":{"latitude":"49.46783","longitude":"0.5417","bright_ti4":"300.01","scan":"0.39","track":"0.36","acq_date":"2026-07-22","acq_time":"211","satellite":"N21","instrument":"VIIRS","confidence":"n","version":"2.0NRT","bright_ti5":"287.97","frp":"1.28","daynight":"N","commune":"Port-Jérôme-sur-Seine","code_insee":"76476","departement":"Seine-Maritime","region":"Normandie","forest":false}},{"type":"Feature","geometry":{"type":"Point","coordinates":[0.53379,49.47612]},"properties":{"latitude":"49.47612","longitude":"0.53379","bright_ti4":"312.03","scan":"0.39","track":"0.36","acq_date":"2026-07-22","acq_time":"211","satellite":"N21","instrument":"VIIRS","confidence":"n","version":"2.0NRT","bright_ti5":"287.68","frp":"2.05","daynight":"N","commune":"Lillebonne","code_insee":"76384","departement":"Seine-Maritime","region":"Normandie","forest":false}},{"type":"Feature","geometry":{"type":"Point","coordinates":[3.47633,49.68478]},"properties":{"latitude":"49.68478","longitude":"3.47633","bright_ti4":"326.06","scan":"0.44","track":"0.39","acq_date":"2026-07-22","acq_time":"211","satellite":"N21","instrument":"VIIRS","confidence":"n","version":"2.0NRT","bright_ti5":"282.72","frp":"3.09","daynight":"N","commune":"Nouvion-et-Catillon","code_insee":"02559","departement":"Aisne","region":"Hauts-de-France","forest":false}},{"type":"Feature","geometry":{"type":"Point","coordinates":[3.56064,50.40049]},"properties":{"latitude":"50.40049","longitude":"3.56064","bright_ti4":"304","scan":"0.43","track":"0.38","acq_date":"2026-07-22","acq_time":"211","satellite":"N21","instrument":"VIIRS","confidence":"n","version":"2.0NRT","bright_ti5":"286.54","frp":"1.39","daynight":"N","commune":"Saint-Saulve","code_insee":"59544","departement":"Nord","region":"Hauts-de-France","forest":false}},{"type":"Feature","geometry":{"type":"Point","coordinates":[1.89365,50.97151]},"properties":{"latitude":"50.97151","longitude":"1.89365","bright_ti4":"296.98","scan":"0.4","track":"0.37","acq_date":"2026-07-22","acq_time":"211","satellite":"N21","instrument":"VIIRS","confidence":"n","version":"2.0NRT","bright_ti5":"286.33","frp":"0.66","daynight":"N","commune":"Calais","code_insee":"62193","departement":"Pas-de-Calais","region":"Hauts-de-France","forest":false}},{"type":"Feature","geometry":{"type":"Point","coordinates":[2.28272,51.02429]},"properties":{"latitude":"51.02429","longitude":"2.28272","bright_ti4":"300.37","scan":"0.4","track":"0.37","acq_date":"2026-07-22","acq_time":"211","satellite":"N21","instrument":"VIIRS","confidence":"n","version":"2.0NRT","bright_ti5":"287.44","frp":"0.57","daynight":"N","commune":"Grande-Synthe","code_insee":"59271","departement":"Nord","region":"Hauts-de-France","forest":false}},{"type":"Feature","geometry":{"type":"Point","coordinates":[2.27159,51.02628]},"properties":{"latitude":"51.02628","longitude":"2.27159","bright_ti4":"313.32","scan":"0.4","track":"0.37","acq_date":"2026-07-22","acq_time":"211","satellite":"N21","instrument":"VIIRS","confidence":"n","version":"2.0NRT","bright_ti5":"288.27","frp":"1.38","daynight":"N","commune":"Grande-Synthe","code_insee":"59271","departement":"Nord","region":"Hauts-de-France","forest":false}},{"type":"Feature","geometry":{"type":"Point","coordinates":[2.28568,51.03084]},"properties":{"latitude":"51.03084","longitude":"2.28568","bright_ti4":"315.02","scan":"0.4","track":"0.37","acq_date":"2026-07-22","acq_time":"211","satellite":"N21","instrument":"VIIRS","confidence":"n","version":"2.0NRT","bright_ti5":"288.28","frp":"1.86","daynight":"N","commune":"Grande-Synthe","code_insee":"59271","departement":"Nord","region":"Hauts-de-France","forest":false}},{"type":"Feature","geometry":{"type":"Point","coordinates":[2.28717,51.03411]},"properties":{"latitude":"51.03411","longitude":"2.28717","bright_ti4":"328.15","scan":"0.4","track":"0.37","acq_date":"2026-07-22","acq_time":"211","satellite":"N21","instrument":"VIIRS","confidence":"n","version":"2.0NRT","bright_ti5":"289.84","frp":"4.13","daynight":"N","commune":"Grande-Synthe","code_insee":"59271","departement":"Nord","region":"Hauts-de-France","forest":false}},{"type":"Feature","geometry":{"type":"Point","coordinates":[2.29014,51.04066]},"properties":{"latitude":"51.04066","longitude":"2.29014","bright_ti4":"302.1","scan":"0.4","track":"0.37","acq_date":"2026-07-22","acq_time":"211","satellite":"N21","instrument":"VIIRS","confidence":"n","version":"2.0NRT","bright_ti5":"288.38","frp":"5.89","daynight":"N","commune":"Grande-Synthe","code_insee":"59271","departement":"Nord","region":"Hauts-de-France","forest":false}},{"type":"Feature","geometry":{"type":"Point","coordinates":[2.29719,51.04294]},"properties":{"latitude":"51.04294","longitude":"2.29719","bright_ti4":"333.76","scan":"0.4","track":"0.37","acq_date":"2026-07-22","acq_time":"211","satellite":"N21","instrument":"VIIRS","confidence":"n","version":"2.0NRT","bright_ti5":"292.62","frp":"5.89","daynight":"N","commune":"Grande-Synthe","code_insee":"59271","departement":"Nord","region":"Hauts-de-France","forest":false}},{"type":"Feature","geometry":{"type":"Point","coordinates":[2.29932,51.04426]},"properties":{"latitude":"51.04426","longitude":"2.29932","bright_ti4":"323.94","scan":"0.4","track":"0.37","acq_date":"2026-07-22","acq_time":"211","satellite":"N21","instrument":"VIIRS","confidence":"n","version":"2.0NRT","bright_ti5":"288.11","frp":"5.54","daynight":"N","commune":"Grande-Synthe","code_insee":"59271","departement":"Nord","region":"Hauts-de-France","forest":false}},{"type":"Feature","geometry":{"type":"Point","coordinates":[2.29376,51.04526]},"properties":{"latitude":"51.04526","longitude":"2.29376","bright_ti4":"328.29","scan":"0.4","track":"0.37","acq_date":"2026-07-22","acq_time":"211","satellite":"N21","instrument":"VIIRS","confidence":"n","version":"2.0NRT","bright_ti5":"290.98","frp":"7.5","daynight":"N","commune":"Grande-Synthe","code_insee":"59271","departement":"Nord","region":"Hauts-de-France","forest":false}},{"type":"Feature","geometry":{"type":"Point","coordinates":[2.32456,51.04679]},"properties":{"latitude":"51.04679","longitude":"2.32456","bright_ti4":"298.01","scan":"0.4","track":"0.37","acq_date":"2026-07-22","acq_time":"211","satellite":"N21","instrument":"VIIRS","confidence":"n","version":"2.0NRT","bright_ti5":"287.49","frp":"0.44","daynight":"N","commune":"Dunkerque","code_insee":"59183","departement":"Nord","region":"Hauts-de-France","forest":false}},{"type":"Feature","geometry":{"type":"Point","coordinates":[2.319,51.04779]},"properties":{"latitude":"51.04779","longitude":"2.319","bright_ti4":"311.11","scan":"0.4","track":"0.37","acq_date":"2026-07-22","acq_time":"211","satellite":"N21","instrument":"VIIRS","confidence":"n","version":"2.0NRT","bright_ti5":"288.9","frp":"1.86","daynight":"N","commune":"Dunkerque","code_insee":"59183","departement":"Nord","region":"Hauts-de-France","forest":false}},{"type":"Feature","geometry":{"type":"Point","coordinates":[5.01212,43.37806]},"properties":{"latitude":"43.37806","longitude":"5.01212","bright_ti4":"318.81","scan":"0.45","track":"0.47","acq_date":"2026-07-22","acq_time":"213","satellite":"N21","instrument":"VIIRS","confidence":"n","version":"2.0NRT","bright_ti5":"295.77","frp":"2.36","daynight":"N","commune":"Martigues","code_insee":"13056","departement":"Bouches-du-Rhône","region":"Provence-Alpes-Côte d'Azur","forest":false}},{"type":"Feature","geometry":{"type":"Point","coordinates":[4.89105,43.43316]},"properties":{"latitude":"43.43316","longitude":"4.89105","bright_ti4":"315.02","scan":"0.44","track":"0.46","acq_date":"2026-07-22","acq_time":"213","satellite":"N21","instrument":"VIIRS","confidence":"n","version":"2.0NRT","bright_ti5":"295.16","frp":"2.47","daynight":"N","commune":"Fos-sur-Mer","code_insee":"13039","departement":"Bouches-du-Rhône","region":"Provence-Alpes-Côte d'Azur","forest":false}},{"type":"Feature","geometry":{"type":"Point","coordinates":[4.88581,43.43436]},"properties":{"latitude":"43.43436","longitude":"4.88581","bright_ti4":"326.5","scan":"0.44","track":"0.46","acq_date":"2026-07-22","acq_time":"213","satellite":"N21","instrument":"VIIRS","confidence":"n","version":"2.0NRT","bright_ti5":"296.14","frp":"2.47","daynight":"N","commune":"Fos-sur-Mer","code_insee":"13039","departement":"Bouches-du-Rhône","region":"Provence-Alpes-Côte d'Azur","forest":false}},{"type":"Feature","geometry":{"type":"Point","coordinates":[4.89286,43.43723]},"properties":{"latitude":"43.43723","longitude":"4.89286","bright_ti4":"313.71","scan":"0.44","track":"0.46","acq_date":"2026-07-22","acq_time":"213","satellite":"N21","instrument":"VIIRS","confidence":"n","version":"2.0NRT","bright_ti5":"294.04","frp":"2.47","daynight":"N","commune":"Fos-sur-Mer","code_insee":"13039","departement":"Bouches-du-Rhône","region":"Provence-Alpes-Côte d'Azur","forest":false}},{"type":"Feature","geometry":{"type":"Point","coordinates":[4.88422,43.44371]},"properties":{"latitude":"43.44371","longitude":"4.88422","bright_ti4":"311.08","scan":"0.44","track":"0.46","acq_date":"2026-07-22","acq_time":"213","satellite":"N21","instrument":"VIIRS","confidence":"n","version":"2.0NRT","bright_ti5":"293.04","frp":"11.67","daynight":"N","commune":"Fos-sur-Mer","code_insee":"13039","departement":"Bouches-du-Rhône","region":"Provence-Alpes-Côte d'Azur","forest":false}},{"type":"Feature","geometry":{"type":"Point","coordinates":[4.89717,43.44526]},"properties":{"latitude":"43.44526","longitude":"4.89717","bright_ti4":"333.13","scan":"0.44","track":"0.46","acq_date":"2026-07-22","acq_time":"213","satellite":"N21","instrument":"VIIRS","confidence":"n","version":"2.0NRT","bright_ti5":"296.46","frp":"3.8","daynight":"N","commune":"Fos-sur-Mer","code_insee":"13039","departement":"Bouches-du-Rhône","region":"Provence-Alpes-Côte d'Azur","forest":false}},{"type":"Feature","geometry":{"type":"Point","coordinates":[4.89649,43.44538]},"properties":{"latitude":"43.44538","longitude":"4.89649","bright_ti4":"340.19","scan":"0.44","track":"0.46","acq_date":"2026-07-22","acq_time":"213","satellite":"N21","instrument":"VIIRS","confidence":"n","version":"2.0NRT","bright_ti5":"296.86","frp":"6.08","daynight":"N","commune":"Fos-sur-Mer","code_insee":"13039","departement":"Bouches-du-Rhône","region":"Provence-Alpes-Côte d'Azur","forest":false}},{"type":"Feature","geometry":{"type":"Point","coordinates":[6.15062,43.50986]},"properties":{"latitude":"43.50986","longitude":"6.15062","bright_ti4":"306.34","scan":"0.51","track":"0.49","acq_date":"2026-07-22","acq_time":"213","satellite":"N21","instrument":"VIIRS","confidence":"n","version":"2.0NRT","bright_ti5":"293.24","frp":"1.82","daynight":"N","commune":"Cotignac","code_insee":"83046","departement":"Var","region":"Provence-Alpes-Côte d'Azur","forest":false}},{"type":"Feature","geometry":{"type":"Point","coordinates":[1.22906,43.98695]},"properties":{"latitude":"43.98695","longitude":"1.22906","bright_ti4":"300.25","scan":"0.46","track":"0.39","acq_date":"2026-07-22","acq_time":"213","satellite":"N21","instrument":"VIIRS","confidence":"n","version":"2.0NRT","bright_ti5":"288.02","frp":"0.68","daynight":"N","commune":"Montech","code_insee":"82125","departement":"Tarn-et-Garonne","region":"Occitanie","forest":false}},{"type":"Feature","geometry":{"type":"Point","coordinates":[4.41063,44.121]},"properties":{"latitude":"44.121","longitude":"4.41063","bright_ti4":"331.51","scan":"0.41","track":"0.45","acq_date":"2026-07-22","acq_time":"213","satellite":"N21","instrument":"VIIRS","confidence":"n","version":"2.0NRT","bright_ti5":"309.58","frp":"29.12","daynight":"N","commune":"La Bruguière","code_insee":"30056","departement":"Gard","region":"Occitanie","forest":false}},{"type":"Feature","geometry":{"type":"Point","coordinates":[4.40822,44.12136]},"properties":{"latitude":"44.12136","longitude":"4.40822","bright_ti4":"322.92","scan":"0.41","track":"0.45","acq_date":"2026-07-22","acq_time":"213","satellite":"N21","instrument":"VIIRS","confidence":"n","version":"2.0NRT","bright_ti5":"291.06","frp":"23.44","daynight":"N","commune":"La Bruguière","code_insee":"30056","departement":"Gard","region":"Occitanie","forest":false}},{"type":"Feature","geometry":{"type":"Point","coordinates":[4.88683,43.43562]},"properties":{"latitude":"43.43562","longitude":"4.88683","bright_ti4":"343.19","scan":"0.51","track":"0.49","acq_date":"2026-07-22","acq_time":"1155","satellite":"N21","instrument":"VIIRS","confidence":"n","version":"2.0NRT","bright_ti5":"314.5","frp":"8.3","daynight":"D","commune":"Fos-sur-Mer","code_insee":"13039","departement":"Bouches-du-Rhône","region":"Provence-Alpes-Côte d'Azur","forest":false}},{"type":"Feature","geometry":{"type":"Point","coordinates":[4.88294,43.44426]},"properties":{"latitude":"43.44426","longitude":"4.88294","bright_ti4":"344.03","scan":"0.51","track":"0.49","acq_date":"2026-07-22","acq_time":"1155","satellite":"N21","instrument":"VIIRS","confidence":"n","version":"2.0NRT","bright_ti5":"317.81","frp":"57.51","daynight":"D","commune":"Fos-sur-Mer","code_insee":"13039","departement":"Bouches-du-Rhône","region":"Provence-Alpes-Côte d'Azur","forest":false}},{"type":"Feature","geometry":{"type":"Point","coordinates":[4.89488,43.44721]},"properties":{"latitude":"43.44721","longitude":"4.89488","bright_ti4":"343.35","scan":"0.51","track":"0.49","acq_date":"2026-07-22","acq_time":"1155","satellite":"N21","instrument":"VIIRS","confidence":"l","version":"2.0NRT","bright_ti5":"314.13","frp":"13.13","daynight":"D","commune":"Fos-sur-Mer","code_insee":"13039","departement":"Bouches-du-Rhône","region":"Provence-Alpes-Côte d'Azur","forest":false}},{"type":"Feature","geometry":{"type":"Point","coordinates":[-0.73529,44.66666]},"properties":{"latitude":"44.66666","longitude":"-0.73529","bright_ti4":"342.97","scan":"0.43","track":"0.62","acq_date":"2026-07-22","acq_time":"1155","satellite":"N21","instrument":"VIIRS","confidence":"n","version":"2.0NRT","bright_ti5":"307.81","frp":"6.04","daynight":"D","commune":"Le Barp","code_insee":"33029","departement":"Gironde","region":"Nouvelle-Aquitaine","forest":false}},{"type":"Feature","geometry":{"type":"Point","coordinates":[0.15673,46.81002]},"properties":{"latitude":"46.81002","longitude":"0.15673","bright_ti4":"351.88","scan":"0.34","track":"0.56","acq_date":"2026-07-22","acq_time":"1155","satellite":"N21","instrument":"VIIRS","confidence":"n","version":"2.0NRT","bright_ti5":"303.03","frp":"11.8","daynight":"D","commune":"Chouppes","code_insee":"86075","departement":"Vienne","region":"Nouvelle-Aquitaine","forest":false}},{"type":"Feature","geometry":{"type":"Point","coordinates":[4.89789,43.44491]},"properties":{"latitude":"43.44491","longitude":"4.89789","bright_ti4":"341.4","scan":"0.56","track":"0.69","acq_date":"2026-07-22","acq_time":"1336","satellite":"N21","instrument":"VIIRS","confidence":"n","version":"2.0NRT","bright_ti5":"308.43","frp":"12.45","daynight":"D","commune":"Fos-sur-Mer","code_insee":"13039","departement":"Bouches-du-Rhône","region":"Provence-Alpes-Côte d'Azur","forest":false}},{"type":"Feature","geometry":{"type":"Point","coordinates":[6.5772,44.75314]},"properties":{"latitude":"44.75314","longitude":"6.5772","bright_ti4":"367","scan":"0.7","track":"0.75","acq_date":"2026-07-22","acq_time":"1336","satellite":"N21","instrument":"VIIRS","confidence":"h","version":"2.0NRT","bright_ti5":"303.34","frp":"29.58","daynight":"D","commune":"La Roche-de-Rame","code_insee":"05122","departement":"Hautes-Alpes","region":"Provence-Alpes-Côte d'Azur","forest":false}},{"type":"Feature","geometry":{"type":"Point","coordinates":[6.57906,44.75336]},"properties":{"latitude":"44.75336","longitude":"6.57906","bright_ti4":"367","scan":"0.7","track":"0.75","acq_date":"2026-07-22","acq_time":"1336","satellite":"N21","instrument":"VIIRS","confidence":"h","version":"2.0NRT","bright_ti5":"303.84","frp":"37.06","daynight":"D","commune":"La Roche-de-Rame","code_insee":"05122","departement":"Hautes-Alpes","region":"Provence-Alpes-Côte d'Azur","forest":false}},{"type":"Feature","geometry":{"type":"Point","coordinates":[6.57649,44.76]},"properties":{"latitude":"44.76","longitude":"6.57649","bright_ti4":"337.1","scan":"0.7","track":"0.75","acq_date":"2026-07-22","acq_time":"1336","satellite":"N21","instrument":"VIIRS","confidence":"n","version":"2.0NRT","bright_ti5":"303.6","frp":"21.54","daynight":"D","commune":"La Roche-de-Rame","code_insee":"05122","departement":"Hautes-Alpes","region":"Provence-Alpes-Côte d'Azur","forest":false}},{"type":"Feature","geometry":{"type":"Point","coordinates":[6.56695,44.76688]},"properties":{"latitude":"44.76688","longitude":"6.56695","bright_ti4":"367","scan":"0.69","track":"0.75","acq_date":"2026-07-22","acq_time":"1336","satellite":"N21","instrument":"VIIRS","confidence":"h","version":"2.0NRT","bright_ti5":"303.16","frp":"21.54","daynight":"D","commune":"La Roche-de-Rame","code_insee":"05122","departement":"Hautes-Alpes","region":"Provence-Alpes-Côte d'Azur","forest":false}},{"type":"Feature","geometry":{"type":"Point","coordinates":[2.20406,45.12922]},"properties":{"latitude":"45.12922","longitude":"2.20406","bright_ti4":"347.06","scan":"0.42","track":"0.61","acq_date":"2026-07-22","acq_time":"1336","satellite":"N21","instrument":"VIIRS","confidence":"n","version":"2.0NRT","bright_ti5":"310.36","frp":"6.4","daynight":"D","commune":"Pleaux","code_insee":"15153","departement":"Cantal","region":"Auvergne-Rhône-Alpes","forest":false}},{"type":"Feature","geometry":{"type":"Point","coordinates":[1.35718,46.10026]},"properties":{"latitude":"46.10026","longitude":"1.35718","bright_ti4":"343.97","scan":"0.39","track":"0.59","acq_date":"2026-07-22","acq_time":"1338","satellite":"N21","instrument":"VIIRS","confidence":"n","version":"2.0NRT","bright_ti5":"306.11","frp":"6.18","daynight":"D","commune":"Bessines-sur-Gartempe","code_insee":"87014","departement":"Haute-Vienne","region":"Nouvelle-Aquitaine","forest":false}},{"type":"Feature","geometry":{"type":"Point","coordinates":[0.15649,46.80878]},"properties":{"latitude":"46.80878","longitude":"0.15649","bright_ti4":"367","scan":"0.34","track":"0.56","acq_date":"2026-07-22","acq_time":"1338","satellite":"N21","instrument":"VIIRS","confidence":"h","version":"2.0NRT","bright_ti5":"307.61","frp":"15.97","daynight":"D","commune":"Chouppes","code_insee":"86075","departement":"Vienne","region":"Nouvelle-Aquitaine","forest":false}},{"type":"Feature","geometry":{"type":"Point","coordinates":[-0.48714,49.15086]},"properties":{"latitude":"49.15086","longitude":"-0.48714","bright_ti4":"333.94","scan":"0.33","track":"0.56","acq_date":"2026-07-22","acq_time":"1338","satellite":"N21","instrument":"VIIRS","confidence":"n","version":"2.0NRT","bright_ti5":"299.21","frp":"2.38","daynight":"D","commune":"Mouen","code_insee":"14454","departement":"Calvados","region":"Normandie","forest":false}},{"type":"Feature","geometry":{"type":"Point","coordinates":[4.25981,49.29509]},"properties":{"latitude":"49.29509","longitude":"4.25981","bright_ti4":"352.12","scan":"0.55","track":"0.68","acq_date":"2026-07-22","acq_time":"1338","satellite":"N21","instrument":"VIIRS","confidence":"n","version":"2.0NRT","bright_ti5":"290.38","frp":"16.61","daynight":"D","commune":"Époye","code_insee":"51232","departement":"Marne","region":"Grand Est","forest":false}}]}