{"type":"FeatureCollection","features":[{"type":"Feature","geometry":{"type":"Point","coordinates":[2.29103,48.15139]},"properties":{"latitude":"48.15139","longitude":"2.29103","bright_ti4":"337.24","scan":"0.52","track":"0.5","acq_date":"2026-07-21","acq_time":"124","satellite":"N","instrument":"VIIRS","confidence":"n","version":"2.0NRT","bright_ti5":"285.02","frp":"4.07","daynight":"N","commune":"Dadonville","code_insee":"45119","departement":"Loiret","region":"Centre-Val de Loire"}},{"type":"Feature","geometry":{"type":"Point","coordinates":[6.96573,48.69136]},"properties":{"latitude":"48.69136","longitude":"6.96573","bright_ti4":"301.53","scan":"0.51","track":"0.41","acq_date":"2026-07-21","acq_time":"124","satellite":"N","instrument":"VIIRS","confidence":"n","version":"2.0NRT","bright_ti5":"284.69","frp":"1.26","daynight":"N","commune":"Héming","code_insee":"57314","departement":"Moselle","region":"Grand Est"}},{"type":"Feature","geometry":{"type":"Point","coordinates":[6.05354,48.88589]},"properties":{"latitude":"48.88589","longitude":"6.05354","bright_ti4":"332.93","scan":"0.55","track":"0.43","acq_date":"2026-07-21","acq_time":"124","satellite":"N","instrument":"VIIRS","confidence":"n","version":"2.0NRT","bright_ti5":"285.72","frp":"9.71","daynight":"N","commune":"Blénod-lès-Pont-à-Mousson","code_insee":"54079","departement":"Meurthe-et-Moselle","region":"Grand Est"}},{"type":"Feature","geometry":{"type":"Point","coordinates":[2.95335,49.09827]},"properties":{"latitude":"49.09827","longitude":"2.95335","bright_ti4":"354.91","scan":"0.5","track":"0.49","acq_date":"2026-07-21","acq_time":"124","satellite":"N","instrument":"VIIRS","confidence":"n","version":"2.0NRT","bright_ti5":"287.66","frp":"16.96","daynight":"N","commune":"Acy-en-Multien","code_insee":"60005","departement":"Oise","region":"Hauts-de-France"}},{"type":"Feature","geometry":{"type":"Point","coordinates":[2.95481,49.09837]},"properties":{"latitude":"49.09837","longitude":"2.95481","bright_ti4":"339.66","scan":"0.5","track":"0.49","acq_date":"2026-07-21","acq_time":"124","satellite":"N","instrument":"VIIRS","confidence":"n","version":"2.0NRT","bright_ti5":"290.1","frp":"21.81","daynight":"N","commune":"Acy-en-Multien","code_insee":"60005","departement":"Oise","region":"Hauts-de-France"}},{"type":"Feature","geometry":{"type":"Point","coordinates":[0.55013,49.47628]},"properties":{"latitude":"49.47628","longitude":"0.55013","bright_ti4":"297.61","scan":"0.32","track":"0.55","acq_date":"2026-07-21","acq_time":"124","satellite":"N","instrument":"VIIRS","confidence":"n","version":"2.0NRT","bright_ti5":"286.78","frp":"0.73","daynight":"N","commune":"Port-Jérôme-sur-Seine","code_insee":"76476","departement":"Seine-Maritime","region":"Normandie"}},{"type":"Feature","geometry":{"type":"Point","coordinates":[2.26926,51.02724]},"properties":{"latitude":"51.02724","longitude":"2.26926","bright_ti4":"326.83","scan":"0.56","track":"0.51","acq_date":"2026-07-21","acq_time":"124","satellite":"N","instrument":"VIIRS","confidence":"n","version":"2.0NRT","bright_ti5":"286.59","frp":"4.86","daynight":"N","commune":"Grande-Synthe","code_insee":"59271","departement":"Nord","region":"Hauts-de-France"}},{"type":"Feature","geometry":{"type":"Point","coordinates":[2.26877,51.03102]},"properties":{"latitude":"51.03102","longitude":"2.26877","bright_ti4":"307.93","scan":"0.56","track":"0.51","acq_date":"2026-07-21","acq_time":"124","satellite":"N","instrument":"VIIRS","confidence":"n","version":"2.0NRT","bright_ti5":"285.42","frp":"0.83","daynight":"N","commune":"Grande-Synthe","code_insee":"59271","departement":"Nord","region":"Hauts-de-France"}},{"type":"Feature","geometry":{"type":"Point","coordinates":[2.2869,51.03586]},"properties":{"latitude":"51.03586","longitude":"2.2869","bright_ti4":"295.33","scan":"0.56","track":"0.51","acq_date":"2026-07-21","acq_time":"124","satellite":"N","instrument":"VIIRS","confidence":"n","version":"2.0NRT","bright_ti5":"282.2","frp":"1.02","daynight":"N","commune":"Grande-Synthe","code_insee":"59271","departement":"Nord","region":"Hauts-de-France"}},{"type":"Feature","geometry":{"type":"Point","coordinates":[2.2953,51.04406]},"properties":{"latitude":"51.04406","longitude":"2.2953","bright_ti4":"325.44","scan":"0.56","track":"0.51","acq_date":"2026-07-21","acq_time":"124","satellite":"N","instrument":"VIIRS","confidence":"n","version":"2.0NRT","bright_ti5":"285.48","frp":"4.07","daynight":"N","commune":"Grande-Synthe","code_insee":"59271","departement":"Nord","region":"Hauts-de-France"}},{"type":"Feature","geometry":{"type":"Point","coordinates":[2.29639,51.04494]},"properties":{"latitude":"51.04494","longitude":"2.29639","bright_ti4":"327.87","scan":"0.56","track":"0.51","acq_date":"2026-07-21","acq_time":"124","satellite":"N","instrument":"VIIRS","confidence":"n","version":"2.0NRT","bright_ti5":"286.29","frp":"4.64","daynight":"N","commune":"Grande-Synthe","code_insee":"59271","departement":"Nord","region":"Hauts-de-France"}},{"type":"Feature","geometry":{"type":"Point","coordinates":[2.32032,51.04751]},"properties":{"latitude":"51.04751","longitude":"2.32032","bright_ti4":"299.89","scan":"0.55","track":"0.51","acq_date":"2026-07-21","acq_time":"124","satellite":"N","instrument":"VIIRS","confidence":"n","version":"2.0NRT","bright_ti5":"286.31","frp":"1.59","daynight":"N","commune":"Dunkerque","code_insee":"59183","departement":"Nord","region":"Hauts-de-France"}},{"type":"Feature","geometry":{"type":"Point","coordinates":[2.32136,51.04828]},"properties":{"latitude":"51.04828","longitude":"2.32136","bright_ti4":"300.74","scan":"0.55","track":"0.51","acq_date":"2026-07-21","acq_time":"124","satellite":"N","instrument":"VIIRS","confidence":"n","version":"2.0NRT","bright_ti5":"285.99","frp":"1.06","daynight":"N","commune":"Dunkerque","code_insee":"59183","departement":"Nord","region":"Hauts-de-France"}},{"type":"Feature","geometry":{"type":"Point","coordinates":[9.07349,42.26654]},"properties":{"latitude":"42.26654","longitude":"9.07349","bright_ti4":"309.44","scan":"0.39","track":"0.36","acq_date":"2026-07-21","acq_time":"126","satellite":"N","instrument":"VIIRS","confidence":"n","version":"2.0NRT","bright_ti5":"293.48","frp":"6.41","daynight":"N","commune":"Corte","code_insee":"2B096","departement":"Haute-Corse","region":"Corse"}},{"type":"Feature","geometry":{"type":"Point","coordinates":[9.06897,42.26721]},"properties":{"latitude":"42.26721","longitude":"9.06897","bright_ti4":"346.36","scan":"0.39","track":"0.36","acq_date":"2026-07-21","acq_time":"126","satellite":"N","instrument":"VIIRS","confidence":"n","version":"2.0NRT","bright_ti5":"300.93","frp":"6.41","daynight":"N","commune":"Corte","code_insee":"2B096","departement":"Haute-Corse","region":"Corse"}},{"type":"Feature","geometry":{"type":"Point","coordinates":[9.06448,42.26787]},"properties":{"latitude":"42.26787","longitude":"9.06448","bright_ti4":"349.48","scan":"0.39","track":"0.36","acq_date":"2026-07-21","acq_time":"126","satellite":"N","instrument":"VIIRS","confidence":"n","version":"2.0NRT","bright_ti5":"300.35","frp":"14.05","daynight":"N","commune":"Corte","code_insee":"2B096","departement":"Haute-Corse","region":"Corse"}},{"type":"Feature","geometry":{"type":"Point","coordinates":[9.07915,42.26917]},"properties":{"latitude":"42.26917","longitude":"9.07915","bright_ti4":"329.8","scan":"0.39","track":"0.36","acq_date":"2026-07-21","acq_time":"126","satellite":"N","instrument":"VIIRS","confidence":"n","version":"2.0NRT","bright_ti5":"294.8","frp":"2.44","daynight":"N","commune":"Corte","code_insee":"2B096","departement":"Haute-Corse","region":"Corse"}},{"type":"Feature","geometry":{"type":"Point","coordinates":[9.07461,42.26984]},"properties":{"latitude":"42.26984","longitude":"9.07461","bright_ti4":"341.05","scan":"0.39","track":"0.36","acq_date":"2026-07-21","acq_time":"126","satellite":"N","instrument":"VIIRS","confidence":"n","version":"2.0NRT","bright_ti5":"297.62","frp":"2.84","daynight":"N","commune":"Corte","code_insee":"2B096","departement":"Haute-Corse","region":"Corse"}},{"type":"Feature","geometry":{"type":"Point","coordinates":[9.07006,42.2705]},"properties":{"latitude":"42.2705","longitude":"9.07006","bright_ti4":"308.17","scan":"0.39","track":"0.36","acq_date":"2026-07-21","acq_time":"126","satellite":"N","instrument":"VIIRS","confidence":"n","version":"2.0NRT","bright_ti5":"293.67","frp":"2.84","daynight":"N","commune":"Corte","code_insee":"2B096","departement":"Haute-Corse","region":"Corse"}},{"type":"Feature","geometry":{"type":"Point","coordinates":[9.08019,42.27246]},"properties":{"latitude":"42.27246","longitude":"9.08019","bright_ti4":"330.3","scan":"0.39","track":"0.36","acq_date":"2026-07-21","acq_time":"126","satellite":"N","instrument":"VIIRS","confidence":"n","version":"2.0NRT","bright_ti5":"295.83","frp":"2.44","daynight":"N","commune":"Corte","code_insee":"2B096","departement":"Haute-Corse","region":"Corse"}},{"type":"Feature","geometry":{"type":"Point","coordinates":[9.07563,42.27313]},"properties":{"latitude":"42.27313","longitude":"9.07563","bright_ti4":"315.34","scan":"0.39","track":"0.36","acq_date":"2026-07-21","acq_time":"126","satellite":"N","instrument":"VIIRS","confidence":"n","version":"2.0NRT","bright_ti5":"294.82","frp":"2.84","daynight":"N","commune":"Corte","code_insee":"2B096","departement":"Haute-Corse","region":"Corse"}},{"type":"Feature","geometry":{"type":"Point","coordinates":[9.0946,42.27379]},"properties":{"latitude":"42.27379","longitude":"9.0946","bright_ti4":"303.59","scan":"0.39","track":"0.36","acq_date":"2026-07-21","acq_time":"126","satellite":"N","instrument":"VIIRS","confidence":"n","version":"2.0NRT","bright_ti5":"292.93","frp":"1.01","daynight":"N","commune":"Corte","code_insee":"2B096","departement":"Haute-Corse","region":"Corse"}},{"type":"Feature","geometry":{"type":"Point","coordinates":[9.08917,42.28838]},"properties":{"latitude":"42.28838","longitude":"9.08917","bright_ti4":"318.37","scan":"0.39","track":"0.36","acq_date":"2026-07-21","acq_time":"126","satellite":"N","instrument":"VIIRS","confidence":"n","version":"2.0NRT","bright_ti5":"294.16","frp":"2.18","daynight":"N","commune":"Corte","code_insee":"2B096","departement":"Haute-Corse","region":"Corse"}},{"type":"Feature","geometry":{"type":"Point","coordinates":[9.08442,42.28907]},"properties":{"latitude":"42.28907","longitude":"9.08442","bright_ti4":"329.39","scan":"0.39","track":"0.36","acq_date":"2026-07-21","acq_time":"126","satellite":"N","instrument":"VIIRS","confidence":"n","version":"2.0NRT","bright_ti5":"295.34","frp":"2.18","daynight":"N","commune":"Corte","code_insee":"2B096","departement":"Haute-Corse","region":"Corse"}},{"type":"Feature","geometry":{"type":"Point","coordinates":[9.08983,42.29173]},"properties":{"latitude":"42.29173","longitude":"9.08983","bright_ti4":"329.88","scan":"0.39","track":"0.36","acq_date":"2026-07-21","acq_time":"126","satellite":"N","instrument":"VIIRS","confidence":"n","version":"2.0NRT","bright_ti5":"295.26","frp":"2.18","daynight":"N","commune":"Corte","code_insee":"2B096","departement":"Haute-Corse","region":"Corse"}},{"type":"Feature","geometry":{"type":"Point","coordinates":[8.91708,42.32379]},"properties":{"latitude":"42.32379","longitude":"8.91708","bright_ti4":"314.78","scan":"0.39","track":"0.36","acq_date":"2026-07-21","acq_time":"126","satellite":"N","instrument":"VIIRS","confidence":"n","version":"2.0NRT","bright_ti5":"291.59","frp":"1.51","daynight":"N","commune":"Albertacce","code_insee":"2B007","departement":"Haute-Corse","region":"Corse"}},{"type":"Feature","geometry":{"type":"Point","coordinates":[8.9177,42.32715]},"properties":{"latitude":"42.32715","longitude":"8.9177","bright_ti4":"327.72","scan":"0.39","track":"0.36","acq_date":"2026-07-21","acq_time":"126","satellite":"N","instrument":"VIIRS","confidence":"n","version":"2.0NRT","bright_ti5":"293.67","frp":"3.34","daynight":"N","commune":"Albertacce","code_insee":"2B007","departement":"Haute-Corse","region":"Corse"}},{"type":"Feature","geometry":{"type":"Point","coordinates":[5.00763,43.37819]},"properties":{"latitude":"43.37819","longitude":"5.00763","bright_ti4":"325.33","scan":"0.53","track":"0.42","acq_date":"2026-07-21","acq_time":"126","satellite":"N","instrument":"VIIRS","confidence":"n","version":"2.0NRT","bright_ti5":"294.92","frp":"2.92","daynight":"N","commune":"Martigues","code_insee":"13056","departement":"Bouches-du-Rhône","region":"Provence-Alpes-Côte d'Azur"}},{"type":"Feature","geometry":{"type":"Point","coordinates":[4.89146,43.43423]},"properties":{"latitude":"43.43423","longitude":"4.89146","bright_ti4":"308.88","scan":"0.53","track":"0.42","acq_date":"2026-07-21","acq_time":"126","satellite":"N","instrument":"VIIRS","confidence":"n","version":"2.0NRT","bright_ti5":"293.98","frp":"3.69","daynight":"N","commune":"Fos-sur-Mer","code_insee":"13039","departement":"Bouches-du-Rhône","region":"Provence-Alpes-Côte d'Azur"}},{"type":"Feature","geometry":{"type":"Point","coordinates":[4.88481,43.43492]},"properties":{"latitude":"43.43492","longitude":"4.88481","bright_ti4":"330.11","scan":"0.53","track":"0.42","acq_date":"2026-07-21","acq_time":"126","satellite":"N","instrument":"VIIRS","confidence":"n","version":"2.0NRT","bright_ti5":"294.72","frp":"6.78","daynight":"N","commune":"Fos-sur-Mer","code_insee":"13039","departement":"Bouches-du-Rhône","region":"Provence-Alpes-Côte d'Azur"}},{"type":"Feature","geometry":{"type":"Point","coordinates":[4.89224,43.43811]},"properties":{"latitude":"43.43811","longitude":"4.89224","bright_ti4":"320.56","scan":"0.53","track":"0.42","acq_date":"2026-07-21","acq_time":"126","satellite":"N","instrument":"VIIRS","confidence":"n","version":"2.0NRT","bright_ti5":"293.98","frp":"3.63","daynight":"N","commune":"Fos-sur-Mer","code_insee":"13039","departement":"Bouches-du-Rhône","region":"Provence-Alpes-Côte d'Azur"}},{"type":"Feature","geometry":{"type":"Point","coordinates":[4.88557,43.4388]},"properties":{"latitude":"43.4388","longitude":"4.88557","bright_ti4":"319.91","scan":"0.53","track":"0.42","acq_date":"2026-07-21","acq_time":"126","satellite":"N","instrument":"VIIRS","confidence":"n","version":"2.0NRT","bright_ti5":"293.82","frp":"9.93","daynight":"N","commune":"Fos-sur-Mer","code_insee":"13039","departement":"Bouches-du-Rhône","region":"Provence-Alpes-Côte d'Azur"}},{"type":"Feature","geometry":{"type":"Point","coordinates":[4.8797,43.44337]},"properties":{"latitude":"43.44337","longitude":"4.8797","bright_ti4":"343.17","scan":"0.53","track":"0.42","acq_date":"2026-07-21","acq_time":"126","satellite":"N","instrument":"VIIRS","confidence":"n","version":"2.0NRT","bright_ti5":"296.68","frp":"9.93","daynight":"N","commune":"Fos-sur-Mer","code_insee":"13039","departement":"Bouches-du-Rhône","region":"Provence-Alpes-Côte d'Azur"}},{"type":"Feature","geometry":{"type":"Point","coordinates":[4.90042,43.44516]},"properties":{"latitude":"43.44516","longitude":"4.90042","bright_ti4":"306.82","scan":"0.53","track":"0.42","acq_date":"2026-07-21","acq_time":"126","satellite":"N","instrument":"VIIRS","confidence":"n","version":"2.0NRT","bright_ti5":"294.21","frp":"1.49","daynight":"N","commune":"Fos-sur-Mer","code_insee":"13039","departement":"Bouches-du-Rhône","region":"Provence-Alpes-Côte d'Azur"}},{"type":"Feature","geometry":{"type":"Point","coordinates":[4.89378,43.44586]},"properties":{"latitude":"43.44586","longitude":"4.89378","bright_ti4":"306.16","scan":"0.53","track":"0.42","acq_date":"2026-07-21","acq_time":"126","satellite":"N","instrument":"VIIRS","confidence":"n","version":"2.0NRT","bright_ti5":"293.66","frp":"1.49","daynight":"N","commune":"Fos-sur-Mer","code_insee":"13039","departement":"Bouches-du-Rhône","region":"Provence-Alpes-Côte d'Azur"}},{"type":"Feature","geometry":{"type":"Point","coordinates":[4.89455,43.44973]},"properties":{"latitude":"43.44973","longitude":"4.89455","bright_ti4":"315.64","scan":"0.53","track":"0.42","acq_date":"2026-07-21","acq_time":"126","satellite":"N","instrument":"VIIRS","confidence":"n","version":"2.0NRT","bright_ti5":"292.23","frp":"1.49","daynight":"N","commune":"Fos-sur-Mer","code_insee":"13039","departement":"Bouches-du-Rhône","region":"Provence-Alpes-Côte d'Azur"}},{"type":"Feature","geometry":{"type":"Point","coordinates":[6.55749,44.75642]},"properties":{"latitude":"44.75642","longitude":"6.55749","bright_ti4":"337.86","scan":"0.48","track":"0.4","acq_date":"2026-07-21","acq_time":"126","satellite":"N","instrument":"VIIRS","confidence":"n","version":"2.0NRT","bright_ti5":"293.07","frp":"4.68","daynight":"N","commune":"Freissinières","code_insee":"05058","departement":"Hautes-Alpes","region":"Provence-Alpes-Côte d'Azur"}},{"type":"Feature","geometry":{"type":"Point","coordinates":[6.55161,44.75709]},"properties":{"latitude":"44.75709","longitude":"6.55161","bright_ti4":"298.92","scan":"0.48","track":"0.4","acq_date":"2026-07-21","acq_time":"126","satellite":"N","instrument":"VIIRS","confidence":"n","version":"2.0NRT","bright_ti5":"287.83","frp":"1.56","daynight":"N","commune":"Freissinières","code_insee":"05058","departement":"Hautes-Alpes","region":"Provence-Alpes-Côte d'Azur"}},{"type":"Feature","geometry":{"type":"Point","coordinates":[6.5579,44.76012]},"properties":{"latitude":"44.76012","longitude":"6.5579","bright_ti4":"324.15","scan":"0.48","track":"0.4","acq_date":"2026-07-21","acq_time":"126","satellite":"N","instrument":"VIIRS","confidence":"n","version":"2.0NRT","bright_ti5":"289.86","frp":"4.68","daynight":"N","commune":"L'Argentière-la-Bessée","code_insee":"05006","departement":"Hautes-Alpes","region":"Provence-Alpes-Côte d'Azur"}},{"type":"Feature","geometry":{"type":"Point","coordinates":[6.55264,44.76073]},"properties":{"latitude":"44.76073","longitude":"6.55264","bright_ti4":"312.11","scan":"0.48","track":"0.4","acq_date":"2026-07-21","acq_time":"126","satellite":"N","instrument":"VIIRS","confidence":"n","version":"2.0NRT","bright_ti5":"290.48","frp":"1.56","daynight":"N","commune":"L'Argentière-la-Bessée","code_insee":"05006","departement":"Hautes-Alpes","region":"Provence-Alpes-Côte d'Azur"}},{"type":"Feature","geometry":{"type":"Point","coordinates":[6.54742,44.76133]},"properties":{"latitude":"44.76133","longitude":"6.54742","bright_ti4":"306.2","scan":"0.48","track":"0.4","acq_date":"2026-07-21","acq_time":"126","satellite":"N","instrument":"VIIRS","confidence":"n","version":"2.0NRT","bright_ti5":"289.28","frp":"1.56","daynight":"N","commune":"Freissinières","code_insee":"05058","departement":"Hautes-Alpes","region":"Provence-Alpes-Côte d'Azur"}},{"type":"Feature","geometry":{"type":"Point","coordinates":[6.55819,44.76383]},"properties":{"latitude":"44.76383","longitude":"6.55819","bright_ti4":"311.65","scan":"0.48","track":"0.4","acq_date":"2026-07-21","acq_time":"126","satellite":"N","instrument":"VIIRS","confidence":"n","version":"2.0NRT","bright_ti5":"288.44","frp":"1.54","daynight":"N","commune":"L'Argentière-la-Bessée","code_insee":"05006","departement":"Hautes-Alpes","region":"Provence-Alpes-Côte d'Azur"}},{"type":"Feature","geometry":{"type":"Point","coordinates":[6.55311,44.76442]},"properties":{"latitude":"44.76442","longitude":"6.55311","bright_ti4":"324.82","scan":"0.48","track":"0.4","acq_date":"2026-07-21","acq_time":"126","satellite":"N","instrument":"VIIRS","confidence":"n","version":"2.0NRT","bright_ti5":"291.64","frp":"2.88","daynight":"N","commune":"L'Argentière-la-Bessée","code_insee":"05006","departement":"Hautes-Alpes","region":"Provence-Alpes-Côte d'Azur"}},{"type":"Feature","geometry":{"type":"Point","coordinates":[6.54801,44.76501]},"properties":{"latitude":"44.76501","longitude":"6.54801","bright_ti4":"317.13","scan":"0.48","track":"0.4","acq_date":"2026-07-21","acq_time":"126","satellite":"N","instrument":"VIIRS","confidence":"n","version":"2.0NRT","bright_ti5":"291.88","frp":"2.88","daynight":"N","commune":"L'Argentière-la-Bessée","code_insee":"05006","departement":"Hautes-Alpes","region":"Provence-Alpes-Côte d'Azur"}},{"type":"Feature","geometry":{"type":"Point","coordinates":[6.54265,44.76563]},"properties":{"latitude":"44.76563","longitude":"6.54265","bright_ti4":"315.66","scan":"0.48","track":"0.4","acq_date":"2026-07-21","acq_time":"126","satellite":"N","instrument":"VIIRS","confidence":"n","version":"2.0NRT","bright_ti5":"288.55","frp":"1.67","daynight":"N","commune":"Freissinières","code_insee":"05058","departement":"Hautes-Alpes","region":"Provence-Alpes-Côte d'Azur"}},{"type":"Feature","geometry":{"type":"Point","coordinates":[6.54304,44.76934]},"properties":{"latitude":"44.76934","longitude":"6.54304","bright_ti4":"301.15","scan":"0.48","track":"0.4","acq_date":"2026-07-21","acq_time":"126","satellite":"N","instrument":"VIIRS","confidence":"n","version":"2.0NRT","bright_ti5":"287.77","frp":"1.67","daynight":"N","commune":"L'Argentière-la-Bessée","code_insee":"05006","departement":"Hautes-Alpes","region":"Provence-Alpes-Côte d'Azur"}},{"type":"Feature","geometry":{"type":"Point","coordinates":[5.66497,45.23081]},"properties":{"latitude":"45.23081","longitude":"5.66497","bright_ti4":"302.31","scan":"0.52","track":"0.41","acq_date":"2026-07-21","acq_time":"126","satellite":"N","instrument":"VIIRS","confidence":"n","version":"2.0NRT","bright_ti5":"289.27","frp":"0.95","daynight":"N","commune":"Saint-Égrève","code_insee":"38382","departement":"Isère","region":"Auvergne-Rhône-Alpes"}},{"type":"Feature","geometry":{"type":"Point","coordinates":[-0.18359,45.26393]},"properties":{"latitude":"45.26393","longitude":"-0.18359","bright_ti4":"306.73","scan":"0.32","track":"0.55","acq_date":"2026-07-21","acq_time":"126","satellite":"N","instrument":"VIIRS","confidence":"n","version":"2.0NRT","bright_ti5":"289.11","frp":"8.29","daynight":"N","commune":"Neuvicq","code_insee":"17260","departement":"Charente-Maritime","region":"Nouvelle-Aquitaine"}},{"type":"Feature","geometry":{"type":"Point","coordinates":[-0.17863,45.26878]},"properties":{"latitude":"45.26878","longitude":"-0.17863","bright_ti4":"367","scan":"0.32","track":"0.55","acq_date":"2026-07-21","acq_time":"126","satellite":"N","instrument":"VIIRS","confidence":"h","version":"2.0NRT","bright_ti5":"300.9","frp":"13.05","daynight":"N","commune":"Saint-Palais-de-Négrignac","code_insee":"17378","departement":"Charente-Maritime","region":"Nouvelle-Aquitaine"}},{"type":"Feature","geometry":{"type":"Point","coordinates":[-0.18288,45.26902]},"properties":{"latitude":"45.26902","longitude":"-0.18288","bright_ti4":"367","scan":"0.32","track":"0.55","acq_date":"2026-07-21","acq_time":"126","satellite":"N","instrument":"VIIRS","confidence":"h","version":"2.0NRT","bright_ti5":"296.96","frp":"8.29","daynight":"N","commune":"Saint-Palais-de-Négrignac","code_insee":"17378","departement":"Charente-Maritime","region":"Nouvelle-Aquitaine"}},{"type":"Feature","geometry":{"type":"Point","coordinates":[1.13604,45.62307]},"properties":{"latitude":"45.62307","longitude":"1.13604","bright_ti4":"304.36","scan":"0.56","track":"0.52","acq_date":"2026-07-21","acq_time":"126","satellite":"N","instrument":"VIIRS","confidence":"n","version":"2.0NRT","bright_ti5":"287.12","frp":"1.39","daynight":"N","commune":"Saint-Hilaire-les-Places","code_insee":"87150","departement":"Haute-Vienne","region":"Nouvelle-Aquitaine"}},{"type":"Feature","geometry":{"type":"Point","coordinates":[1.13803,45.62416]},"properties":{"latitude":"45.62416","longitude":"1.13803","bright_ti4":"303.62","scan":"0.56","track":"0.51","acq_date":"2026-07-21","acq_time":"126","satellite":"N","instrument":"VIIRS","confidence":"n","version":"2.0NRT","bright_ti5":"287.3","frp":"0.83","daynight":"N","commune":"Saint-Hilaire-les-Places","code_insee":"87150","departement":"Haute-Vienne","region":"Nouvelle-Aquitaine"}},{"type":"Feature","geometry":{"type":"Point","coordinates":[5.66617,45.23055]},"properties":{"latitude":"45.23055","longitude":"5.66617","bright_ti4":"298.36","scan":"0.67","track":"0.74","acq_date":"2026-07-21","acq_time":"304","satellite":"N","instrument":"VIIRS","confidence":"n","version":"2.0NRT","bright_ti5":"285.56","frp":"0.81","daynight":"N","commune":"Saint-Égrève","code_insee":"38382","departement":"Isère","region":"Auvergne-Rhône-Alpes"}},{"type":"Feature","geometry":{"type":"Point","coordinates":[-1.03813,48.10862]},"properties":{"latitude":"48.10862","longitude":"-1.03813","bright_ti4":"297.87","scan":"0.57","track":"0.52","acq_date":"2026-07-21","acq_time":"304","satellite":"N","instrument":"VIIRS","confidence":"n","version":"2.0NRT","bright_ti5":"286.35","frp":"1.23","daynight":"N","commune":"Saint-Pierre-la-Cour","code_insee":"53247","departement":"Mayenne","region":"Pays de la Loire"}},{"type":"Feature","geometry":{"type":"Point","coordinates":[2.29559,48.15232]},"properties":{"latitude":"48.15232","longitude":"2.29559","bright_ti4":"316.18","scan":"0.39","track":"0.59","acq_date":"2026-07-21","acq_time":"304","satellite":"N","instrument":"VIIRS","confidence":"n","version":"2.0NRT","bright_ti5":"283.08","frp":"0.99","daynight":"N","commune":"Dadonville","code_insee":"45119","departement":"Loiret","region":"Centre-Val de Loire"}},{"type":"Feature","geometry":{"type":"Point","coordinates":[2.95394,49.09865]},"properties":{"latitude":"49.09865","longitude":"2.95394","bright_ti4":"367","scan":"0.39","track":"0.59","acq_date":"2026-07-21","acq_time":"304","satellite":"N","instrument":"VIIRS","confidence":"h","version":"2.0NRT","bright_ti5":"287.37","frp":"6.8","daynight":"N","commune":"Acy-en-Multien","code_insee":"60005","departement":"Oise","region":"Hauts-de-France"}},{"type":"Feature","geometry":{"type":"Point","coordinates":[2.95592,49.09915]},"properties":{"latitude":"49.09915","longitude":"2.95592","bright_ti4":"347.24","scan":"0.39","track":"0.59","acq_date":"2026-07-21","acq_time":"304","satellite":"N","instrument":"VIIRS","confidence":"n","version":"2.0NRT","bright_ti5":"284.02","frp":"4.72","daynight":"N","commune":"Acy-en-Multien","code_insee":"60005","departement":"Oise","region":"Hauts-de-France"}},{"type":"Feature","geometry":{"type":"Point","coordinates":[2.95098,49.10069]},"properties":{"latitude":"49.10069","longitude":"2.95098","bright_ti4":"328.27","scan":"0.39","track":"0.59","acq_date":"2026-07-21","acq_time":"304","satellite":"N","instrument":"VIIRS","confidence":"n","version":"2.0NRT","bright_ti5":"283.02","frp":"4.72","daynight":"N","commune":"Acy-en-Multien","code_insee":"60005","departement":"Oise","region":"Hauts-de-France"}},{"type":"Feature","geometry":{"type":"Point","coordinates":[6.09874,49.32749]},"properties":{"latitude":"49.32749","longitude":"6.09874","bright_ti4":"301.16","scan":"0.51","track":"0.66","acq_date":"2026-07-21","acq_time":"304","satellite":"N","instrument":"VIIRS","confidence":"n","version":"2.0NRT","bright_ti5":"281.22","frp":"1.14","daynight":"N","commune":"Serémange-Erzange","code_insee":"57647","departement":"Moselle","region":"Grand Est"}},{"type":"Feature","geometry":{"type":"Point","coordinates":[2.29062,51.04264]},"properties":{"latitude":"51.04264","longitude":"2.29062","bright_ti4":"296.82","scan":"0.63","track":"0.54","acq_date":"2026-07-21","acq_time":"304","satellite":"N","instrument":"VIIRS","confidence":"n","version":"2.0NRT","bright_ti5":"285.65","frp":"1.67","daynight":"N","commune":"Grande-Synthe","code_insee":"59271","departement":"Nord","region":"Hauts-de-France"}},{"type":"Feature","geometry":{"type":"Point","coordinates":[2.31885,51.04473]},"properties":{"latitude":"51.04473","longitude":"2.31885","bright_ti4":"302.37","scan":"0.63","track":"0.54","acq_date":"2026-07-21","acq_time":"304","satellite":"N","instrument":"VIIRS","confidence":"n","version":"2.0NRT","bright_ti5":"284.6","frp":"0.95","daynight":"N","commune":"Dunkerque","code_insee":"59183","departement":"Nord","region":"Hauts-de-France"}},{"type":"Feature","geometry":{"type":"Point","coordinates":[2.29874,51.04505]},"properties":{"latitude":"51.04505","longitude":"2.29874","bright_ti4":"302.74","scan":"0.63","track":"0.54","acq_date":"2026-07-21","acq_time":"304","satellite":"N","instrument":"VIIRS","confidence":"n","version":"2.0NRT","bright_ti5":"285.5","frp":"2.36","daynight":"N","commune":"Grande-Synthe","code_insee":"59271","departement":"Nord","region":"Hauts-de-France"}},{"type":"Feature","geometry":{"type":"Point","coordinates":[2.31422,51.047]},"properties":{"latitude":"51.047","longitude":"2.31422","bright_ti4":"326.85","scan":"0.63","track":"0.54","acq_date":"2026-07-21","acq_time":"304","satellite":"N","instrument":"VIIRS","confidence":"n","version":"2.0NRT","bright_ti5":"284.84","frp":"5.18","daynight":"N","commune":"Dunkerque","code_insee":"59183","departement":"Nord","region":"Hauts-de-France"}},{"type":"Feature","geometry":{"type":"Point","coordinates":[2.29403,51.04724]},"properties":{"latitude":"51.04724","longitude":"2.29403","bright_ti4":"302.31","scan":"0.63","track":"0.54","acq_date":"2026-07-21","acq_time":"304","satellite":"N","instrument":"VIIRS","confidence":"n","version":"2.0NRT","bright_ti5":"282.78","frp":"1.67","daynight":"N","commune":"Grande-Synthe","code_insee":"59271","departement":"Nord","region":"Hauts-de-France"}},{"type":"Feature","geometry":{"type":"Point","coordinates":[2.3223,51.04932]},"properties":{"latitude":"51.04932","longitude":"2.3223","bright_ti4":"304.71","scan":"0.63","track":"0.54","acq_date":"2026-07-21","acq_time":"304","satellite":"N","instrument":"VIIRS","confidence":"n","version":"2.0NRT","bright_ti5":"285.68","frp":"1.56","daynight":"N","commune":"Dunkerque","code_insee":"59183","departement":"Nord","region":"Hauts-de-France"}},{"type":"Feature","geometry":{"type":"Point","coordinates":[2.31398,51.05177]},"properties":{"latitude":"51.05177","longitude":"2.31398","bright_ti4":"301.32","scan":"0.63","track":"0.54","acq_date":"2026-07-21","acq_time":"304","satellite":"N","instrument":"VIIRS","confidence":"n","version":"2.0NRT","bright_ti5":"285.83","frp":"1.87","daynight":"N","commune":"Dunkerque","code_insee":"59183","departement":"Nord","region":"Hauts-de-France"}},{"type":"Feature","geometry":{"type":"Point","coordinates":[0.99002,43.18932]},"properties":{"latitude":"43.18932","longitude":"0.99002","bright_ti4":"299.17","scan":"0.49","track":"0.65","acq_date":"2026-07-21","acq_time":"306","satellite":"N","instrument":"VIIRS","confidence":"n","version":"2.0NRT","bright_ti5":"288.95","frp":"0.47","daynight":"N","commune":"Martres-Tolosane","code_insee":"31324","departement":"Haute-Garonne","region":"Occitanie"}},{"type":"Feature","geometry":{"type":"Point","coordinates":[5.01098,43.37541]},"properties":{"latitude":"43.37541","longitude":"5.01098","bright_ti4":"304.1","scan":"0.72","track":"0.76","acq_date":"2026-07-21","acq_time":"306","satellite":"N","instrument":"VIIRS","confidence":"n","version":"2.0NRT","bright_ti5":"289.21","frp":"2.18","daynight":"N","commune":"Martigues","code_insee":"13056","departement":"Bouches-du-Rhône","region":"Provence-Alpes-Côte d'Azur"}},{"type":"Feature","geometry":{"type":"Point","coordinates":[5.01595,43.37635]},"properties":{"latitude":"43.37635","longitude":"5.01595","bright_ti4":"314.62","scan":"0.72","track":"0.76","acq_date":"2026-07-21","acq_time":"306","satellite":"N","instrument":"VIIRS","confidence":"n","version":"2.0NRT","bright_ti5":"289.19","frp":"2.17","daynight":"N","commune":"Martigues","code_insee":"13056","departement":"Bouches-du-Rhône","region":"Provence-Alpes-Côte d'Azur"}},{"type":"Feature","geometry":{"type":"Point","coordinates":[5.01476,43.382]},"properties":{"latitude":"43.382","longitude":"5.01476","bright_ti4":"307.38","scan":"0.72","track":"0.76","acq_date":"2026-07-21","acq_time":"306","satellite":"N","instrument":"VIIRS","confidence":"n","version":"2.0NRT","bright_ti5":"289.31","frp":"2.35","daynight":"N","commune":"Martigues","code_insee":"13056","departement":"Bouches-du-Rhône","region":"Provence-Alpes-Côte d'Azur"}},{"type":"Feature","geometry":{"type":"Point","coordinates":[4.89105,43.43603]},"properties":{"latitude":"43.43603","longitude":"4.89105","bright_ti4":"311.54","scan":"0.71","track":"0.75","acq_date":"2026-07-21","acq_time":"306","satellite":"N","instrument":"VIIRS","confidence":"n","version":"2.0NRT","bright_ti5":"285.36","frp":"3.38","daynight":"N","commune":"Fos-sur-Mer","code_insee":"13039","departement":"Bouches-du-Rhône","region":"Provence-Alpes-Côte d'Azur"}},{"type":"Feature","geometry":{"type":"Point","coordinates":[4.88282,43.43892]},"properties":{"latitude":"43.43892","longitude":"4.88282","bright_ti4":"301.09","scan":"0.71","track":"0.75","acq_date":"2026-07-21","acq_time":"306","satellite":"N","instrument":"VIIRS","confidence":"n","version":"2.0NRT","bright_ti5":"283.7","frp":"2.1","daynight":"N","commune":"Fos-sur-Mer","code_insee":"13039","departement":"Bouches-du-Rhône","region":"Provence-Alpes-Côte d'Azur"}},{"type":"Feature","geometry":{"type":"Point","coordinates":[4.89063,43.44213]},"properties":{"latitude":"43.44213","longitude":"4.89063","bright_ti4":"301.65","scan":"0.71","track":"0.75","acq_date":"2026-07-21","acq_time":"306","satellite":"N","instrument":"VIIRS","confidence":"n","version":"2.0NRT","bright_ti5":"285.76","frp":"1.85","daynight":"N","commune":"Fos-sur-Mer","code_insee":"13039","departement":"Bouches-du-Rhône","region":"Provence-Alpes-Côte d'Azur"}},{"type":"Feature","geometry":{"type":"Point","coordinates":[4.88243,43.44505]},"properties":{"latitude":"43.44505","longitude":"4.88243","bright_ti4":"316.99","scan":"0.71","track":"0.75","acq_date":"2026-07-21","acq_time":"306","satellite":"N","instrument":"VIIRS","confidence":"n","version":"2.0NRT","bright_ti5":"284.29","frp":"1.85","daynight":"N","commune":"Fos-sur-Mer","code_insee":"13039","departement":"Bouches-du-Rhône","region":"Provence-Alpes-Côte d'Azur"}},{"type":"Feature","geometry":{"type":"Point","coordinates":[4.88716,43.44525]},"properties":{"latitude":"43.44525","longitude":"4.88716","bright_ti4":"301.88","scan":"0.71","track":"0.75","acq_date":"2026-07-21","acq_time":"306","satellite":"N","instrument":"VIIRS","confidence":"n","version":"2.0NRT","bright_ti5":"285.01","frp":"2.1","daynight":"N","commune":"Fos-sur-Mer","code_insee":"13039","departement":"Bouches-du-Rhône","region":"Provence-Alpes-Côte d'Azur"}},{"type":"Feature","geometry":{"type":"Point","coordinates":[4.87887,43.44815]},"properties":{"latitude":"43.44815","longitude":"4.87887","bright_ti4":"305.07","scan":"0.71","track":"0.75","acq_date":"2026-07-21","acq_time":"306","satellite":"N","instrument":"VIIRS","confidence":"n","version":"2.0NRT","bright_ti5":"282.85","frp":"2.1","daynight":"N","commune":"Fos-sur-Mer","code_insee":"13039","departement":"Bouches-du-Rhône","region":"Provence-Alpes-Côte d'Azur"}},{"type":"Feature","geometry":{"type":"Point","coordinates":[4.89489,43.4485]},"properties":{"latitude":"43.4485","longitude":"4.89489","bright_ti4":"310.35","scan":"0.71","track":"0.75","acq_date":"2026-07-21","acq_time":"306","satellite":"N","instrument":"VIIRS","confidence":"n","version":"2.0NRT","bright_ti5":"285.8","frp":"1.85","daynight":"N","commune":"Fos-sur-Mer","code_insee":"13039","departement":"Bouches-du-Rhône","region":"Provence-Alpes-Côte d'Azur"}},{"type":"Feature","geometry":{"type":"Point","coordinates":[4.8997,43.44872]},"properties":{"latitude":"43.44872","longitude":"4.8997","bright_ti4":"305.22","scan":"0.71","track":"0.75","acq_date":"2026-07-21","acq_time":"306","satellite":"N","instrument":"VIIRS","confidence":"n","version":"2.0NRT","bright_ti5":"285.55","frp":"1.18","daynight":"N","commune":"Fos-sur-Mer","code_insee":"13039","departement":"Bouches-du-Rhône","region":"Provence-Alpes-Côte d'Azur"}},{"type":"Feature","geometry":{"type":"Point","coordinates":[-0.17939,45.26543]},"properties":{"latitude":"45.26543","longitude":"-0.17939","bright_ti4":"304.68","scan":"0.37","track":"0.58","acq_date":"2026-07-21","acq_time":"306","satellite":"N","instrument":"VIIRS","confidence":"n","version":"2.0NRT","bright_ti5":"288.2","frp":"3.87","daynight":"N","commune":"Saint-Palais-de-Négrignac","code_insee":"17378","departement":"Charente-Maritime","region":"Nouvelle-Aquitaine"}},{"type":"Feature","geometry":{"type":"Point","coordinates":[-0.18392,45.26674]},"properties":{"latitude":"45.26674","longitude":"-0.18392","bright_ti4":"367","scan":"0.37","track":"0.58","acq_date":"2026-07-21","acq_time":"306","satellite":"N","instrument":"VIIRS","confidence":"h","version":"2.0NRT","bright_ti5":"289.84","frp":"3.87","daynight":"N","commune":"Saint-Palais-de-Négrignac","code_insee":"17378","departement":"Charente-Maritime","region":"Nouvelle-Aquitaine"}},{"type":"Feature","geometry":{"type":"Point","coordinates":[-0.1766,45.27052]},"properties":{"latitude":"45.27052","longitude":"-0.1766","bright_ti4":"348.18","scan":"0.37","track":"0.58","acq_date":"2026-07-21","acq_time":"306","satellite":"N","instrument":"VIIRS","confidence":"n","version":"2.0NRT","bright_ti5":"291.91","frp":"9.47","daynight":"N","commune":"Saint-Palais-de-Négrignac","code_insee":"17378","departement":"Charente-Maritime","region":"Nouvelle-Aquitaine"}},{"type":"Feature","geometry":{"type":"Point","coordinates":[-0.18114,45.27183]},"properties":{"latitude":"45.27183","longitude":"-0.18114","bright_ti4":"367","scan":"0.37","track":"0.58","acq_date":"2026-07-21","acq_time":"306","satellite":"N","instrument":"VIIRS","confidence":"h","version":"2.0NRT","bright_ti5":"298.75","frp":"9.47","daynight":"N","commune":"Saint-Palais-de-Négrignac","code_insee":"17378","departement":"Charente-Maritime","region":"Nouvelle-Aquitaine"}},{"type":"Feature","geometry":{"type":"Point","coordinates":[9.05564,42.2639]},"properties":{"latitude":"42.2639","longitude":"9.05564","bright_ti4":"332.86","scan":"0.77","track":"0.77","acq_date":"2026-07-21","acq_time":"1110","satellite":"N","instrument":"VIIRS","confidence":"n","version":"2.0NRT","bright_ti5":"290.99","frp":"16.56","daynight":"D","commune":"Corte","code_insee":"2B096","departement":"Haute-Corse","region":"Corse"}},{"type":"Feature","geometry":{"type":"Point","coordinates":[9.06104,42.26582]},"properties":{"latitude":"42.26582","longitude":"9.06104","bright_ti4":"350.08","scan":"0.77","track":"0.77","acq_date":"2026-07-21","acq_time":"1110","satellite":"N","instrument":"VIIRS","confidence":"n","version":"2.0NRT","bright_ti5":"289.21","frp":"23.42","daynight":"D","commune":"Corte","code_insee":"2B096","departement":"Haute-Corse","region":"Corse"}},{"type":"Feature","geometry":{"type":"Point","coordinates":[2.96001,49.0981]},"properties":{"latitude":"49.0981","longitude":"2.96001","bright_ti4":"336.7","scan":"0.78","track":"0.78","acq_date":"2026-07-21","acq_time":"1113","satellite":"N","instrument":"VIIRS","confidence":"n","version":"2.0NRT","bright_ti5":"293.52","frp":"5.49","daynight":"D","commune":"Acy-en-Multien","code_insee":"60005","departement":"Oise","region":"Hauts-de-France"}},{"type":"Feature","geometry":{"type":"Point","coordinates":[2.95555,49.0992]},"properties":{"latitude":"49.0992","longitude":"2.95555","bright_ti4":"336.61","scan":"0.78","track":"0.78","acq_date":"2026-07-21","acq_time":"1113","satellite":"N","instrument":"VIIRS","confidence":"n","version":"2.0NRT","bright_ti5":"292.63","frp":"4.77","daynight":"D","commune":"Acy-en-Multien","code_insee":"60005","departement":"Oise","region":"Hauts-de-France"}},{"type":"Feature","geometry":{"type":"Point","coordinates":[2.39616,43.22015]},"properties":{"latitude":"43.22015","longitude":"2.39616","bright_ti4":"367","scan":"0.39","track":"0.36","acq_date":"2026-07-21","acq_time":"1251","satellite":"N","instrument":"VIIRS","confidence":"h","version":"2.0NRT","bright_ti5":"308.83","frp":"6.82","daynight":"D","commune":"Carcassonne","code_insee":"11069","departement":"Aude","region":"Occitanie"}},{"type":"Feature","geometry":{"type":"Point","coordinates":[4.8913,43.43365]},"properties":{"latitude":"43.43365","longitude":"4.8913","bright_ti4":"342.29","scan":"0.4","track":"0.37","acq_date":"2026-07-21","acq_time":"1251","satellite":"N","instrument":"VIIRS","confidence":"l","version":"2.0NRT","bright_ti5":"315.59","frp":"10.01","daynight":"D","commune":"Fos-sur-Mer","code_insee":"13039","departement":"Bouches-du-Rhône","region":"Provence-Alpes-Côte d'Azur"}},{"type":"Feature","geometry":{"type":"Point","coordinates":[4.89043,43.43702]},"properties":{"latitude":"43.43702","longitude":"4.89043","bright_ti4":"343.52","scan":"0.4","track":"0.37","acq_date":"2026-07-21","acq_time":"1251","satellite":"N","instrument":"VIIRS","confidence":"l","version":"2.0NRT","bright_ti5":"315.68","frp":"11.12","daynight":"D","commune":"Fos-sur-Mer","code_insee":"13039","departement":"Bouches-du-Rhône","region":"Provence-Alpes-Côte d'Azur"}},{"type":"Feature","geometry":{"type":"Point","coordinates":[4.89854,43.44509]},"properties":{"latitude":"43.44509","longitude":"4.89854","bright_ti4":"338.93","scan":"0.4","track":"0.37","acq_date":"2026-07-21","acq_time":"1251","satellite":"N","instrument":"VIIRS","confidence":"l","version":"2.0NRT","bright_ti5":"312.74","frp":"5.12","daynight":"D","commune":"Fos-sur-Mer","code_insee":"13039","departement":"Bouches-du-Rhône","region":"Provence-Alpes-Côte d'Azur"}},{"type":"Feature","geometry":{"type":"Point","coordinates":[6.07051,43.54121]},"properties":{"latitude":"43.54121","longitude":"6.07051","bright_ti4":"356.21","scan":"0.42","track":"0.38","acq_date":"2026-07-21","acq_time":"1251","satellite":"N","instrument":"VIIRS","confidence":"l","version":"2.0NRT","bright_ti5":"319.78","frp":"75.91","daynight":"D","commune":"Pontevès","code_insee":"83095","departement":"Var","region":"Provence-Alpes-Côte d'Azur"}},{"type":"Feature","geometry":{"type":"Point","coordinates":[6.07561,43.54185]},"properties":{"latitude":"43.54185","longitude":"6.07561","bright_ti4":"353.4","scan":"0.42","track":"0.38","acq_date":"2026-07-21","acq_time":"1251","satellite":"N","instrument":"VIIRS","confidence":"l","version":"2.0NRT","bright_ti5":"325.22","frp":"61","daynight":"D","commune":"Pontevès","code_insee":"83095","departement":"Var","region":"Provence-Alpes-Côte d'Azur"}},{"type":"Feature","geometry":{"type":"Point","coordinates":[6.08081,43.54251]},"properties":{"latitude":"43.54251","longitude":"6.08081","bright_ti4":"367","scan":"0.42","track":"0.38","acq_date":"2026-07-21","acq_time":"1251","satellite":"N","instrument":"VIIRS","confidence":"h","version":"2.0NRT","bright_ti5":"331.08","frp":"61","daynight":"D","commune":"Pontevès","code_insee":"83095","departement":"Var","region":"Provence-Alpes-Côte d'Azur"}},{"type":"Feature","geometry":{"type":"Point","coordinates":[6.06462,43.54403]},"properties":{"latitude":"43.54403","longitude":"6.06462","bright_ti4":"367","scan":"0.42","track":"0.38","acq_date":"2026-07-21","acq_time":"1251","satellite":"N","instrument":"VIIRS","confidence":"h","version":"2.0NRT","bright_ti5":"345.84","frp":"75.91","daynight":"D","commune":"Pontevès","code_insee":"83095","departement":"Var","region":"Provence-Alpes-Côte d'Azur"}},{"type":"Feature","geometry":{"type":"Point","coordinates":[6.06978,43.54469]},"properties":{"latitude":"43.54469","longitude":"6.06978","bright_ti4":"367","scan":"0.42","track":"0.38","acq_date":"2026-07-21","acq_time":"1251","satellite":"N","instrument":"VIIRS","confidence":"h","version":"2.0NRT","bright_ti5":"344.64","frp":"75.91","daynight":"D","commune":"Pontevès","code_insee":"83095","departement":"Var","region":"Provence-Alpes-Côte d'Azur"}},{"type":"Feature","geometry":{"type":"Point","coordinates":[6.07499,43.54535]},"properties":{"latitude":"43.54535","longitude":"6.07499","bright_ti4":"367","scan":"0.42","track":"0.38","acq_date":"2026-07-21","acq_time":"1251","satellite":"N","instrument":"VIIRS","confidence":"l","version":"2.0NRT","bright_ti5":"343.19","frp":"61","daynight":"D","commune":"Pontevès","code_insee":"83095","departement":"Var","region":"Provence-Alpes-Côte d'Azur"}},{"type":"Feature","geometry":{"type":"Point","coordinates":[6.08026,43.54602]},"properties":{"latitude":"43.54602","longitude":"6.08026","bright_ti4":"367","scan":"0.42","track":"0.38","acq_date":"2026-07-21","acq_time":"1251","satellite":"N","instrument":"VIIRS","confidence":"l","version":"2.0NRT","bright_ti5":"329.23","frp":"61","daynight":"D","commune":"Pontevès","code_insee":"83095","departement":"Var","region":"Provence-Alpes-Côte d'Azur"}},{"type":"Feature","geometry":{"type":"Point","coordinates":[6.05868,43.54684]},"properties":{"latitude":"43.54684","longitude":"6.05868","bright_ti4":"367","scan":"0.42","track":"0.38","acq_date":"2026-07-21","acq_time":"1251","satellite":"N","instrument":"VIIRS","confidence":"h","version":"2.0NRT","bright_ti5":"326.32","frp":"62.18","daynight":"D","commune":"Pontevès","code_insee":"83095","departement":"Var","region":"Provence-Alpes-Côte d'Azur"}},{"type":"Feature","geometry":{"type":"Point","coordinates":[6.06389,43.54751]},"properties":{"latitude":"43.54751","longitude":"6.06389","bright_ti4":"367","scan":"0.42","track":"0.38","acq_date":"2026-07-21","acq_time":"1251","satellite":"N","instrument":"VIIRS","confidence":"l","version":"2.0NRT","bright_ti5":"340.14","frp":"47.42","daynight":"D","commune":"Pontevès","code_insee":"83095","departement":"Var","region":"Provence-Alpes-Côte d'Azur"}},{"type":"Feature","geometry":{"type":"Point","coordinates":[6.06911,43.54818]},"properties":{"latitude":"43.54818","longitude":"6.06911","bright_ti4":"367","scan":"0.42","track":"0.38","acq_date":"2026-07-21","acq_time":"1251","satellite":"N","instrument":"VIIRS","confidence":"l","version":"2.0NRT","bright_ti5":"335.3","frp":"47.42","daynight":"D","commune":"Pontevès","code_insee":"83095","departement":"Var","region":"Provence-Alpes-Côte d'Azur"}},{"type":"Feature","geometry":{"type":"Point","coordinates":[6.07434,43.54884]},"properties":{"latitude":"43.54884","longitude":"6.07434","bright_ti4":"367","scan":"0.42","track":"0.38","acq_date":"2026-07-21","acq_time":"1251","satellite":"N","instrument":"VIIRS","confidence":"h","version":"2.0NRT","bright_ti5":"334.8","frp":"196.13","daynight":"D","commune":"Pontevès","code_insee":"83095","departement":"Var","region":"Provence-Alpes-Côte d'Azur"}},{"type":"Feature","geometry":{"type":"Point","coordinates":[6.05799,43.55033]},"properties":{"latitude":"43.55033","longitude":"6.05799","bright_ti4":"367","scan":"0.42","track":"0.38","acq_date":"2026-07-21","acq_time":"1251","satellite":"N","instrument":"VIIRS","confidence":"l","version":"2.0NRT","bright_ti5":"335.12","frp":"62.18","daynight":"D","commune":"Pontevès","code_insee":"83095","departement":"Var","region":"Provence-Alpes-Côte d'Azur"}},{"type":"Feature","geometry":{"type":"Point","coordinates":[6.06322,43.551]},"properties":{"latitude":"43.551","longitude":"6.06322","bright_ti4":"355.27","scan":"0.42","track":"0.38","acq_date":"2026-07-21","acq_time":"1251","satellite":"N","instrument":"VIIRS","confidence":"l","version":"2.0NRT","bright_ti5":"326.46","frp":"47.42","daynight":"D","commune":"Pontevès","code_insee":"83095","departement":"Var","region":"Provence-Alpes-Côte d'Azur"}},{"type":"Feature","geometry":{"type":"Point","coordinates":[6.06847,43.55167]},"properties":{"latitude":"43.55167","longitude":"6.06847","bright_ti4":"355.97","scan":"0.42","track":"0.38","acq_date":"2026-07-21","acq_time":"1251","satellite":"N","instrument":"VIIRS","confidence":"l","version":"2.0NRT","bright_ti5":"319.14","frp":"47.42","daynight":"D","commune":"Pontevès","code_insee":"83095","departement":"Var","region":"Provence-Alpes-Côte d'Azur"}},{"type":"Feature","geometry":{"type":"Point","coordinates":[6.05729,43.55381]},"properties":{"latitude":"43.55381","longitude":"6.05729","bright_ti4":"367","scan":"0.42","track":"0.38","acq_date":"2026-07-21","acq_time":"1251","satellite":"N","instrument":"VIIRS","confidence":"h","version":"2.0NRT","bright_ti5":"321.88","frp":"82.84","daynight":"D","commune":"Pontevès","code_insee":"83095","departement":"Var","region":"Provence-Alpes-Côte d'Azur"}},{"type":"Feature","geometry":{"type":"Point","coordinates":[6.06252,43.55449]},"properties":{"latitude":"43.55449","longitude":"6.06252","bright_ti4":"357.33","scan":"0.42","track":"0.38","acq_date":"2026-07-21","acq_time":"1251","satellite":"N","instrument":"VIIRS","confidence":"l","version":"2.0NRT","bright_ti5":"315.98","frp":"64.41","daynight":"D","commune":"Pontevès","code_insee":"83095","departement":"Var","region":"Provence-Alpes-Côte d'Azur"}},{"type":"Feature","geometry":{"type":"Point","coordinates":[6.05655,43.55729]},"properties":{"latitude":"43.55729","longitude":"6.05655","bright_ti4":"367","scan":"0.42","track":"0.38","acq_date":"2026-07-21","acq_time":"1251","satellite":"N","instrument":"VIIRS","confidence":"h","version":"2.0NRT","bright_ti5":"339.37","frp":"82.84","daynight":"D","commune":"Pontevès","code_insee":"83095","departement":"Var","region":"Provence-Alpes-Côte d'Azur"}},{"type":"Feature","geometry":{"type":"Point","coordinates":[6.06177,43.55796]},"properties":{"latitude":"43.55796","longitude":"6.06177","bright_ti4":"367","scan":"0.42","track":"0.38","acq_date":"2026-07-21","acq_time":"1251","satellite":"N","instrument":"VIIRS","confidence":"l","version":"2.0NRT","bright_ti5":"331.21","frp":"64.41","daynight":"D","commune":"Pontevès","code_insee":"83095","departement":"Var","region":"Provence-Alpes-Côte d'Azur"}},{"type":"Feature","geometry":{"type":"Point","coordinates":[5.51359,43.6424]},"properties":{"latitude":"43.6424","longitude":"5.51359","bright_ti4":"338.32","scan":"0.41","track":"0.37","acq_date":"2026-07-21","acq_time":"1251","satellite":"N","instrument":"VIIRS","confidence":"n","version":"2.0NRT","bright_ti5":"306.11","frp":"3.36","daynight":"D","commune":"Meyrargues","code_insee":"13059","departement":"Bouches-du-Rhône","region":"Provence-Alpes-Côte d'Azur"}},{"type":"Feature","geometry":{"type":"Point","coordinates":[0.13906,44.1908]},"properties":{"latitude":"44.1908","longitude":"0.13906","bright_ti4":"332.56","scan":"0.41","track":"0.37","acq_date":"2026-07-21","acq_time":"1251","satellite":"N","instrument":"VIIRS","confidence":"l","version":"2.0NRT","bright_ti5":"305.32","frp":"5.4","daynight":"D","commune":"Fargues-sur-Ourbise","code_insee":"47093","departement":"Lot-et-Garonne","region":"Nouvelle-Aquitaine"}},{"type":"Feature","geometry":{"type":"Point","coordinates":[0.14041,44.19368]},"properties":{"latitude":"44.19368","longitude":"0.14041","bright_ti4":"338.46","scan":"0.41","track":"0.37","acq_date":"2026-07-21","acq_time":"1251","satellite":"N","instrument":"VIIRS","confidence":"n","version":"2.0NRT","bright_ti5":"307.32","frp":"11.19","daynight":"D","commune":"Fargues-sur-Ourbise","code_insee":"47093","departement":"Lot-et-Garonne","region":"Nouvelle-Aquitaine"}},{"type":"Feature","geometry":{"type":"Point","coordinates":[0.13789,44.19416]},"properties":{"latitude":"44.19416","longitude":"0.13789","bright_ti4":"332.68","scan":"0.41","track":"0.37","acq_date":"2026-07-21","acq_time":"1251","satellite":"N","instrument":"VIIRS","confidence":"l","version":"2.0NRT","bright_ti5":"302.7","frp":"5.4","daynight":"D","commune":"Fargues-sur-Ourbise","code_insee":"47093","departement":"Lot-et-Garonne","region":"Nouvelle-Aquitaine"}},{"type":"Feature","geometry":{"type":"Point","coordinates":[6.56224,44.75258]},"properties":{"latitude":"44.75258","longitude":"6.56224","bright_ti4":"334.52","scan":"0.45","track":"0.39","acq_date":"2026-07-21","acq_time":"1251","satellite":"N","instrument":"VIIRS","confidence":"n","version":"2.0NRT","bright_ti5":"304.41","frp":"3.03","daynight":"D","commune":"Freissinières","code_insee":"05058","departement":"Hautes-Alpes","region":"Provence-Alpes-Côte d'Azur"}},{"type":"Feature","geometry":{"type":"Point","coordinates":[6.56146,44.75615]},"properties":{"latitude":"44.75615","longitude":"6.56146","bright_ti4":"346.48","scan":"0.45","track":"0.39","acq_date":"2026-07-21","acq_time":"1251","satellite":"N","instrument":"VIIRS","confidence":"n","version":"2.0NRT","bright_ti5":"305.59","frp":"9.6","daynight":"D","commune":"Freissinières","code_insee":"05058","departement":"Hautes-Alpes","region":"Provence-Alpes-Côte d'Azur"}},{"type":"Feature","geometry":{"type":"Point","coordinates":[6.55468,44.75901]},"properties":{"latitude":"44.75901","longitude":"6.55468","bright_ti4":"350.48","scan":"0.45","track":"0.39","acq_date":"2026-07-21","acq_time":"1251","satellite":"N","instrument":"VIIRS","confidence":"n","version":"2.0NRT","bright_ti5":"306.13","frp":"9.6","daynight":"D","commune":"Freissinières","code_insee":"05058","departement":"Hautes-Alpes","region":"Provence-Alpes-Côte d'Azur"}},{"type":"Feature","geometry":{"type":"Point","coordinates":[-0.68957,44.82342]},"properties":{"latitude":"44.82342","longitude":"-0.68957","bright_ti4":"367","scan":"0.42","track":"0.38","acq_date":"2026-07-21","acq_time":"1251","satellite":"N","instrument":"VIIRS","confidence":"h","version":"2.0NRT","bright_ti5":"342.01","frp":"190.53","daynight":"D","commune":"Mérignac","code_insee":"33281","departement":"Gironde","region":"Nouvelle-Aquitaine"}},{"type":"Feature","geometry":{"type":"Point","coordinates":[-0.68433,44.82439]},"properties":{"latitude":"44.82439","longitude":"-0.68433","bright_ti4":"367","scan":"0.42","track":"0.38","acq_date":"2026-07-21","acq_time":"1251","satellite":"N","instrument":"VIIRS","confidence":"h","version":"2.0NRT","bright_ti5":"342.52","frp":"284.9","daynight":"D","commune":"Mérignac","code_insee":"33281","departement":"Gironde","region":"Nouvelle-Aquitaine"}},{"type":"Feature","geometry":{"type":"Point","coordinates":[3.48082,48.6375]},"properties":{"latitude":"48.6375","longitude":"3.48082","bright_ti4":"334.65","scan":"0.41","track":"0.37","acq_date":"2026-07-21","acq_time":"1253","satellite":"N","instrument":"VIIRS","confidence":"n","version":"2.0NRT","bright_ti5":"304.03","frp":"7.15","daynight":"D","commune":"Louan-Villegruis-Fontaine","code_insee":"77262","departement":"Seine-et-Marne","region":"Île-de-France"}},{"type":"Feature","geometry":{"type":"Point","coordinates":[3.47875,48.63964]},"properties":{"latitude":"48.63964","longitude":"3.47875","bright_ti4":"346.15","scan":"0.41","track":"0.37","acq_date":"2026-07-21","acq_time":"1253","satellite":"N","instrument":"VIIRS","confidence":"n","version":"2.0NRT","bright_ti5":"311.62","frp":"37.95","daynight":"D","commune":"Bouchy-Saint-Genest","code_insee":"51071","departement":"Marne","region":"Grand Est"}},{"type":"Feature","geometry":{"type":"Point","coordinates":[0.44292,48.91196]},"properties":{"latitude":"48.91196","longitude":"0.44292","bright_ti4":"339.81","scan":"0.38","track":"0.36","acq_date":"2026-07-21","acq_time":"1253","satellite":"N","instrument":"VIIRS","confidence":"n","version":"2.0NRT","bright_ti5":"314.18","frp":"14.84","daynight":"D","commune":"Verneusses","code_insee":"27680","departement":"Eure","region":"Normandie"}},{"type":"Feature","geometry":{"type":"Point","coordinates":[0.4481,48.91278]},"properties":{"latitude":"48.91278","longitude":"0.4481","bright_ti4":"333.45","scan":"0.38","track":"0.36","acq_date":"2026-07-21","acq_time":"1253","satellite":"N","instrument":"VIIRS","confidence":"n","version":"2.0NRT","bright_ti5":"302.06","frp":"5.65","daynight":"D","commune":"Verneusses","code_insee":"27680","departement":"Eure","region":"Normandie"}},{"type":"Feature","geometry":{"type":"Point","coordinates":[0.44173,48.91523]},"properties":{"latitude":"48.91523","longitude":"0.44173","bright_ti4":"344.54","scan":"0.38","track":"0.36","acq_date":"2026-07-21","acq_time":"1253","satellite":"N","instrument":"VIIRS","confidence":"n","version":"2.0NRT","bright_ti5":"306.85","frp":"14.84","daynight":"D","commune":"Verneusses","code_insee":"27680","departement":"Eure","region":"Normandie"}},{"type":"Feature","geometry":{"type":"Point","coordinates":[0.44691,48.91605]},"properties":{"latitude":"48.91605","longitude":"0.44691","bright_ti4":"336.06","scan":"0.38","track":"0.36","acq_date":"2026-07-21","acq_time":"1253","satellite":"N","instrument":"VIIRS","confidence":"n","version":"2.0NRT","bright_ti5":"306.49","frp":"5.65","daynight":"D","commune":"Verneusses","code_insee":"27680","departement":"Eure","region":"Normandie"}},{"type":"Feature","geometry":{"type":"Point","coordinates":[2.95198,49.09764]},"properties":{"latitude":"49.09764","longitude":"2.95198","bright_ti4":"333.36","scan":"0.4","track":"0.37","acq_date":"2026-07-21","acq_time":"1253","satellite":"N","instrument":"VIIRS","confidence":"n","version":"2.0NRT","bright_ti5":"303.8","frp":"1.85","daynight":"D","commune":"Acy-en-Multien","code_insee":"60005","departement":"Oise","region":"Hauts-de-France"}},{"type":"Feature","geometry":{"type":"Point","coordinates":[2.95745,49.09839]},"properties":{"latitude":"49.09839","longitude":"2.95745","bright_ti4":"334.48","scan":"0.4","track":"0.37","acq_date":"2026-07-21","acq_time":"1253","satellite":"N","instrument":"VIIRS","confidence":"n","version":"2.0NRT","bright_ti5":"305.3","frp":"3.97","daynight":"D","commune":"Acy-en-Multien","code_insee":"60005","departement":"Oise","region":"Hauts-de-France"}},{"type":"Feature","geometry":{"type":"Point","coordinates":[2.97395,49.2718]},"properties":{"latitude":"49.2718","longitude":"2.97395","bright_ti4":"330.1","scan":"0.4","track":"0.37","acq_date":"2026-07-21","acq_time":"1253","satellite":"N","instrument":"VIIRS","confidence":"n","version":"2.0NRT","bright_ti5":"301.33","frp":"1.39","daynight":"D","commune":"Bonneuil-en-Valois","code_insee":"60083","departement":"Oise","region":"Hauts-de-France"}},{"type":"Feature","geometry":{"type":"Point","coordinates":[2.74196,50.44377]},"properties":{"latitude":"50.44377","longitude":"2.74196","bright_ti4":"335.26","scan":"0.41","track":"0.37","acq_date":"2026-07-21","acq_time":"1253","satellite":"N","instrument":"VIIRS","confidence":"n","version":"2.0NRT","bright_ti5":"303.3","frp":"4.8","daynight":"D","commune":"Bully-les-Mines","code_insee":"62186","departement":"Pas-de-Calais","region":"Hauts-de-France"}},{"type":"Feature","geometry":{"type":"Point","coordinates":[-3.42757,48.03054]},"properties":{"latitude":"48.03054","longitude":"-3.42757","bright_ti4":"338.07","scan":"0.78","track":"0.78","acq_date":"2026-07-21","acq_time":"1431","satellite":"N","instrument":"VIIRS","confidence":"n","version":"2.0NRT","bright_ti5":"292.84","frp":"14.04","daynight":"D","commune":"Priziac","code_insee":"56182","departement":"Morbihan","region":"Bretagne"}},{"type":"Feature","geometry":{"type":"Point","coordinates":[-3.43769,48.03084]},"properties":{"latitude":"48.03084","longitude":"-3.43769","bright_ti4":"367","scan":"0.78","track":"0.78","acq_date":"2026-07-21","acq_time":"1431","satellite":"N","instrument":"VIIRS","confidence":"h","version":"2.0NRT","bright_ti5":"293.23","frp":"14.04","daynight":"D","commune":"Priziac","code_insee":"56182","departement":"Morbihan","region":"Bretagne"}},{"type":"Feature","geometry":{"type":"Point","coordinates":[-3.42692,48.0316]},"properties":{"latitude":"48.0316","longitude":"-3.42692","bright_ti4":"347.13","scan":"0.78","track":"0.78","acq_date":"2026-07-21","acq_time":"1431","satellite":"N","instrument":"VIIRS","confidence":"n","version":"2.0NRT","bright_ti5":"292.78","frp":"19.47","daynight":"D","commune":"Priziac","code_insee":"56182","departement":"Morbihan","region":"Bretagne"}},{"type":"Feature","geometry":{"type":"Point","coordinates":[-3.43718,48.03185]},"properties":{"latitude":"48.03185","longitude":"-3.43718","bright_ti4":"350.52","scan":"0.78","track":"0.78","acq_date":"2026-07-21","acq_time":"1431","satellite":"N","instrument":"VIIRS","confidence":"n","version":"2.0NRT","bright_ti5":"293.23","frp":"14.49","daynight":"D","commune":"Priziac","code_insee":"56182","departement":"Morbihan","region":"Bretagne"}},{"type":"Feature","geometry":{"type":"Point","coordinates":[-3.62955,48.45176]},"properties":{"latitude":"48.45176","longitude":"-3.62955","bright_ti4":"367","scan":"0.77","track":"0.77","acq_date":"2026-07-21","acq_time":"1431","satellite":"N","instrument":"VIIRS","confidence":"h","version":"2.0NRT","bright_ti5":"296.58","frp":"33.87","daynight":"D","commune":"Scrignac","code_insee":"29275","departement":"Finistère","region":"Bretagne"}},{"type":"Feature","geometry":{"type":"Point","coordinates":[-3.63047,48.45218]},"properties":{"latitude":"48.45218","longitude":"-3.63047","bright_ti4":"367","scan":"0.76","track":"0.77","acq_date":"2026-07-21","acq_time":"1431","satellite":"N","instrument":"VIIRS","confidence":"h","version":"2.0NRT","bright_ti5":"296.63","frp":"35.45","daynight":"D","commune":"Scrignac","code_insee":"29275","departement":"Finistère","region":"Bretagne"}},{"type":"Feature","geometry":{"type":"Point","coordinates":[3.56644,50.40266]},"properties":{"latitude":"50.40266","longitude":"3.56644","bright_ti4":"309.84","scan":"0.43","track":"0.38","acq_date":"2026-07-21","acq_time":"141","satellite":"N20","instrument":"VIIRS","confidence":"n","version":"2.0NRT","bright_ti5":"283.15","frp":"1.16","daynight":"N","commune":"Onnaing","code_insee":"59447","departement":"Nord","region":"Hauts-de-France"}},{"type":"Feature","geometry":{"type":"Point","coordinates":[3.56043,50.40341]},"properties":{"latitude":"50.40341","longitude":"3.56043","bright_ti4":"301.19","scan":"0.43","track":"0.38","acq_date":"2026-07-21","acq_time":"141","satellite":"N20","instrument":"VIIRS","confidence":"n","version":"2.0NRT","bright_ti5":"284.37","frp":"1.16","daynight":"N","commune":"Saint-Saulve","code_insee":"59544","departement":"Nord","region":"Hauts-de-France"}},{"type":"Feature","geometry":{"type":"Point","coordinates":[2.27234,51.02547]},"properties":{"latitude":"51.02547","longitude":"2.27234","bright_ti4":"307.29","scan":"0.47","track":"0.4","acq_date":"2026-07-21","acq_time":"141","satellite":"N20","instrument":"VIIRS","confidence":"n","version":"2.0NRT","bright_ti5":"286.45","frp":"1.97","daynight":"N","commune":"Grande-Synthe","code_insee":"59271","departement":"Nord","region":"Hauts-de-France"}},{"type":"Feature","geometry":{"type":"Point","coordinates":[2.27294,51.02611]},"properties":{"latitude":"51.02611","longitude":"2.27294","bright_ti4":"320.41","scan":"0.47","track":"0.4","acq_date":"2026-07-21","acq_time":"141","satellite":"N20","instrument":"VIIRS","confidence":"n","version":"2.0NRT","bright_ti5":"287.11","frp":"1.6","daynight":"N","commune":"Grande-Synthe","code_insee":"59271","departement":"Nord","region":"Hauts-de-France"}},{"type":"Feature","geometry":{"type":"Point","coordinates":[2.27337,51.0291]},"properties":{"latitude":"51.0291","longitude":"2.27337","bright_ti4":"325.51","scan":"0.47","track":"0.4","acq_date":"2026-07-21","acq_time":"141","satellite":"N20","instrument":"VIIRS","confidence":"n","version":"2.0NRT","bright_ti5":"287.34","frp":"1.97","daynight":"N","commune":"Grande-Synthe","code_insee":"59271","departement":"Nord","region":"Hauts-de-France"}},{"type":"Feature","geometry":{"type":"Point","coordinates":[2.27396,51.02974]},"properties":{"latitude":"51.02974","longitude":"2.27396","bright_ti4":"314.21","scan":"0.47","track":"0.4","acq_date":"2026-07-21","acq_time":"141","satellite":"N20","instrument":"VIIRS","confidence":"n","version":"2.0NRT","bright_ti5":"286.58","frp":"1.37","daynight":"N","commune":"Grande-Synthe","code_insee":"59271","departement":"Nord","region":"Hauts-de-France"}},{"type":"Feature","geometry":{"type":"Point","coordinates":[2.27439,51.03273]},"properties":{"latitude":"51.03273","longitude":"2.27439","bright_ti4":"298.55","scan":"0.47","track":"0.4","acq_date":"2026-07-21","acq_time":"141","satellite":"N20","instrument":"VIIRS","confidence":"n","version":"2.0NRT","bright_ti5":"285.95","frp":"0.85","daynight":"N","commune":"Grande-Synthe","code_insee":"59271","departement":"Nord","region":"Hauts-de-France"}},{"type":"Feature","geometry":{"type":"Point","coordinates":[2.27498,51.03337]},"properties":{"latitude":"51.03337","longitude":"2.27498","bright_ti4":"302.8","scan":"0.47","track":"0.4","acq_date":"2026-07-21","acq_time":"141","satellite":"N20","instrument":"VIIRS","confidence":"n","version":"2.0NRT","bright_ti5":"286.39","frp":"1.37","daynight":"N","commune":"Grande-Synthe","code_insee":"59271","departement":"Nord","region":"Hauts-de-France"}},{"type":"Feature","geometry":{"type":"Point","coordinates":[2.28891,51.03489]},"properties":{"latitude":"51.03489","longitude":"2.28891","bright_ti4":"311.38","scan":"0.47","track":"0.4","acq_date":"2026-07-21","acq_time":"141","satellite":"N20","instrument":"VIIRS","confidence":"n","version":"2.0NRT","bright_ti5":"287.66","frp":"2.15","daynight":"N","commune":"Grande-Synthe","code_insee":"59271","departement":"Nord","region":"Hauts-de-France"}},{"type":"Feature","geometry":{"type":"Point","coordinates":[2.29095,51.04215]},"properties":{"latitude":"51.04215","longitude":"2.29095","bright_ti4":"299.34","scan":"0.47","track":"0.4","acq_date":"2026-07-21","acq_time":"141","satellite":"N20","instrument":"VIIRS","confidence":"n","version":"2.0NRT","bright_ti5":"287.13","frp":"0.82","daynight":"N","commune":"Grande-Synthe","code_insee":"59271","departement":"Nord","region":"Hauts-de-France"}},{"type":"Feature","geometry":{"type":"Point","coordinates":[2.29873,51.04504]},"properties":{"latitude":"51.04504","longitude":"2.29873","bright_ti4":"334.84","scan":"0.47","track":"0.4","acq_date":"2026-07-21","acq_time":"141","satellite":"N20","instrument":"VIIRS","confidence":"n","version":"2.0NRT","bright_ti5":"289.49","frp":"10.05","daynight":"N","commune":"Grande-Synthe","code_insee":"59271","departement":"Nord","region":"Hauts-de-France"}},{"type":"Feature","geometry":{"type":"Point","coordinates":[2.31996,51.04644]},"properties":{"latitude":"51.04644","longitude":"2.31996","bright_ti4":"330.72","scan":"0.47","track":"0.4","acq_date":"2026-07-21","acq_time":"141","satellite":"N20","instrument":"VIIRS","confidence":"n","version":"2.0NRT","bright_ti5":"288.29","frp":"3.49","daynight":"N","commune":"Dunkerque","code_insee":"59183","departement":"Nord","region":"Hauts-de-France"}},{"type":"Feature","geometry":{"type":"Point","coordinates":[9.06826,42.26641]},"properties":{"latitude":"42.26641","longitude":"9.06826","bright_ti4":"347.51","scan":"0.49","track":"0.4","acq_date":"2026-07-21","acq_time":"143","satellite":"N20","instrument":"VIIRS","confidence":"n","version":"2.0NRT","bright_ti5":"301.04","frp":"7.92","daynight":"N","commune":"Corte","code_insee":"2B096","departement":"Haute-Corse","region":"Corse"}},{"type":"Feature","geometry":{"type":"Point","coordinates":[9.06111,42.26785]},"properties":{"latitude":"42.26785","longitude":"9.06111","bright_ti4":"328.36","scan":"0.49","track":"0.4","acq_date":"2026-07-21","acq_time":"143","satellite":"N20","instrument":"VIIRS","confidence":"n","version":"2.0NRT","bright_ti5":"290.91","frp":"7.92","daynight":"N","commune":"Corte","code_insee":"2B096","departement":"Haute-Corse","region":"Corse"}},{"type":"Feature","geometry":{"type":"Point","coordinates":[9.07547,42.26881]},"properties":{"latitude":"42.26881","longitude":"9.07547","bright_ti4":"336.36","scan":"0.49","track":"0.4","acq_date":"2026-07-21","acq_time":"143","satellite":"N20","instrument":"VIIRS","confidence":"n","version":"2.0NRT","bright_ti5":"296.38","frp":"6.34","daynight":"N","commune":"Corte","code_insee":"2B096","departement":"Haute-Corse","region":"Corse"}},{"type":"Feature","geometry":{"type":"Point","coordinates":[9.06865,42.27018]},"properties":{"latitude":"42.27018","longitude":"9.06865","bright_ti4":"309.28","scan":"0.49","track":"0.4","acq_date":"2026-07-21","acq_time":"143","satellite":"N20","instrument":"VIIRS","confidence":"n","version":"2.0NRT","bright_ti5":"292.9","frp":"7.92","daynight":"N","commune":"Corte","code_insee":"2B096","departement":"Haute-Corse","region":"Corse"}},{"type":"Feature","geometry":{"type":"Point","coordinates":[9.08298,42.27116]},"properties":{"latitude":"42.27116","longitude":"9.08298","bright_ti4":"315.37","scan":"0.49","track":"0.4","acq_date":"2026-07-21","acq_time":"143","satellite":"N20","instrument":"VIIRS","confidence":"n","version":"2.0NRT","bright_ti5":"294.73","frp":"2.34","daynight":"N","commune":"Corte","code_insee":"2B096","departement":"Haute-Corse","region":"Corse"}},{"type":"Feature","geometry":{"type":"Point","coordinates":[9.07603,42.27256]},"properties":{"latitude":"42.27256","longitude":"9.07603","bright_ti4":"322.27","scan":"0.49","track":"0.4","acq_date":"2026-07-21","acq_time":"143","satellite":"N20","instrument":"VIIRS","confidence":"n","version":"2.0NRT","bright_ti5":"294.07","frp":"2.34","daynight":"N","commune":"Corte","code_insee":"2B096","departement":"Haute-Corse","region":"Corse"}},{"type":"Feature","geometry":{"type":"Point","coordinates":[9.08202,42.2868]},"properties":{"latitude":"42.2868","longitude":"9.08202","bright_ti4":"311.04","scan":"0.49","track":"0.4","acq_date":"2026-07-21","acq_time":"143","satellite":"N20","instrument":"VIIRS","confidence":"n","version":"2.0NRT","bright_ti5":"293.36","frp":"2.9","daynight":"N","commune":"Corte","code_insee":"2B096","departement":"Haute-Corse","region":"Corse"}},{"type":"Feature","geometry":{"type":"Point","coordinates":[9.08994,42.28793]},"properties":{"latitude":"42.28793","longitude":"9.08994","bright_ti4":"310.45","scan":"0.49","track":"0.4","acq_date":"2026-07-21","acq_time":"143","satellite":"N20","instrument":"VIIRS","confidence":"n","version":"2.0NRT","bright_ti5":"294.56","frp":"2.81","daynight":"N","commune":"Corte","code_insee":"2B096","departement":"Haute-Corse","region":"Corse"}},{"type":"Feature","geometry":{"type":"Point","coordinates":[9.09542,42.28798]},"properties":{"latitude":"42.28798","longitude":"9.09542","bright_ti4":"320.06","scan":"0.49","track":"0.4","acq_date":"2026-07-21","acq_time":"143","satellite":"N20","instrument":"VIIRS","confidence":"n","version":"2.0NRT","bright_ti5":"293.78","frp":"2.44","daynight":"N","commune":"Corte","code_insee":"2B096","departement":"Haute-Corse","region":"Corse"}},{"type":"Feature","geometry":{"type":"Point","coordinates":[9.08432,42.28908]},"properties":{"latitude":"42.28908","longitude":"9.08432","bright_ti4":"335.31","scan":"0.49","track":"0.4","acq_date":"2026-07-21","acq_time":"143","satellite":"N20","instrument":"VIIRS","confidence":"n","version":"2.0NRT","bright_ti5":"296.2","frp":"5.33","daynight":"N","commune":"Corte","code_insee":"2B096","departement":"Haute-Corse","region":"Corse"}},{"type":"Feature","geometry":{"type":"Point","coordinates":[9.08953,42.28916]},"properties":{"latitude":"42.28916","longitude":"9.08953","bright_ti4":"328.39","scan":"0.49","track":"0.4","acq_date":"2026-07-21","acq_time":"143","satellite":"N20","instrument":"VIIRS","confidence":"n","version":"2.0NRT","bright_ti5":"295.83","frp":"2.9","daynight":"N","commune":"Corte","code_insee":"2B096","departement":"Haute-Corse","region":"Corse"}},{"type":"Feature","geometry":{"type":"Point","coordinates":[9.084,42.29028]},"properties":{"latitude":"42.29028","longitude":"9.084","bright_ti4":"324.95","scan":"0.49","track":"0.4","acq_date":"2026-07-21","acq_time":"143","satellite":"N20","instrument":"VIIRS","confidence":"n","version":"2.0NRT","bright_ti5":"293.1","frp":"2.9","daynight":"N","commune":"Corte","code_insee":"2B096","departement":"Haute-Corse","region":"Corse"}},{"type":"Feature","geometry":{"type":"Point","coordinates":[9.09201,42.29136]},"properties":{"latitude":"42.29136","longitude":"9.09201","bright_ti4":"330.55","scan":"0.49","track":"0.4","acq_date":"2026-07-21","acq_time":"143","satellite":"N20","instrument":"VIIRS","confidence":"n","version":"2.0NRT","bright_ti5":"294.75","frp":"2.81","daynight":"N","commune":"Corte","code_insee":"2B096","departement":"Haute-Corse","region":"Corse"}},{"type":"Feature","geometry":{"type":"Point","coordinates":[5.01398,43.37758]},"properties":{"latitude":"43.37758","longitude":"5.01398","bright_ti4":"319.55","scan":"0.39","track":"0.36","acq_date":"2026-07-21","acq_time":"143","satellite":"N20","instrument":"VIIRS","confidence":"n","version":"2.0NRT","bright_ti5":"295.53","frp":"1.53","daynight":"N","commune":"Martigues","code_insee":"13056","departement":"Bouches-du-Rhône","region":"Provence-Alpes-Côte d'Azur"}},{"type":"Feature","geometry":{"type":"Point","coordinates":[5.0093,43.37835]},"properties":{"latitude":"43.37835","longitude":"5.0093","bright_ti4":"310.3","scan":"0.39","track":"0.36","acq_date":"2026-07-21","acq_time":"143","satellite":"N20","instrument":"VIIRS","confidence":"n","version":"2.0NRT","bright_ti5":"295.12","frp":"1.53","daynight":"N","commune":"Martigues","code_insee":"13056","departement":"Bouches-du-Rhône","region":"Provence-Alpes-Côte d'Azur"}},{"type":"Feature","geometry":{"type":"Point","coordinates":[4.88826,43.43219]},"properties":{"latitude":"43.43219","longitude":"4.88826","bright_ti4":"307.82","scan":"0.38","track":"0.36","acq_date":"2026-07-21","acq_time":"143","satellite":"N20","instrument":"VIIRS","confidence":"n","version":"2.0NRT","bright_ti5":"294.75","frp":"5.79","daynight":"N","commune":"Fos-sur-Mer","code_insee":"13039","departement":"Bouches-du-Rhône","region":"Provence-Alpes-Côte d'Azur"}},{"type":"Feature","geometry":{"type":"Point","coordinates":[4.88925,43.43545]},"properties":{"latitude":"43.43545","longitude":"4.88925","bright_ti4":"343.01","scan":"0.38","track":"0.36","acq_date":"2026-07-21","acq_time":"143","satellite":"N20","instrument":"VIIRS","confidence":"n","version":"2.0NRT","bright_ti5":"297.51","frp":"5.79","daynight":"N","commune":"Fos-sur-Mer","code_insee":"13039","departement":"Bouches-du-Rhône","region":"Provence-Alpes-Côte d'Azur"}},{"type":"Feature","geometry":{"type":"Point","coordinates":[4.87989,43.43696]},"properties":{"latitude":"43.43696","longitude":"4.87989","bright_ti4":"309.04","scan":"0.38","track":"0.36","acq_date":"2026-07-21","acq_time":"143","satellite":"N20","instrument":"VIIRS","confidence":"n","version":"2.0NRT","bright_ti5":"295.14","frp":"2.6","daynight":"N","commune":"Fos-sur-Mer","code_insee":"13039","departement":"Bouches-du-Rhône","region":"Provence-Alpes-Côte d'Azur"}},{"type":"Feature","geometry":{"type":"Point","coordinates":[4.89024,43.43871]},"properties":{"latitude":"43.43871","longitude":"4.89024","bright_ti4":"326.9","scan":"0.38","track":"0.36","acq_date":"2026-07-21","acq_time":"143","satellite":"N20","instrument":"VIIRS","confidence":"n","version":"2.0NRT","bright_ti5":"294.73","frp":"3.12","daynight":"N","commune":"Fos-sur-Mer","code_insee":"13039","departement":"Bouches-du-Rhône","region":"Provence-Alpes-Côte d'Azur"}},{"type":"Feature","geometry":{"type":"Point","coordinates":[4.88187,43.44348]},"properties":{"latitude":"43.44348","longitude":"4.88187","bright_ti4":"340.72","scan":"0.38","track":"0.36","acq_date":"2026-07-21","acq_time":"143","satellite":"N20","instrument":"VIIRS","confidence":"n","version":"2.0NRT","bright_ti5":"299.77","frp":"12.7","daynight":"N","commune":"Fos-sur-Mer","code_insee":"13039","departement":"Bouches-du-Rhône","region":"Provence-Alpes-Côte d'Azur"}},{"type":"Feature","geometry":{"type":"Point","coordinates":[4.8969,43.44447]},"properties":{"latitude":"43.44447","longitude":"4.8969","bright_ti4":"307.93","scan":"0.38","track":"0.36","acq_date":"2026-07-21","acq_time":"143","satellite":"N20","instrument":"VIIRS","confidence":"n","version":"2.0NRT","bright_ti5":"294.51","frp":"6.83","daynight":"N","commune":"Fos-sur-Mer","code_insee":"13039","departement":"Bouches-du-Rhône","region":"Provence-Alpes-Côte d'Azur"}},{"type":"Feature","geometry":{"type":"Point","coordinates":[4.88754,43.44598]},"properties":{"latitude":"43.44598","longitude":"4.88754","bright_ti4":"305.95","scan":"0.38","track":"0.36","acq_date":"2026-07-21","acq_time":"143","satellite":"N20","instrument":"VIIRS","confidence":"n","version":"2.0NRT","bright_ti5":"293.11","frp":"0.99","daynight":"N","commune":"Fos-sur-Mer","code_insee":"13039","departement":"Bouches-du-Rhône","region":"Provence-Alpes-Côte d'Azur"}},{"type":"Feature","geometry":{"type":"Point","coordinates":[4.89789,43.44773]},"properties":{"latitude":"43.44773","longitude":"4.89789","bright_ti4":"339.36","scan":"0.38","track":"0.36","acq_date":"2026-07-21","acq_time":"143","satellite":"N20","instrument":"VIIRS","confidence":"n","version":"2.0NRT","bright_ti5":"296.43","frp":"6.83","daynight":"N","commune":"Fos-sur-Mer","code_insee":"13039","departement":"Bouches-du-Rhône","region":"Provence-Alpes-Côte d'Azur"}},{"type":"Feature","geometry":{"type":"Point","coordinates":[6.56096,44.75578]},"properties":{"latitude":"44.75578","longitude":"6.56096","bright_ti4":"332.45","scan":"0.39","track":"0.36","acq_date":"2026-07-21","acq_time":"143","satellite":"N20","instrument":"VIIRS","confidence":"n","version":"2.0NRT","bright_ti5":"288.75","frp":"4.11","daynight":"N","commune":"Freissinières","code_insee":"05058","departement":"Hautes-Alpes","region":"Provence-Alpes-Côte d'Azur"}},{"type":"Feature","geometry":{"type":"Point","coordinates":[6.55604,44.75663]},"properties":{"latitude":"44.75663","longitude":"6.55604","bright_ti4":"301.73","scan":"0.39","track":"0.36","acq_date":"2026-07-21","acq_time":"143","satellite":"N20","instrument":"VIIRS","confidence":"n","version":"2.0NRT","bright_ti5":"284.79","frp":"0.98","daynight":"N","commune":"Freissinières","code_insee":"05058","departement":"Hautes-Alpes","region":"Provence-Alpes-Côte d'Azur"}},{"type":"Feature","geometry":{"type":"Point","coordinates":[6.55114,44.75748]},"properties":{"latitude":"44.75748","longitude":"6.55114","bright_ti4":"297.39","scan":"0.39","track":"0.36","acq_date":"2026-07-21","acq_time":"143","satellite":"N20","instrument":"VIIRS","confidence":"n","version":"2.0NRT","bright_ti5":"283.77","frp":"0.98","daynight":"N","commune":"Freissinières","code_insee":"05058","departement":"Hautes-Alpes","region":"Provence-Alpes-Côte d'Azur"}},{"type":"Feature","geometry":{"type":"Point","coordinates":[6.55726,44.75988]},"properties":{"latitude":"44.75988","longitude":"6.55726","bright_ti4":"313.47","scan":"0.39","track":"0.36","acq_date":"2026-07-21","acq_time":"143","satellite":"N20","instrument":"VIIRS","confidence":"n","version":"2.0NRT","bright_ti5":"284.97","frp":"1.2","daynight":"N","commune":"L'Argentière-la-Bessée","code_insee":"05006","departement":"Hautes-Alpes","region":"Provence-Alpes-Côte d'Azur"}},{"type":"Feature","geometry":{"type":"Point","coordinates":[6.55219,44.76077]},"properties":{"latitude":"44.76077","longitude":"6.55219","bright_ti4":"298.48","scan":"0.39","track":"0.36","acq_date":"2026-07-21","acq_time":"143","satellite":"N20","instrument":"VIIRS","confidence":"n","version":"2.0NRT","bright_ti5":"280.95","frp":"1.2","daynight":"N","commune":"L'Argentière-la-Bessée","code_insee":"05006","departement":"Hautes-Alpes","region":"Provence-Alpes-Côte d'Azur"}},{"type":"Feature","geometry":{"type":"Point","coordinates":[6.54708,44.76166]},"properties":{"latitude":"44.76166","longitude":"6.54708","bright_ti4":"295.96","scan":"0.39","track":"0.36","acq_date":"2026-07-21","acq_time":"143","satellite":"N20","instrument":"VIIRS","confidence":"n","version":"2.0NRT","bright_ti5":"278.33","frp":"0.74","daynight":"N","commune":"Freissinières","code_insee":"05058","departement":"Hautes-Alpes","region":"Provence-Alpes-Côte d'Azur"}},{"type":"Feature","geometry":{"type":"Point","coordinates":[6.55856,44.76311]},"properties":{"latitude":"44.76311","longitude":"6.55856","bright_ti4":"306.7","scan":"0.39","track":"0.36","acq_date":"2026-07-21","acq_time":"143","satellite":"N20","instrument":"VIIRS","confidence":"n","version":"2.0NRT","bright_ti5":"281.47","frp":"1.2","daynight":"N","commune":"L'Argentière-la-Bessée","code_insee":"05006","departement":"Hautes-Alpes","region":"Provence-Alpes-Côte d'Azur"}},{"type":"Feature","geometry":{"type":"Point","coordinates":[6.55342,44.76401]},"properties":{"latitude":"44.76401","longitude":"6.55342","bright_ti4":"316.51","scan":"0.39","track":"0.36","acq_date":"2026-07-21","acq_time":"143","satellite":"N20","instrument":"VIIRS","confidence":"n","version":"2.0NRT","bright_ti5":"281.59","frp":"1.2","daynight":"N","commune":"L'Argentière-la-Bessée","code_insee":"05006","departement":"Hautes-Alpes","region":"Provence-Alpes-Côte d'Azur"}},{"type":"Feature","geometry":{"type":"Point","coordinates":[6.5483,44.76491]},"properties":{"latitude":"44.76491","longitude":"6.5483","bright_ti4":"304.82","scan":"0.39","track":"0.36","acq_date":"2026-07-21","acq_time":"143","satellite":"N20","instrument":"VIIRS","confidence":"n","version":"2.0NRT","bright_ti5":"279.46","frp":"0.74","daynight":"N","commune":"L'Argentière-la-Bessée","code_insee":"05006","departement":"Hautes-Alpes","region":"Provence-Alpes-Côte d'Azur"}},{"type":"Feature","geometry":{"type":"Point","coordinates":[6.54325,44.76579]},"properties":{"latitude":"44.76579","longitude":"6.54325","bright_ti4":"299.56","scan":"0.39","track":"0.36","acq_date":"2026-07-21","acq_time":"143","satellite":"N20","instrument":"VIIRS","confidence":"n","version":"2.0NRT","bright_ti5":"278.65","frp":"0.74","daynight":"N","commune":"L'Argentière-la-Bessée","code_insee":"05006","departement":"Hautes-Alpes","region":"Provence-Alpes-Côte d'Azur"}},{"type":"Feature","geometry":{"type":"Point","coordinates":[5.66671,45.23235]},"properties":{"latitude":"45.23235","longitude":"5.66671","bright_ti4":"302.08","scan":"0.38","track":"0.36","acq_date":"2026-07-21","acq_time":"143","satellite":"N20","instrument":"VIIRS","confidence":"n","version":"2.0NRT","bright_ti5":"288.91","frp":"0.36","daynight":"N","commune":"Saint-Égrève","code_insee":"38382","departement":"Isère","region":"Auvergne-Rhône-Alpes"}},{"type":"Feature","geometry":{"type":"Point","coordinates":[-0.1779,45.26537]},"properties":{"latitude":"45.26537","longitude":"-0.1779","bright_ti4":"303.03","scan":"0.5","track":"0.41","acq_date":"2026-07-21","acq_time":"143","satellite":"N20","instrument":"VIIRS","confidence":"n","version":"2.0NRT","bright_ti5":"290.21","frp":"7.23","daynight":"N","commune":"Neuvicq","code_insee":"17260","departement":"Charente-Maritime","region":"Nouvelle-Aquitaine"}},{"type":"Feature","geometry":{"type":"Point","coordinates":[-0.17763,45.26599]},"properties":{"latitude":"45.26599","longitude":"-0.17763","bright_ti4":"306.38","scan":"0.5","track":"0.41","acq_date":"2026-07-21","acq_time":"143","satellite":"N20","instrument":"VIIRS","confidence":"n","version":"2.0NRT","bright_ti5":"290.89","frp":"9.1","daynight":"N","commune":"Neuvicq","code_insee":"17260","departement":"Charente-Maritime","region":"Nouvelle-Aquitaine"}},{"type":"Feature","geometry":{"type":"Point","coordinates":[-0.18428,45.26609]},"properties":{"latitude":"45.26609","longitude":"-0.18428","bright_ti4":"328.34","scan":"0.5","track":"0.41","acq_date":"2026-07-21","acq_time":"143","satellite":"N20","instrument":"VIIRS","confidence":"n","version":"2.0NRT","bright_ti5":"290.6","frp":"7.23","daynight":"N","commune":"Saint-Palais-de-Négrignac","code_insee":"17378","departement":"Charente-Maritime","region":"Nouvelle-Aquitaine"}},{"type":"Feature","geometry":{"type":"Point","coordinates":[-0.18402,45.26668]},"properties":{"latitude":"45.26668","longitude":"-0.18402","bright_ti4":"333.07","scan":"0.5","track":"0.41","acq_date":"2026-07-21","acq_time":"143","satellite":"N20","instrument":"VIIRS","confidence":"n","version":"2.0NRT","bright_ti5":"292.59","frp":"8.14","daynight":"N","commune":"Saint-Palais-de-Négrignac","code_insee":"17378","departement":"Charente-Maritime","region":"Nouvelle-Aquitaine"}},{"type":"Feature","geometry":{"type":"Point","coordinates":[-0.17703,45.2691]},"properties":{"latitude":"45.2691","longitude":"-0.17703","bright_ti4":"345.23","scan":"0.5","track":"0.41","acq_date":"2026-07-21","acq_time":"143","satellite":"N20","instrument":"VIIRS","confidence":"n","version":"2.0NRT","bright_ti5":"302.71","frp":"7.23","daynight":"N","commune":"Saint-Palais-de-Négrignac","code_insee":"17378","departement":"Charente-Maritime","region":"Nouvelle-Aquitaine"}},{"type":"Feature","geometry":{"type":"Point","coordinates":[-0.17676,45.26971]},"properties":{"latitude":"45.26971","longitude":"-0.17676","bright_ti4":"342.16","scan":"0.5","track":"0.41","acq_date":"2026-07-21","acq_time":"143","satellite":"N20","instrument":"VIIRS","confidence":"n","version":"2.0NRT","bright_ti5":"303.11","frp":"9.1","daynight":"N","commune":"Saint-Palais-de-Négrignac","code_insee":"17378","departement":"Charente-Maritime","region":"Nouvelle-Aquitaine"}},{"type":"Feature","geometry":{"type":"Point","coordinates":[-0.18341,45.26981]},"properties":{"latitude":"45.26981","longitude":"-0.18341","bright_ti4":"328.97","scan":"0.5","track":"0.41","acq_date":"2026-07-21","acq_time":"143","satellite":"N20","instrument":"VIIRS","confidence":"n","version":"2.0NRT","bright_ti5":"293.59","frp":"7.23","daynight":"N","commune":"Saint-Palais-de-Négrignac","code_insee":"17378","departement":"Charente-Maritime","region":"Nouvelle-Aquitaine"}},{"type":"Feature","geometry":{"type":"Point","coordinates":[-0.18314,45.2704]},"properties":{"latitude":"45.2704","longitude":"-0.18314","bright_ti4":"330.07","scan":"0.5","track":"0.41","acq_date":"2026-07-21","acq_time":"143","satellite":"N20","instrument":"VIIRS","confidence":"n","version":"2.0NRT","bright_ti5":"292.76","frp":"8.14","daynight":"N","commune":"Saint-Palais-de-Négrignac","code_insee":"17378","departement":"Charente-Maritime","region":"Nouvelle-Aquitaine"}},{"type":"Feature","geometry":{"type":"Point","coordinates":[-0.17588,45.27344]},"properties":{"latitude":"45.27344","longitude":"-0.17588","bright_ti4":"302.79","scan":"0.5","track":"0.41","acq_date":"2026-07-21","acq_time":"143","satellite":"N20","instrument":"VIIRS","confidence":"n","version":"2.0NRT","bright_ti5":"289.6","frp":"0.38","daynight":"N","commune":"Saint-Palais-de-Négrignac","code_insee":"17378","departement":"Charente-Maritime","region":"Nouvelle-Aquitaine"}},{"type":"Feature","geometry":{"type":"Point","coordinates":[1.14012,45.62145]},"properties":{"latitude":"45.62145","longitude":"1.14012","bright_ti4":"312.8","scan":"0.45","track":"0.39","acq_date":"2026-07-21","acq_time":"143","satellite":"N20","instrument":"VIIRS","confidence":"n","version":"2.0NRT","bright_ti5":"288.37","frp":"1.27","daynight":"N","commune":"Saint-Hilaire-les-Places","code_insee":"87150","departement":"Haute-Vienne","region":"Nouvelle-Aquitaine"}},{"type":"Feature","geometry":{"type":"Point","coordinates":[2.29662,48.15301]},"properties":{"latitude":"48.15301","longitude":"2.29662","bright_ti4":"330.87","scan":"0.44","track":"0.39","acq_date":"2026-07-21","acq_time":"143","satellite":"N20","instrument":"VIIRS","confidence":"n","version":"2.0NRT","bright_ti5":"286.69","frp":"7.29","daynight":"N","commune":"Dadonville","code_insee":"45119","departement":"Loiret","region":"Centre-Val de Loire"}},{"type":"Feature","geometry":{"type":"Point","coordinates":[-1.58255,48.55353]},"properties":{"latitude":"48.55353","longitude":"-1.58255","bright_ti4":"299.51","scan":"0.41","track":"0.45","acq_date":"2026-07-21","acq_time":"143","satellite":"N20","instrument":"VIIRS","confidence":"n","version":"2.0NRT","bright_ti5":"284.3","frp":"0.47","daynight":"N","commune":"Sains","code_insee":"35248","departement":"Ille-et-Vilaine","region":"Bretagne"}},{"type":"Feature","geometry":{"type":"Point","coordinates":[6.10957,48.56372]},"properties":{"latitude":"48.56372","longitude":"6.10957","bright_ti4":"300.6","scan":"0.38","track":"0.36","acq_date":"2026-07-21","acq_time":"143","satellite":"N20","instrument":"VIIRS","confidence":"n","version":"2.0NRT","bright_ti5":"286.22","frp":"0.59","daynight":"N","commune":"Xeuilley","code_insee":"54596","departement":"Meurthe-et-Moselle","region":"Grand Est"}},{"type":"Feature","geometry":{"type":"Point","coordinates":[6.96479,48.68945]},"properties":{"latitude":"48.68945","longitude":"6.96479","bright_ti4":"297.67","scan":"0.38","track":"0.36","acq_date":"2026-07-21","acq_time":"143","satellite":"N20","instrument":"VIIRS","confidence":"n","version":"2.0NRT","bright_ti5":"284.33","frp":"0.58","daynight":"N","commune":"Héming","code_insee":"57314","departement":"Moselle","region":"Grand Est"}},{"type":"Feature","geometry":{"type":"Point","coordinates":[6.96598,48.6927]},"properties":{"latitude":"48.6927","longitude":"6.96598","bright_ti4":"297.79","scan":"0.38","track":"0.36","acq_date":"2026-07-21","acq_time":"143","satellite":"N20","instrument":"VIIRS","confidence":"n","version":"2.0NRT","bright_ti5":"283.89","frp":"0.58","daynight":"N","commune":"Héming","code_insee":"57314","departement":"Moselle","region":"Grand Est"}},{"type":"Feature","geometry":{"type":"Point","coordinates":[4.56466,48.7678]},"properties":{"latitude":"48.7678","longitude":"4.56466","bright_ti4":"301.99","scan":"0.4","track":"0.37","acq_date":"2026-07-21","acq_time":"143","satellite":"N20","instrument":"VIIRS","confidence":"n","version":"2.0NRT","bright_ti5":"287.17","frp":"0.91","daynight":"N","commune":"Couvrot","code_insee":"51195","departement":"Marne","region":"Grand Est"}},{"type":"Feature","geometry":{"type":"Point","coordinates":[6.0572,48.88377]},"properties":{"latitude":"48.88377","longitude":"6.0572","bright_ti4":"309.2","scan":"0.39","track":"0.36","acq_date":"2026-07-21","acq_time":"143","satellite":"N20","instrument":"VIIRS","confidence":"n","version":"2.0NRT","bright_ti5":"285.41","frp":"0.86","daynight":"N","commune":"Blénod-lès-Pont-à-Mousson","code_insee":"54079","departement":"Meurthe-et-Moselle","region":"Grand Est"}},{"type":"Feature","geometry":{"type":"Point","coordinates":[2.95292,49.09767]},"properties":{"latitude":"49.09767","longitude":"2.95292","bright_ti4":"324.43","scan":"0.43","track":"0.38","acq_date":"2026-07-21","acq_time":"143","satellite":"N20","instrument":"VIIRS","confidence":"n","version":"2.0NRT","bright_ti5":"293.87","frp":"13.47","daynight":"N","commune":"Acy-en-Multien","code_insee":"60005","departement":"Oise","region":"Hauts-de-France"}},{"type":"Feature","geometry":{"type":"Point","coordinates":[6.09247,49.3239]},"properties":{"latitude":"49.3239","longitude":"6.09247","bright_ti4":"298.87","scan":"0.39","track":"0.36","acq_date":"2026-07-21","acq_time":"143","satellite":"N20","instrument":"VIIRS","confidence":"n","version":"2.0NRT","bright_ti5":"283.57","frp":"0.54","daynight":"N","commune":"Serémange-Erzange","code_insee":"57647","departement":"Moselle","region":"Grand Est"}},{"type":"Feature","geometry":{"type":"Point","coordinates":[0.53821,49.4777]},"properties":{"latitude":"49.4777","longitude":"0.53821","bright_ti4":"301.86","scan":"0.52","track":"0.42","acq_date":"2026-07-21","acq_time":"143","satellite":"N20","instrument":"VIIRS","confidence":"n","version":"2.0NRT","bright_ti5":"286.18","frp":"1.37","daynight":"N","commune":"Port-Jérôme-sur-Seine","code_insee":"76476","departement":"Seine-Maritime","region":"Normandie"}},{"type":"Feature","geometry":{"type":"Point","coordinates":[2.95903,49.09819]},"properties":{"latitude":"49.09819","longitude":"2.95903","bright_ti4":"326.35","scan":"0.71","track":"0.75","acq_date":"2026-07-21","acq_time":"321","satellite":"N20","instrument":"VIIRS","confidence":"n","version":"2.0NRT","bright_ti5":"282.48","frp":"6.88","daynight":"N","commune":"Acy-en-Multien","code_insee":"60005","departement":"Oise","region":"Hauts-de-France"}},{"type":"Feature","geometry":{"type":"Point","coordinates":[2.95661,49.10053]},"properties":{"latitude":"49.10053","longitude":"2.95661","bright_ti4":"341.85","scan":"0.71","track":"0.75","acq_date":"2026-07-21","acq_time":"321","satellite":"N20","instrument":"VIIRS","confidence":"n","version":"2.0NRT","bright_ti5":"283.27","frp":"8.83","daynight":"N","commune":"Acy-en-Multien","code_insee":"60005","departement":"Oise","region":"Hauts-de-France"}},{"type":"Feature","geometry":{"type":"Point","coordinates":[2.95054,49.1014]},"properties":{"latitude":"49.1014","longitude":"2.95054","bright_ti4":"311.06","scan":"0.71","track":"0.75","acq_date":"2026-07-21","acq_time":"321","satellite":"N20","instrument":"VIIRS","confidence":"n","version":"2.0NRT","bright_ti5":"280.12","frp":"5.88","daynight":"N","commune":"Acy-en-Multien","code_insee":"60005","departement":"Oise","region":"Hauts-de-France"}},{"type":"Feature","geometry":{"type":"Point","coordinates":[-0.17978,45.26544]},"properties":{"latitude":"45.26544","longitude":"-0.17978","bright_ti4":"311.1","scan":"0.72","track":"0.76","acq_date":"2026-07-21","acq_time":"323","satellite":"N20","instrument":"VIIRS","confidence":"n","version":"2.0NRT","bright_ti5":"287.71","frp":"2.52","daynight":"N","commune":"Saint-Palais-de-Négrignac","code_insee":"17378","departement":"Charente-Maritime","region":"Nouvelle-Aquitaine"}},{"type":"Feature","geometry":{"type":"Point","coordinates":[-0.18806,45.26843]},"properties":{"latitude":"45.26843","longitude":"-0.18806","bright_ti4":"297.42","scan":"0.72","track":"0.76","acq_date":"2026-07-21","acq_time":"323","satellite":"N20","instrument":"VIIRS","confidence":"n","version":"2.0NRT","bright_ti5":"286.11","frp":"1.76","daynight":"N","commune":"Saint-Palais-de-Négrignac","code_insee":"17378","departement":"Charente-Maritime","region":"Nouvelle-Aquitaine"}},{"type":"Feature","geometry":{"type":"Point","coordinates":[-0.17557,45.27178]},"properties":{"latitude":"45.27178","longitude":"-0.17557","bright_ti4":"318.09","scan":"0.72","track":"0.76","acq_date":"2026-07-21","acq_time":"323","satellite":"N20","instrument":"VIIRS","confidence":"n","version":"2.0NRT","bright_ti5":"288.31","frp":"3.38","daynight":"N","commune":"Saint-Palais-de-Négrignac","code_insee":"17378","departement":"Charente-Maritime","region":"Nouvelle-Aquitaine"}},{"type":"Feature","geometry":{"type":"Point","coordinates":[2.29291,48.15235]},"properties":{"latitude":"48.15235","longitude":"2.29291","bright_ti4":"305.49","scan":"0.72","track":"0.76","acq_date":"2026-07-21","acq_time":"323","satellite":"N20","instrument":"VIIRS","confidence":"n","version":"2.0NRT","bright_ti5":"281.81","frp":"1.56","daynight":"N","commune":"Dadonville","code_insee":"45119","departement":"Loiret","region":"Centre-Val de Loire"}},{"type":"Feature","geometry":{"type":"Point","coordinates":[0.53504,49.47606]},"properties":{"latitude":"49.47606","longitude":"0.53504","bright_ti4":"296.94","scan":"0.55","track":"0.68","acq_date":"2026-07-21","acq_time":"323","satellite":"N20","instrument":"VIIRS","confidence":"n","version":"2.0NRT","bright_ti5":"284.79","frp":"1.43","daynight":"N","commune":"Lillebonne","code_insee":"76384","departement":"Seine-Maritime","region":"Normandie"}},{"type":"Feature","geometry":{"type":"Point","coordinates":[0.537,49.47707]},"properties":{"latitude":"49.47707","longitude":"0.537","bright_ti4":"296.21","scan":"0.55","track":"0.68","acq_date":"2026-07-21","acq_time":"323","satellite":"N20","instrument":"VIIRS","confidence":"n","version":"2.0NRT","bright_ti5":"284","frp":"0.91","daynight":"N","commune":"Port-Jérôme-sur-Seine","code_insee":"76476","departement":"Seine-Maritime","region":"Normandie"}},{"type":"Feature","geometry":{"type":"Point","coordinates":[6.07076,43.54501]},"properties":{"latitude":"43.54501","longitude":"6.07076","bright_ti4":"346.08","scan":"0.51","track":"0.66","acq_date":"2026-07-21","acq_time":"1128","satellite":"N20","instrument":"VIIRS","confidence":"n","version":"2.0NRT","bright_ti5":"298.62","frp":"125.99","daynight":"D","commune":"Pontevès","code_insee":"83095","departement":"Var","region":"Provence-Alpes-Côte d'Azur"}},{"type":"Feature","geometry":{"type":"Point","coordinates":[6.06274,43.54735]},"properties":{"latitude":"43.54735","longitude":"6.06274","bright_ti4":"353.18","scan":"0.51","track":"0.66","acq_date":"2026-07-21","acq_time":"1128","satellite":"N20","instrument":"VIIRS","confidence":"n","version":"2.0NRT","bright_ti5":"299.25","frp":"99.78","daynight":"D","commune":"Pontevès","code_insee":"83095","departement":"Var","region":"Provence-Alpes-Côte d'Azur"}},{"type":"Feature","geometry":{"type":"Point","coordinates":[6.0602,43.54836]},"properties":{"latitude":"43.54836","longitude":"6.0602","bright_ti4":"351.93","scan":"0.51","track":"0.66","acq_date":"2026-07-21","acq_time":"1128","satellite":"N20","instrument":"VIIRS","confidence":"n","version":"2.0NRT","bright_ti5":"301.33","frp":"125.99","daynight":"D","commune":"Pontevès","code_insee":"83095","departement":"Var","region":"Provence-Alpes-Côte d'Azur"}},{"type":"Feature","geometry":{"type":"Point","coordinates":[6.08197,43.54853]},"properties":{"latitude":"43.54853","longitude":"6.08197","bright_ti4":"344.78","scan":"0.51","track":"0.66","acq_date":"2026-07-21","acq_time":"1128","satellite":"N20","instrument":"VIIRS","confidence":"n","version":"2.0NRT","bright_ti5":"294.4","frp":"214.34","daynight":"D","commune":"Pontevès","code_insee":"83095","departement":"Var","region":"Provence-Alpes-Côte d'Azur"}},{"type":"Feature","geometry":{"type":"Point","coordinates":[6.06854,43.54914]},"properties":{"latitude":"43.54914","longitude":"6.06854","bright_ti4":"367","scan":"0.51","track":"0.66","acq_date":"2026-07-21","acq_time":"1128","satellite":"N20","instrument":"VIIRS","confidence":"l","version":"2.0NRT","bright_ti5":"333.44","frp":"333.46","daynight":"D","commune":"Pontevès","code_insee":"83095","departement":"Var","region":"Provence-Alpes-Côte d'Azur"}},{"type":"Feature","geometry":{"type":"Point","coordinates":[6.06593,43.55016]},"properties":{"latitude":"43.55016","longitude":"6.06593","bright_ti4":"367","scan":"0.51","track":"0.66","acq_date":"2026-07-21","acq_time":"1128","satellite":"N20","instrument":"VIIRS","confidence":"l","version":"2.0NRT","bright_ti5":"332.03","frp":"125.99","daynight":"D","commune":"Pontevès","code_insee":"83095","departement":"Var","region":"Provence-Alpes-Côte d'Azur"}},{"type":"Feature","geometry":{"type":"Point","coordinates":[6.07157,43.55194]},"properties":{"latitude":"43.55194","longitude":"6.07157","bright_ti4":"367","scan":"0.51","track":"0.66","acq_date":"2026-07-21","acq_time":"1128","satellite":"N20","instrument":"VIIRS","confidence":"h","version":"2.0NRT","bright_ti5":"309.06","frp":"214.34","daynight":"D","commune":"Pontevès","code_insee":"83095","departement":"Var","region":"Provence-Alpes-Côte d'Azur"}},{"type":"Feature","geometry":{"type":"Point","coordinates":[6.05808,43.55258]},"properties":{"latitude":"43.55258","longitude":"6.05808","bright_ti4":"342.4","scan":"0.51","track":"0.66","acq_date":"2026-07-21","acq_time":"1128","satellite":"N20","instrument":"VIIRS","confidence":"n","version":"2.0NRT","bright_ti5":"308.75","frp":"99.78","daynight":"D","commune":"Pontevès","code_insee":"83095","departement":"Var","region":"Provence-Alpes-Côte d'Azur"}},{"type":"Feature","geometry":{"type":"Point","coordinates":[6.07997,43.55267]},"properties":{"latitude":"43.55267","longitude":"6.07997","bright_ti4":"338.99","scan":"0.51","track":"0.66","acq_date":"2026-07-21","acq_time":"1128","satellite":"N20","instrument":"VIIRS","confidence":"n","version":"2.0NRT","bright_ti5":"295.18","frp":"87.25","daynight":"D","commune":"Pontevès","code_insee":"83095","departement":"Var","region":"Provence-Alpes-Côte d'Azur"}},{"type":"Feature","geometry":{"type":"Point","coordinates":[6.05566,43.55362]},"properties":{"latitude":"43.55362","longitude":"6.05566","bright_ti4":"337.34","scan":"0.51","track":"0.66","acq_date":"2026-07-21","acq_time":"1128","satellite":"N20","instrument":"VIIRS","confidence":"l","version":"2.0NRT","bright_ti5":"309.12","frp":"224.52","daynight":"D","commune":"Pontevès","code_insee":"83095","departement":"Var","region":"Provence-Alpes-Côte d'Azur"}},{"type":"Feature","geometry":{"type":"Point","coordinates":[6.06965,43.55615]},"properties":{"latitude":"43.55615","longitude":"6.06965","bright_ti4":"350.3","scan":"0.51","track":"0.66","acq_date":"2026-07-21","acq_time":"1128","satellite":"N20","instrument":"VIIRS","confidence":"n","version":"2.0NRT","bright_ti5":"297.26","frp":"333.46","daynight":"D","commune":"Pontevès","code_insee":"83095","departement":"Var","region":"Provence-Alpes-Côte d'Azur"}},{"type":"Feature","geometry":{"type":"Point","coordinates":[6.06725,43.55726]},"properties":{"latitude":"43.55726","longitude":"6.06725","bright_ti4":"352.43","scan":"0.51","track":"0.66","acq_date":"2026-07-21","acq_time":"1128","satellite":"N20","instrument":"VIIRS","confidence":"n","version":"2.0NRT","bright_ti5":"298.19","frp":"70.94","daynight":"D","commune":"Pontevès","code_insee":"83095","departement":"Var","region":"Provence-Alpes-Côte d'Azur"}},{"type":"Feature","geometry":{"type":"Point","coordinates":[6.55478,44.75444]},"properties":{"latitude":"44.75444","longitude":"6.55478","bright_ti4":"328.08","scan":"0.45","track":"0.63","acq_date":"2026-07-21","acq_time":"1128","satellite":"N20","instrument":"VIIRS","confidence":"n","version":"2.0NRT","bright_ti5":"292","frp":"6.86","daynight":"D","commune":"Freissinières","code_insee":"05058","departement":"Hautes-Alpes","region":"Provence-Alpes-Côte d'Azur"}},{"type":"Feature","geometry":{"type":"Point","coordinates":[6.5595,44.75587]},"properties":{"latitude":"44.75587","longitude":"6.5595","bright_ti4":"353.45","scan":"0.45","track":"0.63","acq_date":"2026-07-21","acq_time":"1128","satellite":"N20","instrument":"VIIRS","confidence":"n","version":"2.0NRT","bright_ti5":"299.4","frp":"15.54","daynight":"D","commune":"Freissinières","code_insee":"05058","departement":"Hautes-Alpes","region":"Provence-Alpes-Côte d'Azur"}},{"type":"Feature","geometry":{"type":"Point","coordinates":[6.5631,44.75697]},"properties":{"latitude":"44.75697","longitude":"6.5631","bright_ti4":"367","scan":"0.45","track":"0.63","acq_date":"2026-07-21","acq_time":"1128","satellite":"N20","instrument":"VIIRS","confidence":"h","version":"2.0NRT","bright_ti5":"295.27","frp":"15.54","daynight":"D","commune":"Freissinières","code_insee":"05058","departement":"Hautes-Alpes","region":"Provence-Alpes-Côte d'Azur"}},{"type":"Feature","geometry":{"type":"Point","coordinates":[6.5434,44.76358]},"properties":{"latitude":"44.76358","longitude":"6.5434","bright_ti4":"339.72","scan":"0.45","track":"0.63","acq_date":"2026-07-21","acq_time":"1128","satellite":"N20","instrument":"VIIRS","confidence":"n","version":"2.0NRT","bright_ti5":"296.33","frp":"6.46","daynight":"D","commune":"Freissinières","code_insee":"05058","departement":"Hautes-Alpes","region":"Provence-Alpes-Côte d'Azur"}},{"type":"Feature","geometry":{"type":"Point","coordinates":[6.54683,44.76462]},"properties":{"latitude":"44.76462","longitude":"6.54683","bright_ti4":"329.01","scan":"0.45","track":"0.63","acq_date":"2026-07-21","acq_time":"1128","satellite":"N20","instrument":"VIIRS","confidence":"n","version":"2.0NRT","bright_ti5":"292.84","frp":"5.62","daynight":"D","commune":"L'Argentière-la-Bessée","code_insee":"05006","departement":"Hautes-Alpes","region":"Provence-Alpes-Côte d'Azur"}},{"type":"Feature","geometry":{"type":"Point","coordinates":[0.16281,46.80523]},"properties":{"latitude":"46.80523","longitude":"0.16281","bright_ti4":"333.19","scan":"0.72","track":"0.76","acq_date":"2026-07-21","acq_time":"1130","satellite":"N20","instrument":"VIIRS","confidence":"n","version":"2.0NRT","bright_ti5":"295.81","frp":"4.42","daynight":"D","commune":"Chouppes","code_insee":"86075","departement":"Vienne","region":"Nouvelle-Aquitaine"}},{"type":"Feature","geometry":{"type":"Point","coordinates":[2.77014,48.16338]},"properties":{"latitude":"48.16338","longitude":"2.77014","bright_ti4":"355.28","scan":"0.5","track":"0.66","acq_date":"2026-07-21","acq_time":"1130","satellite":"N20","instrument":"VIIRS","confidence":"n","version":"2.0NRT","bright_ti5":"295.9","frp":"7.81","daynight":"D","commune":"Souppes-sur-Loing","code_insee":"77458","departement":"Seine-et-Marne","region":"Île-de-France"}},{"type":"Feature","geometry":{"type":"Point","coordinates":[2.95431,49.09752]},"properties":{"latitude":"49.09752","longitude":"2.95431","bright_ti4":"331.95","scan":"0.46","track":"0.63","acq_date":"2026-07-21","acq_time":"1130","satellite":"N20","instrument":"VIIRS","confidence":"n","version":"2.0NRT","bright_ti5":"293.84","frp":"2.74","daynight":"D","commune":"Acy-en-Multien","code_insee":"60005","departement":"Oise","region":"Hauts-de-France"}},{"type":"Feature","geometry":{"type":"Point","coordinates":[2.95848,49.09861]},"properties":{"latitude":"49.09861","longitude":"2.95848","bright_ti4":"351.54","scan":"0.46","track":"0.63","acq_date":"2026-07-21","acq_time":"1130","satellite":"N20","instrument":"VIIRS","confidence":"n","version":"2.0NRT","bright_ti5":"296.24","frp":"5.02","daynight":"D","commune":"Acy-en-Multien","code_insee":"60005","departement":"Oise","region":"Hauts-de-France"}},{"type":"Feature","geometry":{"type":"Point","coordinates":[2.95998,49.09937]},"properties":{"latitude":"49.09937","longitude":"2.95998","bright_ti4":"331.36","scan":"0.46","track":"0.63","acq_date":"2026-07-21","acq_time":"1130","satellite":"N20","instrument":"VIIRS","confidence":"n","version":"2.0NRT","bright_ti5":"293.02","frp":"3.67","daynight":"D","commune":"Acy-en-Multien","code_insee":"60005","departement":"Oise","region":"Hauts-de-France"}},{"type":"Feature","geometry":{"type":"Point","coordinates":[3.35131,43.41824]},"properties":{"latitude":"43.41824","longitude":"3.35131","bright_ti4":"336.43","scan":"0.57","track":"0.43","acq_date":"2026-07-21","acq_time":"1308","satellite":"N20","instrument":"VIIRS","confidence":"n","version":"2.0NRT","bright_ti5":"306.17","frp":"2.52","daynight":"D","commune":"Valros","code_insee":"34325","departement":"Hérault","region":"Occitanie"}},{"type":"Feature","geometry":{"type":"Point","coordinates":[4.88882,43.43697]},"properties":{"latitude":"43.43697","longitude":"4.88882","bright_ti4":"337.82","scan":"0.45","track":"0.47","acq_date":"2026-07-21","acq_time":"1308","satellite":"N20","instrument":"VIIRS","confidence":"l","version":"2.0NRT","bright_ti5":"311.11","frp":"8.8","daynight":"D","commune":"Fos-sur-Mer","code_insee":"13039","departement":"Bouches-du-Rhône","region":"Provence-Alpes-Côte d'Azur"}},{"type":"Feature","geometry":{"type":"Point","coordinates":[4.89441,43.43742]},"properties":{"latitude":"43.43742","longitude":"4.89441","bright_ti4":"338.07","scan":"0.45","track":"0.47","acq_date":"2026-07-21","acq_time":"1308","satellite":"N20","instrument":"VIIRS","confidence":"l","version":"2.0NRT","bright_ti5":"312.32","frp":"3.57","daynight":"D","commune":"Fos-sur-Mer","code_insee":"13039","departement":"Bouches-du-Rhône","region":"Provence-Alpes-Côte d'Azur"}},{"type":"Feature","geometry":{"type":"Point","coordinates":[4.88258,43.44083]},"properties":{"latitude":"43.44083","longitude":"4.88258","bright_ti4":"347.34","scan":"0.45","track":"0.47","acq_date":"2026-07-21","acq_time":"1308","satellite":"N20","instrument":"VIIRS","confidence":"n","version":"2.0NRT","bright_ti5":"311.36","frp":"8.8","daynight":"D","commune":"Fos-sur-Mer","code_insee":"13039","departement":"Bouches-du-Rhône","region":"Provence-Alpes-Côte d'Azur"}},{"type":"Feature","geometry":{"type":"Point","coordinates":[4.89939,43.44218]},"properties":{"latitude":"43.44218","longitude":"4.89939","bright_ti4":"335.7","scan":"0.45","track":"0.47","acq_date":"2026-07-21","acq_time":"1308","satellite":"N20","instrument":"VIIRS","confidence":"l","version":"2.0NRT","bright_ti5":"309.86","frp":"3.57","daynight":"D","commune":"Fos-sur-Mer","code_insee":"13039","departement":"Bouches-du-Rhône","region":"Provence-Alpes-Côte d'Azur"}},{"type":"Feature","geometry":{"type":"Point","coordinates":[6.07024,43.53933]},"properties":{"latitude":"43.53933","longitude":"6.07024","bright_ti4":"367","scan":"0.52","track":"0.5","acq_date":"2026-07-21","acq_time":"1308","satellite":"N20","instrument":"VIIRS","confidence":"h","version":"2.0NRT","bright_ti5":"306.32","frp":"14.39","daynight":"D","commune":"Pontevès","code_insee":"83095","departement":"Var","region":"Provence-Alpes-Côte d'Azur"}},{"type":"Feature","geometry":{"type":"Point","coordinates":[6.07589,43.53973]},"properties":{"latitude":"43.53973","longitude":"6.07589","bright_ti4":"367","scan":"0.52","track":"0.5","acq_date":"2026-07-21","acq_time":"1308","satellite":"N20","instrument":"VIIRS","confidence":"h","version":"2.0NRT","bright_ti5":"308.79","frp":"18.05","daynight":"D","commune":"Pontevès","code_insee":"83095","departement":"Var","region":"Provence-Alpes-Côte d'Azur"}},{"type":"Feature","geometry":{"type":"Point","coordinates":[6.08202,43.54016]},"properties":{"latitude":"43.54016","longitude":"6.08202","bright_ti4":"356.26","scan":"0.52","track":"0.5","acq_date":"2026-07-21","acq_time":"1308","satellite":"N20","instrument":"VIIRS","confidence":"n","version":"2.0NRT","bright_ti5":"305.05","frp":"18.05","daynight":"D","commune":"Pontevès","code_insee":"83095","departement":"Var","region":"Provence-Alpes-Côte d'Azur"}},{"type":"Feature","geometry":{"type":"Point","coordinates":[6.08897,43.54065]},"properties":{"latitude":"43.54065","longitude":"6.08897","bright_ti4":"346.48","scan":"0.52","track":"0.5","acq_date":"2026-07-21","acq_time":"1308","satellite":"N20","instrument":"VIIRS","confidence":"n","version":"2.0NRT","bright_ti5":"300.25","frp":"15.54","daynight":"D","commune":"Pontevès","code_insee":"83095","departement":"Var","region":"Provence-Alpes-Côte d'Azur"}},{"type":"Feature","geometry":{"type":"Point","coordinates":[6.05785,43.54309]},"properties":{"latitude":"43.54309","longitude":"6.05785","bright_ti4":"334.44","scan":"0.52","track":"0.5","acq_date":"2026-07-21","acq_time":"1308","satellite":"N20","instrument":"VIIRS","confidence":"l","version":"2.0NRT","bright_ti5":"307.68","frp":"33.25","daynight":"D","commune":"Pontevès","code_insee":"83095","departement":"Var","region":"Provence-Alpes-Côte d'Azur"}},{"type":"Feature","geometry":{"type":"Point","coordinates":[6.06999,43.54395]},"properties":{"latitude":"43.54395","longitude":"6.06999","bright_ti4":"354.4","scan":"0.52","track":"0.5","acq_date":"2026-07-21","acq_time":"1308","satellite":"N20","instrument":"VIIRS","confidence":"n","version":"2.0NRT","bright_ti5":"324.77","frp":"93.04","daynight":"D","commune":"Pontevès","code_insee":"83095","departement":"Var","region":"Provence-Alpes-Côte d'Azur"}},{"type":"Feature","geometry":{"type":"Point","coordinates":[6.07613,43.54438]},"properties":{"latitude":"43.54438","longitude":"6.07613","bright_ti4":"352.42","scan":"0.52","track":"0.5","acq_date":"2026-07-21","acq_time":"1308","satellite":"N20","instrument":"VIIRS","confidence":"n","version":"2.0NRT","bright_ti5":"325.21","frp":"126.9","daynight":"D","commune":"Pontevès","code_insee":"83095","departement":"Var","region":"Provence-Alpes-Côte d'Azur"}},{"type":"Feature","geometry":{"type":"Point","coordinates":[6.08262,43.54484]},"properties":{"latitude":"43.54484","longitude":"6.08262","bright_ti4":"351.59","scan":"0.52","track":"0.5","acq_date":"2026-07-21","acq_time":"1308","satellite":"N20","instrument":"VIIRS","confidence":"n","version":"2.0NRT","bright_ti5":"306.64","frp":"126.9","daynight":"D","commune":"Pontevès","code_insee":"83095","departement":"Var","region":"Provence-Alpes-Côte d'Azur"}},{"type":"Feature","geometry":{"type":"Point","coordinates":[6.05742,43.54769]},"properties":{"latitude":"43.54769","longitude":"6.05742","bright_ti4":"352.54","scan":"0.52","track":"0.5","acq_date":"2026-07-21","acq_time":"1308","satellite":"N20","instrument":"VIIRS","confidence":"n","version":"2.0NRT","bright_ti5":"313.32","frp":"33.25","daynight":"D","commune":"Pontevès","code_insee":"83095","departement":"Var","region":"Provence-Alpes-Côte d'Azur"}},{"type":"Feature","geometry":{"type":"Point","coordinates":[6.0637,43.54813]},"properties":{"latitude":"43.54813","longitude":"6.0637","bright_ti4":"354.65","scan":"0.52","track":"0.5","acq_date":"2026-07-21","acq_time":"1308","satellite":"N20","instrument":"VIIRS","confidence":"n","version":"2.0NRT","bright_ti5":"320.02","frp":"93.04","daynight":"D","commune":"Pontevès","code_insee":"83095","departement":"Var","region":"Provence-Alpes-Côte d'Azur"}},{"type":"Feature","geometry":{"type":"Point","coordinates":[6.06999,43.54858]},"properties":{"latitude":"43.54858","longitude":"6.06999","bright_ti4":"351.13","scan":"0.52","track":"0.5","acq_date":"2026-07-21","acq_time":"1308","satellite":"N20","instrument":"VIIRS","confidence":"n","version":"2.0NRT","bright_ti5":"318.86","frp":"93.04","daynight":"D","commune":"Pontevès","code_insee":"83095","departement":"Var","region":"Provence-Alpes-Côte d'Azur"}},{"type":"Feature","geometry":{"type":"Point","coordinates":[6.07631,43.54903]},"properties":{"latitude":"43.54903","longitude":"6.07631","bright_ti4":"367","scan":"0.52","track":"0.5","acq_date":"2026-07-21","acq_time":"1308","satellite":"N20","instrument":"VIIRS","confidence":"l","version":"2.0NRT","bright_ti5":"352.21","frp":"126.9","daynight":"D","commune":"Pontevès","code_insee":"83095","departement":"Var","region":"Provence-Alpes-Côte d'Azur"}},{"type":"Feature","geometry":{"type":"Point","coordinates":[6.0828,43.54948]},"properties":{"latitude":"43.54948","longitude":"6.0828","bright_ti4":"345.89","scan":"0.52","track":"0.5","acq_date":"2026-07-21","acq_time":"1308","satellite":"N20","instrument":"VIIRS","confidence":"n","version":"2.0NRT","bright_ti5":"301.92","frp":"126.9","daynight":"D","commune":"Pontevès","code_insee":"83095","departement":"Var","region":"Provence-Alpes-Côte d'Azur"}},{"type":"Feature","geometry":{"type":"Point","coordinates":[6.05096,43.55186]},"properties":{"latitude":"43.55186","longitude":"6.05096","bright_ti4":"337.27","scan":"0.52","track":"0.5","acq_date":"2026-07-21","acq_time":"1308","satellite":"N20","instrument":"VIIRS","confidence":"n","version":"2.0NRT","bright_ti5":"310.16","frp":"36.91","daynight":"D","commune":"Pontevès","code_insee":"83095","departement":"Var","region":"Provence-Alpes-Côte d'Azur"}},{"type":"Feature","geometry":{"type":"Point","coordinates":[6.05739,43.55231]},"properties":{"latitude":"43.55231","longitude":"6.05739","bright_ti4":"367","scan":"0.52","track":"0.5","acq_date":"2026-07-21","acq_time":"1308","satellite":"N20","instrument":"VIIRS","confidence":"h","version":"2.0NRT","bright_ti5":"314.69","frp":"36.91","daynight":"D","commune":"Pontevès","code_insee":"83095","departement":"Var","region":"Provence-Alpes-Côte d'Azur"}},{"type":"Feature","geometry":{"type":"Point","coordinates":[6.06376,43.55277]},"properties":{"latitude":"43.55277","longitude":"6.06376","bright_ti4":"353.59","scan":"0.52","track":"0.5","acq_date":"2026-07-21","acq_time":"1308","satellite":"N20","instrument":"VIIRS","confidence":"n","version":"2.0NRT","bright_ti5":"309.39","frp":"20.18","daynight":"D","commune":"Pontevès","code_insee":"83095","departement":"Var","region":"Provence-Alpes-Côte d'Azur"}},{"type":"Feature","geometry":{"type":"Point","coordinates":[6.07015,43.55322]},"properties":{"latitude":"43.55322","longitude":"6.07015","bright_ti4":"336.77","scan":"0.52","track":"0.5","acq_date":"2026-07-21","acq_time":"1308","satellite":"N20","instrument":"VIIRS","confidence":"n","version":"2.0NRT","bright_ti5":"303.44","frp":"20.18","daynight":"D","commune":"Pontevès","code_insee":"83095","departement":"Var","region":"Provence-Alpes-Côte d'Azur"}},{"type":"Feature","geometry":{"type":"Point","coordinates":[6.05086,43.55648]},"properties":{"latitude":"43.55648","longitude":"6.05086","bright_ti4":"338.46","scan":"0.52","track":"0.5","acq_date":"2026-07-21","acq_time":"1308","satellite":"N20","instrument":"VIIRS","confidence":"n","version":"2.0NRT","bright_ti5":"309.92","frp":"36.91","daynight":"D","commune":"Pontevès","code_insee":"83095","departement":"Var","region":"Provence-Alpes-Côte d'Azur"}},{"type":"Feature","geometry":{"type":"Point","coordinates":[6.05718,43.55693]},"properties":{"latitude":"43.55693","longitude":"6.05718","bright_ti4":"367","scan":"0.52","track":"0.5","acq_date":"2026-07-21","acq_time":"1308","satellite":"N20","instrument":"VIIRS","confidence":"l","version":"2.0NRT","bright_ti5":"326.22","frp":"36.91","daynight":"D","commune":"Pontevès","code_insee":"83095","departement":"Var","region":"Provence-Alpes-Côte d'Azur"}},{"type":"Feature","geometry":{"type":"Point","coordinates":[6.06351,43.55738]},"properties":{"latitude":"43.55738","longitude":"6.06351","bright_ti4":"343.9","scan":"0.52","track":"0.5","acq_date":"2026-07-21","acq_time":"1308","satellite":"N20","instrument":"VIIRS","confidence":"n","version":"2.0NRT","bright_ti5":"306.1","frp":"20.18","daynight":"D","commune":"Pontevès","code_insee":"83095","departement":"Var","region":"Provence-Alpes-Côte d'Azur"}},{"type":"Feature","geometry":{"type":"Point","coordinates":[-0.28464,43.23553]},"properties":{"latitude":"43.23553","longitude":"-0.28464","bright_ti4":"338.44","scan":"0.42","track":"0.38","acq_date":"2026-07-21","acq_time":"1310","satellite":"N20","instrument":"VIIRS","confidence":"l","version":"2.0NRT","bright_ti5":"310.88","frp":"4.29","daynight":"D","commune":"Bordes","code_insee":"64138","departement":"Pyrénées-Atlantiques","region":"Nouvelle-Aquitaine"}},{"type":"Feature","geometry":{"type":"Point","coordinates":[0.59662,43.93826]},"properties":{"latitude":"43.93826","longitude":"0.59662","bright_ti4":"338.56","scan":"0.45","track":"0.39","acq_date":"2026-07-21","acq_time":"1310","satellite":"N20","instrument":"VIIRS","confidence":"n","version":"2.0NRT","bright_ti5":"309.3","frp":"3.09","daynight":"D","commune":"Lectoure","code_insee":"32208","departement":"Gers","region":"Occitanie"}},{"type":"Feature","geometry":{"type":"Point","coordinates":[0.13889,44.19286]},"properties":{"latitude":"44.19286","longitude":"0.13889","bright_ti4":"330.24","scan":"0.44","track":"0.38","acq_date":"2026-07-21","acq_time":"1310","satellite":"N20","instrument":"VIIRS","confidence":"n","version":"2.0NRT","bright_ti5":"303.58","frp":"1.41","daynight":"D","commune":"Fargues-sur-Ourbise","code_insee":"47093","departement":"Lot-et-Garonne","region":"Nouvelle-Aquitaine"}},{"type":"Feature","geometry":{"type":"Point","coordinates":[6.55971,44.75646]},"properties":{"latitude":"44.75646","longitude":"6.55971","bright_ti4":"340.55","scan":"0.56","track":"0.52","acq_date":"2026-07-21","acq_time":"1310","satellite":"N20","instrument":"VIIRS","confidence":"n","version":"2.0NRT","bright_ti5":"302.81","frp":"8.41","daynight":"D","commune":"Freissinières","code_insee":"05058","departement":"Hautes-Alpes","region":"Provence-Alpes-Côte d'Azur"}},{"type":"Feature","geometry":{"type":"Point","coordinates":[-0.69099,44.82238]},"properties":{"latitude":"44.82238","longitude":"-0.69099","bright_ti4":"367","scan":"0.42","track":"0.38","acq_date":"2026-07-21","acq_time":"1310","satellite":"N20","instrument":"VIIRS","confidence":"h","version":"2.0NRT","bright_ti5":"339.78","frp":"86.69","daynight":"D","commune":"Mérignac","code_insee":"33281","departement":"Gironde","region":"Nouvelle-Aquitaine"}},{"type":"Feature","geometry":{"type":"Point","coordinates":[-0.68567,44.82305]},"properties":{"latitude":"44.82305","longitude":"-0.68567","bright_ti4":"367","scan":"0.42","track":"0.38","acq_date":"2026-07-21","acq_time":"1310","satellite":"N20","instrument":"VIIRS","confidence":"l","version":"2.0NRT","bright_ti5":"333.4","frp":"41.14","daynight":"D","commune":"Mérignac","code_insee":"33281","departement":"Gironde","region":"Nouvelle-Aquitaine"}},{"type":"Feature","geometry":{"type":"Point","coordinates":[-0.69185,44.82582]},"properties":{"latitude":"44.82582","longitude":"-0.69185","bright_ti4":"367","scan":"0.42","track":"0.38","acq_date":"2026-07-21","acq_time":"1310","satellite":"N20","instrument":"VIIRS","confidence":"l","version":"2.0NRT","bright_ti5":"331.28","frp":"49.94","daynight":"D","commune":"Mérignac","code_insee":"33281","departement":"Gironde","region":"Nouvelle-Aquitaine"}},{"type":"Feature","geometry":{"type":"Point","coordinates":[-0.68652,44.82649]},"properties":{"latitude":"44.82649","longitude":"-0.68652","bright_ti4":"367","scan":"0.42","track":"0.38","acq_date":"2026-07-21","acq_time":"1310","satellite":"N20","instrument":"VIIRS","confidence":"h","version":"2.0NRT","bright_ti5":"334.35","frp":"58.03","daynight":"D","commune":"Mérignac","code_insee":"33281","departement":"Gironde","region":"Nouvelle-Aquitaine"}},{"type":"Feature","geometry":{"type":"Point","coordinates":[3.2134,45.44982]},"properties":{"latitude":"45.44982","longitude":"3.2134","bright_ti4":"341.62","scan":"0.4","track":"0.44","acq_date":"2026-07-21","acq_time":"1310","satellite":"N20","instrument":"VIIRS","confidence":"n","version":"2.0NRT","bright_ti5":"308.82","frp":"2.62","daynight":"D","commune":"Chalus","code_insee":"63074","departement":"Puy-de-Dôme","region":"Auvergne-Rhône-Alpes"}},{"type":"Feature","geometry":{"type":"Point","coordinates":[-0.87874,45.87808]},"properties":{"latitude":"45.87808","longitude":"-0.87874","bright_ti4":"338.32","scan":"0.43","track":"0.38","acq_date":"2026-07-21","acq_time":"1310","satellite":"N20","instrument":"VIIRS","confidence":"n","version":"2.0NRT","bright_ti5":"309.91","frp":"2","daynight":"D","commune":"Trizay","code_insee":"17453","departement":"Charente-Maritime","region":"Nouvelle-Aquitaine"}},{"type":"Feature","geometry":{"type":"Point","coordinates":[-1.45898,47.22807]},"properties":{"latitude":"47.22807","longitude":"-1.45898","bright_ti4":"337.33","scan":"0.42","track":"0.38","acq_date":"2026-07-21","acq_time":"1310","satellite":"N20","instrument":"VIIRS","confidence":"n","version":"2.0NRT","bright_ti5":"307.09","frp":"10.82","daynight":"D","commune":"Basse-Goulaine","code_insee":"44009","departement":"Loire-Atlantique","region":"Pays de la Loire"}},{"type":"Feature","geometry":{"type":"Point","coordinates":[-1.37032,47.87446]},"properties":{"latitude":"47.87446","longitude":"-1.37032","bright_ti4":"335.54","scan":"0.43","track":"0.38","acq_date":"2026-07-21","acq_time":"1310","satellite":"N20","instrument":"VIIRS","confidence":"l","version":"2.0NRT","bright_ti5":"305.79","frp":"10.23","daynight":"D","commune":"Coësmes","code_insee":"35082","departement":"Ille-et-Vilaine","region":"Bretagne"}},{"type":"Feature","geometry":{"type":"Point","coordinates":[-1.37127,47.87793]},"properties":{"latitude":"47.87793","longitude":"-1.37127","bright_ti4":"334.96","scan":"0.43","track":"0.38","acq_date":"2026-07-21","acq_time":"1310","satellite":"N20","instrument":"VIIRS","confidence":"l","version":"2.0NRT","bright_ti5":"305.96","frp":"10.23","daynight":"D","commune":"Coësmes","code_insee":"35082","departement":"Ille-et-Vilaine","region":"Bretagne"}},{"type":"Feature","geometry":{"type":"Point","coordinates":[3.99348,48.57681]},"properties":{"latitude":"48.57681","longitude":"3.99348","bright_ti4":"337.77","scan":"0.47","track":"0.47","acq_date":"2026-07-21","acq_time":"1310","satellite":"N20","instrument":"VIIRS","confidence":"n","version":"2.0NRT","bright_ti5":"301.29","frp":"3.06","daynight":"D","commune":"Plancy-l'Abbaye","code_insee":"10289","departement":"Aube","region":"Grand Est"}},{"type":"Feature","geometry":{"type":"Point","coordinates":[3.99271,48.57689]},"properties":{"latitude":"48.57689","longitude":"3.99271","bright_ti4":"330.91","scan":"0.47","track":"0.47","acq_date":"2026-07-21","acq_time":"1310","satellite":"N20","instrument":"VIIRS","confidence":"l","version":"2.0NRT","bright_ti5":"301.52","frp":"2.42","daynight":"D","commune":"Plancy-l'Abbaye","code_insee":"10289","departement":"Aube","region":"Grand Est"}},{"type":"Feature","geometry":{"type":"Point","coordinates":[3.99904,48.57734]},"properties":{"latitude":"48.57734","longitude":"3.99904","bright_ti4":"331.3","scan":"0.47","track":"0.47","acq_date":"2026-07-21","acq_time":"1310","satellite":"N20","instrument":"VIIRS","confidence":"n","version":"2.0NRT","bright_ti5":"300.5","frp":"2.42","daynight":"D","commune":"Plancy-l'Abbaye","code_insee":"10289","departement":"Aube","region":"Grand Est"}},{"type":"Feature","geometry":{"type":"Point","coordinates":[3.99833,48.58171]},"properties":{"latitude":"48.58171","longitude":"3.99833","bright_ti4":"339.5","scan":"0.47","track":"0.47","acq_date":"2026-07-21","acq_time":"1310","satellite":"N20","instrument":"VIIRS","confidence":"n","version":"2.0NRT","bright_ti5":"302.95","frp":"5.2","daynight":"D","commune":"Plancy-l'Abbaye","code_insee":"10289","departement":"Aube","region":"Grand Est"}},{"type":"Feature","geometry":{"type":"Point","coordinates":[2.95366,49.09914]},"properties":{"latitude":"49.09914","longitude":"2.95366","bright_ti4":"340.5","scan":"0.42","track":"0.46","acq_date":"2026-07-21","acq_time":"1310","satellite":"N20","instrument":"VIIRS","confidence":"n","version":"2.0NRT","bright_ti5":"301.08","frp":"4.12","daynight":"D","commune":"Acy-en-Multien","code_insee":"60005","departement":"Oise","region":"Hauts-de-France"}},{"type":"Feature","geometry":{"type":"Point","coordinates":[3.26119,49.16133]},"properties":{"latitude":"49.16133","longitude":"3.26119","bright_ti4":"338.28","scan":"0.44","track":"0.46","acq_date":"2026-07-21","acq_time":"1310","satellite":"N20","instrument":"VIIRS","confidence":"n","version":"2.0NRT","bright_ti5":"298.71","frp":"2.33","daynight":"D","commune":"Neuilly-Saint-Front","code_insee":"02543","departement":"Aisne","region":"Hauts-de-France"}},{"type":"Feature","geometry":{"type":"Point","coordinates":[1.49435,49.20521]},"properties":{"latitude":"49.20521","longitude":"1.49435","bright_ti4":"345.27","scan":"0.56","track":"0.43","acq_date":"2026-07-21","acq_time":"1310","satellite":"N20","instrument":"VIIRS","confidence":"n","version":"2.0NRT","bright_ti5":"303.88","frp":"7.73","daynight":"D","commune":"Guiseniers","code_insee":"27307","departement":"Eure","region":"Normandie"}},{"type":"Feature","geometry":{"type":"Point","coordinates":[2.97124,49.27112]},"properties":{"latitude":"49.27112","longitude":"2.97124","bright_ti4":"330.69","scan":"0.43","track":"0.46","acq_date":"2026-07-21","acq_time":"1310","satellite":"N20","instrument":"VIIRS","confidence":"n","version":"2.0NRT","bright_ti5":"299.69","frp":"2.28","daynight":"D","commune":"Bonneuil-en-Valois","code_insee":"60083","departement":"Oise","region":"Hauts-de-France"}},{"type":"Feature","geometry":{"type":"Point","coordinates":[3.27048,49.76783]},"properties":{"latitude":"49.76783","longitude":"3.27048","bright_ti4":"334.83","scan":"0.45","track":"0.47","acq_date":"2026-07-21","acq_time":"1310","satellite":"N20","instrument":"VIIRS","confidence":"n","version":"2.0NRT","bright_ti5":"302.01","frp":"5.06","daynight":"D","commune":"Essigny-le-Grand","code_insee":"02287","departement":"Aisne","region":"Hauts-de-France"}},{"type":"Feature","geometry":{"type":"Point","coordinates":[3.26972,49.77212]},"properties":{"latitude":"49.77212","longitude":"3.26972","bright_ti4":"341.62","scan":"0.45","track":"0.47","acq_date":"2026-07-21","acq_time":"1310","satellite":"N20","instrument":"VIIRS","confidence":"n","version":"2.0NRT","bright_ti5":"304.84","frp":"5.06","daynight":"D","commune":"Essigny-le-Grand","code_insee":"02287","departement":"Aisne","region":"Hauts-de-France"}},{"type":"Feature","geometry":{"type":"Point","coordinates":[2.29247,48.15475]},"properties":{"latitude":"48.15475","longitude":"2.29247","bright_ti4":"327.67","scan":"0.53","track":"0.67","acq_date":"2026-07-21","acq_time":"48","satellite":"N21","instrument":"VIIRS","confidence":"n","version":"2.0NRT","bright_ti5":"284.66","frp":"4.69","daynight":"N","commune":"Dadonville","code_insee":"45119","departement":"Loiret","region":"Centre-Val de Loire"}},{"type":"Feature","geometry":{"type":"Point","coordinates":[6.96707,48.68868]},"properties":{"latitude":"48.68868","longitude":"6.96707","bright_ti4":"298.11","scan":"0.32","track":"0.55","acq_date":"2026-07-21","acq_time":"48","satellite":"N21","instrument":"VIIRS","confidence":"n","version":"2.0NRT","bright_ti5":"283.13","frp":"0.72","daynight":"N","commune":"Héming","code_insee":"57314","departement":"Moselle","region":"Grand Est"}},{"type":"Feature","geometry":{"type":"Point","coordinates":[6.96735,48.68959]},"properties":{"latitude":"48.68959","longitude":"6.96735","bright_ti4":"296.96","scan":"0.32","track":"0.55","acq_date":"2026-07-21","acq_time":"48","satellite":"N21","instrument":"VIIRS","confidence":"n","version":"2.0NRT","bright_ti5":"283.14","frp":"0.67","daynight":"N","commune":"Héming","code_insee":"57314","departement":"Moselle","region":"Grand Est"}},{"type":"Feature","geometry":{"type":"Point","coordinates":[2.95978,49.09666]},"properties":{"latitude":"49.09666","longitude":"2.95978","bright_ti4":"295.77","scan":"0.5","track":"0.66","acq_date":"2026-07-21","acq_time":"48","satellite":"N21","instrument":"VIIRS","confidence":"n","version":"2.0NRT","bright_ti5":"281.97","frp":"13.01","daynight":"N","commune":"Acy-en-Multien","code_insee":"60005","departement":"Oise","region":"Hauts-de-France"}},{"type":"Feature","geometry":{"type":"Point","coordinates":[2.95304,49.09674]},"properties":{"latitude":"49.09674","longitude":"2.95304","bright_ti4":"367","scan":"0.5","track":"0.66","acq_date":"2026-07-21","acq_time":"48","satellite":"N21","instrument":"VIIRS","confidence":"h","version":"2.0NRT","bright_ti5":"289.87","frp":"13.01","daynight":"N","commune":"Acy-en-Multien","code_insee":"60005","departement":"Oise","region":"Hauts-de-France"}},{"type":"Feature","geometry":{"type":"Point","coordinates":[2.95948,49.09771]},"properties":{"latitude":"49.09771","longitude":"2.95948","bright_ti4":"296.25","scan":"0.5","track":"0.66","acq_date":"2026-07-21","acq_time":"48","satellite":"N21","instrument":"VIIRS","confidence":"n","version":"2.0NRT","bright_ti5":"281.92","frp":"11.57","daynight":"N","commune":"Acy-en-Multien","code_insee":"60005","departement":"Oise","region":"Hauts-de-France"}},{"type":"Feature","geometry":{"type":"Point","coordinates":[2.95269,49.09777]},"properties":{"latitude":"49.09777","longitude":"2.95269","bright_ti4":"367","scan":"0.5","track":"0.66","acq_date":"2026-07-21","acq_time":"48","satellite":"N21","instrument":"VIIRS","confidence":"h","version":"2.0NRT","bright_ti5":"290.14","frp":"26.45","daynight":"N","commune":"Acy-en-Multien","code_insee":"60005","departement":"Oise","region":"Hauts-de-France"}},{"type":"Feature","geometry":{"type":"Point","coordinates":[6.14714,49.31684]},"properties":{"latitude":"49.31684","longitude":"6.14714","bright_ti4":"300.98","scan":"0.36","track":"0.57","acq_date":"2026-07-21","acq_time":"48","satellite":"N21","instrument":"VIIRS","confidence":"n","version":"2.0NRT","bright_ti5":"284.6","frp":"0.56","daynight":"N","commune":"Florange","code_insee":"57221","departement":"Moselle","region":"Grand Est"}},{"type":"Feature","geometry":{"type":"Point","coordinates":[6.09874,49.32401]},"properties":{"latitude":"49.32401","longitude":"6.09874","bright_ti4":"298.76","scan":"0.36","track":"0.57","acq_date":"2026-07-21","acq_time":"48","satellite":"N21","instrument":"VIIRS","confidence":"n","version":"2.0NRT","bright_ti5":"283.49","frp":"1.08","daynight":"N","commune":"Serémange-Erzange","code_insee":"57647","departement":"Moselle","region":"Grand Est"}},{"type":"Feature","geometry":{"type":"Point","coordinates":[2.26736,51.02718]},"properties":{"latitude":"51.02718","longitude":"2.26736","bright_ti4":"324.24","scan":"0.55","track":"0.68","acq_date":"2026-07-21","acq_time":"48","satellite":"N21","instrument":"VIIRS","confidence":"n","version":"2.0NRT","bright_ti5":"285.39","frp":"3.46","daynight":"N","commune":"Grande-Synthe","code_insee":"59271","departement":"Nord","region":"Hauts-de-France"}},{"type":"Feature","geometry":{"type":"Point","coordinates":[2.2752,51.02718]},"properties":{"latitude":"51.02718","longitude":"2.2752","bright_ti4":"299.08","scan":"0.55","track":"0.68","acq_date":"2026-07-21","acq_time":"48","satellite":"N21","instrument":"VIIRS","confidence":"n","version":"2.0NRT","bright_ti5":"284.67","frp":"3.46","daynight":"N","commune":"Grande-Synthe","code_insee":"59271","departement":"Nord","region":"Hauts-de-France"}},{"type":"Feature","geometry":{"type":"Point","coordinates":[2.28304,51.03347]},"properties":{"latitude":"51.03347","longitude":"2.28304","bright_ti4":"296.19","scan":"0.55","track":"0.68","acq_date":"2026-07-21","acq_time":"48","satellite":"N21","instrument":"VIIRS","confidence":"n","version":"2.0NRT","bright_ti5":"284.88","frp":"1.2","daynight":"N","commune":"Grande-Synthe","code_insee":"59271","departement":"Nord","region":"Hauts-de-France"}},{"type":"Feature","geometry":{"type":"Point","coordinates":[2.29086,51.03347]},"properties":{"latitude":"51.03347","longitude":"2.29086","bright_ti4":"295.79","scan":"0.55","track":"0.68","acq_date":"2026-07-21","acq_time":"48","satellite":"N21","instrument":"VIIRS","confidence":"n","version":"2.0NRT","bright_ti5":"284.46","frp":"1.2","daynight":"N","commune":"Grande-Synthe","code_insee":"59271","departement":"Nord","region":"Hauts-de-France"}},{"type":"Feature","geometry":{"type":"Point","coordinates":[2.29079,51.03974]},"properties":{"latitude":"51.03974","longitude":"2.29079","bright_ti4":"300.55","scan":"0.55","track":"0.68","acq_date":"2026-07-21","acq_time":"48","satellite":"N21","instrument":"VIIRS","confidence":"n","version":"2.0NRT","bright_ti5":"286.16","frp":"1.2","daynight":"N","commune":"Grande-Synthe","code_insee":"59271","departement":"Nord","region":"Hauts-de-France"}},{"type":"Feature","geometry":{"type":"Point","coordinates":[9.07294,42.26565]},"properties":{"latitude":"42.26565","longitude":"9.07294","bright_ti4":"322.47","scan":"0.44","track":"0.46","acq_date":"2026-07-21","acq_time":"50","satellite":"N21","instrument":"VIIRS","confidence":"n","version":"2.0NRT","bright_ti5":"293.98","frp":"3.26","daynight":"N","commune":"Corte","code_insee":"2B096","departement":"Haute-Corse","region":"Corse"}},{"type":"Feature","geometry":{"type":"Point","coordinates":[9.06866,42.26602]},"properties":{"latitude":"42.26602","longitude":"9.06866","bright_ti4":"349.87","scan":"0.44","track":"0.46","acq_date":"2026-07-21","acq_time":"50","satellite":"N21","instrument":"VIIRS","confidence":"n","version":"2.0NRT","bright_ti5":"299.23","frp":"18.38","daynight":"N","commune":"Corte","code_insee":"2B096","departement":"Haute-Corse","region":"Corse"}},{"type":"Feature","geometry":{"type":"Point","coordinates":[9.06459,42.26638]},"properties":{"latitude":"42.26638","longitude":"9.06459","bright_ti4":"367","scan":"0.44","track":"0.46","acq_date":"2026-07-21","acq_time":"50","satellite":"N21","instrument":"VIIRS","confidence":"h","version":"2.0NRT","bright_ti5":"300.05","frp":"18.38","daynight":"N","commune":"Corte","code_insee":"2B096","departement":"Haute-Corse","region":"Corse"}},{"type":"Feature","geometry":{"type":"Point","coordinates":[9.07956,42.26936]},"properties":{"latitude":"42.26936","longitude":"9.07956","bright_ti4":"307.89","scan":"0.44","track":"0.46","acq_date":"2026-07-21","acq_time":"50","satellite":"N21","instrument":"VIIRS","confidence":"n","version":"2.0NRT","bright_ti5":"293.52","frp":"4.52","daynight":"N","commune":"Corte","code_insee":"2B096","departement":"Haute-Corse","region":"Corse"}},{"type":"Feature","geometry":{"type":"Point","coordinates":[9.07522,42.26974]},"properties":{"latitude":"42.26974","longitude":"9.07522","bright_ti4":"340.16","scan":"0.44","track":"0.46","acq_date":"2026-07-21","acq_time":"50","satellite":"N21","instrument":"VIIRS","confidence":"n","version":"2.0NRT","bright_ti5":"299.06","frp":"4.52","daynight":"N","commune":"Corte","code_insee":"2B096","departement":"Haute-Corse","region":"Corse"}},{"type":"Feature","geometry":{"type":"Point","coordinates":[9.0708,42.27013]},"properties":{"latitude":"42.27013","longitude":"9.0708","bright_ti4":"307.86","scan":"0.44","track":"0.46","acq_date":"2026-07-21","acq_time":"50","satellite":"N21","instrument":"VIIRS","confidence":"n","version":"2.0NRT","bright_ti5":"293.84","frp":"1.75","daynight":"N","commune":"Corte","code_insee":"2B096","departement":"Haute-Corse","region":"Corse"}},{"type":"Feature","geometry":{"type":"Point","coordinates":[9.07784,42.27309]},"properties":{"latitude":"42.27309","longitude":"9.07784","bright_ti4":"325.03","scan":"0.44","track":"0.46","acq_date":"2026-07-21","acq_time":"50","satellite":"N21","instrument":"VIIRS","confidence":"n","version":"2.0NRT","bright_ti5":"294.11","frp":"3.2","daynight":"N","commune":"Corte","code_insee":"2B096","departement":"Haute-Corse","region":"Corse"}},{"type":"Feature","geometry":{"type":"Point","coordinates":[9.0769,42.27388]},"properties":{"latitude":"42.27388","longitude":"9.0769","bright_ti4":"313.87","scan":"0.44","track":"0.46","acq_date":"2026-07-21","acq_time":"50","satellite":"N21","instrument":"VIIRS","confidence":"n","version":"2.0NRT","bright_ti5":"293.4","frp":"4.52","daynight":"N","commune":"Corte","code_insee":"2B096","departement":"Haute-Corse","region":"Corse"}},{"type":"Feature","geometry":{"type":"Point","coordinates":[9.09179,42.27622]},"properties":{"latitude":"42.27622","longitude":"9.09179","bright_ti4":"306.14","scan":"0.44","track":"0.46","acq_date":"2026-07-21","acq_time":"50","satellite":"N21","instrument":"VIIRS","confidence":"n","version":"2.0NRT","bright_ti5":"292.94","frp":"1.21","daynight":"N","commune":"Corte","code_insee":"2B096","departement":"Haute-Corse","region":"Corse"}},{"type":"Feature","geometry":{"type":"Point","coordinates":[9.09496,42.27659]},"properties":{"latitude":"42.27659","longitude":"9.09496","bright_ti4":"307.19","scan":"0.44","track":"0.46","acq_date":"2026-07-21","acq_time":"50","satellite":"N21","instrument":"VIIRS","confidence":"n","version":"2.0NRT","bright_ti5":"293.24","frp":"0.75","daynight":"N","commune":"Corte","code_insee":"2B096","departement":"Haute-Corse","region":"Corse"}},{"type":"Feature","geometry":{"type":"Point","coordinates":[5.01021,43.37645]},"properties":{"latitude":"43.37645","longitude":"5.01021","bright_ti4":"315.02","scan":"0.37","track":"0.58","acq_date":"2026-07-21","acq_time":"50","satellite":"N21","instrument":"VIIRS","confidence":"n","version":"2.0NRT","bright_ti5":"293.51","frp":"1.86","daynight":"N","commune":"Martigues","code_insee":"13056","departement":"Bouches-du-Rhône","region":"Provence-Alpes-Côte d'Azur"}},{"type":"Feature","geometry":{"type":"Point","coordinates":[5.00562,43.37668]},"properties":{"latitude":"43.37668","longitude":"5.00562","bright_ti4":"308.89","scan":"0.37","track":"0.58","acq_date":"2026-07-21","acq_time":"50","satellite":"N21","instrument":"VIIRS","confidence":"n","version":"2.0NRT","bright_ti5":"293.06","frp":"1.86","daynight":"N","commune":"Martigues","code_insee":"13056","departement":"Bouches-du-Rhône","region":"Provence-Alpes-Côte d'Azur"}},{"type":"Feature","geometry":{"type":"Point","coordinates":[4.88733,43.43402]},"properties":{"latitude":"43.43402","longitude":"4.88733","bright_ti4":"340.85","scan":"0.37","track":"0.58","acq_date":"2026-07-21","acq_time":"50","satellite":"N21","instrument":"VIIRS","confidence":"n","version":"2.0NRT","bright_ti5":"295.18","frp":"5.27","daynight":"N","commune":"Fos-sur-Mer","code_insee":"13039","departement":"Bouches-du-Rhône","region":"Provence-Alpes-Côte d'Azur"}},{"type":"Feature","geometry":{"type":"Point","coordinates":[4.8924,43.43916]},"properties":{"latitude":"43.43916","longitude":"4.8924","bright_ti4":"324.55","scan":"0.37","track":"0.58","acq_date":"2026-07-21","acq_time":"50","satellite":"N21","instrument":"VIIRS","confidence":"n","version":"2.0NRT","bright_ti5":"293.26","frp":"4.55","daynight":"N","commune":"Fos-sur-Mer","code_insee":"13039","departement":"Bouches-du-Rhône","region":"Provence-Alpes-Côte d'Azur"}},{"type":"Feature","geometry":{"type":"Point","coordinates":[4.88314,43.43958]},"properties":{"latitude":"43.43958","longitude":"4.88314","bright_ti4":"306.8","scan":"0.37","track":"0.58","acq_date":"2026-07-21","acq_time":"50","satellite":"N21","instrument":"VIIRS","confidence":"n","version":"2.0NRT","bright_ti5":"292.86","frp":"3.42","daynight":"N","commune":"Fos-sur-Mer","code_insee":"13039","departement":"Bouches-du-Rhône","region":"Provence-Alpes-Côte d'Azur"}},{"type":"Feature","geometry":{"type":"Point","coordinates":[4.87854,43.43979]},"properties":{"latitude":"43.43979","longitude":"4.87854","bright_ti4":"312.72","scan":"0.37","track":"0.58","acq_date":"2026-07-21","acq_time":"50","satellite":"N21","instrument":"VIIRS","confidence":"n","version":"2.0NRT","bright_ti5":"292.12","frp":"3.42","daynight":"N","commune":"Fos-sur-Mer","code_insee":"13039","departement":"Bouches-du-Rhône","region":"Provence-Alpes-Côte d'Azur"}},{"type":"Feature","geometry":{"type":"Point","coordinates":[4.89745,43.4443]},"properties":{"latitude":"43.4443","longitude":"4.89745","bright_ti4":"310.66","scan":"0.37","track":"0.58","acq_date":"2026-07-21","acq_time":"50","satellite":"N21","instrument":"VIIRS","confidence":"n","version":"2.0NRT","bright_ti5":"293.36","frp":"1.88","daynight":"N","commune":"Fos-sur-Mer","code_insee":"13039","departement":"Bouches-du-Rhône","region":"Provence-Alpes-Côte d'Azur"}},{"type":"Feature","geometry":{"type":"Point","coordinates":[4.88359,43.44493]},"properties":{"latitude":"43.44493","longitude":"4.88359","bright_ti4":"310.25","scan":"0.37","track":"0.58","acq_date":"2026-07-21","acq_time":"50","satellite":"N21","instrument":"VIIRS","confidence":"n","version":"2.0NRT","bright_ti5":"291.79","frp":"3.42","daynight":"N","commune":"Fos-sur-Mer","code_insee":"13039","departement":"Bouches-du-Rhône","region":"Provence-Alpes-Côte d'Azur"}},{"type":"Feature","geometry":{"type":"Point","coordinates":[4.87897,43.44514]},"properties":{"latitude":"43.44514","longitude":"4.87897","bright_ti4":"353.74","scan":"0.37","track":"0.58","acq_date":"2026-07-21","acq_time":"50","satellite":"N21","instrument":"VIIRS","confidence":"n","version":"2.0NRT","bright_ti5":"293.22","frp":"3.42","daynight":"N","commune":"Fos-sur-Mer","code_insee":"13039","departement":"Bouches-du-Rhône","region":"Provence-Alpes-Côte d'Azur"}},{"type":"Feature","geometry":{"type":"Point","coordinates":[6.55763,44.75678]},"properties":{"latitude":"44.75678","longitude":"6.55763","bright_ti4":"340.52","scan":"0.63","track":"0.54","acq_date":"2026-07-21","acq_time":"50","satellite":"N21","instrument":"VIIRS","confidence":"n","version":"2.0NRT","bright_ti5":"291.84","frp":"5.77","daynight":"N","commune":"Freissinières","code_insee":"05058","departement":"Hautes-Alpes","region":"Provence-Alpes-Côte d'Azur"}},{"type":"Feature","geometry":{"type":"Point","coordinates":[6.55029,44.7572]},"properties":{"latitude":"44.7572","longitude":"6.55029","bright_ti4":"307.91","scan":"0.63","track":"0.54","acq_date":"2026-07-21","acq_time":"50","satellite":"N21","instrument":"VIIRS","confidence":"n","version":"2.0NRT","bright_ti5":"289.66","frp":"5.77","daynight":"N","commune":"Freissinières","code_insee":"05058","departement":"Hautes-Alpes","region":"Provence-Alpes-Côte d'Azur"}},{"type":"Feature","geometry":{"type":"Point","coordinates":[6.55709,44.76181]},"properties":{"latitude":"44.76181","longitude":"6.55709","bright_ti4":"326.01","scan":"0.63","track":"0.54","acq_date":"2026-07-21","acq_time":"50","satellite":"N21","instrument":"VIIRS","confidence":"n","version":"2.0NRT","bright_ti5":"290.35","frp":"5.77","daynight":"N","commune":"L'Argentière-la-Bessée","code_insee":"05006","departement":"Hautes-Alpes","region":"Provence-Alpes-Côte d'Azur"}},{"type":"Feature","geometry":{"type":"Point","coordinates":[6.55181,44.76211]},"properties":{"latitude":"44.76211","longitude":"6.55181","bright_ti4":"314.88","scan":"0.63","track":"0.54","acq_date":"2026-07-21","acq_time":"50","satellite":"N21","instrument":"VIIRS","confidence":"n","version":"2.0NRT","bright_ti5":"291.26","frp":"5.77","daynight":"N","commune":"L'Argentière-la-Bessée","code_insee":"05006","departement":"Hautes-Alpes","region":"Provence-Alpes-Côte d'Azur"}},{"type":"Feature","geometry":{"type":"Point","coordinates":[6.54623,44.76243]},"properties":{"latitude":"44.76243","longitude":"6.54623","bright_ti4":"306.17","scan":"0.63","track":"0.54","acq_date":"2026-07-21","acq_time":"50","satellite":"N21","instrument":"VIIRS","confidence":"n","version":"2.0NRT","bright_ti5":"289.53","frp":"4.37","daynight":"N","commune":"Freissinières","code_insee":"05058","departement":"Hautes-Alpes","region":"Provence-Alpes-Côte d'Azur"}},{"type":"Feature","geometry":{"type":"Point","coordinates":[6.54527,44.76749]},"properties":{"latitude":"44.76749","longitude":"6.54527","bright_ti4":"302.82","scan":"0.63","track":"0.54","acq_date":"2026-07-21","acq_time":"50","satellite":"N21","instrument":"VIIRS","confidence":"n","version":"2.0NRT","bright_ti5":"288.54","frp":"2.35","daynight":"N","commune":"L'Argentière-la-Bessée","code_insee":"05006","departement":"Hautes-Alpes","region":"Provence-Alpes-Côte d'Azur"}},{"type":"Feature","geometry":{"type":"Point","coordinates":[6.53974,44.7678]},"properties":{"latitude":"44.7678","longitude":"6.53974","bright_ti4":"306.51","scan":"0.63","track":"0.54","acq_date":"2026-07-21","acq_time":"50","satellite":"N21","instrument":"VIIRS","confidence":"n","version":"2.0NRT","bright_ti5":"287.6","frp":"2.35","daynight":"N","commune":"L'Argentière-la-Bessée","code_insee":"05006","departement":"Hautes-Alpes","region":"Provence-Alpes-Côte d'Azur"}},{"type":"Feature","geometry":{"type":"Point","coordinates":[5.66836,45.23111]},"properties":{"latitude":"45.23111","longitude":"5.66836","bright_ti4":"302.1","scan":"0.35","track":"0.57","acq_date":"2026-07-21","acq_time":"50","satellite":"N21","instrument":"VIIRS","confidence":"n","version":"2.0NRT","bright_ti5":"288.81","frp":"0.92","daynight":"N","commune":"Saint-Égrève","code_insee":"38382","departement":"Isère","region":"Auvergne-Rhône-Alpes"}},{"type":"Feature","geometry":{"type":"Point","coordinates":[-0.18192,45.26548]},"properties":{"latitude":"45.26548","longitude":"-0.18192","bright_ti4":"367","scan":"0.69","track":"0.74","acq_date":"2026-07-21","acq_time":"50","satellite":"N21","instrument":"VIIRS","confidence":"h","version":"2.0NRT","bright_ti5":"294.84","frp":"13.06","daynight":"N","commune":"Saint-Palais-de-Négrignac","code_insee":"17378","departement":"Charente-Maritime","region":"Nouvelle-Aquitaine"}},{"type":"Feature","geometry":{"type":"Point","coordinates":[-0.17281,45.2655]},"properties":{"latitude":"45.2655","longitude":"-0.17281","bright_ti4":"303.54","scan":"0.69","track":"0.74","acq_date":"2026-07-21","acq_time":"50","satellite":"N21","instrument":"VIIRS","confidence":"n","version":"2.0NRT","bright_ti5":"288.26","frp":"13.06","daynight":"N","commune":"Neuvicq","code_insee":"17260","departement":"Charente-Maritime","region":"Nouvelle-Aquitaine"}},{"type":"Feature","geometry":{"type":"Point","coordinates":[-0.18575,45.26614]},"properties":{"latitude":"45.26614","longitude":"-0.18575","bright_ti4":"335.02","scan":"0.69","track":"0.74","acq_date":"2026-07-21","acq_time":"50","satellite":"N21","instrument":"VIIRS","confidence":"n","version":"2.0NRT","bright_ti5":"291.29","frp":"22.91","daynight":"N","commune":"Saint-Palais-de-Négrignac","code_insee":"17378","departement":"Charente-Maritime","region":"Nouvelle-Aquitaine"}},{"type":"Feature","geometry":{"type":"Point","coordinates":[-0.17678,45.2662]},"properties":{"latitude":"45.2662","longitude":"-0.17678","bright_ti4":"367","scan":"0.69","track":"0.74","acq_date":"2026-07-21","acq_time":"50","satellite":"N21","instrument":"VIIRS","confidence":"h","version":"2.0NRT","bright_ti5":"291.64","frp":"25.82","daynight":"N","commune":"Neuvicq","code_insee":"17260","departement":"Charente-Maritime","region":"Nouvelle-Aquitaine"}},{"type":"Feature","geometry":{"type":"Point","coordinates":[-0.18167,45.27232]},"properties":{"latitude":"45.27232","longitude":"-0.18167","bright_ti4":"330.36","scan":"0.69","track":"0.74","acq_date":"2026-07-21","acq_time":"50","satellite":"N21","instrument":"VIIRS","confidence":"n","version":"2.0NRT","bright_ti5":"290.1","frp":"13.06","daynight":"N","commune":"Saint-Palais-de-Négrignac","code_insee":"17378","departement":"Charente-Maritime","region":"Nouvelle-Aquitaine"}},{"type":"Feature","geometry":{"type":"Point","coordinates":[-0.18559,45.27298]},"properties":{"latitude":"45.27298","longitude":"-0.18559","bright_ti4":"304.27","scan":"0.69","track":"0.74","acq_date":"2026-07-21","acq_time":"50","satellite":"N21","instrument":"VIIRS","confidence":"n","version":"2.0NRT","bright_ti5":"288.41","frp":"2.6","daynight":"N","commune":"Saint-Palais-de-Négrignac","code_insee":"17378","departement":"Charente-Maritime","region":"Nouvelle-Aquitaine"}},{"type":"Feature","geometry":{"type":"Point","coordinates":[-0.17657,45.27305]},"properties":{"latitude":"45.27305","longitude":"-0.17657","bright_ti4":"301.33","scan":"0.69","track":"0.74","acq_date":"2026-07-21","acq_time":"50","satellite":"N21","instrument":"VIIRS","confidence":"n","version":"2.0NRT","bright_ti5":"288.19","frp":"2.64","daynight":"N","commune":"Saint-Palais-de-Négrignac","code_insee":"17378","departement":"Charente-Maritime","region":"Nouvelle-Aquitaine"}},{"type":"Feature","geometry":{"type":"Point","coordinates":[0.85684,46.40938]},"properties":{"latitude":"46.40938","longitude":"0.85684","bright_ti4":"297.69","scan":"0.62","track":"0.71","acq_date":"2026-07-21","acq_time":"50","satellite":"N21","instrument":"VIIRS","confidence":"n","version":"2.0NRT","bright_ti5":"286.1","frp":"0.64","daynight":"N","commune":"Saulgé","code_insee":"86254","departement":"Vienne","region":"Nouvelle-Aquitaine"}},{"type":"Feature","geometry":{"type":"Point","coordinates":[6.96411,48.68996]},"properties":{"latitude":"48.68996","longitude":"6.96411","bright_ti4":"298.11","scan":"0.32","track":"0.55","acq_date":"2026-07-21","acq_time":"228","satellite":"N21","instrument":"VIIRS","confidence":"n","version":"2.0NRT","bright_ti5":"283.85","frp":"0.86","daynight":"N","commune":"Héming","code_insee":"57314","departement":"Moselle","region":"Grand Est"}},{"type":"Feature","geometry":{"type":"Point","coordinates":[6.96494,48.69081]},"properties":{"latitude":"48.69081","longitude":"6.96494","bright_ti4":"300.24","scan":"0.32","track":"0.55","acq_date":"2026-07-21","acq_time":"228","satellite":"N21","instrument":"VIIRS","confidence":"n","version":"2.0NRT","bright_ti5":"283.66","frp":"0.9","daynight":"N","commune":"Héming","code_insee":"57314","departement":"Moselle","region":"Grand Est"}},{"type":"Feature","geometry":{"type":"Point","coordinates":[4.56115,48.76787]},"properties":{"latitude":"48.76787","longitude":"4.56115","bright_ti4":"298.76","scan":"0.51","track":"0.49","acq_date":"2026-07-21","acq_time":"228","satellite":"N21","instrument":"VIIRS","confidence":"n","version":"2.0NRT","bright_ti5":"285.34","frp":"1","daynight":"N","commune":"Couvrot","code_insee":"51195","departement":"Marne","region":"Grand Est"}},{"type":"Feature","geometry":{"type":"Point","coordinates":[2.95323,49.09827]},"properties":{"latitude":"49.09827","longitude":"2.95323","bright_ti4":"340.09","scan":"0.43","track":"0.46","acq_date":"2026-07-21","acq_time":"228","satellite":"N21","instrument":"VIIRS","confidence":"n","version":"2.0NRT","bright_ti5":"289.56","frp":"14.77","daynight":"N","commune":"Acy-en-Multien","code_insee":"60005","departement":"Oise","region":"Hauts-de-France"}},{"type":"Feature","geometry":{"type":"Point","coordinates":[6.1026,49.32563]},"properties":{"latitude":"49.32563","longitude":"6.1026","bright_ti4":"304.58","scan":"0.57","track":"0.52","acq_date":"2026-07-21","acq_time":"228","satellite":"N21","instrument":"VIIRS","confidence":"n","version":"2.0NRT","bright_ti5":"283.41","frp":"1.27","daynight":"N","commune":"Serémange-Erzange","code_insee":"57647","departement":"Moselle","region":"Grand Est"}},{"type":"Feature","geometry":{"type":"Point","coordinates":[0.53583,49.47536]},"properties":{"latitude":"49.47536","longitude":"0.53583","bright_ti4":"302.98","scan":"0.51","track":"0.41","acq_date":"2026-07-21","acq_time":"228","satellite":"N21","instrument":"VIIRS","confidence":"n","version":"2.0NRT","bright_ti5":"286.26","frp":"1.57","daynight":"N","commune":"Lillebonne","code_insee":"76384","departement":"Seine-Maritime","region":"Normandie"}},{"type":"Feature","geometry":{"type":"Point","coordinates":[0.53681,49.47614]},"properties":{"latitude":"49.47614","longitude":"0.53681","bright_ti4":"307.13","scan":"0.51","track":"0.41","acq_date":"2026-07-21","acq_time":"228","satellite":"N21","instrument":"VIIRS","confidence":"n","version":"2.0NRT","bright_ti5":"286.4","frp":"1.49","daynight":"N","commune":"Port-Jérôme-sur-Seine","code_insee":"76476","departement":"Seine-Maritime","region":"Normandie"}},{"type":"Feature","geometry":{"type":"Point","coordinates":[3.56218,50.40144]},"properties":{"latitude":"50.40144","longitude":"3.56218","bright_ti4":"301.5","scan":"0.42","track":"0.45","acq_date":"2026-07-21","acq_time":"228","satellite":"N21","instrument":"VIIRS","confidence":"n","version":"2.0NRT","bright_ti5":"283.91","frp":"0.99","daynight":"N","commune":"Saint-Saulve","code_insee":"59544","departement":"Nord","region":"Hauts-de-France"}},{"type":"Feature","geometry":{"type":"Point","coordinates":[2.16572,51.01264]},"properties":{"latitude":"51.01264","longitude":"2.16572","bright_ti4":"297.38","scan":"0.54","track":"0.42","acq_date":"2026-07-21","acq_time":"228","satellite":"N21","instrument":"VIIRS","confidence":"n","version":"2.0NRT","bright_ti5":"286.32","frp":"0.74","daynight":"N","commune":"Gravelines","code_insee":"59273","departement":"Nord","region":"Hauts-de-France"}},{"type":"Feature","geometry":{"type":"Point","coordinates":[2.27211,51.02624]},"properties":{"latitude":"51.02624","longitude":"2.27211","bright_ti4":"324.29","scan":"0.54","track":"0.42","acq_date":"2026-07-21","acq_time":"228","satellite":"N21","instrument":"VIIRS","confidence":"n","version":"2.0NRT","bright_ti5":"286.51","frp":"3.9","daynight":"N","commune":"Grande-Synthe","code_insee":"59271","departement":"Nord","region":"Hauts-de-France"}},{"type":"Feature","geometry":{"type":"Point","coordinates":[2.27135,51.02836]},"properties":{"latitude":"51.02836","longitude":"2.27135","bright_ti4":"325.58","scan":"0.54","track":"0.42","acq_date":"2026-07-21","acq_time":"228","satellite":"N21","instrument":"VIIRS","confidence":"n","version":"2.0NRT","bright_ti5":"287.6","frp":"4.74","daynight":"N","commune":"Grande-Synthe","code_insee":"59271","departement":"Nord","region":"Hauts-de-France"}},{"type":"Feature","geometry":{"type":"Point","coordinates":[2.29015,51.0324]},"properties":{"latitude":"51.0324","longitude":"2.29015","bright_ti4":"299.45","scan":"0.54","track":"0.42","acq_date":"2026-07-21","acq_time":"228","satellite":"N21","instrument":"VIIRS","confidence":"n","version":"2.0NRT","bright_ti5":"281.59","frp":"0.47","daynight":"N","commune":"Grande-Synthe","code_insee":"59271","departement":"Nord","region":"Hauts-de-France"}},{"type":"Feature","geometry":{"type":"Point","coordinates":[2.27629,51.03359]},"properties":{"latitude":"51.03359","longitude":"2.27629","bright_ti4":"304.11","scan":"0.54","track":"0.42","acq_date":"2026-07-21","acq_time":"228","satellite":"N21","instrument":"VIIRS","confidence":"n","version":"2.0NRT","bright_ti5":"287.17","frp":"2.14","daynight":"N","commune":"Grande-Synthe","code_insee":"59271","departement":"Nord","region":"Hauts-de-France"}},{"type":"Feature","geometry":{"type":"Point","coordinates":[2.27551,51.03571]},"properties":{"latitude":"51.03571","longitude":"2.27551","bright_ti4":"299.86","scan":"0.54","track":"0.42","acq_date":"2026-07-21","acq_time":"228","satellite":"N21","instrument":"VIIRS","confidence":"n","version":"2.0NRT","bright_ti5":"286.12","frp":"2","daynight":"N","commune":"Grande-Synthe","code_insee":"59271","departement":"Nord","region":"Hauts-de-France"}},{"type":"Feature","geometry":{"type":"Point","coordinates":[2.32261,51.04583]},"properties":{"latitude":"51.04583","longitude":"2.32261","bright_ti4":"328.53","scan":"0.54","track":"0.42","acq_date":"2026-07-21","acq_time":"228","satellite":"N21","instrument":"VIIRS","confidence":"n","version":"2.0NRT","bright_ti5":"287.84","frp":"5.14","daynight":"N","commune":"Dunkerque","code_insee":"59183","departement":"Nord","region":"Hauts-de-France"}},{"type":"Feature","geometry":{"type":"Point","coordinates":[2.31529,51.04748]},"properties":{"latitude":"51.04748","longitude":"2.31529","bright_ti4":"328.47","scan":"0.54","track":"0.42","acq_date":"2026-07-21","acq_time":"228","satellite":"N21","instrument":"VIIRS","confidence":"n","version":"2.0NRT","bright_ti5":"286.28","frp":"5.14","daynight":"N","commune":"Dunkerque","code_insee":"59183","departement":"Nord","region":"Hauts-de-France"}},{"type":"Feature","geometry":{"type":"Point","coordinates":[9.08427,42.26562]},"properties":{"latitude":"42.26562","longitude":"9.08427","bright_ti4":"320.25","scan":"0.64","track":"0.72","acq_date":"2026-07-21","acq_time":"230","satellite":"N21","instrument":"VIIRS","confidence":"n","version":"2.0NRT","bright_ti5":"290.75","frp":"4.56","daynight":"N","commune":"Corte","code_insee":"2B096","departement":"Haute-Corse","region":"Corse"}},{"type":"Feature","geometry":{"type":"Point","coordinates":[9.08235,42.266]},"properties":{"latitude":"42.266","longitude":"9.08235","bright_ti4":"321.02","scan":"0.64","track":"0.72","acq_date":"2026-07-21","acq_time":"230","satellite":"N21","instrument":"VIIRS","confidence":"n","version":"2.0NRT","bright_ti5":"290.53","frp":"4.26","daynight":"N","commune":"Corte","code_insee":"2B096","departement":"Haute-Corse","region":"Corse"}},{"type":"Feature","geometry":{"type":"Point","coordinates":[9.08116,42.28819]},"properties":{"latitude":"42.28819","longitude":"9.08116","bright_ti4":"313","scan":"0.64","track":"0.72","acq_date":"2026-07-21","acq_time":"230","satellite":"N21","instrument":"VIIRS","confidence":"n","version":"2.0NRT","bright_ti5":"290.88","frp":"3.55","daynight":"N","commune":"Corte","code_insee":"2B096","departement":"Haute-Corse","region":"Corse"}},{"type":"Feature","geometry":{"type":"Point","coordinates":[9.09508,42.2909]},"properties":{"latitude":"42.2909","longitude":"9.09508","bright_ti4":"307.91","scan":"0.64","track":"0.72","acq_date":"2026-07-21","acq_time":"230","satellite":"N21","instrument":"VIIRS","confidence":"n","version":"2.0NRT","bright_ti5":"290.4","frp":"3.09","daynight":"N","commune":"Corte","code_insee":"2B096","departement":"Haute-Corse","region":"Corse"}},{"type":"Feature","geometry":{"type":"Point","coordinates":[5.01114,43.37538]},"properties":{"latitude":"43.37538","longitude":"5.01114","bright_ti4":"317.63","scan":"0.38","track":"0.59","acq_date":"2026-07-21","acq_time":"230","satellite":"N21","instrument":"VIIRS","confidence":"n","version":"2.0NRT","bright_ti5":"292.08","frp":"2.75","daynight":"N","commune":"Martigues","code_insee":"13056","departement":"Bouches-du-Rhône","region":"Provence-Alpes-Côte d'Azur"}},{"type":"Feature","geometry":{"type":"Point","coordinates":[5.01391,43.3787]},"properties":{"latitude":"43.3787","longitude":"5.01391","bright_ti4":"329.75","scan":"0.38","track":"0.59","acq_date":"2026-07-21","acq_time":"230","satellite":"N21","instrument":"VIIRS","confidence":"n","version":"2.0NRT","bright_ti5":"292.54","frp":"2.74","daynight":"N","commune":"Martigues","code_insee":"13056","departement":"Bouches-du-Rhône","region":"Provence-Alpes-Côte d'Azur"}},{"type":"Feature","geometry":{"type":"Point","coordinates":[4.88788,43.43164]},"properties":{"latitude":"43.43164","longitude":"4.88788","bright_ti4":"311.6","scan":"0.37","track":"0.58","acq_date":"2026-07-21","acq_time":"230","satellite":"N21","instrument":"VIIRS","confidence":"n","version":"2.0NRT","bright_ti5":"291.56","frp":"1.5","daynight":"N","commune":"Fos-sur-Mer","code_insee":"13039","departement":"Bouches-du-Rhône","region":"Provence-Alpes-Côte d'Azur"}},{"type":"Feature","geometry":{"type":"Point","coordinates":[4.89056,43.43664]},"properties":{"latitude":"43.43664","longitude":"4.89056","bright_ti4":"321.08","scan":"0.37","track":"0.58","acq_date":"2026-07-21","acq_time":"230","satellite":"N21","instrument":"VIIRS","confidence":"n","version":"2.0NRT","bright_ti5":"289.81","frp":"1.5","daynight":"N","commune":"Fos-sur-Mer","code_insee":"13039","departement":"Bouches-du-Rhône","region":"Provence-Alpes-Côte d'Azur"}},{"type":"Feature","geometry":{"type":"Point","coordinates":[4.88629,43.43784]},"properties":{"latitude":"43.43784","longitude":"4.88629","bright_ti4":"304.75","scan":"0.37","track":"0.58","acq_date":"2026-07-21","acq_time":"230","satellite":"N21","instrument":"VIIRS","confidence":"n","version":"2.0NRT","bright_ti5":"289.22","frp":"1.5","daynight":"N","commune":"Fos-sur-Mer","code_insee":"13039","departement":"Bouches-du-Rhône","region":"Provence-Alpes-Côte d'Azur"}},{"type":"Feature","geometry":{"type":"Point","coordinates":[4.8847,43.44403]},"properties":{"latitude":"43.44403","longitude":"4.8847","bright_ti4":"306.27","scan":"0.37","track":"0.58","acq_date":"2026-07-21","acq_time":"230","satellite":"N21","instrument":"VIIRS","confidence":"n","version":"2.0NRT","bright_ti5":"289.07","frp":"6.52","daynight":"N","commune":"Fos-sur-Mer","code_insee":"13039","departement":"Bouches-du-Rhône","region":"Provence-Alpes-Côte d'Azur"}},{"type":"Feature","geometry":{"type":"Point","coordinates":[4.88039,43.44524]},"properties":{"latitude":"43.44524","longitude":"4.88039","bright_ti4":"367","scan":"0.37","track":"0.58","acq_date":"2026-07-21","acq_time":"230","satellite":"N21","instrument":"VIIRS","confidence":"h","version":"2.0NRT","bright_ti5":"291.86","frp":"6.52","daynight":"N","commune":"Fos-sur-Mer","code_insee":"13039","departement":"Bouches-du-Rhône","region":"Provence-Alpes-Côte d'Azur"}},{"type":"Feature","geometry":{"type":"Point","coordinates":[4.90026,43.44542]},"properties":{"latitude":"43.44542","longitude":"4.90026","bright_ti4":"301.54","scan":"0.37","track":"0.58","acq_date":"2026-07-21","acq_time":"230","satellite":"N21","instrument":"VIIRS","confidence":"n","version":"2.0NRT","bright_ti5":"288.57","frp":"0.9","daynight":"N","commune":"Fos-sur-Mer","code_insee":"13039","departement":"Bouches-du-Rhône","region":"Provence-Alpes-Côte d'Azur"}},{"type":"Feature","geometry":{"type":"Point","coordinates":[4.89595,43.44663]},"properties":{"latitude":"43.44663","longitude":"4.89595","bright_ti4":"318.39","scan":"0.37","track":"0.58","acq_date":"2026-07-21","acq_time":"230","satellite":"N21","instrument":"VIIRS","confidence":"n","version":"2.0NRT","bright_ti5":"290.36","frp":"2.51","daynight":"N","commune":"Fos-sur-Mer","code_insee":"13039","departement":"Bouches-du-Rhône","region":"Provence-Alpes-Côte d'Azur"}},{"type":"Feature","geometry":{"type":"Point","coordinates":[5.66753,45.22974]},"properties":{"latitude":"45.22974","longitude":"5.66753","bright_ti4":"307.46","scan":"0.36","track":"0.57","acq_date":"2026-07-21","acq_time":"230","satellite":"N21","instrument":"VIIRS","confidence":"n","version":"2.0NRT","bright_ti5":"289.01","frp":"0.93","daynight":"N","commune":"Saint-Égrève","code_insee":"38382","departement":"Isère","region":"Auvergne-Rhône-Alpes"}},{"type":"Feature","geometry":{"type":"Point","coordinates":[-0.17699,45.26512]},"properties":{"latitude":"45.26512","longitude":"-0.17699","bright_ti4":"321.93","scan":"0.39","track":"0.44","acq_date":"2026-07-21","acq_time":"230","satellite":"N21","instrument":"VIIRS","confidence":"n","version":"2.0NRT","bright_ti5":"289.66","frp":"1.86","daynight":"N","commune":"Neuvicq","code_insee":"17260","departement":"Charente-Maritime","region":"Nouvelle-Aquitaine"}},{"type":"Feature","geometry":{"type":"Point","coordinates":[-0.18172,45.26619]},"properties":{"latitude":"45.26619","longitude":"-0.18172","bright_ti4":"332.21","scan":"0.39","track":"0.44","acq_date":"2026-07-21","acq_time":"230","satellite":"N21","instrument":"VIIRS","confidence":"n","version":"2.0NRT","bright_ti5":"294.05","frp":"4.57","daynight":"N","commune":"Saint-Palais-de-Négrignac","code_insee":"17378","departement":"Charente-Maritime","region":"Nouvelle-Aquitaine"}},{"type":"Feature","geometry":{"type":"Point","coordinates":[-0.17529,45.26899]},"properties":{"latitude":"45.26899","longitude":"-0.17529","bright_ti4":"336.1","scan":"0.39","track":"0.44","acq_date":"2026-07-21","acq_time":"230","satellite":"N21","instrument":"VIIRS","confidence":"n","version":"2.0NRT","bright_ti5":"292.26","frp":"7.93","daynight":"N","commune":"Saint-Palais-de-Négrignac","code_insee":"17378","departement":"Charente-Maritime","region":"Nouvelle-Aquitaine"}},{"type":"Feature","geometry":{"type":"Point","coordinates":[-0.18005,45.27005]},"properties":{"latitude":"45.27005","longitude":"-0.18005","bright_ti4":"367","scan":"0.39","track":"0.44","acq_date":"2026-07-21","acq_time":"230","satellite":"N21","instrument":"VIIRS","confidence":"h","version":"2.0NRT","bright_ti5":"300.43","frp":"19.49","daynight":"N","commune":"Saint-Palais-de-Négrignac","code_insee":"17378","departement":"Charente-Maritime","region":"Nouvelle-Aquitaine"}},{"type":"Feature","geometry":{"type":"Point","coordinates":[1.13617,45.6211]},"properties":{"latitude":"45.6211","longitude":"1.13617","bright_ti4":"308.08","scan":"0.44","track":"0.46","acq_date":"2026-07-21","acq_time":"230","satellite":"N21","instrument":"VIIRS","confidence":"n","version":"2.0NRT","bright_ti5":"287.23","frp":"1.34","daynight":"N","commune":"Saint-Hilaire-les-Places","code_insee":"87150","departement":"Haute-Vienne","region":"Nouvelle-Aquitaine"}},{"type":"Feature","geometry":{"type":"Point","coordinates":[1.13744,45.62418]},"properties":{"latitude":"45.62418","longitude":"1.13744","bright_ti4":"301.35","scan":"0.44","track":"0.46","acq_date":"2026-07-21","acq_time":"230","satellite":"N21","instrument":"VIIRS","confidence":"n","version":"2.0NRT","bright_ti5":"286.8","frp":"1.68","daynight":"N","commune":"Saint-Hilaire-les-Places","code_insee":"87150","departement":"Haute-Vienne","region":"Nouvelle-Aquitaine"}},{"type":"Feature","geometry":{"type":"Point","coordinates":[5.82071,45.91243]},"properties":{"latitude":"45.91243","longitude":"5.82071","bright_ti4":"301.66","scan":"0.35","track":"0.57","acq_date":"2026-07-21","acq_time":"230","satellite":"N21","instrument":"VIIRS","confidence":"n","version":"2.0NRT","bright_ti5":"287.05","frp":"0.6","daynight":"N","commune":"Anglefort","code_insee":"01010","departement":"Ain","region":"Auvergne-Rhône-Alpes"}},{"type":"Feature","geometry":{"type":"Point","coordinates":[-3.17455,47.80605]},"properties":{"latitude":"47.80605","longitude":"-3.17455","bright_ti4":"302.01","scan":"0.42","track":"0.38","acq_date":"2026-07-21","acq_time":"230","satellite":"N21","instrument":"VIIRS","confidence":"n","version":"2.0NRT","bright_ti5":"284.8","frp":"0.47","daynight":"N","commune":"Languidic","code_insee":"56101","departement":"Morbihan","region":"Bretagne"}},{"type":"Feature","geometry":{"type":"Point","coordinates":[-1.03803,48.10841]},"properties":{"latitude":"48.10841","longitude":"-1.03803","bright_ti4":"302.68","scan":"0.48","track":"0.4","acq_date":"2026-07-21","acq_time":"230","satellite":"N21","instrument":"VIIRS","confidence":"n","version":"2.0NRT","bright_ti5":"287.72","frp":"0.87","daynight":"N","commune":"Saint-Pierre-la-Cour","code_insee":"53247","departement":"Mayenne","region":"Pays de la Loire"}},{"type":"Feature","geometry":{"type":"Point","coordinates":[2.29251,48.15292]},"properties":{"latitude":"48.15292","longitude":"2.29251","bright_ti4":"326.41","scan":"0.42","track":"0.45","acq_date":"2026-07-21","acq_time":"230","satellite":"N21","instrument":"VIIRS","confidence":"n","version":"2.0NRT","bright_ti5":"284.86","frp":"2.45","daynight":"N","commune":"Dadonville","code_insee":"45119","departement":"Loiret","region":"Centre-Val de Loire"}},{"type":"Feature","geometry":{"type":"Point","coordinates":[9.06693,42.26572]},"properties":{"latitude":"42.26572","longitude":"9.06693","bright_ti4":"344.8","scan":"0.39","track":"0.36","acq_date":"2026-07-21","acq_time":"1214","satellite":"N21","instrument":"VIIRS","confidence":"n","version":"2.0NRT","bright_ti5":"293.39","frp":"10.82","daynight":"D","commune":"Corte","code_insee":"2B096","departement":"Haute-Corse","region":"Corse"}},{"type":"Feature","geometry":{"type":"Point","coordinates":[9.07146,42.26645]},"properties":{"latitude":"42.26645","longitude":"9.07146","bright_ti4":"367","scan":"0.39","track":"0.36","acq_date":"2026-07-21","acq_time":"1214","satellite":"N21","instrument":"VIIRS","confidence":"h","version":"2.0NRT","bright_ti5":"304.77","frp":"10.82","daynight":"D","commune":"Corte","code_insee":"2B096","departement":"Haute-Corse","region":"Corse"}},{"type":"Feature","geometry":{"type":"Point","coordinates":[4.8811,43.44211]},"properties":{"latitude":"43.44211","longitude":"4.8811","bright_ti4":"346.52","scan":"0.48","track":"0.4","acq_date":"2026-07-21","acq_time":"1214","satellite":"N21","instrument":"VIIRS","confidence":"n","version":"2.0NRT","bright_ti5":"310.89","frp":"10.58","daynight":"D","commune":"Fos-sur-Mer","code_insee":"13039","departement":"Bouches-du-Rhône","region":"Provence-Alpes-Côte d'Azur"}},{"type":"Feature","geometry":{"type":"Point","coordinates":[4.88237,43.44538]},"properties":{"latitude":"43.44538","longitude":"4.88237","bright_ti4":"339.46","scan":"0.48","track":"0.4","acq_date":"2026-07-21","acq_time":"1214","satellite":"N21","instrument":"VIIRS","confidence":"l","version":"2.0NRT","bright_ti5":"311.62","frp":"6.21","daynight":"D","commune":"Fos-sur-Mer","code_insee":"13039","departement":"Bouches-du-Rhône","region":"Provence-Alpes-Côte d'Azur"}},{"type":"Feature","geometry":{"type":"Point","coordinates":[4.89818,43.44553]},"properties":{"latitude":"43.44553","longitude":"4.89818","bright_ti4":"337.87","scan":"0.47","track":"0.4","acq_date":"2026-07-21","acq_time":"1214","satellite":"N21","instrument":"VIIRS","confidence":"l","version":"2.0NRT","bright_ti5":"311.48","frp":"7.56","daynight":"D","commune":"Fos-sur-Mer","code_insee":"13039","departement":"Bouches-du-Rhône","region":"Provence-Alpes-Côte d'Azur"}},{"type":"Feature","geometry":{"type":"Point","coordinates":[6.0719,43.53443]},"properties":{"latitude":"43.53443","longitude":"6.0719","bright_ti4":"331.92","scan":"0.43","track":"0.38","acq_date":"2026-07-21","acq_time":"1214","satellite":"N21","instrument":"VIIRS","confidence":"l","version":"2.0NRT","bright_ti5":"304.43","frp":"2.47","daynight":"D","commune":"Pontevès","code_insee":"83095","departement":"Var","region":"Provence-Alpes-Côte d'Azur"}},{"type":"Feature","geometry":{"type":"Point","coordinates":[6.05447,43.53484]},"properties":{"latitude":"43.53484","longitude":"6.05447","bright_ti4":"340.25","scan":"0.43","track":"0.38","acq_date":"2026-07-21","acq_time":"1214","satellite":"N21","instrument":"VIIRS","confidence":"n","version":"2.0NRT","bright_ti5":"303.46","frp":"5.86","daynight":"D","commune":"Pontevès","code_insee":"83095","departement":"Var","region":"Provence-Alpes-Côte d'Azur"}},{"type":"Feature","geometry":{"type":"Point","coordinates":[6.05988,43.53584]},"properties":{"latitude":"43.53584","longitude":"6.05988","bright_ti4":"352.51","scan":"0.43","track":"0.38","acq_date":"2026-07-21","acq_time":"1214","satellite":"N21","instrument":"VIIRS","confidence":"n","version":"2.0NRT","bright_ti5":"302.11","frp":"5.86","daynight":"D","commune":"Pontevès","code_insee":"83095","departement":"Var","region":"Provence-Alpes-Côte d'Azur"}},{"type":"Feature","geometry":{"type":"Point","coordinates":[6.07086,43.53786]},"properties":{"latitude":"43.53786","longitude":"6.07086","bright_ti4":"335.13","scan":"0.43","track":"0.38","acq_date":"2026-07-21","acq_time":"1214","satellite":"N21","instrument":"VIIRS","confidence":"n","version":"2.0NRT","bright_ti5":"303.1","frp":"73.53","daynight":"D","commune":"Pontevès","code_insee":"83095","departement":"Var","region":"Provence-Alpes-Côte d'Azur"}},{"type":"Feature","geometry":{"type":"Point","coordinates":[6.05874,43.53926]},"properties":{"latitude":"43.53926","longitude":"6.05874","bright_ti4":"337.61","scan":"0.43","track":"0.38","acq_date":"2026-07-21","acq_time":"1214","satellite":"N21","instrument":"VIIRS","confidence":"n","version":"2.0NRT","bright_ti5":"304.32","frp":"5.86","daynight":"D","commune":"Pontevès","code_insee":"83095","departement":"Var","region":"Provence-Alpes-Côte d'Azur"}},{"type":"Feature","geometry":{"type":"Point","coordinates":[6.06413,43.54026]},"properties":{"latitude":"43.54026","longitude":"6.06413","bright_ti4":"342.7","scan":"0.43","track":"0.38","acq_date":"2026-07-21","acq_time":"1214","satellite":"N21","instrument":"VIIRS","confidence":"n","version":"2.0NRT","bright_ti5":"304.62","frp":"73.53","daynight":"D","commune":"Pontevès","code_insee":"83095","departement":"Var","region":"Provence-Alpes-Côte d'Azur"}},{"type":"Feature","geometry":{"type":"Point","coordinates":[6.06954,43.54126]},"properties":{"latitude":"43.54126","longitude":"6.06954","bright_ti4":"207.38","scan":"0.43","track":"0.38","acq_date":"2026-07-21","acq_time":"1214","satellite":"N21","instrument":"VIIRS","confidence":"l","version":"2.0NRT","bright_ti5":"316.79","frp":"73.53","daynight":"D","commune":"Pontevès","code_insee":"83095","departement":"Var","region":"Provence-Alpes-Côte d'Azur"}},{"type":"Feature","geometry":{"type":"Point","coordinates":[6.07493,43.54225]},"properties":{"latitude":"43.54225","longitude":"6.07493","bright_ti4":"207.38","scan":"0.43","track":"0.38","acq_date":"2026-07-21","acq_time":"1214","satellite":"N21","instrument":"VIIRS","confidence":"l","version":"2.0NRT","bright_ti5":"323.1","frp":"330.39","daynight":"D","commune":"Pontevès","code_insee":"83095","departement":"Var","region":"Provence-Alpes-Côte d'Azur"}},{"type":"Feature","geometry":{"type":"Point","coordinates":[6.05757,43.54269]},"properties":{"latitude":"43.54269","longitude":"6.05757","bright_ti4":"331.58","scan":"0.43","track":"0.38","acq_date":"2026-07-21","acq_time":"1214","satellite":"N21","instrument":"VIIRS","confidence":"n","version":"2.0NRT","bright_ti5":"304.18","frp":"29.54","daynight":"D","commune":"Pontevès","code_insee":"83095","departement":"Var","region":"Provence-Alpes-Côte d'Azur"}},{"type":"Feature","geometry":{"type":"Point","coordinates":[6.06292,43.54367]},"properties":{"latitude":"43.54367","longitude":"6.06292","bright_ti4":"367","scan":"0.43","track":"0.38","acq_date":"2026-07-21","acq_time":"1214","satellite":"N21","instrument":"VIIRS","confidence":"h","version":"2.0NRT","bright_ti5":"329.51","frp":"0","daynight":"D","commune":"Pontevès","code_insee":"83095","departement":"Var","region":"Provence-Alpes-Côte d'Azur"}},{"type":"Feature","geometry":{"type":"Point","coordinates":[6.04596,43.54418]},"properties":{"latitude":"43.54418","longitude":"6.04596","bright_ti4":"349.96","scan":"0.43","track":"0.38","acq_date":"2026-07-21","acq_time":"1214","satellite":"N21","instrument":"VIIRS","confidence":"n","version":"2.0NRT","bright_ti5":"303.34","frp":"14.68","daynight":"D","commune":"Pontevès","code_insee":"83095","departement":"Var","region":"Provence-Alpes-Côte d'Azur"}},{"type":"Feature","geometry":{"type":"Point","coordinates":[6.06826,43.54465]},"properties":{"latitude":"43.54465","longitude":"6.06826","bright_ti4":"367","scan":"0.43","track":"0.38","acq_date":"2026-07-21","acq_time":"1214","satellite":"N21","instrument":"VIIRS","confidence":"l","version":"2.0NRT","bright_ti5":"370.79","frp":"0","daynight":"D","commune":"Pontevès","code_insee":"83095","departement":"Var","region":"Provence-Alpes-Côte d'Azur"}},{"type":"Feature","geometry":{"type":"Point","coordinates":[6.07354,43.54563]},"properties":{"latitude":"43.54563","longitude":"6.07354","bright_ti4":"367","scan":"0.43","track":"0.38","acq_date":"2026-07-21","acq_time":"1214","satellite":"N21","instrument":"VIIRS","confidence":"l","version":"2.0NRT","bright_ti5":"370.67","frp":"0","daynight":"D","commune":"Pontevès","code_insee":"83095","departement":"Var","region":"Provence-Alpes-Côte d'Azur"}},{"type":"Feature","geometry":{"type":"Point","coordinates":[6.05637,43.5461]},"properties":{"latitude":"43.5461","longitude":"6.05637","bright_ti4":"339.4","scan":"0.43","track":"0.38","acq_date":"2026-07-21","acq_time":"1214","satellite":"N21","instrument":"VIIRS","confidence":"n","version":"2.0NRT","bright_ti5":"305.88","frp":"29.54","daynight":"D","commune":"Pontevès","code_insee":"83095","departement":"Var","region":"Provence-Alpes-Côte d'Azur"}},{"type":"Feature","geometry":{"type":"Point","coordinates":[6.07876,43.54659]},"properties":{"latitude":"43.54659","longitude":"6.07876","bright_ti4":"367","scan":"0.43","track":"0.38","acq_date":"2026-07-21","acq_time":"1214","satellite":"N21","instrument":"VIIRS","confidence":"h","version":"2.0NRT","bright_ti5":"350.7","frp":"0","daynight":"D","commune":"Pontevès","code_insee":"83095","departement":"Var","region":"Provence-Alpes-Côte d'Azur"}},{"type":"Feature","geometry":{"type":"Point","coordinates":[6.06164,43.54707]},"properties":{"latitude":"43.54707","longitude":"6.06164","bright_ti4":"367","scan":"0.43","track":"0.38","acq_date":"2026-07-21","acq_time":"1214","satellite":"N21","instrument":"VIIRS","confidence":"l","version":"2.0NRT","bright_ti5":"372.41","frp":"0","daynight":"D","commune":"Pontevès","code_insee":"83095","departement":"Var","region":"Provence-Alpes-Côte d'Azur"}},{"type":"Feature","geometry":{"type":"Point","coordinates":[6.08392,43.54754]},"properties":{"latitude":"43.54754","longitude":"6.08392","bright_ti4":"349.69","scan":"0.43","track":"0.38","acq_date":"2026-07-21","acq_time":"1214","satellite":"N21","instrument":"VIIRS","confidence":"n","version":"2.0NRT","bright_ti5":"296.74","frp":"8.88","daynight":"D","commune":"Pontevès","code_insee":"83095","departement":"Var","region":"Provence-Alpes-Côte d'Azur"}},{"type":"Feature","geometry":{"type":"Point","coordinates":[6.06691,43.54803]},"properties":{"latitude":"43.54803","longitude":"6.06691","bright_ti4":"367","scan":"0.43","track":"0.38","acq_date":"2026-07-21","acq_time":"1214","satellite":"N21","instrument":"VIIRS","confidence":"l","version":"2.0NRT","bright_ti5":"372.25","frp":"0","daynight":"D","commune":"Pontevès","code_insee":"83095","departement":"Var","region":"Provence-Alpes-Côte d'Azur"}},{"type":"Feature","geometry":{"type":"Point","coordinates":[6.07215,43.549]},"properties":{"latitude":"43.549","longitude":"6.07215","bright_ti4":"367","scan":"0.43","track":"0.38","acq_date":"2026-07-21","acq_time":"1214","satellite":"N21","instrument":"VIIRS","confidence":"h","version":"2.0NRT","bright_ti5":"363.77","frp":"0","daynight":"D","commune":"Pontevès","code_insee":"83095","departement":"Var","region":"Provence-Alpes-Côte d'Azur"}},{"type":"Feature","geometry":{"type":"Point","coordinates":[6.07739,43.54997]},"properties":{"latitude":"43.54997","longitude":"6.07739","bright_ti4":"367","scan":"0.43","track":"0.38","acq_date":"2026-07-21","acq_time":"1214","satellite":"N21","instrument":"VIIRS","confidence":"l","version":"2.0NRT","bright_ti5":"328.3","frp":"0","daynight":"D","commune":"Pontevès","code_insee":"83095","departement":"Var","region":"Provence-Alpes-Côte d'Azur"}},{"type":"Feature","geometry":{"type":"Point","coordinates":[6.06029,43.55045]},"properties":{"latitude":"43.55045","longitude":"6.06029","bright_ti4":"367","scan":"0.43","track":"0.38","acq_date":"2026-07-21","acq_time":"1214","satellite":"N21","instrument":"VIIRS","confidence":"h","version":"2.0NRT","bright_ti5":"351.35","frp":"74.9","daynight":"D","commune":"Pontevès","code_insee":"83095","departement":"Var","region":"Provence-Alpes-Côte d'Azur"}},{"type":"Feature","geometry":{"type":"Point","coordinates":[6.08258,43.55092]},"properties":{"latitude":"43.55092","longitude":"6.08258","bright_ti4":"332.9","scan":"0.43","track":"0.38","acq_date":"2026-07-21","acq_time":"1214","satellite":"N21","instrument":"VIIRS","confidence":"n","version":"2.0NRT","bright_ti5":"299.53","frp":"8.88","daynight":"D","commune":"Pontevès","code_insee":"83095","departement":"Var","region":"Provence-Alpes-Côte d'Azur"}},{"type":"Feature","geometry":{"type":"Point","coordinates":[6.06553,43.55142]},"properties":{"latitude":"43.55142","longitude":"6.06553","bright_ti4":"367","scan":"0.43","track":"0.38","acq_date":"2026-07-21","acq_time":"1214","satellite":"N21","instrument":"VIIRS","confidence":"h","version":"2.0NRT","bright_ti5":"345.1","frp":"74.9","daynight":"D","commune":"Pontevès","code_insee":"83095","departement":"Var","region":"Provence-Alpes-Côte d'Azur"}},{"type":"Feature","geometry":{"type":"Point","coordinates":[6.07075,43.55238]},"properties":{"latitude":"43.55238","longitude":"6.07075","bright_ti4":"351.07","scan":"0.43","track":"0.38","acq_date":"2026-07-21","acq_time":"1214","satellite":"N21","instrument":"VIIRS","confidence":"n","version":"2.0NRT","bright_ti5":"313.48","frp":"19.5","daynight":"D","commune":"Pontevès","code_insee":"83095","departement":"Var","region":"Provence-Alpes-Côte d'Azur"}},{"type":"Feature","geometry":{"type":"Point","coordinates":[6.05896,43.55384]},"properties":{"latitude":"43.55384","longitude":"6.05896","bright_ti4":"353.79","scan":"0.43","track":"0.38","acq_date":"2026-07-21","acq_time":"1214","satellite":"N21","instrument":"VIIRS","confidence":"n","version":"2.0NRT","bright_ti5":"324.95","frp":"74.9","daynight":"D","commune":"Pontevès","code_insee":"83095","departement":"Var","region":"Provence-Alpes-Côte d'Azur"}},{"type":"Feature","geometry":{"type":"Point","coordinates":[6.0642,43.55481]},"properties":{"latitude":"43.55481","longitude":"6.0642","bright_ti4":"355.37","scan":"0.43","track":"0.38","acq_date":"2026-07-21","acq_time":"1214","satellite":"N21","instrument":"VIIRS","confidence":"n","version":"2.0NRT","bright_ti5":"310.7","frp":"74.9","daynight":"D","commune":"Pontevès","code_insee":"83095","departement":"Var","region":"Provence-Alpes-Côte d'Azur"}},{"type":"Feature","geometry":{"type":"Point","coordinates":[6.06943,43.55577]},"properties":{"latitude":"43.55577","longitude":"6.06943","bright_ti4":"339.94","scan":"0.43","track":"0.38","acq_date":"2026-07-21","acq_time":"1214","satellite":"N21","instrument":"VIIRS","confidence":"n","version":"2.0NRT","bright_ti5":"308.28","frp":"19.5","daynight":"D","commune":"Pontevès","code_insee":"83095","departement":"Var","region":"Provence-Alpes-Côte d'Azur"}},{"type":"Feature","geometry":{"type":"Point","coordinates":[6.0524,43.55627]},"properties":{"latitude":"43.55627","longitude":"6.0524","bright_ti4":"349.18","scan":"0.43","track":"0.38","acq_date":"2026-07-21","acq_time":"1214","satellite":"N21","instrument":"VIIRS","confidence":"n","version":"2.0NRT","bright_ti5":"316.91","frp":"28.45","daynight":"D","commune":"Pontevès","code_insee":"83095","departement":"Var","region":"Provence-Alpes-Côte d'Azur"}},{"type":"Feature","geometry":{"type":"Point","coordinates":[6.05767,43.55724]},"properties":{"latitude":"43.55724","longitude":"6.05767","bright_ti4":"367","scan":"0.43","track":"0.38","acq_date":"2026-07-21","acq_time":"1214","satellite":"N21","instrument":"VIIRS","confidence":"h","version":"2.0NRT","bright_ti5":"346.18","frp":"88.6","daynight":"D","commune":"Pontevès","code_insee":"83095","departement":"Var","region":"Provence-Alpes-Côte d'Azur"}},{"type":"Feature","geometry":{"type":"Point","coordinates":[6.05017,43.55742]},"properties":{"latitude":"43.55742","longitude":"6.05017","bright_ti4":"341.49","scan":"0.43","track":"0.38","acq_date":"2026-07-21","acq_time":"1214","satellite":"N21","instrument":"VIIRS","confidence":"n","version":"2.0NRT","bright_ti5":"311.39","frp":"50.68","daynight":"D","commune":"Pontevès","code_insee":"83095","departement":"Var","region":"Provence-Alpes-Côte d'Azur"}},{"type":"Feature","geometry":{"type":"Point","coordinates":[6.06294,43.5582]},"properties":{"latitude":"43.5582","longitude":"6.06294","bright_ti4":"343.26","scan":"0.43","track":"0.38","acq_date":"2026-07-21","acq_time":"1214","satellite":"N21","instrument":"VIIRS","confidence":"n","version":"2.0NRT","bright_ti5":"309.24","frp":"88.6","daynight":"D","commune":"Pontevès","code_insee":"83095","departement":"Var","region":"Provence-Alpes-Côte d'Azur"}},{"type":"Feature","geometry":{"type":"Point","coordinates":[6.05543,43.5584]},"properties":{"latitude":"43.5584","longitude":"6.05543","bright_ti4":"367","scan":"0.43","track":"0.38","acq_date":"2026-07-21","acq_time":"1214","satellite":"N21","instrument":"VIIRS","confidence":"h","version":"2.0NRT","bright_ti5":"327.39","frp":"50.68","daynight":"D","commune":"Pontevès","code_insee":"83095","departement":"Var","region":"Provence-Alpes-Côte d'Azur"}},{"type":"Feature","geometry":{"type":"Point","coordinates":[6.06068,43.55939]},"properties":{"latitude":"43.55939","longitude":"6.06068","bright_ti4":"338.38","scan":"0.43","track":"0.38","acq_date":"2026-07-21","acq_time":"1214","satellite":"N21","instrument":"VIIRS","confidence":"n","version":"2.0NRT","bright_ti5":"308.13","frp":"21.78","daynight":"D","commune":"Pontevès","code_insee":"83095","departement":"Var","region":"Provence-Alpes-Côte d'Azur"}},{"type":"Feature","geometry":{"type":"Point","coordinates":[1.33377,43.99826]},"properties":{"latitude":"43.99826","longitude":"1.33377","bright_ti4":"345.22","scan":"0.43","track":"0.46","acq_date":"2026-07-21","acq_time":"1214","satellite":"N21","instrument":"VIIRS","confidence":"n","version":"2.0NRT","bright_ti5":"315.47","frp":"35.75","daynight":"D","commune":"Montauban","code_insee":"82121","departement":"Tarn-et-Garonne","region":"Occitanie"}},{"type":"Feature","geometry":{"type":"Point","coordinates":[0.13058,44.529]},"properties":{"latitude":"44.529","longitude":"0.13058","bright_ti4":"341.8","scan":"0.48","track":"0.48","acq_date":"2026-07-21","acq_time":"1214","satellite":"N21","instrument":"VIIRS","confidence":"n","version":"2.0NRT","bright_ti5":"308.89","frp":"5.47","daynight":"D","commune":"Beaupuy","code_insee":"47024","departement":"Lot-et-Garonne","region":"Nouvelle-Aquitaine"}},{"type":"Feature","geometry":{"type":"Point","coordinates":[0.12778,44.52919]},"properties":{"latitude":"44.52919","longitude":"0.12778","bright_ti4":"335.21","scan":"0.48","track":"0.48","acq_date":"2026-07-21","acq_time":"1214","satellite":"N21","instrument":"VIIRS","confidence":"n","version":"2.0NRT","bright_ti5":"307.21","frp":"2.67","daynight":"D","commune":"Sainte-Bazeille","code_insee":"47233","departement":"Lot-et-Garonne","region":"Nouvelle-Aquitaine"}},{"type":"Feature","geometry":{"type":"Point","coordinates":[0.12881,44.53324]},"properties":{"latitude":"44.53324","longitude":"0.12881","bright_ti4":"335.28","scan":"0.48","track":"0.48","acq_date":"2026-07-21","acq_time":"1214","satellite":"N21","instrument":"VIIRS","confidence":"l","version":"2.0NRT","bright_ti5":"306.26","frp":"5.47","daynight":"D","commune":"Sainte-Bazeille","code_insee":"47233","departement":"Lot-et-Garonne","region":"Nouvelle-Aquitaine"}},{"type":"Feature","geometry":{"type":"Point","coordinates":[6.56173,44.7569]},"properties":{"latitude":"44.7569","longitude":"6.56173","bright_ti4":"344.04","scan":"0.41","track":"0.37","acq_date":"2026-07-21","acq_time":"1214","satellite":"N21","instrument":"VIIRS","confidence":"l","version":"2.0NRT","bright_ti5":"316.63","frp":"43.92","daynight":"D","commune":"Freissinières","code_insee":"05058","departement":"Hautes-Alpes","region":"Provence-Alpes-Côte d'Azur"}},{"type":"Feature","geometry":{"type":"Point","coordinates":[6.56424,44.75837]},"properties":{"latitude":"44.75837","longitude":"6.56424","bright_ti4":"331.83","scan":"0.41","track":"0.37","acq_date":"2026-07-21","acq_time":"1214","satellite":"N21","instrument":"VIIRS","confidence":"l","version":"2.0NRT","bright_ti5":"304.43","frp":"44.11","daynight":"D","commune":"Freissinières","code_insee":"05058","departement":"Hautes-Alpes","region":"Provence-Alpes-Côte d'Azur"}},{"type":"Feature","geometry":{"type":"Point","coordinates":[6.54199,44.76504]},"properties":{"latitude":"44.76504","longitude":"6.54199","bright_ti4":"333.22","scan":"0.41","track":"0.37","acq_date":"2026-07-21","acq_time":"1214","satellite":"N21","instrument":"VIIRS","confidence":"n","version":"2.0NRT","bright_ti5":"302.1","frp":"4.35","daynight":"D","commune":"Freissinières","code_insee":"05058","departement":"Hautes-Alpes","region":"Provence-Alpes-Côte d'Azur"}},{"type":"Feature","geometry":{"type":"Point","coordinates":[-0.55596,44.82342]},"properties":{"latitude":"44.82342","longitude":"-0.55596","bright_ti4":"341.78","scan":"0.5","track":"0.49","acq_date":"2026-07-21","acq_time":"1214","satellite":"N21","instrument":"VIIRS","confidence":"n","version":"2.0NRT","bright_ti5":"311.43","frp":"6.21","daynight":"D","commune":"Bordeaux","code_insee":"33063","departement":"Gironde","region":"Nouvelle-Aquitaine"}},{"type":"Feature","geometry":{"type":"Point","coordinates":[-0.68735,44.82927]},"properties":{"latitude":"44.82927","longitude":"-0.68735","bright_ti4":"338.65","scan":"0.51","track":"0.49","acq_date":"2026-07-21","acq_time":"1214","satellite":"N21","instrument":"VIIRS","confidence":"n","version":"2.0NRT","bright_ti5":"310.85","frp":"5.19","daynight":"D","commune":"Mérignac","code_insee":"33281","departement":"Gironde","region":"Nouvelle-Aquitaine"}},{"type":"Feature","geometry":{"type":"Point","coordinates":[0.94061,45.74783]},"properties":{"latitude":"45.74783","longitude":"0.94061","bright_ti4":"340.27","scan":"0.41","track":"0.45","acq_date":"2026-07-21","acq_time":"1217","satellite":"N21","instrument":"VIIRS","confidence":"n","version":"2.0NRT","bright_ti5":"308.76","frp":"8.11","daynight":"D","commune":"Saint-Laurent-sur-Gorre","code_insee":"87158","departement":"Haute-Vienne","region":"Nouvelle-Aquitaine"}},{"type":"Feature","geometry":{"type":"Point","coordinates":[0.94378,45.75291]},"properties":{"latitude":"45.75291","longitude":"0.94378","bright_ti4":"340.07","scan":"0.41","track":"0.45","acq_date":"2026-07-21","acq_time":"1217","satellite":"N21","instrument":"VIIRS","confidence":"n","version":"2.0NRT","bright_ti5":"308.7","frp":"8.11","daynight":"D","commune":"Saint-Laurent-sur-Gorre","code_insee":"87158","departement":"Haute-Vienne","region":"Nouvelle-Aquitaine"}},{"type":"Feature","geometry":{"type":"Point","coordinates":[-0.88795,45.87157]},"properties":{"latitude":"45.87157","longitude":"-0.88795","bright_ti4":"344.68","scan":"0.49","track":"0.49","acq_date":"2026-07-21","acq_time":"1217","satellite":"N21","instrument":"VIIRS","confidence":"n","version":"2.0NRT","bright_ti5":"306.82","frp":"14.6","daynight":"D","commune":"Trizay","code_insee":"17453","departement":"Charente-Maritime","region":"Nouvelle-Aquitaine"}},{"type":"Feature","geometry":{"type":"Point","coordinates":[-0.88765,45.87219]},"properties":{"latitude":"45.87219","longitude":"-0.88765","bright_ti4":"350.15","scan":"0.49","track":"0.49","acq_date":"2026-07-21","acq_time":"1217","satellite":"N21","instrument":"VIIRS","confidence":"n","version":"2.0NRT","bright_ti5":"307.56","frp":"24.64","daynight":"D","commune":"Trizay","code_insee":"17453","departement":"Charente-Maritime","region":"Nouvelle-Aquitaine"}},{"type":"Feature","geometry":{"type":"Point","coordinates":[-0.88198,45.87306]},"properties":{"latitude":"45.87306","longitude":"-0.88198","bright_ti4":"338.68","scan":"0.49","track":"0.49","acq_date":"2026-07-21","acq_time":"1217","satellite":"N21","instrument":"VIIRS","confidence":"n","version":"2.0NRT","bright_ti5":"308.3","frp":"8.36","daynight":"D","commune":"Trizay","code_insee":"17453","departement":"Charente-Maritime","region":"Nouvelle-Aquitaine"}},{"type":"Feature","geometry":{"type":"Point","coordinates":[-0.87812,45.87877]},"properties":{"latitude":"45.87877","longitude":"-0.87812","bright_ti4":"345.83","scan":"0.49","track":"0.48","acq_date":"2026-07-21","acq_time":"1217","satellite":"N21","instrument":"VIIRS","confidence":"n","version":"2.0NRT","bright_ti5":"307.27","frp":"7.88","daynight":"D","commune":"La Vallée","code_insee":"17455","departement":"Charente-Maritime","region":"Nouvelle-Aquitaine"}},{"type":"Feature","geometry":{"type":"Point","coordinates":[-0.87779,45.87932]},"properties":{"latitude":"45.87932","longitude":"-0.87779","bright_ti4":"349.3","scan":"0.49","track":"0.49","acq_date":"2026-07-21","acq_time":"1217","satellite":"N21","instrument":"VIIRS","confidence":"n","version":"2.0NRT","bright_ti5":"307.1","frp":"9.41","daynight":"D","commune":"La Vallée","code_insee":"17455","departement":"Charente-Maritime","region":"Nouvelle-Aquitaine"}},{"type":"Feature","geometry":{"type":"Point","coordinates":[-0.38226,46.41862]},"properties":{"latitude":"46.41862","longitude":"-0.38226","bright_ti4":"348.21","scan":"0.45","track":"0.47","acq_date":"2026-07-21","acq_time":"1217","satellite":"N21","instrument":"VIIRS","confidence":"n","version":"2.0NRT","bright_ti5":"308.65","frp":"8.17","daynight":"D","commune":"Cherveux","code_insee":"79086","departement":"Deux-Sèvres","region":"Nouvelle-Aquitaine"}},{"type":"Feature","geometry":{"type":"Point","coordinates":[0.1559,46.80585]},"properties":{"latitude":"46.80585","longitude":"0.1559","bright_ti4":"342.71","scan":"0.42","track":"0.45","acq_date":"2026-07-21","acq_time":"1217","satellite":"N21","instrument":"VIIRS","confidence":"n","version":"2.0NRT","bright_ti5":"300.23","frp":"11.3","daynight":"D","commune":"Chouppes","code_insee":"86075","departement":"Vienne","region":"Nouvelle-Aquitaine"}},{"type":"Feature","geometry":{"type":"Point","coordinates":[0.15318,46.80813]},"properties":{"latitude":"46.80813","longitude":"0.15318","bright_ti4":"334.1","scan":"0.42","track":"0.45","acq_date":"2026-07-21","acq_time":"1217","satellite":"N21","instrument":"VIIRS","confidence":"n","version":"2.0NRT","bright_ti5":"302.14","frp":"18.83","daynight":"D","commune":"Chouppes","code_insee":"86075","departement":"Vienne","region":"Nouvelle-Aquitaine"}},{"type":"Feature","geometry":{"type":"Point","coordinates":[2.55476,47.84491]},"properties":{"latitude":"47.84491","longitude":"2.55476","bright_ti4":"345.53","scan":"0.48","track":"0.4","acq_date":"2026-07-21","acq_time":"1217","satellite":"N21","instrument":"VIIRS","confidence":"n","version":"2.0NRT","bright_ti5":"301.33","frp":"7.62","daynight":"D","commune":"Montereau","code_insee":"45213","departement":"Loiret","region":"Centre-Val de Loire"}},{"type":"Feature","geometry":{"type":"Point","coordinates":[7.31363,48.07933]},"properties":{"latitude":"48.07933","longitude":"7.31363","bright_ti4":"335.12","scan":"0.38","track":"0.36","acq_date":"2026-07-21","acq_time":"1217","satellite":"N21","instrument":"VIIRS","confidence":"l","version":"2.0NRT","bright_ti5":"305.62","frp":"1.78","daynight":"D","commune":"Wintzenheim","code_insee":"68374","departement":"Haut-Rhin","region":"Grand Est"}},{"type":"Feature","geometry":{"type":"Point","coordinates":[7.45488,48.08788]},"properties":{"latitude":"48.08788","longitude":"7.45488","bright_ti4":"330.46","scan":"0.38","track":"0.36","acq_date":"2026-07-21","acq_time":"1217","satellite":"N21","instrument":"VIIRS","confidence":"n","version":"2.0NRT","bright_ti5":"299.28","frp":"1.94","daynight":"D","commune":"Fortschwihr","code_insee":"68095","departement":"Haut-Rhin","region":"Grand Est"}},{"type":"Feature","geometry":{"type":"Point","coordinates":[-1.44232,48.11775]},"properties":{"latitude":"48.11775","longitude":"-1.44232","bright_ti4":"340.3","scan":"0.45","track":"0.47","acq_date":"2026-07-21","acq_time":"1217","satellite":"N21","instrument":"VIIRS","confidence":"n","version":"2.0NRT","bright_ti5":"298.88","frp":"2.67","daynight":"D","commune":"Servon-sur-Vilaine","code_insee":"35327","departement":"Ille-et-Vilaine","region":"Bretagne"}},{"type":"Feature","geometry":{"type":"Point","coordinates":[-1.79115,48.13813]},"properties":{"latitude":"48.13813","longitude":"-1.79115","bright_ti4":"339.21","scan":"0.47","track":"0.48","acq_date":"2026-07-21","acq_time":"1217","satellite":"N21","instrument":"VIIRS","confidence":"n","version":"2.0NRT","bright_ti5":"298.78","frp":"7.71","daynight":"D","commune":"Pacé","code_insee":"35210","departement":"Ille-et-Vilaine","region":"Bretagne"}},{"type":"Feature","geometry":{"type":"Point","coordinates":[2.95217,49.09894]},"properties":{"latitude":"49.09894","longitude":"2.95217","bright_ti4":"333.44","scan":"0.45","track":"0.39","acq_date":"2026-07-21","acq_time":"1217","satellite":"N21","instrument":"VIIRS","confidence":"n","version":"2.0NRT","bright_ti5":"305.33","frp":"3.87","daynight":"D","commune":"Acy-en-Multien","code_insee":"60005","departement":"Oise","region":"Hauts-de-France"}},{"type":"Feature","geometry":{"type":"Point","coordinates":[0.94977,49.69575]},"properties":{"latitude":"49.69575","longitude":"0.94977","bright_ti4":"332.89","scan":"0.5","track":"0.41","acq_date":"2026-07-21","acq_time":"1217","satellite":"N21","instrument":"VIIRS","confidence":"n","version":"2.0NRT","bright_ti5":"298.59","frp":"4.57","daynight":"D","commune":"La Fontelaye","code_insee":"76274","departement":"Seine-Maritime","region":"Normandie"}},{"type":"Feature","geometry":{"type":"Point","coordinates":[-0.29319,44.40277]},"properties":{"latitude":"44.40277","longitude":"-0.29319","bright_ti4":"353.19","scan":"0.54","track":"0.68","acq_date":"2026-07-21","acq_time":"1355","satellite":"N21","instrument":"VIIRS","confidence":"n","version":"2.0NRT","bright_ti5":"305.1","frp":"27.03","daynight":"D","commune":"Pompéjac","code_insee":"33329","departement":"Gironde","region":"Nouvelle-Aquitaine"}},{"type":"Feature","geometry":{"type":"Point","coordinates":[-0.28641,44.40287]},"properties":{"latitude":"44.40287","longitude":"-0.28641","bright_ti4":"354.2","scan":"0.54","track":"0.68","acq_date":"2026-07-21","acq_time":"1355","satellite":"N21","instrument":"VIIRS","confidence":"n","version":"2.0NRT","bright_ti5":"302.56","frp":"25.37","daynight":"D","commune":"Pompéjac","code_insee":"33329","departement":"Gironde","region":"Nouvelle-Aquitaine"}},{"type":"Feature","geometry":{"type":"Point","coordinates":[-0.29167,44.40477]},"properties":{"latitude":"44.40477","longitude":"-0.29167","bright_ti4":"351.71","scan":"0.54","track":"0.68","acq_date":"2026-07-21","acq_time":"1355","satellite":"N21","instrument":"VIIRS","confidence":"n","version":"2.0NRT","bright_ti5":"308.91","frp":"41.51","daynight":"D","commune":"Pompéjac","code_insee":"33329","departement":"Gironde","region":"Nouvelle-Aquitaine"}},{"type":"Feature","geometry":{"type":"Point","coordinates":[-0.6906,44.82613]},"properties":{"latitude":"44.82613","longitude":"-0.6906","bright_ti4":"367","scan":"0.52","track":"0.67","acq_date":"2026-07-21","acq_time":"1355","satellite":"N21","instrument":"VIIRS","confidence":"h","version":"2.0NRT","bright_ti5":"317.94","frp":"23.18","daynight":"D","commune":"Mérignac","code_insee":"33281","departement":"Gironde","region":"Nouvelle-Aquitaine"}},{"type":"Feature","geometry":{"type":"Point","coordinates":[-0.68912,44.82639]},"properties":{"latitude":"44.82639","longitude":"-0.68912","bright_ti4":"367","scan":"0.52","track":"0.67","acq_date":"2026-07-21","acq_time":"1355","satellite":"N21","instrument":"VIIRS","confidence":"h","version":"2.0NRT","bright_ti5":"320.98","frp":"23.18","daynight":"D","commune":"Mérignac","code_insee":"33281","departement":"Gironde","region":"Nouvelle-Aquitaine"}},{"type":"Feature","geometry":{"type":"Point","coordinates":[-0.35859,46.61202]},"properties":{"latitude":"46.61202","longitude":"-0.35859","bright_ti4":"345.85","scan":"0.55","track":"0.68","acq_date":"2026-07-21","acq_time":"1355","satellite":"N21","instrument":"VIIRS","confidence":"n","version":"2.0NRT","bright_ti5":"304.06","frp":"8.67","daynight":"D","commune":"Azay-sur-Thouet","code_insee":"79025","departement":"Deux-Sèvres","region":"Nouvelle-Aquitaine"}},{"type":"Feature","geometry":{"type":"Point","coordinates":[0.15332,46.80864]},"properties":{"latitude":"46.80864","longitude":"0.15332","bright_ti4":"367","scan":"0.58","track":"0.7","acq_date":"2026-07-21","acq_time":"1355","satellite":"N21","instrument":"VIIRS","confidence":"h","version":"2.0NRT","bright_ti5":"299.95","frp":"14.15","daynight":"D","commune":"Chouppes","code_insee":"86075","departement":"Vienne","region":"Nouvelle-Aquitaine"}},{"type":"Feature","geometry":{"type":"Point","coordinates":[0.15303,46.80946]},"properties":{"latitude":"46.80946","longitude":"0.15303","bright_ti4":"367","scan":"0.58","track":"0.7","acq_date":"2026-07-21","acq_time":"1355","satellite":"N21","instrument":"VIIRS","confidence":"h","version":"2.0NRT","bright_ti5":"300.41","frp":"22.55","daynight":"D","commune":"Chouppes","code_insee":"86075","departement":"Vienne","region":"Nouvelle-Aquitaine"}},{"type":"Feature","geometry":{"type":"Point","coordinates":[-3.63627,48.45702]},"properties":{"latitude":"48.45702","longitude":"-3.63627","bright_ti4":"367","scan":"0.39","track":"0.59","acq_date":"2026-07-21","acq_time":"1355","satellite":"N21","instrument":"VIIRS","confidence":"h","version":"2.0NRT","bright_ti5":"306","frp":"43.24","daynight":"D","commune":"Scrignac","code_insee":"29275","departement":"Finistère","region":"Bretagne"}},{"type":"Feature","geometry":{"type":"Point","coordinates":[-1.42761,48.51167]},"properties":{"latitude":"48.51167","longitude":"-1.42761","bright_ti4":"344.71","scan":"0.5","track":"0.66","acq_date":"2026-07-21","acq_time":"1355","satellite":"N21","instrument":"VIIRS","confidence":"n","version":"2.0NRT","bright_ti5":"295.07","frp":"7.23","daynight":"D","commune":"Saint-James","code_insee":"50487","departement":"Manche","region":"Normandie"}},{"type":"Feature","geometry":{"type":"Point","coordinates":[-1.42075,48.51176]},"properties":{"latitude":"48.51176","longitude":"-1.42075","bright_ti4":"336.75","scan":"0.5","track":"0.66","acq_date":"2026-07-21","acq_time":"1355","satellite":"N21","instrument":"VIIRS","confidence":"n","version":"2.0NRT","bright_ti5":"296.74","frp":"7.23","daynight":"D","commune":"Saint-James","code_insee":"50487","departement":"Manche","region":"Normandie"}},{"type":"Feature","geometry":{"type":"Point","coordinates":[2.25971,49.12486]},"properties":{"latitude":"49.12486","longitude":"2.25971","bright_ti4":"333.81","scan":"0.74","track":"0.76","acq_date":"2026-07-21","acq_time":"1355","satellite":"N21","instrument":"VIIRS","confidence":"n","version":"2.0NRT","bright_ti5":"295.69","frp":"6.15","daynight":"D","commune":"Mours","code_insee":"95436","departement":"Val-d'Oise","region":"Île-de-France"}},{"type":"Feature","geometry":{"type":"Point","coordinates":[1.83771,49.33227]},"properties":{"latitude":"49.33227","longitude":"1.83771","bright_ti4":"331.6","scan":"0.71","track":"0.75","acq_date":"2026-07-21","acq_time":"1355","satellite":"N21","instrument":"VIIRS","confidence":"n","version":"2.0NRT","bright_ti5":"295.68","frp":"6.5","daynight":"D","commune":"Flavacourt","code_insee":"60235","departement":"Oise","region":"Hauts-de-France"}}]}