{"type":"FeatureCollection","features":[{"type":"Feature","geometry":{"type":"Point","coordinates":[0.01188,46.96655]},"properties":{"latitude":"46.96655","longitude":"0.01188","bright_ti4":"302.86","scan":"0.66","track":"0.73","acq_date":"2026-07-13","acq_time":"52","satellite":"N20","instrument":"VIIRS","confidence":"n","version":"2.0NRT","bright_ti5":"277.3","frp":"1.69","daynight":"N","commune":"Arçay","code_insee":"86008","departement":"Vienne","region":"Nouvelle-Aquitaine"}},{"type":"Feature","geometry":{"type":"Point","coordinates":[0.01234,46.96738]},"properties":{"latitude":"46.96738","longitude":"0.01234","bright_ti4":"300.91","scan":"0.66","track":"0.73","acq_date":"2026-07-13","acq_time":"52","satellite":"N20","instrument":"VIIRS","confidence":"n","version":"2.0NRT","bright_ti5":"277.97","frp":"2.58","daynight":"N","commune":"Arçay","code_insee":"86008","departement":"Vienne","region":"Nouvelle-Aquitaine"}},{"type":"Feature","geometry":{"type":"Point","coordinates":[1.09155,47.28325]},"properties":{"latitude":"47.28325","longitude":"1.09155","bright_ti4":"329.32","scan":"0.59","track":"0.7","acq_date":"2026-07-13","acq_time":"52","satellite":"N20","instrument":"VIIRS","confidence":"n","version":"2.0NRT","bright_ti5":"290.72","frp":"5.7","daynight":"N","commune":"Luzillé","code_insee":"37141","departement":"Indre-et-Loire","region":"Centre-Val de Loire"}},{"type":"Feature","geometry":{"type":"Point","coordinates":[1.09989,47.28388]},"properties":{"latitude":"47.28388","longitude":"1.09989","bright_ti4":"303.82","scan":"0.59","track":"0.7","acq_date":"2026-07-13","acq_time":"52","satellite":"N20","instrument":"VIIRS","confidence":"n","version":"2.0NRT","bright_ti5":"290.21","frp":"3.38","daynight":"N","commune":"Épeigné-les-Bois","code_insee":"37100","departement":"Indre-et-Loire","region":"Centre-Val de Loire"}},{"type":"Feature","geometry":{"type":"Point","coordinates":[1.09197,47.28391]},"properties":{"latitude":"47.28391","longitude":"1.09197","bright_ti4":"333.06","scan":"0.59","track":"0.7","acq_date":"2026-07-13","acq_time":"52","satellite":"N20","instrument":"VIIRS","confidence":"n","version":"2.0NRT","bright_ti5":"291.04","frp":"4.68","daynight":"N","commune":"Luzillé","code_insee":"37141","departement":"Indre-et-Loire","region":"Centre-Val de Loire"}},{"type":"Feature","geometry":{"type":"Point","coordinates":[4.02625,47.85659]},"properties":{"latitude":"47.85659","longitude":"4.02625","bright_ti4":"314.74","scan":"0.43","track":"0.62","acq_date":"2026-07-13","acq_time":"52","satellite":"N20","instrument":"VIIRS","confidence":"n","version":"2.0NRT","bright_ti5":"285.66","frp":"2.99","daynight":"N","commune":"Tonnerre","code_insee":"89418","departement":"Yonne","region":"Bourgogne-Franche-Comté"}},{"type":"Feature","geometry":{"type":"Point","coordinates":[4.02032,47.85676]},"properties":{"latitude":"47.85676","longitude":"4.02032","bright_ti4":"318.42","scan":"0.43","track":"0.62","acq_date":"2026-07-13","acq_time":"52","satellite":"N20","instrument":"VIIRS","confidence":"n","version":"2.0NRT","bright_ti5":"286.94","frp":"3.2","daynight":"N","commune":"Tonnerre","code_insee":"89418","departement":"Yonne","region":"Bourgogne-Franche-Comté"}},{"type":"Feature","geometry":{"type":"Point","coordinates":[2.53929,48.36393]},"properties":{"latitude":"48.36393","longitude":"2.53929","bright_ti4":"323.43","scan":"0.51","track":"0.66","acq_date":"2026-07-13","acq_time":"52","satellite":"N20","instrument":"VIIRS","confidence":"n","version":"2.0NRT","bright_ti5":"267.86","frp":"2.82","daynight":"N","commune":"Le Vaudoué","code_insee":"77485","departement":"Seine-et-Marne","region":"Île-de-France"}},{"type":"Feature","geometry":{"type":"Point","coordinates":[2.53184,48.36401]},"properties":{"latitude":"48.36401","longitude":"2.53184","bright_ti4":"322.12","scan":"0.51","track":"0.66","acq_date":"2026-07-13","acq_time":"52","satellite":"N20","instrument":"VIIRS","confidence":"n","version":"2.0NRT","bright_ti5":"267.68","frp":"2.52","daynight":"N","commune":"Le Vaudoué","code_insee":"77485","departement":"Seine-et-Marne","region":"Île-de-France"}},{"type":"Feature","geometry":{"type":"Point","coordinates":[2.52458,48.36409]},"properties":{"latitude":"48.36409","longitude":"2.52458","bright_ti4":"300.03","scan":"0.51","track":"0.66","acq_date":"2026-07-13","acq_time":"52","satellite":"N20","instrument":"VIIRS","confidence":"n","version":"2.0NRT","bright_ti5":"266.7","frp":"2.52","daynight":"N","commune":"Le Vaudoué","code_insee":"77485","departement":"Seine-et-Marne","region":"Île-de-France"}},{"type":"Feature","geometry":{"type":"Point","coordinates":[2.57525,48.36969]},"properties":{"latitude":"48.36969","longitude":"2.57525","bright_ti4":"297.4","scan":"0.51","track":"0.66","acq_date":"2026-07-13","acq_time":"52","satellite":"N20","instrument":"VIIRS","confidence":"n","version":"2.0NRT","bright_ti5":"272.96","frp":"3.07","daynight":"N","commune":"Fontainebleau","code_insee":"77186","departement":"Seine-et-Marne","region":"Île-de-France"}},{"type":"Feature","geometry":{"type":"Point","coordinates":[2.5682,48.36976]},"properties":{"latitude":"48.36976","longitude":"2.5682","bright_ti4":"326.41","scan":"0.51","track":"0.66","acq_date":"2026-07-13","acq_time":"52","satellite":"N20","instrument":"VIIRS","confidence":"n","version":"2.0NRT","bright_ti5":"272.9","frp":"3.07","daynight":"N","commune":"Fontainebleau","code_insee":"77186","departement":"Seine-et-Marne","region":"Île-de-France"}},{"type":"Feature","geometry":{"type":"Point","coordinates":[2.56113,48.36984]},"properties":{"latitude":"48.36984","longitude":"2.56113","bright_ti4":"326.36","scan":"0.51","track":"0.66","acq_date":"2026-07-13","acq_time":"52","satellite":"N20","instrument":"VIIRS","confidence":"n","version":"2.0NRT","bright_ti5":"273.42","frp":"3.39","daynight":"N","commune":"Noisy-sur-École","code_insee":"77339","departement":"Seine-et-Marne","region":"Île-de-France"}},{"type":"Feature","geometry":{"type":"Point","coordinates":[2.55397,48.36992]},"properties":{"latitude":"48.36992","longitude":"2.55397","bright_ti4":"299.6","scan":"0.51","track":"0.66","acq_date":"2026-07-13","acq_time":"52","satellite":"N20","instrument":"VIIRS","confidence":"n","version":"2.0NRT","bright_ti5":"269.68","frp":"3.39","daynight":"N","commune":"Achères-la-Forêt","code_insee":"77001","departement":"Seine-et-Marne","region":"Île-de-France"}},{"type":"Feature","geometry":{"type":"Point","coordinates":[2.54681,48.37]},"properties":{"latitude":"48.37","longitude":"2.54681","bright_ti4":"308.37","scan":"0.51","track":"0.66","acq_date":"2026-07-13","acq_time":"52","satellite":"N20","instrument":"VIIRS","confidence":"n","version":"2.0NRT","bright_ti5":"268.49","frp":"2.82","daynight":"N","commune":"Le Vaudoué","code_insee":"77485","departement":"Seine-et-Marne","region":"Île-de-France"}},{"type":"Feature","geometry":{"type":"Point","coordinates":[2.53944,48.37008]},"properties":{"latitude":"48.37008","longitude":"2.53944","bright_ti4":"306.48","scan":"0.51","track":"0.66","acq_date":"2026-07-13","acq_time":"52","satellite":"N20","instrument":"VIIRS","confidence":"n","version":"2.0NRT","bright_ti5":"268.89","frp":"2.82","daynight":"N","commune":"Le Vaudoué","code_insee":"77485","departement":"Seine-et-Marne","region":"Île-de-France"}},{"type":"Feature","geometry":{"type":"Point","coordinates":[2.53202,48.37016]},"properties":{"latitude":"48.37016","longitude":"2.53202","bright_ti4":"310.57","scan":"0.51","track":"0.66","acq_date":"2026-07-13","acq_time":"52","satellite":"N20","instrument":"VIIRS","confidence":"n","version":"2.0NRT","bright_ti5":"269.65","frp":"2.52","daynight":"N","commune":"Le Vaudoué","code_insee":"77485","departement":"Seine-et-Marne","region":"Île-de-France"}},{"type":"Feature","geometry":{"type":"Point","coordinates":[2.52486,48.37024]},"properties":{"latitude":"48.37024","longitude":"2.52486","bright_ti4":"316.04","scan":"0.51","track":"0.66","acq_date":"2026-07-13","acq_time":"52","satellite":"N20","instrument":"VIIRS","confidence":"n","version":"2.0NRT","bright_ti5":"269.68","frp":"2.52","daynight":"N","commune":"Noisy-sur-École","code_insee":"77339","departement":"Seine-et-Marne","region":"Île-de-France"}},{"type":"Feature","geometry":{"type":"Point","coordinates":[2.51782,48.37031]},"properties":{"latitude":"48.37031","longitude":"2.51782","bright_ti4":"296.59","scan":"0.51","track":"0.66","acq_date":"2026-07-13","acq_time":"52","satellite":"N20","instrument":"VIIRS","confidence":"n","version":"2.0NRT","bright_ti5":"265.21","frp":"1.51","daynight":"N","commune":"Noisy-sur-École","code_insee":"77339","departement":"Seine-et-Marne","region":"Île-de-France"}},{"type":"Feature","geometry":{"type":"Point","coordinates":[2.58252,48.37574]},"properties":{"latitude":"48.37574","longitude":"2.58252","bright_ti4":"297.09","scan":"0.51","track":"0.66","acq_date":"2026-07-13","acq_time":"52","satellite":"N20","instrument":"VIIRS","confidence":"n","version":"2.0NRT","bright_ti5":"272.07","frp":"1.6","daynight":"N","commune":"Fontainebleau","code_insee":"77186","departement":"Seine-et-Marne","region":"Île-de-France"}},{"type":"Feature","geometry":{"type":"Point","coordinates":[2.57547,48.37583]},"properties":{"latitude":"48.37583","longitude":"2.57547","bright_ti4":"326.75","scan":"0.51","track":"0.66","acq_date":"2026-07-13","acq_time":"52","satellite":"N20","instrument":"VIIRS","confidence":"n","version":"2.0NRT","bright_ti5":"276.67","frp":"5.65","daynight":"N","commune":"Fontainebleau","code_insee":"77186","departement":"Seine-et-Marne","region":"Île-de-France"}},{"type":"Feature","geometry":{"type":"Point","coordinates":[2.56841,48.37591]},"properties":{"latitude":"48.37591","longitude":"2.56841","bright_ti4":"341.4","scan":"0.51","track":"0.66","acq_date":"2026-07-13","acq_time":"52","satellite":"N20","instrument":"VIIRS","confidence":"n","version":"2.0NRT","bright_ti5":"273.58","frp":"5.65","daynight":"N","commune":"Fontainebleau","code_insee":"77186","departement":"Seine-et-Marne","region":"Île-de-France"}},{"type":"Feature","geometry":{"type":"Point","coordinates":[2.5613,48.37599]},"properties":{"latitude":"48.37599","longitude":"2.5613","bright_ti4":"308.27","scan":"0.51","track":"0.66","acq_date":"2026-07-13","acq_time":"52","satellite":"N20","instrument":"VIIRS","confidence":"n","version":"2.0NRT","bright_ti5":"269.12","frp":"3.5","daynight":"N","commune":"Noisy-sur-École","code_insee":"77339","departement":"Seine-et-Marne","region":"Île-de-France"}},{"type":"Feature","geometry":{"type":"Point","coordinates":[2.55412,48.37607]},"properties":{"latitude":"48.37607","longitude":"2.55412","bright_ti4":"302.9","scan":"0.51","track":"0.66","acq_date":"2026-07-13","acq_time":"52","satellite":"N20","instrument":"VIIRS","confidence":"n","version":"2.0NRT","bright_ti5":"269.39","frp":"3.5","daynight":"N","commune":"Noisy-sur-École","code_insee":"77339","departement":"Seine-et-Marne","region":"Île-de-France"}},{"type":"Feature","geometry":{"type":"Point","coordinates":[2.5469,48.37615]},"properties":{"latitude":"48.37615","longitude":"2.5469","bright_ti4":"306.63","scan":"0.51","track":"0.66","acq_date":"2026-07-13","acq_time":"52","satellite":"N20","instrument":"VIIRS","confidence":"n","version":"2.0NRT","bright_ti5":"269.06","frp":"2.67","daynight":"N","commune":"Noisy-sur-École","code_insee":"77339","departement":"Seine-et-Marne","region":"Île-de-France"}},{"type":"Feature","geometry":{"type":"Point","coordinates":[2.53949,48.37623]},"properties":{"latitude":"48.37623","longitude":"2.53949","bright_ti4":"313.52","scan":"0.51","track":"0.66","acq_date":"2026-07-13","acq_time":"52","satellite":"N20","instrument":"VIIRS","confidence":"n","version":"2.0NRT","bright_ti5":"267.98","frp":"2.67","daynight":"N","commune":"Noisy-sur-École","code_insee":"77339","departement":"Seine-et-Marne","region":"Île-de-France"}},{"type":"Feature","geometry":{"type":"Point","coordinates":[2.53217,48.37631]},"properties":{"latitude":"48.37631","longitude":"2.53217","bright_ti4":"325.41","scan":"0.51","track":"0.66","acq_date":"2026-07-13","acq_time":"52","satellite":"N20","instrument":"VIIRS","confidence":"n","version":"2.0NRT","bright_ti5":"269.82","frp":"2.57","daynight":"N","commune":"Noisy-sur-École","code_insee":"77339","departement":"Seine-et-Marne","region":"Île-de-France"}},{"type":"Feature","geometry":{"type":"Point","coordinates":[2.52505,48.37639]},"properties":{"latitude":"48.37639","longitude":"2.52505","bright_ti4":"301.05","scan":"0.51","track":"0.66","acq_date":"2026-07-13","acq_time":"52","satellite":"N20","instrument":"VIIRS","confidence":"n","version":"2.0NRT","bright_ti5":"266.65","frp":"2.57","daynight":"N","commune":"Noisy-sur-École","code_insee":"77339","departement":"Seine-et-Marne","region":"Île-de-France"}},{"type":"Feature","geometry":{"type":"Point","coordinates":[2.58974,48.3818]},"properties":{"latitude":"48.3818","longitude":"2.58974","bright_ti4":"299.24","scan":"0.51","track":"0.66","acq_date":"2026-07-13","acq_time":"52","satellite":"N20","instrument":"VIIRS","confidence":"n","version":"2.0NRT","bright_ti5":"271.54","frp":"1.6","daynight":"N","commune":"Fontainebleau","code_insee":"77186","departement":"Seine-et-Marne","region":"Île-de-France"}},{"type":"Feature","geometry":{"type":"Point","coordinates":[2.58266,48.38189]},"properties":{"latitude":"48.38189","longitude":"2.58266","bright_ti4":"299.02","scan":"0.51","track":"0.66","acq_date":"2026-07-13","acq_time":"52","satellite":"N20","instrument":"VIIRS","confidence":"n","version":"2.0NRT","bright_ti5":"271.08","frp":"1.6","daynight":"N","commune":"Fontainebleau","code_insee":"77186","departement":"Seine-et-Marne","region":"Île-de-France"}},{"type":"Feature","geometry":{"type":"Point","coordinates":[2.57557,48.38197]},"properties":{"latitude":"48.38197","longitude":"2.57557","bright_ti4":"318.41","scan":"0.51","track":"0.66","acq_date":"2026-07-13","acq_time":"52","satellite":"N20","instrument":"VIIRS","confidence":"n","version":"2.0NRT","bright_ti5":"273.9","frp":"5.65","daynight":"N","commune":"Fontainebleau","code_insee":"77186","departement":"Seine-et-Marne","region":"Île-de-France"}},{"type":"Feature","geometry":{"type":"Point","coordinates":[2.56841,48.38205]},"properties":{"latitude":"48.38205","longitude":"2.56841","bright_ti4":"342.25","scan":"0.51","track":"0.66","acq_date":"2026-07-13","acq_time":"52","satellite":"N20","instrument":"VIIRS","confidence":"n","version":"2.0NRT","bright_ti5":"274.36","frp":"5.65","daynight":"N","commune":"Noisy-sur-École","code_insee":"77339","departement":"Seine-et-Marne","region":"Île-de-France"}},{"type":"Feature","geometry":{"type":"Point","coordinates":[2.56126,48.38214]},"properties":{"latitude":"48.38214","longitude":"2.56126","bright_ti4":"316.43","scan":"0.51","track":"0.66","acq_date":"2026-07-13","acq_time":"52","satellite":"N20","instrument":"VIIRS","confidence":"n","version":"2.0NRT","bright_ti5":"270.03","frp":"3.5","daynight":"N","commune":"Noisy-sur-École","code_insee":"77339","departement":"Seine-et-Marne","region":"Île-de-France"}},{"type":"Feature","geometry":{"type":"Point","coordinates":[2.55416,48.38222]},"properties":{"latitude":"48.38222","longitude":"2.55416","bright_ti4":"323.22","scan":"0.51","track":"0.66","acq_date":"2026-07-13","acq_time":"52","satellite":"N20","instrument":"VIIRS","confidence":"n","version":"2.0NRT","bright_ti5":"269.84","frp":"3.5","daynight":"N","commune":"Noisy-sur-École","code_insee":"77339","departement":"Seine-et-Marne","region":"Île-de-France"}},{"type":"Feature","geometry":{"type":"Point","coordinates":[2.54706,48.3823]},"properties":{"latitude":"48.3823","longitude":"2.54706","bright_ti4":"308.98","scan":"0.51","track":"0.66","acq_date":"2026-07-13","acq_time":"52","satellite":"N20","instrument":"VIIRS","confidence":"n","version":"2.0NRT","bright_ti5":"267.82","frp":"2.67","daynight":"N","commune":"Noisy-sur-École","code_insee":"77339","departement":"Seine-et-Marne","region":"Île-de-France"}},{"type":"Feature","geometry":{"type":"Point","coordinates":[0.96471,48.45331]},"properties":{"latitude":"48.45331","longitude":"0.96471","bright_ti4":"300.33","scan":"0.6","track":"0.71","acq_date":"2026-07-13","acq_time":"52","satellite":"N20","instrument":"VIIRS","confidence":"n","version":"2.0NRT","bright_ti5":"268.06","frp":"0.56","daynight":"N","commune":"Vaupillon","code_insee":"28401","departement":"Eure-et-Loir","region":"Centre-Val de Loire"}},{"type":"Feature","geometry":{"type":"Point","coordinates":[6.14939,49.31863]},"properties":{"latitude":"49.31863","longitude":"6.14939","bright_ti4":"303.53","scan":"0.35","track":"0.57","acq_date":"2026-07-13","acq_time":"52","satellite":"N20","instrument":"VIIRS","confidence":"n","version":"2.0NRT","bright_ti5":"290.94","frp":"0.49","daynight":"N","commune":"Florange","code_insee":"57221","departement":"Moselle","region":"Grand Est"}},{"type":"Feature","geometry":{"type":"Point","coordinates":[6.1445,49.31882]},"properties":{"latitude":"49.31882","longitude":"6.1445","bright_ti4":"300.34","scan":"0.35","track":"0.57","acq_date":"2026-07-13","acq_time":"52","satellite":"N20","instrument":"VIIRS","confidence":"n","version":"2.0NRT","bright_ti5":"288.96","frp":"0.49","daynight":"N","commune":"Florange","code_insee":"57221","departement":"Moselle","region":"Grand Est"}},{"type":"Feature","geometry":{"type":"Point","coordinates":[2.2686,51.02549]},"properties":{"latitude":"51.02549","longitude":"2.2686","bright_ti4":"300.11","scan":"0.54","track":"0.68","acq_date":"2026-07-13","acq_time":"52","satellite":"N20","instrument":"VIIRS","confidence":"n","version":"2.0NRT","bright_ti5":"287","frp":"1.08","daynight":"N","commune":"Grande-Synthe","code_insee":"59271","departement":"Nord","region":"Hauts-de-France"}},{"type":"Feature","geometry":{"type":"Point","coordinates":[2.28861,51.0347]},"properties":{"latitude":"51.0347","longitude":"2.28861","bright_ti4":"318.02","scan":"0.53","track":"0.67","acq_date":"2026-07-13","acq_time":"52","satellite":"N20","instrument":"VIIRS","confidence":"n","version":"2.0NRT","bright_ti5":"287.68","frp":"2.66","daynight":"N","commune":"Grande-Synthe","code_insee":"59271","departement":"Nord","region":"Hauts-de-France"}},{"type":"Feature","geometry":{"type":"Point","coordinates":[2.28445,51.03807]},"properties":{"latitude":"51.03807","longitude":"2.28445","bright_ti4":"318.56","scan":"0.54","track":"0.67","acq_date":"2026-07-13","acq_time":"52","satellite":"N20","instrument":"VIIRS","confidence":"n","version":"2.0NRT","bright_ti5":"287.33","frp":"3.33","daynight":"N","commune":"Grande-Synthe","code_insee":"59271","departement":"Nord","region":"Hauts-de-France"}},{"type":"Feature","geometry":{"type":"Point","coordinates":[2.29236,51.04435]},"properties":{"latitude":"51.04435","longitude":"2.29236","bright_ti4":"323.36","scan":"0.53","track":"0.67","acq_date":"2026-07-13","acq_time":"52","satellite":"N20","instrument":"VIIRS","confidence":"n","version":"2.0NRT","bright_ti5":"287.47","frp":"3.43","daynight":"N","commune":"Grande-Synthe","code_insee":"59271","departement":"Nord","region":"Hauts-de-France"}},{"type":"Feature","geometry":{"type":"Point","coordinates":[2.30021,51.04435]},"properties":{"latitude":"51.04435","longitude":"2.30021","bright_ti4":"315.16","scan":"0.53","track":"0.67","acq_date":"2026-07-13","acq_time":"52","satellite":"N20","instrument":"VIIRS","confidence":"n","version":"2.0NRT","bright_ti5":"287.82","frp":"3.43","daynight":"N","commune":"Grande-Synthe","code_insee":"59271","departement":"Nord","region":"Hauts-de-France"}},{"type":"Feature","geometry":{"type":"Point","coordinates":[2.29653,51.04721]},"properties":{"latitude":"51.04721","longitude":"2.29653","bright_ti4":"339.61","scan":"0.53","track":"0.67","acq_date":"2026-07-13","acq_time":"52","satellite":"N20","instrument":"VIIRS","confidence":"n","version":"2.0NRT","bright_ti5":"288.35","frp":"5.47","daynight":"N","commune":"Grande-Synthe","code_insee":"59271","departement":"Nord","region":"Hauts-de-France"}},{"type":"Feature","geometry":{"type":"Point","coordinates":[4.88221,43.44395]},"properties":{"latitude":"43.44395","longitude":"4.88221","bright_ti4":"297.04","scan":"0.36","track":"0.58","acq_date":"2026-07-13","acq_time":"54","satellite":"N20","instrument":"VIIRS","confidence":"n","version":"2.0NRT","bright_ti5":"261.79","frp":"1.8","daynight":"N","commune":"Fos-sur-Mer","code_insee":"13039","departement":"Bouches-du-Rhône","region":"Provence-Alpes-Côte d'Azur"}},{"type":"Feature","geometry":{"type":"Point","coordinates":[6.96613,48.68999]},"properties":{"latitude":"48.68999","longitude":"6.96613","bright_ti4":"304.66","scan":"0.32","track":"0.55","acq_date":"2026-07-13","acq_time":"232","satellite":"N20","instrument":"VIIRS","confidence":"n","version":"2.0NRT","bright_ti5":"290.98","frp":"0.51","daynight":"N","commune":"Héming","code_insee":"57314","departement":"Moselle","region":"Grand Est"}},{"type":"Feature","geometry":{"type":"Point","coordinates":[6.09934,49.32811]},"properties":{"latitude":"49.32811","longitude":"6.09934","bright_ti4":"299.95","scan":"0.57","track":"0.52","acq_date":"2026-07-13","acq_time":"232","satellite":"N20","instrument":"VIIRS","confidence":"n","version":"2.0NRT","bright_ti5":"289.81","frp":"1.05","daynight":"N","commune":"Serémange-Erzange","code_insee":"57647","departement":"Moselle","region":"Grand Est"}},{"type":"Feature","geometry":{"type":"Point","coordinates":[2.67607,49.65038]},"properties":{"latitude":"49.65038","longitude":"2.67607","bright_ti4":"320.65","scan":"0.4","track":"0.44","acq_date":"2026-07-13","acq_time":"232","satellite":"N20","instrument":"VIIRS","confidence":"n","version":"2.0NRT","bright_ti5":"285.01","frp":"1.99","daynight":"N","commune":"Laboissière-en-Santerre","code_insee":"80453","departement":"Somme","region":"Hauts-de-France"}},{"type":"Feature","geometry":{"type":"Point","coordinates":[4.53217,49.81229]},"properties":{"latitude":"49.81229","longitude":"4.53217","bright_ti4":"337.38","scan":"0.47","track":"0.48","acq_date":"2026-07-13","acq_time":"232","satellite":"N20","instrument":"VIIRS","confidence":"n","version":"2.0NRT","bright_ti5":"288.52","frp":"5.31","daynight":"N","commune":"Murtin-et-Bogny","code_insee":"08312","departement":"Ardennes","region":"Grand Est"}},{"type":"Feature","geometry":{"type":"Point","coordinates":[3.49475,50.33636]},"properties":{"latitude":"50.33636","longitude":"3.49475","bright_ti4":"306.08","scan":"0.42","track":"0.45","acq_date":"2026-07-13","acq_time":"232","satellite":"N20","instrument":"VIIRS","confidence":"n","version":"2.0NRT","bright_ti5":"290.72","frp":"1.02","daynight":"N","commune":"Trith-Saint-Léger","code_insee":"59603","departement":"Nord","region":"Hauts-de-France"}},{"type":"Feature","geometry":{"type":"Point","coordinates":[2.93827,50.37692]},"properties":{"latitude":"50.37692","longitude":"2.93827","bright_ti4":"332.82","scan":"0.4","track":"0.44","acq_date":"2026-07-13","acq_time":"232","satellite":"N20","instrument":"VIIRS","confidence":"n","version":"2.0NRT","bright_ti5":"289.48","frp":"5.95","daynight":"N","commune":"Izel-lès-Équerchin","code_insee":"62476","departement":"Pas-de-Calais","region":"Hauts-de-France"}},{"type":"Feature","geometry":{"type":"Point","coordinates":[2.93296,50.37816]},"properties":{"latitude":"50.37816","longitude":"2.93296","bright_ti4":"337.2","scan":"0.4","track":"0.44","acq_date":"2026-07-13","acq_time":"232","satellite":"N20","instrument":"VIIRS","confidence":"n","version":"2.0NRT","bright_ti5":"288.07","frp":"5.95","daynight":"N","commune":"Izel-lès-Équerchin","code_insee":"62476","departement":"Pas-de-Calais","region":"Hauts-de-France"}},{"type":"Feature","geometry":{"type":"Point","coordinates":[2.28976,51.03229]},"properties":{"latitude":"51.03229","longitude":"2.28976","bright_ti4":"303.06","scan":"0.54","track":"0.42","acq_date":"2026-07-13","acq_time":"232","satellite":"N20","instrument":"VIIRS","confidence":"n","version":"2.0NRT","bright_ti5":"288.7","frp":"1.32","daynight":"N","commune":"Grande-Synthe","code_insee":"59271","departement":"Nord","region":"Hauts-de-France"}},{"type":"Feature","geometry":{"type":"Point","coordinates":[2.29186,51.03598]},"properties":{"latitude":"51.03598","longitude":"2.29186","bright_ti4":"304.51","scan":"0.54","track":"0.42","acq_date":"2026-07-13","acq_time":"232","satellite":"N20","instrument":"VIIRS","confidence":"n","version":"2.0NRT","bright_ti5":"289.44","frp":"1.32","daynight":"N","commune":"Grande-Synthe","code_insee":"59271","departement":"Nord","region":"Hauts-de-France"}},{"type":"Feature","geometry":{"type":"Point","coordinates":[2.29607,51.04336]},"properties":{"latitude":"51.04336","longitude":"2.29607","bright_ti4":"302.74","scan":"0.54","track":"0.42","acq_date":"2026-07-13","acq_time":"232","satellite":"N20","instrument":"VIIRS","confidence":"n","version":"2.0NRT","bright_ti5":"290.21","frp":"1.45","daynight":"N","commune":"Grande-Synthe","code_insee":"59271","departement":"Nord","region":"Hauts-de-France"}},{"type":"Feature","geometry":{"type":"Point","coordinates":[2.29818,51.04705]},"properties":{"latitude":"51.04705","longitude":"2.29818","bright_ti4":"329.21","scan":"0.54","track":"0.42","acq_date":"2026-07-13","acq_time":"232","satellite":"N20","instrument":"VIIRS","confidence":"n","version":"2.0NRT","bright_ti5":"290.95","frp":"5.18","daynight":"N","commune":"Grande-Synthe","code_insee":"59271","departement":"Nord","region":"Hauts-de-France"}},{"type":"Feature","geometry":{"type":"Point","coordinates":[1.04736,42.84491]},"properties":{"latitude":"42.84491","longitude":"1.04736","bright_ti4":"308.83","scan":"0.51","track":"0.49","acq_date":"2026-07-13","acq_time":"234","satellite":"N20","instrument":"VIIRS","confidence":"n","version":"2.0NRT","bright_ti5":"280.1","frp":"3.33","daynight":"N","commune":"Arrien-en-Bethmale","code_insee":"09017","departement":"Ariège","region":"Occitanie"}},{"type":"Feature","geometry":{"type":"Point","coordinates":[1.04275,42.84605]},"properties":{"latitude":"42.84605","longitude":"1.04275","bright_ti4":"335.81","scan":"0.51","track":"0.49","acq_date":"2026-07-13","acq_time":"234","satellite":"N20","instrument":"VIIRS","confidence":"n","version":"2.0NRT","bright_ti5":"284.56","frp":"3.33","daynight":"N","commune":"Bordes-Uchentein","code_insee":"09062","departement":"Ariège","region":"Occitanie"}},{"type":"Feature","geometry":{"type":"Point","coordinates":[1.0386,42.84707]},"properties":{"latitude":"42.84707","longitude":"1.0386","bright_ti4":"309.5","scan":"0.51","track":"0.49","acq_date":"2026-07-13","acq_time":"234","satellite":"N20","instrument":"VIIRS","confidence":"n","version":"2.0NRT","bright_ti5":"284.61","frp":"2.88","daynight":"N","commune":"Bordes-Uchentein","code_insee":"09062","departement":"Ariège","region":"Occitanie"}},{"type":"Feature","geometry":{"type":"Point","coordinates":[1.04434,42.85046]},"properties":{"latitude":"42.85046","longitude":"1.04434","bright_ti4":"301.18","scan":"0.51","track":"0.49","acq_date":"2026-07-13","acq_time":"234","satellite":"N20","instrument":"VIIRS","confidence":"n","version":"2.0NRT","bright_ti5":"282.39","frp":"1.1","daynight":"N","commune":"Bordes-Uchentein","code_insee":"09062","departement":"Ariège","region":"Occitanie"}},{"type":"Feature","geometry":{"type":"Point","coordinates":[1.03981,42.85158]},"properties":{"latitude":"42.85158","longitude":"1.03981","bright_ti4":"317.02","scan":"0.51","track":"0.49","acq_date":"2026-07-13","acq_time":"234","satellite":"N20","instrument":"VIIRS","confidence":"n","version":"2.0NRT","bright_ti5":"284.46","frp":"1.83","daynight":"N","commune":"Bordes-Uchentein","code_insee":"09062","departement":"Ariège","region":"Occitanie"}},{"type":"Feature","geometry":{"type":"Point","coordinates":[-0.42131,42.94936]},"properties":{"latitude":"42.94936","longitude":"-0.42131","bright_ti4":"297.49","scan":"0.43","track":"0.46","acq_date":"2026-07-13","acq_time":"234","satellite":"N20","instrument":"VIIRS","confidence":"n","version":"2.0NRT","bright_ti5":"266.18","frp":"1.49","daynight":"N","commune":"Laruns","code_insee":"64320","departement":"Pyrénées-Atlantiques","region":"Nouvelle-Aquitaine"}},{"type":"Feature","geometry":{"type":"Point","coordinates":[-0.42533,42.95029]},"properties":{"latitude":"42.95029","longitude":"-0.42533","bright_ti4":"347.49","scan":"0.43","track":"0.46","acq_date":"2026-07-13","acq_time":"234","satellite":"N20","instrument":"VIIRS","confidence":"n","version":"2.0NRT","bright_ti5":"269.43","frp":"4.84","daynight":"N","commune":"Laruns","code_insee":"64320","departement":"Pyrénées-Atlantiques","region":"Nouvelle-Aquitaine"}},{"type":"Feature","geometry":{"type":"Point","coordinates":[-0.42029,42.95042]},"properties":{"latitude":"42.95042","longitude":"-0.42029","bright_ti4":"295.99","scan":"0.43","track":"0.46","acq_date":"2026-07-13","acq_time":"234","satellite":"N20","instrument":"VIIRS","confidence":"n","version":"2.0NRT","bright_ti5":"268.51","frp":"3.22","daynight":"N","commune":"Laruns","code_insee":"64320","departement":"Pyrénées-Atlantiques","region":"Nouvelle-Aquitaine"}},{"type":"Feature","geometry":{"type":"Point","coordinates":[-0.42928,42.95119]},"properties":{"latitude":"42.95119","longitude":"-0.42928","bright_ti4":"316.59","scan":"0.43","track":"0.46","acq_date":"2026-07-13","acq_time":"234","satellite":"N20","instrument":"VIIRS","confidence":"n","version":"2.0NRT","bright_ti5":"268.38","frp":"4.84","daynight":"N","commune":"Laruns","code_insee":"64320","departement":"Pyrénées-Atlantiques","region":"Nouvelle-Aquitaine"}},{"type":"Feature","geometry":{"type":"Point","coordinates":[-0.42437,42.95137]},"properties":{"latitude":"42.95137","longitude":"-0.42437","bright_ti4":"340.25","scan":"0.43","track":"0.46","acq_date":"2026-07-13","acq_time":"234","satellite":"N20","instrument":"VIIRS","confidence":"n","version":"2.0NRT","bright_ti5":"271.59","frp":"3.22","daynight":"N","commune":"Laruns","code_insee":"64320","departement":"Pyrénées-Atlantiques","region":"Nouvelle-Aquitaine"}},{"type":"Feature","geometry":{"type":"Point","coordinates":[-0.42833,42.95229]},"properties":{"latitude":"42.95229","longitude":"-0.42833","bright_ti4":"334.99","scan":"0.43","track":"0.46","acq_date":"2026-07-13","acq_time":"234","satellite":"N20","instrument":"VIIRS","confidence":"n","version":"2.0NRT","bright_ti5":"271.49","frp":"3.47","daynight":"N","commune":"Laruns","code_insee":"64320","departement":"Pyrénées-Atlantiques","region":"Nouvelle-Aquitaine"}},{"type":"Feature","geometry":{"type":"Point","coordinates":[-0.43185,42.95311]},"properties":{"latitude":"42.95311","longitude":"-0.43185","bright_ti4":"298.33","scan":"0.43","track":"0.46","acq_date":"2026-07-13","acq_time":"234","satellite":"N20","instrument":"VIIRS","confidence":"n","version":"2.0NRT","bright_ti5":"270.24","frp":"3.47","daynight":"N","commune":"Laruns","code_insee":"64320","departement":"Pyrénées-Atlantiques","region":"Nouvelle-Aquitaine"}},{"type":"Feature","geometry":{"type":"Point","coordinates":[-0.4341,42.95808]},"properties":{"latitude":"42.95808","longitude":"-0.4341","bright_ti4":"308.58","scan":"0.43","track":"0.46","acq_date":"2026-07-13","acq_time":"234","satellite":"N20","instrument":"VIIRS","confidence":"n","version":"2.0NRT","bright_ti5":"271.17","frp":"1.97","daynight":"N","commune":"Laruns","code_insee":"64320","departement":"Pyrénées-Atlantiques","region":"Nouvelle-Aquitaine"}},{"type":"Feature","geometry":{"type":"Point","coordinates":[-0.43256,42.96215]},"properties":{"latitude":"42.96215","longitude":"-0.43256","bright_ti4":"309.58","scan":"0.43","track":"0.46","acq_date":"2026-07-13","acq_time":"234","satellite":"N20","instrument":"VIIRS","confidence":"n","version":"2.0NRT","bright_ti5":"273.34","frp":"2.13","daynight":"N","commune":"Laruns","code_insee":"64320","departement":"Pyrénées-Atlantiques","region":"Nouvelle-Aquitaine"}},{"type":"Feature","geometry":{"type":"Point","coordinates":[-0.01038,44.20119]},"properties":{"latitude":"44.20119","longitude":"-0.01038","bright_ti4":"304.32","scan":"0.42","track":"0.45","acq_date":"2026-07-13","acq_time":"234","satellite":"N20","instrument":"VIIRS","confidence":"n","version":"2.0NRT","bright_ti5":"288.53","frp":"1.48","daynight":"N","commune":"Houeillès","code_insee":"47119","departement":"Lot-et-Garonne","region":"Nouvelle-Aquitaine"}},{"type":"Feature","geometry":{"type":"Point","coordinates":[-0.00728,44.20282]},"properties":{"latitude":"44.20282","longitude":"-0.00728","bright_ti4":"316.84","scan":"0.42","track":"0.45","acq_date":"2026-07-13","acq_time":"234","satellite":"N20","instrument":"VIIRS","confidence":"n","version":"2.0NRT","bright_ti5":"289.6","frp":"4.03","daynight":"N","commune":"Houeillès","code_insee":"47119","departement":"Lot-et-Garonne","region":"Nouvelle-Aquitaine"}},{"type":"Feature","geometry":{"type":"Point","coordinates":[-0.0123,44.20399]},"properties":{"latitude":"44.20399","longitude":"-0.0123","bright_ti4":"320.34","scan":"0.42","track":"0.45","acq_date":"2026-07-13","acq_time":"234","satellite":"N20","instrument":"VIIRS","confidence":"n","version":"2.0NRT","bright_ti5":"291.59","frp":"2.7","daynight":"N","commune":"Houeillès","code_insee":"47119","departement":"Lot-et-Garonne","region":"Nouvelle-Aquitaine"}},{"type":"Feature","geometry":{"type":"Point","coordinates":[-0.01552,44.20915]},"properties":{"latitude":"44.20915","longitude":"-0.01552","bright_ti4":"311.04","scan":"0.42","track":"0.45","acq_date":"2026-07-13","acq_time":"234","satellite":"N20","instrument":"VIIRS","confidence":"n","version":"2.0NRT","bright_ti5":"291.41","frp":"2.7","daynight":"N","commune":"Houeillès","code_insee":"47119","departement":"Lot-et-Garonne","region":"Nouvelle-Aquitaine"}},{"type":"Feature","geometry":{"type":"Point","coordinates":[1.0973,47.28505]},"properties":{"latitude":"47.28505","longitude":"1.0973","bright_ti4":"319.22","scan":"0.4","track":"0.44","acq_date":"2026-07-13","acq_time":"234","satellite":"N20","instrument":"VIIRS","confidence":"n","version":"2.0NRT","bright_ti5":"292.45","frp":"1.6","daynight":"N","commune":"Épeigné-les-Bois","code_insee":"37100","departement":"Indre-et-Loire","region":"Centre-Val de Loire"}},{"type":"Feature","geometry":{"type":"Point","coordinates":[0.2471,47.94754]},"properties":{"latitude":"47.94754","longitude":"0.2471","bright_ti4":"302.94","scan":"0.53","track":"0.42","acq_date":"2026-07-13","acq_time":"234","satellite":"N20","instrument":"VIIRS","confidence":"n","version":"2.0NRT","bright_ti5":"281.46","frp":"1.28","daynight":"N","commune":"Ruaudin","code_insee":"72260","departement":"Sarthe","region":"Pays de la Loire"}},{"type":"Feature","geometry":{"type":"Point","coordinates":[0.2489,47.95124]},"properties":{"latitude":"47.95124","longitude":"0.2489","bright_ti4":"299.59","scan":"0.53","track":"0.42","acq_date":"2026-07-13","acq_time":"234","satellite":"N20","instrument":"VIIRS","confidence":"n","version":"2.0NRT","bright_ti5":"278.17","frp":"1","daynight":"N","commune":"Ruaudin","code_insee":"72260","departement":"Sarthe","region":"Pays de la Loire"}},{"type":"Feature","geometry":{"type":"Point","coordinates":[2.53843,48.36085]},"properties":{"latitude":"48.36085","longitude":"2.53843","bright_ti4":"356.45","scan":"0.43","track":"0.46","acq_date":"2026-07-13","acq_time":"234","satellite":"N20","instrument":"VIIRS","confidence":"n","version":"2.0NRT","bright_ti5":"290.08","frp":"12.11","daynight":"N","commune":"Le Vaudoué","code_insee":"77485","departement":"Seine-et-Marne","region":"Île-de-France"}},{"type":"Feature","geometry":{"type":"Point","coordinates":[2.53308,48.36214]},"properties":{"latitude":"48.36214","longitude":"2.53308","bright_ti4":"340.58","scan":"0.43","track":"0.46","acq_date":"2026-07-13","acq_time":"234","satellite":"N20","instrument":"VIIRS","confidence":"n","version":"2.0NRT","bright_ti5":"287.65","frp":"4.57","daynight":"N","commune":"Le Vaudoué","code_insee":"77485","departement":"Seine-et-Marne","region":"Île-de-France"}},{"type":"Feature","geometry":{"type":"Point","coordinates":[2.52772,48.36344]},"properties":{"latitude":"48.36344","longitude":"2.52772","bright_ti4":"310.99","scan":"0.43","track":"0.46","acq_date":"2026-07-13","acq_time":"234","satellite":"N20","instrument":"VIIRS","confidence":"n","version":"2.0NRT","bright_ti5":"283.57","frp":"4.57","daynight":"N","commune":"Le Vaudoué","code_insee":"77485","departement":"Seine-et-Marne","region":"Île-de-France"}},{"type":"Feature","geometry":{"type":"Point","coordinates":[2.52227,48.36477]},"properties":{"latitude":"48.36477","longitude":"2.52227","bright_ti4":"309.48","scan":"0.43","track":"0.46","acq_date":"2026-07-13","acq_time":"234","satellite":"N20","instrument":"VIIRS","confidence":"n","version":"2.0NRT","bright_ti5":"281.99","frp":"1.72","daynight":"N","commune":"Le Vaudoué","code_insee":"77485","departement":"Seine-et-Marne","region":"Île-de-France"}},{"type":"Feature","geometry":{"type":"Point","coordinates":[2.54059,48.36483]},"properties":{"latitude":"48.36483","longitude":"2.54059","bright_ti4":"341.26","scan":"0.43","track":"0.46","acq_date":"2026-07-13","acq_time":"234","satellite":"N20","instrument":"VIIRS","confidence":"n","version":"2.0NRT","bright_ti5":"288.36","frp":"5.71","daynight":"N","commune":"Le Vaudoué","code_insee":"77485","departement":"Seine-et-Marne","region":"Île-de-France"}},{"type":"Feature","geometry":{"type":"Point","coordinates":[2.53522,48.36613]},"properties":{"latitude":"48.36613","longitude":"2.53522","bright_ti4":"333.59","scan":"0.43","track":"0.46","acq_date":"2026-07-13","acq_time":"234","satellite":"N20","instrument":"VIIRS","confidence":"n","version":"2.0NRT","bright_ti5":"289.59","frp":"5.08","daynight":"N","commune":"Le Vaudoué","code_insee":"77485","departement":"Seine-et-Marne","region":"Île-de-France"}},{"type":"Feature","geometry":{"type":"Point","coordinates":[2.52986,48.36743]},"properties":{"latitude":"48.36743","longitude":"2.52986","bright_ti4":"335.22","scan":"0.43","track":"0.46","acq_date":"2026-07-13","acq_time":"234","satellite":"N20","instrument":"VIIRS","confidence":"n","version":"2.0NRT","bright_ti5":"289.89","frp":"5.08","daynight":"N","commune":"Le Vaudoué","code_insee":"77485","departement":"Seine-et-Marne","region":"Île-de-France"}},{"type":"Feature","geometry":{"type":"Point","coordinates":[2.54813,48.3675]},"properties":{"latitude":"48.3675","longitude":"2.54813","bright_ti4":"343.85","scan":"0.43","track":"0.46","acq_date":"2026-07-13","acq_time":"234","satellite":"N20","instrument":"VIIRS","confidence":"n","version":"2.0NRT","bright_ti5":"289.35","frp":"5.71","daynight":"N","commune":"Le Vaudoué","code_insee":"77485","departement":"Seine-et-Marne","region":"Île-de-France"}},{"type":"Feature","geometry":{"type":"Point","coordinates":[2.56668,48.36752]},"properties":{"latitude":"48.36752","longitude":"2.56668","bright_ti4":"302.34","scan":"0.43","track":"0.46","acq_date":"2026-07-13","acq_time":"234","satellite":"N20","instrument":"VIIRS","confidence":"n","version":"2.0NRT","bright_ti5":"279.4","frp":"3.34","daynight":"N","commune":"Achères-la-Forêt","code_insee":"77001","departement":"Seine-et-Marne","region":"Île-de-France"}},{"type":"Feature","geometry":{"type":"Point","coordinates":[2.5244,48.36875]},"properties":{"latitude":"48.36875","longitude":"2.5244","bright_ti4":"337.19","scan":"0.43","track":"0.46","acq_date":"2026-07-13","acq_time":"234","satellite":"N20","instrument":"VIIRS","confidence":"n","version":"2.0NRT","bright_ti5":"286.76","frp":"5.23","daynight":"N","commune":"Le Vaudoué","code_insee":"77485","departement":"Seine-et-Marne","region":"Île-de-France"}},{"type":"Feature","geometry":{"type":"Point","coordinates":[2.54272,48.36882]},"properties":{"latitude":"48.36882","longitude":"2.54272","bright_ti4":"327.67","scan":"0.43","track":"0.46","acq_date":"2026-07-13","acq_time":"234","satellite":"N20","instrument":"VIIRS","confidence":"n","version":"2.0NRT","bright_ti5":"288.98","frp":"5.71","daynight":"N","commune":"Le Vaudoué","code_insee":"77485","departement":"Seine-et-Marne","region":"Île-de-France"}},{"type":"Feature","geometry":{"type":"Point","coordinates":[2.56119,48.36885]},"properties":{"latitude":"48.36885","longitude":"2.56119","bright_ti4":"328.11","scan":"0.43","track":"0.46","acq_date":"2026-07-13","acq_time":"234","satellite":"N20","instrument":"VIIRS","confidence":"n","version":"2.0NRT","bright_ti5":"284.14","frp":"2.4","daynight":"N","commune":"Achères-la-Forêt","code_insee":"77001","departement":"Seine-et-Marne","region":"Île-de-France"}},{"type":"Feature","geometry":{"type":"Point","coordinates":[2.53736,48.37011]},"properties":{"latitude":"48.37011","longitude":"2.53736","bright_ti4":"328.88","scan":"0.43","track":"0.46","acq_date":"2026-07-13","acq_time":"234","satellite":"N20","instrument":"VIIRS","confidence":"n","version":"2.0NRT","bright_ti5":"287.71","frp":"5.08","daynight":"N","commune":"Le Vaudoué","code_insee":"77485","departement":"Seine-et-Marne","region":"Île-de-France"}},{"type":"Feature","geometry":{"type":"Point","coordinates":[2.55573,48.37017]},"properties":{"latitude":"48.37017","longitude":"2.55573","bright_ti4":"303.81","scan":"0.43","track":"0.46","acq_date":"2026-07-13","acq_time":"234","satellite":"N20","instrument":"VIIRS","confidence":"n","version":"2.0NRT","bright_ti5":"283.03","frp":"2.4","daynight":"N","commune":"Achères-la-Forêt","code_insee":"77001","departement":"Seine-et-Marne","region":"Île-de-France"}},{"type":"Feature","geometry":{"type":"Point","coordinates":[2.57431,48.37018]},"properties":{"latitude":"48.37018","longitude":"2.57431","bright_ti4":"321.88","scan":"0.43","track":"0.46","acq_date":"2026-07-13","acq_time":"234","satellite":"N20","instrument":"VIIRS","confidence":"n","version":"2.0NRT","bright_ti5":"271.24","frp":"3.34","daynight":"N","commune":"Fontainebleau","code_insee":"77186","departement":"Seine-et-Marne","region":"Île-de-France"}},{"type":"Feature","geometry":{"type":"Point","coordinates":[2.53199,48.37141]},"properties":{"latitude":"48.37141","longitude":"2.53199","bright_ti4":"335.45","scan":"0.43","track":"0.46","acq_date":"2026-07-13","acq_time":"234","satellite":"N20","instrument":"VIIRS","confidence":"n","version":"2.0NRT","bright_ti5":"287.37","frp":"5.08","daynight":"N","commune":"Noisy-sur-École","code_insee":"77339","departement":"Seine-et-Marne","region":"Île-de-France"}},{"type":"Feature","geometry":{"type":"Point","coordinates":[2.56882,48.37151]},"properties":{"latitude":"48.37151","longitude":"2.56882","bright_ti4":"339.44","scan":"0.43","track":"0.46","acq_date":"2026-07-13","acq_time":"234","satellite":"N20","instrument":"VIIRS","confidence":"n","version":"2.0NRT","bright_ti5":"278.84","frp":"3.34","daynight":"N","commune":"Fontainebleau","code_insee":"77186","departement":"Seine-et-Marne","region":"Île-de-France"}},{"type":"Feature","geometry":{"type":"Point","coordinates":[2.52656,48.37273]},"properties":{"latitude":"48.37273","longitude":"2.52656","bright_ti4":"329.42","scan":"0.43","track":"0.46","acq_date":"2026-07-13","acq_time":"234","satellite":"N20","instrument":"VIIRS","confidence":"n","version":"2.0NRT","bright_ti5":"282.88","frp":"5.23","daynight":"N","commune":"Noisy-sur-École","code_insee":"77339","departement":"Seine-et-Marne","region":"Île-de-France"}},{"type":"Feature","geometry":{"type":"Point","coordinates":[2.54487,48.3728]},"properties":{"latitude":"48.3728","longitude":"2.54487","bright_ti4":"314.03","scan":"0.43","track":"0.46","acq_date":"2026-07-13","acq_time":"234","satellite":"N20","instrument":"VIIRS","confidence":"n","version":"2.0NRT","bright_ti5":"286.72","frp":"5.17","daynight":"N","commune":"Noisy-sur-École","code_insee":"77339","departement":"Seine-et-Marne","region":"Île-de-France"}},{"type":"Feature","geometry":{"type":"Point","coordinates":[2.56334,48.37283]},"properties":{"latitude":"48.37283","longitude":"2.56334","bright_ti4":"321.69","scan":"0.43","track":"0.46","acq_date":"2026-07-13","acq_time":"234","satellite":"N20","instrument":"VIIRS","confidence":"n","version":"2.0NRT","bright_ti5":"278.69","frp":"2.4","daynight":"N","commune":"Fontainebleau","code_insee":"77186","departement":"Seine-et-Marne","region":"Île-de-France"}},{"type":"Feature","geometry":{"type":"Point","coordinates":[2.53951,48.3741]},"properties":{"latitude":"48.3741","longitude":"2.53951","bright_ti4":"329.9","scan":"0.43","track":"0.46","acq_date":"2026-07-13","acq_time":"234","satellite":"N20","instrument":"VIIRS","confidence":"n","version":"2.0NRT","bright_ti5":"287.57","frp":"10.69","daynight":"N","commune":"Noisy-sur-École","code_insee":"77339","departement":"Seine-et-Marne","region":"Île-de-France"}},{"type":"Feature","geometry":{"type":"Point","coordinates":[2.55788,48.37415]},"properties":{"latitude":"48.37415","longitude":"2.55788","bright_ti4":"312.2","scan":"0.43","track":"0.46","acq_date":"2026-07-13","acq_time":"234","satellite":"N20","instrument":"VIIRS","confidence":"n","version":"2.0NRT","bright_ti5":"280.32","frp":"2.4","daynight":"N","commune":"Noisy-sur-École","code_insee":"77339","departement":"Seine-et-Marne","region":"Île-de-France"}},{"type":"Feature","geometry":{"type":"Point","coordinates":[2.57648,48.37416]},"properties":{"latitude":"48.37416","longitude":"2.57648","bright_ti4":"326.53","scan":"0.43","track":"0.46","acq_date":"2026-07-13","acq_time":"234","satellite":"N20","instrument":"VIIRS","confidence":"n","version":"2.0NRT","bright_ti5":"270.22","frp":"3.36","daynight":"N","commune":"Fontainebleau","code_insee":"77186","departement":"Seine-et-Marne","region":"Île-de-France"}},{"type":"Feature","geometry":{"type":"Point","coordinates":[2.53415,48.37539]},"properties":{"latitude":"48.37539","longitude":"2.53415","bright_ti4":"355.27","scan":"0.43","track":"0.46","acq_date":"2026-07-13","acq_time":"234","satellite":"N20","instrument":"VIIRS","confidence":"n","version":"2.0NRT","bright_ti5":"294.61","frp":"10.69","daynight":"N","commune":"Noisy-sur-École","code_insee":"77339","departement":"Seine-et-Marne","region":"Île-de-France"}},{"type":"Feature","geometry":{"type":"Point","coordinates":[2.55246,48.37547]},"properties":{"latitude":"48.37547","longitude":"2.55246","bright_ti4":"311.16","scan":"0.43","track":"0.46","acq_date":"2026-07-13","acq_time":"234","satellite":"N20","instrument":"VIIRS","confidence":"n","version":"2.0NRT","bright_ti5":"285.64","frp":"5.17","daynight":"N","commune":"Noisy-sur-École","code_insee":"77339","departement":"Seine-et-Marne","region":"Île-de-France"}},{"type":"Feature","geometry":{"type":"Point","coordinates":[2.57099,48.37549]},"properties":{"latitude":"48.37549","longitude":"2.57099","bright_ti4":"328.93","scan":"0.43","track":"0.46","acq_date":"2026-07-13","acq_time":"234","satellite":"N20","instrument":"VIIRS","confidence":"n","version":"2.0NRT","bright_ti5":"276.08","frp":"3.36","daynight":"N","commune":"Fontainebleau","code_insee":"77186","departement":"Seine-et-Marne","region":"Île-de-France"}},{"type":"Feature","geometry":{"type":"Point","coordinates":[2.52872,48.37671]},"properties":{"latitude":"48.37671","longitude":"2.52872","bright_ti4":"339.24","scan":"0.43","track":"0.46","acq_date":"2026-07-13","acq_time":"234","satellite":"N20","instrument":"VIIRS","confidence":"n","version":"2.0NRT","bright_ti5":"281.91","frp":"12.24","daynight":"N","commune":"Noisy-sur-École","code_insee":"77339","departement":"Seine-et-Marne","region":"Île-de-France"}},{"type":"Feature","geometry":{"type":"Point","coordinates":[2.54703,48.37678]},"properties":{"latitude":"48.37678","longitude":"2.54703","bright_ti4":"345.01","scan":"0.43","track":"0.46","acq_date":"2026-07-13","acq_time":"234","satellite":"N20","instrument":"VIIRS","confidence":"n","version":"2.0NRT","bright_ti5":"292.57","frp":"5.17","daynight":"N","commune":"Noisy-sur-École","code_insee":"77339","departement":"Seine-et-Marne","region":"Île-de-France"}},{"type":"Feature","geometry":{"type":"Point","coordinates":[2.56551,48.37681]},"properties":{"latitude":"48.37681","longitude":"2.56551","bright_ti4":"313.53","scan":"0.43","track":"0.46","acq_date":"2026-07-13","acq_time":"234","satellite":"N20","instrument":"VIIRS","confidence":"n","version":"2.0NRT","bright_ti5":"271.67","frp":"3.03","daynight":"N","commune":"Noisy-sur-École","code_insee":"77339","departement":"Seine-et-Marne","region":"Île-de-France"}},{"type":"Feature","geometry":{"type":"Point","coordinates":[2.54167,48.37807]},"properties":{"latitude":"48.37807","longitude":"2.54167","bright_ti4":"367","scan":"0.43","track":"0.46","acq_date":"2026-07-13","acq_time":"234","satellite":"N20","instrument":"VIIRS","confidence":"h","version":"2.0NRT","bright_ti5":"290.18","frp":"10.69","daynight":"N","commune":"Noisy-sur-École","code_insee":"77339","departement":"Seine-et-Marne","region":"Île-de-France"}},{"type":"Feature","geometry":{"type":"Point","coordinates":[2.56006,48.37813]},"properties":{"latitude":"48.37813","longitude":"2.56006","bright_ti4":"303.02","scan":"0.43","track":"0.46","acq_date":"2026-07-13","acq_time":"234","satellite":"N20","instrument":"VIIRS","confidence":"n","version":"2.0NRT","bright_ti5":"273.65","frp":"3.03","daynight":"N","commune":"Noisy-sur-École","code_insee":"77339","departement":"Seine-et-Marne","region":"Île-de-France"}},{"type":"Feature","geometry":{"type":"Point","coordinates":[2.57864,48.37815]},"properties":{"latitude":"48.37815","longitude":"2.57864","bright_ti4":"309.15","scan":"0.43","track":"0.46","acq_date":"2026-07-13","acq_time":"234","satellite":"N20","instrument":"VIIRS","confidence":"n","version":"2.0NRT","bright_ti5":"273.23","frp":"3.36","daynight":"N","commune":"Fontainebleau","code_insee":"77186","departement":"Seine-et-Marne","region":"Île-de-France"}},{"type":"Feature","geometry":{"type":"Point","coordinates":[2.53629,48.37938]},"properties":{"latitude":"48.37938","longitude":"2.53629","bright_ti4":"327.43","scan":"0.43","track":"0.46","acq_date":"2026-07-13","acq_time":"234","satellite":"N20","instrument":"VIIRS","confidence":"n","version":"2.0NRT","bright_ti5":"281.27","frp":"10.69","daynight":"N","commune":"Noisy-sur-École","code_insee":"77339","departement":"Seine-et-Marne","region":"Île-de-France"}},{"type":"Feature","geometry":{"type":"Point","coordinates":[2.55464,48.37944]},"properties":{"latitude":"48.37944","longitude":"2.55464","bright_ti4":"343.34","scan":"0.43","track":"0.46","acq_date":"2026-07-13","acq_time":"234","satellite":"N20","instrument":"VIIRS","confidence":"n","version":"2.0NRT","bright_ti5":"285.79","frp":"7.26","daynight":"N","commune":"Noisy-sur-École","code_insee":"77339","departement":"Seine-et-Marne","region":"Île-de-France"}},{"type":"Feature","geometry":{"type":"Point","coordinates":[2.57316,48.37947]},"properties":{"latitude":"48.37947","longitude":"2.57316","bright_ti4":"325.8","scan":"0.43","track":"0.46","acq_date":"2026-07-13","acq_time":"234","satellite":"N20","instrument":"VIIRS","confidence":"n","version":"2.0NRT","bright_ti5":"278.1","frp":"3.36","daynight":"N","commune":"Fontainebleau","code_insee":"77186","departement":"Seine-et-Marne","region":"Île-de-France"}},{"type":"Feature","geometry":{"type":"Point","coordinates":[2.5918,48.37948]},"properties":{"latitude":"48.37948","longitude":"2.5918","bright_ti4":"304.61","scan":"0.43","track":"0.46","acq_date":"2026-07-13","acq_time":"234","satellite":"N20","instrument":"VIIRS","confidence":"n","version":"2.0NRT","bright_ti5":"270.78","frp":"1.14","daynight":"N","commune":"Fontainebleau","code_insee":"77186","departement":"Seine-et-Marne","region":"Île-de-France"}},{"type":"Feature","geometry":{"type":"Point","coordinates":[2.54921,48.38076]},"properties":{"latitude":"48.38076","longitude":"2.54921","bright_ti4":"353.16","scan":"0.43","track":"0.46","acq_date":"2026-07-13","acq_time":"234","satellite":"N20","instrument":"VIIRS","confidence":"n","version":"2.0NRT","bright_ti5":"283.43","frp":"7.26","daynight":"N","commune":"Noisy-sur-École","code_insee":"77339","departement":"Seine-et-Marne","region":"Île-de-France"}},{"type":"Feature","geometry":{"type":"Point","coordinates":[2.56773,48.38078]},"properties":{"latitude":"48.38078","longitude":"2.56773","bright_ti4":"338.29","scan":"0.43","track":"0.46","acq_date":"2026-07-13","acq_time":"234","satellite":"N20","instrument":"VIIRS","confidence":"n","version":"2.0NRT","bright_ti5":"276.3","frp":"3.03","daynight":"N","commune":"Noisy-sur-École","code_insee":"77339","departement":"Seine-et-Marne","region":"Île-de-France"}},{"type":"Feature","geometry":{"type":"Point","coordinates":[2.58632,48.3808]},"properties":{"latitude":"48.3808","longitude":"2.58632","bright_ti4":"302.96","scan":"0.43","track":"0.46","acq_date":"2026-07-13","acq_time":"234","satellite":"N20","instrument":"VIIRS","confidence":"n","version":"2.0NRT","bright_ti5":"273.19","frp":"1.14","daynight":"N","commune":"Fontainebleau","code_insee":"77186","departement":"Seine-et-Marne","region":"Île-de-France"}},{"type":"Feature","geometry":{"type":"Point","coordinates":[2.54377,48.38207]},"properties":{"latitude":"48.38207","longitude":"2.54377","bright_ti4":"307.06","scan":"0.43","track":"0.46","acq_date":"2026-07-13","acq_time":"234","satellite":"N20","instrument":"VIIRS","confidence":"n","version":"2.0NRT","bright_ti5":"275.88","frp":"2.92","daynight":"N","commune":"Noisy-sur-École","code_insee":"77339","departement":"Seine-et-Marne","region":"Île-de-France"}},{"type":"Feature","geometry":{"type":"Point","coordinates":[2.5623,48.3821]},"properties":{"latitude":"48.3821","longitude":"2.5623","bright_ti4":"310.09","scan":"0.43","track":"0.46","acq_date":"2026-07-13","acq_time":"234","satellite":"N20","instrument":"VIIRS","confidence":"n","version":"2.0NRT","bright_ti5":"273.8","frp":"3.03","daynight":"N","commune":"Noisy-sur-École","code_insee":"77339","departement":"Seine-et-Marne","region":"Île-de-France"}},{"type":"Feature","geometry":{"type":"Point","coordinates":[2.58083,48.38213]},"properties":{"latitude":"48.38213","longitude":"2.58083","bright_ti4":"314.32","scan":"0.43","track":"0.46","acq_date":"2026-07-13","acq_time":"234","satellite":"N20","instrument":"VIIRS","confidence":"n","version":"2.0NRT","bright_ti5":"274.55","frp":"6.18","daynight":"N","commune":"Fontainebleau","code_insee":"77186","departement":"Seine-et-Marne","region":"Île-de-France"}},{"type":"Feature","geometry":{"type":"Point","coordinates":[2.55686,48.38341]},"properties":{"latitude":"48.38341","longitude":"2.55686","bright_ti4":"352.73","scan":"0.43","track":"0.46","acq_date":"2026-07-13","acq_time":"234","satellite":"N20","instrument":"VIIRS","confidence":"n","version":"2.0NRT","bright_ti5":"279.23","frp":"7.26","daynight":"N","commune":"Noisy-sur-École","code_insee":"77339","departement":"Seine-et-Marne","region":"Île-de-France"}},{"type":"Feature","geometry":{"type":"Point","coordinates":[2.57539,48.38345]},"properties":{"latitude":"48.38345","longitude":"2.57539","bright_ti4":"353.41","scan":"0.43","track":"0.46","acq_date":"2026-07-13","acq_time":"234","satellite":"N20","instrument":"VIIRS","confidence":"n","version":"2.0NRT","bright_ti5":"275.89","frp":"6.18","daynight":"N","commune":"Fontainebleau","code_insee":"77186","departement":"Seine-et-Marne","region":"Île-de-France"}},{"type":"Feature","geometry":{"type":"Point","coordinates":[2.59398,48.38346]},"properties":{"latitude":"48.38346","longitude":"2.59398","bright_ti4":"306.38","scan":"0.43","track":"0.46","acq_date":"2026-07-13","acq_time":"234","satellite":"N20","instrument":"VIIRS","confidence":"n","version":"2.0NRT","bright_ti5":"273.48","frp":"1.14","daynight":"N","commune":"Fontainebleau","code_insee":"77186","departement":"Seine-et-Marne","region":"Île-de-France"}},{"type":"Feature","geometry":{"type":"Point","coordinates":[2.55138,48.38473]},"properties":{"latitude":"48.38473","longitude":"2.55138","bright_ti4":"302","scan":"0.43","track":"0.46","acq_date":"2026-07-13","acq_time":"234","satellite":"N20","instrument":"VIIRS","confidence":"n","version":"2.0NRT","bright_ti5":"273.91","frp":"7.26","daynight":"N","commune":"Noisy-sur-École","code_insee":"77339","departement":"Seine-et-Marne","region":"Île-de-France"}},{"type":"Feature","geometry":{"type":"Point","coordinates":[2.56997,48.38475]},"properties":{"latitude":"48.38475","longitude":"2.56997","bright_ti4":"316.88","scan":"0.43","track":"0.46","acq_date":"2026-07-13","acq_time":"234","satellite":"N20","instrument":"VIIRS","confidence":"n","version":"2.0NRT","bright_ti5":"269.9","frp":"3.36","daynight":"N","commune":"Noisy-sur-École","code_insee":"77339","departement":"Seine-et-Marne","region":"Île-de-France"}},{"type":"Feature","geometry":{"type":"Point","coordinates":[2.58852,48.38478]},"properties":{"latitude":"48.38478","longitude":"2.58852","bright_ti4":"300.19","scan":"0.43","track":"0.46","acq_date":"2026-07-13","acq_time":"234","satellite":"N20","instrument":"VIIRS","confidence":"n","version":"2.0NRT","bright_ti5":"272.7","frp":"1.14","daynight":"N","commune":"Fontainebleau","code_insee":"77186","departement":"Seine-et-Marne","region":"Île-de-France"}},{"type":"Feature","geometry":{"type":"Point","coordinates":[-2.31988,48.67587]},"properties":{"latitude":"48.67587","longitude":"-2.31988","bright_ti4":"299.59","scan":"0.43","track":"0.38","acq_date":"2026-07-13","acq_time":"234","satellite":"N20","instrument":"VIIRS","confidence":"n","version":"2.0NRT","bright_ti5":"288.32","frp":"2.05","daynight":"N","commune":"Plévenon","code_insee":"22201","departement":"Côtes-d'Armor","region":"Bretagne"}},{"type":"Feature","geometry":{"type":"Point","coordinates":[2.86464,48.01027]},"properties":{"latitude":"48.01027","longitude":"2.86464","bright_ti4":"336.89","scan":"0.46","track":"0.39","acq_date":"2026-07-13","acq_time":"1219","satellite":"N20","instrument":"VIIRS","confidence":"l","version":"2.0NRT","bright_ti5":"307.09","frp":"3.23","daynight":"D","commune":"La Selle-en-Hermoy","code_insee":"45306","departement":"Loiret","region":"Centre-Val de Loire"}},{"type":"Feature","geometry":{"type":"Point","coordinates":[2.87061,48.01146]},"properties":{"latitude":"48.01146","longitude":"2.87061","bright_ti4":"337.91","scan":"0.46","track":"0.39","acq_date":"2026-07-13","acq_time":"1219","satellite":"N20","instrument":"VIIRS","confidence":"l","version":"2.0NRT","bright_ti5":"307.98","frp":"3.23","daynight":"D","commune":"La Selle-en-Hermoy","code_insee":"45306","departement":"Loiret","region":"Centre-Val de Loire"}},{"type":"Feature","geometry":{"type":"Point","coordinates":[3.34314,48.18242]},"properties":{"latitude":"48.18242","longitude":"3.34314","bright_ti4":"341.06","scan":"0.44","track":"0.39","acq_date":"2026-07-13","acq_time":"1219","satellite":"N20","instrument":"VIIRS","confidence":"l","version":"2.0NRT","bright_ti5":"315.35","frp":"8","daynight":"D","commune":"Malay-le-Grand","code_insee":"89239","departement":"Yonne","region":"Bourgogne-Franche-Comté"}},{"type":"Feature","geometry":{"type":"Point","coordinates":[3.3448,48.18304]},"properties":{"latitude":"48.18304","longitude":"3.3448","bright_ti4":"341.89","scan":"0.44","track":"0.39","acq_date":"2026-07-13","acq_time":"1219","satellite":"N20","instrument":"VIIRS","confidence":"l","version":"2.0NRT","bright_ti5":"314.36","frp":"9.74","daynight":"D","commune":"Malay-le-Grand","code_insee":"89239","departement":"Yonne","region":"Bourgogne-Franche-Comté"}},{"type":"Feature","geometry":{"type":"Point","coordinates":[2.54653,48.35783]},"properties":{"latitude":"48.35783","longitude":"2.54653","bright_ti4":"352.77","scan":"0.47","track":"0.39","acq_date":"2026-07-13","acq_time":"1219","satellite":"N20","instrument":"VIIRS","confidence":"n","version":"2.0NRT","bright_ti5":"307.18","frp":"16.73","daynight":"D","commune":"Le Vaudoué","code_insee":"77485","departement":"Seine-et-Marne","region":"Île-de-France"}},{"type":"Feature","geometry":{"type":"Point","coordinates":[2.53883,48.36011]},"properties":{"latitude":"48.36011","longitude":"2.53883","bright_ti4":"349.75","scan":"0.47","track":"0.39","acq_date":"2026-07-13","acq_time":"1219","satellite":"N20","instrument":"VIIRS","confidence":"n","version":"2.0NRT","bright_ti5":"308.85","frp":"40.42","daynight":"D","commune":"Le Vaudoué","code_insee":"77485","departement":"Seine-et-Marne","region":"Île-de-France"}},{"type":"Feature","geometry":{"type":"Point","coordinates":[2.53753,48.36103]},"properties":{"latitude":"48.36103","longitude":"2.53753","bright_ti4":"339.63","scan":"0.47","track":"0.39","acq_date":"2026-07-13","acq_time":"1219","satellite":"N20","instrument":"VIIRS","confidence":"n","version":"2.0NRT","bright_ti5":"306.62","frp":"9.08","daynight":"D","commune":"Le Vaudoué","code_insee":"77485","departement":"Seine-et-Marne","region":"Île-de-France"}},{"type":"Feature","geometry":{"type":"Point","coordinates":[2.54494,48.36133]},"properties":{"latitude":"48.36133","longitude":"2.54494","bright_ti4":"367","scan":"0.47","track":"0.39","acq_date":"2026-07-13","acq_time":"1219","satellite":"N20","instrument":"VIIRS","confidence":"l","version":"2.0NRT","bright_ti5":"329.74","frp":"40.42","daynight":"D","commune":"Le Vaudoué","code_insee":"77485","departement":"Seine-et-Marne","region":"Île-de-France"}},{"type":"Feature","geometry":{"type":"Point","coordinates":[2.54364,48.36226]},"properties":{"latitude":"48.36226","longitude":"2.54364","bright_ti4":"346.25","scan":"0.47","track":"0.39","acq_date":"2026-07-13","acq_time":"1219","satellite":"N20","instrument":"VIIRS","confidence":"n","version":"2.0NRT","bright_ti5":"314.66","frp":"108.54","daynight":"D","commune":"Le Vaudoué","code_insee":"77485","departement":"Seine-et-Marne","region":"Île-de-France"}},{"type":"Feature","geometry":{"type":"Point","coordinates":[2.58013,48.36964]},"properties":{"latitude":"48.36964","longitude":"2.58013","bright_ti4":"335.89","scan":"0.46","track":"0.39","acq_date":"2026-07-13","acq_time":"1219","satellite":"N20","instrument":"VIIRS","confidence":"l","version":"2.0NRT","bright_ti5":"307.8","frp":"16.91","daynight":"D","commune":"Fontainebleau","code_insee":"77186","departement":"Seine-et-Marne","region":"Île-de-France"}},{"type":"Feature","geometry":{"type":"Point","coordinates":[2.52658,48.37027]},"properties":{"latitude":"48.37027","longitude":"2.52658","bright_ti4":"343.35","scan":"0.47","track":"0.39","acq_date":"2026-07-13","acq_time":"1219","satellite":"N20","instrument":"VIIRS","confidence":"n","version":"2.0NRT","bright_ti5":"305.74","frp":"24.01","daynight":"D","commune":"Noisy-sur-École","code_insee":"77339","departement":"Seine-et-Marne","region":"Île-de-France"}},{"type":"Feature","geometry":{"type":"Point","coordinates":[2.49308,48.37114]},"properties":{"latitude":"48.37114","longitude":"2.49308","bright_ti4":"335.46","scan":"0.47","track":"0.39","acq_date":"2026-07-13","acq_time":"1219","satellite":"N20","instrument":"VIIRS","confidence":"n","version":"2.0NRT","bright_ti5":"295.62","frp":"2.94","daynight":"D","commune":"Noisy-sur-École","code_insee":"77339","departement":"Seine-et-Marne","region":"Île-de-France"}},{"type":"Feature","geometry":{"type":"Point","coordinates":[2.51284,48.37131]},"properties":{"latitude":"48.37131","longitude":"2.51284","bright_ti4":"340.35","scan":"0.47","track":"0.39","acq_date":"2026-07-13","acq_time":"1219","satellite":"N20","instrument":"VIIRS","confidence":"n","version":"2.0NRT","bright_ti5":"309.16","frp":"91.95","daynight":"D","commune":"Noisy-sur-École","code_insee":"77339","departement":"Seine-et-Marne","region":"Île-de-France"}},{"type":"Feature","geometry":{"type":"Point","coordinates":[2.57249,48.37191]},"properties":{"latitude":"48.37191","longitude":"2.57249","bright_ti4":"348.02","scan":"0.46","track":"0.39","acq_date":"2026-07-13","acq_time":"1219","satellite":"N20","instrument":"VIIRS","confidence":"n","version":"2.0NRT","bright_ti5":"313.01","frp":"27.01","daynight":"D","commune":"Fontainebleau","code_insee":"77186","departement":"Seine-et-Marne","region":"Île-de-France"}},{"type":"Feature","geometry":{"type":"Point","coordinates":[2.57855,48.37314]},"properties":{"latitude":"48.37314","longitude":"2.57855","bright_ti4":"367","scan":"0.46","track":"0.39","acq_date":"2026-07-13","acq_time":"1219","satellite":"N20","instrument":"VIIRS","confidence":"l","version":"2.0NRT","bright_ti5":"331.94","frp":"71.72","daynight":"D","commune":"Fontainebleau","code_insee":"77186","departement":"Seine-et-Marne","region":"Île-de-France"}},{"type":"Feature","geometry":{"type":"Point","coordinates":[2.525,48.37377]},"properties":{"latitude":"48.37377","longitude":"2.525","bright_ti4":"350.07","scan":"0.47","track":"0.39","acq_date":"2026-07-13","acq_time":"1219","satellite":"N20","instrument":"VIIRS","confidence":"n","version":"2.0NRT","bright_ti5":"321.27","frp":"24.01","daynight":"D","commune":"Noisy-sur-École","code_insee":"77339","departement":"Seine-et-Marne","region":"Île-de-France"}},{"type":"Feature","geometry":{"type":"Point","coordinates":[2.51126,48.37481]},"properties":{"latitude":"48.37481","longitude":"2.51126","bright_ti4":"342.26","scan":"0.47","track":"0.39","acq_date":"2026-07-13","acq_time":"1219","satellite":"N20","instrument":"VIIRS","confidence":"n","version":"2.0NRT","bright_ti5":"299.02","frp":"57.21","daynight":"D","commune":"Noisy-sur-École","code_insee":"77339","departement":"Seine-et-Marne","region":"Île-de-France"}},{"type":"Feature","geometry":{"type":"Point","coordinates":[2.53108,48.375]},"properties":{"latitude":"48.375","longitude":"2.53108","bright_ti4":"367","scan":"0.47","track":"0.39","acq_date":"2026-07-13","acq_time":"1219","satellite":"N20","instrument":"VIIRS","confidence":"h","version":"2.0NRT","bright_ti5":"311.22","frp":"24.01","daynight":"D","commune":"Noisy-sur-École","code_insee":"77339","departement":"Seine-et-Marne","region":"Île-de-France"}},{"type":"Feature","geometry":{"type":"Point","coordinates":[2.5372,48.37623]},"properties":{"latitude":"48.37623","longitude":"2.5372","bright_ti4":"354.78","scan":"0.47","track":"0.39","acq_date":"2026-07-13","acq_time":"1219","satellite":"N20","instrument":"VIIRS","confidence":"n","version":"2.0NRT","bright_ti5":"311.72","frp":"12.52","daynight":"D","commune":"Noisy-sur-École","code_insee":"77339","departement":"Seine-et-Marne","region":"Île-de-France"}},{"type":"Feature","geometry":{"type":"Point","coordinates":[2.52341,48.37727]},"properties":{"latitude":"48.37727","longitude":"2.52341","bright_ti4":"367","scan":"0.47","track":"0.39","acq_date":"2026-07-13","acq_time":"1219","satellite":"N20","instrument":"VIIRS","confidence":"h","version":"2.0NRT","bright_ti5":"351.59","frp":"170.65","daynight":"D","commune":"Noisy-sur-École","code_insee":"77339","departement":"Seine-et-Marne","region":"Île-de-France"}},{"type":"Feature","geometry":{"type":"Point","coordinates":[2.54334,48.37747]},"properties":{"latitude":"48.37747","longitude":"2.54334","bright_ti4":"367","scan":"0.47","track":"0.39","acq_date":"2026-07-13","acq_time":"1219","satellite":"N20","instrument":"VIIRS","confidence":"h","version":"2.0NRT","bright_ti5":"315.52","frp":"12.52","daynight":"D","commune":"Noisy-sur-École","code_insee":"77339","departement":"Seine-et-Marne","region":"Île-de-France"}},{"type":"Feature","geometry":{"type":"Point","coordinates":[2.52949,48.37849]},"properties":{"latitude":"48.37849","longitude":"2.52949","bright_ti4":"367","scan":"0.47","track":"0.39","acq_date":"2026-07-13","acq_time":"1219","satellite":"N20","instrument":"VIIRS","confidence":"h","version":"2.0NRT","bright_ti5":"357.19","frp":"170.65","daynight":"D","commune":"Noisy-sur-École","code_insee":"77339","departement":"Seine-et-Marne","region":"Île-de-France"}},{"type":"Feature","geometry":{"type":"Point","coordinates":[2.54946,48.37871]},"properties":{"latitude":"48.37871","longitude":"2.54946","bright_ti4":"355.72","scan":"0.46","track":"0.39","acq_date":"2026-07-13","acq_time":"1219","satellite":"N20","instrument":"VIIRS","confidence":"n","version":"2.0NRT","bright_ti5":"315.02","frp":"10.71","daynight":"D","commune":"Noisy-sur-École","code_insee":"77339","departement":"Seine-et-Marne","region":"Île-de-France"}},{"type":"Feature","geometry":{"type":"Point","coordinates":[2.51576,48.37954]},"properties":{"latitude":"48.37954","longitude":"2.51576","bright_ti4":"345.93","scan":"0.47","track":"0.39","acq_date":"2026-07-13","acq_time":"1219","satellite":"N20","instrument":"VIIRS","confidence":"n","version":"2.0NRT","bright_ti5":"299.96","frp":"57.21","daynight":"D","commune":"Noisy-sur-École","code_insee":"77339","departement":"Seine-et-Marne","region":"Île-de-France"}},{"type":"Feature","geometry":{"type":"Point","coordinates":[2.5356,48.37973]},"properties":{"latitude":"48.37973","longitude":"2.5356","bright_ti4":"367","scan":"0.47","track":"0.39","acq_date":"2026-07-13","acq_time":"1219","satellite":"N20","instrument":"VIIRS","confidence":"h","version":"2.0NRT","bright_ti5":"346.98","frp":"131.06","daynight":"D","commune":"Noisy-sur-École","code_insee":"77339","departement":"Seine-et-Marne","region":"Île-de-France"}},{"type":"Feature","geometry":{"type":"Point","coordinates":[2.55555,48.37993]},"properties":{"latitude":"48.37993","longitude":"2.55555","bright_ti4":"339.76","scan":"0.46","track":"0.39","acq_date":"2026-07-13","acq_time":"1219","satellite":"N20","instrument":"VIIRS","confidence":"l","version":"2.0NRT","bright_ti5":"309.93","frp":"10.71","daynight":"D","commune":"Noisy-sur-École","code_insee":"77339","departement":"Seine-et-Marne","region":"Île-de-France"}},{"type":"Feature","geometry":{"type":"Point","coordinates":[2.52185,48.38077]},"properties":{"latitude":"48.38077","longitude":"2.52185","bright_ti4":"347.27","scan":"0.47","track":"0.39","acq_date":"2026-07-13","acq_time":"1219","satellite":"N20","instrument":"VIIRS","confidence":"n","version":"2.0NRT","bright_ti5":"301.15","frp":"170.65","daynight":"D","commune":"Noisy-sur-École","code_insee":"77339","departement":"Seine-et-Marne","region":"Île-de-France"}},{"type":"Feature","geometry":{"type":"Point","coordinates":[2.54174,48.38097]},"properties":{"latitude":"48.38097","longitude":"2.54174","bright_ti4":"351.71","scan":"0.47","track":"0.39","acq_date":"2026-07-13","acq_time":"1219","satellite":"N20","instrument":"VIIRS","confidence":"n","version":"2.0NRT","bright_ti5":"318.6","frp":"131.06","daynight":"D","commune":"Noisy-sur-École","code_insee":"77339","departement":"Seine-et-Marne","region":"Île-de-France"}},{"type":"Feature","geometry":{"type":"Point","coordinates":[2.56162,48.38116]},"properties":{"latitude":"48.38116","longitude":"2.56162","bright_ti4":"367","scan":"0.46","track":"0.39","acq_date":"2026-07-13","acq_time":"1219","satellite":"N20","instrument":"VIIRS","confidence":"l","version":"2.0NRT","bright_ti5":"331.08","frp":"63.87","daynight":"D","commune":"Noisy-sur-École","code_insee":"77339","departement":"Seine-et-Marne","region":"Île-de-France"}},{"type":"Feature","geometry":{"type":"Point","coordinates":[2.54786,48.3822]},"properties":{"latitude":"48.3822","longitude":"2.54786","bright_ti4":"349.98","scan":"0.46","track":"0.39","acq_date":"2026-07-13","acq_time":"1219","satellite":"N20","instrument":"VIIRS","confidence":"n","version":"2.0NRT","bright_ti5":"320.44","frp":"49.6","daynight":"D","commune":"Noisy-sur-École","code_insee":"77339","departement":"Seine-et-Marne","region":"Île-de-France"}},{"type":"Feature","geometry":{"type":"Point","coordinates":[2.56769,48.38238]},"properties":{"latitude":"48.38238","longitude":"2.56769","bright_ti4":"367","scan":"0.46","track":"0.39","acq_date":"2026-07-13","acq_time":"1219","satellite":"N20","instrument":"VIIRS","confidence":"l","version":"2.0NRT","bright_ti5":"333.41","frp":"63.87","daynight":"D","commune":"Noisy-sur-École","code_insee":"77339","departement":"Seine-et-Marne","region":"Île-de-France"}},{"type":"Feature","geometry":{"type":"Point","coordinates":[2.55394,48.38342]},"properties":{"latitude":"48.38342","longitude":"2.55394","bright_ti4":"350.96","scan":"0.46","track":"0.39","acq_date":"2026-07-13","acq_time":"1219","satellite":"N20","instrument":"VIIRS","confidence":"n","version":"2.0NRT","bright_ti5":"323.56","frp":"49.6","daynight":"D","commune":"Noisy-sur-École","code_insee":"77339","departement":"Seine-et-Marne","region":"Île-de-France"}},{"type":"Feature","geometry":{"type":"Point","coordinates":[2.57377,48.38361]},"properties":{"latitude":"48.38361","longitude":"2.57377","bright_ti4":"353.03","scan":"0.46","track":"0.39","acq_date":"2026-07-13","acq_time":"1219","satellite":"N20","instrument":"VIIRS","confidence":"n","version":"2.0NRT","bright_ti5":"322.69","frp":"50.18","daynight":"D","commune":"Noisy-sur-École","code_insee":"77339","departement":"Seine-et-Marne","region":"Île-de-France"}},{"type":"Feature","geometry":{"type":"Point","coordinates":[2.55998,48.38464]},"properties":{"latitude":"48.38464","longitude":"2.55998","bright_ti4":"350.28","scan":"0.46","track":"0.39","acq_date":"2026-07-13","acq_time":"1219","satellite":"N20","instrument":"VIIRS","confidence":"n","version":"2.0NRT","bright_ti5":"303.83","frp":"9.72","daynight":"D","commune":"Noisy-sur-École","code_insee":"77339","departement":"Seine-et-Marne","region":"Île-de-France"}},{"type":"Feature","geometry":{"type":"Point","coordinates":[2.98282,48.38722]},"properties":{"latitude":"48.38722","longitude":"2.98282","bright_ti4":"335.09","scan":"0.45","track":"0.39","acq_date":"2026-07-13","acq_time":"1219","satellite":"N20","instrument":"VIIRS","confidence":"l","version":"2.0NRT","bright_ti5":"307.22","frp":"2.61","daynight":"D","commune":"Montereau-Fault-Yonne","code_insee":"77305","departement":"Seine-et-Marne","region":"Île-de-France"}},{"type":"Feature","geometry":{"type":"Point","coordinates":[1.4348,48.45538]},"properties":{"latitude":"48.45538","longitude":"1.4348","bright_ti4":"332.69","scan":"0.5","track":"0.41","acq_date":"2026-07-13","acq_time":"1219","satellite":"N20","instrument":"VIIRS","confidence":"n","version":"2.0NRT","bright_ti5":"300.27","frp":"7.36","daynight":"D","commune":"Mainvilliers","code_insee":"28229","departement":"Eure-et-Loir","region":"Centre-Val de Loire"}},{"type":"Feature","geometry":{"type":"Point","coordinates":[1.44136,48.45675]},"properties":{"latitude":"48.45675","longitude":"1.44136","bright_ti4":"355.98","scan":"0.5","track":"0.41","acq_date":"2026-07-13","acq_time":"1219","satellite":"N20","instrument":"VIIRS","confidence":"n","version":"2.0NRT","bright_ti5":"302.88","frp":"7.36","daynight":"D","commune":"Mainvilliers","code_insee":"28229","departement":"Eure-et-Loir","region":"Centre-Val de Loire"}},{"type":"Feature","geometry":{"type":"Point","coordinates":[1.43308,48.45899]},"properties":{"latitude":"48.45899","longitude":"1.43308","bright_ti4":"332.2","scan":"0.5","track":"0.41","acq_date":"2026-07-13","acq_time":"1219","satellite":"N20","instrument":"VIIRS","confidence":"l","version":"2.0NRT","bright_ti5":"304.17","frp":"7.36","daynight":"D","commune":"Mainvilliers","code_insee":"28229","departement":"Eure-et-Loir","region":"Centre-Val de Loire"}},{"type":"Feature","geometry":{"type":"Point","coordinates":[1.7842,48.54183]},"properties":{"latitude":"48.54183","longitude":"1.7842","bright_ti4":"335.44","scan":"0.49","track":"0.4","acq_date":"2026-07-13","acq_time":"1219","satellite":"N20","instrument":"VIIRS","confidence":"n","version":"2.0NRT","bright_ti5":"301.95","frp":"3.14","daynight":"D","commune":"Prunay-en-Yvelines","code_insee":"78506","departement":"Yvelines","region":"Île-de-France"}},{"type":"Feature","geometry":{"type":"Point","coordinates":[1.58534,49.25537]},"properties":{"latitude":"49.25537","longitude":"1.58534","bright_ti4":"337.57","scan":"0.48","track":"0.4","acq_date":"2026-07-13","acq_time":"1219","satellite":"N20","instrument":"VIIRS","confidence":"n","version":"2.0NRT","bright_ti5":"304.78","frp":"63.93","daynight":"D","commune":"Villers-en-Vexin","code_insee":"27690","departement":"Eure","region":"Normandie"}},{"type":"Feature","geometry":{"type":"Point","coordinates":[1.58361,49.25891]},"properties":{"latitude":"49.25891","longitude":"1.58361","bright_ti4":"367","scan":"0.48","track":"0.4","acq_date":"2026-07-13","acq_time":"1219","satellite":"N20","instrument":"VIIRS","confidence":"h","version":"2.0NRT","bright_ti5":"328.69","frp":"63.93","daynight":"D","commune":"Villers-en-Vexin","code_insee":"27690","departement":"Eure","region":"Normandie"}},{"type":"Feature","geometry":{"type":"Point","coordinates":[1.58994,49.2602]},"properties":{"latitude":"49.2602","longitude":"1.58994","bright_ti4":"348.64","scan":"0.48","track":"0.4","acq_date":"2026-07-13","acq_time":"1219","satellite":"N20","instrument":"VIIRS","confidence":"n","version":"2.0NRT","bright_ti5":"315.8","frp":"57.07","daynight":"D","commune":"Villers-en-Vexin","code_insee":"27690","departement":"Eure","region":"Normandie"}},{"type":"Feature","geometry":{"type":"Point","coordinates":[2.27433,51.02624]},"properties":{"latitude":"51.02624","longitude":"2.27433","bright_ti4":"329.38","scan":"0.43","track":"0.38","acq_date":"2026-07-13","acq_time":"1219","satellite":"N20","instrument":"VIIRS","confidence":"l","version":"2.0NRT","bright_ti5":"301.38","frp":"2.54","daynight":"D","commune":"Grande-Synthe","code_insee":"59271","departement":"Nord","region":"Hauts-de-France"}},{"type":"Feature","geometry":{"type":"Point","coordinates":[2.2727,51.02962]},"properties":{"latitude":"51.02962","longitude":"2.2727","bright_ti4":"335.47","scan":"0.43","track":"0.38","acq_date":"2026-07-13","acq_time":"1219","satellite":"N20","instrument":"VIIRS","confidence":"n","version":"2.0NRT","bright_ti5":"301.21","frp":"2.54","daynight":"D","commune":"Grande-Synthe","code_insee":"59271","departement":"Nord","region":"Hauts-de-France"}},{"type":"Feature","geometry":{"type":"Point","coordinates":[2.29759,51.04546]},"properties":{"latitude":"51.04546","longitude":"2.29759","bright_ti4":"340.92","scan":"0.43","track":"0.38","acq_date":"2026-07-13","acq_time":"1219","satellite":"N20","instrument":"VIIRS","confidence":"n","version":"2.0NRT","bright_ti5":"296.53","frp":"8.66","daynight":"D","commune":"Grande-Synthe","code_insee":"59271","departement":"Nord","region":"Hauts-de-France"}},{"type":"Feature","geometry":{"type":"Point","coordinates":[2.43921,51.04681]},"properties":{"latitude":"51.04681","longitude":"2.43921","bright_ti4":"336.24","scan":"0.43","track":"0.38","acq_date":"2026-07-13","acq_time":"1219","satellite":"N20","instrument":"VIIRS","confidence":"n","version":"2.0NRT","bright_ti5":"296.41","frp":"4.29","daynight":"D","commune":"Dunkerque","code_insee":"59183","departement":"Nord","region":"Hauts-de-France"}},{"type":"Feature","geometry":{"type":"Point","coordinates":[-0.42824,42.94526]},"properties":{"latitude":"42.94526","longitude":"-0.42824","bright_ti4":"336.78","scan":"0.53","track":"0.67","acq_date":"2026-07-13","acq_time":"1359","satellite":"N20","instrument":"VIIRS","confidence":"n","version":"2.0NRT","bright_ti5":"292.17","frp":"9.61","daynight":"D","commune":"Laruns","code_insee":"64320","departement":"Pyrénées-Atlantiques","region":"Nouvelle-Aquitaine"}},{"type":"Feature","geometry":{"type":"Point","coordinates":[-0.42719,42.94967]},"properties":{"latitude":"42.94967","longitude":"-0.42719","bright_ti4":"338.32","scan":"0.53","track":"0.67","acq_date":"2026-07-13","acq_time":"1359","satellite":"N20","instrument":"VIIRS","confidence":"n","version":"2.0NRT","bright_ti5":"295.84","frp":"9.58","daynight":"D","commune":"Laruns","code_insee":"64320","departement":"Pyrénées-Atlantiques","region":"Nouvelle-Aquitaine"}},{"type":"Feature","geometry":{"type":"Point","coordinates":[-0.43415,42.962]},"properties":{"latitude":"42.962","longitude":"-0.43415","bright_ti4":"348.61","scan":"0.53","track":"0.67","acq_date":"2026-07-13","acq_time":"1359","satellite":"N20","instrument":"VIIRS","confidence":"n","version":"2.0NRT","bright_ti5":"289.21","frp":"7.48","daynight":"D","commune":"Laruns","code_insee":"64320","departement":"Pyrénées-Atlantiques","region":"Nouvelle-Aquitaine"}},{"type":"Feature","geometry":{"type":"Point","coordinates":[1.28591,48.19645]},"properties":{"latitude":"48.19645","longitude":"1.28591","bright_ti4":"356.19","scan":"0.67","track":"0.73","acq_date":"2026-07-13","acq_time":"1359","satellite":"N20","instrument":"VIIRS","confidence":"n","version":"2.0NRT","bright_ti5":"298.09","frp":"15.32","daynight":"D","commune":"Dangeau","code_insee":"28127","departement":"Eure-et-Loir","region":"Centre-Val de Loire"}},{"type":"Feature","geometry":{"type":"Point","coordinates":[1.2766,48.19656]},"properties":{"latitude":"48.19656","longitude":"1.2766","bright_ti4":"353.25","scan":"0.67","track":"0.73","acq_date":"2026-07-13","acq_time":"1359","satellite":"N20","instrument":"VIIRS","confidence":"n","version":"2.0NRT","bright_ti5":"299.77","frp":"29.11","daynight":"D","commune":"Dangeau","code_insee":"28127","departement":"Eure-et-Loir","region":"Centre-Val de Loire"}},{"type":"Feature","geometry":{"type":"Point","coordinates":[1.28642,48.20329]},"properties":{"latitude":"48.20329","longitude":"1.28642","bright_ti4":"334.73","scan":"0.67","track":"0.73","acq_date":"2026-07-13","acq_time":"1359","satellite":"N20","instrument":"VIIRS","confidence":"n","version":"2.0NRT","bright_ti5":"297.51","frp":"15.32","daynight":"D","commune":"Dangeau","code_insee":"28127","departement":"Eure-et-Loir","region":"Centre-Val de Loire"}},{"type":"Feature","geometry":{"type":"Point","coordinates":[2.54669,48.35963]},"properties":{"latitude":"48.35963","longitude":"2.54669","bright_ti4":"333.78","scan":"0.76","track":"0.77","acq_date":"2026-07-13","acq_time":"1359","satellite":"N20","instrument":"VIIRS","confidence":"n","version":"2.0NRT","bright_ti5":"295.27","frp":"6.09","daynight":"D","commune":"Achères-la-Forêt","code_insee":"77001","departement":"Seine-et-Marne","region":"Île-de-France"}},{"type":"Feature","geometry":{"type":"Point","coordinates":[2.51703,48.37469]},"properties":{"latitude":"48.37469","longitude":"2.51703","bright_ti4":"343.18","scan":"0.76","track":"0.77","acq_date":"2026-07-13","acq_time":"1359","satellite":"N20","instrument":"VIIRS","confidence":"n","version":"2.0NRT","bright_ti5":"294.29","frp":"14.55","daynight":"D","commune":"Noisy-sur-École","code_insee":"77339","departement":"Seine-et-Marne","region":"Île-de-France"}},{"type":"Feature","geometry":{"type":"Point","coordinates":[2.55875,48.38094]},"properties":{"latitude":"48.38094","longitude":"2.55875","bright_ti4":"336.59","scan":"0.76","track":"0.77","acq_date":"2026-07-13","acq_time":"1359","satellite":"N20","instrument":"VIIRS","confidence":"n","version":"2.0NRT","bright_ti5":"291.7","frp":"20.03","daynight":"D","commune":"Noisy-sur-École","code_insee":"77339","departement":"Seine-et-Marne","region":"Île-de-France"}},{"type":"Feature","geometry":{"type":"Point","coordinates":[2.54837,48.38118]},"properties":{"latitude":"48.38118","longitude":"2.54837","bright_ti4":"356.57","scan":"0.76","track":"0.77","acq_date":"2026-07-13","acq_time":"1359","satellite":"N20","instrument":"VIIRS","confidence":"l","version":"2.0NRT","bright_ti5":"294.94","frp":"20.03","daynight":"D","commune":"Noisy-sur-École","code_insee":"77339","departement":"Seine-et-Marne","region":"Île-de-France"}},{"type":"Feature","geometry":{"type":"Point","coordinates":[2.53826,48.3814]},"properties":{"latitude":"48.3814","longitude":"2.53826","bright_ti4":"356.11","scan":"0.76","track":"0.77","acq_date":"2026-07-13","acq_time":"1359","satellite":"N20","instrument":"VIIRS","confidence":"n","version":"2.0NRT","bright_ti5":"295.4","frp":"25.75","daynight":"D","commune":"Noisy-sur-École","code_insee":"77339","departement":"Seine-et-Marne","region":"Île-de-France"}},{"type":"Feature","geometry":{"type":"Point","coordinates":[2.52794,48.38163]},"properties":{"latitude":"48.38163","longitude":"2.52794","bright_ti4":"355.23","scan":"0.76","track":"0.77","acq_date":"2026-07-13","acq_time":"1359","satellite":"N20","instrument":"VIIRS","confidence":"n","version":"2.0NRT","bright_ti5":"295.03","frp":"25.75","daynight":"D","commune":"Noisy-sur-École","code_insee":"77339","departement":"Seine-et-Marne","region":"Île-de-France"}},{"type":"Feature","geometry":{"type":"Point","coordinates":[2.51743,48.38187]},"properties":{"latitude":"48.38187","longitude":"2.51743","bright_ti4":"339.14","scan":"0.76","track":"0.77","acq_date":"2026-07-13","acq_time":"1359","satellite":"N20","instrument":"VIIRS","confidence":"n","version":"2.0NRT","bright_ti5":"292.48","frp":"16.17","daynight":"D","commune":"Noisy-sur-École","code_insee":"77339","departement":"Seine-et-Marne","region":"Île-de-France"}},{"type":"Feature","geometry":{"type":"Point","coordinates":[2.66711,48.39291]},"properties":{"latitude":"48.39291","longitude":"2.66711","bright_ti4":"335.27","scan":"0.77","track":"0.77","acq_date":"2026-07-13","acq_time":"1359","satellite":"N20","instrument":"VIIRS","confidence":"n","version":"2.0NRT","bright_ti5":"294.36","frp":"21.4","daynight":"D","commune":"Fontainebleau","code_insee":"77186","departement":"Seine-et-Marne","region":"Île-de-France"}},{"type":"Feature","geometry":{"type":"Point","coordinates":[2.66913,48.39418]},"properties":{"latitude":"48.39418","longitude":"2.66913","bright_ti4":"342.94","scan":"0.77","track":"0.78","acq_date":"2026-07-13","acq_time":"1359","satellite":"N20","instrument":"VIIRS","confidence":"n","version":"2.0NRT","bright_ti5":"293.59","frp":"21.63","daynight":"D","commune":"Fontainebleau","code_insee":"77186","departement":"Seine-et-Marne","region":"Île-de-France"}},{"type":"Feature","geometry":{"type":"Point","coordinates":[2.65825,48.39447]},"properties":{"latitude":"48.39447","longitude":"2.65825","bright_ti4":"341.95","scan":"0.77","track":"0.77","acq_date":"2026-07-13","acq_time":"1359","satellite":"N20","instrument":"VIIRS","confidence":"n","version":"2.0NRT","bright_ti5":"295.03","frp":"25.86","daynight":"D","commune":"Fontainebleau","code_insee":"77186","departement":"Seine-et-Marne","region":"Île-de-France"}},{"type":"Feature","geometry":{"type":"Point","coordinates":[2.67866,48.39987]},"properties":{"latitude":"48.39987","longitude":"2.67866","bright_ti4":"336.99","scan":"0.77","track":"0.78","acq_date":"2026-07-13","acq_time":"1359","satellite":"N20","instrument":"VIIRS","confidence":"n","version":"2.0NRT","bright_ti5":"293.02","frp":"23.22","daynight":"D","commune":"Fontainebleau","code_insee":"77186","departement":"Seine-et-Marne","region":"Île-de-France"}},{"type":"Feature","geometry":{"type":"Point","coordinates":[2.66748,48.40012]},"properties":{"latitude":"48.40012","longitude":"2.66748","bright_ti4":"367","scan":"0.77","track":"0.77","acq_date":"2026-07-13","acq_time":"1359","satellite":"N20","instrument":"VIIRS","confidence":"h","version":"2.0NRT","bright_ti5":"294.55","frp":"21.4","daynight":"D","commune":"Fontainebleau","code_insee":"77186","departement":"Seine-et-Marne","region":"Île-de-France"}},{"type":"Feature","geometry":{"type":"Point","coordinates":[2.66952,48.4014]},"properties":{"latitude":"48.4014","longitude":"2.66952","bright_ti4":"367","scan":"0.77","track":"0.78","acq_date":"2026-07-13","acq_time":"1359","satellite":"N20","instrument":"VIIRS","confidence":"h","version":"2.0NRT","bright_ti5":"294.41","frp":"21.63","daynight":"D","commune":"Fontainebleau","code_insee":"77186","departement":"Seine-et-Marne","region":"Île-de-France"}},{"type":"Feature","geometry":{"type":"Point","coordinates":[4.02365,47.85276]},"properties":{"latitude":"47.85276","longitude":"4.02365","bright_ti4":"302.96","scan":"0.4","track":"0.37","acq_date":"2026-07-13","acq_time":"137","satellite":"N21","instrument":"VIIRS","confidence":"n","version":"2.0NRT","bright_ti5":"271.71","frp":"1.14","daynight":"N","commune":"Tonnerre","code_insee":"89418","departement":"Yonne","region":"Bourgogne-Franche-Comté"}},{"type":"Feature","geometry":{"type":"Point","coordinates":[4.02463,47.8561]},"properties":{"latitude":"47.8561","longitude":"4.02463","bright_ti4":"316.72","scan":"0.4","track":"0.37","acq_date":"2026-07-13","acq_time":"137","satellite":"N21","instrument":"VIIRS","confidence":"n","version":"2.0NRT","bright_ti5":"270.73","frp":"1.96","daynight":"N","commune":"Tonnerre","code_insee":"89418","departement":"Yonne","region":"Bourgogne-Franche-Comté"}},{"type":"Feature","geometry":{"type":"Point","coordinates":[2.53904,48.35847]},"properties":{"latitude":"48.35847","longitude":"2.53904","bright_ti4":"306.55","scan":"0.44","track":"0.38","acq_date":"2026-07-13","acq_time":"137","satellite":"N21","instrument":"VIIRS","confidence":"n","version":"2.0NRT","bright_ti5":"284.41","frp":"15.57","daynight":"N","commune":"Le Vaudoué","code_insee":"77485","departement":"Seine-et-Marne","region":"Île-de-France"}},{"type":"Feature","geometry":{"type":"Point","coordinates":[2.53308,48.35919]},"properties":{"latitude":"48.35919","longitude":"2.53308","bright_ti4":"319.65","scan":"0.44","track":"0.38","acq_date":"2026-07-13","acq_time":"137","satellite":"N21","instrument":"VIIRS","confidence":"n","version":"2.0NRT","bright_ti5":"287.29","frp":"10.68","daynight":"N","commune":"Le Vaudoué","code_insee":"77485","departement":"Seine-et-Marne","region":"Île-de-France"}},{"type":"Feature","geometry":{"type":"Point","coordinates":[2.53997,48.36197]},"properties":{"latitude":"48.36197","longitude":"2.53997","bright_ti4":"339.8","scan":"0.44","track":"0.38","acq_date":"2026-07-13","acq_time":"137","satellite":"N21","instrument":"VIIRS","confidence":"n","version":"2.0NRT","bright_ti5":"300.2","frp":"15.57","daynight":"N","commune":"Le Vaudoué","code_insee":"77485","departement":"Seine-et-Marne","region":"Île-de-France"}},{"type":"Feature","geometry":{"type":"Point","coordinates":[2.534,48.36269]},"properties":{"latitude":"48.36269","longitude":"2.534","bright_ti4":"352.26","scan":"0.44","track":"0.38","acq_date":"2026-07-13","acq_time":"137","satellite":"N21","instrument":"VIIRS","confidence":"n","version":"2.0NRT","bright_ti5":"307.83","frp":"10.68","daynight":"N","commune":"Le Vaudoué","code_insee":"77485","departement":"Seine-et-Marne","region":"Île-de-France"}},{"type":"Feature","geometry":{"type":"Point","coordinates":[2.52803,48.36341]},"properties":{"latitude":"48.36341","longitude":"2.52803","bright_ti4":"334.65","scan":"0.44","track":"0.38","acq_date":"2026-07-13","acq_time":"137","satellite":"N21","instrument":"VIIRS","confidence":"n","version":"2.0NRT","bright_ti5":"296.75","frp":"10.68","daynight":"N","commune":"Le Vaudoué","code_insee":"77485","departement":"Seine-et-Marne","region":"Île-de-France"}},{"type":"Feature","geometry":{"type":"Point","coordinates":[2.5221,48.36412]},"properties":{"latitude":"48.36412","longitude":"2.5221","bright_ti4":"324.59","scan":"0.44","track":"0.38","acq_date":"2026-07-13","acq_time":"137","satellite":"N21","instrument":"VIIRS","confidence":"n","version":"2.0NRT","bright_ti5":"293.65","frp":"4.08","daynight":"N","commune":"Le Vaudoué","code_insee":"77485","departement":"Seine-et-Marne","region":"Île-de-France"}},{"type":"Feature","geometry":{"type":"Point","coordinates":[2.54684,48.36475]},"properties":{"latitude":"48.36475","longitude":"2.54684","bright_ti4":"320.48","scan":"0.44","track":"0.38","acq_date":"2026-07-13","acq_time":"137","satellite":"N21","instrument":"VIIRS","confidence":"n","version":"2.0NRT","bright_ti5":"289.29","frp":"7.67","daynight":"N","commune":"Le Vaudoué","code_insee":"77485","departement":"Seine-et-Marne","region":"Île-de-France"}},{"type":"Feature","geometry":{"type":"Point","coordinates":[2.5409,48.36547]},"properties":{"latitude":"48.36547","longitude":"2.5409","bright_ti4":"339.87","scan":"0.44","track":"0.38","acq_date":"2026-07-13","acq_time":"137","satellite":"N21","instrument":"VIIRS","confidence":"n","version":"2.0NRT","bright_ti5":"295.43","frp":"7.67","daynight":"N","commune":"Le Vaudoué","code_insee":"77485","departement":"Seine-et-Marne","region":"Île-de-France"}},{"type":"Feature","geometry":{"type":"Point","coordinates":[2.53493,48.36618]},"properties":{"latitude":"48.36618","longitude":"2.53493","bright_ti4":"349.1","scan":"0.44","track":"0.38","acq_date":"2026-07-13","acq_time":"137","satellite":"N21","instrument":"VIIRS","confidence":"n","version":"2.0NRT","bright_ti5":"302.37","frp":"10.01","daynight":"N","commune":"Le Vaudoué","code_insee":"77485","departement":"Seine-et-Marne","region":"Île-de-France"}},{"type":"Feature","geometry":{"type":"Point","coordinates":[2.52897,48.36691]},"properties":{"latitude":"48.36691","longitude":"2.52897","bright_ti4":"353.39","scan":"0.44","track":"0.38","acq_date":"2026-07-13","acq_time":"137","satellite":"N21","instrument":"VIIRS","confidence":"n","version":"2.0NRT","bright_ti5":"304.98","frp":"10.01","daynight":"N","commune":"Le Vaudoué","code_insee":"77485","departement":"Seine-et-Marne","region":"Île-de-France"}},{"type":"Feature","geometry":{"type":"Point","coordinates":[2.5537,48.36753]},"properties":{"latitude":"48.36753","longitude":"2.5537","bright_ti4":"307.38","scan":"0.44","track":"0.38","acq_date":"2026-07-13","acq_time":"137","satellite":"N21","instrument":"VIIRS","confidence":"n","version":"2.0NRT","bright_ti5":"288.28","frp":"3.24","daynight":"N","commune":"Achères-la-Forêt","code_insee":"77001","departement":"Seine-et-Marne","region":"Île-de-France"}},{"type":"Feature","geometry":{"type":"Point","coordinates":[2.52305,48.36762]},"properties":{"latitude":"48.36762","longitude":"2.52305","bright_ti4":"350.2","scan":"0.44","track":"0.38","acq_date":"2026-07-13","acq_time":"137","satellite":"N21","instrument":"VIIRS","confidence":"n","version":"2.0NRT","bright_ti5":"307.38","frp":"10.11","daynight":"N","commune":"Le Vaudoué","code_insee":"77485","departement":"Seine-et-Marne","region":"Île-de-France"}},{"type":"Feature","geometry":{"type":"Point","coordinates":[2.54779,48.36824]},"properties":{"latitude":"48.36824","longitude":"2.54779","bright_ti4":"350.33","scan":"0.44","track":"0.38","acq_date":"2026-07-13","acq_time":"137","satellite":"N21","instrument":"VIIRS","confidence":"n","version":"2.0NRT","bright_ti5":"296.51","frp":"7.67","daynight":"N","commune":"Le Vaudoué","code_insee":"77485","departement":"Seine-et-Marne","region":"Île-de-France"}},{"type":"Feature","geometry":{"type":"Point","coordinates":[2.57237,48.36888]},"properties":{"latitude":"48.36888","longitude":"2.57237","bright_ti4":"332.34","scan":"0.44","track":"0.38","acq_date":"2026-07-13","acq_time":"137","satellite":"N21","instrument":"VIIRS","confidence":"n","version":"2.0NRT","bright_ti5":"287.79","frp":"17.53","daynight":"N","commune":"Fontainebleau","code_insee":"77186","departement":"Seine-et-Marne","region":"Île-de-France"}},{"type":"Feature","geometry":{"type":"Point","coordinates":[2.54185,48.36896]},"properties":{"latitude":"48.36896","longitude":"2.54185","bright_ti4":"339.35","scan":"0.44","track":"0.38","acq_date":"2026-07-13","acq_time":"137","satellite":"N21","instrument":"VIIRS","confidence":"n","version":"2.0NRT","bright_ti5":"298.01","frp":"7.67","daynight":"N","commune":"Le Vaudoué","code_insee":"77485","departement":"Seine-et-Marne","region":"Île-de-France"}},{"type":"Feature","geometry":{"type":"Point","coordinates":[2.56648,48.36959]},"properties":{"latitude":"48.36959","longitude":"2.56648","bright_ti4":"349.16","scan":"0.44","track":"0.38","acq_date":"2026-07-13","acq_time":"137","satellite":"N21","instrument":"VIIRS","confidence":"n","version":"2.0NRT","bright_ti5":"294.78","frp":"17.53","daynight":"N","commune":"Achères-la-Forêt","code_insee":"77001","departement":"Seine-et-Marne","region":"Île-de-France"}},{"type":"Feature","geometry":{"type":"Point","coordinates":[2.53587,48.36968]},"properties":{"latitude":"48.36968","longitude":"2.53587","bright_ti4":"347.91","scan":"0.44","track":"0.38","acq_date":"2026-07-13","acq_time":"137","satellite":"N21","instrument":"VIIRS","confidence":"n","version":"2.0NRT","bright_ti5":"299.49","frp":"10.01","daynight":"N","commune":"Le Vaudoué","code_insee":"77485","departement":"Seine-et-Marne","region":"Île-de-France"}},{"type":"Feature","geometry":{"type":"Point","coordinates":[2.56057,48.37031]},"properties":{"latitude":"48.37031","longitude":"2.56057","bright_ti4":"352.98","scan":"0.44","track":"0.38","acq_date":"2026-07-13","acq_time":"137","satellite":"N21","instrument":"VIIRS","confidence":"n","version":"2.0NRT","bright_ti5":"302.23","frp":"6.68","daynight":"N","commune":"Noisy-sur-École","code_insee":"77339","departement":"Seine-et-Marne","region":"Île-de-France"}},{"type":"Feature","geometry":{"type":"Point","coordinates":[2.5299,48.37041]},"properties":{"latitude":"48.37041","longitude":"2.5299","bright_ti4":"352.32","scan":"0.44","track":"0.38","acq_date":"2026-07-13","acq_time":"137","satellite":"N21","instrument":"VIIRS","confidence":"n","version":"2.0NRT","bright_ti5":"304.84","frp":"10.01","daynight":"N","commune":"Le Vaudoué","code_insee":"77485","departement":"Seine-et-Marne","region":"Île-de-France"}},{"type":"Feature","geometry":{"type":"Point","coordinates":[2.55465,48.37102]},"properties":{"latitude":"48.37102","longitude":"2.55465","bright_ti4":"315.88","scan":"0.44","track":"0.38","acq_date":"2026-07-13","acq_time":"137","satellite":"N21","instrument":"VIIRS","confidence":"n","version":"2.0NRT","bright_ti5":"291.18","frp":"6.68","daynight":"N","commune":"Le Vaudoué","code_insee":"77485","departement":"Seine-et-Marne","region":"Île-de-France"}},{"type":"Feature","geometry":{"type":"Point","coordinates":[2.52399,48.37112]},"properties":{"latitude":"48.37112","longitude":"2.52399","bright_ti4":"341.23","scan":"0.44","track":"0.38","acq_date":"2026-07-13","acq_time":"137","satellite":"N21","instrument":"VIIRS","confidence":"n","version":"2.0NRT","bright_ti5":"297.57","frp":"10.11","daynight":"N","commune":"Noisy-sur-École","code_insee":"77339","departement":"Seine-et-Marne","region":"Île-de-France"}},{"type":"Feature","geometry":{"type":"Point","coordinates":[2.54873,48.37174]},"properties":{"latitude":"48.37174","longitude":"2.54873","bright_ti4":"307.83","scan":"0.44","track":"0.38","acq_date":"2026-07-13","acq_time":"137","satellite":"N21","instrument":"VIIRS","confidence":"n","version":"2.0NRT","bright_ti5":"288.54","frp":"6.55","daynight":"N","commune":"Le Vaudoué","code_insee":"77485","departement":"Seine-et-Marne","region":"Île-de-France"}},{"type":"Feature","geometry":{"type":"Point","coordinates":[2.57332,48.37237]},"properties":{"latitude":"48.37237","longitude":"2.57332","bright_ti4":"350.03","scan":"0.44","track":"0.38","acq_date":"2026-07-13","acq_time":"137","satellite":"N21","instrument":"VIIRS","confidence":"n","version":"2.0NRT","bright_ti5":"306.59","frp":"17.53","daynight":"N","commune":"Fontainebleau","code_insee":"77186","departement":"Seine-et-Marne","region":"Île-de-France"}},{"type":"Feature","geometry":{"type":"Point","coordinates":[2.54278,48.37246]},"properties":{"latitude":"48.37246","longitude":"2.54278","bright_ti4":"329.78","scan":"0.44","track":"0.38","acq_date":"2026-07-13","acq_time":"137","satellite":"N21","instrument":"VIIRS","confidence":"n","version":"2.0NRT","bright_ti5":"295.91","frp":"6.55","daynight":"N","commune":"Le Vaudoué","code_insee":"77485","departement":"Seine-et-Marne","region":"Île-de-France"}},{"type":"Feature","geometry":{"type":"Point","coordinates":[2.56742,48.37309]},"properties":{"latitude":"48.37309","longitude":"2.56742","bright_ti4":"353.02","scan":"0.44","track":"0.38","acq_date":"2026-07-13","acq_time":"137","satellite":"N21","instrument":"VIIRS","confidence":"n","version":"2.0NRT","bright_ti5":"304.52","frp":"17.53","daynight":"N","commune":"Fontainebleau","code_insee":"77186","departement":"Seine-et-Marne","region":"Île-de-France"}},{"type":"Feature","geometry":{"type":"Point","coordinates":[2.53681,48.37318]},"properties":{"latitude":"48.37318","longitude":"2.53681","bright_ti4":"343.8","scan":"0.44","track":"0.38","acq_date":"2026-07-13","acq_time":"137","satellite":"N21","instrument":"VIIRS","confidence":"n","version":"2.0NRT","bright_ti5":"297.48","frp":"27.09","daynight":"N","commune":"Noisy-sur-École","code_insee":"77339","departement":"Seine-et-Marne","region":"Île-de-France"}},{"type":"Feature","geometry":{"type":"Point","coordinates":[2.56151,48.3738]},"properties":{"latitude":"48.3738","longitude":"2.56151","bright_ti4":"325.98","scan":"0.44","track":"0.38","acq_date":"2026-07-13","acq_time":"137","satellite":"N21","instrument":"VIIRS","confidence":"n","version":"2.0NRT","bright_ti5":"294.04","frp":"6.68","daynight":"N","commune":"Noisy-sur-École","code_insee":"77339","departement":"Seine-et-Marne","region":"Île-de-France"}},{"type":"Feature","geometry":{"type":"Point","coordinates":[2.53084,48.3739]},"properties":{"latitude":"48.3739","longitude":"2.53084","bright_ti4":"342.65","scan":"0.44","track":"0.38","acq_date":"2026-07-13","acq_time":"137","satellite":"N21","instrument":"VIIRS","confidence":"n","version":"2.0NRT","bright_ti5":"309.93","frp":"27.09","daynight":"N","commune":"Noisy-sur-École","code_insee":"77339","departement":"Seine-et-Marne","region":"Île-de-France"}},{"type":"Feature","geometry":{"type":"Point","coordinates":[2.55559,48.37452]},"properties":{"latitude":"48.37452","longitude":"2.55559","bright_ti4":"321.64","scan":"0.44","track":"0.38","acq_date":"2026-07-13","acq_time":"137","satellite":"N21","instrument":"VIIRS","confidence":"n","version":"2.0NRT","bright_ti5":"291.75","frp":"6.68","daynight":"N","commune":"Noisy-sur-École","code_insee":"77339","departement":"Seine-et-Marne","region":"Île-de-France"}},{"type":"Feature","geometry":{"type":"Point","coordinates":[2.52493,48.37462]},"properties":{"latitude":"48.37462","longitude":"2.52493","bright_ti4":"310.5","scan":"0.44","track":"0.38","acq_date":"2026-07-13","acq_time":"137","satellite":"N21","instrument":"VIIRS","confidence":"n","version":"2.0NRT","bright_ti5":"288.44","frp":"3.68","daynight":"N","commune":"Noisy-sur-École","code_insee":"77339","departement":"Seine-et-Marne","region":"Île-de-France"}},{"type":"Feature","geometry":{"type":"Point","coordinates":[2.58015,48.37514]},"properties":{"latitude":"48.37514","longitude":"2.58015","bright_ti4":"340.73","scan":"0.44","track":"0.38","acq_date":"2026-07-13","acq_time":"137","satellite":"N21","instrument":"VIIRS","confidence":"n","version":"2.0NRT","bright_ti5":"295.27","frp":"4.56","daynight":"N","commune":"Fontainebleau","code_insee":"77186","departement":"Seine-et-Marne","region":"Île-de-France"}},{"type":"Feature","geometry":{"type":"Point","coordinates":[2.54966,48.37524]},"properties":{"latitude":"48.37524","longitude":"2.54966","bright_ti4":"328.77","scan":"0.44","track":"0.38","acq_date":"2026-07-13","acq_time":"137","satellite":"N21","instrument":"VIIRS","confidence":"n","version":"2.0NRT","bright_ti5":"294.22","frp":"6.55","daynight":"N","commune":"Noisy-sur-École","code_insee":"77339","departement":"Seine-et-Marne","region":"Île-de-France"}},{"type":"Feature","geometry":{"type":"Point","coordinates":[2.57425,48.37586]},"properties":{"latitude":"48.37586","longitude":"2.57425","bright_ti4":"367","scan":"0.44","track":"0.38","acq_date":"2026-07-13","acq_time":"137","satellite":"N21","instrument":"VIIRS","confidence":"h","version":"2.0NRT","bright_ti5":"303.89","frp":"12.15","daynight":"N","commune":"Fontainebleau","code_insee":"77186","departement":"Seine-et-Marne","region":"Île-de-France"}},{"type":"Feature","geometry":{"type":"Point","coordinates":[2.5437,48.37595]},"properties":{"latitude":"48.37595","longitude":"2.5437","bright_ti4":"355.19","scan":"0.44","track":"0.38","acq_date":"2026-07-13","acq_time":"137","satellite":"N21","instrument":"VIIRS","confidence":"n","version":"2.0NRT","bright_ti5":"304.64","frp":"6.55","daynight":"N","commune":"Noisy-sur-École","code_insee":"77339","departement":"Seine-et-Marne","region":"Île-de-France"}},{"type":"Feature","geometry":{"type":"Point","coordinates":[2.56835,48.37658]},"properties":{"latitude":"48.37658","longitude":"2.56835","bright_ti4":"347.83","scan":"0.44","track":"0.38","acq_date":"2026-07-13","acq_time":"137","satellite":"N21","instrument":"VIIRS","confidence":"n","version":"2.0NRT","bright_ti5":"301.55","frp":"12.15","daynight":"N","commune":"Fontainebleau","code_insee":"77186","departement":"Seine-et-Marne","region":"Île-de-France"}},{"type":"Feature","geometry":{"type":"Point","coordinates":[2.53773,48.37668]},"properties":{"latitude":"48.37668","longitude":"2.53773","bright_ti4":"354.6","scan":"0.44","track":"0.38","acq_date":"2026-07-13","acq_time":"137","satellite":"N21","instrument":"VIIRS","confidence":"n","version":"2.0NRT","bright_ti5":"298.36","frp":"27.09","daynight":"N","commune":"Noisy-sur-École","code_insee":"77339","departement":"Seine-et-Marne","region":"Île-de-France"}},{"type":"Feature","geometry":{"type":"Point","coordinates":[2.56244,48.37729]},"properties":{"latitude":"48.37729","longitude":"2.56244","bright_ti4":"332.93","scan":"0.44","track":"0.38","acq_date":"2026-07-13","acq_time":"137","satellite":"N21","instrument":"VIIRS","confidence":"n","version":"2.0NRT","bright_ti5":"295.03","frp":"10.63","daynight":"N","commune":"Noisy-sur-École","code_insee":"77339","departement":"Seine-et-Marne","region":"Île-de-France"}},{"type":"Feature","geometry":{"type":"Point","coordinates":[2.53178,48.3774]},"properties":{"latitude":"48.3774","longitude":"2.53178","bright_ti4":"344.17","scan":"0.44","track":"0.38","acq_date":"2026-07-13","acq_time":"137","satellite":"N21","instrument":"VIIRS","confidence":"n","version":"2.0NRT","bright_ti5":"295.85","frp":"27.09","daynight":"N","commune":"Noisy-sur-École","code_insee":"77339","departement":"Seine-et-Marne","region":"Île-de-France"}},{"type":"Feature","geometry":{"type":"Point","coordinates":[2.55652,48.37801]},"properties":{"latitude":"48.37801","longitude":"2.55652","bright_ti4":"328.33","scan":"0.44","track":"0.38","acq_date":"2026-07-13","acq_time":"137","satellite":"N21","instrument":"VIIRS","confidence":"n","version":"2.0NRT","bright_ti5":"292.43","frp":"10.63","daynight":"N","commune":"Noisy-sur-École","code_insee":"77339","departement":"Seine-et-Marne","region":"Île-de-France"}},{"type":"Feature","geometry":{"type":"Point","coordinates":[2.58109,48.37864]},"properties":{"latitude":"48.37864","longitude":"2.58109","bright_ti4":"306.33","scan":"0.44","track":"0.38","acq_date":"2026-07-13","acq_time":"137","satellite":"N21","instrument":"VIIRS","confidence":"n","version":"2.0NRT","bright_ti5":"288.1","frp":"4.56","daynight":"N","commune":"Fontainebleau","code_insee":"77186","departement":"Seine-et-Marne","region":"Île-de-France"}},{"type":"Feature","geometry":{"type":"Point","coordinates":[2.55058,48.37873]},"properties":{"latitude":"48.37873","longitude":"2.55058","bright_ti4":"367","scan":"0.44","track":"0.38","acq_date":"2026-07-13","acq_time":"137","satellite":"N21","instrument":"VIIRS","confidence":"h","version":"2.0NRT","bright_ti5":"304.59","frp":"16.88","daynight":"N","commune":"Noisy-sur-École","code_insee":"77339","departement":"Seine-et-Marne","region":"Île-de-France"}},{"type":"Feature","geometry":{"type":"Point","coordinates":[2.57519,48.37935]},"properties":{"latitude":"48.37935","longitude":"2.57519","bright_ti4":"340.29","scan":"0.44","track":"0.38","acq_date":"2026-07-13","acq_time":"137","satellite":"N21","instrument":"VIIRS","confidence":"n","version":"2.0NRT","bright_ti5":"296.37","frp":"12.15","daynight":"N","commune":"Fontainebleau","code_insee":"77186","departement":"Seine-et-Marne","region":"Île-de-France"}},{"type":"Feature","geometry":{"type":"Point","coordinates":[2.54464,48.37945]},"properties":{"latitude":"48.37945","longitude":"2.54464","bright_ti4":"346.66","scan":"0.44","track":"0.38","acq_date":"2026-07-13","acq_time":"137","satellite":"N21","instrument":"VIIRS","confidence":"n","version":"2.0NRT","bright_ti5":"294.13","frp":"16.88","daynight":"N","commune":"Noisy-sur-École","code_insee":"77339","departement":"Seine-et-Marne","region":"Île-de-France"}},{"type":"Feature","geometry":{"type":"Point","coordinates":[2.56928,48.38007]},"properties":{"latitude":"48.38007","longitude":"2.56928","bright_ti4":"367","scan":"0.44","track":"0.38","acq_date":"2026-07-13","acq_time":"137","satellite":"N21","instrument":"VIIRS","confidence":"h","version":"2.0NRT","bright_ti5":"309.7","frp":"12.15","daynight":"N","commune":"Noisy-sur-École","code_insee":"77339","departement":"Seine-et-Marne","region":"Île-de-France"}},{"type":"Feature","geometry":{"type":"Point","coordinates":[2.59382,48.3807]},"properties":{"latitude":"48.3807","longitude":"2.59382","bright_ti4":"334.98","scan":"0.44","track":"0.38","acq_date":"2026-07-13","acq_time":"137","satellite":"N21","instrument":"VIIRS","confidence":"n","version":"2.0NRT","bright_ti5":"289.11","frp":"5.67","daynight":"N","commune":"Fontainebleau","code_insee":"77186","departement":"Seine-et-Marne","region":"Île-de-France"}},{"type":"Feature","geometry":{"type":"Point","coordinates":[2.56335,48.38079]},"properties":{"latitude":"48.38079","longitude":"2.56335","bright_ti4":"345.19","scan":"0.44","track":"0.38","acq_date":"2026-07-13","acq_time":"137","satellite":"N21","instrument":"VIIRS","confidence":"n","version":"2.0NRT","bright_ti5":"296.62","frp":"10.63","daynight":"N","commune":"Noisy-sur-École","code_insee":"77339","departement":"Seine-et-Marne","region":"Île-de-France"}},{"type":"Feature","geometry":{"type":"Point","coordinates":[2.58792,48.38141]},"properties":{"latitude":"48.38141","longitude":"2.58792","bright_ti4":"330.55","scan":"0.44","track":"0.38","acq_date":"2026-07-13","acq_time":"137","satellite":"N21","instrument":"VIIRS","confidence":"n","version":"2.0NRT","bright_ti5":"294.74","frp":"4.04","daynight":"N","commune":"Fontainebleau","code_insee":"77186","departement":"Seine-et-Marne","region":"Île-de-France"}},{"type":"Feature","geometry":{"type":"Point","coordinates":[2.55743,48.38151]},"properties":{"latitude":"48.38151","longitude":"2.55743","bright_ti4":"347.68","scan":"0.44","track":"0.38","acq_date":"2026-07-13","acq_time":"137","satellite":"N21","instrument":"VIIRS","confidence":"n","version":"2.0NRT","bright_ti5":"304.8","frp":"10.63","daynight":"N","commune":"Noisy-sur-École","code_insee":"77339","departement":"Seine-et-Marne","region":"Île-de-France"}},{"type":"Feature","geometry":{"type":"Point","coordinates":[2.58202,48.38213]},"properties":{"latitude":"48.38213","longitude":"2.58202","bright_ti4":"334.88","scan":"0.44","track":"0.38","acq_date":"2026-07-13","acq_time":"137","satellite":"N21","instrument":"VIIRS","confidence":"n","version":"2.0NRT","bright_ti5":"296.14","frp":"4.04","daynight":"N","commune":"Fontainebleau","code_insee":"77186","departement":"Seine-et-Marne","region":"Île-de-France"}},{"type":"Feature","geometry":{"type":"Point","coordinates":[2.55151,48.38223]},"properties":{"latitude":"48.38223","longitude":"2.55151","bright_ti4":"344.65","scan":"0.44","track":"0.38","acq_date":"2026-07-13","acq_time":"137","satellite":"N21","instrument":"VIIRS","confidence":"n","version":"2.0NRT","bright_ti5":"293.36","frp":"16.88","daynight":"N","commune":"Noisy-sur-École","code_insee":"77339","departement":"Seine-et-Marne","region":"Île-de-France"}},{"type":"Feature","geometry":{"type":"Point","coordinates":[2.57611,48.38285]},"properties":{"latitude":"48.38285","longitude":"2.57611","bright_ti4":"354.79","scan":"0.44","track":"0.38","acq_date":"2026-07-13","acq_time":"137","satellite":"N21","instrument":"VIIRS","confidence":"n","version":"2.0NRT","bright_ti5":"304.75","frp":"17.77","daynight":"N","commune":"Fontainebleau","code_insee":"77186","departement":"Seine-et-Marne","region":"Île-de-France"}},{"type":"Feature","geometry":{"type":"Point","coordinates":[2.57018,48.38357]},"properties":{"latitude":"48.38357","longitude":"2.57018","bright_ti4":"341.79","scan":"0.44","track":"0.38","acq_date":"2026-07-13","acq_time":"137","satellite":"N21","instrument":"VIIRS","confidence":"n","version":"2.0NRT","bright_ti5":"289.84","frp":"17.77","daynight":"N","commune":"Noisy-sur-École","code_insee":"77339","departement":"Seine-et-Marne","region":"Île-de-France"}},{"type":"Feature","geometry":{"type":"Point","coordinates":[2.58884,48.38491]},"properties":{"latitude":"48.38491","longitude":"2.58884","bright_ti4":"315.81","scan":"0.44","track":"0.38","acq_date":"2026-07-13","acq_time":"137","satellite":"N21","instrument":"VIIRS","confidence":"n","version":"2.0NRT","bright_ti5":"287.98","frp":"4.04","daynight":"N","commune":"Fontainebleau","code_insee":"77186","departement":"Seine-et-Marne","region":"Île-de-France"}},{"type":"Feature","geometry":{"type":"Point","coordinates":[2.55833,48.38501]},"properties":{"latitude":"48.38501","longitude":"2.55833","bright_ti4":"310.45","scan":"0.44","track":"0.38","acq_date":"2026-07-13","acq_time":"137","satellite":"N21","instrument":"VIIRS","confidence":"n","version":"2.0NRT","bright_ti5":"286.4","frp":"1.91","daynight":"N","commune":"Noisy-sur-École","code_insee":"77339","departement":"Seine-et-Marne","region":"Île-de-France"}},{"type":"Feature","geometry":{"type":"Point","coordinates":[2.98192,48.38792]},"properties":{"latitude":"48.38792","longitude":"2.98192","bright_ti4":"313.09","scan":"0.43","track":"0.38","acq_date":"2026-07-13","acq_time":"137","satellite":"N21","instrument":"VIIRS","confidence":"n","version":"2.0NRT","bright_ti5":"279.21","frp":"1.92","daynight":"N","commune":"Montereau-Fault-Yonne","code_insee":"77305","departement":"Seine-et-Marne","region":"Île-de-France"}},{"type":"Feature","geometry":{"type":"Point","coordinates":[-2.31412,48.66909]},"properties":{"latitude":"48.66909","longitude":"-2.31412","bright_ti4":"300.77","scan":"0.45","track":"0.47","acq_date":"2026-07-13","acq_time":"137","satellite":"N21","instrument":"VIIRS","confidence":"n","version":"2.0NRT","bright_ti5":"279.59","frp":"0.88","daynight":"N","commune":"Plévenon","code_insee":"22201","departement":"Côtes-d'Armor","region":"Bretagne"}},{"type":"Feature","geometry":{"type":"Point","coordinates":[-2.3202,48.66957]},"properties":{"latitude":"48.66957","longitude":"-2.3202","bright_ti4":"301.12","scan":"0.45","track":"0.47","acq_date":"2026-07-13","acq_time":"137","satellite":"N21","instrument":"VIIRS","confidence":"n","version":"2.0NRT","bright_ti5":"279.85","frp":"0.88","daynight":"N","commune":"Plévenon","code_insee":"22201","departement":"Côtes-d'Armor","region":"Bretagne"}},{"type":"Feature","geometry":{"type":"Point","coordinates":[-2.31313,48.67133]},"properties":{"latitude":"48.67133","longitude":"-2.31313","bright_ti4":"336.7","scan":"0.45","track":"0.47","acq_date":"2026-07-13","acq_time":"137","satellite":"N21","instrument":"VIIRS","confidence":"n","version":"2.0NRT","bright_ti5":"279.75","frp":"16.85","daynight":"N","commune":"Plévenon","code_insee":"22201","departement":"Côtes-d'Armor","region":"Bretagne"}},{"type":"Feature","geometry":{"type":"Point","coordinates":[-2.31914,48.67177]},"properties":{"latitude":"48.67177","longitude":"-2.31914","bright_ti4":"342.52","scan":"0.45","track":"0.47","acq_date":"2026-07-13","acq_time":"137","satellite":"N21","instrument":"VIIRS","confidence":"n","version":"2.0NRT","bright_ti5":"289.17","frp":"14.58","daynight":"N","commune":"Plévenon","code_insee":"22201","departement":"Côtes-d'Armor","region":"Bretagne"}},{"type":"Feature","geometry":{"type":"Point","coordinates":[-2.32541,48.67223]},"properties":{"latitude":"48.67223","longitude":"-2.32541","bright_ti4":"296.72","scan":"0.45","track":"0.47","acq_date":"2026-07-13","acq_time":"137","satellite":"N21","instrument":"VIIRS","confidence":"n","version":"2.0NRT","bright_ti5":"279.84","frp":"14.58","daynight":"N","commune":"Plévenon","code_insee":"22201","departement":"Côtes-d'Armor","region":"Bretagne"}},{"type":"Feature","geometry":{"type":"Point","coordinates":[-2.31948,48.67387]},"properties":{"latitude":"48.67387","longitude":"-2.31948","bright_ti4":"341.65","scan":"0.45","track":"0.47","acq_date":"2026-07-13","acq_time":"137","satellite":"N21","instrument":"VIIRS","confidence":"n","version":"2.0NRT","bright_ti5":"287.67","frp":"29.09","daynight":"N","commune":"Plévenon","code_insee":"22201","departement":"Côtes-d'Armor","region":"Bretagne"}},{"type":"Feature","geometry":{"type":"Point","coordinates":[-2.32582,48.67438]},"properties":{"latitude":"48.67438","longitude":"-2.32582","bright_ti4":"295.81","scan":"0.45","track":"0.47","acq_date":"2026-07-13","acq_time":"137","satellite":"N21","instrument":"VIIRS","confidence":"n","version":"2.0NRT","bright_ti5":"279.74","frp":"0.88","daynight":"N","commune":"Plévenon","code_insee":"22201","departement":"Côtes-d'Armor","region":"Bretagne"}},{"type":"Feature","geometry":{"type":"Point","coordinates":[-2.31843,48.67607]},"properties":{"latitude":"48.67607","longitude":"-2.31843","bright_ti4":"340.8","scan":"0.45","track":"0.47","acq_date":"2026-07-13","acq_time":"137","satellite":"N21","instrument":"VIIRS","confidence":"n","version":"2.0NRT","bright_ti5":"282.69","frp":"12.93","daynight":"N","commune":"Plévenon","code_insee":"22201","departement":"Côtes-d'Armor","region":"Bretagne"}},{"type":"Feature","geometry":{"type":"Point","coordinates":[-2.3188,48.67818]},"properties":{"latitude":"48.67818","longitude":"-2.3188","bright_ti4":"298.37","scan":"0.45","track":"0.47","acq_date":"2026-07-13","acq_time":"137","satellite":"N21","instrument":"VIIRS","confidence":"n","version":"2.0NRT","bright_ti5":"279.03","frp":"29.09","daynight":"N","commune":"Plévenon","code_insee":"22201","departement":"Côtes-d'Armor","region":"Bretagne"}},{"type":"Feature","geometry":{"type":"Point","coordinates":[6.96499,48.69045]},"properties":{"latitude":"48.69045","longitude":"6.96499","bright_ti4":"307.72","scan":"0.38","track":"0.36","acq_date":"2026-07-13","acq_time":"137","satellite":"N21","instrument":"VIIRS","confidence":"n","version":"2.0NRT","bright_ti5":"292.65","frp":"1.05","daynight":"N","commune":"Héming","code_insee":"57314","departement":"Moselle","region":"Grand Est"}},{"type":"Feature","geometry":{"type":"Point","coordinates":[2.73724,48.94927]},"properties":{"latitude":"48.94927","longitude":"2.73724","bright_ti4":"300.44","scan":"0.44","track":"0.38","acq_date":"2026-07-13","acq_time":"137","satellite":"N21","instrument":"VIIRS","confidence":"n","version":"2.0NRT","bright_ti5":"284.96","frp":"0.6","daynight":"N","commune":"Fresnes-sur-Marne","code_insee":"77196","departement":"Seine-et-Marne","region":"Île-de-France"}},{"type":"Feature","geometry":{"type":"Point","coordinates":[1.76385,48.98222]},"properties":{"latitude":"48.98222","longitude":"1.76385","bright_ti4":"304.37","scan":"0.47","track":"0.4","acq_date":"2026-07-13","acq_time":"137","satellite":"N21","instrument":"VIIRS","confidence":"n","version":"2.0NRT","bright_ti5":"284.16","frp":"1.53","daynight":"N","commune":"Porcheville","code_insee":"78501","departement":"Yvelines","region":"Île-de-France"}},{"type":"Feature","geometry":{"type":"Point","coordinates":[1.75743,48.98294]},"properties":{"latitude":"48.98294","longitude":"1.75743","bright_ti4":"306.94","scan":"0.47","track":"0.4","acq_date":"2026-07-13","acq_time":"137","satellite":"N21","instrument":"VIIRS","confidence":"n","version":"2.0NRT","bright_ti5":"285.2","frp":"1.56","daynight":"N","commune":"Limay","code_insee":"78335","departement":"Yvelines","region":"Île-de-France"}},{"type":"Feature","geometry":{"type":"Point","coordinates":[6.1458,49.31797]},"properties":{"latitude":"49.31797","longitude":"6.1458","bright_ti4":"303.06","scan":"0.39","track":"0.36","acq_date":"2026-07-13","acq_time":"137","satellite":"N21","instrument":"VIIRS","confidence":"n","version":"2.0NRT","bright_ti5":"290.58","frp":"0.62","daynight":"N","commune":"Florange","code_insee":"57221","departement":"Moselle","region":"Grand Est"}},{"type":"Feature","geometry":{"type":"Point","coordinates":[2.48986,49.61344]},"properties":{"latitude":"49.61344","longitude":"2.48986","bright_ti4":"310.52","scan":"0.46","track":"0.39","acq_date":"2026-07-13","acq_time":"137","satellite":"N21","instrument":"VIIRS","confidence":"n","version":"2.0NRT","bright_ti5":"288.64","frp":"1.45","daynight":"N","commune":"Welles-Pérennes","code_insee":"60702","departement":"Oise","region":"Hauts-de-France"}},{"type":"Feature","geometry":{"type":"Point","coordinates":[2.67927,49.64998]},"properties":{"latitude":"49.64998","longitude":"2.67927","bright_ti4":"323.33","scan":"0.45","track":"0.39","acq_date":"2026-07-13","acq_time":"137","satellite":"N21","instrument":"VIIRS","confidence":"n","version":"2.0NRT","bright_ti5":"291.65","frp":"6.2","daynight":"N","commune":"Laboissière-en-Santerre","code_insee":"80453","departement":"Somme","region":"Hauts-de-France"}},{"type":"Feature","geometry":{"type":"Point","coordinates":[2.67309,49.65071]},"properties":{"latitude":"49.65071","longitude":"2.67309","bright_ti4":"327.28","scan":"0.45","track":"0.39","acq_date":"2026-07-13","acq_time":"137","satellite":"N21","instrument":"VIIRS","confidence":"n","version":"2.0NRT","bright_ti5":"290.13","frp":"8.02","daynight":"N","commune":"Laboissière-en-Santerre","code_insee":"80453","departement":"Somme","region":"Hauts-de-France"}},{"type":"Feature","geometry":{"type":"Point","coordinates":[2.68024,49.65351]},"properties":{"latitude":"49.65351","longitude":"2.68024","bright_ti4":"330.65","scan":"0.45","track":"0.39","acq_date":"2026-07-13","acq_time":"137","satellite":"N21","instrument":"VIIRS","confidence":"n","version":"2.0NRT","bright_ti5":"290.39","frp":"6.2","daynight":"N","commune":"Laboissière-en-Santerre","code_insee":"80453","departement":"Somme","region":"Hauts-de-France"}},{"type":"Feature","geometry":{"type":"Point","coordinates":[4.53559,49.81075]},"properties":{"latitude":"49.81075","longitude":"4.53559","bright_ti4":"319.92","scan":"0.41","track":"0.37","acq_date":"2026-07-13","acq_time":"137","satellite":"N21","instrument":"VIIRS","confidence":"n","version":"2.0NRT","bright_ti5":"288.47","frp":"1.88","daynight":"N","commune":"Murtin-et-Bogny","code_insee":"08312","departement":"Ardennes","region":"Grand Est"}},{"type":"Feature","geometry":{"type":"Point","coordinates":[2.28409,51.03085]},"properties":{"latitude":"51.03085","longitude":"2.28409","bright_ti4":"302.55","scan":"0.48","track":"0.4","acq_date":"2026-07-13","acq_time":"137","satellite":"N21","instrument":"VIIRS","confidence":"n","version":"2.0NRT","bright_ti5":"289.68","frp":"1.21","daynight":"N","commune":"Grande-Synthe","code_insee":"59271","departement":"Nord","region":"Hauts-de-France"}},{"type":"Feature","geometry":{"type":"Point","coordinates":[2.28612,51.034]},"properties":{"latitude":"51.034","longitude":"2.28612","bright_ti4":"318.59","scan":"0.48","track":"0.4","acq_date":"2026-07-13","acq_time":"137","satellite":"N21","instrument":"VIIRS","confidence":"n","version":"2.0NRT","bright_ti5":"290.44","frp":"3.07","daynight":"N","commune":"Grande-Synthe","code_insee":"59271","departement":"Nord","region":"Hauts-de-France"}},{"type":"Feature","geometry":{"type":"Point","coordinates":[2.28507,51.03449]},"properties":{"latitude":"51.03449","longitude":"2.28507","bright_ti4":"321.66","scan":"0.48","track":"0.4","acq_date":"2026-07-13","acq_time":"137","satellite":"N21","instrument":"VIIRS","confidence":"n","version":"2.0NRT","bright_ti5":"290.73","frp":"1.21","daynight":"N","commune":"Grande-Synthe","code_insee":"59271","departement":"Nord","region":"Hauts-de-France"}},{"type":"Feature","geometry":{"type":"Point","coordinates":[2.27934,51.03472]},"properties":{"latitude":"51.03472","longitude":"2.27934","bright_ti4":"303.65","scan":"0.48","track":"0.4","acq_date":"2026-07-13","acq_time":"137","satellite":"N21","instrument":"VIIRS","confidence":"n","version":"2.0NRT","bright_ti5":"289.31","frp":"0.87","daynight":"N","commune":"Grande-Synthe","code_insee":"59271","departement":"Nord","region":"Hauts-de-France"}},{"type":"Feature","geometry":{"type":"Point","coordinates":[2.27829,51.03524]},"properties":{"latitude":"51.03524","longitude":"2.27829","bright_ti4":"299.95","scan":"0.48","track":"0.4","acq_date":"2026-07-13","acq_time":"137","satellite":"N21","instrument":"VIIRS","confidence":"n","version":"2.0NRT","bright_ti5":"289.03","frp":"1.21","daynight":"N","commune":"Grande-Synthe","code_insee":"59271","departement":"Nord","region":"Hauts-de-France"}},{"type":"Feature","geometry":{"type":"Point","coordinates":[2.30262,51.04346]},"properties":{"latitude":"51.04346","longitude":"2.30262","bright_ti4":"309.28","scan":"0.48","track":"0.4","acq_date":"2026-07-13","acq_time":"137","satellite":"N21","instrument":"VIIRS","confidence":"n","version":"2.0NRT","bright_ti5":"289.5","frp":"1.24","daynight":"N","commune":"Grande-Synthe","code_insee":"59271","departement":"Nord","region":"Hauts-de-France"}},{"type":"Feature","geometry":{"type":"Point","coordinates":[2.29585,51.04418]},"properties":{"latitude":"51.04418","longitude":"2.29585","bright_ti4":"332.49","scan":"0.48","track":"0.4","acq_date":"2026-07-13","acq_time":"137","satellite":"N21","instrument":"VIIRS","confidence":"n","version":"2.0NRT","bright_ti5":"293.3","frp":"19.52","daynight":"N","commune":"Grande-Synthe","code_insee":"59271","departement":"Nord","region":"Hauts-de-France"}},{"type":"Feature","geometry":{"type":"Point","coordinates":[2.31716,51.04564]},"properties":{"latitude":"51.04564","longitude":"2.31716","bright_ti4":"304.83","scan":"0.48","track":"0.4","acq_date":"2026-07-13","acq_time":"137","satellite":"N21","instrument":"VIIRS","confidence":"n","version":"2.0NRT","bright_ti5":"290.19","frp":"1.26","daynight":"N","commune":"Dunkerque","code_insee":"59183","departement":"Nord","region":"Hauts-de-France"}},{"type":"Feature","geometry":{"type":"Point","coordinates":[1.04699,42.84528]},"properties":{"latitude":"42.84528","longitude":"1.04699","bright_ti4":"300.08","scan":"0.43","track":"0.38","acq_date":"2026-07-13","acq_time":"139","satellite":"N21","instrument":"VIIRS","confidence":"n","version":"2.0NRT","bright_ti5":"265.81","frp":"1.62","daynight":"N","commune":"Arrien-en-Bethmale","code_insee":"09017","departement":"Ariège","region":"Occitanie"}},{"type":"Feature","geometry":{"type":"Point","coordinates":[1.04093,42.84606]},"properties":{"latitude":"42.84606","longitude":"1.04093","bright_ti4":"321.46","scan":"0.43","track":"0.38","acq_date":"2026-07-13","acq_time":"139","satellite":"N21","instrument":"VIIRS","confidence":"n","version":"2.0NRT","bright_ti5":"267.79","frp":"1.62","daynight":"N","commune":"Bordes-Uchentein","code_insee":"09062","departement":"Ariège","region":"Occitanie"}},{"type":"Feature","geometry":{"type":"Point","coordinates":[1.04333,42.84716]},"properties":{"latitude":"42.84716","longitude":"1.04333","bright_ti4":"302.46","scan":"0.43","track":"0.38","acq_date":"2026-07-13","acq_time":"139","satellite":"N21","instrument":"VIIRS","confidence":"n","version":"2.0NRT","bright_ti5":"260.54","frp":"0.89","daynight":"N","commune":"Bordes-Uchentein","code_insee":"09062","departement":"Ariège","region":"Occitanie"}},{"type":"Feature","geometry":{"type":"Point","coordinates":[-0.42214,42.94791]},"properties":{"latitude":"42.94791","longitude":"-0.42214","bright_ti4":"314.45","scan":"0.49","track":"0.4","acq_date":"2026-07-13","acq_time":"139","satellite":"N21","instrument":"VIIRS","confidence":"n","version":"2.0NRT","bright_ti5":"275","frp":"2.05","daynight":"N","commune":"Laruns","code_insee":"64320","departement":"Pyrénées-Atlantiques","region":"Nouvelle-Aquitaine"}},{"type":"Feature","geometry":{"type":"Point","coordinates":[-0.42956,42.94873]},"properties":{"latitude":"42.94873","longitude":"-0.42956","bright_ti4":"330.77","scan":"0.49","track":"0.4","acq_date":"2026-07-13","acq_time":"139","satellite":"N21","instrument":"VIIRS","confidence":"n","version":"2.0NRT","bright_ti5":"273.49","frp":"3.86","daynight":"N","commune":"Laruns","code_insee":"64320","departement":"Pyrénées-Atlantiques","region":"Nouvelle-Aquitaine"}},{"type":"Feature","geometry":{"type":"Point","coordinates":[-0.42076,42.95151]},"properties":{"latitude":"42.95151","longitude":"-0.42076","bright_ti4":"302.76","scan":"0.49","track":"0.4","acq_date":"2026-07-13","acq_time":"139","satellite":"N21","instrument":"VIIRS","confidence":"n","version":"2.0NRT","bright_ti5":"274.64","frp":"2.05","daynight":"N","commune":"Laruns","code_insee":"64320","departement":"Pyrénées-Atlantiques","region":"Nouvelle-Aquitaine"}},{"type":"Feature","geometry":{"type":"Point","coordinates":[-0.42802,42.95232]},"properties":{"latitude":"42.95232","longitude":"-0.42802","bright_ti4":"312.37","scan":"0.49","track":"0.4","acq_date":"2026-07-13","acq_time":"139","satellite":"N21","instrument":"VIIRS","confidence":"n","version":"2.0NRT","bright_ti5":"271.44","frp":"3.86","daynight":"N","commune":"Laruns","code_insee":"64320","departement":"Pyrénées-Atlantiques","region":"Nouvelle-Aquitaine"}},{"type":"Feature","geometry":{"type":"Point","coordinates":[-0.43438,42.96055]},"properties":{"latitude":"42.96055","longitude":"-0.43438","bright_ti4":"323.25","scan":"0.49","track":"0.4","acq_date":"2026-07-13","acq_time":"139","satellite":"N21","instrument":"VIIRS","confidence":"n","version":"2.0NRT","bright_ti5":"277.52","frp":"2.86","daynight":"N","commune":"Laruns","code_insee":"64320","departement":"Pyrénées-Atlantiques","region":"Nouvelle-Aquitaine"}},{"type":"Feature","geometry":{"type":"Point","coordinates":[4.89379,43.43482]},"properties":{"latitude":"43.43482","longitude":"4.89379","bright_ti4":"302.97","scan":"0.38","track":"0.36","acq_date":"2026-07-13","acq_time":"139","satellite":"N21","instrument":"VIIRS","confidence":"n","version":"2.0NRT","bright_ti5":"280.45","frp":"1.09","daynight":"N","commune":"Fos-sur-Mer","code_insee":"13039","departement":"Bouches-du-Rhône","region":"Provence-Alpes-Côte d'Azur"}},{"type":"Feature","geometry":{"type":"Point","coordinates":[4.88912,43.43556]},"properties":{"latitude":"43.43556","longitude":"4.88912","bright_ti4":"311.32","scan":"0.38","track":"0.36","acq_date":"2026-07-13","acq_time":"139","satellite":"N21","instrument":"VIIRS","confidence":"n","version":"2.0NRT","bright_ti5":"279.38","frp":"1.09","daynight":"N","commune":"Fos-sur-Mer","code_insee":"13039","departement":"Bouches-du-Rhône","region":"Provence-Alpes-Côte d'Azur"}},{"type":"Feature","geometry":{"type":"Point","coordinates":[4.88173,43.44355]},"properties":{"latitude":"43.44355","longitude":"4.88173","bright_ti4":"318.7","scan":"0.38","track":"0.36","acq_date":"2026-07-13","acq_time":"139","satellite":"N21","instrument":"VIIRS","confidence":"n","version":"2.0NRT","bright_ti5":"282.54","frp":"2.32","daynight":"N","commune":"Fos-sur-Mer","code_insee":"13039","departement":"Bouches-du-Rhône","region":"Provence-Alpes-Côte d'Azur"}},{"type":"Feature","geometry":{"type":"Point","coordinates":[4.90137,43.44384]},"properties":{"latitude":"43.44384","longitude":"4.90137","bright_ti4":"309.31","scan":"0.38","track":"0.36","acq_date":"2026-07-13","acq_time":"139","satellite":"N21","instrument":"VIIRS","confidence":"n","version":"2.0NRT","bright_ti5":"281.85","frp":"1.14","daynight":"N","commune":"Fos-sur-Mer","code_insee":"13039","departement":"Bouches-du-Rhône","region":"Provence-Alpes-Côte d'Azur"}},{"type":"Feature","geometry":{"type":"Point","coordinates":[4.89767,43.44783]},"properties":{"latitude":"43.44783","longitude":"4.89767","bright_ti4":"304.82","scan":"0.38","track":"0.36","acq_date":"2026-07-13","acq_time":"139","satellite":"N21","instrument":"VIIRS","confidence":"n","version":"2.0NRT","bright_ti5":"283.39","frp":"1.1","daynight":"N","commune":"Fos-sur-Mer","code_insee":"13039","departement":"Bouches-du-Rhône","region":"Provence-Alpes-Côte d'Azur"}},{"type":"Feature","geometry":{"type":"Point","coordinates":[-0.01197,44.20089]},"properties":{"latitude":"44.20089","longitude":"-0.01197","bright_ti4":"303.69","scan":"0.49","track":"0.4","acq_date":"2026-07-13","acq_time":"139","satellite":"N21","instrument":"VIIRS","confidence":"n","version":"2.0NRT","bright_ti5":"275.57","frp":"1.64","daynight":"N","commune":"Houeillès","code_insee":"47119","departement":"Lot-et-Garonne","region":"Nouvelle-Aquitaine"}},{"type":"Feature","geometry":{"type":"Point","coordinates":[-0.00513,44.20388]},"properties":{"latitude":"44.20388","longitude":"-0.00513","bright_ti4":"298.39","scan":"0.49","track":"0.4","acq_date":"2026-07-13","acq_time":"139","satellite":"N21","instrument":"VIIRS","confidence":"n","version":"2.0NRT","bright_ti5":"270.8","frp":"0.47","daynight":"N","commune":"Houeillès","code_insee":"47119","departement":"Lot-et-Garonne","region":"Nouvelle-Aquitaine"}},{"type":"Feature","geometry":{"type":"Point","coordinates":[-0.01119,44.20456]},"properties":{"latitude":"44.20456","longitude":"-0.01119","bright_ti4":"324.17","scan":"0.49","track":"0.4","acq_date":"2026-07-13","acq_time":"139","satellite":"N21","instrument":"VIIRS","confidence":"n","version":"2.0NRT","bright_ti5":"276.44","frp":"2.87","daynight":"N","commune":"Houeillès","code_insee":"47119","departement":"Lot-et-Garonne","region":"Nouvelle-Aquitaine"}},{"type":"Feature","geometry":{"type":"Point","coordinates":[-0.01647,44.2089]},"properties":{"latitude":"44.2089","longitude":"-0.01647","bright_ti4":"301.46","scan":"0.49","track":"0.4","acq_date":"2026-07-13","acq_time":"139","satellite":"N21","instrument":"VIIRS","confidence":"n","version":"2.0NRT","bright_ti5":"271.1","frp":"2.87","daynight":"N","commune":"Houeillès","code_insee":"47119","departement":"Lot-et-Garonne","region":"Nouvelle-Aquitaine"}},{"type":"Feature","geometry":{"type":"Point","coordinates":[5.42139,45.80321]},"properties":{"latitude":"45.80321","longitude":"5.42139","bright_ti4":"303.19","scan":"0.38","track":"0.36","acq_date":"2026-07-13","acq_time":"139","satellite":"N21","instrument":"VIIRS","confidence":"n","version":"2.0NRT","bright_ti5":"292.05","frp":"0.81","daynight":"N","commune":"Bouvesse-Quirieu","code_insee":"38054","departement":"Isère","region":"Auvergne-Rhône-Alpes"}},{"type":"Feature","geometry":{"type":"Point","coordinates":[6.46488,47.20094]},"properties":{"latitude":"47.20094","longitude":"6.46488","bright_ti4":"297.54","scan":"0.38","track":"0.36","acq_date":"2026-07-13","acq_time":"139","satellite":"N21","instrument":"VIIRS","confidence":"n","version":"2.0NRT","bright_ti5":"287.02","frp":"0.58","daynight":"N","commune":"Domprel","code_insee":"25203","departement":"Doubs","region":"Bourgogne-Franche-Comté"}},{"type":"Feature","geometry":{"type":"Point","coordinates":[-0.62274,47.65199]},"properties":{"latitude":"47.65199","longitude":"-0.62274","bright_ti4":"313.06","scan":"0.56","track":"0.43","acq_date":"2026-07-13","acq_time":"139","satellite":"N21","instrument":"VIIRS","confidence":"n","version":"2.0NRT","bright_ti5":"279.96","frp":"2.65","daynight":"N","commune":"Les Hauts-d'Anjou","code_insee":"49080","departement":"Maine-et-Loire","region":"Pays de la Loire"}},{"type":"Feature","geometry":{"type":"Point","coordinates":[-0.61449,47.6552]},"properties":{"latitude":"47.6552","longitude":"-0.61449","bright_ti4":"311.22","scan":"0.56","track":"0.43","acq_date":"2026-07-13","acq_time":"139","satellite":"N21","instrument":"VIIRS","confidence":"n","version":"2.0NRT","bright_ti5":"280.13","frp":"2.65","daynight":"N","commune":"Les Hauts-d'Anjou","code_insee":"49080","departement":"Maine-et-Loire","region":"Pays de la Loire"}},{"type":"Feature","geometry":{"type":"Point","coordinates":[-0.62192,47.65592]},"properties":{"latitude":"47.65592","longitude":"-0.62192","bright_ti4":"312.54","scan":"0.56","track":"0.43","acq_date":"2026-07-13","acq_time":"139","satellite":"N21","instrument":"VIIRS","confidence":"n","version":"2.0NRT","bright_ti5":"278.99","frp":"2.65","daynight":"N","commune":"Les Hauts-d'Anjou","code_insee":"49080","departement":"Maine-et-Loire","region":"Pays de la Loire"}},{"type":"Feature","geometry":{"type":"Point","coordinates":[-3.60125,47.97367]},"properties":{"latitude":"47.97367","longitude":"-3.60125","bright_ti4":"316.1","scan":"0.51","track":"0.49","acq_date":"2026-07-13","acq_time":"139","satellite":"N21","instrument":"VIIRS","confidence":"n","version":"2.0NRT","bright_ti5":"280","frp":"1.35","daynight":"N","commune":"Saint-Thurien","code_insee":"29269","departement":"Finistère","region":"Bretagne"}},{"type":"Feature","geometry":{"type":"Point","coordinates":[2.53976,48.35962]},"properties":{"latitude":"48.35962","longitude":"2.53976","bright_ti4":"302.98","scan":"0.72","track":"0.76","acq_date":"2026-07-13","acq_time":"317","satellite":"N21","instrument":"VIIRS","confidence":"n","version":"2.0NRT","bright_ti5":"268.37","frp":"2.2","daynight":"N","commune":"Le Vaudoué","code_insee":"77485","departement":"Seine-et-Marne","region":"Île-de-France"}},{"type":"Feature","geometry":{"type":"Point","coordinates":[2.53175,48.36261]},"properties":{"latitude":"48.36261","longitude":"2.53175","bright_ti4":"298.27","scan":"0.72","track":"0.76","acq_date":"2026-07-13","acq_time":"317","satellite":"N21","instrument":"VIIRS","confidence":"n","version":"2.0NRT","bright_ti5":"271.11","frp":"2.2","daynight":"N","commune":"Le Vaudoué","code_insee":"77485","departement":"Seine-et-Marne","region":"Île-de-France"}},{"type":"Feature","geometry":{"type":"Point","coordinates":[2.53686,48.36869]},"properties":{"latitude":"48.36869","longitude":"2.53686","bright_ti4":"296.15","scan":"0.72","track":"0.76","acq_date":"2026-07-13","acq_time":"317","satellite":"N21","instrument":"VIIRS","confidence":"n","version":"2.0NRT","bright_ti5":"266.99","frp":"2.6","daynight":"N","commune":"Le Vaudoué","code_insee":"77485","departement":"Seine-et-Marne","region":"Île-de-France"}},{"type":"Feature","geometry":{"type":"Point","coordinates":[2.57218,48.37152]},"properties":{"latitude":"48.37152","longitude":"2.57218","bright_ti4":"302.56","scan":"0.73","track":"0.76","acq_date":"2026-07-13","acq_time":"317","satellite":"N21","instrument":"VIIRS","confidence":"n","version":"2.0NRT","bright_ti5":"262.93","frp":"1.76","daynight":"N","commune":"Fontainebleau","code_insee":"77186","departement":"Seine-et-Marne","region":"Île-de-France"}},{"type":"Feature","geometry":{"type":"Point","coordinates":[2.52877,48.3717]},"properties":{"latitude":"48.3717","longitude":"2.52877","bright_ti4":"299.83","scan":"0.72","track":"0.76","acq_date":"2026-07-13","acq_time":"317","satellite":"N21","instrument":"VIIRS","confidence":"n","version":"2.0NRT","bright_ti5":"264.49","frp":"1.66","daynight":"N","commune":"Noisy-sur-École","code_insee":"77339","departement":"Seine-et-Marne","region":"Île-de-France"}},{"type":"Feature","geometry":{"type":"Point","coordinates":[2.54202,48.37475]},"properties":{"latitude":"48.37475","longitude":"2.54202","bright_ti4":"304.86","scan":"0.72","track":"0.76","acq_date":"2026-07-13","acq_time":"317","satellite":"N21","instrument":"VIIRS","confidence":"n","version":"2.0NRT","bright_ti5":"263.89","frp":"2.6","daynight":"N","commune":"Noisy-sur-École","code_insee":"77339","departement":"Seine-et-Marne","region":"Île-de-France"}},{"type":"Feature","geometry":{"type":"Point","coordinates":[2.53398,48.37775]},"properties":{"latitude":"48.37775","longitude":"2.53398","bright_ti4":"298.83","scan":"0.72","track":"0.76","acq_date":"2026-07-13","acq_time":"317","satellite":"N21","instrument":"VIIRS","confidence":"n","version":"2.0NRT","bright_ti5":"259.93","frp":"1.66","daynight":"N","commune":"Noisy-sur-École","code_insee":"77339","departement":"Seine-et-Marne","region":"Île-de-France"}},{"type":"Feature","geometry":{"type":"Point","coordinates":[2.54718,48.38082]},"properties":{"latitude":"48.38082","longitude":"2.54718","bright_ti4":"302.35","scan":"0.72","track":"0.76","acq_date":"2026-07-13","acq_time":"317","satellite":"N21","instrument":"VIIRS","confidence":"n","version":"2.0NRT","bright_ti5":"259.28","frp":"4.83","daynight":"N","commune":"Noisy-sur-École","code_insee":"77339","departement":"Seine-et-Marne","region":"Île-de-France"}},{"type":"Feature","geometry":{"type":"Point","coordinates":[4.53913,49.81141]},"properties":{"latitude":"49.81141","longitude":"4.53913","bright_ti4":"302.44","scan":"0.76","track":"0.77","acq_date":"2026-07-13","acq_time":"317","satellite":"N21","instrument":"VIIRS","confidence":"n","version":"2.0NRT","bright_ti5":"286.26","frp":"2.06","daynight":"N","commune":"Murtin-et-Bogny","code_insee":"08312","departement":"Ardennes","region":"Grand Est"}},{"type":"Feature","geometry":{"type":"Point","coordinates":[4.5387,49.81243]},"properties":{"latitude":"49.81243","longitude":"4.5387","bright_ti4":"307.08","scan":"0.76","track":"0.77","acq_date":"2026-07-13","acq_time":"317","satellite":"N21","instrument":"VIIRS","confidence":"n","version":"2.0NRT","bright_ti5":"286.76","frp":"2.54","daynight":"N","commune":"Murtin-et-Bogny","code_insee":"08312","departement":"Ardennes","region":"Grand Est"}},{"type":"Feature","geometry":{"type":"Point","coordinates":[4.52993,49.81504]},"properties":{"latitude":"49.81504","longitude":"4.52993","bright_ti4":"296.67","scan":"0.76","track":"0.77","acq_date":"2026-07-13","acq_time":"317","satellite":"N21","instrument":"VIIRS","confidence":"n","version":"2.0NRT","bright_ti5":"286.3","frp":"1.88","daynight":"N","commune":"Murtin-et-Bogny","code_insee":"08312","departement":"Ardennes","region":"Grand Est"}},{"type":"Feature","geometry":{"type":"Point","coordinates":[2.93455,50.37947]},"properties":{"latitude":"50.37947","longitude":"2.93455","bright_ti4":"302.6","scan":"0.63","track":"0.72","acq_date":"2026-07-13","acq_time":"317","satellite":"N21","instrument":"VIIRS","confidence":"n","version":"2.0NRT","bright_ti5":"286.06","frp":"1.35","daynight":"N","commune":"Izel-lès-Équerchin","code_insee":"62476","departement":"Pas-de-Calais","region":"Hauts-de-France"}},{"type":"Feature","geometry":{"type":"Point","coordinates":[2.28474,51.03214]},"properties":{"latitude":"51.03214","longitude":"2.28474","bright_ti4":"307.76","scan":"0.56","track":"0.69","acq_date":"2026-07-13","acq_time":"317","satellite":"N21","instrument":"VIIRS","confidence":"n","version":"2.0NRT","bright_ti5":"287.55","frp":"2.01","daynight":"N","commune":"Grande-Synthe","code_insee":"59271","departement":"Nord","region":"Hauts-de-France"}},{"type":"Feature","geometry":{"type":"Point","coordinates":[2.29155,51.0349]},"properties":{"latitude":"51.0349","longitude":"2.29155","bright_ti4":"302.84","scan":"0.56","track":"0.69","acq_date":"2026-07-13","acq_time":"317","satellite":"N21","instrument":"VIIRS","confidence":"n","version":"2.0NRT","bright_ti5":"286.87","frp":"1.59","daynight":"N","commune":"Grande-Synthe","code_insee":"59271","departement":"Nord","region":"Hauts-de-France"}},{"type":"Feature","geometry":{"type":"Point","coordinates":[2.28458,51.03741]},"properties":{"latitude":"51.03741","longitude":"2.28458","bright_ti4":"299.93","scan":"0.56","track":"0.69","acq_date":"2026-07-13","acq_time":"317","satellite":"N21","instrument":"VIIRS","confidence":"n","version":"2.0NRT","bright_ti5":"287.22","frp":"1.59","daynight":"N","commune":"Grande-Synthe","code_insee":"59271","departement":"Nord","region":"Hauts-de-France"}},{"type":"Feature","geometry":{"type":"Point","coordinates":[2.30168,51.04586]},"properties":{"latitude":"51.04586","longitude":"2.30168","bright_ti4":"303.57","scan":"0.56","track":"0.69","acq_date":"2026-07-13","acq_time":"317","satellite":"N21","instrument":"VIIRS","confidence":"n","version":"2.0NRT","bright_ti5":"287.09","frp":"1.91","daynight":"N","commune":"Grande-Synthe","code_insee":"59271","departement":"Nord","region":"Hauts-de-France"}},{"type":"Feature","geometry":{"type":"Point","coordinates":[2.29475,51.04835]},"properties":{"latitude":"51.04835","longitude":"2.29475","bright_ti4":"301.54","scan":"0.56","track":"0.69","acq_date":"2026-07-13","acq_time":"317","satellite":"N21","instrument":"VIIRS","confidence":"n","version":"2.0NRT","bright_ti5":"287.25","frp":"1.91","daynight":"N","commune":"Grande-Synthe","code_insee":"59271","departement":"Nord","region":"Hauts-de-France"}},{"type":"Feature","geometry":{"type":"Point","coordinates":[-0.61623,47.65535]},"properties":{"latitude":"47.65535","longitude":"-0.61623","bright_ti4":"298.35","scan":"0.57","track":"0.69","acq_date":"2026-07-13","acq_time":"319","satellite":"N21","instrument":"VIIRS","confidence":"n","version":"2.0NRT","bright_ti5":"278.22","frp":"2.06","daynight":"N","commune":"Les Hauts-d'Anjou","code_insee":"49080","departement":"Maine-et-Loire","region":"Pays de la Loire"}},{"type":"Feature","geometry":{"type":"Point","coordinates":[-2.31707,48.6744]},"properties":{"latitude":"48.6744","longitude":"-2.31707","bright_ti4":"322.88","scan":"0.45","track":"0.63","acq_date":"2026-07-13","acq_time":"319","satellite":"N21","instrument":"VIIRS","confidence":"n","version":"2.0NRT","bright_ti5":"287.61","frp":"2.46","daynight":"N","commune":"Plévenon","code_insee":"22201","departement":"Côtes-d'Armor","region":"Bretagne"}},{"type":"Feature","geometry":{"type":"Point","coordinates":[8.90382,42.32552]},"properties":{"latitude":"42.32552","longitude":"8.90382","bright_ti4":"337.67","scan":"0.42","track":"0.61","acq_date":"2026-07-13","acq_time":"1123","satellite":"N21","instrument":"VIIRS","confidence":"n","version":"2.0NRT","bright_ti5":"300.61","frp":"12.02","daynight":"D","commune":"Albertacce","code_insee":"2B007","departement":"Haute-Corse","region":"Corse"}},{"type":"Feature","geometry":{"type":"Point","coordinates":[8.90098,42.33003]},"properties":{"latitude":"42.33003","longitude":"8.90098","bright_ti4":"355.24","scan":"0.42","track":"0.61","acq_date":"2026-07-13","acq_time":"1123","satellite":"N21","instrument":"VIIRS","confidence":"n","version":"2.0NRT","bright_ti5":"302.48","frp":"16.8","daynight":"D","commune":"Albertacce","code_insee":"2B007","departement":"Haute-Corse","region":"Corse"}},{"type":"Feature","geometry":{"type":"Point","coordinates":[8.90016,42.33052]},"properties":{"latitude":"42.33052","longitude":"8.90016","bright_ti4":"367","scan":"0.42","track":"0.61","acq_date":"2026-07-13","acq_time":"1123","satellite":"N21","instrument":"VIIRS","confidence":"h","version":"2.0NRT","bright_ti5":"299.76","frp":"12.02","daynight":"D","commune":"Albertacce","code_insee":"2B007","departement":"Haute-Corse","region":"Corse"}},{"type":"Feature","geometry":{"type":"Point","coordinates":[8.90409,42.33093]},"properties":{"latitude":"42.33093","longitude":"8.90409","bright_ti4":"340.29","scan":"0.42","track":"0.61","acq_date":"2026-07-13","acq_time":"1123","satellite":"N21","instrument":"VIIRS","confidence":"n","version":"2.0NRT","bright_ti5":"298.61","frp":"16.8","daynight":"D","commune":"Albertacce","code_insee":"2B007","departement":"Haute-Corse","region":"Corse"}},{"type":"Feature","geometry":{"type":"Point","coordinates":[8.90323,42.3314]},"properties":{"latitude":"42.3314","longitude":"8.90323","bright_ti4":"340.22","scan":"0.42","track":"0.61","acq_date":"2026-07-13","acq_time":"1123","satellite":"N21","instrument":"VIIRS","confidence":"n","version":"2.0NRT","bright_ti5":"298.08","frp":"12.02","daynight":"D","commune":"Albertacce","code_insee":"2B007","departement":"Haute-Corse","region":"Corse"}},{"type":"Feature","geometry":{"type":"Point","coordinates":[3.35828,48.17787]},"properties":{"latitude":"48.17787","longitude":"3.35828","bright_ti4":"331.44","scan":"0.49","track":"0.65","acq_date":"2026-07-13","acq_time":"1125","satellite":"N21","instrument":"VIIRS","confidence":"n","version":"2.0NRT","bright_ti5":"299.79","frp":"4.32","daynight":"D","commune":"Malay-le-Petit","code_insee":"89240","departement":"Yonne","region":"Bourgogne-Franche-Comté"}},{"type":"Feature","geometry":{"type":"Point","coordinates":[3.3467,48.1785]},"properties":{"latitude":"48.1785","longitude":"3.3467","bright_ti4":"340.24","scan":"0.49","track":"0.65","acq_date":"2026-07-13","acq_time":"1125","satellite":"N21","instrument":"VIIRS","confidence":"n","version":"2.0NRT","bright_ti5":"301.08","frp":"8.51","daynight":"D","commune":"Malay-le-Grand","code_insee":"89239","departement":"Yonne","region":"Bourgogne-Franche-Comté"}},{"type":"Feature","geometry":{"type":"Point","coordinates":[3.34231,48.17938]},"properties":{"latitude":"48.17938","longitude":"3.34231","bright_ti4":"333.33","scan":"0.49","track":"0.65","acq_date":"2026-07-13","acq_time":"1125","satellite":"N21","instrument":"VIIRS","confidence":"n","version":"2.0NRT","bright_ti5":"300.52","frp":"8.21","daynight":"D","commune":"Malay-le-Grand","code_insee":"89239","departement":"Yonne","region":"Bourgogne-Franche-Comté"}},{"type":"Feature","geometry":{"type":"Point","coordinates":[3.353,48.18058]},"properties":{"latitude":"48.18058","longitude":"3.353","bright_ti4":"340.32","scan":"0.49","track":"0.65","acq_date":"2026-07-13","acq_time":"1125","satellite":"N21","instrument":"VIIRS","confidence":"n","version":"2.0NRT","bright_ti5":"301.69","frp":"11.69","daynight":"D","commune":"Malay-le-Petit","code_insee":"89240","departement":"Yonne","region":"Bourgogne-Franche-Comté"}},{"type":"Feature","geometry":{"type":"Point","coordinates":[3.34866,48.18143]},"properties":{"latitude":"48.18143","longitude":"3.34866","bright_ti4":"350.54","scan":"0.49","track":"0.65","acq_date":"2026-07-13","acq_time":"1125","satellite":"N21","instrument":"VIIRS","confidence":"n","version":"2.0NRT","bright_ti5":"303.59","frp":"10.11","daynight":"D","commune":"Malay-le-Grand","code_insee":"89239","departement":"Yonne","region":"Bourgogne-Franche-Comté"}},{"type":"Feature","geometry":{"type":"Point","coordinates":[3.33701,48.18201]},"properties":{"latitude":"48.18201","longitude":"3.33701","bright_ti4":"332.82","scan":"0.49","track":"0.65","acq_date":"2026-07-13","acq_time":"1125","satellite":"N21","instrument":"VIIRS","confidence":"n","version":"2.0NRT","bright_ti5":"302.06","frp":"8.51","daynight":"D","commune":"Malay-le-Grand","code_insee":"89239","departement":"Yonne","region":"Bourgogne-Franche-Comté"}},{"type":"Feature","geometry":{"type":"Point","coordinates":[3.33251,48.18289]},"properties":{"latitude":"48.18289","longitude":"3.33251","bright_ti4":"343.7","scan":"0.49","track":"0.65","acq_date":"2026-07-13","acq_time":"1125","satellite":"N21","instrument":"VIIRS","confidence":"n","version":"2.0NRT","bright_ti5":"301.26","frp":"8.21","daynight":"D","commune":"Malay-le-Grand","code_insee":"89239","departement":"Yonne","region":"Bourgogne-Franche-Comté"}},{"type":"Feature","geometry":{"type":"Point","coordinates":[3.3434,48.18412]},"properties":{"latitude":"48.18412","longitude":"3.3434","bright_ti4":"367","scan":"0.49","track":"0.65","acq_date":"2026-07-13","acq_time":"1125","satellite":"N21","instrument":"VIIRS","confidence":"h","version":"2.0NRT","bright_ti5":"305.63","frp":"8.51","daynight":"D","commune":"Malay-le-Grand","code_insee":"89239","departement":"Yonne","region":"Bourgogne-Franche-Comté"}},{"type":"Feature","geometry":{"type":"Point","coordinates":[3.3388,48.18493]},"properties":{"latitude":"48.18493","longitude":"3.3388","bright_ti4":"347.34","scan":"0.49","track":"0.65","acq_date":"2026-07-13","acq_time":"1125","satellite":"N21","instrument":"VIIRS","confidence":"n","version":"2.0NRT","bright_ti5":"304.53","frp":"8.21","daynight":"D","commune":"Malay-le-Grand","code_insee":"89239","departement":"Yonne","region":"Bourgogne-Franche-Comté"}},{"type":"Feature","geometry":{"type":"Point","coordinates":[3.34539,48.18706]},"properties":{"latitude":"48.18706","longitude":"3.34539","bright_ti4":"330.39","scan":"0.49","track":"0.65","acq_date":"2026-07-13","acq_time":"1125","satellite":"N21","instrument":"VIIRS","confidence":"l","version":"2.0NRT","bright_ti5":"301.78","frp":"10.11","daynight":"D","commune":"Malay-le-Grand","code_insee":"89239","departement":"Yonne","region":"Bourgogne-Franche-Comté"}},{"type":"Feature","geometry":{"type":"Point","coordinates":[3.32583,48.19844]},"properties":{"latitude":"48.19844","longitude":"3.32583","bright_ti4":"367","scan":"0.49","track":"0.65","acq_date":"2026-07-13","acq_time":"1125","satellite":"N21","instrument":"VIIRS","confidence":"h","version":"2.0NRT","bright_ti5":"304.42","frp":"10.56","daynight":"D","commune":"Sens","code_insee":"89387","departement":"Yonne","region":"Bourgogne-Franche-Comté"}},{"type":"Feature","geometry":{"type":"Point","coordinates":[3.33203,48.20048]},"properties":{"latitude":"48.20048","longitude":"3.33203","bright_ti4":"332.83","scan":"0.49","track":"0.65","acq_date":"2026-07-13","acq_time":"1125","satellite":"N21","instrument":"VIIRS","confidence":"n","version":"2.0NRT","bright_ti5":"300.7","frp":"10.56","daynight":"D","commune":"Sens","code_insee":"89387","departement":"Yonne","region":"Bourgogne-Franche-Comté"}},{"type":"Feature","geometry":{"type":"Point","coordinates":[2.53901,48.36181]},"properties":{"latitude":"48.36181","longitude":"2.53901","bright_ti4":"331","scan":"0.52","track":"0.67","acq_date":"2026-07-13","acq_time":"1125","satellite":"N21","instrument":"VIIRS","confidence":"n","version":"2.0NRT","bright_ti5":"298.51","frp":"12.39","daynight":"D","commune":"Le Vaudoué","code_insee":"77485","departement":"Seine-et-Marne","region":"Île-de-France"}},{"type":"Feature","geometry":{"type":"Point","coordinates":[2.54549,48.36398]},"properties":{"latitude":"48.36398","longitude":"2.54549","bright_ti4":"367","scan":"0.52","track":"0.67","acq_date":"2026-07-13","acq_time":"1125","satellite":"N21","instrument":"VIIRS","confidence":"h","version":"2.0NRT","bright_ti5":"300.43","frp":"12.39","daynight":"D","commune":"Le Vaudoué","code_insee":"77485","departement":"Seine-et-Marne","region":"Île-de-France"}},{"type":"Feature","geometry":{"type":"Point","coordinates":[2.51764,48.36979]},"properties":{"latitude":"48.36979","longitude":"2.51764","bright_ti4":"331.69","scan":"0.52","track":"0.67","acq_date":"2026-07-13","acq_time":"1125","satellite":"N21","instrument":"VIIRS","confidence":"n","version":"2.0NRT","bright_ti5":"295.64","frp":"13.55","daynight":"D","commune":"Noisy-sur-École","code_insee":"77339","departement":"Seine-et-Marne","region":"Île-de-France"}},{"type":"Feature","geometry":{"type":"Point","coordinates":[2.52396,48.37058]},"properties":{"latitude":"48.37058","longitude":"2.52396","bright_ti4":"339.2","scan":"0.52","track":"0.67","acq_date":"2026-07-13","acq_time":"1125","satellite":"N21","instrument":"VIIRS","confidence":"n","version":"2.0NRT","bright_ti5":"297.68","frp":"38.32","daynight":"D","commune":"Noisy-sur-École","code_insee":"77339","departement":"Seine-et-Marne","region":"Île-de-France"}},{"type":"Feature","geometry":{"type":"Point","coordinates":[2.52397,48.37193]},"properties":{"latitude":"48.37193","longitude":"2.52397","bright_ti4":"367","scan":"0.52","track":"0.67","acq_date":"2026-07-13","acq_time":"1125","satellite":"N21","instrument":"VIIRS","confidence":"h","version":"2.0NRT","bright_ti5":"300.12","frp":"24.65","daynight":"D","commune":"Noisy-sur-École","code_insee":"77339","departement":"Seine-et-Marne","region":"Île-de-France"}},{"type":"Feature","geometry":{"type":"Point","coordinates":[2.51353,48.374]},"properties":{"latitude":"48.374","longitude":"2.51353","bright_ti4":"353.2","scan":"0.52","track":"0.67","acq_date":"2026-07-13","acq_time":"1125","satellite":"N21","instrument":"VIIRS","confidence":"n","version":"2.0NRT","bright_ti5":"298.45","frp":"38.32","daynight":"D","commune":"Noisy-sur-École","code_insee":"77339","departement":"Seine-et-Marne","region":"Île-de-France"}},{"type":"Feature","geometry":{"type":"Point","coordinates":[2.53028,48.37407]},"properties":{"latitude":"48.37407","longitude":"2.53028","bright_ti4":"367","scan":"0.52","track":"0.67","acq_date":"2026-07-13","acq_time":"1125","satellite":"N21","instrument":"VIIRS","confidence":"h","version":"2.0NRT","bright_ti5":"301.34","frp":"24.65","daynight":"D","commune":"Noisy-sur-École","code_insee":"77339","departement":"Seine-et-Marne","region":"Île-de-France"}},{"type":"Feature","geometry":{"type":"Point","coordinates":[2.57747,48.37463]},"properties":{"latitude":"48.37463","longitude":"2.57747","bright_ti4":"350.44","scan":"0.52","track":"0.67","acq_date":"2026-07-13","acq_time":"1125","satellite":"N21","instrument":"VIIRS","confidence":"n","version":"2.0NRT","bright_ti5":"300.51","frp":"19.15","daynight":"D","commune":"Fontainebleau","code_insee":"77186","departement":"Seine-et-Marne","region":"Île-de-France"}},{"type":"Feature","geometry":{"type":"Point","coordinates":[2.5136,48.37534]},"properties":{"latitude":"48.37534","longitude":"2.5136","bright_ti4":"353.97","scan":"0.52","track":"0.67","acq_date":"2026-07-13","acq_time":"1125","satellite":"N21","instrument":"VIIRS","confidence":"n","version":"2.0NRT","bright_ti5":"299.91","frp":"43.07","daynight":"D","commune":"Noisy-sur-École","code_insee":"77339","departement":"Seine-et-Marne","region":"Île-de-France"}},{"type":"Feature","geometry":{"type":"Point","coordinates":[2.51986,48.37611]},"properties":{"latitude":"48.37611","longitude":"2.51986","bright_ti4":"367","scan":"0.52","track":"0.67","acq_date":"2026-07-13","acq_time":"1125","satellite":"N21","instrument":"VIIRS","confidence":"h","version":"2.0NRT","bright_ti5":"308.41","frp":"38.32","daynight":"D","commune":"Noisy-sur-École","code_insee":"77339","departement":"Seine-et-Marne","region":"Île-de-France"}},{"type":"Feature","geometry":{"type":"Point","coordinates":[2.53676,48.37627]},"properties":{"latitude":"48.37627","longitude":"2.53676","bright_ti4":"348.1","scan":"0.52","track":"0.67","acq_date":"2026-07-13","acq_time":"1125","satellite":"N21","instrument":"VIIRS","confidence":"n","version":"2.0NRT","bright_ti5":"300.2","frp":"21.39","daynight":"D","commune":"Noisy-sur-École","code_insee":"77339","departement":"Seine-et-Marne","region":"Île-de-France"}},{"type":"Feature","geometry":{"type":"Point","coordinates":[2.54343,48.37707]},"properties":{"latitude":"48.37707","longitude":"2.54343","bright_ti4":"332.51","scan":"0.52","track":"0.67","acq_date":"2026-07-13","acq_time":"1125","satellite":"N21","instrument":"VIIRS","confidence":"n","version":"2.0NRT","bright_ti5":"299.51","frp":"13.89","daynight":"D","commune":"Noisy-sur-École","code_insee":"77339","departement":"Seine-et-Marne","region":"Île-de-France"}},{"type":"Feature","geometry":{"type":"Point","coordinates":[2.51989,48.37747]},"properties":{"latitude":"48.37747","longitude":"2.51989","bright_ti4":"367","scan":"0.52","track":"0.67","acq_date":"2026-07-13","acq_time":"1125","satellite":"N21","instrument":"VIIRS","confidence":"h","version":"2.0NRT","bright_ti5":"303.04","frp":"203.22","daynight":"D","commune":"Noisy-sur-École","code_insee":"77339","departement":"Seine-et-Marne","region":"Île-de-France"}},{"type":"Feature","geometry":{"type":"Point","coordinates":[2.52618,48.37822]},"properties":{"latitude":"48.37822","longitude":"2.52618","bright_ti4":"207.38","scan":"0.52","track":"0.67","acq_date":"2026-07-13","acq_time":"1125","satellite":"N21","instrument":"VIIRS","confidence":"l","version":"2.0NRT","bright_ti5":"312.76","frp":"129.68","daynight":"D","commune":"Noisy-sur-École","code_insee":"77339","departement":"Seine-et-Marne","region":"Île-de-France"}},{"type":"Feature","geometry":{"type":"Point","coordinates":[2.54333,48.37849]},"properties":{"latitude":"48.37849","longitude":"2.54333","bright_ti4":"367","scan":"0.52","track":"0.67","acq_date":"2026-07-13","acq_time":"1125","satellite":"N21","instrument":"VIIRS","confidence":"h","version":"2.0NRT","bright_ti5":"301.38","frp":"21.39","daynight":"D","commune":"Noisy-sur-École","code_insee":"77339","departement":"Seine-et-Marne","region":"Île-de-France"}},{"type":"Feature","geometry":{"type":"Point","coordinates":[2.54994,48.37923]},"properties":{"latitude":"48.37923","longitude":"2.54994","bright_ti4":"342.6","scan":"0.52","track":"0.67","acq_date":"2026-07-13","acq_time":"1125","satellite":"N21","instrument":"VIIRS","confidence":"n","version":"2.0NRT","bright_ti5":"300.44","frp":"13.89","daynight":"D","commune":"Noisy-sur-École","code_insee":"77339","departement":"Seine-et-Marne","region":"Île-de-France"}},{"type":"Feature","geometry":{"type":"Point","coordinates":[2.56674,48.37952]},"properties":{"latitude":"48.37952","longitude":"2.56674","bright_ti4":"353.2","scan":"0.52","track":"0.67","acq_date":"2026-07-13","acq_time":"1125","satellite":"N21","instrument":"VIIRS","confidence":"n","version":"2.0NRT","bright_ti5":"301.84","frp":"21.55","daynight":"D","commune":"Noisy-sur-École","code_insee":"77339","departement":"Seine-et-Marne","region":"Île-de-France"}},{"type":"Feature","geometry":{"type":"Point","coordinates":[2.53262,48.38036]},"properties":{"latitude":"48.38036","longitude":"2.53262","bright_ti4":"367","scan":"0.52","track":"0.67","acq_date":"2026-07-13","acq_time":"1125","satellite":"N21","instrument":"VIIRS","confidence":"h","version":"2.0NRT","bright_ti5":"301.67","frp":"129.68","daynight":"D","commune":"Noisy-sur-École","code_insee":"77339","departement":"Seine-et-Marne","region":"Île-de-France"}},{"type":"Feature","geometry":{"type":"Point","coordinates":[2.5498,48.38068]},"properties":{"latitude":"48.38068","longitude":"2.5498","bright_ti4":"367","scan":"0.52","track":"0.67","acq_date":"2026-07-13","acq_time":"1125","satellite":"N21","instrument":"VIIRS","confidence":"h","version":"2.0NRT","bright_ti5":"302.52","frp":"32.54","daynight":"D","commune":"Noisy-sur-École","code_insee":"77339","departement":"Seine-et-Marne","region":"Île-de-France"}},{"type":"Feature","geometry":{"type":"Point","coordinates":[2.5563,48.38135]},"properties":{"latitude":"48.38135","longitude":"2.5563","bright_ti4":"342.98","scan":"0.52","track":"0.67","acq_date":"2026-07-13","acq_time":"1125","satellite":"N21","instrument":"VIIRS","confidence":"n","version":"2.0NRT","bright_ti5":"299.71","frp":"37.4","daynight":"D","commune":"Noisy-sur-École","code_insee":"77339","departement":"Seine-et-Marne","region":"Île-de-France"}},{"type":"Feature","geometry":{"type":"Point","coordinates":[2.57302,48.38165]},"properties":{"latitude":"48.38165","longitude":"2.57302","bright_ti4":"367","scan":"0.52","track":"0.67","acq_date":"2026-07-13","acq_time":"1125","satellite":"N21","instrument":"VIIRS","confidence":"h","version":"2.0NRT","bright_ti5":"303.38","frp":"21.55","daynight":"D","commune":"Fontainebleau","code_insee":"77186","departement":"Seine-et-Marne","region":"Île-de-France"}},{"type":"Feature","geometry":{"type":"Point","coordinates":[2.53269,48.3818]},"properties":{"latitude":"48.3818","longitude":"2.53269","bright_ti4":"367","scan":"0.52","track":"0.67","acq_date":"2026-07-13","acq_time":"1125","satellite":"N21","instrument":"VIIRS","confidence":"h","version":"2.0NRT","bright_ti5":"297.64","frp":"85.98","daynight":"D","commune":"Noisy-sur-École","code_insee":"77339","departement":"Seine-et-Marne","region":"Île-de-France"}},{"type":"Feature","geometry":{"type":"Point","coordinates":[2.53924,48.38256]},"properties":{"latitude":"48.38256","longitude":"2.53924","bright_ti4":"367","scan":"0.52","track":"0.67","acq_date":"2026-07-13","acq_time":"1125","satellite":"N21","instrument":"VIIRS","confidence":"h","version":"2.0NRT","bright_ti5":"298.94","frp":"13.89","daynight":"D","commune":"Noisy-sur-École","code_insee":"77339","departement":"Seine-et-Marne","region":"Île-de-France"}},{"type":"Feature","geometry":{"type":"Point","coordinates":[2.5561,48.38282]},"properties":{"latitude":"48.38282","longitude":"2.5561","bright_ti4":"354.23","scan":"0.52","track":"0.67","acq_date":"2026-07-13","acq_time":"1125","satellite":"N21","instrument":"VIIRS","confidence":"n","version":"2.0NRT","bright_ti5":"300.85","frp":"32.54","daynight":"D","commune":"Noisy-sur-École","code_insee":"77339","departement":"Seine-et-Marne","region":"Île-de-France"}},{"type":"Feature","geometry":{"type":"Point","coordinates":[2.56257,48.38343]},"properties":{"latitude":"48.38343","longitude":"2.56257","bright_ti4":"367","scan":"0.52","track":"0.67","acq_date":"2026-07-13","acq_time":"1125","satellite":"N21","instrument":"VIIRS","confidence":"h","version":"2.0NRT","bright_ti5":"309.69","frp":"37.4","daynight":"D","commune":"Noisy-sur-École","code_insee":"77339","departement":"Seine-et-Marne","region":"Île-de-France"}},{"type":"Feature","geometry":{"type":"Point","coordinates":[2.54579,48.38474]},"properties":{"latitude":"48.38474","longitude":"2.54579","bright_ti4":"349.28","scan":"0.52","track":"0.67","acq_date":"2026-07-13","acq_time":"1125","satellite":"N21","instrument":"VIIRS","confidence":"n","version":"2.0NRT","bright_ti5":"298.58","frp":"13.89","daynight":"D","commune":"Noisy-sur-École","code_insee":"77339","departement":"Seine-et-Marne","region":"Île-de-France"}},{"type":"Feature","geometry":{"type":"Point","coordinates":[2.56229,48.38491]},"properties":{"latitude":"48.38491","longitude":"2.56229","bright_ti4":"367","scan":"0.52","track":"0.67","acq_date":"2026-07-13","acq_time":"1125","satellite":"N21","instrument":"VIIRS","confidence":"h","version":"2.0NRT","bright_ti5":"304.88","frp":"21.55","daynight":"D","commune":"Noisy-sur-École","code_insee":"77339","departement":"Seine-et-Marne","region":"Île-de-France"}},{"type":"Feature","geometry":{"type":"Point","coordinates":[2.56889,48.38554]},"properties":{"latitude":"48.38554","longitude":"2.56889","bright_ti4":"367","scan":"0.52","track":"0.67","acq_date":"2026-07-13","acq_time":"1125","satellite":"N21","instrument":"VIIRS","confidence":"h","version":"2.0NRT","bright_ti5":"304.04","frp":"27.48","daynight":"D","commune":"Noisy-sur-École","code_insee":"77339","departement":"Seine-et-Marne","region":"Île-de-France"}},{"type":"Feature","geometry":{"type":"Point","coordinates":[2.56861,48.38705]},"properties":{"latitude":"48.38705","longitude":"2.56861","bright_ti4":"351.5","scan":"0.52","track":"0.67","acq_date":"2026-07-13","acq_time":"1125","satellite":"N21","instrument":"VIIRS","confidence":"n","version":"2.0NRT","bright_ti5":"298.21","frp":"21.55","daynight":"D","commune":"Noisy-sur-École","code_insee":"77339","departement":"Seine-et-Marne","region":"Île-de-France"}},{"type":"Feature","geometry":{"type":"Point","coordinates":[2.57528,48.38766]},"properties":{"latitude":"48.38766","longitude":"2.57528","bright_ti4":"331.82","scan":"0.52","track":"0.67","acq_date":"2026-07-13","acq_time":"1125","satellite":"N21","instrument":"VIIRS","confidence":"n","version":"2.0NRT","bright_ti5":"297.68","frp":"27.48","daynight":"D","commune":"Arbonne-la-Forêt","code_insee":"77006","departement":"Seine-et-Marne","region":"Île-de-France"}},{"type":"Feature","geometry":{"type":"Point","coordinates":[1.43626,48.45643]},"properties":{"latitude":"48.45643","longitude":"1.43626","bright_ti4":"337.06","scan":"0.58","track":"0.69","acq_date":"2026-07-13","acq_time":"1125","satellite":"N21","instrument":"VIIRS","confidence":"n","version":"2.0NRT","bright_ti5":"295.33","frp":"13.67","daynight":"D","commune":"Mainvilliers","code_insee":"28229","departement":"Eure-et-Loir","region":"Centre-Val de Loire"}},{"type":"Feature","geometry":{"type":"Point","coordinates":[1.44317,48.45882]},"properties":{"latitude":"48.45882","longitude":"1.44317","bright_ti4":"367","scan":"0.57","track":"0.69","acq_date":"2026-07-13","acq_time":"1125","satellite":"N21","instrument":"VIIRS","confidence":"h","version":"2.0NRT","bright_ti5":"296.85","frp":"13.67","daynight":"D","commune":"Mainvilliers","code_insee":"28229","departement":"Eure-et-Loir","region":"Centre-Val de Loire"}},{"type":"Feature","geometry":{"type":"Point","coordinates":[-0.42531,42.94889]},"properties":{"latitude":"42.94889","longitude":"-0.42531","bright_ti4":"332.61","scan":"0.41","track":"0.37","acq_date":"2026-07-13","acq_time":"1304","satellite":"N21","instrument":"VIIRS","confidence":"n","version":"2.0NRT","bright_ti5":"300.52","frp":"11.39","daynight":"D","commune":"Laruns","code_insee":"64320","departement":"Pyrénées-Atlantiques","region":"Nouvelle-Aquitaine"}},{"type":"Feature","geometry":{"type":"Point","coordinates":[-0.43642,42.95786]},"properties":{"latitude":"42.95786","longitude":"-0.43642","bright_ti4":"334.51","scan":"0.41","track":"0.37","acq_date":"2026-07-13","acq_time":"1304","satellite":"N21","instrument":"VIIRS","confidence":"n","version":"2.0NRT","bright_ti5":"298.92","frp":"5.7","daynight":"D","commune":"Laruns","code_insee":"64320","departement":"Pyrénées-Atlantiques","region":"Nouvelle-Aquitaine"}},{"type":"Feature","geometry":{"type":"Point","coordinates":[-0.43269,42.96184]},"properties":{"latitude":"42.96184","longitude":"-0.43269","bright_ti4":"330.41","scan":"0.41","track":"0.37","acq_date":"2026-07-13","acq_time":"1304","satellite":"N21","instrument":"VIIRS","confidence":"n","version":"2.0NRT","bright_ti5":"298.4","frp":"5.1","daynight":"D","commune":"Laruns","code_insee":"64320","departement":"Pyrénées-Atlantiques","region":"Nouvelle-Aquitaine"}},{"type":"Feature","geometry":{"type":"Point","coordinates":[5.00339,43.37906]},"properties":{"latitude":"43.37906","longitude":"5.00339","bright_ti4":"335.53","scan":"0.45","track":"0.47","acq_date":"2026-07-13","acq_time":"1304","satellite":"N21","instrument":"VIIRS","confidence":"n","version":"2.0NRT","bright_ti5":"294.42","frp":"11.68","daynight":"D","commune":"Martigues","code_insee":"13056","departement":"Bouches-du-Rhône","region":"Provence-Alpes-Côte d'Azur"}},{"type":"Feature","geometry":{"type":"Point","coordinates":[5.00101,43.38182]},"properties":{"latitude":"43.38182","longitude":"5.00101","bright_ti4":"341.25","scan":"0.45","track":"0.47","acq_date":"2026-07-13","acq_time":"1304","satellite":"N21","instrument":"VIIRS","confidence":"n","version":"2.0NRT","bright_ti5":"290.19","frp":"8.92","daynight":"D","commune":"Martigues","code_insee":"13056","departement":"Bouches-du-Rhône","region":"Provence-Alpes-Côte d'Azur"}},{"type":"Feature","geometry":{"type":"Point","coordinates":[3.46287,47.0158]},"properties":{"latitude":"47.0158","longitude":"3.46287","bright_ti4":"347.29","scan":"0.41","track":"0.45","acq_date":"2026-07-13","acq_time":"1306","satellite":"N21","instrument":"VIIRS","confidence":"n","version":"2.0NRT","bright_ti5":"309.34","frp":"5.37","daynight":"D","commune":"Billy-Chevannes","code_insee":"58031","departement":"Nièvre","region":"Bourgogne-Franche-Comté"}},{"type":"Feature","geometry":{"type":"Point","coordinates":[3.46833,47.01625]},"properties":{"latitude":"47.01625","longitude":"3.46833","bright_ti4":"333.18","scan":"0.42","track":"0.45","acq_date":"2026-07-13","acq_time":"1306","satellite":"N21","instrument":"VIIRS","confidence":"l","version":"2.0NRT","bright_ti5":"307.09","frp":"5.37","daynight":"D","commune":"Billy-Chevannes","code_insee":"58031","departement":"Nièvre","region":"Bourgogne-Franche-Comté"}},{"type":"Feature","geometry":{"type":"Point","coordinates":[3.46197,47.01991]},"properties":{"latitude":"47.01991","longitude":"3.46197","bright_ti4":"344.4","scan":"0.41","track":"0.45","acq_date":"2026-07-13","acq_time":"1306","satellite":"N21","instrument":"VIIRS","confidence":"n","version":"2.0NRT","bright_ti5":"306.56","frp":"7.41","daynight":"D","commune":"Billy-Chevannes","code_insee":"58031","departement":"Nièvre","region":"Bourgogne-Franche-Comté"}},{"type":"Feature","geometry":{"type":"Point","coordinates":[3.46749,47.02037]},"properties":{"latitude":"47.02037","longitude":"3.46749","bright_ti4":"338.3","scan":"0.42","track":"0.45","acq_date":"2026-07-13","acq_time":"1306","satellite":"N21","instrument":"VIIRS","confidence":"n","version":"2.0NRT","bright_ti5":"304.84","frp":"7.41","daynight":"D","commune":"Billy-Chevannes","code_insee":"58031","departement":"Nièvre","region":"Bourgogne-Franche-Comté"}},{"type":"Feature","geometry":{"type":"Point","coordinates":[-1.59251,47.1611]},"properties":{"latitude":"47.1611","longitude":"-1.59251","bright_ti4":"338.06","scan":"0.41","track":"0.37","acq_date":"2026-07-13","acq_time":"1306","satellite":"N21","instrument":"VIIRS","confidence":"l","version":"2.0NRT","bright_ti5":"312.86","frp":"4.25","daynight":"D","commune":"Bouguenais","code_insee":"44020","departement":"Loire-Atlantique","region":"Pays de la Loire"}},{"type":"Feature","geometry":{"type":"Point","coordinates":[-0.67391,47.44807]},"properties":{"latitude":"47.44807","longitude":"-0.67391","bright_ti4":"339.11","scan":"0.44","track":"0.38","acq_date":"2026-07-13","acq_time":"1306","satellite":"N21","instrument":"VIIRS","confidence":"n","version":"2.0NRT","bright_ti5":"309.97","frp":"1.6","daynight":"D","commune":"Saint-Martin-du-Fouilloux","code_insee":"49306","departement":"Maine-et-Loire","region":"Pays de la Loire"}},{"type":"Feature","geometry":{"type":"Point","coordinates":[-1.72945,47.62405]},"properties":{"latitude":"47.62405","longitude":"-1.72945","bright_ti4":"332.83","scan":"0.41","track":"0.37","acq_date":"2026-07-13","acq_time":"1306","satellite":"N21","instrument":"VIIRS","confidence":"l","version":"2.0NRT","bright_ti5":"306.31","frp":"2.7","daynight":"D","commune":"Conquereuil","code_insee":"44044","departement":"Loire-Atlantique","region":"Pays de la Loire"}},{"type":"Feature","geometry":{"type":"Point","coordinates":[0.38853,47.64576]},"properties":{"latitude":"47.64576","longitude":"0.38853","bright_ti4":"338.75","scan":"0.48","track":"0.4","acq_date":"2026-07-13","acq_time":"1306","satellite":"N21","instrument":"VIIRS","confidence":"n","version":"2.0NRT","bright_ti5":"308.33","frp":"3.73","daynight":"D","commune":"Nogent-sur-Loir","code_insee":"72221","departement":"Sarthe","region":"Pays de la Loire"}},{"type":"Feature","geometry":{"type":"Point","coordinates":[2.43832,48.26941]},"properties":{"latitude":"48.26941","longitude":"2.43832","bright_ti4":"347.67","scan":"0.39","track":"0.44","acq_date":"2026-07-13","acq_time":"1306","satellite":"N21","instrument":"VIIRS","confidence":"n","version":"2.0NRT","bright_ti5":"312.62","frp":"15.04","daynight":"D","commune":"Buthiers","code_insee":"77060","departement":"Seine-et-Marne","region":"Île-de-France"}},{"type":"Feature","geometry":{"type":"Point","coordinates":[2.54652,48.3575]},"properties":{"latitude":"48.3575","longitude":"2.54652","bright_ti4":"334.43","scan":"0.39","track":"0.44","acq_date":"2026-07-13","acq_time":"1306","satellite":"N21","instrument":"VIIRS","confidence":"l","version":"2.0NRT","bright_ti5":"304.85","frp":"36.28","daynight":"D","commune":"Le Vaudoué","code_insee":"77485","departement":"Seine-et-Marne","region":"Île-de-France"}},{"type":"Feature","geometry":{"type":"Point","coordinates":[2.53528,48.3606]},"properties":{"latitude":"48.3606","longitude":"2.53528","bright_ti4":"349.47","scan":"0.39","track":"0.44","acq_date":"2026-07-13","acq_time":"1306","satellite":"N21","instrument":"VIIRS","confidence":"n","version":"2.0NRT","bright_ti5":"311.71","frp":"30.67","daynight":"D","commune":"Le Vaudoué","code_insee":"77485","departement":"Seine-et-Marne","region":"Île-de-France"}},{"type":"Feature","geometry":{"type":"Point","coordinates":[2.54048,48.36106]},"properties":{"latitude":"48.36106","longitude":"2.54048","bright_ti4":"349.93","scan":"0.39","track":"0.44","acq_date":"2026-07-13","acq_time":"1306","satellite":"N21","instrument":"VIIRS","confidence":"n","version":"2.0NRT","bright_ti5":"318.88","frp":"30.67","daynight":"D","commune":"Le Vaudoué","code_insee":"77485","departement":"Seine-et-Marne","region":"Île-de-France"}},{"type":"Feature","geometry":{"type":"Point","coordinates":[2.54572,48.36152]},"properties":{"latitude":"48.36152","longitude":"2.54572","bright_ti4":"367","scan":"0.39","track":"0.44","acq_date":"2026-07-13","acq_time":"1306","satellite":"N21","instrument":"VIIRS","confidence":"l","version":"2.0NRT","bright_ti5":"329.44","frp":"36.28","daynight":"D","commune":"Le Vaudoué","code_insee":"77485","departement":"Seine-et-Marne","region":"Île-de-France"}},{"type":"Feature","geometry":{"type":"Point","coordinates":[2.57654,48.36831]},"properties":{"latitude":"48.36831","longitude":"2.57654","bright_ti4":"350.65","scan":"0.39","track":"0.44","acq_date":"2026-07-13","acq_time":"1306","satellite":"N21","instrument":"VIIRS","confidence":"n","version":"2.0NRT","bright_ti5":"304.61","frp":"20.53","daynight":"D","commune":"Fontainebleau","code_insee":"77186","departement":"Seine-et-Marne","region":"Île-de-France"}},{"type":"Feature","geometry":{"type":"Point","coordinates":[2.51198,48.37081]},"properties":{"latitude":"48.37081","longitude":"2.51198","bright_ti4":"342.65","scan":"0.39","track":"0.44","acq_date":"2026-07-13","acq_time":"1306","satellite":"N21","instrument":"VIIRS","confidence":"n","version":"2.0NRT","bright_ti5":"305.63","frp":"27.2","daynight":"D","commune":"Noisy-sur-École","code_insee":"77339","departement":"Seine-et-Marne","region":"Île-de-France"}},{"type":"Feature","geometry":{"type":"Point","coordinates":[2.51724,48.37127]},"properties":{"latitude":"48.37127","longitude":"2.51724","bright_ti4":"367","scan":"0.39","track":"0.44","acq_date":"2026-07-13","acq_time":"1306","satellite":"N21","instrument":"VIIRS","confidence":"h","version":"2.0NRT","bright_ti5":"307.89","frp":"27.2","daynight":"D","commune":"Noisy-sur-École","code_insee":"77339","departement":"Seine-et-Marne","region":"Île-de-France"}},{"type":"Feature","geometry":{"type":"Point","coordinates":[2.52251,48.37174]},"properties":{"latitude":"48.37174","longitude":"2.52251","bright_ti4":"353.56","scan":"0.39","track":"0.44","acq_date":"2026-07-13","acq_time":"1306","satellite":"N21","instrument":"VIIRS","confidence":"n","version":"2.0NRT","bright_ti5":"306.33","frp":"14.71","daynight":"D","commune":"Noisy-sur-École","code_insee":"77339","departement":"Seine-et-Marne","region":"Île-de-France"}},{"type":"Feature","geometry":{"type":"Point","coordinates":[2.52779,48.3722]},"properties":{"latitude":"48.3722","longitude":"2.52779","bright_ti4":"336.69","scan":"0.39","track":"0.44","acq_date":"2026-07-13","acq_time":"1306","satellite":"N21","instrument":"VIIRS","confidence":"n","version":"2.0NRT","bright_ti5":"305.98","frp":"14.71","daynight":"D","commune":"Noisy-sur-École","code_insee":"77339","departement":"Seine-et-Marne","region":"Île-de-France"}},{"type":"Feature","geometry":{"type":"Point","coordinates":[2.57573,48.37234]},"properties":{"latitude":"48.37234","longitude":"2.57573","bright_ti4":"353.86","scan":"0.39","track":"0.44","acq_date":"2026-07-13","acq_time":"1306","satellite":"N21","instrument":"VIIRS","confidence":"n","version":"2.0NRT","bright_ti5":"319.55","frp":"20.53","daynight":"D","commune":"Fontainebleau","code_insee":"77186","departement":"Seine-et-Marne","region":"Île-de-France"}},{"type":"Feature","geometry":{"type":"Point","coordinates":[2.58103,48.3728]},"properties":{"latitude":"48.3728","longitude":"2.58103","bright_ti4":"341.6","scan":"0.39","track":"0.44","acq_date":"2026-07-13","acq_time":"1306","satellite":"N21","instrument":"VIIRS","confidence":"n","version":"2.0NRT","bright_ti5":"306.71","frp":"20.53","daynight":"D","commune":"Fontainebleau","code_insee":"77186","departement":"Seine-et-Marne","region":"Île-de-France"}},{"type":"Feature","geometry":{"type":"Point","coordinates":[2.51116,48.37482]},"properties":{"latitude":"48.37482","longitude":"2.51116","bright_ti4":"354.78","scan":"0.39","track":"0.44","acq_date":"2026-07-13","acq_time":"1306","satellite":"N21","instrument":"VIIRS","confidence":"n","version":"2.0NRT","bright_ti5":"307.4","frp":"27.2","daynight":"D","commune":"Noisy-sur-École","code_insee":"77339","departement":"Seine-et-Marne","region":"Île-de-France"}},{"type":"Feature","geometry":{"type":"Point","coordinates":[2.51644,48.37529]},"properties":{"latitude":"48.37529","longitude":"2.51644","bright_ti4":"353.37","scan":"0.39","track":"0.44","acq_date":"2026-07-13","acq_time":"1306","satellite":"N21","instrument":"VIIRS","confidence":"n","version":"2.0NRT","bright_ti5":"316.6","frp":"27.2","daynight":"D","commune":"Noisy-sur-École","code_insee":"77339","departement":"Seine-et-Marne","region":"Île-de-France"}},{"type":"Feature","geometry":{"type":"Point","coordinates":[2.52172,48.37576]},"properties":{"latitude":"48.37576","longitude":"2.52172","bright_ti4":"367","scan":"0.39","track":"0.44","acq_date":"2026-07-13","acq_time":"1306","satellite":"N21","instrument":"VIIRS","confidence":"h","version":"2.0NRT","bright_ti5":"313.22","frp":"14.71","daynight":"D","commune":"Noisy-sur-École","code_insee":"77339","departement":"Seine-et-Marne","region":"Île-de-France"}},{"type":"Feature","geometry":{"type":"Point","coordinates":[2.527,48.37623]},"properties":{"latitude":"48.37623","longitude":"2.527","bright_ti4":"353.01","scan":"0.39","track":"0.44","acq_date":"2026-07-13","acq_time":"1306","satellite":"N21","instrument":"VIIRS","confidence":"n","version":"2.0NRT","bright_ti5":"311.14","frp":"14.71","daynight":"D","commune":"Noisy-sur-École","code_insee":"77339","departement":"Seine-et-Marne","region":"Île-de-France"}},{"type":"Feature","geometry":{"type":"Point","coordinates":[2.57494,48.37636]},"properties":{"latitude":"48.37636","longitude":"2.57494","bright_ti4":"332.83","scan":"0.39","track":"0.44","acq_date":"2026-07-13","acq_time":"1306","satellite":"N21","instrument":"VIIRS","confidence":"l","version":"2.0NRT","bright_ti5":"306.1","frp":"9.42","daynight":"D","commune":"Fontainebleau","code_insee":"77186","departement":"Seine-et-Marne","region":"Île-de-France"}},{"type":"Feature","geometry":{"type":"Point","coordinates":[2.53224,48.37669]},"properties":{"latitude":"48.37669","longitude":"2.53224","bright_ti4":"351.63","scan":"0.39","track":"0.44","acq_date":"2026-07-13","acq_time":"1306","satellite":"N21","instrument":"VIIRS","confidence":"n","version":"2.0NRT","bright_ti5":"306.69","frp":"11.14","daynight":"D","commune":"Noisy-sur-École","code_insee":"77339","departement":"Seine-et-Marne","region":"Île-de-France"}},{"type":"Feature","geometry":{"type":"Point","coordinates":[2.53745,48.37715]},"properties":{"latitude":"48.37715","longitude":"2.53745","bright_ti4":"354.52","scan":"0.39","track":"0.44","acq_date":"2026-07-13","acq_time":"1306","satellite":"N21","instrument":"VIIRS","confidence":"n","version":"2.0NRT","bright_ti5":"309.61","frp":"11.14","daynight":"D","commune":"Noisy-sur-École","code_insee":"77339","departement":"Seine-et-Marne","region":"Île-de-France"}},{"type":"Feature","geometry":{"type":"Point","coordinates":[2.54264,48.37761]},"properties":{"latitude":"48.37761","longitude":"2.54264","bright_ti4":"346.39","scan":"0.39","track":"0.44","acq_date":"2026-07-13","acq_time":"1306","satellite":"N21","instrument":"VIIRS","confidence":"n","version":"2.0NRT","bright_ti5":"311.07","frp":"7.07","daynight":"D","commune":"Noisy-sur-École","code_insee":"77339","departement":"Seine-et-Marne","region":"Île-de-France"}},{"type":"Feature","geometry":{"type":"Point","coordinates":[2.54784,48.37807]},"properties":{"latitude":"48.37807","longitude":"2.54784","bright_ti4":"341.9","scan":"0.39","track":"0.44","acq_date":"2026-07-13","acq_time":"1306","satellite":"N21","instrument":"VIIRS","confidence":"n","version":"2.0NRT","bright_ti5":"311.18","frp":"7.07","daynight":"D","commune":"Noisy-sur-École","code_insee":"77339","departement":"Seine-et-Marne","region":"Île-de-France"}},{"type":"Feature","geometry":{"type":"Point","coordinates":[2.51036,48.37884]},"properties":{"latitude":"48.37884","longitude":"2.51036","bright_ti4":"344.16","scan":"0.39","track":"0.44","acq_date":"2026-07-13","acq_time":"1306","satellite":"N21","instrument":"VIIRS","confidence":"n","version":"2.0NRT","bright_ti5":"303.9","frp":"96.31","daynight":"D","commune":"Noisy-sur-École","code_insee":"77339","departement":"Seine-et-Marne","region":"Île-de-France"}},{"type":"Feature","geometry":{"type":"Point","coordinates":[2.51563,48.37931]},"properties":{"latitude":"48.37931","longitude":"2.51563","bright_ti4":"367","scan":"0.39","track":"0.44","acq_date":"2026-07-13","acq_time":"1306","satellite":"N21","instrument":"VIIRS","confidence":"h","version":"2.0NRT","bright_ti5":"330.27","frp":"96.31","daynight":"D","commune":"Noisy-sur-École","code_insee":"77339","departement":"Seine-et-Marne","region":"Île-de-France"}},{"type":"Feature","geometry":{"type":"Point","coordinates":[2.56361,48.37946]},"properties":{"latitude":"48.37946","longitude":"2.56361","bright_ti4":"337.44","scan":"0.39","track":"0.44","acq_date":"2026-07-13","acq_time":"1306","satellite":"N21","instrument":"VIIRS","confidence":"l","version":"2.0NRT","bright_ti5":"308.49","frp":"7.01","daynight":"D","commune":"Noisy-sur-École","code_insee":"77339","departement":"Seine-et-Marne","region":"Île-de-France"}},{"type":"Feature","geometry":{"type":"Point","coordinates":[2.56889,48.37993]},"properties":{"latitude":"48.37993","longitude":"2.56889","bright_ti4":"346.02","scan":"0.39","track":"0.44","acq_date":"2026-07-13","acq_time":"1306","satellite":"N21","instrument":"VIIRS","confidence":"n","version":"2.0NRT","bright_ti5":"310.61","frp":"7.01","daynight":"D","commune":"Noisy-sur-École","code_insee":"77339","departement":"Seine-et-Marne","region":"Île-de-France"}},{"type":"Feature","geometry":{"type":"Point","coordinates":[2.54185,48.38163]},"properties":{"latitude":"48.38163","longitude":"2.54185","bright_ti4":"367","scan":"0.39","track":"0.44","acq_date":"2026-07-13","acq_time":"1306","satellite":"N21","instrument":"VIIRS","confidence":"h","version":"2.0NRT","bright_ti5":"332.09","frp":"121.17","daynight":"D","commune":"Noisy-sur-École","code_insee":"77339","departement":"Seine-et-Marne","region":"Île-de-France"}},{"type":"Feature","geometry":{"type":"Point","coordinates":[2.54706,48.3821]},"properties":{"latitude":"48.3821","longitude":"2.54706","bright_ti4":"367","scan":"0.39","track":"0.44","acq_date":"2026-07-13","acq_time":"1306","satellite":"N21","instrument":"VIIRS","confidence":"h","version":"2.0NRT","bright_ti5":"343.71","frp":"121.17","daynight":"D","commune":"Noisy-sur-École","code_insee":"77339","departement":"Seine-et-Marne","region":"Île-de-France"}},{"type":"Feature","geometry":{"type":"Point","coordinates":[2.55233,48.38256]},"properties":{"latitude":"48.38256","longitude":"2.55233","bright_ti4":"355.56","scan":"0.39","track":"0.44","acq_date":"2026-07-13","acq_time":"1306","satellite":"N21","instrument":"VIIRS","confidence":"n","version":"2.0NRT","bright_ti5":"322.54","frp":"57.12","daynight":"D","commune":"Noisy-sur-École","code_insee":"77339","departement":"Seine-et-Marne","region":"Île-de-France"}},{"type":"Feature","geometry":{"type":"Point","coordinates":[2.56292,48.3835]},"properties":{"latitude":"48.3835","longitude":"2.56292","bright_ti4":"351.09","scan":"0.39","track":"0.44","acq_date":"2026-07-13","acq_time":"1306","satellite":"N21","instrument":"VIIRS","confidence":"l","version":"2.0NRT","bright_ti5":"330.14","frp":"48.18","daynight":"D","commune":"Noisy-sur-École","code_insee":"77339","departement":"Seine-et-Marne","region":"Île-de-France"}},{"type":"Feature","geometry":{"type":"Point","coordinates":[2.52006,48.38379]},"properties":{"latitude":"48.38379","longitude":"2.52006","bright_ti4":"340.35","scan":"0.39","track":"0.44","acq_date":"2026-07-13","acq_time":"1306","satellite":"N21","instrument":"VIIRS","confidence":"n","version":"2.0NRT","bright_ti5":"293.14","frp":"140.44","daynight":"D","commune":"Noisy-sur-École","code_insee":"77339","departement":"Seine-et-Marne","region":"Île-de-France"}},{"type":"Feature","geometry":{"type":"Point","coordinates":[2.56819,48.38396]},"properties":{"latitude":"48.38396","longitude":"2.56819","bright_ti4":"353.57","scan":"0.39","track":"0.44","acq_date":"2026-07-13","acq_time":"1306","satellite":"N21","instrument":"VIIRS","confidence":"n","version":"2.0NRT","bright_ti5":"322.58","frp":"48.18","daynight":"D","commune":"Noisy-sur-École","code_insee":"77339","departement":"Seine-et-Marne","region":"Île-de-France"}},{"type":"Feature","geometry":{"type":"Point","coordinates":[2.5253,48.38425]},"properties":{"latitude":"48.38425","longitude":"2.5253","bright_ti4":"355.54","scan":"0.39","track":"0.44","acq_date":"2026-07-13","acq_time":"1306","satellite":"N21","instrument":"VIIRS","confidence":"n","version":"2.0NRT","bright_ti5":"294.27","frp":"140.44","daynight":"D","commune":"Noisy-sur-École","code_insee":"77339","departement":"Seine-et-Marne","region":"Île-de-France"}},{"type":"Feature","geometry":{"type":"Point","coordinates":[2.57345,48.38443]},"properties":{"latitude":"48.38443","longitude":"2.57345","bright_ti4":"355.49","scan":"0.39","track":"0.44","acq_date":"2026-07-13","acq_time":"1306","satellite":"N21","instrument":"VIIRS","confidence":"n","version":"2.0NRT","bright_ti5":"315.07","frp":"21.57","daynight":"D","commune":"Noisy-sur-École","code_insee":"77339","departement":"Seine-et-Marne","region":"Île-de-France"}},{"type":"Feature","geometry":{"type":"Point","coordinates":[2.53053,48.38472]},"properties":{"latitude":"48.38472","longitude":"2.53053","bright_ti4":"347.06","scan":"0.39","track":"0.44","acq_date":"2026-07-13","acq_time":"1306","satellite":"N21","instrument":"VIIRS","confidence":"n","version":"2.0NRT","bright_ti5":"300.62","frp":"207.14","daynight":"D","commune":"Noisy-sur-École","code_insee":"77339","departement":"Seine-et-Marne","region":"Île-de-France"}},{"type":"Feature","geometry":{"type":"Point","coordinates":[2.53575,48.38518]},"properties":{"latitude":"48.38518","longitude":"2.53575","bright_ti4":"335.12","scan":"0.39","track":"0.44","acq_date":"2026-07-13","acq_time":"1306","satellite":"N21","instrument":"VIIRS","confidence":"n","version":"2.0NRT","bright_ti5":"306.58","frp":"207.14","daynight":"D","commune":"Noisy-sur-École","code_insee":"77339","departement":"Seine-et-Marne","region":"Île-de-France"}},{"type":"Feature","geometry":{"type":"Point","coordinates":[2.54098,48.38565]},"properties":{"latitude":"48.38565","longitude":"2.54098","bright_ti4":"351.16","scan":"0.39","track":"0.44","acq_date":"2026-07-13","acq_time":"1306","satellite":"N21","instrument":"VIIRS","confidence":"n","version":"2.0NRT","bright_ti5":"302.99","frp":"121.17","daynight":"D","commune":"Noisy-sur-École","code_insee":"77339","departement":"Seine-et-Marne","region":"Île-de-France"}},{"type":"Feature","geometry":{"type":"Point","coordinates":[2.54626,48.38611]},"properties":{"latitude":"48.38611","longitude":"2.54626","bright_ti4":"351.42","scan":"0.39","track":"0.44","acq_date":"2026-07-13","acq_time":"1306","satellite":"N21","instrument":"VIIRS","confidence":"n","version":"2.0NRT","bright_ti5":"303.79","frp":"121.17","daynight":"D","commune":"Noisy-sur-École","code_insee":"77339","departement":"Seine-et-Marne","region":"Île-de-France"}},{"type":"Feature","geometry":{"type":"Point","coordinates":[2.55158,48.38659]},"properties":{"latitude":"48.38659","longitude":"2.55158","bright_ti4":"355.53","scan":"0.39","track":"0.44","acq_date":"2026-07-13","acq_time":"1306","satellite":"N21","instrument":"VIIRS","confidence":"n","version":"2.0NRT","bright_ti5":"304.2","frp":"57.12","daynight":"D","commune":"Noisy-sur-École","code_insee":"77339","departement":"Seine-et-Marne","region":"Île-de-France"}},{"type":"Feature","geometry":{"type":"Point","coordinates":[2.55691,48.38706]},"properties":{"latitude":"48.38706","longitude":"2.55691","bright_ti4":"349.24","scan":"0.39","track":"0.44","acq_date":"2026-07-13","acq_time":"1306","satellite":"N21","instrument":"VIIRS","confidence":"n","version":"2.0NRT","bright_ti5":"305.8","frp":"57.12","daynight":"D","commune":"Noisy-sur-École","code_insee":"77339","departement":"Seine-et-Marne","region":"Île-de-France"}},{"type":"Feature","geometry":{"type":"Point","coordinates":[2.66884,48.39692]},"properties":{"latitude":"48.39692","longitude":"2.66884","bright_ti4":"338.49","scan":"0.4","track":"0.44","acq_date":"2026-07-13","acq_time":"1306","satellite":"N21","instrument":"VIIRS","confidence":"n","version":"2.0NRT","bright_ti5":"302.63","frp":"3.95","daynight":"D","commune":"Fontainebleau","code_insee":"77186","departement":"Seine-et-Marne","region":"Île-de-France"}},{"type":"Feature","geometry":{"type":"Point","coordinates":[2.67425,48.39739]},"properties":{"latitude":"48.39739","longitude":"2.67425","bright_ti4":"332.05","scan":"0.4","track":"0.44","acq_date":"2026-07-13","acq_time":"1306","satellite":"N21","instrument":"VIIRS","confidence":"l","version":"2.0NRT","bright_ti5":"303.24","frp":"3.95","daynight":"D","commune":"Fontainebleau","code_insee":"77186","departement":"Seine-et-Marne","region":"Île-de-France"}},{"type":"Feature","geometry":{"type":"Point","coordinates":[2.6626,48.40049]},"properties":{"latitude":"48.40049","longitude":"2.6626","bright_ti4":"299.62","scan":"0.4","track":"0.44","acq_date":"2026-07-13","acq_time":"1306","satellite":"N21","instrument":"VIIRS","confidence":"l","version":"2.0NRT","bright_ti5":"307.11","frp":"71.81","daynight":"D","commune":"Fontainebleau","code_insee":"77186","departement":"Seine-et-Marne","region":"Île-de-France"}},{"type":"Feature","geometry":{"type":"Point","coordinates":[2.66801,48.40096]},"properties":{"latitude":"48.40096","longitude":"2.66801","bright_ti4":"367","scan":"0.4","track":"0.44","acq_date":"2026-07-13","acq_time":"1306","satellite":"N21","instrument":"VIIRS","confidence":"l","version":"2.0NRT","bright_ti5":"350.1","frp":"194.66","daynight":"D","commune":"Fontainebleau","code_insee":"77186","departement":"Seine-et-Marne","region":"Île-de-France"}},{"type":"Feature","geometry":{"type":"Point","coordinates":[2.67344,48.40144]},"properties":{"latitude":"48.40144","longitude":"2.67344","bright_ti4":"367","scan":"0.4","track":"0.44","acq_date":"2026-07-13","acq_time":"1306","satellite":"N21","instrument":"VIIRS","confidence":"l","version":"2.0NRT","bright_ti5":"330.34","frp":"194.66","daynight":"D","commune":"Fontainebleau","code_insee":"77186","departement":"Seine-et-Marne","region":"Île-de-France"}},{"type":"Feature","geometry":{"type":"Point","coordinates":[3.43751,48.43188]},"properties":{"latitude":"48.43188","longitude":"3.43751","bright_ti4":"342.1","scan":"0.43","track":"0.46","acq_date":"2026-07-13","acq_time":"1306","satellite":"N21","instrument":"VIIRS","confidence":"n","version":"2.0NRT","bright_ti5":"309.4","frp":"17.29","daynight":"D","commune":"Gumery","code_insee":"10169","departement":"Aube","region":"Grand Est"}},{"type":"Feature","geometry":{"type":"Point","coordinates":[3.44328,48.43234]},"properties":{"latitude":"48.43234","longitude":"3.44328","bright_ti4":"334.45","scan":"0.43","track":"0.46","acq_date":"2026-07-13","acq_time":"1306","satellite":"N21","instrument":"VIIRS","confidence":"n","version":"2.0NRT","bright_ti5":"307.25","frp":"9.18","daynight":"D","commune":"Traînel","code_insee":"10382","departement":"Aube","region":"Grand Est"}},{"type":"Feature","geometry":{"type":"Point","coordinates":[4.74991,48.93119]},"properties":{"latitude":"48.93119","longitude":"4.74991","bright_ti4":"335.81","scan":"0.5","track":"0.49","acq_date":"2026-07-13","acq_time":"1306","satellite":"N21","instrument":"VIIRS","confidence":"n","version":"2.0NRT","bright_ti5":"309.42","frp":"4.37","daynight":"D","commune":"Somme-Yèvre","code_insee":"51549","departement":"Marne","region":"Grand Est"}},{"type":"Feature","geometry":{"type":"Point","coordinates":[4.07415,49.34605]},"properties":{"latitude":"49.34605","longitude":"4.07415","bright_ti4":"344.11","scan":"0.47","track":"0.48","acq_date":"2026-07-13","acq_time":"1306","satellite":"N21","instrument":"VIIRS","confidence":"n","version":"2.0NRT","bright_ti5":"297.21","frp":"22.62","daynight":"D","commune":"Bourgogne-Fresne","code_insee":"51075","departement":"Marne","region":"Grand Est"}},{"type":"Feature","geometry":{"type":"Point","coordinates":[4.08061,49.34652]},"properties":{"latitude":"49.34652","longitude":"4.08061","bright_ti4":"344.02","scan":"0.47","track":"0.48","acq_date":"2026-07-13","acq_time":"1306","satellite":"N21","instrument":"VIIRS","confidence":"n","version":"2.0NRT","bright_ti5":"301.44","frp":"25.67","daynight":"D","commune":"Bourgogne-Fresne","code_insee":"51075","departement":"Marne","region":"Grand Est"}}]}