{"type":"FeatureCollection","features":[{"type":"Feature","geometry":{"type":"Point","coordinates":[2.79329,43.28802]},"properties":{"latitude":"43.28802","longitude":"2.79329","bright_ti4":"313.07","scan":"0.78","track":"0.78","acq_date":"2026-07-02","acq_time":"39","satellite":"N","instrument":"VIIRS","confidence":"n","version":"2.0NRT","bright_ti5":"288.21","frp":"4.07","daynight":"N","commune":"Pouzols-Minervois","code_insee":"11296","departement":"Aude","region":"Occitanie"}},{"type":"Feature","geometry":{"type":"Point","coordinates":[2.80153,43.28812]},"properties":{"latitude":"43.28812","longitude":"2.80153","bright_ti4":"326.05","scan":"0.78","track":"0.78","acq_date":"2026-07-02","acq_time":"39","satellite":"N","instrument":"VIIRS","confidence":"n","version":"2.0NRT","bright_ti5":"289.45","frp":"4.07","daynight":"N","commune":"Pouzols-Minervois","code_insee":"11296","departement":"Aude","region":"Occitanie"}},{"type":"Feature","geometry":{"type":"Point","coordinates":[2.79027,43.2888]},"properties":{"latitude":"43.2888","longitude":"2.79027","bright_ti4":"312.95","scan":"0.78","track":"0.78","acq_date":"2026-07-02","acq_time":"39","satellite":"N","instrument":"VIIRS","confidence":"n","version":"2.0NRT","bright_ti5":"288.26","frp":"3.86","daynight":"N","commune":"Pouzols-Minervois","code_insee":"11296","departement":"Aude","region":"Occitanie"}},{"type":"Feature","geometry":{"type":"Point","coordinates":[2.79902,43.28886]},"properties":{"latitude":"43.28886","longitude":"2.79902","bright_ti4":"319.83","scan":"0.78","track":"0.78","acq_date":"2026-07-02","acq_time":"39","satellite":"N","instrument":"VIIRS","confidence":"n","version":"2.0NRT","bright_ti5":"288.93","frp":"3.86","daynight":"N","commune":"Pouzols-Minervois","code_insee":"11296","departement":"Aude","region":"Occitanie"}},{"type":"Feature","geometry":{"type":"Point","coordinates":[2.80704,43.28892]},"properties":{"latitude":"43.28892","longitude":"2.80704","bright_ti4":"308.21","scan":"0.78","track":"0.78","acq_date":"2026-07-02","acq_time":"39","satellite":"N","instrument":"VIIRS","confidence":"n","version":"2.0NRT","bright_ti5":"288.09","frp":"3.12","daynight":"N","commune":"Pouzols-Minervois","code_insee":"11296","departement":"Aude","region":"Occitanie"}},{"type":"Feature","geometry":{"type":"Point","coordinates":[2.78093,43.29524]},"properties":{"latitude":"43.29524","longitude":"2.78093","bright_ti4":"313.21","scan":"0.78","track":"0.78","acq_date":"2026-07-02","acq_time":"39","satellite":"N","instrument":"VIIRS","confidence":"n","version":"2.0NRT","bright_ti5":"288.09","frp":"2.85","daynight":"N","commune":"Oupia","code_insee":"34190","departement":"Hérault","region":"Occitanie"}},{"type":"Feature","geometry":{"type":"Point","coordinates":[2.77649,43.29606]},"properties":{"latitude":"43.29606","longitude":"2.77649","bright_ti4":"311.42","scan":"0.78","track":"0.78","acq_date":"2026-07-02","acq_time":"39","satellite":"N","instrument":"VIIRS","confidence":"n","version":"2.0NRT","bright_ti5":"288.22","frp":"2.4","daynight":"N","commune":"Oupia","code_insee":"34190","departement":"Hérault","region":"Occitanie"}},{"type":"Feature","geometry":{"type":"Point","coordinates":[2.81011,43.31027]},"properties":{"latitude":"43.31027","longitude":"2.81011","bright_ti4":"314.41","scan":"0.78","track":"0.78","acq_date":"2026-07-02","acq_time":"39","satellite":"N","instrument":"VIIRS","confidence":"n","version":"2.0NRT","bright_ti5":"288.73","frp":"2.58","daynight":"N","commune":"Aigne","code_insee":"34006","departement":"Hérault","region":"Occitanie"}},{"type":"Feature","geometry":{"type":"Point","coordinates":[4.88457,43.4369]},"properties":{"latitude":"43.4369","longitude":"4.88457","bright_ti4":"309.95","scan":"0.62","track":"0.71","acq_date":"2026-07-02","acq_time":"39","satellite":"N","instrument":"VIIRS","confidence":"n","version":"2.0NRT","bright_ti5":"293.58","frp":"2.66","daynight":"N","commune":"Fos-sur-Mer","code_insee":"13039","departement":"Bouches-du-Rhône","region":"Provence-Alpes-Côte d'Azur"}},{"type":"Feature","geometry":{"type":"Point","coordinates":[4.87653,43.43697]},"properties":{"latitude":"43.43697","longitude":"4.87653","bright_ti4":"322.35","scan":"0.62","track":"0.71","acq_date":"2026-07-02","acq_time":"39","satellite":"N","instrument":"VIIRS","confidence":"n","version":"2.0NRT","bright_ti5":"293.3","frp":"3.16","daynight":"N","commune":"Fos-sur-Mer","code_insee":"13039","departement":"Bouches-du-Rhône","region":"Provence-Alpes-Côte d'Azur"}},{"type":"Feature","geometry":{"type":"Point","coordinates":[4.89275,43.44355]},"properties":{"latitude":"43.44355","longitude":"4.89275","bright_ti4":"304.25","scan":"0.62","track":"0.71","acq_date":"2026-07-02","acq_time":"39","satellite":"N","instrument":"VIIRS","confidence":"n","version":"2.0NRT","bright_ti5":"293.08","frp":"2.04","daynight":"N","commune":"Fos-sur-Mer","code_insee":"13039","departement":"Bouches-du-Rhône","region":"Provence-Alpes-Côte d'Azur"}},{"type":"Feature","geometry":{"type":"Point","coordinates":[4.88469,43.44362]},"properties":{"latitude":"43.44362","longitude":"4.88469","bright_ti4":"311.84","scan":"0.62","track":"0.71","acq_date":"2026-07-02","acq_time":"39","satellite":"N","instrument":"VIIRS","confidence":"n","version":"2.0NRT","bright_ti5":"293.02","frp":"2.04","daynight":"N","commune":"Fos-sur-Mer","code_insee":"13039","departement":"Bouches-du-Rhône","region":"Provence-Alpes-Côte d'Azur"}},{"type":"Feature","geometry":{"type":"Point","coordinates":[5.15634,43.55376]},"properties":{"latitude":"43.55376","longitude":"5.15634","bright_ti4":"328.25","scan":"0.6","track":"0.71","acq_date":"2026-07-02","acq_time":"39","satellite":"N","instrument":"VIIRS","confidence":"n","version":"2.0NRT","bright_ti5":"294.77","frp":"15.74","daynight":"N","commune":"Lançon-Provence","code_insee":"13051","departement":"Bouches-du-Rhône","region":"Provence-Alpes-Côte d'Azur"}},{"type":"Feature","geometry":{"type":"Point","coordinates":[5.14872,43.55381]},"properties":{"latitude":"43.55381","longitude":"5.14872","bright_ti4":"310.45","scan":"0.6","track":"0.71","acq_date":"2026-07-02","acq_time":"39","satellite":"N","instrument":"VIIRS","confidence":"n","version":"2.0NRT","bright_ti5":"293.19","frp":"41.09","daynight":"N","commune":"Lançon-Provence","code_insee":"13051","departement":"Bouches-du-Rhône","region":"Provence-Alpes-Côte d'Azur"}},{"type":"Feature","geometry":{"type":"Point","coordinates":[5.15857,43.55703]},"properties":{"latitude":"43.55703","longitude":"5.15857","bright_ti4":"334.49","scan":"0.6","track":"0.71","acq_date":"2026-07-02","acq_time":"39","satellite":"N","instrument":"VIIRS","confidence":"n","version":"2.0NRT","bright_ti5":"295.7","frp":"26.49","daynight":"N","commune":"Lançon-Provence","code_insee":"13051","departement":"Bouches-du-Rhône","region":"Provence-Alpes-Côte d'Azur"}},{"type":"Feature","geometry":{"type":"Point","coordinates":[5.15098,43.55712]},"properties":{"latitude":"43.55712","longitude":"5.15098","bright_ti4":"367","scan":"0.6","track":"0.71","acq_date":"2026-07-02","acq_time":"39","satellite":"N","instrument":"VIIRS","confidence":"h","version":"2.0NRT","bright_ti5":"297.47","frp":"26.49","daynight":"N","commune":"Lançon-Provence","code_insee":"13051","departement":"Bouches-du-Rhône","region":"Provence-Alpes-Côte d'Azur"}},{"type":"Feature","geometry":{"type":"Point","coordinates":[5.16556,43.56036]},"properties":{"latitude":"43.56036","longitude":"5.16556","bright_ti4":"302.35","scan":"0.6","track":"0.71","acq_date":"2026-07-02","acq_time":"39","satellite":"N","instrument":"VIIRS","confidence":"n","version":"2.0NRT","bright_ti5":"292.29","frp":"15.74","daynight":"N","commune":"Lançon-Provence","code_insee":"13051","departement":"Bouches-du-Rhône","region":"Provence-Alpes-Côte d'Azur"}},{"type":"Feature","geometry":{"type":"Point","coordinates":[5.15794,43.5604]},"properties":{"latitude":"43.5604","longitude":"5.15794","bright_ti4":"344.97","scan":"0.6","track":"0.71","acq_date":"2026-07-02","acq_time":"39","satellite":"N","instrument":"VIIRS","confidence":"n","version":"2.0NRT","bright_ti5":"297.23","frp":"15.74","daynight":"N","commune":"Lançon-Provence","code_insee":"13051","departement":"Bouches-du-Rhône","region":"Provence-Alpes-Côte d'Azur"}},{"type":"Feature","geometry":{"type":"Point","coordinates":[5.15022,43.56045]},"properties":{"latitude":"43.56045","longitude":"5.15022","bright_ti4":"367","scan":"0.6","track":"0.71","acq_date":"2026-07-02","acq_time":"39","satellite":"N","instrument":"VIIRS","confidence":"h","version":"2.0NRT","bright_ti5":"307.13","frp":"41.09","daynight":"N","commune":"Lançon-Provence","code_insee":"13051","departement":"Bouches-du-Rhône","region":"Provence-Alpes-Côte d'Azur"}},{"type":"Feature","geometry":{"type":"Point","coordinates":[5.16774,43.56357]},"properties":{"latitude":"43.56357","longitude":"5.16774","bright_ti4":"338.19","scan":"0.6","track":"0.71","acq_date":"2026-07-02","acq_time":"39","satellite":"N","instrument":"VIIRS","confidence":"n","version":"2.0NRT","bright_ti5":"293.17","frp":"15.69","daynight":"N","commune":"Lançon-Provence","code_insee":"13051","departement":"Bouches-du-Rhône","region":"Provence-Alpes-Côte d'Azur"}},{"type":"Feature","geometry":{"type":"Point","coordinates":[5.15998,43.56366]},"properties":{"latitude":"43.56366","longitude":"5.15998","bright_ti4":"367","scan":"0.6","track":"0.71","acq_date":"2026-07-02","acq_time":"39","satellite":"N","instrument":"VIIRS","confidence":"h","version":"2.0NRT","bright_ti5":"295.06","frp":"26.49","daynight":"N","commune":"Lançon-Provence","code_insee":"13051","departement":"Bouches-du-Rhône","region":"Provence-Alpes-Côte d'Azur"}},{"type":"Feature","geometry":{"type":"Point","coordinates":[5.15222,43.56375]},"properties":{"latitude":"43.56375","longitude":"5.15222","bright_ti4":"367","scan":"0.6","track":"0.71","acq_date":"2026-07-02","acq_time":"39","satellite":"N","instrument":"VIIRS","confidence":"h","version":"2.0NRT","bright_ti5":"308.15","frp":"26.49","daynight":"N","commune":"Lançon-Provence","code_insee":"13051","departement":"Bouches-du-Rhône","region":"Provence-Alpes-Côte d'Azur"}},{"type":"Feature","geometry":{"type":"Point","coordinates":[5.14435,43.56384]},"properties":{"latitude":"43.56384","longitude":"5.14435","bright_ti4":"303.59","scan":"0.6","track":"0.71","acq_date":"2026-07-02","acq_time":"39","satellite":"N","instrument":"VIIRS","confidence":"n","version":"2.0NRT","bright_ti5":"293.27","frp":"36.57","daynight":"N","commune":"Lançon-Provence","code_insee":"13051","departement":"Bouches-du-Rhône","region":"Provence-Alpes-Côte d'Azur"}},{"type":"Feature","geometry":{"type":"Point","coordinates":[5.16666,43.56699]},"properties":{"latitude":"43.56699","longitude":"5.16666","bright_ti4":"367","scan":"0.6","track":"0.71","acq_date":"2026-07-02","acq_time":"39","satellite":"N","instrument":"VIIRS","confidence":"h","version":"2.0NRT","bright_ti5":"294.22","frp":"12.84","daynight":"N","commune":"Lançon-Provence","code_insee":"13051","departement":"Bouches-du-Rhône","region":"Provence-Alpes-Côte d'Azur"}},{"type":"Feature","geometry":{"type":"Point","coordinates":[5.15883,43.56704]},"properties":{"latitude":"43.56704","longitude":"5.15883","bright_ti4":"349.86","scan":"0.6","track":"0.71","acq_date":"2026-07-02","acq_time":"39","satellite":"N","instrument":"VIIRS","confidence":"n","version":"2.0NRT","bright_ti5":"293.96","frp":"12.84","daynight":"N","commune":"Lançon-Provence","code_insee":"13051","departement":"Bouches-du-Rhône","region":"Provence-Alpes-Côte d'Azur"}},{"type":"Feature","geometry":{"type":"Point","coordinates":[5.15094,43.5671]},"properties":{"latitude":"43.5671","longitude":"5.15094","bright_ti4":"304.4","scan":"0.6","track":"0.71","acq_date":"2026-07-02","acq_time":"39","satellite":"N","instrument":"VIIRS","confidence":"n","version":"2.0NRT","bright_ti5":"292.8","frp":"5.45","daynight":"N","commune":"Lançon-Provence","code_insee":"13051","departement":"Bouches-du-Rhône","region":"Provence-Alpes-Côte d'Azur"}},{"type":"Feature","geometry":{"type":"Point","coordinates":[5.16053,43.5703]},"properties":{"latitude":"43.5703","longitude":"5.16053","bright_ti4":"323.06","scan":"0.6","track":"0.71","acq_date":"2026-07-02","acq_time":"39","satellite":"N","instrument":"VIIRS","confidence":"n","version":"2.0NRT","bright_ti5":"293.54","frp":"3.94","daynight":"N","commune":"Lançon-Provence","code_insee":"13051","departement":"Bouches-du-Rhône","region":"Provence-Alpes-Côte d'Azur"}},{"type":"Feature","geometry":{"type":"Point","coordinates":[6.04659,48.88525]},"properties":{"latitude":"48.88525","longitude":"6.04659","bright_ti4":"295.34","scan":"0.57","track":"0.69","acq_date":"2026-07-02","acq_time":"39","satellite":"N","instrument":"VIIRS","confidence":"n","version":"2.0NRT","bright_ti5":"284.97","frp":"0.82","daynight":"N","commune":"Blénod-lès-Pont-à-Mousson","code_insee":"54079","departement":"Meurthe-et-Moselle","region":"Grand Est"}},{"type":"Feature","geometry":{"type":"Point","coordinates":[6.05447,48.88525]},"properties":{"latitude":"48.88525","longitude":"6.05447","bright_ti4":"300.07","scan":"0.57","track":"0.69","acq_date":"2026-07-02","acq_time":"39","satellite":"N","instrument":"VIIRS","confidence":"n","version":"2.0NRT","bright_ti5":"285.22","frp":"0.82","daynight":"N","commune":"Blénod-lès-Pont-à-Mousson","code_insee":"54079","departement":"Meurthe-et-Moselle","region":"Grand Est"}},{"type":"Feature","geometry":{"type":"Point","coordinates":[5.66473,45.22992]},"properties":{"latitude":"45.22992","longitude":"5.66473","bright_ti4":"299.16","scan":"0.44","track":"0.46","acq_date":"2026-07-02","acq_time":"219","satellite":"N","instrument":"VIIRS","confidence":"n","version":"2.0NRT","bright_ti5":"288.13","frp":"0.59","daynight":"N","commune":"Saint-Égrève","code_insee":"38382","departement":"Isère","region":"Auvergne-Rhône-Alpes"}},{"type":"Feature","geometry":{"type":"Point","coordinates":[5.82183,45.91188]},"properties":{"latitude":"45.91188","longitude":"5.82183","bright_ti4":"301.17","scan":"0.43","track":"0.46","acq_date":"2026-07-02","acq_time":"219","satellite":"N","instrument":"VIIRS","confidence":"n","version":"2.0NRT","bright_ti5":"290.63","frp":"0.7","daynight":"N","commune":"Anglefort","code_insee":"01010","departement":"Ain","region":"Auvergne-Rhône-Alpes"}},{"type":"Feature","geometry":{"type":"Point","coordinates":[-1.03843,48.10888]},"properties":{"latitude":"48.10888","longitude":"-1.03843","bright_ti4":"305.55","scan":"0.39","track":"0.36","acq_date":"2026-07-02","acq_time":"219","satellite":"N","instrument":"VIIRS","confidence":"n","version":"2.0NRT","bright_ti5":"287.61","frp":"1.08","daynight":"N","commune":"Saint-Pierre-la-Cour","code_insee":"53247","departement":"Mayenne","region":"Pays de la Loire"}},{"type":"Feature","geometry":{"type":"Point","coordinates":[2.98055,48.38919]},"properties":{"latitude":"48.38919","longitude":"2.98055","bright_ti4":"312.83","scan":"0.45","track":"0.39","acq_date":"2026-07-02","acq_time":"219","satellite":"N","instrument":"VIIRS","confidence":"n","version":"2.0NRT","bright_ti5":"287.98","frp":"1.36","daynight":"N","commune":"Montereau-Fault-Yonne","code_insee":"77305","departement":"Seine-et-Marne","region":"Île-de-France"}},{"type":"Feature","geometry":{"type":"Point","coordinates":[6.11194,48.60931]},"properties":{"latitude":"48.60931","longitude":"6.11194","bright_ti4":"298.54","scan":"0.57","track":"0.43","acq_date":"2026-07-02","acq_time":"219","satellite":"N","instrument":"VIIRS","confidence":"n","version":"2.0NRT","bright_ti5":"288.16","frp":"1.37","daynight":"N","commune":"Neuves-Maisons","code_insee":"54397","departement":"Meurthe-et-Moselle","region":"Grand Est"}},{"type":"Feature","geometry":{"type":"Point","coordinates":[6.11385,48.61314]},"properties":{"latitude":"48.61314","longitude":"6.11385","bright_ti4":"300.39","scan":"0.57","track":"0.43","acq_date":"2026-07-02","acq_time":"219","satellite":"N","instrument":"VIIRS","confidence":"n","version":"2.0NRT","bright_ti5":"287.37","frp":"0.79","daynight":"N","commune":"Neuves-Maisons","code_insee":"54397","departement":"Meurthe-et-Moselle","region":"Grand Est"}},{"type":"Feature","geometry":{"type":"Point","coordinates":[6.9638,48.69145]},"properties":{"latitude":"48.69145","longitude":"6.9638","bright_ti4":"297","scan":"0.41","track":"0.45","acq_date":"2026-07-02","acq_time":"219","satellite":"N","instrument":"VIIRS","confidence":"n","version":"2.0NRT","bright_ti5":"286.07","frp":"0.71","daynight":"N","commune":"Héming","code_insee":"57314","departement":"Moselle","region":"Grand Est"}},{"type":"Feature","geometry":{"type":"Point","coordinates":[1.76034,48.98308]},"properties":{"latitude":"48.98308","longitude":"1.76034","bright_ti4":"344.5","scan":"0.41","track":"0.37","acq_date":"2026-07-02","acq_time":"219","satellite":"N","instrument":"VIIRS","confidence":"n","version":"2.0NRT","bright_ti5":"288.42","frp":"4.63","daynight":"N","commune":"Porcheville","code_insee":"78501","departement":"Yvelines","region":"Île-de-France"}},{"type":"Feature","geometry":{"type":"Point","coordinates":[6.14927,49.31905]},"properties":{"latitude":"49.31905","longitude":"6.14927","bright_ti4":"297.79","scan":"0.55","track":"0.43","acq_date":"2026-07-02","acq_time":"219","satellite":"N","instrument":"VIIRS","confidence":"n","version":"2.0NRT","bright_ti5":"285.77","frp":"0.62","daynight":"N","commune":"Florange","code_insee":"57221","departement":"Moselle","region":"Grand Est"}},{"type":"Feature","geometry":{"type":"Point","coordinates":[6.05215,49.33664]},"properties":{"latitude":"49.33664","longitude":"6.05215","bright_ti4":"301.67","scan":"0.55","track":"0.42","acq_date":"2026-07-02","acq_time":"219","satellite":"N","instrument":"VIIRS","confidence":"n","version":"2.0NRT","bright_ti5":"286.2","frp":"0.62","daynight":"N","commune":"Nilvange","code_insee":"57508","departement":"Moselle","region":"Grand Est"}},{"type":"Feature","geometry":{"type":"Point","coordinates":[0.53665,49.47762]},"properties":{"latitude":"49.47762","longitude":"0.53665","bright_ti4":"304.95","scan":"0.39","track":"0.36","acq_date":"2026-07-02","acq_time":"219","satellite":"N","instrument":"VIIRS","confidence":"n","version":"2.0NRT","bright_ti5":"288.08","frp":"0.75","daynight":"N","commune":"Port-Jérôme-sur-Seine","code_insee":"76476","departement":"Seine-Maritime","region":"Normandie"}},{"type":"Feature","geometry":{"type":"Point","coordinates":[2.11278,50.69664]},"properties":{"latitude":"50.69664","longitude":"2.11278","bright_ti4":"296.86","scan":"0.4","track":"0.37","acq_date":"2026-07-02","acq_time":"219","satellite":"N","instrument":"VIIRS","confidence":"n","version":"2.0NRT","bright_ti5":"285.79","frp":"0.3","daynight":"N","commune":"Lumbres","code_insee":"62534","departement":"Pas-de-Calais","region":"Hauts-de-France"}},{"type":"Feature","geometry":{"type":"Point","coordinates":[1.89611,50.97149]},"properties":{"latitude":"50.97149","longitude":"1.89611","bright_ti4":"304.24","scan":"0.4","track":"0.37","acq_date":"2026-07-02","acq_time":"219","satellite":"N","instrument":"VIIRS","confidence":"n","version":"2.0NRT","bright_ti5":"286.52","frp":"0.89","daynight":"N","commune":"Calais","code_insee":"62193","departement":"Pas-de-Calais","region":"Hauts-de-France"}},{"type":"Feature","geometry":{"type":"Point","coordinates":[2.26869,51.02911]},"properties":{"latitude":"51.02911","longitude":"2.26869","bright_ti4":"307.32","scan":"0.4","track":"0.37","acq_date":"2026-07-02","acq_time":"219","satellite":"N","instrument":"VIIRS","confidence":"n","version":"2.0NRT","bright_ti5":"287.95","frp":"0.89","daynight":"N","commune":"Grande-Synthe","code_insee":"59271","departement":"Nord","region":"Hauts-de-France"}},{"type":"Feature","geometry":{"type":"Point","coordinates":[2.28144,51.03036]},"properties":{"latitude":"51.03036","longitude":"2.28144","bright_ti4":"307.35","scan":"0.4","track":"0.37","acq_date":"2026-07-02","acq_time":"219","satellite":"N","instrument":"VIIRS","confidence":"n","version":"2.0NRT","bright_ti5":"287.17","frp":"0.89","daynight":"N","commune":"Grande-Synthe","code_insee":"59271","departement":"Nord","region":"Hauts-de-France"}},{"type":"Feature","geometry":{"type":"Point","coordinates":[2.27582,51.03139]},"properties":{"latitude":"51.03139","longitude":"2.27582","bright_ti4":"297.24","scan":"0.4","track":"0.37","acq_date":"2026-07-02","acq_time":"219","satellite":"N","instrument":"VIIRS","confidence":"n","version":"2.0NRT","bright_ti5":"286.27","frp":"0.89","daynight":"N","commune":"Grande-Synthe","code_insee":"59271","departement":"Nord","region":"Hauts-de-France"}},{"type":"Feature","geometry":{"type":"Point","coordinates":[2.27734,51.03469]},"properties":{"latitude":"51.03469","longitude":"2.27734","bright_ti4":"328.36","scan":"0.4","track":"0.37","acq_date":"2026-07-02","acq_time":"219","satellite":"N","instrument":"VIIRS","confidence":"n","version":"2.0NRT","bright_ti5":"287.09","frp":"2.6","daynight":"N","commune":"Grande-Synthe","code_insee":"59271","departement":"Nord","region":"Hauts-de-France"}},{"type":"Feature","geometry":{"type":"Point","coordinates":[2.29011,51.03594]},"properties":{"latitude":"51.03594","longitude":"2.29011","bright_ti4":"313.77","scan":"0.4","track":"0.37","acq_date":"2026-07-02","acq_time":"219","satellite":"N","instrument":"VIIRS","confidence":"n","version":"2.0NRT","bright_ti5":"287.86","frp":"1.33","daynight":"N","commune":"Grande-Synthe","code_insee":"59271","departement":"Nord","region":"Hauts-de-France"}},{"type":"Feature","geometry":{"type":"Point","coordinates":[2.28448,51.03697]},"properties":{"latitude":"51.03697","longitude":"2.28448","bright_ti4":"308.08","scan":"0.4","track":"0.37","acq_date":"2026-07-02","acq_time":"219","satellite":"N","instrument":"VIIRS","confidence":"n","version":"2.0NRT","bright_ti5":"287.46","frp":"1.33","daynight":"N","commune":"Grande-Synthe","code_insee":"59271","departement":"Nord","region":"Hauts-de-France"}},{"type":"Feature","geometry":{"type":"Point","coordinates":[2.29315,51.04255]},"properties":{"latitude":"51.04255","longitude":"2.29315","bright_ti4":"306.11","scan":"0.4","track":"0.37","acq_date":"2026-07-02","acq_time":"219","satellite":"N","instrument":"VIIRS","confidence":"n","version":"2.0NRT","bright_ti5":"288.99","frp":"1.08","daynight":"N","commune":"Grande-Synthe","code_insee":"59271","departement":"Nord","region":"Hauts-de-France"}},{"type":"Feature","geometry":{"type":"Point","coordinates":[2.30029,51.04483]},"properties":{"latitude":"51.04483","longitude":"2.30029","bright_ti4":"307.02","scan":"0.4","track":"0.37","acq_date":"2026-07-02","acq_time":"219","satellite":"N","instrument":"VIIRS","confidence":"n","version":"2.0NRT","bright_ti5":"288.29","frp":"1.99","daynight":"N","commune":"Grande-Synthe","code_insee":"59271","departement":"Nord","region":"Hauts-de-France"}},{"type":"Feature","geometry":{"type":"Point","coordinates":[2.29467,51.04586]},"properties":{"latitude":"51.04586","longitude":"2.29467","bright_ti4":"337.23","scan":"0.4","track":"0.37","acq_date":"2026-07-02","acq_time":"219","satellite":"N","instrument":"VIIRS","confidence":"n","version":"2.0NRT","bright_ti5":"289.92","frp":"10.08","daynight":"N","commune":"Grande-Synthe","code_insee":"59271","departement":"Nord","region":"Hauts-de-France"}},{"type":"Feature","geometry":{"type":"Point","coordinates":[2.32023,51.04834]},"properties":{"latitude":"51.04834","longitude":"2.32023","bright_ti4":"317.01","scan":"0.4","track":"0.37","acq_date":"2026-07-02","acq_time":"219","satellite":"N","instrument":"VIIRS","confidence":"n","version":"2.0NRT","bright_ti5":"288.96","frp":"1.2","daynight":"N","commune":"Dunkerque","code_insee":"59183","departement":"Nord","region":"Hauts-de-France"}},{"type":"Feature","geometry":{"type":"Point","coordinates":[2.3146,51.04938]},"properties":{"latitude":"51.04938","longitude":"2.3146","bright_ti4":"300.96","scan":"0.4","track":"0.37","acq_date":"2026-07-02","acq_time":"219","satellite":"N","instrument":"VIIRS","confidence":"n","version":"2.0NRT","bright_ti5":"287.2","frp":"1.2","daynight":"N","commune":"Dunkerque","code_insee":"59183","departement":"Nord","region":"Hauts-de-France"}},{"type":"Feature","geometry":{"type":"Point","coordinates":[2.80288,43.28523]},"properties":{"latitude":"43.28523","longitude":"2.80288","bright_ti4":"331.45","scan":"0.55","track":"0.42","acq_date":"2026-07-02","acq_time":"221","satellite":"N","instrument":"VIIRS","confidence":"n","version":"2.0NRT","bright_ti5":"292.02","frp":"4.99","daynight":"N","commune":"Pouzols-Minervois","code_insee":"11296","departement":"Aude","region":"Occitanie"}},{"type":"Feature","geometry":{"type":"Point","coordinates":[2.79563,43.28681]},"properties":{"latitude":"43.28681","longitude":"2.79563","bright_ti4":"317.88","scan":"0.54","track":"0.42","acq_date":"2026-07-02","acq_time":"221","satellite":"N","instrument":"VIIRS","confidence":"n","version":"2.0NRT","bright_ti5":"290.33","frp":"3.58","daynight":"N","commune":"Pouzols-Minervois","code_insee":"11296","departement":"Aude","region":"Occitanie"}},{"type":"Feature","geometry":{"type":"Point","coordinates":[2.79717,43.2906]},"properties":{"latitude":"43.2906","longitude":"2.79717","bright_ti4":"318.04","scan":"0.54","track":"0.42","acq_date":"2026-07-02","acq_time":"221","satellite":"N","instrument":"VIIRS","confidence":"n","version":"2.0NRT","bright_ti5":"290.96","frp":"3.58","daynight":"N","commune":"Pouzols-Minervois","code_insee":"11296","departement":"Aude","region":"Occitanie"}},{"type":"Feature","geometry":{"type":"Point","coordinates":[2.7905,43.29205]},"properties":{"latitude":"43.29205","longitude":"2.7905","bright_ti4":"308.78","scan":"0.54","track":"0.42","acq_date":"2026-07-02","acq_time":"221","satellite":"N","instrument":"VIIRS","confidence":"n","version":"2.0NRT","bright_ti5":"290.52","frp":"3.58","daynight":"N","commune":"Oupia","code_insee":"34190","departement":"Hérault","region":"Occitanie"}},{"type":"Feature","geometry":{"type":"Point","coordinates":[2.78426,43.29341]},"properties":{"latitude":"43.29341","longitude":"2.78426","bright_ti4":"341.73","scan":"0.54","track":"0.42","acq_date":"2026-07-02","acq_time":"221","satellite":"N","instrument":"VIIRS","confidence":"n","version":"2.0NRT","bright_ti5":"301.25","frp":"42.61","daynight":"N","commune":"Oupia","code_insee":"34190","departement":"Hérault","region":"Occitanie"}},{"type":"Feature","geometry":{"type":"Point","coordinates":[2.7859,43.29718]},"properties":{"latitude":"43.29718","longitude":"2.7859","bright_ti4":"321.08","scan":"0.54","track":"0.42","acq_date":"2026-07-02","acq_time":"221","satellite":"N","instrument":"VIIRS","confidence":"n","version":"2.0NRT","bright_ti5":"291.25","frp":"2.57","daynight":"N","commune":"Oupia","code_insee":"34190","departement":"Hérault","region":"Occitanie"}},{"type":"Feature","geometry":{"type":"Point","coordinates":[2.81379,43.31176]},"properties":{"latitude":"43.31176","longitude":"2.81379","bright_ti4":"327.33","scan":"0.55","track":"0.42","acq_date":"2026-07-02","acq_time":"221","satellite":"N","instrument":"VIIRS","confidence":"n","version":"2.0NRT","bright_ti5":"291.85","frp":"4.65","daynight":"N","commune":"Mailhac","code_insee":"11212","departement":"Aude","region":"Occitanie"}},{"type":"Feature","geometry":{"type":"Point","coordinates":[4.88882,43.4412]},"properties":{"latitude":"43.4412","longitude":"4.88882","bright_ti4":"325.12","scan":"0.44","track":"0.46","acq_date":"2026-07-02","acq_time":"221","satellite":"N","instrument":"VIIRS","confidence":"n","version":"2.0NRT","bright_ti5":"294.85","frp":"1.83","daynight":"N","commune":"Fos-sur-Mer","code_insee":"13039","departement":"Bouches-du-Rhône","region":"Provence-Alpes-Côte d'Azur"}},{"type":"Feature","geometry":{"type":"Point","coordinates":[4.88351,43.44244]},"properties":{"latitude":"43.44244","longitude":"4.88351","bright_ti4":"312.12","scan":"0.44","track":"0.46","acq_date":"2026-07-02","acq_time":"221","satellite":"N","instrument":"VIIRS","confidence":"n","version":"2.0NRT","bright_ti5":"293.82","frp":"1.69","daynight":"N","commune":"Fos-sur-Mer","code_insee":"13039","departement":"Bouches-du-Rhône","region":"Provence-Alpes-Côte d'Azur"}},{"type":"Feature","geometry":{"type":"Point","coordinates":[4.89599,43.44408]},"properties":{"latitude":"43.44408","longitude":"4.89599","bright_ti4":"304.87","scan":"0.44","track":"0.46","acq_date":"2026-07-02","acq_time":"221","satellite":"N","instrument":"VIIRS","confidence":"n","version":"2.0NRT","bright_ti5":"294.24","frp":"1.83","daynight":"N","commune":"Fos-sur-Mer","code_insee":"13039","departement":"Bouches-du-Rhône","region":"Provence-Alpes-Côte d'Azur"}},{"type":"Feature","geometry":{"type":"Point","coordinates":[4.89823,43.44631]},"properties":{"latitude":"43.44631","longitude":"4.89823","bright_ti4":"317.14","scan":"0.44","track":"0.46","acq_date":"2026-07-02","acq_time":"221","satellite":"N","instrument":"VIIRS","confidence":"n","version":"2.0NRT","bright_ti5":"294.89","frp":"2.36","daynight":"N","commune":"Fos-sur-Mer","code_insee":"13039","departement":"Bouches-du-Rhône","region":"Provence-Alpes-Côte d'Azur"}},{"type":"Feature","geometry":{"type":"Point","coordinates":[4.89292,43.44758]},"properties":{"latitude":"43.44758","longitude":"4.89292","bright_ti4":"310.36","scan":"0.44","track":"0.46","acq_date":"2026-07-02","acq_time":"221","satellite":"N","instrument":"VIIRS","confidence":"n","version":"2.0NRT","bright_ti5":"294.41","frp":"1.61","daynight":"N","commune":"Fos-sur-Mer","code_insee":"13039","departement":"Bouches-du-Rhône","region":"Provence-Alpes-Côte d'Azur"}},{"type":"Feature","geometry":{"type":"Point","coordinates":[4.89785,43.44821]},"properties":{"latitude":"43.44821","longitude":"4.89785","bright_ti4":"323.06","scan":"0.44","track":"0.46","acq_date":"2026-07-02","acq_time":"221","satellite":"N","instrument":"VIIRS","confidence":"n","version":"2.0NRT","bright_ti5":"295.19","frp":"2.34","daynight":"N","commune":"Fos-sur-Mer","code_insee":"13039","departement":"Bouches-du-Rhône","region":"Provence-Alpes-Côte d'Azur"}},{"type":"Feature","geometry":{"type":"Point","coordinates":[5.21119,43.50119]},"properties":{"latitude":"43.50119","longitude":"5.21119","bright_ti4":"304.54","scan":"0.46","track":"0.47","acq_date":"2026-07-02","acq_time":"221","satellite":"N","instrument":"VIIRS","confidence":"n","version":"2.0NRT","bright_ti5":"292.59","frp":"0.7","daynight":"N","commune":"Rognac","code_insee":"13081","departement":"Bouches-du-Rhône","region":"Provence-Alpes-Côte d'Azur"}},{"type":"Feature","geometry":{"type":"Point","coordinates":[5.15639,43.55595]},"properties":{"latitude":"43.55595","longitude":"5.15639","bright_ti4":"337.97","scan":"0.45","track":"0.47","acq_date":"2026-07-02","acq_time":"221","satellite":"N","instrument":"VIIRS","confidence":"n","version":"2.0NRT","bright_ti5":"295.06","frp":"6.57","daynight":"N","commune":"Lançon-Provence","code_insee":"13051","departement":"Bouches-du-Rhône","region":"Provence-Alpes-Côte d'Azur"}},{"type":"Feature","geometry":{"type":"Point","coordinates":[5.15073,43.5573]},"properties":{"latitude":"43.5573","longitude":"5.15073","bright_ti4":"333.04","scan":"0.45","track":"0.47","acq_date":"2026-07-02","acq_time":"221","satellite":"N","instrument":"VIIRS","confidence":"n","version":"2.0NRT","bright_ti5":"293.3","frp":"7.6","daynight":"N","commune":"Lançon-Provence","code_insee":"13051","departement":"Bouches-du-Rhône","region":"Provence-Alpes-Côte d'Azur"}},{"type":"Feature","geometry":{"type":"Point","coordinates":[5.15792,43.5602]},"properties":{"latitude":"43.5602","longitude":"5.15792","bright_ti4":"337.28","scan":"0.45","track":"0.47","acq_date":"2026-07-02","acq_time":"221","satellite":"N","instrument":"VIIRS","confidence":"n","version":"2.0NRT","bright_ti5":"296.66","frp":"6.57","daynight":"N","commune":"Lançon-Provence","code_insee":"13051","departement":"Bouches-du-Rhône","region":"Provence-Alpes-Côte d'Azur"}},{"type":"Feature","geometry":{"type":"Point","coordinates":[5.15228,43.56155]},"properties":{"latitude":"43.56155","longitude":"5.15228","bright_ti4":"338.18","scan":"0.45","track":"0.47","acq_date":"2026-07-02","acq_time":"221","satellite":"N","instrument":"VIIRS","confidence":"n","version":"2.0NRT","bright_ti5":"294.69","frp":"7.6","daynight":"N","commune":"Lançon-Provence","code_insee":"13051","departement":"Bouches-du-Rhône","region":"Provence-Alpes-Côte d'Azur"}},{"type":"Feature","geometry":{"type":"Point","coordinates":[5.15957,43.56442]},"properties":{"latitude":"43.56442","longitude":"5.15957","bright_ti4":"311.5","scan":"0.45","track":"0.47","acq_date":"2026-07-02","acq_time":"221","satellite":"N","instrument":"VIIRS","confidence":"n","version":"2.0NRT","bright_ti5":"292.08","frp":"0.64","daynight":"N","commune":"Lançon-Provence","code_insee":"13051","departement":"Bouches-du-Rhône","region":"Provence-Alpes-Côte d'Azur"}},{"type":"Feature","geometry":{"type":"Point","coordinates":[5.15406,43.56573]},"properties":{"latitude":"43.56573","longitude":"5.15406","bright_ti4":"306","scan":"0.45","track":"0.47","acq_date":"2026-07-02","acq_time":"221","satellite":"N","instrument":"VIIRS","confidence":"n","version":"2.0NRT","bright_ti5":"293.08","frp":"0.97","daynight":"N","commune":"Lançon-Provence","code_insee":"13051","departement":"Bouches-du-Rhône","region":"Provence-Alpes-Côte d'Azur"}},{"type":"Feature","geometry":{"type":"Point","coordinates":[5.15247,43.57533]},"properties":{"latitude":"43.57533","longitude":"5.15247","bright_ti4":"312.45","scan":"0.45","track":"0.47","acq_date":"2026-07-02","acq_time":"221","satellite":"N","instrument":"VIIRS","confidence":"n","version":"2.0NRT","bright_ti5":"292.26","frp":"0.82","daynight":"N","commune":"Lançon-Provence","code_insee":"13051","departement":"Bouches-du-Rhône","region":"Provence-Alpes-Côte d'Azur"}},{"type":"Feature","geometry":{"type":"Point","coordinates":[1.23132,43.98848]},"properties":{"latitude":"43.98848","longitude":"1.23132","bright_ti4":"299.49","scan":"0.46","track":"0.39","acq_date":"2026-07-02","acq_time":"221","satellite":"N","instrument":"VIIRS","confidence":"n","version":"2.0NRT","bright_ti5":"286.99","frp":"0.41","daynight":"N","commune":"Montech","code_insee":"82125","departement":"Tarn-et-Garonne","region":"Occitanie"}},{"type":"Feature","geometry":{"type":"Point","coordinates":[4.79275,44.01381]},"properties":{"latitude":"44.01381","longitude":"4.79275","bright_ti4":"328.98","scan":"0.43","track":"0.46","acq_date":"2026-07-02","acq_time":"221","satellite":"N","instrument":"VIIRS","confidence":"n","version":"2.0NRT","bright_ti5":"302.14","frp":"19.02","daynight":"N","commune":"Pujaut","code_insee":"30209","departement":"Gard","region":"Occitanie"}},{"type":"Feature","geometry":{"type":"Point","coordinates":[4.78739,44.01505]},"properties":{"latitude":"44.01505","longitude":"4.78739","bright_ti4":"339.69","scan":"0.43","track":"0.46","acq_date":"2026-07-02","acq_time":"221","satellite":"N","instrument":"VIIRS","confidence":"n","version":"2.0NRT","bright_ti5":"293.01","frp":"19.02","daynight":"N","commune":"Pujaut","code_insee":"30209","departement":"Gard","region":"Occitanie"}},{"type":"Feature","geometry":{"type":"Point","coordinates":[3.02964,42.70796]},"properties":{"latitude":"42.70796","longitude":"3.02964","bright_ti4":"336.35","scan":"0.62","track":"0.54","acq_date":"2026-07-02","acq_time":"1206","satellite":"N","instrument":"VIIRS","confidence":"n","version":"2.0NRT","bright_ti5":"308.31","frp":"34.61","daynight":"D","commune":"Canet-en-Roussillon","code_insee":"66037","departement":"Pyrénées-Orientales","region":"Occitanie"}},{"type":"Feature","geometry":{"type":"Point","coordinates":[3.03691,42.70987]},"properties":{"latitude":"42.70987","longitude":"3.03691","bright_ti4":"343.34","scan":"0.62","track":"0.54","acq_date":"2026-07-02","acq_time":"1206","satellite":"N","instrument":"VIIRS","confidence":"n","version":"2.0NRT","bright_ti5":"309.41","frp":"62.4","daynight":"D","commune":"Canet-en-Roussillon","code_insee":"66037","departement":"Pyrénées-Orientales","region":"Occitanie"}},{"type":"Feature","geometry":{"type":"Point","coordinates":[3.02737,42.71271]},"properties":{"latitude":"42.71271","longitude":"3.02737","bright_ti4":"342.2","scan":"0.62","track":"0.54","acq_date":"2026-07-02","acq_time":"1206","satellite":"N","instrument":"VIIRS","confidence":"n","version":"2.0NRT","bright_ti5":"302.75","frp":"10.76","daynight":"D","commune":"Sainte-Marie-la-Mer","code_insee":"66182","departement":"Pyrénées-Orientales","region":"Occitanie"}},{"type":"Feature","geometry":{"type":"Point","coordinates":[3.03464,42.71461]},"properties":{"latitude":"42.71461","longitude":"3.03464","bright_ti4":"330.41","scan":"0.62","track":"0.54","acq_date":"2026-07-02","acq_time":"1206","satellite":"N","instrument":"VIIRS","confidence":"l","version":"2.0NRT","bright_ti5":"300.75","frp":"7.73","daynight":"D","commune":"Canet-en-Roussillon","code_insee":"66037","departement":"Pyrénées-Orientales","region":"Occitanie"}},{"type":"Feature","geometry":{"type":"Point","coordinates":[2.82238,43.27053]},"properties":{"latitude":"43.27053","longitude":"2.82238","bright_ti4":"340.34","scan":"0.61","track":"0.54","acq_date":"2026-07-02","acq_time":"1206","satellite":"N","instrument":"VIIRS","confidence":"n","version":"2.0NRT","bright_ti5":"301.87","frp":"5.74","daynight":"D","commune":"Paraza","code_insee":"11273","departement":"Aude","region":"Occitanie"}},{"type":"Feature","geometry":{"type":"Point","coordinates":[2.82107,43.27167]},"properties":{"latitude":"43.27167","longitude":"2.82107","bright_ti4":"348.46","scan":"0.61","track":"0.54","acq_date":"2026-07-02","acq_time":"1206","satellite":"N","instrument":"VIIRS","confidence":"n","version":"2.0NRT","bright_ti5":"303.95","frp":"15.86","daynight":"D","commune":"Paraza","code_insee":"11273","departement":"Aude","region":"Occitanie"}},{"type":"Feature","geometry":{"type":"Point","coordinates":[2.82991,43.27248]},"properties":{"latitude":"43.27248","longitude":"2.82991","bright_ti4":"336.31","scan":"0.61","track":"0.54","acq_date":"2026-07-02","acq_time":"1206","satellite":"N","instrument":"VIIRS","confidence":"n","version":"2.0NRT","bright_ti5":"299.44","frp":"5.74","daynight":"D","commune":"Sainte-Valière","code_insee":"11366","departement":"Aude","region":"Occitanie"}},{"type":"Feature","geometry":{"type":"Point","coordinates":[2.82857,43.27366]},"properties":{"latitude":"43.27366","longitude":"2.82857","bright_ti4":"336.66","scan":"0.61","track":"0.54","acq_date":"2026-07-02","acq_time":"1206","satellite":"N","instrument":"VIIRS","confidence":"n","version":"2.0NRT","bright_ti5":"299.37","frp":"8.85","daynight":"D","commune":"Sainte-Valière","code_insee":"11366","departement":"Aude","region":"Occitanie"}},{"type":"Feature","geometry":{"type":"Point","coordinates":[2.81161,43.27449]},"properties":{"latitude":"43.27449","longitude":"2.81161","bright_ti4":"341.92","scan":"0.61","track":"0.54","acq_date":"2026-07-02","acq_time":"1206","satellite":"N","instrument":"VIIRS","confidence":"n","version":"2.0NRT","bright_ti5":"302.13","frp":"15.86","daynight":"D","commune":"Pouzols-Minervois","code_insee":"11296","departement":"Aude","region":"Occitanie"}},{"type":"Feature","geometry":{"type":"Point","coordinates":[2.82008,43.27524]},"properties":{"latitude":"43.27524","longitude":"2.82008","bright_ti4":"357.2","scan":"0.61","track":"0.54","acq_date":"2026-07-02","acq_time":"1206","satellite":"N","instrument":"VIIRS","confidence":"n","version":"2.0NRT","bright_ti5":"306.39","frp":"39.98","daynight":"D","commune":"Pouzols-Minervois","code_insee":"11296","departement":"Aude","region":"Occitanie"}},{"type":"Feature","geometry":{"type":"Point","coordinates":[2.81879,43.27639]},"properties":{"latitude":"43.27639","longitude":"2.81879","bright_ti4":"355.93","scan":"0.61","track":"0.54","acq_date":"2026-07-02","acq_time":"1206","satellite":"N","instrument":"VIIRS","confidence":"n","version":"2.0NRT","bright_ti5":"305.67","frp":"15.86","daynight":"D","commune":"Pouzols-Minervois","code_insee":"11296","departement":"Aude","region":"Occitanie"}},{"type":"Feature","geometry":{"type":"Point","coordinates":[2.81067,43.27812]},"properties":{"latitude":"43.27812","longitude":"2.81067","bright_ti4":"337.72","scan":"0.61","track":"0.54","acq_date":"2026-07-02","acq_time":"1206","satellite":"N","instrument":"VIIRS","confidence":"n","version":"2.0NRT","bright_ti5":"309.45","frp":"59.38","daynight":"D","commune":"Pouzols-Minervois","code_insee":"11296","departement":"Aude","region":"Occitanie"}},{"type":"Feature","geometry":{"type":"Point","coordinates":[2.80947,43.27925]},"properties":{"latitude":"43.27925","longitude":"2.80947","bright_ti4":"346.44","scan":"0.61","track":"0.54","acq_date":"2026-07-02","acq_time":"1206","satellite":"N","instrument":"VIIRS","confidence":"n","version":"2.0NRT","bright_ti5":"308.3","frp":"24.95","daynight":"D","commune":"Pouzols-Minervois","code_insee":"11296","departement":"Aude","region":"Occitanie"}},{"type":"Feature","geometry":{"type":"Point","coordinates":[2.81782,43.27997]},"properties":{"latitude":"43.27997","longitude":"2.81782","bright_ti4":"342.12","scan":"0.61","track":"0.54","acq_date":"2026-07-02","acq_time":"1206","satellite":"N","instrument":"VIIRS","confidence":"n","version":"2.0NRT","bright_ti5":"303.28","frp":"39.98","daynight":"D","commune":"Pouzols-Minervois","code_insee":"11296","departement":"Aude","region":"Occitanie"}},{"type":"Feature","geometry":{"type":"Point","coordinates":[2.81665,43.28115]},"properties":{"latitude":"43.28115","longitude":"2.81665","bright_ti4":"341.45","scan":"0.61","track":"0.54","acq_date":"2026-07-02","acq_time":"1206","satellite":"N","instrument":"VIIRS","confidence":"n","version":"2.0NRT","bright_ti5":"301.05","frp":"24.95","daynight":"D","commune":"Pouzols-Minervois","code_insee":"11296","departement":"Aude","region":"Occitanie"}},{"type":"Feature","geometry":{"type":"Point","coordinates":[2.80061,43.28223]},"properties":{"latitude":"43.28223","longitude":"2.80061","bright_ti4":"348.14","scan":"0.61","track":"0.54","acq_date":"2026-07-02","acq_time":"1206","satellite":"N","instrument":"VIIRS","confidence":"n","version":"2.0NRT","bright_ti5":"302.91","frp":"11.61","daynight":"D","commune":"Pouzols-Minervois","code_insee":"11296","departement":"Aude","region":"Occitanie"}},{"type":"Feature","geometry":{"type":"Point","coordinates":[2.80757,43.28408]},"properties":{"latitude":"43.28408","longitude":"2.80757","bright_ti4":"342.54","scan":"0.61","track":"0.54","acq_date":"2026-07-02","acq_time":"1206","satellite":"N","instrument":"VIIRS","confidence":"n","version":"2.0NRT","bright_ti5":"302.95","frp":"24.95","daynight":"D","commune":"Pouzols-Minervois","code_insee":"11296","departement":"Aude","region":"Occitanie"}},{"type":"Feature","geometry":{"type":"Point","coordinates":[2.81453,43.28592]},"properties":{"latitude":"43.28592","longitude":"2.81453","bright_ti4":"341.77","scan":"0.61","track":"0.54","acq_date":"2026-07-02","acq_time":"1206","satellite":"N","instrument":"VIIRS","confidence":"n","version":"2.0NRT","bright_ti5":"303.42","frp":"24.95","daynight":"D","commune":"Pouzols-Minervois","code_insee":"11296","departement":"Aude","region":"Occitanie"}},{"type":"Feature","geometry":{"type":"Point","coordinates":[2.7992,43.28719]},"properties":{"latitude":"43.28719","longitude":"2.7992","bright_ti4":"342.19","scan":"0.61","track":"0.54","acq_date":"2026-07-02","acq_time":"1206","satellite":"N","instrument":"VIIRS","confidence":"n","version":"2.0NRT","bright_ti5":"307.1","frp":"42.72","daynight":"D","commune":"Pouzols-Minervois","code_insee":"11296","departement":"Aude","region":"Occitanie"}},{"type":"Feature","geometry":{"type":"Point","coordinates":[2.79043,43.29019]},"properties":{"latitude":"43.29019","longitude":"2.79043","bright_ti4":"350.43","scan":"0.61","track":"0.54","acq_date":"2026-07-02","acq_time":"1206","satellite":"N","instrument":"VIIRS","confidence":"n","version":"2.0NRT","bright_ti5":"303.88","frp":"42.72","daynight":"D","commune":"Pouzols-Minervois","code_insee":"11296","departement":"Aude","region":"Occitanie"}},{"type":"Feature","geometry":{"type":"Point","coordinates":[2.79746,43.29205]},"properties":{"latitude":"43.29205","longitude":"2.79746","bright_ti4":"334.09","scan":"0.61","track":"0.54","acq_date":"2026-07-02","acq_time":"1206","satellite":"N","instrument":"VIIRS","confidence":"l","version":"2.0NRT","bright_ti5":"304.51","frp":"42.72","daynight":"D","commune":"Pouzols-Minervois","code_insee":"11296","departement":"Aude","region":"Occitanie"}},{"type":"Feature","geometry":{"type":"Point","coordinates":[4.88901,43.43399]},"properties":{"latitude":"43.43399","longitude":"4.88901","bright_ti4":"338.32","scan":"0.49","track":"0.48","acq_date":"2026-07-02","acq_time":"1206","satellite":"N","instrument":"VIIRS","confidence":"n","version":"2.0NRT","bright_ti5":"307.74","frp":"6.28","daynight":"D","commune":"Fos-sur-Mer","code_insee":"13039","departement":"Bouches-du-Rhône","region":"Provence-Alpes-Côte d'Azur"}},{"type":"Feature","geometry":{"type":"Point","coordinates":[4.89484,43.43539]},"properties":{"latitude":"43.43539","longitude":"4.89484","bright_ti4":"338.16","scan":"0.49","track":"0.48","acq_date":"2026-07-02","acq_time":"1206","satellite":"N","instrument":"VIIRS","confidence":"l","version":"2.0NRT","bright_ti5":"311.55","frp":"6.28","daynight":"D","commune":"Fos-sur-Mer","code_insee":"13039","departement":"Bouches-du-Rhône","region":"Provence-Alpes-Côte d'Azur"}},{"type":"Feature","geometry":{"type":"Point","coordinates":[4.79399,43.87673]},"properties":{"latitude":"43.87673","longitude":"4.79399","bright_ti4":"340.75","scan":"0.48","track":"0.48","acq_date":"2026-07-02","acq_time":"1206","satellite":"N","instrument":"VIIRS","confidence":"n","version":"2.0NRT","bright_ti5":"302.74","frp":"4.75","daynight":"D","commune":"Graveson","code_insee":"13045","departement":"Bouches-du-Rhône","region":"Provence-Alpes-Côte d'Azur"}},{"type":"Feature","geometry":{"type":"Point","coordinates":[6.10998,48.61047]},"properties":{"latitude":"48.61047","longitude":"6.10998","bright_ti4":"333.69","scan":"0.5","track":"0.41","acq_date":"2026-07-02","acq_time":"1206","satellite":"N","instrument":"VIIRS","confidence":"l","version":"2.0NRT","bright_ti5":"305.87","frp":"4.76","daynight":"D","commune":"Neuves-Maisons","code_insee":"54397","departement":"Meurthe-et-Moselle","region":"Grand Est"}},{"type":"Feature","geometry":{"type":"Point","coordinates":[8.18211,48.9566]},"properties":{"latitude":"48.9566","longitude":"8.18211","bright_ti4":"332.57","scan":"0.43","track":"0.38","acq_date":"2026-07-02","acq_time":"1206","satellite":"N","instrument":"VIIRS","confidence":"n","version":"2.0NRT","bright_ti5":"306.6","frp":"3.23","daynight":"D","commune":"Lauterbourg","code_insee":"67261","departement":"Bas-Rhin","region":"Grand Est"}},{"type":"Feature","geometry":{"type":"Point","coordinates":[2.27908,51.03131]},"properties":{"latitude":"51.03131","longitude":"2.27908","bright_ti4":"339.07","scan":"0.4","track":"0.44","acq_date":"2026-07-02","acq_time":"1208","satellite":"N","instrument":"VIIRS","confidence":"n","version":"2.0NRT","bright_ti5":"299.67","frp":"3.9","daynight":"D","commune":"Grande-Synthe","code_insee":"59271","departement":"Nord","region":"Hauts-de-France"}},{"type":"Feature","geometry":{"type":"Point","coordinates":[2.2964,51.04425]},"properties":{"latitude":"51.04425","longitude":"2.2964","bright_ti4":"341.95","scan":"0.4","track":"0.44","acq_date":"2026-07-02","acq_time":"1208","satellite":"N","instrument":"VIIRS","confidence":"n","version":"2.0NRT","bright_ti5":"296.36","frp":"6.33","daynight":"D","commune":"Grande-Synthe","code_insee":"59271","departement":"Nord","region":"Hauts-de-France"}},{"type":"Feature","geometry":{"type":"Point","coordinates":[3.02819,42.70569]},"properties":{"latitude":"42.70569","longitude":"3.02819","bright_ti4":"351.23","scan":"0.45","track":"0.63","acq_date":"2026-07-02","acq_time":"1346","satellite":"N","instrument":"VIIRS","confidence":"n","version":"2.0NRT","bright_ti5":"301.89","frp":"11.73","daynight":"D","commune":"Canet-en-Roussillon","code_insee":"66037","departement":"Pyrénées-Orientales","region":"Occitanie"}},{"type":"Feature","geometry":{"type":"Point","coordinates":[3.0339,42.70589]},"properties":{"latitude":"42.70589","longitude":"3.0339","bright_ti4":"354.43","scan":"0.45","track":"0.63","acq_date":"2026-07-02","acq_time":"1346","satellite":"N","instrument":"VIIRS","confidence":"n","version":"2.0NRT","bright_ti5":"303.98","frp":"11.73","daynight":"D","commune":"Canet-en-Roussillon","code_insee":"66037","departement":"Pyrénées-Orientales","region":"Occitanie"}},{"type":"Feature","geometry":{"type":"Point","coordinates":[3.02599,42.70934]},"properties":{"latitude":"42.70934","longitude":"3.02599","bright_ti4":"355.95","scan":"0.45","track":"0.63","acq_date":"2026-07-02","acq_time":"1346","satellite":"N","instrument":"VIIRS","confidence":"n","version":"2.0NRT","bright_ti5":"301.35","frp":"12.38","daynight":"D","commune":"Canet-en-Roussillon","code_insee":"66037","departement":"Pyrénées-Orientales","region":"Occitanie"}},{"type":"Feature","geometry":{"type":"Point","coordinates":[3.03169,42.70951]},"properties":{"latitude":"42.70951","longitude":"3.03169","bright_ti4":"367","scan":"0.45","track":"0.63","acq_date":"2026-07-02","acq_time":"1346","satellite":"N","instrument":"VIIRS","confidence":"h","version":"2.0NRT","bright_ti5":"305.03","frp":"20.97","daynight":"D","commune":"Canet-en-Roussillon","code_insee":"66037","departement":"Pyrénées-Orientales","region":"Occitanie"}},{"type":"Feature","geometry":{"type":"Point","coordinates":[3.0374,42.70968]},"properties":{"latitude":"42.70968","longitude":"3.0374","bright_ti4":"367","scan":"0.45","track":"0.63","acq_date":"2026-07-02","acq_time":"1346","satellite":"N","instrument":"VIIRS","confidence":"h","version":"2.0NRT","bright_ti5":"303.13","frp":"20.97","daynight":"D","commune":"Canet-en-Roussillon","code_insee":"66037","departement":"Pyrénées-Orientales","region":"Occitanie"}},{"type":"Feature","geometry":{"type":"Point","coordinates":[3.0279,42.7116]},"properties":{"latitude":"42.7116","longitude":"3.0279","bright_ti4":"367","scan":"0.45","track":"0.63","acq_date":"2026-07-02","acq_time":"1346","satellite":"N","instrument":"VIIRS","confidence":"h","version":"2.0NRT","bright_ti5":"302.66","frp":"8.6","daynight":"D","commune":"Sainte-Marie-la-Mer","code_insee":"66182","departement":"Pyrénées-Orientales","region":"Occitanie"}},{"type":"Feature","geometry":{"type":"Point","coordinates":[3.0336,42.7118]},"properties":{"latitude":"42.7118","longitude":"3.0336","bright_ti4":"344.05","scan":"0.45","track":"0.63","acq_date":"2026-07-02","acq_time":"1346","satellite":"N","instrument":"VIIRS","confidence":"n","version":"2.0NRT","bright_ti5":"300.5","frp":"8.6","daynight":"D","commune":"Canet-en-Roussillon","code_insee":"66037","departement":"Pyrénées-Orientales","region":"Occitanie"}},{"type":"Feature","geometry":{"type":"Point","coordinates":[1.63689,43.08874]},"properties":{"latitude":"43.08874","longitude":"1.63689","bright_ti4":"345.7","scan":"0.39","track":"0.59","acq_date":"2026-07-02","acq_time":"1346","satellite":"N","instrument":"VIIRS","confidence":"n","version":"2.0NRT","bright_ti5":"300.42","frp":"4.16","daynight":"D","commune":"Saint-Jean-du-Falga","code_insee":"09265","departement":"Ariège","region":"Occitanie"}},{"type":"Feature","geometry":{"type":"Point","coordinates":[1.63532,43.08913]},"properties":{"latitude":"43.08913","longitude":"1.63532","bright_ti4":"334.05","scan":"0.38","track":"0.59","acq_date":"2026-07-02","acq_time":"1346","satellite":"N","instrument":"VIIRS","confidence":"n","version":"2.0NRT","bright_ti5":"299.75","frp":"3.63","daynight":"D","commune":"Saint-Jean-du-Falga","code_insee":"09265","departement":"Ariège","region":"Occitanie"}},{"type":"Feature","geometry":{"type":"Point","coordinates":[3.00577,43.16614]},"properties":{"latitude":"43.16614","longitude":"3.00577","bright_ti4":"367","scan":"0.45","track":"0.63","acq_date":"2026-07-02","acq_time":"1346","satellite":"N","instrument":"VIIRS","confidence":"h","version":"2.0NRT","bright_ti5":"300.63","frp":"8.71","daynight":"D","commune":"Narbonne","code_insee":"11262","departement":"Aude","region":"Occitanie"}},{"type":"Feature","geometry":{"type":"Point","coordinates":[2.80003,43.28114]},"properties":{"latitude":"43.28114","longitude":"2.80003","bright_ti4":"348.52","scan":"0.44","track":"0.63","acq_date":"2026-07-02","acq_time":"1346","satellite":"N","instrument":"VIIRS","confidence":"n","version":"2.0NRT","bright_ti5":"299.45","frp":"7.31","daynight":"D","commune":"Pouzols-Minervois","code_insee":"11296","departement":"Aude","region":"Occitanie"}},{"type":"Feature","geometry":{"type":"Point","coordinates":[2.79171,43.28674]},"properties":{"latitude":"43.28674","longitude":"2.79171","bright_ti4":"347.66","scan":"0.44","track":"0.62","acq_date":"2026-07-02","acq_time":"1346","satellite":"N","instrument":"VIIRS","confidence":"n","version":"2.0NRT","bright_ti5":"298.45","frp":"5.66","daynight":"D","commune":"Pouzols-Minervois","code_insee":"11296","departement":"Aude","region":"Occitanie"}},{"type":"Feature","geometry":{"type":"Point","coordinates":[2.79822,43.28695]},"properties":{"latitude":"43.28695","longitude":"2.79822","bright_ti4":"340.7","scan":"0.44","track":"0.63","acq_date":"2026-07-02","acq_time":"1346","satellite":"N","instrument":"VIIRS","confidence":"n","version":"2.0NRT","bright_ti5":"299.9","frp":"7.31","daynight":"D","commune":"Pouzols-Minervois","code_insee":"11296","departement":"Aude","region":"Occitanie"}},{"type":"Feature","geometry":{"type":"Point","coordinates":[2.79133,43.29259]},"properties":{"latitude":"43.29259","longitude":"2.79133","bright_ti4":"337.05","scan":"0.44","track":"0.62","acq_date":"2026-07-02","acq_time":"1346","satellite":"N","instrument":"VIIRS","confidence":"n","version":"2.0NRT","bright_ti5":"298.96","frp":"4.74","daynight":"D","commune":"Pouzols-Minervois","code_insee":"11296","departement":"Aude","region":"Occitanie"}},{"type":"Feature","geometry":{"type":"Point","coordinates":[1.4163,43.65662]},"properties":{"latitude":"43.65662","longitude":"1.4163","bright_ti4":"367","scan":"0.38","track":"0.59","acq_date":"2026-07-02","acq_time":"1346","satellite":"N","instrument":"VIIRS","confidence":"h","version":"2.0NRT","bright_ti5":"303.74","frp":"4.22","daynight":"D","commune":"Toulouse","code_insee":"31555","departement":"Haute-Garonne","region":"Occitanie"}},{"type":"Feature","geometry":{"type":"Point","coordinates":[1.42112,43.65683]},"properties":{"latitude":"43.65683","longitude":"1.42112","bright_ti4":"340.62","scan":"0.38","track":"0.59","acq_date":"2026-07-02","acq_time":"1346","satellite":"N","instrument":"VIIRS","confidence":"n","version":"2.0NRT","bright_ti5":"301.26","frp":"4.22","daynight":"D","commune":"Toulouse","code_insee":"31555","departement":"Haute-Garonne","region":"Occitanie"}},{"type":"Feature","geometry":{"type":"Point","coordinates":[1.41589,43.66211]},"properties":{"latitude":"43.66211","longitude":"1.41589","bright_ti4":"331.19","scan":"0.38","track":"0.59","acq_date":"2026-07-02","acq_time":"1346","satellite":"N","instrument":"VIIRS","confidence":"n","version":"2.0NRT","bright_ti5":"301.4","frp":"4.22","daynight":"D","commune":"Toulouse","code_insee":"31555","departement":"Haute-Garonne","region":"Occitanie"}},{"type":"Feature","geometry":{"type":"Point","coordinates":[2.46182,43.95236]},"properties":{"latitude":"43.95236","longitude":"2.46182","bright_ti4":"347.45","scan":"0.43","track":"0.62","acq_date":"2026-07-02","acq_time":"1346","satellite":"N","instrument":"VIIRS","confidence":"n","version":"2.0NRT","bright_ti5":"301.7","frp":"8.32","daynight":"D","commune":"Cadix","code_insee":"81047","departement":"Tarn","region":"Occitanie"}},{"type":"Feature","geometry":{"type":"Point","coordinates":[2.46509,43.95248]},"properties":{"latitude":"43.95248","longitude":"2.46509","bright_ti4":"367","scan":"0.43","track":"0.62","acq_date":"2026-07-02","acq_time":"1346","satellite":"N","instrument":"VIIRS","confidence":"h","version":"2.0NRT","bright_ti5":"302.29","frp":"13.25","daynight":"D","commune":"Cadix","code_insee":"81047","departement":"Tarn","region":"Occitanie"}},{"type":"Feature","geometry":{"type":"Point","coordinates":[2.4669,43.95254]},"properties":{"latitude":"43.95254","longitude":"2.4669","bright_ti4":"367","scan":"0.43","track":"0.62","acq_date":"2026-07-02","acq_time":"1346","satellite":"N","instrument":"VIIRS","confidence":"h","version":"2.0NRT","bright_ti5":"299.72","frp":"11.87","daynight":"D","commune":"Cadix","code_insee":"81047","departement":"Tarn","region":"Occitanie"}},{"type":"Feature","geometry":{"type":"Point","coordinates":[4.76619,44.05186]},"properties":{"latitude":"44.05186","longitude":"4.76619","bright_ti4":"367","scan":"0.56","track":"0.69","acq_date":"2026-07-02","acq_time":"1346","satellite":"N","instrument":"VIIRS","confidence":"h","version":"2.0NRT","bright_ti5":"302.09","frp":"14.95","daynight":"D","commune":"Roquemaure","code_insee":"30221","departement":"Gard","region":"Occitanie"}},{"type":"Feature","geometry":{"type":"Point","coordinates":[1.43411,44.20782]},"properties":{"latitude":"44.20782","longitude":"1.43411","bright_ti4":"330.01","scan":"0.38","track":"0.59","acq_date":"2026-07-02","acq_time":"1346","satellite":"N","instrument":"VIIRS","confidence":"n","version":"2.0NRT","bright_ti5":"301.42","frp":"1.31","daynight":"D","commune":"Molières","code_insee":"82113","departement":"Tarn-et-Garonne","region":"Occitanie"}},{"type":"Feature","geometry":{"type":"Point","coordinates":[2.19155,44.68976]},"properties":{"latitude":"44.68976","longitude":"2.19155","bright_ti4":"334.32","scan":"0.42","track":"0.61","acq_date":"2026-07-02","acq_time":"1346","satellite":"N","instrument":"VIIRS","confidence":"n","version":"2.0NRT","bright_ti5":"297.56","frp":"1.99","daynight":"D","commune":"Maurs","code_insee":"15122","departement":"Cantal","region":"Auvergne-Rhône-Alpes"}},{"type":"Feature","geometry":{"type":"Point","coordinates":[3.45164,45.68609]},"properties":{"latitude":"45.68609","longitude":"3.45164","bright_ti4":"367","scan":"0.49","track":"0.65","acq_date":"2026-07-02","acq_time":"1346","satellite":"N","instrument":"VIIRS","confidence":"h","version":"2.0NRT","bright_ti5":"301.66","frp":"10.01","daynight":"D","commune":"Estandeuil","code_insee":"63155","departement":"Puy-de-Dôme","region":"Auvergne-Rhône-Alpes"}},{"type":"Feature","geometry":{"type":"Point","coordinates":[0.25058,46.03745]},"properties":{"latitude":"46.03745","longitude":"0.25058","bright_ti4":"348.35","scan":"0.35","track":"0.56","acq_date":"2026-07-02","acq_time":"1346","satellite":"N","instrument":"VIIRS","confidence":"n","version":"2.0NRT","bright_ti5":"302.45","frp":"4.28","daynight":"D","commune":"Bioussac","code_insee":"16044","departement":"Charente","region":"Nouvelle-Aquitaine"}},{"type":"Feature","geometry":{"type":"Point","coordinates":[2.1547,46.16329]},"properties":{"latitude":"46.16329","longitude":"2.1547","bright_ti4":"349.64","scan":"0.43","track":"0.62","acq_date":"2026-07-02","acq_time":"1346","satellite":"N","instrument":"VIIRS","confidence":"n","version":"2.0NRT","bright_ti5":"301.59","frp":"7.07","daynight":"D","commune":"Gouzon","code_insee":"23093","departement":"Creuse","region":"Nouvelle-Aquitaine"}},{"type":"Feature","geometry":{"type":"Point","coordinates":[2.16052,46.16346]},"properties":{"latitude":"46.16346","longitude":"2.16052","bright_ti4":"347.67","scan":"0.43","track":"0.62","acq_date":"2026-07-02","acq_time":"1346","satellite":"N","instrument":"VIIRS","confidence":"n","version":"2.0NRT","bright_ti5":"300.68","frp":"9.04","daynight":"D","commune":"Gouzon","code_insee":"23093","departement":"Creuse","region":"Nouvelle-Aquitaine"}},{"type":"Feature","geometry":{"type":"Point","coordinates":[3.42328,46.25136]},"properties":{"latitude":"46.25136","longitude":"3.42328","bright_ti4":"299.12","scan":"0.38","track":"0.59","acq_date":"2026-07-02","acq_time":"58","satellite":"N20","instrument":"VIIRS","confidence":"n","version":"2.0NRT","bright_ti5":"286.06","frp":"0.75","daynight":"N","commune":"Créchy","code_insee":"03091","departement":"Allier","region":"Auvergne-Rhône-Alpes"}},{"type":"Feature","geometry":{"type":"Point","coordinates":[3.30425,46.31157]},"properties":{"latitude":"46.31157","longitude":"3.30425","bright_ti4":"296.66","scan":"0.38","track":"0.59","acq_date":"2026-07-02","acq_time":"58","satellite":"N20","instrument":"VIIRS","confidence":"n","version":"2.0NRT","bright_ti5":"286.63","frp":"0.44","daynight":"N","commune":"Saint-Pourçain-sur-Sioule","code_insee":"03254","departement":"Allier","region":"Auvergne-Rhône-Alpes"}},{"type":"Feature","geometry":{"type":"Point","coordinates":[2.98077,48.38926]},"properties":{"latitude":"48.38926","longitude":"2.98077","bright_ti4":"297.5","scan":"0.41","track":"0.61","acq_date":"2026-07-02","acq_time":"58","satellite":"N20","instrument":"VIIRS","confidence":"n","version":"2.0NRT","bright_ti5":"286.74","frp":"1.02","daynight":"N","commune":"Montereau-Fault-Yonne","code_insee":"77305","departement":"Seine-et-Marne","region":"Île-de-France"}},{"type":"Feature","geometry":{"type":"Point","coordinates":[6.11723,48.60942]},"properties":{"latitude":"48.60942","longitude":"6.11723","bright_ti4":"298.42","scan":"0.59","track":"0.53","acq_date":"2026-07-02","acq_time":"58","satellite":"N20","instrument":"VIIRS","confidence":"n","version":"2.0NRT","bright_ti5":"287.72","frp":"1.48","daynight":"N","commune":"Neuves-Maisons","code_insee":"54397","departement":"Meurthe-et-Moselle","region":"Grand Est"}},{"type":"Feature","geometry":{"type":"Point","coordinates":[6.10906,48.60986]},"properties":{"latitude":"48.60986","longitude":"6.10906","bright_ti4":"312.13","scan":"0.59","track":"0.53","acq_date":"2026-07-02","acq_time":"58","satellite":"N20","instrument":"VIIRS","confidence":"n","version":"2.0NRT","bright_ti5":"287.63","frp":"1.48","daynight":"N","commune":"Neuves-Maisons","code_insee":"54397","departement":"Meurthe-et-Moselle","region":"Grand Est"}},{"type":"Feature","geometry":{"type":"Point","coordinates":[6.14863,49.31968]},"properties":{"latitude":"49.31968","longitude":"6.14863","bright_ti4":"301.05","scan":"0.6","track":"0.53","acq_date":"2026-07-02","acq_time":"58","satellite":"N20","instrument":"VIIRS","confidence":"n","version":"2.0NRT","bright_ti5":"286.17","frp":"0.73","daynight":"N","commune":"Florange","code_insee":"57221","departement":"Moselle","region":"Grand Est"}},{"type":"Feature","geometry":{"type":"Point","coordinates":[2.8075,43.2839]},"properties":{"latitude":"43.2839","longitude":"2.8075","bright_ti4":"301.18","scan":"0.39","track":"0.59","acq_date":"2026-07-02","acq_time":"100","satellite":"N20","instrument":"VIIRS","confidence":"n","version":"2.0NRT","bright_ti5":"289.88","frp":"1.06","daynight":"N","commune":"Pouzols-Minervois","code_insee":"11296","departement":"Aude","region":"Occitanie"}},{"type":"Feature","geometry":{"type":"Point","coordinates":[2.80316,43.2841]},"properties":{"latitude":"43.2841","longitude":"2.80316","bright_ti4":"319.99","scan":"0.39","track":"0.59","acq_date":"2026-07-02","acq_time":"100","satellite":"N20","instrument":"VIIRS","confidence":"n","version":"2.0NRT","bright_ti5":"289.52","frp":"1.79","daynight":"N","commune":"Pouzols-Minervois","code_insee":"11296","departement":"Aude","region":"Occitanie"}},{"type":"Feature","geometry":{"type":"Point","coordinates":[2.80404,43.28438]},"properties":{"latitude":"43.28438","longitude":"2.80404","bright_ti4":"332.83","scan":"0.39","track":"0.59","acq_date":"2026-07-02","acq_time":"100","satellite":"N20","instrument":"VIIRS","confidence":"n","version":"2.0NRT","bright_ti5":"290.78","frp":"2.37","daynight":"N","commune":"Pouzols-Minervois","code_insee":"11296","departement":"Aude","region":"Occitanie"}},{"type":"Feature","geometry":{"type":"Point","coordinates":[2.79974,43.28456]},"properties":{"latitude":"43.28456","longitude":"2.79974","bright_ti4":"319.04","scan":"0.39","track":"0.59","acq_date":"2026-07-02","acq_time":"100","satellite":"N20","instrument":"VIIRS","confidence":"n","version":"2.0NRT","bright_ti5":"289.46","frp":"2.3","daynight":"N","commune":"Pouzols-Minervois","code_insee":"11296","departement":"Aude","region":"Occitanie"}},{"type":"Feature","geometry":{"type":"Point","coordinates":[2.80842,43.28936]},"properties":{"latitude":"43.28936","longitude":"2.80842","bright_ti4":"328.55","scan":"0.39","track":"0.59","acq_date":"2026-07-02","acq_time":"100","satellite":"N20","instrument":"VIIRS","confidence":"n","version":"2.0NRT","bright_ti5":"292.11","frp":"3.5","daynight":"N","commune":"Pouzols-Minervois","code_insee":"11296","departement":"Aude","region":"Occitanie"}},{"type":"Feature","geometry":{"type":"Point","coordinates":[2.80426,43.28955]},"properties":{"latitude":"43.28955","longitude":"2.80426","bright_ti4":"322","scan":"0.39","track":"0.59","acq_date":"2026-07-02","acq_time":"100","satellite":"N20","instrument":"VIIRS","confidence":"n","version":"2.0NRT","bright_ti5":"290.95","frp":"3.23","daynight":"N","commune":"Pouzols-Minervois","code_insee":"11296","departement":"Aude","region":"Occitanie"}},{"type":"Feature","geometry":{"type":"Point","coordinates":[2.80931,43.28966]},"properties":{"latitude":"43.28966","longitude":"2.80931","bright_ti4":"306.88","scan":"0.39","track":"0.59","acq_date":"2026-07-02","acq_time":"100","satellite":"N20","instrument":"VIIRS","confidence":"n","version":"2.0NRT","bright_ti5":"289.92","frp":"2.37","daynight":"N","commune":"Pouzols-Minervois","code_insee":"11296","departement":"Aude","region":"Occitanie"}},{"type":"Feature","geometry":{"type":"Point","coordinates":[2.80007,43.28975]},"properties":{"latitude":"43.28975","longitude":"2.80007","bright_ti4":"322.37","scan":"0.39","track":"0.59","acq_date":"2026-07-02","acq_time":"100","satellite":"N20","instrument":"VIIRS","confidence":"n","version":"2.0NRT","bright_ti5":"289.79","frp":"3.23","daynight":"N","commune":"Pouzols-Minervois","code_insee":"11296","departement":"Aude","region":"Occitanie"}},{"type":"Feature","geometry":{"type":"Point","coordinates":[2.80513,43.28983]},"properties":{"latitude":"43.28983","longitude":"2.80513","bright_ti4":"324.6","scan":"0.39","track":"0.59","acq_date":"2026-07-02","acq_time":"100","satellite":"N20","instrument":"VIIRS","confidence":"n","version":"2.0NRT","bright_ti5":"290.45","frp":"2.37","daynight":"N","commune":"Pouzols-Minervois","code_insee":"11296","departement":"Aude","region":"Occitanie"}},{"type":"Feature","geometry":{"type":"Point","coordinates":[2.79583,43.28996]},"properties":{"latitude":"43.28996","longitude":"2.79583","bright_ti4":"333.53","scan":"0.39","track":"0.59","acq_date":"2026-07-02","acq_time":"100","satellite":"N20","instrument":"VIIRS","confidence":"n","version":"2.0NRT","bright_ti5":"290.46","frp":"3.8","daynight":"N","commune":"Pouzols-Minervois","code_insee":"11296","departement":"Aude","region":"Occitanie"}},{"type":"Feature","geometry":{"type":"Point","coordinates":[2.80093,43.29001]},"properties":{"latitude":"43.29001","longitude":"2.80093","bright_ti4":"311.79","scan":"0.39","track":"0.59","acq_date":"2026-07-02","acq_time":"100","satellite":"N20","instrument":"VIIRS","confidence":"n","version":"2.0NRT","bright_ti5":"289.87","frp":"2.3","daynight":"N","commune":"Pouzols-Minervois","code_insee":"11296","departement":"Aude","region":"Occitanie"}},{"type":"Feature","geometry":{"type":"Point","coordinates":[2.7967,43.29019]},"properties":{"latitude":"43.29019","longitude":"2.7967","bright_ti4":"328.55","scan":"0.39","track":"0.59","acq_date":"2026-07-02","acq_time":"100","satellite":"N20","instrument":"VIIRS","confidence":"n","version":"2.0NRT","bright_ti5":"290.4","frp":"2.3","daynight":"N","commune":"Pouzols-Minervois","code_insee":"11296","departement":"Aude","region":"Occitanie"}},{"type":"Feature","geometry":{"type":"Point","coordinates":[2.79218,43.29038]},"properties":{"latitude":"43.29038","longitude":"2.79218","bright_ti4":"307.92","scan":"0.39","track":"0.59","acq_date":"2026-07-02","acq_time":"100","satellite":"N20","instrument":"VIIRS","confidence":"n","version":"2.0NRT","bright_ti5":"288.53","frp":"1.41","daynight":"N","commune":"Pouzols-Minervois","code_insee":"11296","departement":"Aude","region":"Occitanie"}},{"type":"Feature","geometry":{"type":"Point","coordinates":[2.78732,43.29058]},"properties":{"latitude":"43.29058","longitude":"2.78732","bright_ti4":"303.98","scan":"0.39","track":"0.59","acq_date":"2026-07-02","acq_time":"100","satellite":"N20","instrument":"VIIRS","confidence":"n","version":"2.0NRT","bright_ti5":"288.57","frp":"1.41","daynight":"N","commune":"Oupia","code_insee":"34190","departement":"Hérault","region":"Occitanie"}},{"type":"Feature","geometry":{"type":"Point","coordinates":[2.79147,43.29567]},"properties":{"latitude":"43.29567","longitude":"2.79147","bright_ti4":"307.69","scan":"0.39","track":"0.59","acq_date":"2026-07-02","acq_time":"100","satellite":"N20","instrument":"VIIRS","confidence":"n","version":"2.0NRT","bright_ti5":"289.1","frp":"3.8","daynight":"N","commune":"Oupia","code_insee":"34190","departement":"Hérault","region":"Occitanie"}},{"type":"Feature","geometry":{"type":"Point","coordinates":[2.78608,43.29592]},"properties":{"latitude":"43.29592","longitude":"2.78608","bright_ti4":"367","scan":"0.39","track":"0.59","acq_date":"2026-07-02","acq_time":"100","satellite":"N20","instrument":"VIIRS","confidence":"h","version":"2.0NRT","bright_ti5":"292.65","frp":"10","daynight":"N","commune":"Oupia","code_insee":"34190","departement":"Hérault","region":"Occitanie"}},{"type":"Feature","geometry":{"type":"Point","coordinates":[2.78712,43.29609]},"properties":{"latitude":"43.29609","longitude":"2.78712","bright_ti4":"343.84","scan":"0.39","track":"0.59","acq_date":"2026-07-02","acq_time":"100","satellite":"N20","instrument":"VIIRS","confidence":"n","version":"2.0NRT","bright_ti5":"291.72","frp":"6.13","daynight":"N","commune":"Oupia","code_insee":"34190","departement":"Hérault","region":"Occitanie"}},{"type":"Feature","geometry":{"type":"Point","coordinates":[2.78158,43.29632]},"properties":{"latitude":"43.29632","longitude":"2.78158","bright_ti4":"328.74","scan":"0.39","track":"0.59","acq_date":"2026-07-02","acq_time":"100","satellite":"N20","instrument":"VIIRS","confidence":"n","version":"2.0NRT","bright_ti5":"288.8","frp":"4.79","daynight":"N","commune":"Oupia","code_insee":"34190","departement":"Hérault","region":"Occitanie"}},{"type":"Feature","geometry":{"type":"Point","coordinates":[2.81619,43.31137]},"properties":{"latitude":"43.31137","longitude":"2.81619","bright_ti4":"332.59","scan":"0.39","track":"0.59","acq_date":"2026-07-02","acq_time":"100","satellite":"N20","instrument":"VIIRS","confidence":"n","version":"2.0NRT","bright_ti5":"290.84","frp":"3.96","daynight":"N","commune":"Mailhac","code_insee":"11212","departement":"Aude","region":"Occitanie"}},{"type":"Feature","geometry":{"type":"Point","coordinates":[4.88789,43.43937]},"properties":{"latitude":"43.43937","longitude":"4.88789","bright_ti4":"325.38","scan":"0.61","track":"0.53","acq_date":"2026-07-02","acq_time":"100","satellite":"N20","instrument":"VIIRS","confidence":"n","version":"2.0NRT","bright_ti5":"294.57","frp":"4.87","daynight":"N","commune":"Fos-sur-Mer","code_insee":"13039","departement":"Bouches-du-Rhône","region":"Provence-Alpes-Côte d'Azur"}},{"type":"Feature","geometry":{"type":"Point","coordinates":[4.89612,43.44382]},"properties":{"latitude":"43.44382","longitude":"4.89612","bright_ti4":"307.26","scan":"0.61","track":"0.53","acq_date":"2026-07-02","acq_time":"100","satellite":"N20","instrument":"VIIRS","confidence":"n","version":"2.0NRT","bright_ti5":"294.62","frp":"2.82","daynight":"N","commune":"Fos-sur-Mer","code_insee":"13039","departement":"Bouches-du-Rhône","region":"Provence-Alpes-Côte d'Azur"}},{"type":"Feature","geometry":{"type":"Point","coordinates":[4.89671,43.44875]},"properties":{"latitude":"43.44875","longitude":"4.89671","bright_ti4":"305.45","scan":"0.61","track":"0.53","acq_date":"2026-07-02","acq_time":"100","satellite":"N20","instrument":"VIIRS","confidence":"n","version":"2.0NRT","bright_ti5":"294.46","frp":"1.38","daynight":"N","commune":"Fos-sur-Mer","code_insee":"13039","departement":"Bouches-du-Rhône","region":"Provence-Alpes-Côte d'Azur"}},{"type":"Feature","geometry":{"type":"Point","coordinates":[5.21217,43.5051]},"properties":{"latitude":"43.5051","longitude":"5.21217","bright_ti4":"307.2","scan":"0.59","track":"0.53","acq_date":"2026-07-02","acq_time":"100","satellite":"N20","instrument":"VIIRS","confidence":"n","version":"2.0NRT","bright_ti5":"294.59","frp":"1.28","daynight":"N","commune":"Rognac","code_insee":"13081","departement":"Bouches-du-Rhône","region":"Provence-Alpes-Côte d'Azur"}},{"type":"Feature","geometry":{"type":"Point","coordinates":[5.16046,43.55745]},"properties":{"latitude":"43.55745","longitude":"5.16046","bright_ti4":"333.31","scan":"0.59","track":"0.53","acq_date":"2026-07-02","acq_time":"100","satellite":"N20","instrument":"VIIRS","confidence":"n","version":"2.0NRT","bright_ti5":"300.97","frp":"13.88","daynight":"N","commune":"Lançon-Provence","code_insee":"13051","departement":"Bouches-du-Rhône","region":"Provence-Alpes-Côte d'Azur"}},{"type":"Feature","geometry":{"type":"Point","coordinates":[5.15319,43.55792]},"properties":{"latitude":"43.55792","longitude":"5.15319","bright_ti4":"338.3","scan":"0.59","track":"0.53","acq_date":"2026-07-02","acq_time":"100","satellite":"N20","instrument":"VIIRS","confidence":"n","version":"2.0NRT","bright_ti5":"294.85","frp":"20.91","daynight":"N","commune":"Lançon-Provence","code_insee":"13051","departement":"Bouches-du-Rhône","region":"Provence-Alpes-Côte d'Azur"}},{"type":"Feature","geometry":{"type":"Point","coordinates":[5.16161,43.56228]},"properties":{"latitude":"43.56228","longitude":"5.16161","bright_ti4":"311.95","scan":"0.59","track":"0.53","acq_date":"2026-07-02","acq_time":"100","satellite":"N20","instrument":"VIIRS","confidence":"n","version":"2.0NRT","bright_ti5":"295.86","frp":"13.88","daynight":"N","commune":"Lançon-Provence","code_insee":"13051","departement":"Bouches-du-Rhône","region":"Provence-Alpes-Côte d'Azur"}},{"type":"Feature","geometry":{"type":"Point","coordinates":[5.1543,43.56276]},"properties":{"latitude":"43.56276","longitude":"5.1543","bright_ti4":"339.34","scan":"0.59","track":"0.53","acq_date":"2026-07-02","acq_time":"100","satellite":"N20","instrument":"VIIRS","confidence":"n","version":"2.0NRT","bright_ti5":"301.77","frp":"20.91","daynight":"N","commune":"Lançon-Provence","code_insee":"13051","departement":"Bouches-du-Rhône","region":"Provence-Alpes-Côte d'Azur"}},{"type":"Feature","geometry":{"type":"Point","coordinates":[5.16816,43.5645]},"properties":{"latitude":"43.5645","longitude":"5.16816","bright_ti4":"340.13","scan":"0.59","track":"0.53","acq_date":"2026-07-02","acq_time":"100","satellite":"N20","instrument":"VIIRS","confidence":"n","version":"2.0NRT","bright_ti5":"295.12","frp":"7.21","daynight":"N","commune":"Lançon-Provence","code_insee":"13051","departement":"Bouches-du-Rhône","region":"Provence-Alpes-Côte d'Azur"}},{"type":"Feature","geometry":{"type":"Point","coordinates":[5.15337,43.5654]},"properties":{"latitude":"43.5654","longitude":"5.15337","bright_ti4":"313.36","scan":"0.59","track":"0.53","acq_date":"2026-07-02","acq_time":"100","satellite":"N20","instrument":"VIIRS","confidence":"n","version":"2.0NRT","bright_ti5":"293.7","frp":"4.11","daynight":"N","commune":"Lançon-Provence","code_insee":"13051","departement":"Bouches-du-Rhône","region":"Provence-Alpes-Côte d'Azur"}},{"type":"Feature","geometry":{"type":"Point","coordinates":[5.16984,43.56664]},"properties":{"latitude":"43.56664","longitude":"5.16984","bright_ti4":"338.22","scan":"0.59","track":"0.53","acq_date":"2026-07-02","acq_time":"100","satellite":"N20","instrument":"VIIRS","confidence":"n","version":"2.0NRT","bright_ti5":"295.73","frp":"8.68","daynight":"N","commune":"Lançon-Provence","code_insee":"13051","departement":"Bouches-du-Rhône","region":"Provence-Alpes-Côte d'Azur"}},{"type":"Feature","geometry":{"type":"Point","coordinates":[5.45117,45.58262]},"properties":{"latitude":"45.58262","longitude":"5.45117","bright_ti4":"311.64","scan":"0.6","track":"0.53","acq_date":"2026-07-02","acq_time":"100","satellite":"N20","instrument":"VIIRS","confidence":"n","version":"2.0NRT","bright_ti5":"287.32","frp":"1.18","daynight":"N","commune":"La Tour-du-Pin","code_insee":"38509","departement":"Isère","region":"Auvergne-Rhône-Alpes"}},{"type":"Feature","geometry":{"type":"Point","coordinates":[5.45105,45.58491]},"properties":{"latitude":"45.58491","longitude":"5.45105","bright_ti4":"313.59","scan":"0.6","track":"0.53","acq_date":"2026-07-02","acq_time":"100","satellite":"N20","instrument":"VIIRS","confidence":"n","version":"2.0NRT","bright_ti5":"287.14","frp":"1.84","daynight":"N","commune":"La Tour-du-Pin","code_insee":"38509","departement":"Isère","region":"Auvergne-Rhône-Alpes"}},{"type":"Feature","geometry":{"type":"Point","coordinates":[6.11567,48.60846]},"properties":{"latitude":"48.60846","longitude":"6.11567","bright_ti4":"299.84","scan":"0.35","track":"0.57","acq_date":"2026-07-02","acq_time":"238","satellite":"N20","instrument":"VIIRS","confidence":"n","version":"2.0NRT","bright_ti5":"286.3","frp":"0.86","daynight":"N","commune":"Neuves-Maisons","code_insee":"54397","departement":"Meurthe-et-Moselle","region":"Grand Est"}},{"type":"Feature","geometry":{"type":"Point","coordinates":[6.11857,48.60952]},"properties":{"latitude":"48.60952","longitude":"6.11857","bright_ti4":"300.53","scan":"0.35","track":"0.57","acq_date":"2026-07-02","acq_time":"238","satellite":"N20","instrument":"VIIRS","confidence":"n","version":"2.0NRT","bright_ti5":"286.91","frp":"1.16","daynight":"N","commune":"Neuves-Maisons","code_insee":"54397","departement":"Meurthe-et-Moselle","region":"Grand Est"}},{"type":"Feature","geometry":{"type":"Point","coordinates":[6.96565,48.69066]},"properties":{"latitude":"48.69066","longitude":"6.96565","bright_ti4":"296.87","scan":"0.38","track":"0.58","acq_date":"2026-07-02","acq_time":"238","satellite":"N20","instrument":"VIIRS","confidence":"n","version":"2.0NRT","bright_ti5":"284.64","frp":"0.6","daynight":"N","commune":"Héming","code_insee":"57314","departement":"Moselle","region":"Grand Est"}},{"type":"Feature","geometry":{"type":"Point","coordinates":[1.7604,48.98272]},"properties":{"latitude":"48.98272","longitude":"1.7604","bright_ti4":"331.93","scan":"0.44","track":"0.46","acq_date":"2026-07-02","acq_time":"238","satellite":"N20","instrument":"VIIRS","confidence":"n","version":"2.0NRT","bright_ti5":"287.03","frp":"3.83","daynight":"N","commune":"Porcheville","code_insee":"78501","departement":"Yvelines","region":"Île-de-France"}},{"type":"Feature","geometry":{"type":"Point","coordinates":[6.14611,49.31831]},"properties":{"latitude":"49.31831","longitude":"6.14611","bright_ti4":"297.95","scan":"0.33","track":"0.55","acq_date":"2026-07-02","acq_time":"238","satellite":"N20","instrument":"VIIRS","confidence":"n","version":"2.0NRT","bright_ti5":"284.27","frp":"0.4","daynight":"N","commune":"Florange","code_insee":"57221","departement":"Moselle","region":"Grand Est"}},{"type":"Feature","geometry":{"type":"Point","coordinates":[6.05099,49.33476]},"properties":{"latitude":"49.33476","longitude":"6.05099","bright_ti4":"306.13","scan":"0.33","track":"0.55","acq_date":"2026-07-02","acq_time":"238","satellite":"N20","instrument":"VIIRS","confidence":"n","version":"2.0NRT","bright_ti5":"285.01","frp":"0.49","daynight":"N","commune":"Nilvange","code_insee":"57508","departement":"Moselle","region":"Grand Est"}},{"type":"Feature","geometry":{"type":"Point","coordinates":[0.53427,49.47749]},"properties":{"latitude":"49.47749","longitude":"0.53427","bright_ti4":"299.74","scan":"0.39","track":"0.44","acq_date":"2026-07-02","acq_time":"238","satellite":"N20","instrument":"VIIRS","confidence":"n","version":"2.0NRT","bright_ti5":"286.57","frp":"0.9","daynight":"N","commune":"Port-Jérôme-sur-Seine","code_insee":"76476","departement":"Seine-Maritime","region":"Normandie"}},{"type":"Feature","geometry":{"type":"Point","coordinates":[1.89638,50.97171]},"properties":{"latitude":"50.97171","longitude":"1.89638","bright_ti4":"298.24","scan":"0.4","track":"0.44","acq_date":"2026-07-02","acq_time":"238","satellite":"N20","instrument":"VIIRS","confidence":"n","version":"2.0NRT","bright_ti5":"286.25","frp":"0.43","daynight":"N","commune":"Calais","code_insee":"62193","departement":"Pas-de-Calais","region":"Hauts-de-France"}},{"type":"Feature","geometry":{"type":"Point","coordinates":[2.26873,51.02715]},"properties":{"latitude":"51.02715","longitude":"2.26873","bright_ti4":"298.2","scan":"0.41","track":"0.45","acq_date":"2026-07-02","acq_time":"238","satellite":"N20","instrument":"VIIRS","confidence":"n","version":"2.0NRT","bright_ti5":"286.26","frp":"0.64","daynight":"N","commune":"Grande-Synthe","code_insee":"59271","departement":"Nord","region":"Hauts-de-France"}},{"type":"Feature","geometry":{"type":"Point","coordinates":[2.27661,51.0297]},"properties":{"latitude":"51.0297","longitude":"2.27661","bright_ti4":"303.6","scan":"0.41","track":"0.45","acq_date":"2026-07-02","acq_time":"238","satellite":"N20","instrument":"VIIRS","confidence":"n","version":"2.0NRT","bright_ti5":"285.64","frp":"0.64","daynight":"N","commune":"Grande-Synthe","code_insee":"59271","departement":"Nord","region":"Hauts-de-France"}},{"type":"Feature","geometry":{"type":"Point","coordinates":[2.2711,51.03103]},"properties":{"latitude":"51.03103","longitude":"2.2711","bright_ti4":"302.36","scan":"0.41","track":"0.45","acq_date":"2026-07-02","acq_time":"238","satellite":"N20","instrument":"VIIRS","confidence":"n","version":"2.0NRT","bright_ti5":"286.46","frp":"0.64","daynight":"N","commune":"Grande-Synthe","code_insee":"59271","departement":"Nord","region":"Hauts-de-France"}},{"type":"Feature","geometry":{"type":"Point","coordinates":[2.27897,51.03358]},"properties":{"latitude":"51.03358","longitude":"2.27897","bright_ti4":"321.82","scan":"0.41","track":"0.45","acq_date":"2026-07-02","acq_time":"238","satellite":"N20","instrument":"VIIRS","confidence":"n","version":"2.0NRT","bright_ti5":"286.71","frp":"2.31","daynight":"N","commune":"Grande-Synthe","code_insee":"59271","departement":"Nord","region":"Hauts-de-France"}},{"type":"Feature","geometry":{"type":"Point","coordinates":[2.28687,51.03612]},"properties":{"latitude":"51.03612","longitude":"2.28687","bright_ti4":"330","scan":"0.41","track":"0.45","acq_date":"2026-07-02","acq_time":"238","satellite":"N20","instrument":"VIIRS","confidence":"n","version":"2.0NRT","bright_ti5":"288.64","frp":"3.68","daynight":"N","commune":"Grande-Synthe","code_insee":"59271","departement":"Nord","region":"Hauts-de-France"}},{"type":"Feature","geometry":{"type":"Point","coordinates":[2.29713,51.04255]},"properties":{"latitude":"51.04255","longitude":"2.29713","bright_ti4":"316.64","scan":"0.41","track":"0.45","acq_date":"2026-07-02","acq_time":"238","satellite":"N20","instrument":"VIIRS","confidence":"n","version":"2.0NRT","bright_ti5":"289.78","frp":"1.35","daynight":"N","commune":"Grande-Synthe","code_insee":"59271","departement":"Nord","region":"Hauts-de-France"}},{"type":"Feature","geometry":{"type":"Point","coordinates":[2.2916,51.04389]},"properties":{"latitude":"51.04389","longitude":"2.2916","bright_ti4":"300.15","scan":"0.41","track":"0.45","acq_date":"2026-07-02","acq_time":"238","satellite":"N20","instrument":"VIIRS","confidence":"n","version":"2.0NRT","bright_ti5":"286.19","frp":"1.35","daynight":"N","commune":"Grande-Synthe","code_insee":"59271","departement":"Nord","region":"Hauts-de-France"}},{"type":"Feature","geometry":{"type":"Point","coordinates":[2.31852,51.04628]},"properties":{"latitude":"51.04628","longitude":"2.31852","bright_ti4":"307.31","scan":"0.41","track":"0.45","acq_date":"2026-07-02","acq_time":"238","satellite":"N20","instrument":"VIIRS","confidence":"n","version":"2.0NRT","bright_ti5":"287.18","frp":"1.48","daynight":"N","commune":"Dunkerque","code_insee":"59183","departement":"Nord","region":"Hauts-de-France"}},{"type":"Feature","geometry":{"type":"Point","coordinates":[2.29951,51.04643]},"properties":{"latitude":"51.04643","longitude":"2.29951","bright_ti4":"337.58","scan":"0.41","track":"0.45","acq_date":"2026-07-02","acq_time":"238","satellite":"N20","instrument":"VIIRS","confidence":"n","version":"2.0NRT","bright_ti5":"289.52","frp":"8.51","daynight":"N","commune":"Grande-Synthe","code_insee":"59271","departement":"Nord","region":"Hauts-de-France"}},{"type":"Feature","geometry":{"type":"Point","coordinates":[2.72859,42.66125]},"properties":{"latitude":"42.66125","longitude":"2.72859","bright_ti4":"310.57","scan":"0.37","track":"0.58","acq_date":"2026-07-02","acq_time":"241","satellite":"N20","instrument":"VIIRS","confidence":"n","version":"2.0NRT","bright_ti5":"288.49","frp":"0.67","daynight":"N","commune":"Saint-Féliu-d'Avall","code_insee":"66174","departement":"Pyrénées-Orientales","region":"Occitanie"}},{"type":"Feature","geometry":{"type":"Point","coordinates":[2.7308,42.66145]},"properties":{"latitude":"42.66145","longitude":"2.7308","bright_ti4":"309.08","scan":"0.37","track":"0.58","acq_date":"2026-07-02","acq_time":"241","satellite":"N20","instrument":"VIIRS","confidence":"n","version":"2.0NRT","bright_ti5":"288.08","frp":"0.55","daynight":"N","commune":"Saint-Féliu-d'Avall","code_insee":"66174","departement":"Pyrénées-Orientales","region":"Occitanie"}},{"type":"Feature","geometry":{"type":"Point","coordinates":[2.8027,43.28482]},"properties":{"latitude":"43.28482","longitude":"2.8027","bright_ti4":"313.48","scan":"0.36","track":"0.57","acq_date":"2026-07-02","acq_time":"241","satellite":"N20","instrument":"VIIRS","confidence":"n","version":"2.0NRT","bright_ti5":"290.25","frp":"1.57","daynight":"N","commune":"Pouzols-Minervois","code_insee":"11296","departement":"Aude","region":"Occitanie"}},{"type":"Feature","geometry":{"type":"Point","coordinates":[2.79774,43.28619]},"properties":{"latitude":"43.28619","longitude":"2.79774","bright_ti4":"305.95","scan":"0.36","track":"0.57","acq_date":"2026-07-02","acq_time":"241","satellite":"N20","instrument":"VIIRS","confidence":"n","version":"2.0NRT","bright_ti5":"288.66","frp":"2.1","daynight":"N","commune":"Pouzols-Minervois","code_insee":"11296","departement":"Aude","region":"Occitanie"}},{"type":"Feature","geometry":{"type":"Point","coordinates":[2.78858,43.28873]},"properties":{"latitude":"43.28873","longitude":"2.78858","bright_ti4":"301.01","scan":"0.36","track":"0.57","acq_date":"2026-07-02","acq_time":"241","satellite":"N20","instrument":"VIIRS","confidence":"n","version":"2.0NRT","bright_ti5":"288.52","frp":"4.73","daynight":"N","commune":"Pouzols-Minervois","code_insee":"11296","departement":"Aude","region":"Occitanie"}},{"type":"Feature","geometry":{"type":"Point","coordinates":[2.78457,43.28984]},"properties":{"latitude":"43.28984","longitude":"2.78457","bright_ti4":"307.67","scan":"0.36","track":"0.57","acq_date":"2026-07-02","acq_time":"241","satellite":"N20","instrument":"VIIRS","confidence":"n","version":"2.0NRT","bright_ti5":"288.62","frp":"4.73","daynight":"N","commune":"Oupia","code_insee":"34190","departement":"Hérault","region":"Occitanie"}},{"type":"Feature","geometry":{"type":"Point","coordinates":[2.79131,43.29362]},"properties":{"latitude":"43.29362","longitude":"2.79131","bright_ti4":"325.16","scan":"0.36","track":"0.57","acq_date":"2026-07-02","acq_time":"241","satellite":"N20","instrument":"VIIRS","confidence":"n","version":"2.0NRT","bright_ti5":"291.1","frp":"4.73","daynight":"N","commune":"Oupia","code_insee":"34190","departement":"Hérault","region":"Occitanie"}},{"type":"Feature","geometry":{"type":"Point","coordinates":[2.78751,43.29467]},"properties":{"latitude":"43.29467","longitude":"2.78751","bright_ti4":"367","scan":"0.36","track":"0.57","acq_date":"2026-07-02","acq_time":"241","satellite":"N20","instrument":"VIIRS","confidence":"h","version":"2.0NRT","bright_ti5":"296.37","frp":"4.73","daynight":"N","commune":"Oupia","code_insee":"34190","departement":"Hérault","region":"Occitanie"}},{"type":"Feature","geometry":{"type":"Point","coordinates":[2.78385,43.29568]},"properties":{"latitude":"43.29568","longitude":"2.78385","bright_ti4":"318.48","scan":"0.35","track":"0.57","acq_date":"2026-07-02","acq_time":"241","satellite":"N20","instrument":"VIIRS","confidence":"n","version":"2.0NRT","bright_ti5":"289.21","frp":"6.83","daynight":"N","commune":"Oupia","code_insee":"34190","departement":"Hérault","region":"Occitanie"}},{"type":"Feature","geometry":{"type":"Point","coordinates":[2.81575,43.30946]},"properties":{"latitude":"43.30946","longitude":"2.81575","bright_ti4":"320.24","scan":"0.36","track":"0.57","acq_date":"2026-07-02","acq_time":"241","satellite":"N20","instrument":"VIIRS","confidence":"n","version":"2.0NRT","bright_ti5":"290.56","frp":"1.85","daynight":"N","commune":"Aigne","code_insee":"34006","departement":"Hérault","region":"Occitanie"}},{"type":"Feature","geometry":{"type":"Point","coordinates":[4.8886,43.44144]},"properties":{"latitude":"43.44144","longitude":"4.8886","bright_ti4":"326.66","scan":"0.44","track":"0.62","acq_date":"2026-07-02","acq_time":"241","satellite":"N20","instrument":"VIIRS","confidence":"n","version":"2.0NRT","bright_ti5":"292.61","frp":"3.48","daynight":"N","commune":"Fos-sur-Mer","code_insee":"13039","departement":"Bouches-du-Rhône","region":"Provence-Alpes-Côte d'Azur"}},{"type":"Feature","geometry":{"type":"Point","coordinates":[4.88355,43.44296]},"properties":{"latitude":"43.44296","longitude":"4.88355","bright_ti4":"314.16","scan":"0.44","track":"0.62","acq_date":"2026-07-02","acq_time":"241","satellite":"N20","instrument":"VIIRS","confidence":"n","version":"2.0NRT","bright_ti5":"292.66","frp":"1.84","daynight":"N","commune":"Fos-sur-Mer","code_insee":"13039","departement":"Bouches-du-Rhône","region":"Provence-Alpes-Côte d'Azur"}},{"type":"Feature","geometry":{"type":"Point","coordinates":[4.90176,43.44373]},"properties":{"latitude":"43.44373","longitude":"4.90176","bright_ti4":"306.99","scan":"0.44","track":"0.63","acq_date":"2026-07-02","acq_time":"241","satellite":"N20","instrument":"VIIRS","confidence":"n","version":"2.0NRT","bright_ti5":"294.17","frp":"2.41","daynight":"N","commune":"Fos-sur-Mer","code_insee":"13039","departement":"Bouches-du-Rhône","region":"Provence-Alpes-Côte d'Azur"}},{"type":"Feature","geometry":{"type":"Point","coordinates":[4.89666,43.44527]},"properties":{"latitude":"43.44527","longitude":"4.89666","bright_ti4":"329.91","scan":"0.44","track":"0.62","acq_date":"2026-07-02","acq_time":"241","satellite":"N20","instrument":"VIIRS","confidence":"n","version":"2.0NRT","bright_ti5":"293.52","frp":"2.39","daynight":"N","commune":"Fos-sur-Mer","code_insee":"13039","departement":"Bouches-du-Rhône","region":"Provence-Alpes-Côte d'Azur"}},{"type":"Feature","geometry":{"type":"Point","coordinates":[4.89161,43.44678]},"properties":{"latitude":"43.44678","longitude":"4.89161","bright_ti4":"302.86","scan":"0.44","track":"0.62","acq_date":"2026-07-02","acq_time":"241","satellite":"N20","instrument":"VIIRS","confidence":"n","version":"2.0NRT","bright_ti5":"291.72","frp":"2.39","daynight":"N","commune":"Fos-sur-Mer","code_insee":"13039","departement":"Bouches-du-Rhône","region":"Provence-Alpes-Côte d'Azur"}},{"type":"Feature","geometry":{"type":"Point","coordinates":[5.15426,43.55849]},"properties":{"latitude":"43.55849","longitude":"5.15426","bright_ti4":"335.67","scan":"0.45","track":"0.63","acq_date":"2026-07-02","acq_time":"241","satellite":"N20","instrument":"VIIRS","confidence":"n","version":"2.0NRT","bright_ti5":"290.99","frp":"2.46","daynight":"N","commune":"Lançon-Provence","code_insee":"13051","departement":"Bouches-du-Rhône","region":"Provence-Alpes-Côte d'Azur"}},{"type":"Feature","geometry":{"type":"Point","coordinates":[5.15612,43.55918]},"properties":{"latitude":"43.55918","longitude":"5.15612","bright_ti4":"338.38","scan":"0.45","track":"0.63","acq_date":"2026-07-02","acq_time":"241","satellite":"N20","instrument":"VIIRS","confidence":"n","version":"2.0NRT","bright_ti5":"292.33","frp":"2.59","daynight":"N","commune":"Lançon-Provence","code_insee":"13051","departement":"Bouches-du-Rhône","region":"Provence-Alpes-Côte d'Azur"}},{"type":"Feature","geometry":{"type":"Point","coordinates":[5.15672,43.56405]},"properties":{"latitude":"43.56405","longitude":"5.15672","bright_ti4":"307.2","scan":"0.45","track":"0.63","acq_date":"2026-07-02","acq_time":"241","satellite":"N20","instrument":"VIIRS","confidence":"n","version":"2.0NRT","bright_ti5":"290.04","frp":"2.46","daynight":"N","commune":"Lançon-Provence","code_insee":"13051","departement":"Bouches-du-Rhône","region":"Provence-Alpes-Côte d'Azur"}},{"type":"Feature","geometry":{"type":"Point","coordinates":[5.15864,43.56473]},"properties":{"latitude":"43.56473","longitude":"5.15864","bright_ti4":"303.65","scan":"0.45","track":"0.63","acq_date":"2026-07-02","acq_time":"241","satellite":"N20","instrument":"VIIRS","confidence":"n","version":"2.0NRT","bright_ti5":"290.61","frp":"2.59","daynight":"N","commune":"Lançon-Provence","code_insee":"13051","departement":"Bouches-du-Rhône","region":"Provence-Alpes-Côte d'Azur"}},{"type":"Feature","geometry":{"type":"Point","coordinates":[4.79662,44.01376]},"properties":{"latitude":"44.01376","longitude":"4.79662","bright_ti4":"328.28","scan":"0.42","track":"0.61","acq_date":"2026-07-02","acq_time":"241","satellite":"N20","instrument":"VIIRS","confidence":"n","version":"2.0NRT","bright_ti5":"284.5","frp":"6.21","daynight":"N","commune":"Pujaut","code_insee":"30209","departement":"Gard","region":"Occitanie"}},{"type":"Feature","geometry":{"type":"Point","coordinates":[4.79709,44.01482]},"properties":{"latitude":"44.01482","longitude":"4.79709","bright_ti4":"338.29","scan":"0.42","track":"0.61","acq_date":"2026-07-02","acq_time":"241","satellite":"N20","instrument":"VIIRS","confidence":"n","version":"2.0NRT","bright_ti5":"284.22","frp":"4.66","daynight":"N","commune":"Pujaut","code_insee":"30209","departement":"Gard","region":"Occitanie"}},{"type":"Feature","geometry":{"type":"Point","coordinates":[4.79141,44.01533]},"properties":{"latitude":"44.01533","longitude":"4.79141","bright_ti4":"353.06","scan":"0.42","track":"0.61","acq_date":"2026-07-02","acq_time":"241","satellite":"N20","instrument":"VIIRS","confidence":"n","version":"2.0NRT","bright_ti5":"283.66","frp":"8.47","daynight":"N","commune":"Pujaut","code_insee":"30209","departement":"Gard","region":"Occitanie"}},{"type":"Feature","geometry":{"type":"Point","coordinates":[4.79185,44.01636]},"properties":{"latitude":"44.01636","longitude":"4.79185","bright_ti4":"342.87","scan":"0.42","track":"0.61","acq_date":"2026-07-02","acq_time":"241","satellite":"N20","instrument":"VIIRS","confidence":"n","version":"2.0NRT","bright_ti5":"283.12","frp":"4.66","daynight":"N","commune":"Pujaut","code_insee":"30209","departement":"Gard","region":"Occitanie"}},{"type":"Feature","geometry":{"type":"Point","coordinates":[2.51729,47.1488]},"properties":{"latitude":"47.1488","longitude":"2.51729","bright_ti4":"302.94","scan":"0.54","track":"0.51","acq_date":"2026-07-02","acq_time":"241","satellite":"N20","instrument":"VIIRS","confidence":"n","version":"2.0NRT","bright_ti5":"284.37","frp":"0.81","daynight":"N","commune":"Sainte-Solange","code_insee":"18235","departement":"Cher","region":"Centre-Val de Loire"}},{"type":"Feature","geometry":{"type":"Point","coordinates":[-1.03514,48.10658]},"properties":{"latitude":"48.10658","longitude":"-1.03514","bright_ti4":"297.64","scan":"0.54","track":"0.42","acq_date":"2026-07-02","acq_time":"241","satellite":"N20","instrument":"VIIRS","confidence":"n","version":"2.0NRT","bright_ti5":"286.34","frp":"1.04","daynight":"N","commune":"Saint-Pierre-la-Cour","code_insee":"53247","departement":"Mayenne","region":"Pays de la Loire"}},{"type":"Feature","geometry":{"type":"Point","coordinates":[3.03691,42.70591]},"properties":{"latitude":"42.70591","longitude":"3.03691","bright_ti4":"342.48","scan":"0.49","track":"0.4","acq_date":"2026-07-02","acq_time":"1223","satellite":"N20","instrument":"VIIRS","confidence":"n","version":"2.0NRT","bright_ti5":"304.62","frp":"73.6","daynight":"D","commune":"Canet-en-Roussillon","code_insee":"66037","departement":"Pyrénées-Orientales","region":"Occitanie"}},{"type":"Feature","geometry":{"type":"Point","coordinates":[3.02973,42.70836]},"properties":{"latitude":"42.70836","longitude":"3.02973","bright_ti4":"343.75","scan":"0.49","track":"0.4","acq_date":"2026-07-02","acq_time":"1223","satellite":"N20","instrument":"VIIRS","confidence":"n","version":"2.0NRT","bright_ti5":"315.95","frp":"50.77","daynight":"D","commune":"Canet-en-Roussillon","code_insee":"66037","departement":"Pyrénées-Orientales","region":"Occitanie"}},{"type":"Feature","geometry":{"type":"Point","coordinates":[3.0284,42.71198]},"properties":{"latitude":"42.71198","longitude":"3.0284","bright_ti4":"348.12","scan":"0.49","track":"0.4","acq_date":"2026-07-02","acq_time":"1223","satellite":"N20","instrument":"VIIRS","confidence":"n","version":"2.0NRT","bright_ti5":"311.4","frp":"37.19","daynight":"D","commune":"Sainte-Marie-la-Mer","code_insee":"66182","departement":"Pyrénées-Orientales","region":"Occitanie"}},{"type":"Feature","geometry":{"type":"Point","coordinates":[2.82173,43.27429]},"properties":{"latitude":"43.27429","longitude":"2.82173","bright_ti4":"343.49","scan":"0.49","track":"0.4","acq_date":"2026-07-02","acq_time":"1223","satellite":"N20","instrument":"VIIRS","confidence":"n","version":"2.0NRT","bright_ti5":"308.04","frp":"23.46","daynight":"D","commune":"Pouzols-Minervois","code_insee":"11296","departement":"Aude","region":"Occitanie"}},{"type":"Feature","geometry":{"type":"Point","coordinates":[2.81453,43.27671]},"properties":{"latitude":"43.27671","longitude":"2.81453","bright_ti4":"353.49","scan":"0.49","track":"0.4","acq_date":"2026-07-02","acq_time":"1223","satellite":"N20","instrument":"VIIRS","confidence":"n","version":"2.0NRT","bright_ti5":"314.15","frp":"23.46","daynight":"D","commune":"Pouzols-Minervois","code_insee":"11296","departement":"Aude","region":"Occitanie"}},{"type":"Feature","geometry":{"type":"Point","coordinates":[2.80739,43.27914]},"properties":{"latitude":"43.27914","longitude":"2.80739","bright_ti4":"340.11","scan":"0.49","track":"0.4","acq_date":"2026-07-02","acq_time":"1223","satellite":"N20","instrument":"VIIRS","confidence":"n","version":"2.0NRT","bright_ti5":"309.38","frp":"7.46","daynight":"D","commune":"Pouzols-Minervois","code_insee":"11296","departement":"Aude","region":"Occitanie"}},{"type":"Feature","geometry":{"type":"Point","coordinates":[2.81323,43.28033]},"properties":{"latitude":"43.28033","longitude":"2.81323","bright_ti4":"347.07","scan":"0.49","track":"0.4","acq_date":"2026-07-02","acq_time":"1223","satellite":"N20","instrument":"VIIRS","confidence":"n","version":"2.0NRT","bright_ti5":"305.56","frp":"7.74","daynight":"D","commune":"Pouzols-Minervois","code_insee":"11296","departement":"Aude","region":"Occitanie"}},{"type":"Feature","geometry":{"type":"Point","coordinates":[2.80043,43.28162]},"properties":{"latitude":"43.28162","longitude":"2.80043","bright_ti4":"348.19","scan":"0.49","track":"0.4","acq_date":"2026-07-02","acq_time":"1223","satellite":"N20","instrument":"VIIRS","confidence":"n","version":"2.0NRT","bright_ti5":"306.94","frp":"7.46","daynight":"D","commune":"Pouzols-Minervois","code_insee":"11296","departement":"Aude","region":"Occitanie"}},{"type":"Feature","geometry":{"type":"Point","coordinates":[2.80613,43.28278]},"properties":{"latitude":"43.28278","longitude":"2.80613","bright_ti4":"340.12","scan":"0.49","track":"0.4","acq_date":"2026-07-02","acq_time":"1223","satellite":"N20","instrument":"VIIRS","confidence":"n","version":"2.0NRT","bright_ti5":"307.02","frp":"7.46","daynight":"D","commune":"Pouzols-Minervois","code_insee":"11296","departement":"Aude","region":"Occitanie"}},{"type":"Feature","geometry":{"type":"Point","coordinates":[2.81194,43.28395]},"properties":{"latitude":"43.28395","longitude":"2.81194","bright_ti4":"351.03","scan":"0.49","track":"0.4","acq_date":"2026-07-02","acq_time":"1223","satellite":"N20","instrument":"VIIRS","confidence":"n","version":"2.0NRT","bright_ti5":"307.9","frp":"7.74","daynight":"D","commune":"Pouzols-Minervois","code_insee":"11296","departement":"Aude","region":"Occitanie"}},{"type":"Feature","geometry":{"type":"Point","coordinates":[2.79934,43.28529]},"properties":{"latitude":"43.28529","longitude":"2.79934","bright_ti4":"340.35","scan":"0.49","track":"0.4","acq_date":"2026-07-02","acq_time":"1223","satellite":"N20","instrument":"VIIRS","confidence":"n","version":"2.0NRT","bright_ti5":"303.94","frp":"8.02","daynight":"D","commune":"Pouzols-Minervois","code_insee":"11296","departement":"Aude","region":"Occitanie"}},{"type":"Feature","geometry":{"type":"Point","coordinates":[2.79256,43.2878]},"properties":{"latitude":"43.2878","longitude":"2.79256","bright_ti4":"354.33","scan":"0.49","track":"0.4","acq_date":"2026-07-02","acq_time":"1223","satellite":"N20","instrument":"VIIRS","confidence":"n","version":"2.0NRT","bright_ti5":"317.83","frp":"59.23","daynight":"D","commune":"Pouzols-Minervois","code_insee":"11296","departement":"Aude","region":"Occitanie"}},{"type":"Feature","geometry":{"type":"Point","coordinates":[2.79825,43.28895]},"properties":{"latitude":"43.28895","longitude":"2.79825","bright_ti4":"334.85","scan":"0.49","track":"0.4","acq_date":"2026-07-02","acq_time":"1223","satellite":"N20","instrument":"VIIRS","confidence":"n","version":"2.0NRT","bright_ti5":"302.16","frp":"8.02","daynight":"D","commune":"Pouzols-Minervois","code_insee":"11296","departement":"Aude","region":"Occitanie"}},{"type":"Feature","geometry":{"type":"Point","coordinates":[2.79122,43.29141]},"properties":{"latitude":"43.29141","longitude":"2.79122","bright_ti4":"342.94","scan":"0.49","track":"0.4","acq_date":"2026-07-02","acq_time":"1223","satellite":"N20","instrument":"VIIRS","confidence":"n","version":"2.0NRT","bright_ti5":"301","frp":"6.95","daynight":"D","commune":"Pouzols-Minervois","code_insee":"11296","departement":"Aude","region":"Occitanie"}},{"type":"Feature","geometry":{"type":"Point","coordinates":[4.83381,43.38793]},"properties":{"latitude":"43.38793","longitude":"4.83381","bright_ti4":"332.48","scan":"0.42","track":"0.38","acq_date":"2026-07-02","acq_time":"1223","satellite":"N20","instrument":"VIIRS","confidence":"l","version":"2.0NRT","bright_ti5":"305.85","frp":"3.63","daynight":"D","commune":"Port-Saint-Louis-du-Rhône","code_insee":"13078","departement":"Bouches-du-Rhône","region":"Provence-Alpes-Côte d'Azur"}},{"type":"Feature","geometry":{"type":"Point","coordinates":[4.89352,43.4346]},"properties":{"latitude":"43.4346","longitude":"4.89352","bright_ti4":"340.18","scan":"0.42","track":"0.38","acq_date":"2026-07-02","acq_time":"1223","satellite":"N20","instrument":"VIIRS","confidence":"l","version":"2.0NRT","bright_ti5":"314.89","frp":"6.84","daynight":"D","commune":"Fos-sur-Mer","code_insee":"13039","departement":"Bouches-du-Rhône","region":"Provence-Alpes-Côte d'Azur"}},{"type":"Feature","geometry":{"type":"Point","coordinates":[4.89767,43.44532]},"properties":{"latitude":"43.44532","longitude":"4.89767","bright_ti4":"347.23","scan":"0.42","track":"0.38","acq_date":"2026-07-02","acq_time":"1223","satellite":"N20","instrument":"VIIRS","confidence":"n","version":"2.0NRT","bright_ti5":"313.94","frp":"8.94","daynight":"D","commune":"Fos-sur-Mer","code_insee":"13039","departement":"Bouches-du-Rhône","region":"Provence-Alpes-Côte d'Azur"}},{"type":"Feature","geometry":{"type":"Point","coordinates":[1.41653,43.66066]},"properties":{"latitude":"43.66066","longitude":"1.41653","bright_ti4":"346.59","scan":"0.55","track":"0.43","acq_date":"2026-07-02","acq_time":"1223","satellite":"N20","instrument":"VIIRS","confidence":"n","version":"2.0NRT","bright_ti5":"307.82","frp":"29.5","daynight":"D","commune":"Toulouse","code_insee":"31555","departement":"Haute-Garonne","region":"Occitanie"}},{"type":"Feature","geometry":{"type":"Point","coordinates":[4.35067,46.67289]},"properties":{"latitude":"46.67289","longitude":"4.35067","bright_ti4":"333.54","scan":"0.4","track":"0.37","acq_date":"2026-07-02","acq_time":"1225","satellite":"N20","instrument":"VIIRS","confidence":"l","version":"2.0NRT","bright_ti5":"306.74","frp":"0.81","daynight":"D","commune":"Montceau-les-Mines","code_insee":"71306","departement":"Saône-et-Loire","region":"Bourgogne-Franche-Comté"}},{"type":"Feature","geometry":{"type":"Point","coordinates":[6.25004,47.15953]},"properties":{"latitude":"47.15953","longitude":"6.25004","bright_ti4":"333.83","scan":"0.38","track":"0.36","acq_date":"2026-07-02","acq_time":"1225","satellite":"N20","instrument":"VIIRS","confidence":"l","version":"2.0NRT","bright_ti5":"305.57","frp":"2.72","daynight":"D","commune":"Étalans","code_insee":"25222","departement":"Doubs","region":"Bourgogne-Franche-Comté"}},{"type":"Feature","geometry":{"type":"Point","coordinates":[7.68077,48.54823]},"properties":{"latitude":"48.54823","longitude":"7.68077","bright_ti4":"331.61","scan":"0.4","track":"0.37","acq_date":"2026-07-02","acq_time":"1225","satellite":"N20","instrument":"VIIRS","confidence":"l","version":"2.0NRT","bright_ti5":"306.6","frp":"2.28","daynight":"D","commune":"Lingolsheim","code_insee":"67267","departement":"Bas-Rhin","region":"Grand Est"}},{"type":"Feature","geometry":{"type":"Point","coordinates":[6.11384,48.61116]},"properties":{"latitude":"48.61116","longitude":"6.11384","bright_ti4":"335.22","scan":"0.38","track":"0.36","acq_date":"2026-07-02","acq_time":"1225","satellite":"N20","instrument":"VIIRS","confidence":"n","version":"2.0NRT","bright_ti5":"309.03","frp":"3.58","daynight":"D","commune":"Neuves-Maisons","code_insee":"54397","departement":"Meurthe-et-Moselle","region":"Grand Est"}},{"type":"Feature","geometry":{"type":"Point","coordinates":[6.05821,48.88359]},"properties":{"latitude":"48.88359","longitude":"6.05821","bright_ti4":"337.42","scan":"0.38","track":"0.36","acq_date":"2026-07-02","acq_time":"1225","satellite":"N20","instrument":"VIIRS","confidence":"l","version":"2.0NRT","bright_ti5":"307.51","frp":"12.89","daynight":"D","commune":"Blénod-lès-Pont-à-Mousson","code_insee":"54079","departement":"Meurthe-et-Moselle","region":"Grand Est"}},{"type":"Feature","geometry":{"type":"Point","coordinates":[5.81881,48.97057]},"properties":{"latitude":"48.97057","longitude":"5.81881","bright_ti4":"334.3","scan":"0.38","track":"0.36","acq_date":"2026-07-02","acq_time":"1225","satellite":"N20","instrument":"VIIRS","confidence":"n","version":"2.0NRT","bright_ti5":"302.56","frp":"1.96","daynight":"D","commune":"Beney-en-Woëvre","code_insee":"55046","departement":"Meuse","region":"Grand Est"}},{"type":"Feature","geometry":{"type":"Point","coordinates":[2.29943,51.04498]},"properties":{"latitude":"51.04498","longitude":"2.29943","bright_ti4":"340","scan":"0.4","track":"0.37","acq_date":"2026-07-02","acq_time":"1225","satellite":"N20","instrument":"VIIRS","confidence":"n","version":"2.0NRT","bright_ti5":"299.7","frp":"4.56","daynight":"D","commune":"Grande-Synthe","code_insee":"59271","departement":"Nord","region":"Hauts-de-France"}},{"type":"Feature","geometry":{"type":"Point","coordinates":[1.41782,43.65555]},"properties":{"latitude":"43.65555","longitude":"1.41782","bright_ti4":"335.56","scan":"0.79","track":"0.78","acq_date":"2026-07-02","acq_time":"1405","satellite":"N20","instrument":"VIIRS","confidence":"n","version":"2.0NRT","bright_ti5":"296.61","frp":"5.45","daynight":"D","commune":"Toulouse","code_insee":"31555","departement":"Haute-Garonne","region":"Occitanie"}},{"type":"Feature","geometry":{"type":"Point","coordinates":[-1.80494,47.35802]},"properties":{"latitude":"47.35802","longitude":"-1.80494","bright_ti4":"352.39","scan":"0.56","track":"0.69","acq_date":"2026-07-02","acq_time":"1405","satellite":"N20","instrument":"VIIRS","confidence":"n","version":"2.0NRT","bright_ti5":"289.92","frp":"10.57","daynight":"D","commune":"Fay-de-Bretagne","code_insee":"44056","departement":"Loire-Atlantique","region":"Pays de la Loire"}},{"type":"Feature","geometry":{"type":"Point","coordinates":[6.11029,48.60866]},"properties":{"latitude":"48.60866","longitude":"6.11029","bright_ti4":"308.43","scan":"0.39","track":"0.36","acq_date":"2026-07-02","acq_time":"143","satellite":"N21","instrument":"VIIRS","confidence":"n","version":"2.0NRT","bright_ti5":"289.5","frp":"1.51","daynight":"N","commune":"Neuves-Maisons","code_insee":"54397","departement":"Meurthe-et-Moselle","region":"Grand Est"}},{"type":"Feature","geometry":{"type":"Point","coordinates":[6.11664,48.61106]},"properties":{"latitude":"48.61106","longitude":"6.11664","bright_ti4":"314.75","scan":"0.39","track":"0.36","acq_date":"2026-07-02","acq_time":"143","satellite":"N21","instrument":"VIIRS","confidence":"n","version":"2.0NRT","bright_ti5":"288.11","frp":"1.78","daynight":"N","commune":"Neuves-Maisons","code_insee":"54397","departement":"Meurthe-et-Moselle","region":"Grand Est"}},{"type":"Feature","geometry":{"type":"Point","coordinates":[6.11151,48.61191]},"properties":{"latitude":"48.61191","longitude":"6.11151","bright_ti4":"326.57","scan":"0.39","track":"0.36","acq_date":"2026-07-02","acq_time":"143","satellite":"N21","instrument":"VIIRS","confidence":"n","version":"2.0NRT","bright_ti5":"288.49","frp":"1.78","daynight":"N","commune":"Neuves-Maisons","code_insee":"54397","departement":"Meurthe-et-Moselle","region":"Grand Est"}},{"type":"Feature","geometry":{"type":"Point","coordinates":[6.96717,48.69211]},"properties":{"latitude":"48.69211","longitude":"6.96717","bright_ti4":"296.94","scan":"0.39","track":"0.37","acq_date":"2026-07-02","acq_time":"143","satellite":"N21","instrument":"VIIRS","confidence":"n","version":"2.0NRT","bright_ti5":"285.68","frp":"0.89","daynight":"N","commune":"Héming","code_insee":"57314","departement":"Moselle","region":"Grand Est"}},{"type":"Feature","geometry":{"type":"Point","coordinates":[5.68042,48.71695]},"properties":{"latitude":"48.71695","longitude":"5.68042","bright_ti4":"304.43","scan":"0.38","track":"0.36","acq_date":"2026-07-02","acq_time":"143","satellite":"N21","instrument":"VIIRS","confidence":"n","version":"2.0NRT","bright_ti5":"286.61","frp":"1.14","daynight":"N","commune":"Sorcy-Saint-Martin","code_insee":"55496","departement":"Meuse","region":"Grand Est"}},{"type":"Feature","geometry":{"type":"Point","coordinates":[1.75931,48.98214]},"properties":{"latitude":"48.98214","longitude":"1.75931","bright_ti4":"328.82","scan":"0.43","track":"0.38","acq_date":"2026-07-02","acq_time":"143","satellite":"N21","instrument":"VIIRS","confidence":"n","version":"2.0NRT","bright_ti5":"287.51","frp":"2.13","daynight":"N","commune":"Porcheville","code_insee":"78501","departement":"Yvelines","region":"Île-de-France"}},{"type":"Feature","geometry":{"type":"Point","coordinates":[1.76034,48.98558]},"properties":{"latitude":"48.98558","longitude":"1.76034","bright_ti4":"300.46","scan":"0.43","track":"0.38","acq_date":"2026-07-02","acq_time":"143","satellite":"N21","instrument":"VIIRS","confidence":"n","version":"2.0NRT","bright_ti5":"286.6","frp":"2.13","daynight":"N","commune":"Porcheville","code_insee":"78501","departement":"Yvelines","region":"Île-de-France"}},{"type":"Feature","geometry":{"type":"Point","coordinates":[6.05307,49.33551]},"properties":{"latitude":"49.33551","longitude":"6.05307","bright_ti4":"298.63","scan":"0.39","track":"0.36","acq_date":"2026-07-02","acq_time":"143","satellite":"N21","instrument":"VIIRS","confidence":"n","version":"2.0NRT","bright_ti5":"287.18","frp":"0.85","daynight":"N","commune":"Nilvange","code_insee":"57508","departement":"Moselle","region":"Grand Est"}},{"type":"Feature","geometry":{"type":"Point","coordinates":[3.48857,50.33122]},"properties":{"latitude":"50.33122","longitude":"3.48857","bright_ti4":"301.67","scan":"0.4","track":"0.37","acq_date":"2026-07-02","acq_time":"143","satellite":"N21","instrument":"VIIRS","confidence":"n","version":"2.0NRT","bright_ti5":"284.14","frp":"0.87","daynight":"N","commune":"Trith-Saint-Léger","code_insee":"59603","departement":"Nord","region":"Hauts-de-France"}},{"type":"Feature","geometry":{"type":"Point","coordinates":[3.49632,50.33712]},"properties":{"latitude":"50.33712","longitude":"3.49632","bright_ti4":"300.99","scan":"0.4","track":"0.37","acq_date":"2026-07-02","acq_time":"143","satellite":"N21","instrument":"VIIRS","confidence":"n","version":"2.0NRT","bright_ti5":"285.33","frp":"0.78","daynight":"N","commune":"Trith-Saint-Léger","code_insee":"59603","departement":"Nord","region":"Hauts-de-France"}},{"type":"Feature","geometry":{"type":"Point","coordinates":[3.5656,50.40209]},"properties":{"latitude":"50.40209","longitude":"3.5656","bright_ti4":"298","scan":"0.4","track":"0.37","acq_date":"2026-07-02","acq_time":"143","satellite":"N21","instrument":"VIIRS","confidence":"n","version":"2.0NRT","bright_ti5":"285.78","frp":"0.59","daynight":"N","commune":"Saint-Saulve","code_insee":"59544","departement":"Nord","region":"Hauts-de-France"}},{"type":"Feature","geometry":{"type":"Point","coordinates":[3.56002,50.40284]},"properties":{"latitude":"50.40284","longitude":"3.56002","bright_ti4":"298.16","scan":"0.4","track":"0.37","acq_date":"2026-07-02","acq_time":"143","satellite":"N21","instrument":"VIIRS","confidence":"n","version":"2.0NRT","bright_ti5":"286.84","frp":"0.76","daynight":"N","commune":"Saint-Saulve","code_insee":"59544","departement":"Nord","region":"Hauts-de-France"}},{"type":"Feature","geometry":{"type":"Point","coordinates":[2.11462,50.69804]},"properties":{"latitude":"50.69804","longitude":"2.11462","bright_ti4":"298.99","scan":"0.43","track":"0.38","acq_date":"2026-07-02","acq_time":"143","satellite":"N21","instrument":"VIIRS","confidence":"n","version":"2.0NRT","bright_ti5":"286.68","frp":"0.72","daynight":"N","commune":"Lumbres","code_insee":"62534","departement":"Pas-de-Calais","region":"Hauts-de-France"}},{"type":"Feature","geometry":{"type":"Point","coordinates":[1.89697,50.97041]},"properties":{"latitude":"50.97041","longitude":"1.89697","bright_ti4":"298.4","scan":"0.44","track":"0.38","acq_date":"2026-07-02","acq_time":"143","satellite":"N21","instrument":"VIIRS","confidence":"n","version":"2.0NRT","bright_ti5":"286.16","frp":"0.55","daynight":"N","commune":"Calais","code_insee":"62193","departement":"Pas-de-Calais","region":"Hauts-de-France"}},{"type":"Feature","geometry":{"type":"Point","coordinates":[2.28044,51.02881]},"properties":{"latitude":"51.02881","longitude":"2.28044","bright_ti4":"313.31","scan":"0.43","track":"0.38","acq_date":"2026-07-02","acq_time":"143","satellite":"N21","instrument":"VIIRS","confidence":"n","version":"2.0NRT","bright_ti5":"287.69","frp":"1.67","daynight":"N","commune":"Grande-Synthe","code_insee":"59271","departement":"Nord","region":"Hauts-de-France"}},{"type":"Feature","geometry":{"type":"Point","coordinates":[2.27433,51.02956]},"properties":{"latitude":"51.02956","longitude":"2.27433","bright_ti4":"300.89","scan":"0.43","track":"0.38","acq_date":"2026-07-02","acq_time":"143","satellite":"N21","instrument":"VIIRS","confidence":"n","version":"2.0NRT","bright_ti5":"286.55","frp":"1.46","daynight":"N","commune":"Grande-Synthe","code_insee":"59271","departement":"Nord","region":"Hauts-de-France"}},{"type":"Feature","geometry":{"type":"Point","coordinates":[2.25601,51.03181]},"properties":{"latitude":"51.03181","longitude":"2.25601","bright_ti4":"306.44","scan":"0.43","track":"0.38","acq_date":"2026-07-02","acq_time":"143","satellite":"N21","instrument":"VIIRS","confidence":"n","version":"2.0NRT","bright_ti5":"286.47","frp":"0.55","daynight":"N","commune":"Dunkerque","code_insee":"59183","departement":"Nord","region":"Hauts-de-France"}},{"type":"Feature","geometry":{"type":"Point","coordinates":[2.28864,51.03497]},"properties":{"latitude":"51.03497","longitude":"2.28864","bright_ti4":"327.62","scan":"0.43","track":"0.38","acq_date":"2026-07-02","acq_time":"143","satellite":"N21","instrument":"VIIRS","confidence":"n","version":"2.0NRT","bright_ti5":"288.99","frp":"3.79","daynight":"N","commune":"Grande-Synthe","code_insee":"59271","departement":"Nord","region":"Hauts-de-France"}},{"type":"Feature","geometry":{"type":"Point","coordinates":[2.29074,51.04189]},"properties":{"latitude":"51.04189","longitude":"2.29074","bright_ti4":"303.83","scan":"0.43","track":"0.38","acq_date":"2026-07-02","acq_time":"143","satellite":"N21","instrument":"VIIRS","confidence":"n","version":"2.0NRT","bright_ti5":"287.8","frp":"0.84","daynight":"N","commune":"Grande-Synthe","code_insee":"59271","departement":"Nord","region":"Hauts-de-France"}},{"type":"Feature","geometry":{"type":"Point","coordinates":[2.29789,51.04459]},"properties":{"latitude":"51.04459","longitude":"2.29789","bright_ti4":"341.05","scan":"0.43","track":"0.38","acq_date":"2026-07-02","acq_time":"143","satellite":"N21","instrument":"VIIRS","confidence":"n","version":"2.0NRT","bright_ti5":"291.88","frp":"11.97","daynight":"N","commune":"Grande-Synthe","code_insee":"59271","departement":"Nord","region":"Hauts-de-France"}},{"type":"Feature","geometry":{"type":"Point","coordinates":[2.32332,51.04503]},"properties":{"latitude":"51.04503","longitude":"2.32332","bright_ti4":"327.51","scan":"0.43","track":"0.38","acq_date":"2026-07-02","acq_time":"143","satellite":"N21","instrument":"VIIRS","confidence":"n","version":"2.0NRT","bright_ti5":"288.31","frp":"2.92","daynight":"N","commune":"Dunkerque","code_insee":"59183","departement":"Nord","region":"Hauts-de-France"}},{"type":"Feature","geometry":{"type":"Point","coordinates":[2.29882,51.04567]},"properties":{"latitude":"51.04567","longitude":"2.29882","bright_ti4":"328.9","scan":"0.43","track":"0.38","acq_date":"2026-07-02","acq_time":"143","satellite":"N21","instrument":"VIIRS","confidence":"n","version":"2.0NRT","bright_ti5":"290.9","frp":"13.23","daynight":"N","commune":"Grande-Synthe","code_insee":"59271","departement":"Nord","region":"Hauts-de-France"}},{"type":"Feature","geometry":{"type":"Point","coordinates":[2.32429,51.04618]},"properties":{"latitude":"51.04618","longitude":"2.32429","bright_ti4":"324.56","scan":"0.43","track":"0.38","acq_date":"2026-07-02","acq_time":"143","satellite":"N21","instrument":"VIIRS","confidence":"n","version":"2.0NRT","bright_ti5":"288.14","frp":"2.26","daynight":"N","commune":"Dunkerque","code_insee":"59183","departement":"Nord","region":"Hauts-de-France"}},{"type":"Feature","geometry":{"type":"Point","coordinates":[2.31819,51.04692]},"properties":{"latitude":"51.04692","longitude":"2.31819","bright_ti4":"314.97","scan":"0.43","track":"0.38","acq_date":"2026-07-02","acq_time":"143","satellite":"N21","instrument":"VIIRS","confidence":"n","version":"2.0NRT","bright_ti5":"288.99","frp":"2.26","daynight":"N","commune":"Dunkerque","code_insee":"59183","departement":"Nord","region":"Hauts-de-France"}},{"type":"Feature","geometry":{"type":"Point","coordinates":[2.80798,43.28569]},"properties":{"latitude":"43.28569","longitude":"2.80798","bright_ti4":"310.64","scan":"0.38","track":"0.36","acq_date":"2026-07-02","acq_time":"145","satellite":"N21","instrument":"VIIRS","confidence":"n","version":"2.0NRT","bright_ti5":"292.6","frp":"1.42","daynight":"N","commune":"Pouzols-Minervois","code_insee":"11296","departement":"Aude","region":"Occitanie"}},{"type":"Feature","geometry":{"type":"Point","coordinates":[2.80334,43.2864]},"properties":{"latitude":"43.2864","longitude":"2.80334","bright_ti4":"342.9","scan":"0.38","track":"0.36","acq_date":"2026-07-02","acq_time":"145","satellite":"N21","instrument":"VIIRS","confidence":"n","version":"2.0NRT","bright_ti5":"296.24","frp":"6.58","daynight":"N","commune":"Pouzols-Minervois","code_insee":"11296","departement":"Aude","region":"Occitanie"}},{"type":"Feature","geometry":{"type":"Point","coordinates":[2.79868,43.28712]},"properties":{"latitude":"43.28712","longitude":"2.79868","bright_ti4":"341.95","scan":"0.38","track":"0.36","acq_date":"2026-07-02","acq_time":"145","satellite":"N21","instrument":"VIIRS","confidence":"n","version":"2.0NRT","bright_ti5":"294.71","frp":"6.58","daynight":"N","commune":"Pouzols-Minervois","code_insee":"11296","departement":"Aude","region":"Occitanie"}},{"type":"Feature","geometry":{"type":"Point","coordinates":[2.79404,43.28783]},"properties":{"latitude":"43.28783","longitude":"2.79404","bright_ti4":"338.42","scan":"0.38","track":"0.36","acq_date":"2026-07-02","acq_time":"145","satellite":"N21","instrument":"VIIRS","confidence":"n","version":"2.0NRT","bright_ti5":"293.59","frp":"2.83","daynight":"N","commune":"Pouzols-Minervois","code_insee":"11296","departement":"Aude","region":"Occitanie"}},{"type":"Feature","geometry":{"type":"Point","coordinates":[2.79498,43.29108]},"properties":{"latitude":"43.29108","longitude":"2.79498","bright_ti4":"307.48","scan":"0.38","track":"0.36","acq_date":"2026-07-02","acq_time":"145","satellite":"N21","instrument":"VIIRS","confidence":"n","version":"2.0NRT","bright_ti5":"290.81","frp":"2.83","daynight":"N","commune":"Pouzols-Minervois","code_insee":"11296","departement":"Aude","region":"Occitanie"}},{"type":"Feature","geometry":{"type":"Point","coordinates":[2.79031,43.2918]},"properties":{"latitude":"43.2918","longitude":"2.79031","bright_ti4":"312.14","scan":"0.38","track":"0.36","acq_date":"2026-07-02","acq_time":"145","satellite":"N21","instrument":"VIIRS","confidence":"n","version":"2.0NRT","bright_ti5":"291.36","frp":"2.83","daynight":"N","commune":"Oupia","code_insee":"34190","departement":"Hérault","region":"Occitanie"}},{"type":"Feature","geometry":{"type":"Point","coordinates":[2.78564,43.29252]},"properties":{"latitude":"43.29252","longitude":"2.78564","bright_ti4":"340.11","scan":"0.38","track":"0.36","acq_date":"2026-07-02","acq_time":"145","satellite":"N21","instrument":"VIIRS","confidence":"n","version":"2.0NRT","bright_ti5":"309.6","frp":"49.45","daynight":"N","commune":"Oupia","code_insee":"34190","departement":"Hérault","region":"Occitanie"}},{"type":"Feature","geometry":{"type":"Point","coordinates":[2.78658,43.29578]},"properties":{"latitude":"43.29578","longitude":"2.78658","bright_ti4":"330.59","scan":"0.38","track":"0.36","acq_date":"2026-07-02","acq_time":"145","satellite":"N21","instrument":"VIIRS","confidence":"n","version":"2.0NRT","bright_ti5":"292.18","frp":"2.9","daynight":"N","commune":"Oupia","code_insee":"34190","departement":"Hérault","region":"Occitanie"}},{"type":"Feature","geometry":{"type":"Point","coordinates":[2.80429,43.30667]},"properties":{"latitude":"43.30667","longitude":"2.80429","bright_ti4":"324.75","scan":"0.38","track":"0.36","acq_date":"2026-07-02","acq_time":"145","satellite":"N21","instrument":"VIIRS","confidence":"n","version":"2.0NRT","bright_ti5":"291.96","frp":"2.69","daynight":"N","commune":"Oupia","code_insee":"34190","departement":"Hérault","region":"Occitanie"}},{"type":"Feature","geometry":{"type":"Point","coordinates":[2.81921,43.30777]},"properties":{"latitude":"43.30777","longitude":"2.81921","bright_ti4":"319.54","scan":"0.38","track":"0.36","acq_date":"2026-07-02","acq_time":"145","satellite":"N21","instrument":"VIIRS","confidence":"n","version":"2.0NRT","bright_ti5":"292.81","frp":"3.66","daynight":"N","commune":"Mailhac","code_insee":"11212","departement":"Aude","region":"Occitanie"}},{"type":"Feature","geometry":{"type":"Point","coordinates":[2.81456,43.30849]},"properties":{"latitude":"43.30849","longitude":"2.81456","bright_ti4":"333.42","scan":"0.38","track":"0.36","acq_date":"2026-07-02","acq_time":"145","satellite":"N21","instrument":"VIIRS","confidence":"n","version":"2.0NRT","bright_ti5":"294.95","frp":"3.66","daynight":"N","commune":"Aigne","code_insee":"34006","departement":"Hérault","region":"Occitanie"}},{"type":"Feature","geometry":{"type":"Point","coordinates":[4.89019,43.4376]},"properties":{"latitude":"43.4376","longitude":"4.89019","bright_ti4":"328.48","scan":"0.4","track":"0.37","acq_date":"2026-07-02","acq_time":"145","satellite":"N21","instrument":"VIIRS","confidence":"n","version":"2.0NRT","bright_ti5":"295.29","frp":"4.04","daynight":"N","commune":"Fos-sur-Mer","code_insee":"13039","departement":"Bouches-du-Rhône","region":"Provence-Alpes-Côte d'Azur"}},{"type":"Feature","geometry":{"type":"Point","coordinates":[4.88805,43.44061]},"properties":{"latitude":"43.44061","longitude":"4.88805","bright_ti4":"316.46","scan":"0.4","track":"0.37","acq_date":"2026-07-02","acq_time":"145","satellite":"N21","instrument":"VIIRS","confidence":"n","version":"2.0NRT","bright_ti5":"294.61","frp":"1.49","daynight":"N","commune":"Fos-sur-Mer","code_insee":"13039","departement":"Bouches-du-Rhône","region":"Provence-Alpes-Côte d'Azur"}},{"type":"Feature","geometry":{"type":"Point","coordinates":[4.88326,43.44143]},"properties":{"latitude":"43.44143","longitude":"4.88326","bright_ti4":"315.46","scan":"0.4","track":"0.37","acq_date":"2026-07-02","acq_time":"145","satellite":"N21","instrument":"VIIRS","confidence":"n","version":"2.0NRT","bright_ti5":"295.12","frp":"1.49","daynight":"N","commune":"Fos-sur-Mer","code_insee":"13039","departement":"Bouches-du-Rhône","region":"Provence-Alpes-Côte d'Azur"}},{"type":"Feature","geometry":{"type":"Point","coordinates":[4.89871,43.44223]},"properties":{"latitude":"43.44223","longitude":"4.89871","bright_ti4":"306.24","scan":"0.4","track":"0.37","acq_date":"2026-07-02","acq_time":"145","satellite":"N21","instrument":"VIIRS","confidence":"n","version":"2.0NRT","bright_ti5":"295.69","frp":"1.35","daynight":"N","commune":"Fos-sur-Mer","code_insee":"13039","departement":"Bouches-du-Rhône","region":"Provence-Alpes-Côte d'Azur"}},{"type":"Feature","geometry":{"type":"Point","coordinates":[4.89978,43.44552]},"properties":{"latitude":"43.44552","longitude":"4.89978","bright_ti4":"317.82","scan":"0.4","track":"0.37","acq_date":"2026-07-02","acq_time":"145","satellite":"N21","instrument":"VIIRS","confidence":"n","version":"2.0NRT","bright_ti5":"295.58","frp":"2.45","daynight":"N","commune":"Fos-sur-Mer","code_insee":"13039","departement":"Bouches-du-Rhône","region":"Provence-Alpes-Côte d'Azur"}},{"type":"Feature","geometry":{"type":"Point","coordinates":[4.89498,43.44635]},"properties":{"latitude":"43.44635","longitude":"4.89498","bright_ti4":"328.15","scan":"0.4","track":"0.37","acq_date":"2026-07-02","acq_time":"145","satellite":"N21","instrument":"VIIRS","confidence":"n","version":"2.0NRT","bright_ti5":"296.13","frp":"2.45","daynight":"N","commune":"Fos-sur-Mer","code_insee":"13039","departement":"Bouches-du-Rhône","region":"Provence-Alpes-Côte d'Azur"}},{"type":"Feature","geometry":{"type":"Point","coordinates":[4.84013,43.44889]},"properties":{"latitude":"43.44889","longitude":"4.84013","bright_ti4":"304.72","scan":"0.4","track":"0.37","acq_date":"2026-07-02","acq_time":"145","satellite":"N21","instrument":"VIIRS","confidence":"n","version":"2.0NRT","bright_ti5":"293.26","frp":"0.62","daynight":"N","commune":"Port-Saint-Louis-du-Rhône","code_insee":"13078","departement":"Bouches-du-Rhône","region":"Provence-Alpes-Côte d'Azur"}},{"type":"Feature","geometry":{"type":"Point","coordinates":[5.21239,43.50472]},"properties":{"latitude":"43.50472","longitude":"5.21239","bright_ti4":"311.19","scan":"0.4","track":"0.37","acq_date":"2026-07-02","acq_time":"145","satellite":"N21","instrument":"VIIRS","confidence":"n","version":"2.0NRT","bright_ti5":"294.73","frp":"1.58","daynight":"N","commune":"Rognac","code_insee":"13081","departement":"Bouches-du-Rhône","region":"Provence-Alpes-Côte d'Azur"}},{"type":"Feature","geometry":{"type":"Point","coordinates":[5.20477,43.51305]},"properties":{"latitude":"43.51305","longitude":"5.20477","bright_ti4":"305.32","scan":"0.4","track":"0.37","acq_date":"2026-07-02","acq_time":"145","satellite":"N21","instrument":"VIIRS","confidence":"n","version":"2.0NRT","bright_ti5":"295.23","frp":"0.73","daynight":"N","commune":"Rognac","code_insee":"13081","departement":"Bouches-du-Rhône","region":"Provence-Alpes-Côte d'Azur"}},{"type":"Feature","geometry":{"type":"Point","coordinates":[5.15745,43.55624]},"properties":{"latitude":"43.55624","longitude":"5.15745","bright_ti4":"311.53","scan":"0.4","track":"0.37","acq_date":"2026-07-02","acq_time":"145","satellite":"N21","instrument":"VIIRS","confidence":"n","version":"2.0NRT","bright_ti5":"300.63","frp":"19.28","daynight":"N","commune":"Lançon-Provence","code_insee":"13051","departement":"Bouches-du-Rhône","region":"Provence-Alpes-Côte d'Azur"}},{"type":"Feature","geometry":{"type":"Point","coordinates":[5.15256,43.55709]},"properties":{"latitude":"43.55709","longitude":"5.15256","bright_ti4":"330.23","scan":"0.4","track":"0.37","acq_date":"2026-07-02","acq_time":"145","satellite":"N21","instrument":"VIIRS","confidence":"n","version":"2.0NRT","bright_ti5":"305.19","frp":"19.28","daynight":"N","commune":"Lançon-Provence","code_insee":"13051","departement":"Bouches-du-Rhône","region":"Provence-Alpes-Côte d'Azur"}},{"type":"Feature","geometry":{"type":"Point","coordinates":[5.15847,43.55955]},"properties":{"latitude":"43.55955","longitude":"5.15847","bright_ti4":"313.15","scan":"0.4","track":"0.37","acq_date":"2026-07-02","acq_time":"145","satellite":"N21","instrument":"VIIRS","confidence":"n","version":"2.0NRT","bright_ti5":"295.59","frp":"3.71","daynight":"N","commune":"Lançon-Provence","code_insee":"13051","departement":"Bouches-du-Rhône","region":"Provence-Alpes-Côte d'Azur"}},{"type":"Feature","geometry":{"type":"Point","coordinates":[5.15358,43.5604]},"properties":{"latitude":"43.5604","longitude":"5.15358","bright_ti4":"329.46","scan":"0.4","track":"0.37","acq_date":"2026-07-02","acq_time":"145","satellite":"N21","instrument":"VIIRS","confidence":"n","version":"2.0NRT","bright_ti5":"299.24","frp":"3.71","daynight":"N","commune":"Lançon-Provence","code_insee":"13051","departement":"Bouches-du-Rhône","region":"Provence-Alpes-Côte d'Azur"}},{"type":"Feature","geometry":{"type":"Point","coordinates":[5.15464,43.56371]},"properties":{"latitude":"43.56371","longitude":"5.15464","bright_ti4":"312.09","scan":"0.4","track":"0.37","acq_date":"2026-07-02","acq_time":"145","satellite":"N21","instrument":"VIIRS","confidence":"n","version":"2.0NRT","bright_ti5":"294.69","frp":"3.71","daynight":"N","commune":"Lançon-Provence","code_insee":"13051","departement":"Bouches-du-Rhône","region":"Provence-Alpes-Côte d'Azur"}},{"type":"Feature","geometry":{"type":"Point","coordinates":[5.1568,43.5703]},"properties":{"latitude":"43.5703","longitude":"5.1568","bright_ti4":"308.83","scan":"0.4","track":"0.37","acq_date":"2026-07-02","acq_time":"145","satellite":"N21","instrument":"VIIRS","confidence":"n","version":"2.0NRT","bright_ti5":"293.18","frp":"0.77","daynight":"N","commune":"Lançon-Provence","code_insee":"13051","departement":"Bouches-du-Rhône","region":"Provence-Alpes-Côte d'Azur"}},{"type":"Feature","geometry":{"type":"Point","coordinates":[5.1579,43.5736]},"properties":{"latitude":"43.5736","longitude":"5.1579","bright_ti4":"331.29","scan":"0.4","track":"0.37","acq_date":"2026-07-02","acq_time":"145","satellite":"N21","instrument":"VIIRS","confidence":"n","version":"2.0NRT","bright_ti5":"295.77","frp":"2.31","daynight":"N","commune":"Lançon-Provence","code_insee":"13051","departement":"Bouches-du-Rhône","region":"Provence-Alpes-Côte d'Azur"}},{"type":"Feature","geometry":{"type":"Point","coordinates":[5.15901,43.57689]},"properties":{"latitude":"43.57689","longitude":"5.15901","bright_ti4":"317.57","scan":"0.4","track":"0.37","acq_date":"2026-07-02","acq_time":"145","satellite":"N21","instrument":"VIIRS","confidence":"n","version":"2.0NRT","bright_ti5":"294.56","frp":"2.31","daynight":"N","commune":"Lançon-Provence","code_insee":"13051","departement":"Bouches-du-Rhône","region":"Provence-Alpes-Côte d'Azur"}},{"type":"Feature","geometry":{"type":"Point","coordinates":[7.37292,43.79402]},"properties":{"latitude":"43.79402","longitude":"7.37292","bright_ti4":"302.65","scan":"0.45","track":"0.39","acq_date":"2026-07-02","acq_time":"145","satellite":"N21","instrument":"VIIRS","confidence":"n","version":"2.0NRT","bright_ti5":"290.56","frp":"0.95","daynight":"N","commune":"Blausasc","code_insee":"06019","departement":"Alpes-Maritimes","region":"Provence-Alpes-Côte d'Azur"}},{"type":"Feature","geometry":{"type":"Point","coordinates":[1.23066,43.987]},"properties":{"latitude":"43.987","longitude":"1.23066","bright_ti4":"299.95","scan":"0.4","track":"0.37","acq_date":"2026-07-02","acq_time":"145","satellite":"N21","instrument":"VIIRS","confidence":"n","version":"2.0NRT","bright_ti5":"287.74","frp":"0.31","daynight":"N","commune":"Montech","code_insee":"82125","departement":"Tarn-et-Garonne","region":"Occitanie"}},{"type":"Feature","geometry":{"type":"Point","coordinates":[5.66852,45.22966]},"properties":{"latitude":"45.22966","longitude":"5.66852","bright_ti4":"302.57","scan":"0.4","track":"0.37","acq_date":"2026-07-02","acq_time":"145","satellite":"N21","instrument":"VIIRS","confidence":"n","version":"2.0NRT","bright_ti5":"291.24","frp":"0.55","daynight":"N","commune":"Saint-Égrève","code_insee":"38382","departement":"Isère","region":"Auvergne-Rhône-Alpes"}},{"type":"Feature","geometry":{"type":"Point","coordinates":[3.42489,46.24835]},"properties":{"latitude":"46.24835","longitude":"3.42489","bright_ti4":"298.08","scan":"0.39","track":"0.36","acq_date":"2026-07-02","acq_time":"145","satellite":"N21","instrument":"VIIRS","confidence":"n","version":"2.0NRT","bright_ti5":"286.71","frp":"0.35","daynight":"N","commune":"Créchy","code_insee":"03091","departement":"Allier","region":"Auvergne-Rhône-Alpes"}},{"type":"Feature","geometry":{"type":"Point","coordinates":[0.27631,47.79459]},"properties":{"latitude":"47.79459","longitude":"0.27631","bright_ti4":"297.28","scan":"0.46","track":"0.39","acq_date":"2026-07-02","acq_time":"145","satellite":"N21","instrument":"VIIRS","confidence":"n","version":"2.0NRT","bright_ti5":"283.5","frp":"0.76","daynight":"N","commune":"Mayet","code_insee":"72191","departement":"Sarthe","region":"Pays de la Loire"}},{"type":"Feature","geometry":{"type":"Point","coordinates":[2.98197,48.38629]},"properties":{"latitude":"48.38629","longitude":"2.98197","bright_ti4":"318.45","scan":"0.4","track":"0.37","acq_date":"2026-07-02","acq_time":"145","satellite":"N21","instrument":"VIIRS","confidence":"n","version":"2.0NRT","bright_ti5":"289.8","frp":"2.34","daynight":"N","commune":"Montereau-Fault-Yonne","code_insee":"77305","departement":"Seine-et-Marne","region":"Île-de-France"}},{"type":"Feature","geometry":{"type":"Point","coordinates":[2.45947,48.61824]},"properties":{"latitude":"48.61824","longitude":"2.45947","bright_ti4":"300.71","scan":"0.41","track":"0.37","acq_date":"2026-07-02","acq_time":"145","satellite":"N21","instrument":"VIIRS","confidence":"n","version":"2.0NRT","bright_ti5":"287.36","frp":"0.46","daynight":"N","commune":"Corbeil-Essonnes","code_insee":"91174","departement":"Essonne","region":"Île-de-France"}},{"type":"Feature","geometry":{"type":"Point","coordinates":[1.75895,48.98332]},"properties":{"latitude":"48.98332","longitude":"1.75895","bright_ti4":"304.21","scan":"0.73","track":"0.76","acq_date":"2026-07-02","acq_time":"323","satellite":"N21","instrument":"VIIRS","confidence":"n","version":"2.0NRT","bright_ti5":"283.85","frp":"1.89","daynight":"N","commune":"Porcheville","code_insee":"78501","departement":"Yvelines","region":"Île-de-France"}},{"type":"Feature","geometry":{"type":"Point","coordinates":[1.76123,48.98338]},"properties":{"latitude":"48.98338","longitude":"1.76123","bright_ti4":"304.44","scan":"0.73","track":"0.76","acq_date":"2026-07-02","acq_time":"323","satellite":"N21","instrument":"VIIRS","confidence":"n","version":"2.0NRT","bright_ti5":"283.93","frp":"2.56","daynight":"N","commune":"Porcheville","code_insee":"78501","departement":"Yvelines","region":"Île-de-France"}},{"type":"Feature","geometry":{"type":"Point","coordinates":[2.26862,51.02784]},"properties":{"latitude":"51.02784","longitude":"2.26862","bright_ti4":"295.26","scan":"0.64","track":"0.72","acq_date":"2026-07-02","acq_time":"323","satellite":"N21","instrument":"VIIRS","confidence":"n","version":"2.0NRT","bright_ti5":"284.27","frp":"0.98","daynight":"N","commune":"Grande-Synthe","code_insee":"59271","departement":"Nord","region":"Hauts-de-France"}},{"type":"Feature","geometry":{"type":"Point","coordinates":[2.27955,51.03245]},"properties":{"latitude":"51.03245","longitude":"2.27955","bright_ti4":"295.67","scan":"0.64","track":"0.72","acq_date":"2026-07-02","acq_time":"323","satellite":"N21","instrument":"VIIRS","confidence":"n","version":"2.0NRT","bright_ti5":"284.19","frp":"1.57","daynight":"N","commune":"Grande-Synthe","code_insee":"59271","departement":"Nord","region":"Hauts-de-France"}},{"type":"Feature","geometry":{"type":"Point","coordinates":[2.29304,51.03517]},"properties":{"latitude":"51.03517","longitude":"2.29304","bright_ti4":"299.09","scan":"0.64","track":"0.72","acq_date":"2026-07-02","acq_time":"323","satellite":"N21","instrument":"VIIRS","confidence":"n","version":"2.0NRT","bright_ti5":"284.18","frp":"1.57","daynight":"N","commune":"Grande-Synthe","code_insee":"59271","departement":"Nord","region":"Hauts-de-France"}},{"type":"Feature","geometry":{"type":"Point","coordinates":[2.28752,51.03624]},"properties":{"latitude":"51.03624","longitude":"2.28752","bright_ti4":"315.31","scan":"0.64","track":"0.72","acq_date":"2026-07-02","acq_time":"323","satellite":"N21","instrument":"VIIRS","confidence":"n","version":"2.0NRT","bright_ti5":"284.97","frp":"4.31","daynight":"N","commune":"Grande-Synthe","code_insee":"59271","departement":"Nord","region":"Hauts-de-France"}},{"type":"Feature","geometry":{"type":"Point","coordinates":[2.28516,51.03811]},"properties":{"latitude":"51.03811","longitude":"2.28516","bright_ti4":"300.56","scan":"0.64","track":"0.72","acq_date":"2026-07-02","acq_time":"323","satellite":"N21","instrument":"VIIRS","confidence":"n","version":"2.0NRT","bright_ti5":"284.6","frp":"1.57","daynight":"N","commune":"Grande-Synthe","code_insee":"59271","departement":"Nord","region":"Hauts-de-France"}},{"type":"Feature","geometry":{"type":"Point","coordinates":[2.2986,51.04085]},"properties":{"latitude":"51.04085","longitude":"2.2986","bright_ti4":"305.18","scan":"0.64","track":"0.72","acq_date":"2026-07-02","acq_time":"323","satellite":"N21","instrument":"VIIRS","confidence":"n","version":"2.0NRT","bright_ti5":"284.9","frp":"3.37","daynight":"N","commune":"Grande-Synthe","code_insee":"59271","departement":"Nord","region":"Hauts-de-France"}},{"type":"Feature","geometry":{"type":"Point","coordinates":[2.29306,51.04192]},"properties":{"latitude":"51.04192","longitude":"2.29306","bright_ti4":"314.34","scan":"0.64","track":"0.72","acq_date":"2026-07-02","acq_time":"323","satellite":"N21","instrument":"VIIRS","confidence":"n","version":"2.0NRT","bright_ti5":"285.63","frp":"4.7","daynight":"N","commune":"Grande-Synthe","code_insee":"59271","departement":"Nord","region":"Hauts-de-France"}},{"type":"Feature","geometry":{"type":"Point","coordinates":[2.29073,51.04378]},"properties":{"latitude":"51.04378","longitude":"2.29073","bright_ti4":"310.63","scan":"0.64","track":"0.72","acq_date":"2026-07-02","acq_time":"323","satellite":"N21","instrument":"VIIRS","confidence":"n","version":"2.0NRT","bright_ti5":"284.74","frp":"3.37","daynight":"N","commune":"Grande-Synthe","code_insee":"59271","departement":"Nord","region":"Hauts-de-France"}},{"type":"Feature","geometry":{"type":"Point","coordinates":[2.29863,51.0476]},"properties":{"latitude":"51.0476","longitude":"2.29863","bright_ti4":"326.38","scan":"0.64","track":"0.72","acq_date":"2026-07-02","acq_time":"323","satellite":"N21","instrument":"VIIRS","confidence":"n","version":"2.0NRT","bright_ti5":"285.08","frp":"4.7","daynight":"N","commune":"Grande-Synthe","code_insee":"59271","departement":"Nord","region":"Hauts-de-France"}},{"type":"Feature","geometry":{"type":"Point","coordinates":[3.0272,42.70688]},"properties":{"latitude":"42.70688","longitude":"3.0272","bright_ti4":"347.75","scan":"0.66","track":"0.73","acq_date":"2026-07-02","acq_time":"1130","satellite":"N21","instrument":"VIIRS","confidence":"n","version":"2.0NRT","bright_ti5":"298.58","frp":"27.2","daynight":"D","commune":"Canet-en-Roussillon","code_insee":"66037","departement":"Pyrénées-Orientales","region":"Occitanie"}},{"type":"Feature","geometry":{"type":"Point","coordinates":[3.0345,42.70933]},"properties":{"latitude":"42.70933","longitude":"3.0345","bright_ti4":"367","scan":"0.66","track":"0.73","acq_date":"2026-07-02","acq_time":"1130","satellite":"N21","instrument":"VIIRS","confidence":"h","version":"2.0NRT","bright_ti5":"299.29","frp":"27.2","daynight":"D","commune":"Canet-en-Roussillon","code_insee":"66037","departement":"Pyrénées-Orientales","region":"Occitanie"}},{"type":"Feature","geometry":{"type":"Point","coordinates":[3.02354,42.71306]},"properties":{"latitude":"42.71306","longitude":"3.02354","bright_ti4":"330.75","scan":"0.66","track":"0.73","acq_date":"2026-07-02","acq_time":"1130","satellite":"N21","instrument":"VIIRS","confidence":"n","version":"2.0NRT","bright_ti5":"298.87","frp":"27.2","daynight":"D","commune":"Sainte-Marie-la-Mer","code_insee":"66182","departement":"Pyrénées-Orientales","region":"Occitanie"}},{"type":"Feature","geometry":{"type":"Point","coordinates":[2.81287,43.27435]},"properties":{"latitude":"43.27435","longitude":"2.81287","bright_ti4":"342.92","scan":"0.64","track":"0.72","acq_date":"2026-07-02","acq_time":"1130","satellite":"N21","instrument":"VIIRS","confidence":"n","version":"2.0NRT","bright_ti5":"297.41","frp":"30.86","daynight":"D","commune":"Pouzols-Minervois","code_insee":"11296","departement":"Aude","region":"Occitanie"}},{"type":"Feature","geometry":{"type":"Point","coordinates":[2.81488,43.27617]},"properties":{"latitude":"43.27617","longitude":"2.81488","bright_ti4":"351.94","scan":"0.65","track":"0.73","acq_date":"2026-07-02","acq_time":"1130","satellite":"N21","instrument":"VIIRS","confidence":"n","version":"2.0NRT","bright_ti5":"301.13","frp":"35.18","daynight":"D","commune":"Pouzols-Minervois","code_insee":"11296","departement":"Aude","region":"Occitanie"}},{"type":"Feature","geometry":{"type":"Point","coordinates":[2.82004,43.27677]},"properties":{"latitude":"43.27677","longitude":"2.82004","bright_ti4":"367","scan":"0.64","track":"0.72","acq_date":"2026-07-02","acq_time":"1130","satellite":"N21","instrument":"VIIRS","confidence":"h","version":"2.0NRT","bright_ti5":"301.09","frp":"31.04","daynight":"D","commune":"Pouzols-Minervois","code_insee":"11296","departement":"Aude","region":"Occitanie"}},{"type":"Feature","geometry":{"type":"Point","coordinates":[2.82217,43.27859]},"properties":{"latitude":"43.27859","longitude":"2.82217","bright_ti4":"351.15","scan":"0.64","track":"0.72","acq_date":"2026-07-02","acq_time":"1130","satellite":"N21","instrument":"VIIRS","confidence":"n","version":"2.0NRT","bright_ti5":"296.92","frp":"35.18","daynight":"D","commune":"Pouzols-Minervois","code_insee":"11296","departement":"Aude","region":"Occitanie"}},{"type":"Feature","geometry":{"type":"Point","coordinates":[2.80481,43.28018]},"properties":{"latitude":"43.28018","longitude":"2.80481","bright_ti4":"351.61","scan":"0.65","track":"0.73","acq_date":"2026-07-02","acq_time":"1130","satellite":"N21","instrument":"VIIRS","confidence":"n","version":"2.0NRT","bright_ti5":"297.25","frp":"50.07","daynight":"D","commune":"Pouzols-Minervois","code_insee":"11296","departement":"Aude","region":"Occitanie"}},{"type":"Feature","geometry":{"type":"Point","coordinates":[2.80966,43.28063]},"properties":{"latitude":"43.28063","longitude":"2.80966","bright_ti4":"354.81","scan":"0.64","track":"0.72","acq_date":"2026-07-02","acq_time":"1130","satellite":"N21","instrument":"VIIRS","confidence":"n","version":"2.0NRT","bright_ti5":"298.78","frp":"30.86","daynight":"D","commune":"Pouzols-Minervois","code_insee":"11296","departement":"Aude","region":"Occitanie"}},{"type":"Feature","geometry":{"type":"Point","coordinates":[2.81163,43.28244]},"properties":{"latitude":"43.28244","longitude":"2.81163","bright_ti4":"367","scan":"0.65","track":"0.73","acq_date":"2026-07-02","acq_time":"1130","satellite":"N21","instrument":"VIIRS","confidence":"h","version":"2.0NRT","bright_ti5":"299.87","frp":"35.18","daynight":"D","commune":"Pouzols-Minervois","code_insee":"11296","departement":"Aude","region":"Occitanie"}},{"type":"Feature","geometry":{"type":"Point","coordinates":[2.79369,43.28261]},"properties":{"latitude":"43.28261","longitude":"2.79369","bright_ti4":"345.36","scan":"0.65","track":"0.73","acq_date":"2026-07-02","acq_time":"1130","satellite":"N21","instrument":"VIIRS","confidence":"n","version":"2.0NRT","bright_ti5":"296.3","frp":"108.85","daynight":"D","commune":"Pouzols-Minervois","code_insee":"11296","departement":"Aude","region":"Occitanie"}},{"type":"Feature","geometry":{"type":"Point","coordinates":[2.81662,43.28298]},"properties":{"latitude":"43.28298","longitude":"2.81662","bright_ti4":"335.14","scan":"0.64","track":"0.72","acq_date":"2026-07-02","acq_time":"1130","satellite":"N21","instrument":"VIIRS","confidence":"n","version":"2.0NRT","bright_ti5":"295.71","frp":"31.04","daynight":"D","commune":"Pouzols-Minervois","code_insee":"11296","departement":"Aude","region":"Occitanie"}},{"type":"Feature","geometry":{"type":"Point","coordinates":[2.79594,43.28458]},"properties":{"latitude":"43.28458","longitude":"2.79594","bright_ti4":"367","scan":"0.65","track":"0.73","acq_date":"2026-07-02","acq_time":"1130","satellite":"N21","instrument":"VIIRS","confidence":"h","version":"2.0NRT","bright_ti5":"299.1","frp":"72.69","daynight":"D","commune":"Pouzols-Minervois","code_insee":"11296","departement":"Aude","region":"Occitanie"}},{"type":"Feature","geometry":{"type":"Point","coordinates":[2.80054,43.28492]},"properties":{"latitude":"43.28492","longitude":"2.80054","bright_ti4":"367","scan":"0.65","track":"0.73","acq_date":"2026-07-02","acq_time":"1130","satellite":"N21","instrument":"VIIRS","confidence":"h","version":"2.0NRT","bright_ti5":"298.76","frp":"47.15","daynight":"D","commune":"Pouzols-Minervois","code_insee":"11296","departement":"Aude","region":"Occitanie"}},{"type":"Feature","geometry":{"type":"Point","coordinates":[2.80254,43.28677]},"properties":{"latitude":"43.28677","longitude":"2.80254","bright_ti4":"367","scan":"0.65","track":"0.73","acq_date":"2026-07-02","acq_time":"1130","satellite":"N21","instrument":"VIIRS","confidence":"h","version":"2.0NRT","bright_ti5":"297.5","frp":"72.69","daynight":"D","commune":"Pouzols-Minervois","code_insee":"11296","departement":"Aude","region":"Occitanie"}},{"type":"Feature","geometry":{"type":"Point","coordinates":[2.78476,43.28697]},"properties":{"latitude":"43.28697","longitude":"2.78476","bright_ti4":"339.19","scan":"0.65","track":"0.73","acq_date":"2026-07-02","acq_time":"1130","satellite":"N21","instrument":"VIIRS","confidence":"n","version":"2.0NRT","bright_ti5":"294.63","frp":"108.85","daynight":"D","commune":"Oupia","code_insee":"34190","departement":"Hérault","region":"Occitanie"}},{"type":"Feature","geometry":{"type":"Point","coordinates":[2.80702,43.28711]},"properties":{"latitude":"43.28711","longitude":"2.80702","bright_ti4":"367","scan":"0.64","track":"0.72","acq_date":"2026-07-02","acq_time":"1130","satellite":"N21","instrument":"VIIRS","confidence":"h","version":"2.0NRT","bright_ti5":"298.38","frp":"47.15","daynight":"D","commune":"Pouzols-Minervois","code_insee":"11296","departement":"Aude","region":"Occitanie"}},{"type":"Feature","geometry":{"type":"Point","coordinates":[2.78655,43.28882]},"properties":{"latitude":"43.28882","longitude":"2.78655","bright_ti4":"335.23","scan":"0.65","track":"0.73","acq_date":"2026-07-02","acq_time":"1130","satellite":"N21","instrument":"VIIRS","confidence":"n","version":"2.0NRT","bright_ti5":"299.44","frp":"110.18","daynight":"D","commune":"Oupia","code_insee":"34190","departement":"Hérault","region":"Occitanie"}},{"type":"Feature","geometry":{"type":"Point","coordinates":[2.7937,43.29119]},"properties":{"latitude":"43.29119","longitude":"2.7937","bright_ti4":"367","scan":"0.65","track":"0.73","acq_date":"2026-07-02","acq_time":"1130","satellite":"N21","instrument":"VIIRS","confidence":"h","version":"2.0NRT","bright_ti5":"310.76","frp":"72.69","daynight":"D","commune":"Pouzols-Minervois","code_insee":"11296","departement":"Aude","region":"Occitanie"}},{"type":"Feature","geometry":{"type":"Point","coordinates":[2.79846,43.29159]},"properties":{"latitude":"43.29159","longitude":"2.79846","bright_ti4":"336.12","scan":"0.65","track":"0.73","acq_date":"2026-07-02","acq_time":"1130","satellite":"N21","instrument":"VIIRS","confidence":"n","version":"2.0NRT","bright_ti5":"299.45","frp":"47.15","daynight":"D","commune":"Pouzols-Minervois","code_insee":"11296","departement":"Aude","region":"Occitanie"}},{"type":"Feature","geometry":{"type":"Point","coordinates":[4.89157,43.43779]},"properties":{"latitude":"43.43779","longitude":"4.89157","bright_ti4":"338.13","scan":"0.51","track":"0.66","acq_date":"2026-07-02","acq_time":"1130","satellite":"N21","instrument":"VIIRS","confidence":"n","version":"2.0NRT","bright_ti5":"306.22","frp":"12.49","daynight":"D","commune":"Fos-sur-Mer","code_insee":"13039","departement":"Bouches-du-Rhône","region":"Provence-Alpes-Côte d'Azur"}},{"type":"Feature","geometry":{"type":"Point","coordinates":[2.19088,44.68639]},"properties":{"latitude":"44.68639","longitude":"2.19088","bright_ti4":"327.29","scan":"0.62","track":"0.71","acq_date":"2026-07-02","acq_time":"1132","satellite":"N21","instrument":"VIIRS","confidence":"n","version":"2.0NRT","bright_ti5":"295.33","frp":"1.69","daynight":"D","commune":"Maurs","code_insee":"15122","departement":"Cantal","region":"Auvergne-Rhône-Alpes"}},{"type":"Feature","geometry":{"type":"Point","coordinates":[3.29943,46.29401]},"properties":{"latitude":"46.29401","longitude":"3.29943","bright_ti4":"341.54","scan":"0.49","track":"0.65","acq_date":"2026-07-02","acq_time":"1132","satellite":"N21","instrument":"VIIRS","confidence":"n","version":"2.0NRT","bright_ti5":"300.87","frp":"7.99","daynight":"D","commune":"Saint-Pourçain-sur-Sioule","code_insee":"03254","departement":"Allier","region":"Auvergne-Rhône-Alpes"}},{"type":"Feature","geometry":{"type":"Point","coordinates":[3.30533,46.29589]},"properties":{"latitude":"46.29589","longitude":"3.30533","bright_ti4":"342.66","scan":"0.49","track":"0.65","acq_date":"2026-07-02","acq_time":"1132","satellite":"N21","instrument":"VIIRS","confidence":"n","version":"2.0NRT","bright_ti5":"299.52","frp":"7.99","daynight":"D","commune":"Saint-Pourçain-sur-Sioule","code_insee":"03254","departement":"Allier","region":"Auvergne-Rhône-Alpes"}},{"type":"Feature","geometry":{"type":"Point","coordinates":[2.80755,48.28213]},"properties":{"latitude":"48.28213","longitude":"2.80755","bright_ti4":"367","scan":"0.44","track":"0.62","acq_date":"2026-07-02","acq_time":"1132","satellite":"N21","instrument":"VIIRS","confidence":"h","version":"2.0NRT","bright_ti5":"291.92","frp":"15.73","daynight":"D","commune":"Treuzy-Levelay","code_insee":"77473","departement":"Seine-et-Marne","region":"Île-de-France"}},{"type":"Feature","geometry":{"type":"Point","coordinates":[2.29518,51.04396]},"properties":{"latitude":"51.04396","longitude":"2.29518","bright_ti4":"334.96","scan":"0.37","track":"0.58","acq_date":"2026-07-02","acq_time":"1132","satellite":"N21","instrument":"VIIRS","confidence":"n","version":"2.0NRT","bright_ti5":"295.29","frp":"3.85","daynight":"D","commune":"Grande-Synthe","code_insee":"59271","departement":"Nord","region":"Hauts-de-France"}},{"type":"Feature","geometry":{"type":"Point","coordinates":[2.3,51.04544]},"properties":{"latitude":"51.04544","longitude":"2.3","bright_ti4":"336.27","scan":"0.37","track":"0.58","acq_date":"2026-07-02","acq_time":"1132","satellite":"N21","instrument":"VIIRS","confidence":"n","version":"2.0NRT","bright_ti5":"294.49","frp":"3.85","daynight":"D","commune":"Grande-Synthe","code_insee":"59271","departement":"Nord","region":"Hauts-de-France"}},{"type":"Feature","geometry":{"type":"Point","coordinates":[3.03605,42.70765]},"properties":{"latitude":"42.70765","longitude":"3.03605","bright_ti4":"367","scan":"0.42","track":"0.45","acq_date":"2026-07-02","acq_time":"1310","satellite":"N21","instrument":"VIIRS","confidence":"l","version":"2.0NRT","bright_ti5":"333.31","frp":"169.12","daynight":"D","commune":"Canet-en-Roussillon","code_insee":"66037","departement":"Pyrénées-Orientales","region":"Occitanie"}},{"type":"Feature","geometry":{"type":"Point","coordinates":[3.03026,42.71133]},"properties":{"latitude":"42.71133","longitude":"3.03026","bright_ti4":"348.53","scan":"0.42","track":"0.45","acq_date":"2026-07-02","acq_time":"1310","satellite":"N21","instrument":"VIIRS","confidence":"n","version":"2.0NRT","bright_ti5":"312.55","frp":"24.53","daynight":"D","commune":"Sainte-Marie-la-Mer","code_insee":"66182","departement":"Pyrénées-Orientales","region":"Occitanie"}},{"type":"Feature","geometry":{"type":"Point","coordinates":[3.03536,42.71179]},"properties":{"latitude":"42.71179","longitude":"3.03536","bright_ti4":"340.84","scan":"0.42","track":"0.45","acq_date":"2026-07-02","acq_time":"1310","satellite":"N21","instrument":"VIIRS","confidence":"n","version":"2.0NRT","bright_ti5":"302.84","frp":"24.53","daynight":"D","commune":"Canet-en-Roussillon","code_insee":"66037","departement":"Pyrénées-Orientales","region":"Occitanie"}},{"type":"Feature","geometry":{"type":"Point","coordinates":[3.00477,43.16647]},"properties":{"latitude":"43.16647","longitude":"3.00477","bright_ti4":"342.32","scan":"0.42","track":"0.45","acq_date":"2026-07-02","acq_time":"1310","satellite":"N21","instrument":"VIIRS","confidence":"n","version":"2.0NRT","bright_ti5":"307.14","frp":"14.97","daynight":"D","commune":"Narbonne","code_insee":"11262","departement":"Aude","region":"Occitanie"}},{"type":"Feature","geometry":{"type":"Point","coordinates":[3.00248,43.16764]},"properties":{"latitude":"43.16764","longitude":"3.00248","bright_ti4":"350.35","scan":"0.42","track":"0.45","acq_date":"2026-07-02","acq_time":"1310","satellite":"N21","instrument":"VIIRS","confidence":"n","version":"2.0NRT","bright_ti5":"305.05","frp":"5.9","daynight":"D","commune":"Narbonne","code_insee":"11262","departement":"Aude","region":"Occitanie"}},{"type":"Feature","geometry":{"type":"Point","coordinates":[2.81475,43.27531]},"properties":{"latitude":"43.27531","longitude":"2.81475","bright_ti4":"336.53","scan":"0.41","track":"0.45","acq_date":"2026-07-02","acq_time":"1310","satellite":"N21","instrument":"VIIRS","confidence":"l","version":"2.0NRT","bright_ti5":"306.86","frp":"3.67","daynight":"D","commune":"Pouzols-Minervois","code_insee":"11296","departement":"Aude","region":"Occitanie"}},{"type":"Feature","geometry":{"type":"Point","coordinates":[2.80877,43.27898]},"properties":{"latitude":"43.27898","longitude":"2.80877","bright_ti4":"334.05","scan":"0.41","track":"0.45","acq_date":"2026-07-02","acq_time":"1310","satellite":"N21","instrument":"VIIRS","confidence":"n","version":"2.0NRT","bright_ti5":"306.08","frp":"3.67","daynight":"D","commune":"Pouzols-Minervois","code_insee":"11296","departement":"Aude","region":"Occitanie"}},{"type":"Feature","geometry":{"type":"Point","coordinates":[2.81398,43.27943]},"properties":{"latitude":"43.27943","longitude":"2.81398","bright_ti4":"344.93","scan":"0.41","track":"0.45","acq_date":"2026-07-02","acq_time":"1310","satellite":"N21","instrument":"VIIRS","confidence":"n","version":"2.0NRT","bright_ti5":"305.52","frp":"3.67","daynight":"D","commune":"Pouzols-Minervois","code_insee":"11296","departement":"Aude","region":"Occitanie"}},{"type":"Feature","geometry":{"type":"Point","coordinates":[2.7971,43.28214]},"properties":{"latitude":"43.28214","longitude":"2.7971","bright_ti4":"344.85","scan":"0.41","track":"0.45","acq_date":"2026-07-02","acq_time":"1310","satellite":"N21","instrument":"VIIRS","confidence":"n","version":"2.0NRT","bright_ti5":"302.76","frp":"8.1","daynight":"D","commune":"Pouzols-Minervois","code_insee":"11296","departement":"Aude","region":"Occitanie"}},{"type":"Feature","geometry":{"type":"Point","coordinates":[2.80244,43.28261]},"properties":{"latitude":"43.28261","longitude":"2.80244","bright_ti4":"334.97","scan":"0.41","track":"0.45","acq_date":"2026-07-02","acq_time":"1310","satellite":"N21","instrument":"VIIRS","confidence":"n","version":"2.0NRT","bright_ti5":"304.1","frp":"8.1","daynight":"D","commune":"Pouzols-Minervois","code_insee":"11296","departement":"Aude","region":"Occitanie"}},{"type":"Feature","geometry":{"type":"Point","coordinates":[2.80777,43.28308]},"properties":{"latitude":"43.28308","longitude":"2.80777","bright_ti4":"336.9","scan":"0.41","track":"0.45","acq_date":"2026-07-02","acq_time":"1310","satellite":"N21","instrument":"VIIRS","confidence":"n","version":"2.0NRT","bright_ti5":"304.66","frp":"4.47","daynight":"D","commune":"Pouzols-Minervois","code_insee":"11296","departement":"Aude","region":"Occitanie"}},{"type":"Feature","geometry":{"type":"Point","coordinates":[2.7906,43.28576]},"properties":{"latitude":"43.28576","longitude":"2.7906","bright_ti4":"342.92","scan":"0.41","track":"0.45","acq_date":"2026-07-02","acq_time":"1310","satellite":"N21","instrument":"VIIRS","confidence":"n","version":"2.0NRT","bright_ti5":"304.31","frp":"17.61","daynight":"D","commune":"Pouzols-Minervois","code_insee":"11296","departement":"Aude","region":"Occitanie"}},{"type":"Feature","geometry":{"type":"Point","coordinates":[2.79588,43.28622]},"properties":{"latitude":"43.28622","longitude":"2.79588","bright_ti4":"344.08","scan":"0.41","track":"0.45","acq_date":"2026-07-02","acq_time":"1310","satellite":"N21","instrument":"VIIRS","confidence":"n","version":"2.0NRT","bright_ti5":"305.5","frp":"8.1","daynight":"D","commune":"Pouzols-Minervois","code_insee":"11296","departement":"Aude","region":"Occitanie"}},{"type":"Feature","geometry":{"type":"Point","coordinates":[2.80681,43.28718]},"properties":{"latitude":"43.28718","longitude":"2.80681","bright_ti4":"342.85","scan":"0.41","track":"0.45","acq_date":"2026-07-02","acq_time":"1310","satellite":"N21","instrument":"VIIRS","confidence":"n","version":"2.0NRT","bright_ti5":"304.84","frp":"4.47","daynight":"D","commune":"Pouzols-Minervois","code_insee":"11296","departement":"Aude","region":"Occitanie"}},{"type":"Feature","geometry":{"type":"Point","coordinates":[2.79496,43.29033]},"properties":{"latitude":"43.29033","longitude":"2.79496","bright_ti4":"341.14","scan":"0.41","track":"0.45","acq_date":"2026-07-02","acq_time":"1310","satellite":"N21","instrument":"VIIRS","confidence":"n","version":"2.0NRT","bright_ti5":"305.91","frp":"8.46","daynight":"D","commune":"Pouzols-Minervois","code_insee":"11296","departement":"Aude","region":"Occitanie"}},{"type":"Feature","geometry":{"type":"Point","coordinates":[3.17677,43.35301]},"properties":{"latitude":"43.35301","longitude":"3.17677","bright_ti4":"341.66","scan":"0.43","track":"0.46","acq_date":"2026-07-02","acq_time":"1310","satellite":"N21","instrument":"VIIRS","confidence":"n","version":"2.0NRT","bright_ti5":"309.19","frp":"5.92","daynight":"D","commune":"Béziers","code_insee":"34032","departement":"Hérault","region":"Occitanie"}},{"type":"Feature","geometry":{"type":"Point","coordinates":[3.17613,43.35722]},"properties":{"latitude":"43.35722","longitude":"3.17613","bright_ti4":"337.17","scan":"0.43","track":"0.46","acq_date":"2026-07-02","acq_time":"1310","satellite":"N21","instrument":"VIIRS","confidence":"n","version":"2.0NRT","bright_ti5":"309.51","frp":"2.2","daynight":"D","commune":"Béziers","code_insee":"34032","departement":"Hérault","region":"Occitanie"}},{"type":"Feature","geometry":{"type":"Point","coordinates":[4.90132,43.44602]},"properties":{"latitude":"43.44602","longitude":"4.90132","bright_ti4":"336.8","scan":"0.52","track":"0.5","acq_date":"2026-07-02","acq_time":"1310","satellite":"N21","instrument":"VIIRS","confidence":"l","version":"2.0NRT","bright_ti5":"309.7","frp":"9.05","daynight":"D","commune":"Fos-sur-Mer","code_insee":"13039","departement":"Bouches-du-Rhône","region":"Provence-Alpes-Côte d'Azur"}},{"type":"Feature","geometry":{"type":"Point","coordinates":[1.15977,43.47275]},"properties":{"latitude":"43.47275","longitude":"1.15977","bright_ti4":"337.94","scan":"0.53","track":"0.42","acq_date":"2026-07-02","acq_time":"1310","satellite":"N21","instrument":"VIIRS","confidence":"n","version":"2.0NRT","bright_ti5":"305.95","frp":"8.11","daynight":"D","commune":"Sainte-Foy-de-Peyrolières","code_insee":"31481","departement":"Haute-Garonne","region":"Occitanie"}},{"type":"Feature","geometry":{"type":"Point","coordinates":[1.4192,43.65774]},"properties":{"latitude":"43.65774","longitude":"1.4192","bright_ti4":"335.71","scan":"0.54","track":"0.42","acq_date":"2026-07-02","acq_time":"1310","satellite":"N21","instrument":"VIIRS","confidence":"l","version":"2.0NRT","bright_ti5":"309.53","frp":"22.82","daynight":"D","commune":"Toulouse","code_insee":"31555","departement":"Haute-Garonne","region":"Occitanie"}},{"type":"Feature","geometry":{"type":"Point","coordinates":[1.41945,43.65862]},"properties":{"latitude":"43.65862","longitude":"1.41945","bright_ti4":"335.97","scan":"0.54","track":"0.42","acq_date":"2026-07-02","acq_time":"1310","satellite":"N21","instrument":"VIIRS","confidence":"l","version":"2.0NRT","bright_ti5":"308.81","frp":"45.09","daynight":"D","commune":"Toulouse","code_insee":"31555","departement":"Haute-Garonne","region":"Occitanie"}},{"type":"Feature","geometry":{"type":"Point","coordinates":[1.41179,43.66093]},"properties":{"latitude":"43.66093","longitude":"1.41179","bright_ti4":"335.59","scan":"0.54","track":"0.42","acq_date":"2026-07-02","acq_time":"1310","satellite":"N21","instrument":"VIIRS","confidence":"l","version":"2.0NRT","bright_ti5":"307.95","frp":"3.35","daynight":"D","commune":"Toulouse","code_insee":"31555","departement":"Haute-Garonne","region":"Occitanie"}},{"type":"Feature","geometry":{"type":"Point","coordinates":[4.76311,44.04605]},"properties":{"latitude":"44.04605","longitude":"4.76311","bright_ti4":"340.33","scan":"0.52","track":"0.5","acq_date":"2026-07-02","acq_time":"1310","satellite":"N21","instrument":"VIIRS","confidence":"n","version":"2.0NRT","bright_ti5":"304.66","frp":"39.46","daynight":"D","commune":"Roquemaure","code_insee":"30221","departement":"Gard","region":"Occitanie"}},{"type":"Feature","geometry":{"type":"Point","coordinates":[4.77,44.0465]},"properties":{"latitude":"44.0465","longitude":"4.77","bright_ti4":"330.72","scan":"0.52","track":"0.5","acq_date":"2026-07-02","acq_time":"1310","satellite":"N21","instrument":"VIIRS","confidence":"l","version":"2.0NRT","bright_ti5":"304.25","frp":"15.8","daynight":"D","commune":"Roquemaure","code_insee":"30221","departement":"Gard","region":"Occitanie"}},{"type":"Feature","geometry":{"type":"Point","coordinates":[4.76412,44.04663]},"properties":{"latitude":"44.04663","longitude":"4.76412","bright_ti4":"340.55","scan":"0.52","track":"0.5","acq_date":"2026-07-02","acq_time":"1310","satellite":"N21","instrument":"VIIRS","confidence":"n","version":"2.0NRT","bright_ti5":"305.51","frp":"15.09","daynight":"D","commune":"Roquemaure","code_insee":"30221","departement":"Gard","region":"Occitanie"}},{"type":"Feature","geometry":{"type":"Point","coordinates":[4.76939,44.0511]},"properties":{"latitude":"44.0511","longitude":"4.76939","bright_ti4":"341.12","scan":"0.52","track":"0.5","acq_date":"2026-07-02","acq_time":"1310","satellite":"N21","instrument":"VIIRS","confidence":"n","version":"2.0NRT","bright_ti5":"305.65","frp":"15.8","daynight":"D","commune":"Roquemaure","code_insee":"30221","departement":"Gard","region":"Occitanie"}},{"type":"Feature","geometry":{"type":"Point","coordinates":[4.76361,44.05123]},"properties":{"latitude":"44.05123","longitude":"4.76361","bright_ti4":"341.77","scan":"0.52","track":"0.5","acq_date":"2026-07-02","acq_time":"1310","satellite":"N21","instrument":"VIIRS","confidence":"n","version":"2.0NRT","bright_ti5":"315.69","frp":"51.41","daynight":"D","commune":"Roquemaure","code_insee":"30221","departement":"Gard","region":"Occitanie"}},{"type":"Feature","geometry":{"type":"Point","coordinates":[2.19447,44.68609]},"properties":{"latitude":"44.68609","longitude":"2.19447","bright_ti4":"341.19","scan":"0.4","track":"0.44","acq_date":"2026-07-02","acq_time":"1310","satellite":"N21","instrument":"VIIRS","confidence":"n","version":"2.0NRT","bright_ti5":"307.22","frp":"11.09","daynight":"D","commune":"Maurs","code_insee":"15122","departement":"Cantal","region":"Auvergne-Rhône-Alpes"}},{"type":"Feature","geometry":{"type":"Point","coordinates":[2.40062,44.83525]},"properties":{"latitude":"44.83525","longitude":"2.40062","bright_ti4":"334.78","scan":"0.41","track":"0.45","acq_date":"2026-07-02","acq_time":"1310","satellite":"N21","instrument":"VIIRS","confidence":"n","version":"2.0NRT","bright_ti5":"301.34","frp":"2.78","daynight":"D","commune":"Roannes-Saint-Mary","code_insee":"15163","departement":"Cantal","region":"Auvergne-Rhône-Alpes"}},{"type":"Feature","geometry":{"type":"Point","coordinates":[3.45403,45.68737]},"properties":{"latitude":"45.68737","longitude":"3.45403","bright_ti4":"330.51","scan":"0.47","track":"0.48","acq_date":"2026-07-02","acq_time":"1312","satellite":"N21","instrument":"VIIRS","confidence":"l","version":"2.0NRT","bright_ti5":"302.66","frp":"2.5","daynight":"D","commune":"Estandeuil","code_insee":"63155","departement":"Puy-de-Dôme","region":"Auvergne-Rhône-Alpes"}},{"type":"Feature","geometry":{"type":"Point","coordinates":[3.44711,45.69129]},"properties":{"latitude":"45.69129","longitude":"3.44711","bright_ti4":"338.14","scan":"0.47","track":"0.48","acq_date":"2026-07-02","acq_time":"1312","satellite":"N21","instrument":"VIIRS","confidence":"n","version":"2.0NRT","bright_ti5":"307.31","frp":"5.24","daynight":"D","commune":"Estandeuil","code_insee":"63155","departement":"Puy-de-Dôme","region":"Auvergne-Rhône-Alpes"}},{"type":"Feature","geometry":{"type":"Point","coordinates":[3.30835,47.93356]},"properties":{"latitude":"47.93356","longitude":"3.30835","bright_ti4":"339","scan":"0.49","track":"0.49","acq_date":"2026-07-02","acq_time":"1312","satellite":"N21","instrument":"VIIRS","confidence":"n","version":"2.0NRT","bright_ti5":"296.56","frp":"4.88","daynight":"D","commune":"Béon","code_insee":"89037","departement":"Yonne","region":"Bourgogne-Franche-Comté"}},{"type":"Feature","geometry":{"type":"Point","coordinates":[2.56384,48.47963]},"properties":{"latitude":"48.47963","longitude":"2.56384","bright_ti4":"341.46","scan":"0.46","track":"0.47","acq_date":"2026-07-02","acq_time":"1312","satellite":"N21","instrument":"VIIRS","confidence":"n","version":"2.0NRT","bright_ti5":"298.14","frp":"4.76","daynight":"D","commune":"Perthes","code_insee":"77359","departement":"Seine-et-Marne","region":"Île-de-France"}},{"type":"Feature","geometry":{"type":"Point","coordinates":[2.32175,51.04723]},"properties":{"latitude":"51.04723","longitude":"2.32175","bright_ti4":"339.55","scan":"0.48","track":"0.48","acq_date":"2026-07-02","acq_time":"1312","satellite":"N21","instrument":"VIIRS","confidence":"n","version":"2.0NRT","bright_ti5":"298.98","frp":"7.15","daynight":"D","commune":"Dunkerque","code_insee":"59183","departement":"Nord","region":"Hauts-de-France"}}]}