{"type":"FeatureCollection","features":[{"type":"Feature","geometry":{"type":"Point","coordinates":[6.11752,48.60959]},"properties":{"latitude":"48.60959","longitude":"6.11752","bright_ti4":"301.67","scan":"0.35","track":"0.56","acq_date":"2026-08-02","acq_time":"58","satellite":"N","instrument":"VIIRS","confidence":"n","version":"2.0NRT","bright_ti5":"288.7","frp":"0.58","daynight":"N","commune":"Neuves-Maisons","code_insee":"54397","departement":"Meurthe-et-Moselle","region":"Grand Est"}},{"type":"Feature","geometry":{"type":"Point","coordinates":[6.10782,48.60997]},"properties":{"latitude":"48.60997","longitude":"6.10782","bright_ti4":"300.46","scan":"0.35","track":"0.56","acq_date":"2026-08-02","acq_time":"58","satellite":"N","instrument":"VIIRS","confidence":"n","version":"2.0NRT","bright_ti5":"288.85","frp":"1.29","daynight":"N","commune":"Neuves-Maisons","code_insee":"54397","departement":"Meurthe-et-Moselle","region":"Grand Est"}},{"type":"Feature","geometry":{"type":"Point","coordinates":[6.11644,48.61053]},"properties":{"latitude":"48.61053","longitude":"6.11644","bright_ti4":"304.78","scan":"0.35","track":"0.56","acq_date":"2026-08-02","acq_time":"58","satellite":"N","instrument":"VIIRS","confidence":"n","version":"2.0NRT","bright_ti5":"288.79","frp":"0.55","daynight":"N","commune":"Neuves-Maisons","code_insee":"54397","departement":"Meurthe-et-Moselle","region":"Grand Est"}},{"type":"Feature","geometry":{"type":"Point","coordinates":[6.11158,48.61075]},"properties":{"latitude":"48.61075","longitude":"6.11158","bright_ti4":"306.87","scan":"0.35","track":"0.56","acq_date":"2026-08-02","acq_time":"58","satellite":"N","instrument":"VIIRS","confidence":"n","version":"2.0NRT","bright_ti5":"288.96","frp":"0.55","daynight":"N","commune":"Neuves-Maisons","code_insee":"54397","departement":"Meurthe-et-Moselle","region":"Grand Est"}},{"type":"Feature","geometry":{"type":"Point","coordinates":[5.68341,48.71753]},"properties":{"latitude":"48.71753","longitude":"5.68341","bright_ti4":"297.95","scan":"0.36","track":"0.58","acq_date":"2026-08-02","acq_time":"58","satellite":"N","instrument":"VIIRS","confidence":"n","version":"2.0NRT","bright_ti5":"286.69","frp":"0.39","daynight":"N","commune":"Sorcy-Saint-Martin","code_insee":"55496","departement":"Meuse","region":"Grand Est"}},{"type":"Feature","geometry":{"type":"Point","coordinates":[6.14677,49.32041]},"properties":{"latitude":"49.32041","longitude":"6.14677","bright_ti4":"301.75","scan":"0.35","track":"0.57","acq_date":"2026-08-02","acq_time":"58","satellite":"N","instrument":"VIIRS","confidence":"n","version":"2.0NRT","bright_ti5":"285.78","frp":"0.51","daynight":"N","commune":"Florange","code_insee":"57221","departement":"Moselle","region":"Grand Est"}},{"type":"Feature","geometry":{"type":"Point","coordinates":[2.27122,51.02455]},"properties":{"latitude":"51.02455","longitude":"2.27122","bright_ti4":"305.49","scan":"0.53","track":"0.67","acq_date":"2026-08-02","acq_time":"58","satellite":"N","instrument":"VIIRS","confidence":"n","version":"2.0NRT","bright_ti5":"275.44","frp":"2.18","daynight":"N","commune":"Grande-Synthe","code_insee":"59271","departement":"Nord","region":"Hauts-de-France"}},{"type":"Feature","geometry":{"type":"Point","coordinates":[2.2713,51.03085]},"properties":{"latitude":"51.03085","longitude":"2.2713","bright_ti4":"305.13","scan":"0.53","track":"0.67","acq_date":"2026-08-02","acq_time":"58","satellite":"N","instrument":"VIIRS","confidence":"n","version":"2.0NRT","bright_ti5":"271.73","frp":"1.08","daynight":"N","commune":"Grande-Synthe","code_insee":"59271","departement":"Nord","region":"Hauts-de-France"}},{"type":"Feature","geometry":{"type":"Point","coordinates":[2.28707,51.03713]},"properties":{"latitude":"51.03713","longitude":"2.28707","bright_ti4":"298.19","scan":"0.53","track":"0.67","acq_date":"2026-08-02","acq_time":"58","satellite":"N","instrument":"VIIRS","confidence":"n","version":"2.0NRT","bright_ti5":"267.09","frp":"1.21","daynight":"N","commune":"Grande-Synthe","code_insee":"59271","departement":"Nord","region":"Hauts-de-France"}},{"type":"Feature","geometry":{"type":"Point","coordinates":[4.83718,43.42426]},"properties":{"latitude":"43.42426","longitude":"4.83718","bright_ti4":"313.74","scan":"0.36","track":"0.58","acq_date":"2026-08-02","acq_time":"100","satellite":"N","instrument":"VIIRS","confidence":"n","version":"2.0NRT","bright_ti5":"291.46","frp":"1.09","daynight":"N","commune":"Fos-sur-Mer","code_insee":"13039","departement":"Bouches-du-Rhône","region":"Provence-Alpes-Côte d'Azur"}},{"type":"Feature","geometry":{"type":"Point","coordinates":[4.89687,43.42939]},"properties":{"latitude":"43.42939","longitude":"4.89687","bright_ti4":"303.1","scan":"0.36","track":"0.57","acq_date":"2026-08-02","acq_time":"100","satellite":"N","instrument":"VIIRS","confidence":"n","version":"2.0NRT","bright_ti5":"292.67","frp":"0.91","daynight":"N","commune":"Fos-sur-Mer","code_insee":"13039","departement":"Bouches-du-Rhône","region":"Provence-Alpes-Côte d'Azur"}},{"type":"Feature","geometry":{"type":"Point","coordinates":[4.90232,43.43173]},"properties":{"latitude":"43.43173","longitude":"4.90232","bright_ti4":"304.98","scan":"0.36","track":"0.57","acq_date":"2026-08-02","acq_time":"100","satellite":"N","instrument":"VIIRS","confidence":"n","version":"2.0NRT","bright_ti5":"292.98","frp":"0.88","daynight":"N","commune":"Fos-sur-Mer","code_insee":"13039","departement":"Bouches-du-Rhône","region":"Provence-Alpes-Côte d'Azur"}},{"type":"Feature","geometry":{"type":"Point","coordinates":[4.8978,43.43196]},"properties":{"latitude":"43.43196","longitude":"4.8978","bright_ti4":"315.42","scan":"0.36","track":"0.57","acq_date":"2026-08-02","acq_time":"100","satellite":"N","instrument":"VIIRS","confidence":"n","version":"2.0NRT","bright_ti5":"293.61","frp":"0.88","daynight":"N","commune":"Fos-sur-Mer","code_insee":"13039","departement":"Bouches-du-Rhône","region":"Provence-Alpes-Côte d'Azur"}},{"type":"Feature","geometry":{"type":"Point","coordinates":[4.89745,43.43474]},"properties":{"latitude":"43.43474","longitude":"4.89745","bright_ti4":"310.94","scan":"0.36","track":"0.57","acq_date":"2026-08-02","acq_time":"100","satellite":"N","instrument":"VIIRS","confidence":"n","version":"2.0NRT","bright_ti5":"293.23","frp":"0.91","daynight":"N","commune":"Fos-sur-Mer","code_insee":"13039","departement":"Bouches-du-Rhône","region":"Provence-Alpes-Côte d'Azur"}},{"type":"Feature","geometry":{"type":"Point","coordinates":[4.89287,43.43495]},"properties":{"latitude":"43.43495","longitude":"4.89287","bright_ti4":"309.34","scan":"0.36","track":"0.57","acq_date":"2026-08-02","acq_time":"100","satellite":"N","instrument":"VIIRS","confidence":"n","version":"2.0NRT","bright_ti5":"293.1","frp":"2.96","daynight":"N","commune":"Fos-sur-Mer","code_insee":"13039","departement":"Bouches-du-Rhône","region":"Provence-Alpes-Côte d'Azur"}},{"type":"Feature","geometry":{"type":"Point","coordinates":[4.89378,43.43755]},"properties":{"latitude":"43.43755","longitude":"4.89378","bright_ti4":"311.42","scan":"0.36","track":"0.57","acq_date":"2026-08-02","acq_time":"100","satellite":"N","instrument":"VIIRS","confidence":"n","version":"2.0NRT","bright_ti5":"293.64","frp":"1.58","daynight":"N","commune":"Fos-sur-Mer","code_insee":"13039","departement":"Bouches-du-Rhône","region":"Provence-Alpes-Côte d'Azur"}},{"type":"Feature","geometry":{"type":"Point","coordinates":[4.88918,43.43779]},"properties":{"latitude":"43.43779","longitude":"4.88918","bright_ti4":"306.11","scan":"0.36","track":"0.57","acq_date":"2026-08-02","acq_time":"100","satellite":"N","instrument":"VIIRS","confidence":"n","version":"2.0NRT","bright_ti5":"293.59","frp":"1.58","daynight":"N","commune":"Fos-sur-Mer","code_insee":"13039","departement":"Bouches-du-Rhône","region":"Provence-Alpes-Côte d'Azur"}},{"type":"Feature","geometry":{"type":"Point","coordinates":[4.8888,43.44052]},"properties":{"latitude":"43.44052","longitude":"4.8888","bright_ti4":"304.9","scan":"0.36","track":"0.57","acq_date":"2026-08-02","acq_time":"100","satellite":"N","instrument":"VIIRS","confidence":"n","version":"2.0NRT","bright_ti5":"293.19","frp":"2.93","daynight":"N","commune":"Fos-sur-Mer","code_insee":"13039","departement":"Bouches-du-Rhône","region":"Provence-Alpes-Côte d'Azur"}},{"type":"Feature","geometry":{"type":"Point","coordinates":[4.88421,43.44073]},"properties":{"latitude":"43.44073","longitude":"4.88421","bright_ti4":"304.57","scan":"0.36","track":"0.57","acq_date":"2026-08-02","acq_time":"100","satellite":"N","instrument":"VIIRS","confidence":"n","version":"2.0NRT","bright_ti5":"292.72","frp":"4.46","daynight":"N","commune":"Fos-sur-Mer","code_insee":"13039","departement":"Bouches-du-Rhône","region":"Provence-Alpes-Côte d'Azur"}},{"type":"Feature","geometry":{"type":"Point","coordinates":[4.87962,43.44094]},"properties":{"latitude":"43.44094","longitude":"4.87962","bright_ti4":"367","scan":"0.36","track":"0.57","acq_date":"2026-08-02","acq_time":"100","satellite":"N","instrument":"VIIRS","confidence":"h","version":"2.0NRT","bright_ti5":"293.42","frp":"4.46","daynight":"N","commune":"Fos-sur-Mer","code_insee":"13039","departement":"Bouches-du-Rhône","region":"Provence-Alpes-Côte d'Azur"}},{"type":"Feature","geometry":{"type":"Point","coordinates":[4.89886,43.44267]},"properties":{"latitude":"43.44267","longitude":"4.89886","bright_ti4":"316.29","scan":"0.36","track":"0.57","acq_date":"2026-08-02","acq_time":"100","satellite":"N","instrument":"VIIRS","confidence":"n","version":"2.0NRT","bright_ti5":"292.38","frp":"0.96","daynight":"N","commune":"Fos-sur-Mer","code_insee":"13039","departement":"Bouches-du-Rhône","region":"Provence-Alpes-Côte d'Azur"}},{"type":"Feature","geometry":{"type":"Point","coordinates":[4.88054,43.44362]},"properties":{"latitude":"43.44362","longitude":"4.88054","bright_ti4":"367","scan":"0.36","track":"0.57","acq_date":"2026-08-02","acq_time":"100","satellite":"N","instrument":"VIIRS","confidence":"h","version":"2.0NRT","bright_ti5":"295.94","frp":"11.98","daynight":"N","commune":"Fos-sur-Mer","code_insee":"13039","departement":"Bouches-du-Rhône","region":"Provence-Alpes-Côte d'Azur"}},{"type":"Feature","geometry":{"type":"Point","coordinates":[4.87595,43.44386]},"properties":{"latitude":"43.44386","longitude":"4.87595","bright_ti4":"302.17","scan":"0.36","track":"0.57","acq_date":"2026-08-02","acq_time":"100","satellite":"N","instrument":"VIIRS","confidence":"n","version":"2.0NRT","bright_ti5":"290.4","frp":"7.75","daynight":"N","commune":"Fos-sur-Mer","code_insee":"13039","departement":"Bouches-du-Rhône","region":"Provence-Alpes-Côte d'Azur"}},{"type":"Feature","geometry":{"type":"Point","coordinates":[4.89853,43.44545]},"properties":{"latitude":"43.44545","longitude":"4.89853","bright_ti4":"327.3","scan":"0.36","track":"0.57","acq_date":"2026-08-02","acq_time":"100","satellite":"N","instrument":"VIIRS","confidence":"n","version":"2.0NRT","bright_ti5":"294.02","frp":"2.08","daynight":"N","commune":"Fos-sur-Mer","code_insee":"13039","departement":"Bouches-du-Rhône","region":"Provence-Alpes-Côte d'Azur"}},{"type":"Feature","geometry":{"type":"Point","coordinates":[4.88014,43.44631]},"properties":{"latitude":"43.44631","longitude":"4.88014","bright_ti4":"367","scan":"0.36","track":"0.57","acq_date":"2026-08-02","acq_time":"100","satellite":"N","instrument":"VIIRS","confidence":"h","version":"2.0NRT","bright_ti5":"293.67","frp":"4.46","daynight":"N","commune":"Fos-sur-Mer","code_insee":"13039","departement":"Bouches-du-Rhône","region":"Provence-Alpes-Côte d'Azur"}},{"type":"Feature","geometry":{"type":"Point","coordinates":[4.89936,43.44803]},"properties":{"latitude":"43.44803","longitude":"4.89936","bright_ti4":"311.33","scan":"0.36","track":"0.57","acq_date":"2026-08-02","acq_time":"100","satellite":"N","instrument":"VIIRS","confidence":"n","version":"2.0NRT","bright_ti5":"293.46","frp":"0.96","daynight":"N","commune":"Fos-sur-Mer","code_insee":"13039","departement":"Bouches-du-Rhône","region":"Provence-Alpes-Côte d'Azur"}},{"type":"Feature","geometry":{"type":"Point","coordinates":[6.07251,43.46083]},"properties":{"latitude":"43.46083","longitude":"6.07251","bright_ti4":"309.05","scan":"0.63","track":"0.54","acq_date":"2026-08-02","acq_time":"100","satellite":"N","instrument":"VIIRS","confidence":"n","version":"2.0NRT","bright_ti5":"292.19","frp":"2.51","daynight":"N","commune":"Le Val","code_insee":"83143","departement":"Var","region":"Provence-Alpes-Côte d'Azur"}},{"type":"Feature","geometry":{"type":"Point","coordinates":[6.06453,43.46132]},"properties":{"latitude":"43.46132","longitude":"6.06453","bright_ti4":"312.63","scan":"0.63","track":"0.54","acq_date":"2026-08-02","acq_time":"100","satellite":"N","instrument":"VIIRS","confidence":"n","version":"2.0NRT","bright_ti5":"291.57","frp":"2.88","daynight":"N","commune":"Le Val","code_insee":"83143","departement":"Var","region":"Provence-Alpes-Côte d'Azur"}},{"type":"Feature","geometry":{"type":"Point","coordinates":[6.0701,43.46437]},"properties":{"latitude":"43.46437","longitude":"6.0701","bright_ti4":"322.56","scan":"0.63","track":"0.54","acq_date":"2026-08-02","acq_time":"100","satellite":"N","instrument":"VIIRS","confidence":"n","version":"2.0NRT","bright_ti5":"293.27","frp":"5.13","daynight":"N","commune":"Le Val","code_insee":"83143","departement":"Var","region":"Provence-Alpes-Côte d'Azur"}},{"type":"Feature","geometry":{"type":"Point","coordinates":[6.05465,43.47031]},"properties":{"latitude":"43.47031","longitude":"6.05465","bright_ti4":"322.82","scan":"0.63","track":"0.54","acq_date":"2026-08-02","acq_time":"100","satellite":"N","instrument":"VIIRS","confidence":"n","version":"2.0NRT","bright_ti5":"292.09","frp":"3.38","daynight":"N","commune":"Correns","code_insee":"83045","departement":"Var","region":"Provence-Alpes-Côte d'Azur"}},{"type":"Feature","geometry":{"type":"Point","coordinates":[6.05762,43.47191]},"properties":{"latitude":"43.47191","longitude":"6.05762","bright_ti4":"327.02","scan":"0.63","track":"0.54","acq_date":"2026-08-02","acq_time":"100","satellite":"N","instrument":"VIIRS","confidence":"n","version":"2.0NRT","bright_ti5":"292.64","frp":"3.1","daynight":"N","commune":"Correns","code_insee":"83045","departement":"Var","region":"Provence-Alpes-Côte d'Azur"}},{"type":"Feature","geometry":{"type":"Point","coordinates":[6.05537,43.47535]},"properties":{"latitude":"43.47535","longitude":"6.05537","bright_ti4":"315.15","scan":"0.63","track":"0.54","acq_date":"2026-08-02","acq_time":"100","satellite":"N","instrument":"VIIRS","confidence":"n","version":"2.0NRT","bright_ti5":"292.5","frp":"2.14","daynight":"N","commune":"Correns","code_insee":"83045","departement":"Var","region":"Provence-Alpes-Côte d'Azur"}},{"type":"Feature","geometry":{"type":"Point","coordinates":[6.05831,43.47694]},"properties":{"latitude":"43.47694","longitude":"6.05831","bright_ti4":"308.63","scan":"0.63","track":"0.54","acq_date":"2026-08-02","acq_time":"100","satellite":"N","instrument":"VIIRS","confidence":"n","version":"2.0NRT","bright_ti5":"292.94","frp":"3.1","daynight":"N","commune":"Correns","code_insee":"83045","departement":"Var","region":"Provence-Alpes-Côte d'Azur"}},{"type":"Feature","geometry":{"type":"Point","coordinates":[6.09871,43.48967]},"properties":{"latitude":"43.48967","longitude":"6.09871","bright_ti4":"304.47","scan":"0.63","track":"0.54","acq_date":"2026-08-02","acq_time":"100","satellite":"N","instrument":"VIIRS","confidence":"n","version":"2.0NRT","bright_ti5":"292.08","frp":"1.12","daynight":"N","commune":"Correns","code_insee":"83045","departement":"Var","region":"Provence-Alpes-Côte d'Azur"}},{"type":"Feature","geometry":{"type":"Point","coordinates":[6.05125,43.50609]},"properties":{"latitude":"43.50609","longitude":"6.05125","bright_ti4":"313.39","scan":"0.63","track":"0.54","acq_date":"2026-08-02","acq_time":"100","satellite":"N","instrument":"VIIRS","confidence":"n","version":"2.0NRT","bright_ti5":"292.74","frp":"3.83","daynight":"N","commune":"Correns","code_insee":"83045","departement":"Var","region":"Provence-Alpes-Côte d'Azur"}},{"type":"Feature","geometry":{"type":"Point","coordinates":[6.11183,44.33305]},"properties":{"latitude":"44.33305","longitude":"6.11183","bright_ti4":"320.26","scan":"0.32","track":"0.55","acq_date":"2026-08-02","acq_time":"100","satellite":"N","instrument":"VIIRS","confidence":"n","version":"2.0NRT","bright_ti5":"290.68","frp":"1.4","daynight":"N","commune":"Bayons","code_insee":"04023","departement":"Alpes-de-Haute-Provence","region":"Provence-Alpes-Côte d'Azur"}},{"type":"Feature","geometry":{"type":"Point","coordinates":[5.81911,45.91083]},"properties":{"latitude":"45.91083","longitude":"5.81911","bright_ti4":"302.04","scan":"0.34","track":"0.56","acq_date":"2026-08-02","acq_time":"100","satellite":"N","instrument":"VIIRS","confidence":"n","version":"2.0NRT","bright_ti5":"290.7","frp":"0.58","daynight":"N","commune":"Anglefort","code_insee":"01010","departement":"Ain","region":"Auvergne-Rhône-Alpes"}},{"type":"Feature","geometry":{"type":"Point","coordinates":[0.15704,46.80983]},"properties":{"latitude":"46.80983","longitude":"0.15704","bright_ti4":"299.28","scan":"0.64","track":"0.72","acq_date":"2026-08-02","acq_time":"100","satellite":"N","instrument":"VIIRS","confidence":"n","version":"2.0NRT","bright_ti5":"281.6","frp":"1.55","daynight":"N","commune":"Chouppes","code_insee":"86075","departement":"Vienne","region":"Nouvelle-Aquitaine"}},{"type":"Feature","geometry":{"type":"Point","coordinates":[6.06938,43.45855]},"properties":{"latitude":"43.45855","longitude":"6.06938","bright_ti4":"300.91","scan":"0.42","track":"0.61","acq_date":"2026-08-02","acq_time":"241","satellite":"N","instrument":"VIIRS","confidence":"n","version":"2.0NRT","bright_ti5":"290.17","frp":"1.03","daynight":"N","commune":"Le Val","code_insee":"83143","departement":"Var","region":"Provence-Alpes-Côte d'Azur"}},{"type":"Feature","geometry":{"type":"Point","coordinates":[6.06962,43.46091]},"properties":{"latitude":"43.46091","longitude":"6.06962","bright_ti4":"326.19","scan":"0.42","track":"0.61","acq_date":"2026-08-02","acq_time":"241","satellite":"N","instrument":"VIIRS","confidence":"n","version":"2.0NRT","bright_ti5":"291.52","frp":"2.52","daynight":"N","commune":"Le Val","code_insee":"83143","departement":"Var","region":"Provence-Alpes-Côte d'Azur"}},{"type":"Feature","geometry":{"type":"Point","coordinates":[6.07251,43.46379]},"properties":{"latitude":"43.46379","longitude":"6.07251","bright_ti4":"314.86","scan":"0.42","track":"0.61","acq_date":"2026-08-02","acq_time":"241","satellite":"N","instrument":"VIIRS","confidence":"n","version":"2.0NRT","bright_ti5":"291.74","frp":"1.03","daynight":"N","commune":"Le Val","code_insee":"83143","departement":"Var","region":"Provence-Alpes-Côte d'Azur"}},{"type":"Feature","geometry":{"type":"Point","coordinates":[6.05803,43.47046]},"properties":{"latitude":"43.47046","longitude":"6.05803","bright_ti4":"306.03","scan":"0.42","track":"0.61","acq_date":"2026-08-02","acq_time":"241","satellite":"N","instrument":"VIIRS","confidence":"n","version":"2.0NRT","bright_ti5":"290.31","frp":"1.27","daynight":"N","commune":"Correns","code_insee":"83045","departement":"Var","region":"Provence-Alpes-Côte d'Azur"}},{"type":"Feature","geometry":{"type":"Point","coordinates":[6.06083,43.47345]},"properties":{"latitude":"43.47345","longitude":"6.06083","bright_ti4":"304.27","scan":"0.42","track":"0.61","acq_date":"2026-08-02","acq_time":"241","satellite":"N","instrument":"VIIRS","confidence":"n","version":"2.0NRT","bright_ti5":"291.29","frp":"1.12","daynight":"N","commune":"Correns","code_insee":"83045","departement":"Var","region":"Provence-Alpes-Côte d'Azur"}},{"type":"Feature","geometry":{"type":"Point","coordinates":[6.05579,43.50577]},"properties":{"latitude":"43.50577","longitude":"6.05579","bright_ti4":"303.95","scan":"0.42","track":"0.61","acq_date":"2026-08-02","acq_time":"241","satellite":"N","instrument":"VIIRS","confidence":"n","version":"2.0NRT","bright_ti5":"292.2","frp":"0.77","daynight":"N","commune":"Correns","code_insee":"83045","departement":"Var","region":"Provence-Alpes-Côte d'Azur"}},{"type":"Feature","geometry":{"type":"Point","coordinates":[4.69672,44.09068]},"properties":{"latitude":"44.09068","longitude":"4.69672","bright_ti4":"304.91","scan":"0.35","track":"0.56","acq_date":"2026-08-02","acq_time":"241","satellite":"N","instrument":"VIIRS","confidence":"n","version":"2.0NRT","bright_ti5":"294.1","frp":"0.74","daynight":"N","commune":"Laudun-l'Ardoise","code_insee":"30141","departement":"Gard","region":"Occitanie"}},{"type":"Feature","geometry":{"type":"Point","coordinates":[5.82055,45.91055]},"properties":{"latitude":"45.91055","longitude":"5.82055","bright_ti4":"301.37","scan":"0.34","track":"0.56","acq_date":"2026-08-02","acq_time":"241","satellite":"N","instrument":"VIIRS","confidence":"n","version":"2.0NRT","bright_ti5":"289.93","frp":"0.44","daynight":"N","commune":"Anglefort","code_insee":"01010","departement":"Ain","region":"Auvergne-Rhône-Alpes"}},{"type":"Feature","geometry":{"type":"Point","coordinates":[0.15234,46.80728]},"properties":{"latitude":"46.80728","longitude":"0.15234","bright_ti4":"318.28","scan":"0.56","track":"0.43","acq_date":"2026-08-02","acq_time":"241","satellite":"N","instrument":"VIIRS","confidence":"n","version":"2.0NRT","bright_ti5":"286.61","frp":"2.09","daynight":"N","commune":"Chouppes","code_insee":"86075","departement":"Vienne","region":"Nouvelle-Aquitaine"}},{"type":"Feature","geometry":{"type":"Point","coordinates":[0.15239,46.80836]},"properties":{"latitude":"46.80836","longitude":"0.15239","bright_ti4":"327.5","scan":"0.56","track":"0.43","acq_date":"2026-08-02","acq_time":"241","satellite":"N","instrument":"VIIRS","confidence":"n","version":"2.0NRT","bright_ti5":"287.45","frp":"2.8","daynight":"N","commune":"Chouppes","code_insee":"86075","departement":"Vienne","region":"Nouvelle-Aquitaine"}},{"type":"Feature","geometry":{"type":"Point","coordinates":[0.15415,46.81107]},"properties":{"latitude":"46.81107","longitude":"0.15415","bright_ti4":"307.05","scan":"0.56","track":"0.43","acq_date":"2026-08-02","acq_time":"241","satellite":"N","instrument":"VIIRS","confidence":"n","version":"2.0NRT","bright_ti5":"286.27","frp":"2.09","daynight":"N","commune":"Chouppes","code_insee":"86075","departement":"Vienne","region":"Nouvelle-Aquitaine"}},{"type":"Feature","geometry":{"type":"Point","coordinates":[-0.55245,46.92133]},"properties":{"latitude":"46.92133","longitude":"-0.55245","bright_ti4":"313.51","scan":"0.52","track":"0.42","acq_date":"2026-08-02","acq_time":"241","satellite":"N","instrument":"VIIRS","confidence":"n","version":"2.0NRT","bright_ti5":"285.23","frp":"1.76","daynight":"N","commune":"Nueil-les-Aubiers","code_insee":"79195","departement":"Deux-Sèvres","region":"Nouvelle-Aquitaine"}},{"type":"Feature","geometry":{"type":"Point","coordinates":[-1.03749,48.10971]},"properties":{"latitude":"48.10971","longitude":"-1.03749","bright_ti4":"300.6","scan":"0.48","track":"0.4","acq_date":"2026-08-02","acq_time":"241","satellite":"N","instrument":"VIIRS","confidence":"n","version":"2.0NRT","bright_ti5":"287.68","frp":"1.27","daynight":"N","commune":"Saint-Pierre-la-Cour","code_insee":"53247","departement":"Mayenne","region":"Pays de la Loire"}},{"type":"Feature","geometry":{"type":"Point","coordinates":[6.11529,48.6095]},"properties":{"latitude":"48.6095","longitude":"6.11529","bright_ti4":"301.3","scan":"0.59","track":"0.53","acq_date":"2026-08-02","acq_time":"241","satellite":"N","instrument":"VIIRS","confidence":"n","version":"2.0NRT","bright_ti5":"288.84","frp":"1.14","daynight":"N","commune":"Neuves-Maisons","code_insee":"54397","departement":"Meurthe-et-Moselle","region":"Grand Est"}},{"type":"Feature","geometry":{"type":"Point","coordinates":[6.96641,48.69065]},"properties":{"latitude":"48.69065","longitude":"6.96641","bright_ti4":"306.12","scan":"0.32","track":"0.55","acq_date":"2026-08-02","acq_time":"241","satellite":"N","instrument":"VIIRS","confidence":"n","version":"2.0NRT","bright_ti5":"289.31","frp":"0.51","daynight":"N","commune":"Héming","code_insee":"57314","departement":"Moselle","region":"Grand Est"}},{"type":"Feature","geometry":{"type":"Point","coordinates":[5.68416,48.71585]},"properties":{"latitude":"48.71585","longitude":"5.68416","bright_ti4":"296.88","scan":"0.56","track":"0.52","acq_date":"2026-08-02","acq_time":"241","satellite":"N","instrument":"VIIRS","confidence":"n","version":"2.0NRT","bright_ti5":"283.37","frp":"0.33","daynight":"N","commune":"Sorcy-Saint-Martin","code_insee":"55496","departement":"Meuse","region":"Grand Est"}},{"type":"Feature","geometry":{"type":"Point","coordinates":[2.16259,48.97263]},"properties":{"latitude":"48.97263","longitude":"2.16259","bright_ti4":"301.01","scan":"0.4","track":"0.44","acq_date":"2026-08-02","acq_time":"241","satellite":"N","instrument":"VIIRS","confidence":"n","version":"2.0NRT","bright_ti5":"286.34","frp":"0.32","daynight":"N","commune":"Saint-Germain-en-Laye","code_insee":"78551","departement":"Yvelines","region":"Île-de-France"}},{"type":"Feature","geometry":{"type":"Point","coordinates":[6.09835,49.32468]},"properties":{"latitude":"49.32468","longitude":"6.09835","bright_ti4":"303.58","scan":"0.56","track":"0.52","acq_date":"2026-08-02","acq_time":"241","satellite":"N","instrument":"VIIRS","confidence":"n","version":"2.0NRT","bright_ti5":"286.55","frp":"1.79","daynight":"N","commune":"Serémange-Erzange","code_insee":"57647","departement":"Moselle","region":"Grand Est"}},{"type":"Feature","geometry":{"type":"Point","coordinates":[0.5331,49.47947]},"properties":{"latitude":"49.47947","longitude":"0.5331","bright_ti4":"298.2","scan":"0.51","track":"0.41","acq_date":"2026-08-02","acq_time":"241","satellite":"N","instrument":"VIIRS","confidence":"n","version":"2.0NRT","bright_ti5":"284.81","frp":"1.32","daynight":"N","commune":"Port-Jérôme-sur-Seine","code_insee":"76476","departement":"Seine-Maritime","region":"Normandie"}},{"type":"Feature","geometry":{"type":"Point","coordinates":[2.26901,51.02765]},"properties":{"latitude":"51.02765","longitude":"2.26901","bright_ti4":"321.77","scan":"0.54","track":"0.42","acq_date":"2026-08-02","acq_time":"241","satellite":"N","instrument":"VIIRS","confidence":"n","version":"2.0NRT","bright_ti5":"288.63","frp":"3.23","daynight":"N","commune":"Grande-Synthe","code_insee":"59271","departement":"Nord","region":"Hauts-de-France"}},{"type":"Feature","geometry":{"type":"Point","coordinates":[2.27852,51.02969]},"properties":{"latitude":"51.02969","longitude":"2.27852","bright_ti4":"331.33","scan":"0.54","track":"0.42","acq_date":"2026-08-02","acq_time":"241","satellite":"N","instrument":"VIIRS","confidence":"n","version":"2.0NRT","bright_ti5":"289.01","frp":"7.23","daynight":"N","commune":"Grande-Synthe","code_insee":"59271","departement":"Nord","region":"Hauts-de-France"}},{"type":"Feature","geometry":{"type":"Point","coordinates":[2.29018,51.03543]},"properties":{"latitude":"51.03543","longitude":"2.29018","bright_ti4":"326.32","scan":"0.54","track":"0.42","acq_date":"2026-08-02","acq_time":"241","satellite":"N","instrument":"VIIRS","confidence":"n","version":"2.0NRT","bright_ti5":"289.66","frp":"3.92","daynight":"N","commune":"Grande-Synthe","code_insee":"59271","departement":"Nord","region":"Hauts-de-France"}},{"type":"Feature","geometry":{"type":"Point","coordinates":[2.29443,51.04284]},"properties":{"latitude":"51.04284","longitude":"2.29443","bright_ti4":"303.38","scan":"0.54","track":"0.42","acq_date":"2026-08-02","acq_time":"241","satellite":"N","instrument":"VIIRS","confidence":"n","version":"2.0NRT","bright_ti5":"290.17","frp":"4.35","daynight":"N","commune":"Grande-Synthe","code_insee":"59271","departement":"Nord","region":"Hauts-de-France"}},{"type":"Feature","geometry":{"type":"Point","coordinates":[2.30398,51.04488]},"properties":{"latitude":"51.04488","longitude":"2.30398","bright_ti4":"300.79","scan":"0.54","track":"0.42","acq_date":"2026-08-02","acq_time":"241","satellite":"N","instrument":"VIIRS","confidence":"n","version":"2.0NRT","bright_ti5":"287.89","frp":"1.1","daynight":"N","commune":"Grande-Synthe","code_insee":"59271","departement":"Nord","region":"Hauts-de-France"}},{"type":"Feature","geometry":{"type":"Point","coordinates":[2.32093,51.04525]},"properties":{"latitude":"51.04525","longitude":"2.32093","bright_ti4":"298.95","scan":"0.54","track":"0.42","acq_date":"2026-08-02","acq_time":"241","satellite":"N","instrument":"VIIRS","confidence":"n","version":"2.0NRT","bright_ti5":"287.69","frp":"0.95","daynight":"N","commune":"Dunkerque","code_insee":"59183","departement":"Nord","region":"Hauts-de-France"}},{"type":"Feature","geometry":{"type":"Point","coordinates":[2.3029,51.04555]},"properties":{"latitude":"51.04555","longitude":"2.3029","bright_ti4":"300.72","scan":"0.54","track":"0.42","acq_date":"2026-08-02","acq_time":"241","satellite":"N","instrument":"VIIRS","confidence":"n","version":"2.0NRT","bright_ti5":"287.68","frp":"3.65","daynight":"N","commune":"Grande-Synthe","code_insee":"59271","departement":"Nord","region":"Hauts-de-France"}},{"type":"Feature","geometry":{"type":"Point","coordinates":[2.3198,51.04586]},"properties":{"latitude":"51.04586","longitude":"2.3198","bright_ti4":"300.34","scan":"0.54","track":"0.42","acq_date":"2026-08-02","acq_time":"241","satellite":"N","instrument":"VIIRS","confidence":"n","version":"2.0NRT","bright_ti5":"288.34","frp":"1.36","daynight":"N","commune":"Dunkerque","code_insee":"59183","departement":"Nord","region":"Hauts-de-France"}},{"type":"Feature","geometry":{"type":"Point","coordinates":[2.29657,51.04655]},"properties":{"latitude":"51.04655","longitude":"2.29657","bright_ti4":"332.82","scan":"0.54","track":"0.42","acq_date":"2026-08-02","acq_time":"241","satellite":"N","instrument":"VIIRS","confidence":"n","version":"2.0NRT","bright_ti5":"290.26","frp":"4.35","daynight":"N","commune":"Grande-Synthe","code_insee":"59271","departement":"Nord","region":"Hauts-de-France"}},{"type":"Feature","geometry":{"type":"Point","coordinates":[2.29552,51.04725]},"properties":{"latitude":"51.04725","longitude":"2.29552","bright_ti4":"333.08","scan":"0.54","track":"0.42","acq_date":"2026-08-02","acq_time":"241","satellite":"N","instrument":"VIIRS","confidence":"n","version":"2.0NRT","bright_ti5":"290.4","frp":"3.65","daynight":"N","commune":"Grande-Synthe","code_insee":"59271","departement":"Nord","region":"Hauts-de-France"}},{"type":"Feature","geometry":{"type":"Point","coordinates":[2.32309,51.04896]},"properties":{"latitude":"51.04896","longitude":"2.32309","bright_ti4":"304.02","scan":"0.54","track":"0.42","acq_date":"2026-08-02","acq_time":"241","satellite":"N","instrument":"VIIRS","confidence":"n","version":"2.0NRT","bright_ti5":"289.9","frp":"0.95","daynight":"N","commune":"Dunkerque","code_insee":"59183","departement":"Nord","region":"Hauts-de-France"}},{"type":"Feature","geometry":{"type":"Point","coordinates":[2.32195,51.04957]},"properties":{"latitude":"51.04957","longitude":"2.32195","bright_ti4":"302.4","scan":"0.54","track":"0.42","acq_date":"2026-08-02","acq_time":"241","satellite":"N","instrument":"VIIRS","confidence":"n","version":"2.0NRT","bright_ti5":"289.42","frp":"2.17","daynight":"N","commune":"Dunkerque","code_insee":"59183","departement":"Nord","region":"Hauts-de-France"}},{"type":"Feature","geometry":{"type":"Point","coordinates":[0.98902,43.18648]},"properties":{"latitude":"43.18648","longitude":"0.98902","bright_ti4":"300.55","scan":"0.49","track":"0.49","acq_date":"2026-08-02","acq_time":"243","satellite":"N","instrument":"VIIRS","confidence":"n","version":"2.0NRT","bright_ti5":"289.64","frp":"1.04","daynight":"N","commune":"Martres-Tolosane","code_insee":"31324","departement":"Haute-Garonne","region":"Occitanie"}},{"type":"Feature","geometry":{"type":"Point","coordinates":[6.11332,48.61107]},"properties":{"latitude":"48.61107","longitude":"6.11332","bright_ti4":"306.92","scan":"0.55","track":"0.42","acq_date":"2026-08-02","acq_time":"117","satellite":"N20","instrument":"VIIRS","confidence":"n","version":"2.0NRT","bright_ti5":"290.69","frp":"1.68","daynight":"N","commune":"Neuves-Maisons","code_insee":"54397","departement":"Meurthe-et-Moselle","region":"Grand Est"}},{"type":"Feature","geometry":{"type":"Point","coordinates":[6.96528,48.69098]},"properties":{"latitude":"48.69098","longitude":"6.96528","bright_ti4":"299.42","scan":"0.51","track":"0.41","acq_date":"2026-08-02","acq_time":"117","satellite":"N20","instrument":"VIIRS","confidence":"n","version":"2.0NRT","bright_ti5":"280.94","frp":"0.94","daynight":"N","commune":"Héming","code_insee":"57314","departement":"Moselle","region":"Grand Est"}},{"type":"Feature","geometry":{"type":"Point","coordinates":[5.68029,48.71656]},"properties":{"latitude":"48.71656","longitude":"5.68029","bright_ti4":"302.13","scan":"0.57","track":"0.43","acq_date":"2026-08-02","acq_time":"117","satellite":"N20","instrument":"VIIRS","confidence":"n","version":"2.0NRT","bright_ti5":"286.8","frp":"1.31","daynight":"N","commune":"Sorcy-Saint-Martin","code_insee":"55496","departement":"Meuse","region":"Grand Est"}},{"type":"Feature","geometry":{"type":"Point","coordinates":[2.27504,51.02662]},"properties":{"latitude":"51.02662","longitude":"2.27504","bright_ti4":"296.15","scan":"0.56","track":"0.52","acq_date":"2026-08-02","acq_time":"117","satellite":"N20","instrument":"VIIRS","confidence":"n","version":"2.0NRT","bright_ti5":"269.92","frp":"5.03","daynight":"N","commune":"Grande-Synthe","code_insee":"59271","departement":"Nord","region":"Hauts-de-France"}},{"type":"Feature","geometry":{"type":"Point","coordinates":[2.26787,51.02686]},"properties":{"latitude":"51.02686","longitude":"2.26787","bright_ti4":"316.42","scan":"0.56","track":"0.52","acq_date":"2026-08-02","acq_time":"117","satellite":"N20","instrument":"VIIRS","confidence":"n","version":"2.0NRT","bright_ti5":"271.28","frp":"4.09","daynight":"N","commune":"Grande-Synthe","code_insee":"59271","departement":"Nord","region":"Hauts-de-France"}},{"type":"Feature","geometry":{"type":"Point","coordinates":[2.26695,51.02706]},"properties":{"latitude":"51.02706","longitude":"2.26695","bright_ti4":"311.52","scan":"0.56","track":"0.52","acq_date":"2026-08-02","acq_time":"117","satellite":"N20","instrument":"VIIRS","confidence":"n","version":"2.0NRT","bright_ti5":"270.45","frp":"2.36","daynight":"N","commune":"Grande-Synthe","code_insee":"59271","departement":"Nord","region":"Hauts-de-France"}},{"type":"Feature","geometry":{"type":"Point","coordinates":[2.28474,51.03066]},"properties":{"latitude":"51.03066","longitude":"2.28474","bright_ti4":"313.35","scan":"0.56","track":"0.51","acq_date":"2026-08-02","acq_time":"117","satellite":"N20","instrument":"VIIRS","confidence":"n","version":"2.0NRT","bright_ti5":"270.99","frp":"5.93","daynight":"N","commune":"Grande-Synthe","code_insee":"59271","departement":"Nord","region":"Hauts-de-France"}},{"type":"Feature","geometry":{"type":"Point","coordinates":[2.28386,51.03094]},"properties":{"latitude":"51.03094","longitude":"2.28386","bright_ti4":"322.33","scan":"0.56","track":"0.52","acq_date":"2026-08-02","acq_time":"117","satellite":"N20","instrument":"VIIRS","confidence":"n","version":"2.0NRT","bright_ti5":"270.03","frp":"5.03","daynight":"N","commune":"Grande-Synthe","code_insee":"59271","departement":"Nord","region":"Hauts-de-France"}},{"type":"Feature","geometry":{"type":"Point","coordinates":[2.27667,51.03114]},"properties":{"latitude":"51.03114","longitude":"2.27667","bright_ti4":"340.36","scan":"0.56","track":"0.52","acq_date":"2026-08-02","acq_time":"117","satellite":"N20","instrument":"VIIRS","confidence":"n","version":"2.0NRT","bright_ti5":"269.74","frp":"4.09","daynight":"N","commune":"Grande-Synthe","code_insee":"59271","departement":"Nord","region":"Hauts-de-France"}},{"type":"Feature","geometry":{"type":"Point","coordinates":[2.27575,51.03138]},"properties":{"latitude":"51.03138","longitude":"2.27575","bright_ti4":"340.19","scan":"0.56","track":"0.52","acq_date":"2026-08-02","acq_time":"117","satellite":"N20","instrument":"VIIRS","confidence":"n","version":"2.0NRT","bright_ti5":"269.28","frp":"5.03","daynight":"N","commune":"Grande-Synthe","code_insee":"59271","departement":"Nord","region":"Hauts-de-France"}},{"type":"Feature","geometry":{"type":"Point","coordinates":[2.26855,51.03162]},"properties":{"latitude":"51.03162","longitude":"2.26855","bright_ti4":"295.8","scan":"0.56","track":"0.52","acq_date":"2026-08-02","acq_time":"117","satellite":"N20","instrument":"VIIRS","confidence":"n","version":"2.0NRT","bright_ti5":"269.62","frp":"4.09","daynight":"N","commune":"Grande-Synthe","code_insee":"59271","departement":"Nord","region":"Hauts-de-France"}},{"type":"Feature","geometry":{"type":"Point","coordinates":[2.28457,51.0357]},"properties":{"latitude":"51.0357","longitude":"2.28457","bright_ti4":"304.81","scan":"0.56","track":"0.52","acq_date":"2026-08-02","acq_time":"117","satellite":"N20","instrument":"VIIRS","confidence":"n","version":"2.0NRT","bright_ti5":"269.36","frp":"0.79","daynight":"N","commune":"Grande-Synthe","code_insee":"59271","departement":"Nord","region":"Hauts-de-France"}},{"type":"Feature","geometry":{"type":"Point","coordinates":[2.30214,51.04433]},"properties":{"latitude":"51.04433","longitude":"2.30214","bright_ti4":"297.7","scan":"0.56","track":"0.51","acq_date":"2026-08-02","acq_time":"117","satellite":"N20","instrument":"VIIRS","confidence":"n","version":"2.0NRT","bright_ti5":"271.68","frp":"1.51","daynight":"N","commune":"Grande-Synthe","code_insee":"59271","departement":"Nord","region":"Hauts-de-France"}},{"type":"Feature","geometry":{"type":"Point","coordinates":[2.29405,51.04477]},"properties":{"latitude":"51.04477","longitude":"2.29405","bright_ti4":"315.76","scan":"0.56","track":"0.51","acq_date":"2026-08-02","acq_time":"117","satellite":"N20","instrument":"VIIRS","confidence":"n","version":"2.0NRT","bright_ti5":"268.73","frp":"1.51","daynight":"N","commune":"Grande-Synthe","code_insee":"59271","departement":"Nord","region":"Hauts-de-France"}},{"type":"Feature","geometry":{"type":"Point","coordinates":[2.31898,51.04819]},"properties":{"latitude":"51.04819","longitude":"2.31898","bright_ti4":"298.23","scan":"0.56","track":"0.51","acq_date":"2026-08-02","acq_time":"117","satellite":"N20","instrument":"VIIRS","confidence":"n","version":"2.0NRT","bright_ti5":"277.38","frp":"0.95","daynight":"N","commune":"Dunkerque","code_insee":"59183","departement":"Nord","region":"Hauts-de-France"}},{"type":"Feature","geometry":{"type":"Point","coordinates":[9.06281,42.29313]},"properties":{"latitude":"42.29313","longitude":"9.06281","bright_ti4":"304.17","scan":"0.39","track":"0.36","acq_date":"2026-08-02","acq_time":"120","satellite":"N20","instrument":"VIIRS","confidence":"n","version":"2.0NRT","bright_ti5":"291.93","frp":"0.52","daynight":"N","commune":"Corte","code_insee":"2B096","departement":"Haute-Corse","region":"Corse"}},{"type":"Feature","geometry":{"type":"Point","coordinates":[4.83825,43.42483]},"properties":{"latitude":"43.42483","longitude":"4.83825","bright_ti4":"311.41","scan":"0.54","track":"0.42","acq_date":"2026-08-02","acq_time":"120","satellite":"N20","instrument":"VIIRS","confidence":"n","version":"2.0NRT","bright_ti5":"293.05","frp":"1.6","daynight":"N","commune":"Fos-sur-Mer","code_insee":"13039","departement":"Bouches-du-Rhône","region":"Provence-Alpes-Côte d'Azur"}},{"type":"Feature","geometry":{"type":"Point","coordinates":[4.90096,43.43398]},"properties":{"latitude":"43.43398","longitude":"4.90096","bright_ti4":"308.18","scan":"0.53","track":"0.42","acq_date":"2026-08-02","acq_time":"120","satellite":"N20","instrument":"VIIRS","confidence":"n","version":"2.0NRT","bright_ti5":"295.07","frp":"1.94","daynight":"N","commune":"Fos-sur-Mer","code_insee":"13039","departement":"Bouches-du-Rhône","region":"Provence-Alpes-Côte d'Azur"}},{"type":"Feature","geometry":{"type":"Point","coordinates":[4.89437,43.43468]},"properties":{"latitude":"43.43468","longitude":"4.89437","bright_ti4":"319.47","scan":"0.53","track":"0.42","acq_date":"2026-08-02","acq_time":"120","satellite":"N20","instrument":"VIIRS","confidence":"n","version":"2.0NRT","bright_ti5":"294.92","frp":"2.52","daynight":"N","commune":"Fos-sur-Mer","code_insee":"13039","departement":"Bouches-du-Rhône","region":"Provence-Alpes-Côte d'Azur"}},{"type":"Feature","geometry":{"type":"Point","coordinates":[4.88776,43.43538]},"properties":{"latitude":"43.43538","longitude":"4.88776","bright_ti4":"309.32","scan":"0.54","track":"0.42","acq_date":"2026-08-02","acq_time":"120","satellite":"N20","instrument":"VIIRS","confidence":"n","version":"2.0NRT","bright_ti5":"295.61","frp":"2.52","daynight":"N","commune":"Fos-sur-Mer","code_insee":"13039","departement":"Bouches-du-Rhône","region":"Provence-Alpes-Côte d'Azur"}},{"type":"Feature","geometry":{"type":"Point","coordinates":[4.89515,43.43853]},"properties":{"latitude":"43.43853","longitude":"4.89515","bright_ti4":"306.94","scan":"0.53","track":"0.42","acq_date":"2026-08-02","acq_time":"120","satellite":"N20","instrument":"VIIRS","confidence":"n","version":"2.0NRT","bright_ti5":"294.75","frp":"1.24","daynight":"N","commune":"Fos-sur-Mer","code_insee":"13039","departement":"Bouches-du-Rhône","region":"Provence-Alpes-Côte d'Azur"}},{"type":"Feature","geometry":{"type":"Point","coordinates":[4.88852,43.43923]},"properties":{"latitude":"43.43923","longitude":"4.88852","bright_ti4":"307.23","scan":"0.54","track":"0.42","acq_date":"2026-08-02","acq_time":"120","satellite":"N20","instrument":"VIIRS","confidence":"n","version":"2.0NRT","bright_ti5":"294.48","frp":"1.24","daynight":"N","commune":"Fos-sur-Mer","code_insee":"13039","departement":"Bouches-du-Rhône","region":"Provence-Alpes-Côte d'Azur"}},{"type":"Feature","geometry":{"type":"Point","coordinates":[4.89592,43.44238]},"properties":{"latitude":"43.44238","longitude":"4.89592","bright_ti4":"303.89","scan":"0.53","track":"0.42","acq_date":"2026-08-02","acq_time":"120","satellite":"N20","instrument":"VIIRS","confidence":"n","version":"2.0NRT","bright_ti5":"293.55","frp":"1.24","daynight":"N","commune":"Fos-sur-Mer","code_insee":"13039","departement":"Bouches-du-Rhône","region":"Provence-Alpes-Côte d'Azur"}},{"type":"Feature","geometry":{"type":"Point","coordinates":[4.87604,43.4445]},"properties":{"latitude":"43.4445","longitude":"4.87604","bright_ti4":"313.45","scan":"0.54","track":"0.42","acq_date":"2026-08-02","acq_time":"120","satellite":"N20","instrument":"VIIRS","confidence":"n","version":"2.0NRT","bright_ti5":"291.19","frp":"59.17","daynight":"N","commune":"Fos-sur-Mer","code_insee":"13039","departement":"Bouches-du-Rhône","region":"Provence-Alpes-Côte d'Azur"}},{"type":"Feature","geometry":{"type":"Point","coordinates":[4.89668,43.44624]},"properties":{"latitude":"43.44624","longitude":"4.89668","bright_ti4":"334.03","scan":"0.53","track":"0.42","acq_date":"2026-08-02","acq_time":"120","satellite":"N20","instrument":"VIIRS","confidence":"n","version":"2.0NRT","bright_ti5":"296.32","frp":"4.77","daynight":"N","commune":"Fos-sur-Mer","code_insee":"13039","departement":"Bouches-du-Rhône","region":"Provence-Alpes-Côte d'Azur"}},{"type":"Feature","geometry":{"type":"Point","coordinates":[6.08427,43.45774]},"properties":{"latitude":"43.45774","longitude":"6.08427","bright_ti4":"307.92","scan":"0.48","track":"0.4","acq_date":"2026-08-02","acq_time":"120","satellite":"N20","instrument":"VIIRS","confidence":"n","version":"2.0NRT","bright_ti5":"292.7","frp":"1.19","daynight":"N","commune":"Le Val","code_insee":"83143","departement":"Var","region":"Provence-Alpes-Côte d'Azur"}},{"type":"Feature","geometry":{"type":"Point","coordinates":[6.06747,43.4634]},"properties":{"latitude":"43.4634","longitude":"6.06747","bright_ti4":"333","scan":"0.48","track":"0.4","acq_date":"2026-08-02","acq_time":"120","satellite":"N20","instrument":"VIIRS","confidence":"n","version":"2.0NRT","bright_ti5":"295.74","frp":"7.29","daynight":"N","commune":"Le Val","code_insee":"83143","departement":"Var","region":"Provence-Alpes-Côte d'Azur"}},{"type":"Feature","geometry":{"type":"Point","coordinates":[6.05718,43.47208]},"properties":{"latitude":"43.47208","longitude":"6.05718","bright_ti4":"339.96","scan":"0.48","track":"0.4","acq_date":"2026-08-02","acq_time":"120","satellite":"N20","instrument":"VIIRS","confidence":"n","version":"2.0NRT","bright_ti5":"295.05","frp":"4.65","daynight":"N","commune":"Correns","code_insee":"83045","departement":"Var","region":"Provence-Alpes-Côte d'Azur"}},{"type":"Feature","geometry":{"type":"Point","coordinates":[6.05802,43.47573]},"properties":{"latitude":"43.47573","longitude":"6.05802","bright_ti4":"320.66","scan":"0.48","track":"0.4","acq_date":"2026-08-02","acq_time":"120","satellite":"N20","instrument":"VIIRS","confidence":"n","version":"2.0NRT","bright_ti5":"293.42","frp":"4.65","daynight":"N","commune":"Correns","code_insee":"83045","departement":"Var","region":"Provence-Alpes-Côte d'Azur"}},{"type":"Feature","geometry":{"type":"Point","coordinates":[6.10063,43.47836]},"properties":{"latitude":"43.47836","longitude":"6.10063","bright_ti4":"306.34","scan":"0.48","track":"0.4","acq_date":"2026-08-02","acq_time":"120","satellite":"N20","instrument":"VIIRS","confidence":"n","version":"2.0NRT","bright_ti5":"293.52","frp":"0.88","daynight":"N","commune":"Montfort-sur-Argens","code_insee":"83083","departement":"Var","region":"Provence-Alpes-Côte d'Azur"}},{"type":"Feature","geometry":{"type":"Point","coordinates":[6.09714,43.49]},"properties":{"latitude":"43.49","longitude":"6.09714","bright_ti4":"309.15","scan":"0.48","track":"0.4","acq_date":"2026-08-02","acq_time":"120","satellite":"N20","instrument":"VIIRS","confidence":"n","version":"2.0NRT","bright_ti5":"292.65","frp":"1.14","daynight":"N","commune":"Correns","code_insee":"83045","departement":"Var","region":"Provence-Alpes-Côte d'Azur"}},{"type":"Feature","geometry":{"type":"Point","coordinates":[6.05266,43.50639]},"properties":{"latitude":"43.50639","longitude":"6.05266","bright_ti4":"329.51","scan":"0.48","track":"0.4","acq_date":"2026-08-02","acq_time":"120","satellite":"N20","instrument":"VIIRS","confidence":"n","version":"2.0NRT","bright_ti5":"293.95","frp":"3.83","daynight":"N","commune":"Correns","code_insee":"83045","departement":"Var","region":"Provence-Alpes-Côte d'Azur"}},{"type":"Feature","geometry":{"type":"Point","coordinates":[6.05352,43.51004]},"properties":{"latitude":"43.51004","longitude":"6.05352","bright_ti4":"305.77","scan":"0.48","track":"0.4","acq_date":"2026-08-02","acq_time":"120","satellite":"N20","instrument":"VIIRS","confidence":"n","version":"2.0NRT","bright_ti5":"292.3","frp":"0.43","daynight":"N","commune":"Correns","code_insee":"83045","departement":"Var","region":"Provence-Alpes-Côte d'Azur"}},{"type":"Feature","geometry":{"type":"Point","coordinates":[7.37258,43.79361]},"properties":{"latitude":"43.79361","longitude":"7.37258","bright_ti4":"308.67","scan":"0.44","track":"0.38","acq_date":"2026-08-02","acq_time":"120","satellite":"N20","instrument":"VIIRS","confidence":"n","version":"2.0NRT","bright_ti5":"294.52","frp":"1.38","daynight":"N","commune":"Blausasc","code_insee":"06019","departement":"Alpes-Maritimes","region":"Provence-Alpes-Côte d'Azur"}},{"type":"Feature","geometry":{"type":"Point","coordinates":[5.81888,45.91214]},"properties":{"latitude":"45.91214","longitude":"5.81888","bright_ti4":"303.8","scan":"0.52","track":"0.42","acq_date":"2026-08-02","acq_time":"120","satellite":"N20","instrument":"VIIRS","confidence":"n","version":"2.0NRT","bright_ti5":"291.65","frp":"0.68","daynight":"N","commune":"Anglefort","code_insee":"01010","departement":"Ain","region":"Auvergne-Rhône-Alpes"}},{"type":"Feature","geometry":{"type":"Point","coordinates":[0.15737,46.80742]},"properties":{"latitude":"46.80742","longitude":"0.15737","bright_ti4":"295.25","scan":"0.32","track":"0.55","acq_date":"2026-08-02","acq_time":"120","satellite":"N20","instrument":"VIIRS","confidence":"n","version":"2.0NRT","bright_ti5":"275.43","frp":"0.47","daynight":"N","commune":"Chouppes","code_insee":"86075","departement":"Vienne","region":"Nouvelle-Aquitaine"}},{"type":"Feature","geometry":{"type":"Point","coordinates":[0.15299,46.80765]},"properties":{"latitude":"46.80765","longitude":"0.15299","bright_ti4":"308.45","scan":"0.32","track":"0.55","acq_date":"2026-08-02","acq_time":"120","satellite":"N20","instrument":"VIIRS","confidence":"n","version":"2.0NRT","bright_ti5":"275.77","frp":"0.65","daynight":"N","commune":"Chouppes","code_insee":"86075","departement":"Vienne","region":"Nouvelle-Aquitaine"}},{"type":"Feature","geometry":{"type":"Point","coordinates":[0.15296,46.8111]},"properties":{"latitude":"46.8111","longitude":"0.15296","bright_ti4":"305.79","scan":"0.32","track":"0.55","acq_date":"2026-08-02","acq_time":"120","satellite":"N20","instrument":"VIIRS","confidence":"n","version":"2.0NRT","bright_ti5":"271.21","frp":"0.83","daynight":"N","commune":"Chouppes","code_insee":"86075","departement":"Vienne","region":"Nouvelle-Aquitaine"}},{"type":"Feature","geometry":{"type":"Point","coordinates":[-0.55132,46.92239]},"properties":{"latitude":"46.92239","longitude":"-0.55132","bright_ti4":"305.94","scan":"0.35","track":"0.57","acq_date":"2026-08-02","acq_time":"120","satellite":"N20","instrument":"VIIRS","confidence":"n","version":"2.0NRT","bright_ti5":"283.63","frp":"0.62","daynight":"N","commune":"Nueil-les-Aubiers","code_insee":"79195","departement":"Deux-Sèvres","region":"Nouvelle-Aquitaine"}},{"type":"Feature","geometry":{"type":"Point","coordinates":[6.96869,48.69227]},"properties":{"latitude":"48.69227","longitude":"6.96869","bright_ti4":"297.21","scan":"0.59","track":"0.7","acq_date":"2026-08-02","acq_time":"258","satellite":"N20","instrument":"VIIRS","confidence":"n","version":"2.0NRT","bright_ti5":"286.84","frp":"0.6","daynight":"N","commune":"Héming","code_insee":"57314","departement":"Moselle","region":"Grand Est"}},{"type":"Feature","geometry":{"type":"Point","coordinates":[2.16309,48.97171]},"properties":{"latitude":"48.97171","longitude":"2.16309","bright_ti4":"296.52","scan":"0.37","track":"0.58","acq_date":"2026-08-02","acq_time":"258","satellite":"N20","instrument":"VIIRS","confidence":"n","version":"2.0NRT","bright_ti5":"284.59","frp":"0.32","daynight":"N","commune":"Saint-Germain-en-Laye","code_insee":"78551","departement":"Yvelines","region":"Île-de-France"}},{"type":"Feature","geometry":{"type":"Point","coordinates":[6.10325,49.32387]},"properties":{"latitude":"49.32387","longitude":"6.10325","bright_ti4":"295.98","scan":"0.52","track":"0.67","acq_date":"2026-08-02","acq_time":"258","satellite":"N20","instrument":"VIIRS","confidence":"n","version":"2.0NRT","bright_ti5":"284.77","frp":"0.92","daynight":"N","commune":"Serémange-Erzange","code_insee":"57647","departement":"Moselle","region":"Grand Est"}},{"type":"Feature","geometry":{"type":"Point","coordinates":[6.09653,49.32617]},"properties":{"latitude":"49.32617","longitude":"6.09653","bright_ti4":"296.52","scan":"0.52","track":"0.67","acq_date":"2026-08-02","acq_time":"258","satellite":"N20","instrument":"VIIRS","confidence":"n","version":"2.0NRT","bright_ti5":"283.99","frp":"1.17","daynight":"N","commune":"Serémange-Erzange","code_insee":"57647","departement":"Moselle","region":"Grand Est"}},{"type":"Feature","geometry":{"type":"Point","coordinates":[0.53681,49.47528]},"properties":{"latitude":"49.47528","longitude":"0.53681","bright_ti4":"299.27","scan":"0.61","track":"0.53","acq_date":"2026-08-02","acq_time":"258","satellite":"N20","instrument":"VIIRS","confidence":"n","version":"2.0NRT","bright_ti5":"285.78","frp":"1.71","daynight":"N","commune":"Port-Jérôme-sur-Seine","code_insee":"76476","departement":"Seine-Maritime","region":"Normandie"}},{"type":"Feature","geometry":{"type":"Point","coordinates":[2.27222,51.03006]},"properties":{"latitude":"51.03006","longitude":"2.27222","bright_ti4":"316.04","scan":"0.32","track":"0.55","acq_date":"2026-08-02","acq_time":"258","satellite":"N20","instrument":"VIIRS","confidence":"n","version":"2.0NRT","bright_ti5":"275.34","frp":"1.95","daynight":"N","commune":"Grande-Synthe","code_insee":"59271","departement":"Nord","region":"Hauts-de-France"}},{"type":"Feature","geometry":{"type":"Point","coordinates":[2.28391,51.03223]},"properties":{"latitude":"51.03223","longitude":"2.28391","bright_ti4":"302.42","scan":"0.32","track":"0.55","acq_date":"2026-08-02","acq_time":"258","satellite":"N20","instrument":"VIIRS","confidence":"n","version":"2.0NRT","bright_ti5":"275.5","frp":"0.92","daynight":"N","commune":"Grande-Synthe","code_insee":"59271","departement":"Nord","region":"Hauts-de-France"}},{"type":"Feature","geometry":{"type":"Point","coordinates":[2.27974,51.03344]},"properties":{"latitude":"51.03344","longitude":"2.27974","bright_ti4":"306.25","scan":"0.32","track":"0.55","acq_date":"2026-08-02","acq_time":"258","satellite":"N20","instrument":"VIIRS","confidence":"n","version":"2.0NRT","bright_ti5":"273.36","frp":"1.14","daynight":"N","commune":"Grande-Synthe","code_insee":"59271","departement":"Nord","region":"Hauts-de-France"}},{"type":"Feature","geometry":{"type":"Point","coordinates":[2.29147,51.0356]},"properties":{"latitude":"51.0356","longitude":"2.29147","bright_ti4":"299.04","scan":"0.32","track":"0.55","acq_date":"2026-08-02","acq_time":"258","satellite":"N20","instrument":"VIIRS","confidence":"n","version":"2.0NRT","bright_ti5":"270.41","frp":"0.92","daynight":"N","commune":"Grande-Synthe","code_insee":"59271","departement":"Nord","region":"Hauts-de-France"}},{"type":"Feature","geometry":{"type":"Point","coordinates":[2.28729,51.0368]},"properties":{"latitude":"51.0368","longitude":"2.28729","bright_ti4":"309.06","scan":"0.32","track":"0.55","acq_date":"2026-08-02","acq_time":"258","satellite":"N20","instrument":"VIIRS","confidence":"n","version":"2.0NRT","bright_ti5":"270.07","frp":"0.92","daynight":"N","commune":"Grande-Synthe","code_insee":"59271","departement":"Nord","region":"Hauts-de-France"}},{"type":"Feature","geometry":{"type":"Point","coordinates":[2.30153,51.04461]},"properties":{"latitude":"51.04461","longitude":"2.30153","bright_ti4":"297.32","scan":"0.32","track":"0.55","acq_date":"2026-08-02","acq_time":"258","satellite":"N20","instrument":"VIIRS","confidence":"n","version":"2.0NRT","bright_ti5":"273.15","frp":"2.68","daynight":"N","commune":"Grande-Synthe","code_insee":"59271","departement":"Nord","region":"Hauts-de-France"}},{"type":"Feature","geometry":{"type":"Point","coordinates":[2.29821,51.04476]},"properties":{"latitude":"51.04476","longitude":"2.29821","bright_ti4":"311.2","scan":"0.32","track":"0.55","acq_date":"2026-08-02","acq_time":"258","satellite":"N20","instrument":"VIIRS","confidence":"n","version":"2.0NRT","bright_ti5":"269.81","frp":"1.15","daynight":"N","commune":"Grande-Synthe","code_insee":"59271","departement":"Nord","region":"Hauts-de-France"}},{"type":"Feature","geometry":{"type":"Point","coordinates":[2.32174,51.04909]},"properties":{"latitude":"51.04909","longitude":"2.32174","bright_ti4":"304.83","scan":"0.32","track":"0.55","acq_date":"2026-08-02","acq_time":"258","satellite":"N20","instrument":"VIIRS","confidence":"n","version":"2.0NRT","bright_ti5":"280.35","frp":"1.2","daynight":"N","commune":"Dunkerque","code_insee":"59183","departement":"Nord","region":"Hauts-de-France"}},{"type":"Feature","geometry":{"type":"Point","coordinates":[4.89994,43.43495]},"properties":{"latitude":"43.43495","longitude":"4.89994","bright_ti4":"304.85","scan":"0.74","track":"0.76","acq_date":"2026-08-02","acq_time":"300","satellite":"N20","instrument":"VIIRS","confidence":"n","version":"2.0NRT","bright_ti5":"291.14","frp":"2.39","daynight":"N","commune":"Fos-sur-Mer","code_insee":"13039","departement":"Bouches-du-Rhône","region":"Provence-Alpes-Côte d'Azur"}},{"type":"Feature","geometry":{"type":"Point","coordinates":[4.89167,43.43788]},"properties":{"latitude":"43.43788","longitude":"4.89167","bright_ti4":"303.15","scan":"0.74","track":"0.76","acq_date":"2026-08-02","acq_time":"300","satellite":"N20","instrument":"VIIRS","confidence":"n","version":"2.0NRT","bright_ti5":"291.69","frp":"2.39","daynight":"N","commune":"Fos-sur-Mer","code_insee":"13039","departement":"Bouches-du-Rhône","region":"Provence-Alpes-Côte d'Azur"}},{"type":"Feature","geometry":{"type":"Point","coordinates":[4.8835,43.44078]},"properties":{"latitude":"43.44078","longitude":"4.8835","bright_ti4":"308.75","scan":"0.74","track":"0.76","acq_date":"2026-08-02","acq_time":"300","satellite":"N20","instrument":"VIIRS","confidence":"n","version":"2.0NRT","bright_ti5":"291.42","frp":"4.77","daynight":"N","commune":"Fos-sur-Mer","code_insee":"13039","departement":"Bouches-du-Rhône","region":"Provence-Alpes-Côte d'Azur"}},{"type":"Feature","geometry":{"type":"Point","coordinates":[4.87531,43.44368]},"properties":{"latitude":"43.44368","longitude":"4.87531","bright_ti4":"329.51","scan":"0.73","track":"0.76","acq_date":"2026-08-02","acq_time":"300","satellite":"N20","instrument":"VIIRS","confidence":"n","version":"2.0NRT","bright_ti5":"290","frp":"4.77","daynight":"N","commune":"Fos-sur-Mer","code_insee":"13039","departement":"Bouches-du-Rhône","region":"Provence-Alpes-Côte d'Azur"}},{"type":"Feature","geometry":{"type":"Point","coordinates":[5.80771,45.19104]},"properties":{"latitude":"45.19104","longitude":"5.80771","bright_ti4":"301.13","scan":"0.71","track":"0.75","acq_date":"2026-08-02","acq_time":"300","satellite":"N20","instrument":"VIIRS","confidence":"n","version":"2.0NRT","bright_ti5":"287.86","frp":"0.76","daynight":"N","commune":"Gières","code_insee":"38179","departement":"Isère","region":"Auvergne-Rhône-Alpes"}},{"type":"Feature","geometry":{"type":"Point","coordinates":[5.80883,45.19263]},"properties":{"latitude":"45.19263","longitude":"5.80883","bright_ti4":"299.42","scan":"0.7","track":"0.75","acq_date":"2026-08-02","acq_time":"300","satellite":"N20","instrument":"VIIRS","confidence":"n","version":"2.0NRT","bright_ti5":"287.75","frp":"0.5","daynight":"N","commune":"Murianette","code_insee":"38271","departement":"Isère","region":"Auvergne-Rhône-Alpes"}},{"type":"Feature","geometry":{"type":"Point","coordinates":[0.15292,46.80728]},"properties":{"latitude":"46.80728","longitude":"0.15292","bright_ti4":"322.94","scan":"0.35","track":"0.57","acq_date":"2026-08-02","acq_time":"300","satellite":"N20","instrument":"VIIRS","confidence":"n","version":"2.0NRT","bright_ti5":"285.52","frp":"1.86","daynight":"N","commune":"Chouppes","code_insee":"86075","departement":"Vienne","region":"Nouvelle-Aquitaine"}},{"type":"Feature","geometry":{"type":"Point","coordinates":[-0.55245,46.92077]},"properties":{"latitude":"46.92077","longitude":"-0.55245","bright_ti4":"316.31","scan":"0.33","track":"0.55","acq_date":"2026-08-02","acq_time":"300","satellite":"N20","instrument":"VIIRS","confidence":"n","version":"2.0NRT","bright_ti5":"285.24","frp":"1.26","daynight":"N","commune":"Nueil-les-Aubiers","code_insee":"79195","departement":"Deux-Sèvres","region":"Nouvelle-Aquitaine"}},{"type":"Feature","geometry":{"type":"Point","coordinates":[4.89138,43.43272]},"properties":{"latitude":"43.43272","longitude":"4.89138","bright_ti4":"308.33","scan":"0.78","track":"0.78","acq_date":"2026-08-02","acq_time":"24","satellite":"N21","instrument":"VIIRS","confidence":"n","version":"2.0NRT","bright_ti5":"291.9","frp":"4.41","daynight":"N","commune":"Fos-sur-Mer","code_insee":"13039","departement":"Bouches-du-Rhône","region":"Provence-Alpes-Côte d'Azur"}},{"type":"Feature","geometry":{"type":"Point","coordinates":[4.8717,43.43973]},"properties":{"latitude":"43.43973","longitude":"4.8717","bright_ti4":"308.62","scan":"0.78","track":"0.78","acq_date":"2026-08-02","acq_time":"24","satellite":"N21","instrument":"VIIRS","confidence":"n","version":"2.0NRT","bright_ti5":"290.65","frp":"6.25","daynight":"N","commune":"Fos-sur-Mer","code_insee":"13039","departement":"Bouches-du-Rhône","region":"Provence-Alpes-Côte d'Azur"}},{"type":"Feature","geometry":{"type":"Point","coordinates":[4.88146,43.43981]},"properties":{"latitude":"43.43981","longitude":"4.88146","bright_ti4":"326.59","scan":"0.78","track":"0.78","acq_date":"2026-08-02","acq_time":"24","satellite":"N21","instrument":"VIIRS","confidence":"n","version":"2.0NRT","bright_ti5":"291.87","frp":"6.25","daynight":"N","commune":"Fos-sur-Mer","code_insee":"13039","departement":"Bouches-du-Rhône","region":"Provence-Alpes-Côte d'Azur"}},{"type":"Feature","geometry":{"type":"Point","coordinates":[4.88127,43.44699]},"properties":{"latitude":"43.44699","longitude":"4.88127","bright_ti4":"305.21","scan":"0.78","track":"0.78","acq_date":"2026-08-02","acq_time":"24","satellite":"N21","instrument":"VIIRS","confidence":"n","version":"2.0NRT","bright_ti5":"290.83","frp":"6.25","daynight":"N","commune":"Fos-sur-Mer","code_insee":"13039","departement":"Bouches-du-Rhône","region":"Provence-Alpes-Côte d'Azur"}},{"type":"Feature","geometry":{"type":"Point","coordinates":[6.05019,43.50508]},"properties":{"latitude":"43.50508","longitude":"6.05019","bright_ti4":"304.07","scan":"0.68","track":"0.74","acq_date":"2026-08-02","acq_time":"24","satellite":"N21","instrument":"VIIRS","confidence":"n","version":"2.0NRT","bright_ti5":"291.99","frp":"2.17","daynight":"N","commune":"Correns","code_insee":"83045","departement":"Var","region":"Provence-Alpes-Côte d'Azur"}},{"type":"Feature","geometry":{"type":"Point","coordinates":[-0.13969,46.80618]},"properties":{"latitude":"46.80618","longitude":"-0.13969","bright_ti4":"297.41","scan":"0.38","track":"0.36","acq_date":"2026-08-02","acq_time":"204","satellite":"N21","instrument":"VIIRS","confidence":"n","version":"2.0NRT","bright_ti5":"283.15","frp":"0.66","daynight":"N","commune":"Airvault","code_insee":"79005","departement":"Deux-Sèvres","region":"Nouvelle-Aquitaine"}},{"type":"Feature","geometry":{"type":"Point","coordinates":[0.15546,46.80695]},"properties":{"latitude":"46.80695","longitude":"0.15546","bright_ti4":"327.82","scan":"0.39","track":"0.36","acq_date":"2026-08-02","acq_time":"204","satellite":"N21","instrument":"VIIRS","confidence":"n","version":"2.0NRT","bright_ti5":"284.99","frp":"3.09","daynight":"N","commune":"Chouppes","code_insee":"86075","departement":"Vienne","region":"Nouvelle-Aquitaine"}},{"type":"Feature","geometry":{"type":"Point","coordinates":[-0.55235,46.91948]},"properties":{"latitude":"46.91948","longitude":"-0.55235","bright_ti4":"306.85","scan":"0.38","track":"0.36","acq_date":"2026-08-02","acq_time":"204","satellite":"N21","instrument":"VIIRS","confidence":"n","version":"2.0NRT","bright_ti5":"283.13","frp":"1.06","daynight":"N","commune":"Nueil-les-Aubiers","code_insee":"79195","departement":"Deux-Sèvres","region":"Nouvelle-Aquitaine"}},{"type":"Feature","geometry":{"type":"Point","coordinates":[-0.55128,46.92273]},"properties":{"latitude":"46.92273","longitude":"-0.55128","bright_ti4":"296.25","scan":"0.38","track":"0.36","acq_date":"2026-08-02","acq_time":"204","satellite":"N21","instrument":"VIIRS","confidence":"n","version":"2.0NRT","bright_ti5":"283.18","frp":"1.06","daynight":"N","commune":"Nueil-les-Aubiers","code_insee":"79195","departement":"Deux-Sèvres","region":"Nouvelle-Aquitaine"}},{"type":"Feature","geometry":{"type":"Point","coordinates":[7.23749,47.62954]},"properties":{"latitude":"47.62954","longitude":"7.23749","bright_ti4":"303.6","scan":"0.38","track":"0.43","acq_date":"2026-08-02","acq_time":"204","satellite":"N21","instrument":"VIIRS","confidence":"n","version":"2.0NRT","bright_ti5":"289","frp":"0.9","daynight":"N","commune":"Altkirch","code_insee":"68004","departement":"Haut-Rhin","region":"Grand Est"}},{"type":"Feature","geometry":{"type":"Point","coordinates":[-1.03645,48.10618]},"properties":{"latitude":"48.10618","longitude":"-1.03645","bright_ti4":"303.88","scan":"0.39","track":"0.36","acq_date":"2026-08-02","acq_time":"204","satellite":"N21","instrument":"VIIRS","confidence":"n","version":"2.0NRT","bright_ti5":"288.68","frp":"1.04","daynight":"N","commune":"Saint-Pierre-la-Cour","code_insee":"53247","departement":"Mayenne","region":"Pays de la Loire"}},{"type":"Feature","geometry":{"type":"Point","coordinates":[6.1196,48.60909]},"properties":{"latitude":"48.60909","longitude":"6.1196","bright_ti4":"303.92","scan":"0.5","track":"0.41","acq_date":"2026-08-02","acq_time":"204","satellite":"N21","instrument":"VIIRS","confidence":"n","version":"2.0NRT","bright_ti5":"291.3","frp":"0.95","daynight":"N","commune":"Neuves-Maisons","code_insee":"54397","departement":"Meurthe-et-Moselle","region":"Grand Est"}},{"type":"Feature","geometry":{"type":"Point","coordinates":[6.11314,48.61045]},"properties":{"latitude":"48.61045","longitude":"6.11314","bright_ti4":"307.72","scan":"0.5","track":"0.41","acq_date":"2026-08-02","acq_time":"204","satellite":"N21","instrument":"VIIRS","confidence":"n","version":"2.0NRT","bright_ti5":"291.33","frp":"2.06","daynight":"N","commune":"Neuves-Maisons","code_insee":"54397","departement":"Meurthe-et-Moselle","region":"Grand Est"}},{"type":"Feature","geometry":{"type":"Point","coordinates":[5.67951,48.71676]},"properties":{"latitude":"48.71676","longitude":"5.67951","bright_ti4":"303.03","scan":"0.48","track":"0.4","acq_date":"2026-08-02","acq_time":"204","satellite":"N21","instrument":"VIIRS","confidence":"n","version":"2.0NRT","bright_ti5":"287.8","frp":"1.13","daynight":"N","commune":"Sorcy-Saint-Martin","code_insee":"55496","departement":"Meuse","region":"Grand Est"}},{"type":"Feature","geometry":{"type":"Point","coordinates":[4.56183,48.76959]},"properties":{"latitude":"48.76959","longitude":"4.56183","bright_ti4":"301.05","scan":"0.44","track":"0.39","acq_date":"2026-08-02","acq_time":"204","satellite":"N21","instrument":"VIIRS","confidence":"n","version":"2.0NRT","bright_ti5":"288.3","frp":"0.76","daynight":"N","commune":"Couvrot","code_insee":"51195","departement":"Marne","region":"Grand Est"}},{"type":"Feature","geometry":{"type":"Point","coordinates":[2.73473,48.94791]},"properties":{"latitude":"48.94791","longitude":"2.73473","bright_ti4":"296.96","scan":"0.4","track":"0.37","acq_date":"2026-08-02","acq_time":"204","satellite":"N21","instrument":"VIIRS","confidence":"n","version":"2.0NRT","bright_ti5":"286.72","frp":"0.35","daynight":"N","commune":"Fresnes-sur-Marne","code_insee":"77196","departement":"Seine-et-Marne","region":"Île-de-France"}},{"type":"Feature","geometry":{"type":"Point","coordinates":[6.14538,49.3178]},"properties":{"latitude":"49.3178","longitude":"6.14538","bright_ti4":"298.05","scan":"0.49","track":"0.4","acq_date":"2026-08-02","acq_time":"204","satellite":"N21","instrument":"VIIRS","confidence":"n","version":"2.0NRT","bright_ti5":"287.28","frp":"0.6","daynight":"N","commune":"Florange","code_insee":"57221","departement":"Moselle","region":"Grand Est"}},{"type":"Feature","geometry":{"type":"Point","coordinates":[6.09868,49.32359]},"properties":{"latitude":"49.32359","longitude":"6.09868","bright_ti4":"302.3","scan":"0.48","track":"0.4","acq_date":"2026-08-02","acq_time":"204","satellite":"N21","instrument":"VIIRS","confidence":"n","version":"2.0NRT","bright_ti5":"288.24","frp":"1.35","daynight":"N","commune":"Serémange-Erzange","code_insee":"57647","departement":"Moselle","region":"Grand Est"}},{"type":"Feature","geometry":{"type":"Point","coordinates":[0.53746,49.47681]},"properties":{"latitude":"49.47681","longitude":"0.53746","bright_ti4":"298.45","scan":"0.38","track":"0.36","acq_date":"2026-08-02","acq_time":"204","satellite":"N21","instrument":"VIIRS","confidence":"n","version":"2.0NRT","bright_ti5":"286.56","frp":"0.84","daynight":"N","commune":"Port-Jérôme-sur-Seine","code_insee":"76476","departement":"Seine-Maritime","region":"Normandie"}},{"type":"Feature","geometry":{"type":"Point","coordinates":[2.27003,51.02644]},"properties":{"latitude":"51.02644","longitude":"2.27003","bright_ti4":"328.16","scan":"0.39","track":"0.36","acq_date":"2026-08-02","acq_time":"204","satellite":"N21","instrument":"VIIRS","confidence":"n","version":"2.0NRT","bright_ti5":"289.04","frp":"1.83","daynight":"N","commune":"Grande-Synthe","code_insee":"59271","departement":"Nord","region":"Hauts-de-France"}},{"type":"Feature","geometry":{"type":"Point","coordinates":[2.28213,51.0279]},"properties":{"latitude":"51.0279","longitude":"2.28213","bright_ti4":"305.42","scan":"0.39","track":"0.36","acq_date":"2026-08-02","acq_time":"204","satellite":"N21","instrument":"VIIRS","confidence":"n","version":"2.0NRT","bright_ti5":"288.12","frp":"4.37","daynight":"N","commune":"Grande-Synthe","code_insee":"59271","departement":"Nord","region":"Hauts-de-France"}},{"type":"Feature","geometry":{"type":"Point","coordinates":[2.27675,51.02879]},"properties":{"latitude":"51.02879","longitude":"2.27675","bright_ti4":"327.73","scan":"0.39","track":"0.36","acq_date":"2026-08-02","acq_time":"204","satellite":"N21","instrument":"VIIRS","confidence":"n","version":"2.0NRT","bright_ti5":"289.35","frp":"4.37","daynight":"N","commune":"Grande-Synthe","code_insee":"59271","departement":"Nord","region":"Hauts-de-France"}},{"type":"Feature","geometry":{"type":"Point","coordinates":[2.27138,51.02967]},"properties":{"latitude":"51.02967","longitude":"2.27138","bright_ti4":"303.07","scan":"0.39","track":"0.36","acq_date":"2026-08-02","acq_time":"204","satellite":"N21","instrument":"VIIRS","confidence":"n","version":"2.0NRT","bright_ti5":"287.8","frp":"1.83","daynight":"N","commune":"Grande-Synthe","code_insee":"59271","departement":"Nord","region":"Hauts-de-France"}},{"type":"Feature","geometry":{"type":"Point","coordinates":[2.28347,51.03113]},"properties":{"latitude":"51.03113","longitude":"2.28347","bright_ti4":"310.82","scan":"0.39","track":"0.36","acq_date":"2026-08-02","acq_time":"204","satellite":"N21","instrument":"VIIRS","confidence":"n","version":"2.0NRT","bright_ti5":"288.06","frp":"2.07","daynight":"N","commune":"Grande-Synthe","code_insee":"59271","departement":"Nord","region":"Hauts-de-France"}},{"type":"Feature","geometry":{"type":"Point","coordinates":[2.2781,51.03202]},"properties":{"latitude":"51.03202","longitude":"2.2781","bright_ti4":"333.7","scan":"0.39","track":"0.36","acq_date":"2026-08-02","acq_time":"204","satellite":"N21","instrument":"VIIRS","confidence":"n","version":"2.0NRT","bright_ti5":"289.12","frp":"2.07","daynight":"N","commune":"Grande-Synthe","code_insee":"59271","departement":"Nord","region":"Hauts-de-France"}},{"type":"Feature","geometry":{"type":"Point","coordinates":[2.28482,51.03436]},"properties":{"latitude":"51.03436","longitude":"2.28482","bright_ti4":"308.77","scan":"0.39","track":"0.36","acq_date":"2026-08-02","acq_time":"204","satellite":"N21","instrument":"VIIRS","confidence":"n","version":"2.0NRT","bright_ti5":"288.34","frp":"2.07","daynight":"N","commune":"Grande-Synthe","code_insee":"59271","departement":"Nord","region":"Hauts-de-France"}},{"type":"Feature","geometry":{"type":"Point","coordinates":[2.29289,51.03994]},"properties":{"latitude":"51.03994","longitude":"2.29289","bright_ti4":"302.58","scan":"0.39","track":"0.36","acq_date":"2026-08-02","acq_time":"204","satellite":"N21","instrument":"VIIRS","confidence":"n","version":"2.0NRT","bright_ti5":"288.64","frp":"0.74","daynight":"N","commune":"Grande-Synthe","code_insee":"59271","departement":"Nord","region":"Hauts-de-France"}},{"type":"Feature","geometry":{"type":"Point","coordinates":[2.29962,51.04229]},"properties":{"latitude":"51.04229","longitude":"2.29962","bright_ti4":"314.09","scan":"0.39","track":"0.36","acq_date":"2026-08-02","acq_time":"204","satellite":"N21","instrument":"VIIRS","confidence":"n","version":"2.0NRT","bright_ti5":"289.15","frp":"4.53","daynight":"N","commune":"Grande-Synthe","code_insee":"59271","departement":"Nord","region":"Hauts-de-France"}},{"type":"Feature","geometry":{"type":"Point","coordinates":[2.31846,51.04608]},"properties":{"latitude":"51.04608","longitude":"2.31846","bright_ti4":"311.88","scan":"0.39","track":"0.36","acq_date":"2026-08-02","acq_time":"204","satellite":"N21","instrument":"VIIRS","confidence":"n","version":"2.0NRT","bright_ti5":"290.42","frp":"2.63","daynight":"N","commune":"Dunkerque","code_insee":"59183","departement":"Nord","region":"Hauts-de-France"}},{"type":"Feature","geometry":{"type":"Point","coordinates":[2.29559,51.04641]},"properties":{"latitude":"51.04641","longitude":"2.29559","bright_ti4":"329.69","scan":"0.39","track":"0.36","acq_date":"2026-08-02","acq_time":"204","satellite":"N21","instrument":"VIIRS","confidence":"n","version":"2.0NRT","bright_ti5":"290.97","frp":"4.53","daynight":"N","commune":"Grande-Synthe","code_insee":"59271","departement":"Nord","region":"Hauts-de-France"}},{"type":"Feature","geometry":{"type":"Point","coordinates":[0.98889,43.18467]},"properties":{"latitude":"43.18467","longitude":"0.98889","bright_ti4":"302.35","scan":"0.42","track":"0.37","acq_date":"2026-08-02","acq_time":"206","satellite":"N21","instrument":"VIIRS","confidence":"n","version":"2.0NRT","bright_ti5":"291.64","frp":"0.78","daynight":"N","commune":"Martres-Tolosane","code_insee":"31324","departement":"Haute-Garonne","region":"Occitanie"}},{"type":"Feature","geometry":{"type":"Point","coordinates":[4.89544,43.43121]},"properties":{"latitude":"43.43121","longitude":"4.89544","bright_ti4":"311.78","scan":"0.57","track":"0.43","acq_date":"2026-08-02","acq_time":"206","satellite":"N21","instrument":"VIIRS","confidence":"n","version":"2.0NRT","bright_ti5":"295.25","frp":"3.23","daynight":"N","commune":"Fos-sur-Mer","code_insee":"13039","departement":"Bouches-du-Rhône","region":"Provence-Alpes-Côte d'Azur"}},{"type":"Feature","geometry":{"type":"Point","coordinates":[4.89025,43.4365]},"properties":{"latitude":"43.4365","longitude":"4.89025","bright_ti4":"309.74","scan":"0.57","track":"0.43","acq_date":"2026-08-02","acq_time":"206","satellite":"N21","instrument":"VIIRS","confidence":"n","version":"2.0NRT","bright_ti5":"295.12","frp":"4.02","daynight":"N","commune":"Fos-sur-Mer","code_insee":"13039","departement":"Bouches-du-Rhône","region":"Provence-Alpes-Côte d'Azur"}},{"type":"Feature","geometry":{"type":"Point","coordinates":[4.8835,43.43795]},"properties":{"latitude":"43.43795","longitude":"4.8835","bright_ti4":"306.14","scan":"0.57","track":"0.43","acq_date":"2026-08-02","acq_time":"206","satellite":"N21","instrument":"VIIRS","confidence":"n","version":"2.0NRT","bright_ti5":"294.86","frp":"4.02","daynight":"N","commune":"Fos-sur-Mer","code_insee":"13039","departement":"Bouches-du-Rhône","region":"Provence-Alpes-Côte d'Azur"}},{"type":"Feature","geometry":{"type":"Point","coordinates":[4.90019,43.44267]},"properties":{"latitude":"43.44267","longitude":"4.90019","bright_ti4":"320.61","scan":"0.57","track":"0.43","acq_date":"2026-08-02","acq_time":"206","satellite":"N21","instrument":"VIIRS","confidence":"n","version":"2.0NRT","bright_ti5":"294.41","frp":"2.96","daynight":"N","commune":"Fos-sur-Mer","code_insee":"13039","departement":"Bouches-du-Rhône","region":"Provence-Alpes-Côte d'Azur"}},{"type":"Feature","geometry":{"type":"Point","coordinates":[4.87834,43.44322]},"properties":{"latitude":"43.44322","longitude":"4.87834","bright_ti4":"324.69","scan":"0.57","track":"0.43","acq_date":"2026-08-02","acq_time":"206","satellite":"N21","instrument":"VIIRS","confidence":"n","version":"2.0NRT","bright_ti5":"296.79","frp":"39.59","daynight":"N","commune":"Fos-sur-Mer","code_insee":"13039","departement":"Bouches-du-Rhône","region":"Provence-Alpes-Côte d'Azur"}},{"type":"Feature","geometry":{"type":"Point","coordinates":[4.90103,43.44607]},"properties":{"latitude":"43.44607","longitude":"4.90103","bright_ti4":"313.68","scan":"0.57","track":"0.43","acq_date":"2026-08-02","acq_time":"206","satellite":"N21","instrument":"VIIRS","confidence":"n","version":"2.0NRT","bright_ti5":"294.12","frp":"3.27","daynight":"N","commune":"Fos-sur-Mer","code_insee":"13039","departement":"Bouches-du-Rhône","region":"Provence-Alpes-Côte d'Azur"}},{"type":"Feature","geometry":{"type":"Point","coordinates":[6.06833,43.46353]},"properties":{"latitude":"43.46353","longitude":"6.06833","bright_ti4":"338.21","scan":"0.43","track":"0.46","acq_date":"2026-08-02","acq_time":"206","satellite":"N21","instrument":"VIIRS","confidence":"n","version":"2.0NRT","bright_ti5":"295.8","frp":"7.45","daynight":"N","commune":"Le Val","code_insee":"83143","departement":"Var","region":"Provence-Alpes-Côte d'Azur"}},{"type":"Feature","geometry":{"type":"Point","coordinates":[6.06004,43.46983]},"properties":{"latitude":"43.46983","longitude":"6.06004","bright_ti4":"324.43","scan":"0.43","track":"0.46","acq_date":"2026-08-02","acq_time":"206","satellite":"N21","instrument":"VIIRS","confidence":"n","version":"2.0NRT","bright_ti5":"292.92","frp":"3.22","daynight":"N","commune":"Correns","code_insee":"83045","departement":"Var","region":"Provence-Alpes-Côte d'Azur"}},{"type":"Feature","geometry":{"type":"Point","coordinates":[6.05503,43.47098]},"properties":{"latitude":"43.47098","longitude":"6.05503","bright_ti4":"311.17","scan":"0.43","track":"0.46","acq_date":"2026-08-02","acq_time":"206","satellite":"N21","instrument":"VIIRS","confidence":"n","version":"2.0NRT","bright_ti5":"292.45","frp":"1.86","daynight":"N","commune":"Correns","code_insee":"83045","departement":"Var","region":"Provence-Alpes-Côte d'Azur"}},{"type":"Feature","geometry":{"type":"Point","coordinates":[6.05671,43.47501]},"properties":{"latitude":"43.47501","longitude":"6.05671","bright_ti4":"311.53","scan":"0.43","track":"0.46","acq_date":"2026-08-02","acq_time":"206","satellite":"N21","instrument":"VIIRS","confidence":"n","version":"2.0NRT","bright_ti5":"292.35","frp":"1.86","daynight":"N","commune":"Correns","code_insee":"83045","departement":"Var","region":"Provence-Alpes-Côte d'Azur"}},{"type":"Feature","geometry":{"type":"Point","coordinates":[6.05371,43.5065]},"properties":{"latitude":"43.5065","longitude":"6.05371","bright_ti4":"324.81","scan":"0.42","track":"0.46","acq_date":"2026-08-02","acq_time":"206","satellite":"N21","instrument":"VIIRS","confidence":"n","version":"2.0NRT","bright_ti5":"294.85","frp":"3.95","daynight":"N","commune":"Correns","code_insee":"83045","departement":"Var","region":"Provence-Alpes-Côte d'Azur"}},{"type":"Feature","geometry":{"type":"Point","coordinates":[8.91951,42.02505]},"properties":{"latitude":"42.02505","longitude":"8.91951","bright_ti4":"340.09","scan":"0.39","track":"0.36","acq_date":"2026-08-02","acq_time":"1223","satellite":"N","instrument":"VIIRS","confidence":"n","version":"2.0NRT","bright_ti5":"309.62","frp":"20.06","daynight":"D","commune":"Carbuccia","code_insee":"2A062","departement":"Corse-du-Sud","region":"Corse"}},{"type":"Feature","geometry":{"type":"Point","coordinates":[8.91852,42.02834]},"properties":{"latitude":"42.02834","longitude":"8.91852","bright_ti4":"347","scan":"0.39","track":"0.36","acq_date":"2026-08-02","acq_time":"1223","satellite":"N","instrument":"VIIRS","confidence":"n","version":"2.0NRT","bright_ti5":"303.08","frp":"6.96","daynight":"D","commune":"Carbuccia","code_insee":"2A062","departement":"Corse-du-Sud","region":"Corse"}},{"type":"Feature","geometry":{"type":"Point","coordinates":[4.88992,43.43424]},"properties":{"latitude":"43.43424","longitude":"4.88992","bright_ti4":"337.85","scan":"0.46","track":"0.39","acq_date":"2026-08-02","acq_time":"1225","satellite":"N","instrument":"VIIRS","confidence":"n","version":"2.0NRT","bright_ti5":"306.16","frp":"8.69","daynight":"D","commune":"Fos-sur-Mer","code_insee":"13039","departement":"Bouches-du-Rhône","region":"Provence-Alpes-Côte d'Azur"}},{"type":"Feature","geometry":{"type":"Point","coordinates":[4.88036,43.44378]},"properties":{"latitude":"43.44378","longitude":"4.88036","bright_ti4":"336.72","scan":"0.46","track":"0.39","acq_date":"2026-08-02","acq_time":"1225","satellite":"N","instrument":"VIIRS","confidence":"n","version":"2.0NRT","bright_ti5":"303.51","frp":"6.07","daynight":"D","commune":"Fos-sur-Mer","code_insee":"13039","departement":"Bouches-du-Rhône","region":"Provence-Alpes-Côte d'Azur"}},{"type":"Feature","geometry":{"type":"Point","coordinates":[4.89725,43.44706]},"properties":{"latitude":"43.44706","longitude":"4.89725","bright_ti4":"335.2","scan":"0.46","track":"0.39","acq_date":"2026-08-02","acq_time":"1225","satellite":"N","instrument":"VIIRS","confidence":"l","version":"2.0NRT","bright_ti5":"305.58","frp":"5.17","daynight":"D","commune":"Fos-sur-Mer","code_insee":"13039","departement":"Bouches-du-Rhône","region":"Provence-Alpes-Côte d'Azur"}},{"type":"Feature","geometry":{"type":"Point","coordinates":[6.06673,43.46235]},"properties":{"latitude":"43.46235","longitude":"6.06673","bright_ti4":"349","scan":"0.43","track":"0.38","acq_date":"2026-08-02","acq_time":"1225","satellite":"N","instrument":"VIIRS","confidence":"n","version":"2.0NRT","bright_ti5":"310.66","frp":"8.8","daynight":"D","commune":"Le Val","code_insee":"83143","departement":"Var","region":"Provence-Alpes-Côte d'Azur"}},{"type":"Feature","geometry":{"type":"Point","coordinates":[6.06552,43.46576]},"properties":{"latitude":"43.46576","longitude":"6.06552","bright_ti4":"348.84","scan":"0.43","track":"0.38","acq_date":"2026-08-02","acq_time":"1225","satellite":"N","instrument":"VIIRS","confidence":"n","version":"2.0NRT","bright_ti5":"310.66","frp":"11.89","daynight":"D","commune":"Le Val","code_insee":"83143","departement":"Var","region":"Provence-Alpes-Côte d'Azur"}},{"type":"Feature","geometry":{"type":"Point","coordinates":[6.0352,43.49755]},"properties":{"latitude":"43.49755","longitude":"6.0352","bright_ti4":"346.05","scan":"0.43","track":"0.38","acq_date":"2026-08-02","acq_time":"1225","satellite":"N","instrument":"VIIRS","confidence":"n","version":"2.0NRT","bright_ti5":"310.29","frp":"10.99","daynight":"D","commune":"Châteauvert","code_insee":"83039","departement":"Var","region":"Provence-Alpes-Côte d'Azur"}},{"type":"Feature","geometry":{"type":"Point","coordinates":[6.04048,43.49853]},"properties":{"latitude":"43.49853","longitude":"6.04048","bright_ti4":"339.01","scan":"0.43","track":"0.38","acq_date":"2026-08-02","acq_time":"1225","satellite":"N","instrument":"VIIRS","confidence":"l","version":"2.0NRT","bright_ti5":"311.65","frp":"6.38","daynight":"D","commune":"Châteauvert","code_insee":"83039","departement":"Var","region":"Provence-Alpes-Côte d'Azur"}},{"type":"Feature","geometry":{"type":"Point","coordinates":[5.52697,43.6668]},"properties":{"latitude":"43.6668","longitude":"5.52697","bright_ti4":"330.1","scan":"0.44","track":"0.38","acq_date":"2026-08-02","acq_time":"1225","satellite":"N","instrument":"VIIRS","confidence":"l","version":"2.0NRT","bright_ti5":"304.62","frp":"2.65","daynight":"D","commune":"Pertuis","code_insee":"84089","departement":"Vaucluse","region":"Provence-Alpes-Côte d'Azur"}},{"type":"Feature","geometry":{"type":"Point","coordinates":[2.95321,43.95881]},"properties":{"latitude":"43.95881","longitude":"2.95321","bright_ti4":"343.07","scan":"0.54","track":"0.42","acq_date":"2026-08-02","acq_time":"1225","satellite":"N","instrument":"VIIRS","confidence":"n","version":"2.0NRT","bright_ti5":"305.98","frp":"7.01","daynight":"D","commune":"Roquefort-sur-Soulzon","code_insee":"12203","departement":"Aveyron","region":"Occitanie"}},{"type":"Feature","geometry":{"type":"Point","coordinates":[2.95169,43.95935]},"properties":{"latitude":"43.95935","longitude":"2.95169","bright_ti4":"341.38","scan":"0.54","track":"0.42","acq_date":"2026-08-02","acq_time":"1225","satellite":"N","instrument":"VIIRS","confidence":"n","version":"2.0NRT","bright_ti5":"303.27","frp":"6.89","daynight":"D","commune":"Roquefort-sur-Soulzon","code_insee":"12203","departement":"Aveyron","region":"Occitanie"}},{"type":"Feature","geometry":{"type":"Point","coordinates":[2.95972,43.96018]},"properties":{"latitude":"43.96018","longitude":"2.95972","bright_ti4":"338.62","scan":"0.54","track":"0.42","acq_date":"2026-08-02","acq_time":"1225","satellite":"N","instrument":"VIIRS","confidence":"l","version":"2.0NRT","bright_ti5":"309.3","frp":"10.8","daynight":"D","commune":"Roquefort-sur-Soulzon","code_insee":"12203","departement":"Aveyron","region":"Occitanie"}},{"type":"Feature","geometry":{"type":"Point","coordinates":[2.9582,43.96075]},"properties":{"latitude":"43.96075","longitude":"2.9582","bright_ti4":"341.94","scan":"0.54","track":"0.42","acq_date":"2026-08-02","acq_time":"1225","satellite":"N","instrument":"VIIRS","confidence":"n","version":"2.0NRT","bright_ti5":"309.75","frp":"6.89","daynight":"D","commune":"Roquefort-sur-Soulzon","code_insee":"12203","departement":"Aveyron","region":"Occitanie"}},{"type":"Feature","geometry":{"type":"Point","coordinates":[2.95179,43.9626]},"properties":{"latitude":"43.9626","longitude":"2.95179","bright_ti4":"346.1","scan":"0.54","track":"0.42","acq_date":"2026-08-02","acq_time":"1225","satellite":"N","instrument":"VIIRS","confidence":"n","version":"2.0NRT","bright_ti5":"304.43","frp":"7.01","daynight":"D","commune":"Roquefort-sur-Soulzon","code_insee":"12203","departement":"Aveyron","region":"Occitanie"}},{"type":"Feature","geometry":{"type":"Point","coordinates":[2.95025,43.96314]},"properties":{"latitude":"43.96314","longitude":"2.95025","bright_ti4":"334.54","scan":"0.54","track":"0.42","acq_date":"2026-08-02","acq_time":"1225","satellite":"N","instrument":"VIIRS","confidence":"n","version":"2.0NRT","bright_ti5":"302.03","frp":"5.85","daynight":"D","commune":"Roquefort-sur-Soulzon","code_insee":"12203","departement":"Aveyron","region":"Occitanie"}},{"type":"Feature","geometry":{"type":"Point","coordinates":[6.38294,47.56632]},"properties":{"latitude":"47.56632","longitude":"6.38294","bright_ti4":"344.37","scan":"0.39","track":"0.36","acq_date":"2026-08-02","acq_time":"1225","satellite":"N","instrument":"VIIRS","confidence":"n","version":"2.0NRT","bright_ti5":"306.42","frp":"3.63","daynight":"D","commune":"Moimay","code_insee":"70349","departement":"Haute-Saône","region":"Bourgogne-Franche-Comté"}},{"type":"Feature","geometry":{"type":"Point","coordinates":[-0.61558,47.77981]},"properties":{"latitude":"47.77981","longitude":"-0.61558","bright_ti4":"344.66","scan":"0.41","track":"0.45","acq_date":"2026-08-02","acq_time":"1225","satellite":"N","instrument":"VIIRS","confidence":"n","version":"2.0NRT","bright_ti5":"298.92","frp":"8.61","daynight":"D","commune":"Bierné-les-Villages","code_insee":"53029","departement":"Mayenne","region":"Pays de la Loire"}},{"type":"Feature","geometry":{"type":"Point","coordinates":[2.55852,47.84515]},"properties":{"latitude":"47.84515","longitude":"2.55852","bright_ti4":"333.88","scan":"0.47","track":"0.4","acq_date":"2026-08-02","acq_time":"1225","satellite":"N","instrument":"VIIRS","confidence":"n","version":"2.0NRT","bright_ti5":"302.09","frp":"83.04","daynight":"D","commune":"Montereau","code_insee":"45213","departement":"Loiret","region":"Centre-Val de Loire"}},{"type":"Feature","geometry":{"type":"Point","coordinates":[7.56559,48.04998]},"properties":{"latitude":"48.04998","longitude":"7.56559","bright_ti4":"333.61","scan":"0.38","track":"0.36","acq_date":"2026-08-02","acq_time":"1225","satellite":"N","instrument":"VIIRS","confidence":"l","version":"2.0NRT","bright_ti5":"305.73","frp":"3.07","daynight":"D","commune":"Biesheim","code_insee":"68036","departement":"Haut-Rhin","region":"Grand Est"}},{"type":"Feature","geometry":{"type":"Point","coordinates":[6.67303,48.37729]},"properties":{"latitude":"48.37729","longitude":"6.67303","bright_ti4":"335.32","scan":"0.39","track":"0.36","acq_date":"2026-08-02","acq_time":"1225","satellite":"N","instrument":"VIIRS","confidence":"l","version":"2.0NRT","bright_ti5":"306.38","frp":"5.37","daynight":"D","commune":"Anglemont","code_insee":"88008","departement":"Vosges","region":"Grand Est"}},{"type":"Feature","geometry":{"type":"Point","coordinates":[6.96014,48.57645]},"properties":{"latitude":"48.57645","longitude":"6.96014","bright_ti4":"339.47","scan":"0.38","track":"0.36","acq_date":"2026-08-02","acq_time":"1225","satellite":"N","instrument":"VIIRS","confidence":"n","version":"2.0NRT","bright_ti5":"304.86","frp":"3.58","daynight":"D","commune":"Cirey-sur-Vezouze","code_insee":"54129","departement":"Meurthe-et-Moselle","region":"Grand Est"}},{"type":"Feature","geometry":{"type":"Point","coordinates":[5.85941,48.67505]},"properties":{"latitude":"48.67505","longitude":"5.85941","bright_ti4":"342.8","scan":"0.39","track":"0.36","acq_date":"2026-08-02","acq_time":"1225","satellite":"N","instrument":"VIIRS","confidence":"n","version":"2.0NRT","bright_ti5":"307.65","frp":"4.12","daynight":"D","commune":"Écrouves","code_insee":"54174","departement":"Meurthe-et-Moselle","region":"Grand Est"}},{"type":"Feature","geometry":{"type":"Point","coordinates":[5.85816,48.67833]},"properties":{"latitude":"48.67833","longitude":"5.85816","bright_ti4":"353.68","scan":"0.39","track":"0.36","acq_date":"2026-08-02","acq_time":"1225","satellite":"N","instrument":"VIIRS","confidence":"n","version":"2.0NRT","bright_ti5":"311.85","frp":"4.12","daynight":"D","commune":"Écrouves","code_insee":"54174","departement":"Meurthe-et-Moselle","region":"Grand Est"}},{"type":"Feature","geometry":{"type":"Point","coordinates":[5.73701,48.68943]},"properties":{"latitude":"48.68943","longitude":"5.73701","bright_ti4":"336.86","scan":"0.39","track":"0.36","acq_date":"2026-08-02","acq_time":"1225","satellite":"N","instrument":"VIIRS","confidence":"l","version":"2.0NRT","bright_ti5":"308.43","frp":"1.83","daynight":"D","commune":"Pagny-sur-Meuse","code_insee":"55398","departement":"Meuse","region":"Grand Est"}},{"type":"Feature","geometry":{"type":"Point","coordinates":[5.96408,48.74332]},"properties":{"latitude":"48.74332","longitude":"5.96408","bright_ti4":"340.06","scan":"0.39","track":"0.36","acq_date":"2026-08-02","acq_time":"1225","satellite":"N","instrument":"VIIRS","confidence":"n","version":"2.0NRT","bright_ti5":"308.62","frp":"2.29","daynight":"D","commune":"Villey-Saint-Étienne","code_insee":"54584","departement":"Meurthe-et-Moselle","region":"Grand Est"}},{"type":"Feature","geometry":{"type":"Point","coordinates":[5.9693,48.74419]},"properties":{"latitude":"48.74419","longitude":"5.9693","bright_ti4":"337.08","scan":"0.39","track":"0.36","acq_date":"2026-08-02","acq_time":"1225","satellite":"N","instrument":"VIIRS","confidence":"n","version":"2.0NRT","bright_ti5":"306.1","frp":"3.22","daynight":"D","commune":"Villey-Saint-Étienne","code_insee":"54584","departement":"Meurthe-et-Moselle","region":"Grand Est"}},{"type":"Feature","geometry":{"type":"Point","coordinates":[6.56731,49.29076]},"properties":{"latitude":"49.29076","longitude":"6.56731","bright_ti4":"339.3","scan":"0.38","track":"0.36","acq_date":"2026-08-02","acq_time":"1225","satellite":"N","instrument":"VIIRS","confidence":"n","version":"2.0NRT","bright_ti5":"308.11","frp":"2.91","daynight":"D","commune":"Bouzonville","code_insee":"57106","departement":"Moselle","region":"Grand Est"}},{"type":"Feature","geometry":{"type":"Point","coordinates":[6.5661,49.29403]},"properties":{"latitude":"49.29403","longitude":"6.5661","bright_ti4":"348.34","scan":"0.38","track":"0.36","acq_date":"2026-08-02","acq_time":"1225","satellite":"N","instrument":"VIIRS","confidence":"n","version":"2.0NRT","bright_ti5":"308.07","frp":"2.91","daynight":"D","commune":"Bouzonville","code_insee":"57106","departement":"Moselle","region":"Grand Est"}},{"type":"Feature","geometry":{"type":"Point","coordinates":[5.03129,49.67762]},"properties":{"latitude":"49.67762","longitude":"5.03129","bright_ti4":"332.88","scan":"0.39","track":"0.36","acq_date":"2026-08-02","acq_time":"1225","satellite":"N","instrument":"VIIRS","confidence":"l","version":"2.0NRT","bright_ti5":"304.8","frp":"1.73","daynight":"D","commune":"Douzy","code_insee":"08145","departement":"Ardennes","region":"Grand Est"}},{"type":"Feature","geometry":{"type":"Point","coordinates":[5.04203,49.67947]},"properties":{"latitude":"49.67947","longitude":"5.04203","bright_ti4":"335.38","scan":"0.39","track":"0.36","acq_date":"2026-08-02","acq_time":"1225","satellite":"N","instrument":"VIIRS","confidence":"l","version":"2.0NRT","bright_ti5":"306.25","frp":"2.41","daynight":"D","commune":"Douzy","code_insee":"08145","departement":"Ardennes","region":"Grand Est"}},{"type":"Feature","geometry":{"type":"Point","coordinates":[5.03534,49.68183]},"properties":{"latitude":"49.68183","longitude":"5.03534","bright_ti4":"333.42","scan":"0.39","track":"0.36","acq_date":"2026-08-02","acq_time":"1225","satellite":"N","instrument":"VIIRS","confidence":"l","version":"2.0NRT","bright_ti5":"303.95","frp":"3.62","daynight":"D","commune":"Douzy","code_insee":"08145","departement":"Ardennes","region":"Grand Est"}},{"type":"Feature","geometry":{"type":"Point","coordinates":[5.04071,49.68276]},"properties":{"latitude":"49.68276","longitude":"5.04071","bright_ti4":"345.87","scan":"0.39","track":"0.36","acq_date":"2026-08-02","acq_time":"1225","satellite":"N","instrument":"VIIRS","confidence":"n","version":"2.0NRT","bright_ti5":"305.96","frp":"3.62","daynight":"D","commune":"Douzy","code_insee":"08145","departement":"Ardennes","region":"Grand Est"}},{"type":"Feature","geometry":{"type":"Point","coordinates":[5.00328,49.70446]},"properties":{"latitude":"49.70446","longitude":"5.00328","bright_ti4":"337.63","scan":"0.39","track":"0.36","acq_date":"2026-08-02","acq_time":"1225","satellite":"N","instrument":"VIIRS","confidence":"n","version":"2.0NRT","bright_ti5":"310.31","frp":"17.5","daynight":"D","commune":"Daigny","code_insee":"08136","departement":"Ardennes","region":"Grand Est"}},{"type":"Feature","geometry":{"type":"Point","coordinates":[5.00868,49.70539]},"properties":{"latitude":"49.70539","longitude":"5.00868","bright_ti4":"351.67","scan":"0.39","track":"0.36","acq_date":"2026-08-02","acq_time":"1225","satellite":"N","instrument":"VIIRS","confidence":"n","version":"2.0NRT","bright_ti5":"307.53","frp":"17.5","daynight":"D","commune":"Daigny","code_insee":"08136","departement":"Ardennes","region":"Grand Est"}},{"type":"Feature","geometry":{"type":"Point","coordinates":[5.00195,49.70775]},"properties":{"latitude":"49.70775","longitude":"5.00195","bright_ti4":"340.71","scan":"0.39","track":"0.36","acq_date":"2026-08-02","acq_time":"1225","satellite":"N","instrument":"VIIRS","confidence":"n","version":"2.0NRT","bright_ti5":"310.03","frp":"17.5","daynight":"D","commune":"Daigny","code_insee":"08136","departement":"Ardennes","region":"Grand Est"}},{"type":"Feature","geometry":{"type":"Point","coordinates":[2.28363,51.03214]},"properties":{"latitude":"51.03214","longitude":"2.28363","bright_ti4":"335.39","scan":"0.43","track":"0.38","acq_date":"2026-08-02","acq_time":"1227","satellite":"N","instrument":"VIIRS","confidence":"n","version":"2.0NRT","bright_ti5":"282.22","frp":"10.46","daynight":"D","commune":"Grande-Synthe","code_insee":"59271","departement":"Nord","region":"Hauts-de-France"}},{"type":"Feature","geometry":{"type":"Point","coordinates":[8.91582,42.02374]},"properties":{"latitude":"42.02374","longitude":"8.91582","bright_ti4":"332.94","scan":"0.51","track":"0.41","acq_date":"2026-08-02","acq_time":"1244","satellite":"N20","instrument":"VIIRS","confidence":"l","version":"2.0NRT","bright_ti5":"306.89","frp":"6.6","daynight":"D","commune":"Carbuccia","code_insee":"2A062","departement":"Corse-du-Sud","region":"Corse"}},{"type":"Feature","geometry":{"type":"Point","coordinates":[8.91678,42.02435]},"properties":{"latitude":"42.02435","longitude":"8.91678","bright_ti4":"339.46","scan":"0.51","track":"0.41","acq_date":"2026-08-02","acq_time":"1244","satellite":"N20","instrument":"VIIRS","confidence":"n","version":"2.0NRT","bright_ti5":"307.12","frp":"10.01","daynight":"D","commune":"Carbuccia","code_insee":"2A062","departement":"Corse-du-Sud","region":"Corse"}},{"type":"Feature","geometry":{"type":"Point","coordinates":[1.44302,42.73805]},"properties":{"latitude":"42.73805","longitude":"1.44302","bright_ti4":"348.75","scan":"0.4","track":"0.37","acq_date":"2026-08-02","acq_time":"1244","satellite":"N20","instrument":"VIIRS","confidence":"n","version":"2.0NRT","bright_ti5":"306.53","frp":"7.14","daynight":"D","commune":"Auzat","code_insee":"09030","departement":"Ariège","region":"Occitanie"}},{"type":"Feature","geometry":{"type":"Point","coordinates":[2.397,43.21871]},"properties":{"latitude":"43.21871","longitude":"2.397","bright_ti4":"336.99","scan":"0.39","track":"0.36","acq_date":"2026-08-02","acq_time":"1244","satellite":"N20","instrument":"VIIRS","confidence":"l","version":"2.0NRT","bright_ti5":"310.9","frp":"1.91","daynight":"D","commune":"Carcassonne","code_insee":"11069","departement":"Aude","region":"Occitanie"}},{"type":"Feature","geometry":{"type":"Point","coordinates":[1.17117,43.28274]},"properties":{"latitude":"43.28274","longitude":"1.17117","bright_ti4":"338.47","scan":"0.4","track":"0.37","acq_date":"2026-08-02","acq_time":"1244","satellite":"N20","instrument":"VIIRS","confidence":"n","version":"2.0NRT","bright_ti5":"306.08","frp":"3.35","daynight":"D","commune":"Salles-sur-Garonne","code_insee":"31525","departement":"Haute-Garonne","region":"Occitanie"}},{"type":"Feature","geometry":{"type":"Point","coordinates":[4.89082,43.43249]},"properties":{"latitude":"43.43249","longitude":"4.89082","bright_ti4":"337.81","scan":"0.4","track":"0.37","acq_date":"2026-08-02","acq_time":"1244","satellite":"N20","instrument":"VIIRS","confidence":"l","version":"2.0NRT","bright_ti5":"308.91","frp":"7.85","daynight":"D","commune":"Fos-sur-Mer","code_insee":"13039","departement":"Bouches-du-Rhône","region":"Provence-Alpes-Côte d'Azur"}},{"type":"Feature","geometry":{"type":"Point","coordinates":[4.87847,43.44116]},"properties":{"latitude":"43.44116","longitude":"4.87847","bright_ti4":"330.75","scan":"0.4","track":"0.37","acq_date":"2026-08-02","acq_time":"1244","satellite":"N20","instrument":"VIIRS","confidence":"l","version":"2.0NRT","bright_ti5":"305.39","frp":"4.59","daynight":"D","commune":"Fos-sur-Mer","code_insee":"13039","departement":"Bouches-du-Rhône","region":"Provence-Alpes-Côte d'Azur"}},{"type":"Feature","geometry":{"type":"Point","coordinates":[4.88336,43.44183]},"properties":{"latitude":"43.44183","longitude":"4.88336","bright_ti4":"336.08","scan":"0.4","track":"0.37","acq_date":"2026-08-02","acq_time":"1244","satellite":"N20","instrument":"VIIRS","confidence":"l","version":"2.0NRT","bright_ti5":"306.31","frp":"4.59","daynight":"D","commune":"Fos-sur-Mer","code_insee":"13039","departement":"Bouches-du-Rhône","region":"Provence-Alpes-Côte d'Azur"}},{"type":"Feature","geometry":{"type":"Point","coordinates":[4.89715,43.44719]},"properties":{"latitude":"43.44719","longitude":"4.89715","bright_ti4":"336.78","scan":"0.4","track":"0.37","acq_date":"2026-08-02","acq_time":"1244","satellite":"N20","instrument":"VIIRS","confidence":"n","version":"2.0NRT","bright_ti5":"306.24","frp":"3.5","daynight":"D","commune":"Fos-sur-Mer","code_insee":"13039","departement":"Bouches-du-Rhône","region":"Provence-Alpes-Côte d'Azur"}},{"type":"Feature","geometry":{"type":"Point","coordinates":[6.06948,43.46192]},"properties":{"latitude":"43.46192","longitude":"6.06948","bright_ti4":"345.92","scan":"0.42","track":"0.38","acq_date":"2026-08-02","acq_time":"1244","satellite":"N20","instrument":"VIIRS","confidence":"n","version":"2.0NRT","bright_ti5":"309.53","frp":"6.05","daynight":"D","commune":"Le Val","code_insee":"83143","departement":"Var","region":"Provence-Alpes-Côte d'Azur"}},{"type":"Feature","geometry":{"type":"Point","coordinates":[6.06349,43.46471]},"properties":{"latitude":"43.46471","longitude":"6.06349","bright_ti4":"342.05","scan":"0.42","track":"0.38","acq_date":"2026-08-02","acq_time":"1244","satellite":"N20","instrument":"VIIRS","confidence":"n","version":"2.0NRT","bright_ti5":"311.44","frp":"8.06","daynight":"D","commune":"Le Val","code_insee":"83143","departement":"Var","region":"Provence-Alpes-Côte d'Azur"}},{"type":"Feature","geometry":{"type":"Point","coordinates":[6.03474,43.49649]},"properties":{"latitude":"43.49649","longitude":"6.03474","bright_ti4":"335.12","scan":"0.42","track":"0.38","acq_date":"2026-08-02","acq_time":"1244","satellite":"N20","instrument":"VIIRS","confidence":"l","version":"2.0NRT","bright_ti5":"309.73","frp":"6.48","daynight":"D","commune":"Châteauvert","code_insee":"83039","departement":"Var","region":"Provence-Alpes-Côte d'Azur"}},{"type":"Feature","geometry":{"type":"Point","coordinates":[6.03988,43.49714]},"properties":{"latitude":"43.49714","longitude":"6.03988","bright_ti4":"340.51","scan":"0.42","track":"0.38","acq_date":"2026-08-02","acq_time":"1244","satellite":"N20","instrument":"VIIRS","confidence":"l","version":"2.0NRT","bright_ti5":"313.82","frp":"6.48","daynight":"D","commune":"Châteauvert","code_insee":"83039","departement":"Var","region":"Provence-Alpes-Côte d'Azur"}},{"type":"Feature","geometry":{"type":"Point","coordinates":[2.95163,43.95848]},"properties":{"latitude":"43.95848","longitude":"2.95163","bright_ti4":"339.56","scan":"0.38","track":"0.36","acq_date":"2026-08-02","acq_time":"1244","satellite":"N20","instrument":"VIIRS","confidence":"n","version":"2.0NRT","bright_ti5":"307.84","frp":"4.99","daynight":"D","commune":"Roquefort-sur-Soulzon","code_insee":"12203","departement":"Aveyron","region":"Occitanie"}},{"type":"Feature","geometry":{"type":"Point","coordinates":[5.07982,44.01871]},"properties":{"latitude":"44.01871","longitude":"5.07982","bright_ti4":"339.22","scan":"0.4","track":"0.37","acq_date":"2026-08-02","acq_time":"1244","satellite":"N20","instrument":"VIIRS","confidence":"n","version":"2.0NRT","bright_ti5":"308.32","frp":"2.54","daynight":"D","commune":"Pernes-les-Fontaines","code_insee":"84088","departement":"Vaucluse","region":"Provence-Alpes-Côte d'Azur"}},{"type":"Feature","geometry":{"type":"Point","coordinates":[5.08483,44.01939]},"properties":{"latitude":"44.01939","longitude":"5.08483","bright_ti4":"344.49","scan":"0.41","track":"0.37","acq_date":"2026-08-02","acq_time":"1244","satellite":"N20","instrument":"VIIRS","confidence":"n","version":"2.0NRT","bright_ti5":"306.35","frp":"2.54","daynight":"D","commune":"Pernes-les-Fontaines","code_insee":"84088","departement":"Vaucluse","region":"Provence-Alpes-Côte d'Azur"}},{"type":"Feature","geometry":{"type":"Point","coordinates":[1.79479,44.84467]},"properties":{"latitude":"44.84467","longitude":"1.79479","bright_ti4":"345.56","scan":"0.39","track":"0.36","acq_date":"2026-08-02","acq_time":"1244","satellite":"N20","instrument":"VIIRS","confidence":"n","version":"2.0NRT","bright_ti5":"309.36","frp":"4.6","daynight":"D","commune":"Loubressac","code_insee":"46177","departement":"Lot","region":"Occitanie"}},{"type":"Feature","geometry":{"type":"Point","coordinates":[1.78414,44.84639]},"properties":{"latitude":"44.84639","longitude":"1.78414","bright_ti4":"348.65","scan":"0.39","track":"0.36","acq_date":"2026-08-02","acq_time":"1244","satellite":"N20","instrument":"VIIRS","confidence":"n","version":"2.0NRT","bright_ti5":"310.57","frp":"5.88","daynight":"D","commune":"Loubressac","code_insee":"46177","departement":"Lot","region":"Occitanie"}},{"type":"Feature","geometry":{"type":"Point","coordinates":[1.78895,44.84716]},"properties":{"latitude":"44.84716","longitude":"1.78895","bright_ti4":"350.02","scan":"0.39","track":"0.36","acq_date":"2026-08-02","acq_time":"1244","satellite":"N20","instrument":"VIIRS","confidence":"n","version":"2.0NRT","bright_ti5":"311.31","frp":"5.88","daynight":"D","commune":"Loubressac","code_insee":"46177","departement":"Lot","region":"Occitanie"}},{"type":"Feature","geometry":{"type":"Point","coordinates":[1.79376,44.84793]},"properties":{"latitude":"44.84793","longitude":"1.79376","bright_ti4":"347.73","scan":"0.39","track":"0.36","acq_date":"2026-08-02","acq_time":"1244","satellite":"N20","instrument":"VIIRS","confidence":"n","version":"2.0NRT","bright_ti5":"311.72","frp":"5.53","daynight":"D","commune":"Loubressac","code_insee":"46177","departement":"Lot","region":"Occitanie"}},{"type":"Feature","geometry":{"type":"Point","coordinates":[1.7831,44.84965]},"properties":{"latitude":"44.84965","longitude":"1.7831","bright_ti4":"338.9","scan":"0.39","track":"0.36","acq_date":"2026-08-02","acq_time":"1244","satellite":"N20","instrument":"VIIRS","confidence":"n","version":"2.0NRT","bright_ti5":"309.23","frp":"5.88","daynight":"D","commune":"Loubressac","code_insee":"46177","departement":"Lot","region":"Occitanie"}},{"type":"Feature","geometry":{"type":"Point","coordinates":[1.74374,45.35719]},"properties":{"latitude":"45.35719","longitude":"1.74374","bright_ti4":"335.89","scan":"0.39","track":"0.36","acq_date":"2026-08-02","acq_time":"1244","satellite":"N20","instrument":"VIIRS","confidence":"n","version":"2.0NRT","bright_ti5":"302.74","frp":"1.45","daynight":"D","commune":"Seilhac","code_insee":"19255","departement":"Corrèze","region":"Nouvelle-Aquitaine"}},{"type":"Feature","geometry":{"type":"Point","coordinates":[0.55131,45.81728]},"properties":{"latitude":"45.81728","longitude":"0.55131","bright_ti4":"353.83","scan":"0.39","track":"0.36","acq_date":"2026-08-02","acq_time":"1244","satellite":"N20","instrument":"VIIRS","confidence":"n","version":"2.0NRT","bright_ti5":"308.4","frp":"8.85","daynight":"D","commune":"Cherves-Châtelars","code_insee":"16096","departement":"Charente","region":"Nouvelle-Aquitaine"}},{"type":"Feature","geometry":{"type":"Point","coordinates":[0.55629,45.81812]},"properties":{"latitude":"45.81812","longitude":"0.55629","bright_ti4":"346.65","scan":"0.39","track":"0.36","acq_date":"2026-08-02","acq_time":"1244","satellite":"N20","instrument":"VIIRS","confidence":"n","version":"2.0NRT","bright_ti5":"307.98","frp":"8.85","daynight":"D","commune":"Cherves-Châtelars","code_insee":"16096","departement":"Charente","region":"Nouvelle-Aquitaine"}},{"type":"Feature","geometry":{"type":"Point","coordinates":[0.55019,45.82057]},"properties":{"latitude":"45.82057","longitude":"0.55019","bright_ti4":"348.53","scan":"0.39","track":"0.36","acq_date":"2026-08-02","acq_time":"1244","satellite":"N20","instrument":"VIIRS","confidence":"n","version":"2.0NRT","bright_ti5":"305.31","frp":"8.85","daynight":"D","commune":"Cherves-Châtelars","code_insee":"16096","departement":"Charente","region":"Nouvelle-Aquitaine"}},{"type":"Feature","geometry":{"type":"Point","coordinates":[1.10463,45.95385]},"properties":{"latitude":"45.95385","longitude":"1.10463","bright_ti4":"338.31","scan":"0.39","track":"0.36","acq_date":"2026-08-02","acq_time":"1244","satellite":"N20","instrument":"VIIRS","confidence":"n","version":"2.0NRT","bright_ti5":"301.66","frp":"5.84","daynight":"D","commune":"Peyrilhac","code_insee":"87118","departement":"Haute-Vienne","region":"Nouvelle-Aquitaine"}},{"type":"Feature","geometry":{"type":"Point","coordinates":[0.77224,46.10532]},"properties":{"latitude":"46.10532","longitude":"0.77224","bright_ti4":"347.31","scan":"0.39","track":"0.36","acq_date":"2026-08-02","acq_time":"1244","satellite":"N20","instrument":"VIIRS","confidence":"n","version":"2.0NRT","bright_ti5":"307.37","frp":"2.63","daynight":"D","commune":"Oradour-Fanais","code_insee":"16249","departement":"Charente","region":"Nouvelle-Aquitaine"}},{"type":"Feature","geometry":{"type":"Point","coordinates":[-0.32104,46.34966]},"properties":{"latitude":"46.34966","longitude":"-0.32104","bright_ti4":"341.07","scan":"0.4","track":"0.37","acq_date":"2026-08-02","acq_time":"1246","satellite":"N20","instrument":"VIIRS","confidence":"n","version":"2.0NRT","bright_ti5":"307.39","frp":"6.24","daynight":"D","commune":"La Crèche","code_insee":"79048","departement":"Deux-Sèvres","region":"Nouvelle-Aquitaine"}},{"type":"Feature","geometry":{"type":"Point","coordinates":[0.67674,46.83166]},"properties":{"latitude":"46.83166","longitude":"0.67674","bright_ti4":"341.23","scan":"0.39","track":"0.36","acq_date":"2026-08-02","acq_time":"1246","satellite":"N20","instrument":"VIIRS","confidence":"n","version":"2.0NRT","bright_ti5":"298.47","frp":"2.28","daynight":"D","commune":"Coussay-les-Bois","code_insee":"86086","departement":"Vienne","region":"Nouvelle-Aquitaine"}},{"type":"Feature","geometry":{"type":"Point","coordinates":[-0.61543,47.7789]},"properties":{"latitude":"47.7789","longitude":"-0.61543","bright_ti4":"346.15","scan":"0.4","track":"0.37","acq_date":"2026-08-02","acq_time":"1246","satellite":"N20","instrument":"VIIRS","confidence":"n","version":"2.0NRT","bright_ti5":"299.71","frp":"4.79","daynight":"D","commune":"Bierné-les-Villages","code_insee":"53029","departement":"Mayenne","region":"Pays de la Loire"}},{"type":"Feature","geometry":{"type":"Point","coordinates":[-0.61409,47.78095]},"properties":{"latitude":"47.78095","longitude":"-0.61409","bright_ti4":"342.3","scan":"0.4","track":"0.37","acq_date":"2026-08-02","acq_time":"1246","satellite":"N20","instrument":"VIIRS","confidence":"n","version":"2.0NRT","bright_ti5":"299.68","frp":"6.19","daynight":"D","commune":"Bierné-les-Villages","code_insee":"53029","departement":"Mayenne","region":"Pays de la Loire"}},{"type":"Feature","geometry":{"type":"Point","coordinates":[0.47657,48.05311]},"properties":{"latitude":"48.05311","longitude":"0.47657","bright_ti4":"348.82","scan":"0.39","track":"0.36","acq_date":"2026-08-02","acq_time":"1246","satellite":"N20","instrument":"VIIRS","confidence":"n","version":"2.0NRT","bright_ti5":"300.96","frp":"3.78","daynight":"D","commune":"Connerré","code_insee":"72090","departement":"Sarthe","region":"Pays de la Loire"}},{"type":"Feature","geometry":{"type":"Point","coordinates":[6.67092,48.37655]},"properties":{"latitude":"48.37655","longitude":"6.67092","bright_ti4":"334.26","scan":"0.49","track":"0.41","acq_date":"2026-08-02","acq_time":"1246","satellite":"N20","instrument":"VIIRS","confidence":"n","version":"2.0NRT","bright_ti5":"303","frp":"5.61","daynight":"D","commune":"Anglemont","code_insee":"88008","departement":"Vosges","region":"Grand Est"}},{"type":"Feature","geometry":{"type":"Point","coordinates":[4.87773,43.44222]},"properties":{"latitude":"43.44222","longitude":"4.87773","bright_ti4":"338.11","scan":"0.6","track":"0.53","acq_date":"2026-08-02","acq_time":"1149","satellite":"N21","instrument":"VIIRS","confidence":"n","version":"2.0NRT","bright_ti5":"299.21","frp":"12.78","daynight":"D","commune":"Fos-sur-Mer","code_insee":"13039","departement":"Bouches-du-Rhône","region":"Provence-Alpes-Côte d'Azur"}},{"type":"Feature","geometry":{"type":"Point","coordinates":[4.89879,43.4477]},"properties":{"latitude":"43.4477","longitude":"4.89879","bright_ti4":"333.31","scan":"0.6","track":"0.53","acq_date":"2026-08-02","acq_time":"1149","satellite":"N21","instrument":"VIIRS","confidence":"n","version":"2.0NRT","bright_ti5":"300.76","frp":"8.66","daynight":"D","commune":"Fos-sur-Mer","code_insee":"13039","departement":"Bouches-du-Rhône","region":"Provence-Alpes-Côte d'Azur"}},{"type":"Feature","geometry":{"type":"Point","coordinates":[6.06323,43.46273]},"properties":{"latitude":"43.46273","longitude":"6.06323","bright_ti4":"336.77","scan":"0.53","track":"0.5","acq_date":"2026-08-02","acq_time":"1149","satellite":"N21","instrument":"VIIRS","confidence":"n","version":"2.0NRT","bright_ti5":"305.7","frp":"14.55","daynight":"D","commune":"Le Val","code_insee":"83143","departement":"Var","region":"Provence-Alpes-Côte d'Azur"}},{"type":"Feature","geometry":{"type":"Point","coordinates":[6.06943,43.46425]},"properties":{"latitude":"43.46425","longitude":"6.06943","bright_ti4":"342.05","scan":"0.53","track":"0.5","acq_date":"2026-08-02","acq_time":"1149","satellite":"N21","instrument":"VIIRS","confidence":"n","version":"2.0NRT","bright_ti5":"307.66","frp":"14.55","daynight":"D","commune":"Le Val","code_insee":"83143","departement":"Var","region":"Provence-Alpes-Côte d'Azur"}},{"type":"Feature","geometry":{"type":"Point","coordinates":[6.0398,43.49657]},"properties":{"latitude":"43.49657","longitude":"6.0398","bright_ti4":"341.17","scan":"0.53","track":"0.5","acq_date":"2026-08-02","acq_time":"1149","satellite":"N21","instrument":"VIIRS","confidence":"n","version":"2.0NRT","bright_ti5":"304.02","frp":"6.52","daynight":"D","commune":"Châteauvert","code_insee":"83039","departement":"Var","region":"Provence-Alpes-Côte d'Azur"}},{"type":"Feature","geometry":{"type":"Point","coordinates":[6.03805,43.50102]},"properties":{"latitude":"43.50102","longitude":"6.03805","bright_ti4":"340.12","scan":"0.53","track":"0.5","acq_date":"2026-08-02","acq_time":"1149","satellite":"N21","instrument":"VIIRS","confidence":"n","version":"2.0NRT","bright_ti5":"304.01","frp":"9.1","daynight":"D","commune":"Châteauvert","code_insee":"83039","departement":"Var","region":"Provence-Alpes-Côte d'Azur"}},{"type":"Feature","geometry":{"type":"Point","coordinates":[2.95605,43.96144]},"properties":{"latitude":"43.96144","longitude":"2.95605","bright_ti4":"349.53","scan":"0.36","track":"0.57","acq_date":"2026-08-02","acq_time":"1149","satellite":"N21","instrument":"VIIRS","confidence":"n","version":"2.0NRT","bright_ti5":"299.19","frp":"21.4","daynight":"D","commune":"Roquefort-sur-Soulzon","code_insee":"12203","departement":"Aveyron","region":"Occitanie"}},{"type":"Feature","geometry":{"type":"Point","coordinates":[2.96011,43.96257]},"properties":{"latitude":"43.96257","longitude":"2.96011","bright_ti4":"339.6","scan":"0.36","track":"0.57","acq_date":"2026-08-02","acq_time":"1149","satellite":"N21","instrument":"VIIRS","confidence":"n","version":"2.0NRT","bright_ti5":"300.08","frp":"21.4","daynight":"D","commune":"Roquefort-sur-Soulzon","code_insee":"12203","departement":"Aveyron","region":"Occitanie"}},{"type":"Feature","geometry":{"type":"Point","coordinates":[2.95343,43.96637]},"properties":{"latitude":"43.96637","longitude":"2.95343","bright_ti4":"367","scan":"0.36","track":"0.57","acq_date":"2026-08-02","acq_time":"1149","satellite":"N21","instrument":"VIIRS","confidence":"h","version":"2.0NRT","bright_ti5":"312.57","frp":"21.4","daynight":"D","commune":"Roquefort-sur-Soulzon","code_insee":"12203","departement":"Aveyron","region":"Occitanie"}},{"type":"Feature","geometry":{"type":"Point","coordinates":[6.11657,44.33176]},"properties":{"latitude":"44.33176","longitude":"6.11657","bright_ti4":"331.59","scan":"0.5","track":"0.49","acq_date":"2026-08-02","acq_time":"1149","satellite":"N21","instrument":"VIIRS","confidence":"l","version":"2.0NRT","bright_ti5":"305.83","frp":"6.05","daynight":"D","commune":"Bayons","code_insee":"04023","departement":"Alpes-de-Haute-Provence","region":"Provence-Alpes-Côte d'Azur"}},{"type":"Feature","geometry":{"type":"Point","coordinates":[6.67204,48.37856]},"properties":{"latitude":"48.37856","longitude":"6.67204","bright_ti4":"334.7","scan":"0.57","track":"0.43","acq_date":"2026-08-02","acq_time":"1149","satellite":"N21","instrument":"VIIRS","confidence":"n","version":"2.0NRT","bright_ti5":"298.29","frp":"6.86","daynight":"D","commune":"Anglemont","code_insee":"88008","departement":"Vosges","region":"Grand Est"}},{"type":"Feature","geometry":{"type":"Point","coordinates":[6.14481,49.26639]},"properties":{"latitude":"49.26639","longitude":"6.14481","bright_ti4":"335.71","scan":"0.57","track":"0.43","acq_date":"2026-08-02","acq_time":"1149","satellite":"N21","instrument":"VIIRS","confidence":"n","version":"2.0NRT","bright_ti5":"307.45","frp":"3.17","daynight":"D","commune":"Amnéville","code_insee":"57019","departement":"Moselle","region":"Grand Est"}},{"type":"Feature","geometry":{"type":"Point","coordinates":[6.14536,49.26639]},"properties":{"latitude":"49.26639","longitude":"6.14536","bright_ti4":"335.78","scan":"0.56","track":"0.43","acq_date":"2026-08-02","acq_time":"1149","satellite":"N21","instrument":"VIIRS","confidence":"n","version":"2.0NRT","bright_ti5":"307.37","frp":"6.56","daynight":"D","commune":"Amnéville","code_insee":"57019","departement":"Moselle","region":"Grand Est"}},{"type":"Feature","geometry":{"type":"Point","coordinates":[2.2808,51.03392]},"properties":{"latitude":"51.03392","longitude":"2.2808","bright_ti4":"343.44","scan":"0.48","track":"0.48","acq_date":"2026-08-02","acq_time":"1151","satellite":"N21","instrument":"VIIRS","confidence":"n","version":"2.0NRT","bright_ti5":"303.38","frp":"24.75","daynight":"D","commune":"Grande-Synthe","code_insee":"59271","departement":"Nord","region":"Hauts-de-France"}},{"type":"Feature","geometry":{"type":"Point","coordinates":[2.29731,51.04291]},"properties":{"latitude":"51.04291","longitude":"2.29731","bright_ti4":"341.31","scan":"0.48","track":"0.48","acq_date":"2026-08-02","acq_time":"1151","satellite":"N21","instrument":"VIIRS","confidence":"n","version":"2.0NRT","bright_ti5":"303.45","frp":"7.43","daynight":"D","commune":"Grande-Synthe","code_insee":"59271","departement":"Nord","region":"Hauts-de-France"}},{"type":"Feature","geometry":{"type":"Point","coordinates":[2.29469,51.04702]},"properties":{"latitude":"51.04702","longitude":"2.29469","bright_ti4":"335.35","scan":"0.48","track":"0.48","acq_date":"2026-08-02","acq_time":"1151","satellite":"N21","instrument":"VIIRS","confidence":"n","version":"2.0NRT","bright_ti5":"296.21","frp":"4.97","daynight":"D","commune":"Grande-Synthe","code_insee":"59271","departement":"Nord","region":"Hauts-de-France"}},{"type":"Feature","geometry":{"type":"Point","coordinates":[0.09612,42.86693]},"properties":{"latitude":"42.86693","longitude":"0.09612","bright_ti4":"339.93","scan":"0.53","track":"0.5","acq_date":"2026-08-02","acq_time":"1329","satellite":"N21","instrument":"VIIRS","confidence":"n","version":"2.0NRT","bright_ti5":"302.76","frp":"9.21","daynight":"D","commune":"Barèges","code_insee":"65481","departement":"Hautes-Pyrénées","region":"Occitanie"}},{"type":"Feature","geometry":{"type":"Point","coordinates":[4.88111,43.44474]},"properties":{"latitude":"43.44474","longitude":"4.88111","bright_ti4":"334.15","scan":"0.47","track":"0.64","acq_date":"2026-08-02","acq_time":"1329","satellite":"N21","instrument":"VIIRS","confidence":"n","version":"2.0NRT","bright_ti5":"300.11","frp":"7.09","daynight":"D","commune":"Fos-sur-Mer","code_insee":"13039","departement":"Bouches-du-Rhône","region":"Provence-Alpes-Côte d'Azur"}},{"type":"Feature","geometry":{"type":"Point","coordinates":[4.89849,43.44525]},"properties":{"latitude":"43.44525","longitude":"4.89849","bright_ti4":"337.11","scan":"0.47","track":"0.64","acq_date":"2026-08-02","acq_time":"1329","satellite":"N21","instrument":"VIIRS","confidence":"n","version":"2.0NRT","bright_ti5":"300.88","frp":"6.74","daynight":"D","commune":"Fos-sur-Mer","code_insee":"13039","departement":"Bouches-du-Rhône","region":"Provence-Alpes-Côte d'Azur"}},{"type":"Feature","geometry":{"type":"Point","coordinates":[-1.1899,43.75032]},"properties":{"latitude":"43.75032","longitude":"-1.1899","bright_ti4":"336.05","scan":"0.46","track":"0.47","acq_date":"2026-08-02","acq_time":"1329","satellite":"N21","instrument":"VIIRS","confidence":"n","version":"2.0NRT","bright_ti5":"297.63","frp":"5.55","daynight":"D","commune":"Magescq","code_insee":"40168","departement":"Landes","region":"Nouvelle-Aquitaine"}},{"type":"Feature","geometry":{"type":"Point","coordinates":[2.27846,51.02815]},"properties":{"latitude":"51.02815","longitude":"2.27846","bright_ti4":"334.07","scan":"0.39","track":"0.59","acq_date":"2026-08-02","acq_time":"1331","satellite":"N21","instrument":"VIIRS","confidence":"n","version":"2.0NRT","bright_ti5":"303.84","frp":"5.13","daynight":"D","commune":"Grande-Synthe","code_insee":"59271","departement":"Nord","region":"Hauts-de-France"}},{"type":"Feature","geometry":{"type":"Point","coordinates":[2.27809,51.03362]},"properties":{"latitude":"51.03362","longitude":"2.27809","bright_ti4":"350.5","scan":"0.39","track":"0.59","acq_date":"2026-08-02","acq_time":"1331","satellite":"N21","instrument":"VIIRS","confidence":"n","version":"2.0NRT","bright_ti5":"303.74","frp":"11.49","daynight":"D","commune":"Grande-Synthe","code_insee":"59271","departement":"Nord","region":"Hauts-de-France"}},{"type":"Feature","geometry":{"type":"Point","coordinates":[2.28367,51.03378]},"properties":{"latitude":"51.03378","longitude":"2.28367","bright_ti4":"354.11","scan":"0.39","track":"0.59","acq_date":"2026-08-02","acq_time":"1331","satellite":"N21","instrument":"VIIRS","confidence":"n","version":"2.0NRT","bright_ti5":"303.33","frp":"11.49","daynight":"D","commune":"Grande-Synthe","code_insee":"59271","departement":"Nord","region":"Hauts-de-France"}},{"type":"Feature","geometry":{"type":"Point","coordinates":[2.2893,51.03394]},"properties":{"latitude":"51.03394","longitude":"2.2893","bright_ti4":"335.32","scan":"0.39","track":"0.59","acq_date":"2026-08-02","acq_time":"1331","satellite":"N21","instrument":"VIIRS","confidence":"n","version":"2.0NRT","bright_ti5":"304.34","frp":"8.14","daynight":"D","commune":"Grande-Synthe","code_insee":"59271","departement":"Nord","region":"Hauts-de-France"}},{"type":"Feature","geometry":{"type":"Point","coordinates":[2.28335,51.03925]},"properties":{"latitude":"51.03925","longitude":"2.28335","bright_ti4":"335.23","scan":"0.39","track":"0.59","acq_date":"2026-08-02","acq_time":"1331","satellite":"N21","instrument":"VIIRS","confidence":"n","version":"2.0NRT","bright_ti5":"302.16","frp":"11.49","daynight":"D","commune":"Grande-Synthe","code_insee":"59271","departement":"Nord","region":"Hauts-de-France"}},{"type":"Feature","geometry":{"type":"Point","coordinates":[2.30015,51.03973]},"properties":{"latitude":"51.03973","longitude":"2.30015","bright_ti4":"338.34","scan":"0.39","track":"0.59","acq_date":"2026-08-02","acq_time":"1331","satellite":"N21","instrument":"VIIRS","confidence":"n","version":"2.0NRT","bright_ti5":"301.56","frp":"2.86","daynight":"D","commune":"Grande-Synthe","code_insee":"59271","departement":"Nord","region":"Hauts-de-France"}},{"type":"Feature","geometry":{"type":"Point","coordinates":[2.29839,51.04014]},"properties":{"latitude":"51.04014","longitude":"2.29839","bright_ti4":"339.33","scan":"0.39","track":"0.59","acq_date":"2026-08-02","acq_time":"1331","satellite":"N21","instrument":"VIIRS","confidence":"n","version":"2.0NRT","bright_ti5":"302.32","frp":"11.74","daynight":"D","commune":"Grande-Synthe","code_insee":"59271","departement":"Nord","region":"Hauts-de-France"}}]}