{"type":"FeatureCollection","features":[{"type":"Feature","geometry":{"type":"Point","coordinates":[2.32082,51.04692]},"properties":{"latitude":"51.04692","longitude":"2.32082","bright_ti4":"316.22","scan":"0.55","track":"0.51","acq_date":"2026-07-05","acq_time":"122","satellite":"N","instrument":"VIIRS","confidence":"n","version":"2.0NRT","bright_ti5":"286.15","frp":"2.9","daynight":"N","commune":"Dunkerque","code_insee":"59183","departement":"Nord","region":"Hauts-de-France"}},{"type":"Feature","geometry":{"type":"Point","coordinates":[5.33166,44.72148]},"properties":{"latitude":"44.72148","longitude":"5.33166","bright_ti4":"308.4","scan":"0.53","track":"0.42","acq_date":"2026-07-05","acq_time":"124","satellite":"N","instrument":"VIIRS","confidence":"n","version":"2.0NRT","bright_ti5":"290.06","frp":"1.43","daynight":"N","commune":"Barsac","code_insee":"26027","departement":"Drôme","region":"Auvergne-Rhône-Alpes"}},{"type":"Feature","geometry":{"type":"Point","coordinates":[5.33224,44.72183]},"properties":{"latitude":"44.72183","longitude":"5.33224","bright_ti4":"332.29","scan":"0.53","track":"0.42","acq_date":"2026-07-05","acq_time":"124","satellite":"N","instrument":"VIIRS","confidence":"n","version":"2.0NRT","bright_ti5":"290.5","frp":"9.69","daynight":"N","commune":"Barsac","code_insee":"26027","departement":"Drôme","region":"Auvergne-Rhône-Alpes"}},{"type":"Feature","geometry":{"type":"Point","coordinates":[5.33267,44.72531]},"properties":{"latitude":"44.72531","longitude":"5.33267","bright_ti4":"340.12","scan":"0.53","track":"0.42","acq_date":"2026-07-05","acq_time":"124","satellite":"N","instrument":"VIIRS","confidence":"n","version":"2.0NRT","bright_ti5":"301.63","frp":"8.14","daynight":"N","commune":"Die","code_insee":"26113","departement":"Drôme","region":"Auvergne-Rhône-Alpes"}},{"type":"Feature","geometry":{"type":"Point","coordinates":[5.3332,44.72567]},"properties":{"latitude":"44.72567","longitude":"5.3332","bright_ti4":"342.9","scan":"0.53","track":"0.42","acq_date":"2026-07-05","acq_time":"124","satellite":"N","instrument":"VIIRS","confidence":"n","version":"2.0NRT","bright_ti5":"299.58","frp":"9.69","daynight":"N","commune":"Die","code_insee":"26113","departement":"Drôme","region":"Auvergne-Rhône-Alpes"}},{"type":"Feature","geometry":{"type":"Point","coordinates":[5.32534,44.7261]},"properties":{"latitude":"44.7261","longitude":"5.32534","bright_ti4":"340.03","scan":"0.53","track":"0.42","acq_date":"2026-07-05","acq_time":"124","satellite":"N","instrument":"VIIRS","confidence":"n","version":"2.0NRT","bright_ti5":"293.71","frp":"8.14","daynight":"N","commune":"Barsac","code_insee":"26027","departement":"Drôme","region":"Auvergne-Rhône-Alpes"}},{"type":"Feature","geometry":{"type":"Point","coordinates":[5.3259,44.72641]},"properties":{"latitude":"44.72641","longitude":"5.3259","bright_ti4":"342.1","scan":"0.53","track":"0.42","acq_date":"2026-07-05","acq_time":"124","satellite":"N","instrument":"VIIRS","confidence":"n","version":"2.0NRT","bright_ti5":"296.28","frp":"9.44","daynight":"N","commune":"Barsac","code_insee":"26027","departement":"Drôme","region":"Auvergne-Rhône-Alpes"}},{"type":"Feature","geometry":{"type":"Point","coordinates":[5.3334,44.72917]},"properties":{"latitude":"44.72917","longitude":"5.3334","bright_ti4":"320.96","scan":"0.53","track":"0.42","acq_date":"2026-07-05","acq_time":"124","satellite":"N","instrument":"VIIRS","confidence":"n","version":"2.0NRT","bright_ti5":"294.2","frp":"8.14","daynight":"N","commune":"Die","code_insee":"26113","departement":"Drôme","region":"Auvergne-Rhône-Alpes"}},{"type":"Feature","geometry":{"type":"Point","coordinates":[5.33387,44.72953]},"properties":{"latitude":"44.72953","longitude":"5.33387","bright_ti4":"318.41","scan":"0.53","track":"0.42","acq_date":"2026-07-05","acq_time":"124","satellite":"N","instrument":"VIIRS","confidence":"n","version":"2.0NRT","bright_ti5":"293.56","frp":"1.57","daynight":"N","commune":"Die","code_insee":"26113","departement":"Drôme","region":"Auvergne-Rhône-Alpes"}},{"type":"Feature","geometry":{"type":"Point","coordinates":[5.32638,44.72993]},"properties":{"latitude":"44.72993","longitude":"5.32638","bright_ti4":"324.29","scan":"0.53","track":"0.42","acq_date":"2026-07-05","acq_time":"124","satellite":"N","instrument":"VIIRS","confidence":"n","version":"2.0NRT","bright_ti5":"294.04","frp":"8.14","daynight":"N","commune":"Die","code_insee":"26113","departement":"Drôme","region":"Auvergne-Rhône-Alpes"}},{"type":"Feature","geometry":{"type":"Point","coordinates":[5.32687,44.73025]},"properties":{"latitude":"44.73025","longitude":"5.32687","bright_ti4":"326.5","scan":"0.53","track":"0.42","acq_date":"2026-07-05","acq_time":"124","satellite":"N","instrument":"VIIRS","confidence":"n","version":"2.0NRT","bright_ti5":"294.61","frp":"4.32","daynight":"N","commune":"Die","code_insee":"26113","departement":"Drôme","region":"Auvergne-Rhône-Alpes"}},{"type":"Feature","geometry":{"type":"Point","coordinates":[5.33415,44.73344]},"properties":{"latitude":"44.73344","longitude":"5.33415","bright_ti4":"307.37","scan":"0.53","track":"0.42","acq_date":"2026-07-05","acq_time":"124","satellite":"N","instrument":"VIIRS","confidence":"n","version":"2.0NRT","bright_ti5":"291.12","frp":"1.57","daynight":"N","commune":"Die","code_insee":"26113","departement":"Drôme","region":"Auvergne-Rhône-Alpes"}},{"type":"Feature","geometry":{"type":"Point","coordinates":[3.78318,46.25532]},"properties":{"latitude":"46.25532","longitude":"3.78318","bright_ti4":"296.96","scan":"0.43","track":"0.46","acq_date":"2026-07-05","acq_time":"124","satellite":"N","instrument":"VIIRS","confidence":"n","version":"2.0NRT","bright_ti5":"285.6","frp":"0.74","daynight":"N","commune":"Montaiguët-en-Forez","code_insee":"03178","departement":"Allier","region":"Auvergne-Rhône-Alpes"}},{"type":"Feature","geometry":{"type":"Point","coordinates":[3.78073,46.25906]},"properties":{"latitude":"46.25906","longitude":"3.78073","bright_ti4":"308.59","scan":"0.43","track":"0.46","acq_date":"2026-07-05","acq_time":"124","satellite":"N","instrument":"VIIRS","confidence":"n","version":"2.0NRT","bright_ti5":"285.52","frp":"0.57","daynight":"N","commune":"Montaiguët-en-Forez","code_insee":"03178","departement":"Allier","region":"Auvergne-Rhône-Alpes"}},{"type":"Feature","geometry":{"type":"Point","coordinates":[3.78397,46.25954]},"properties":{"latitude":"46.25954","longitude":"3.78397","bright_ti4":"304.88","scan":"0.43","track":"0.46","acq_date":"2026-07-05","acq_time":"124","satellite":"N","instrument":"VIIRS","confidence":"n","version":"2.0NRT","bright_ti5":"286.42","frp":"0.74","daynight":"N","commune":"Montaiguët-en-Forez","code_insee":"03178","departement":"Allier","region":"Auvergne-Rhône-Alpes"}},{"type":"Feature","geometry":{"type":"Point","coordinates":[6.23307,47.51155]},"properties":{"latitude":"47.51155","longitude":"6.23307","bright_ti4":"305.42","scan":"0.52","track":"0.42","acq_date":"2026-07-05","acq_time":"124","satellite":"N","instrument":"VIIRS","confidence":"n","version":"2.0NRT","bright_ti5":"285.12","frp":"0.34","daynight":"N","commune":"Dampierre-sur-Linotte","code_insee":"70197","departement":"Haute-Saône","region":"Bourgogne-Franche-Comté"}},{"type":"Feature","geometry":{"type":"Point","coordinates":[6.23395,47.51267]},"properties":{"latitude":"47.51267","longitude":"6.23395","bright_ti4":"298.25","scan":"0.52","track":"0.42","acq_date":"2026-07-05","acq_time":"124","satellite":"N","instrument":"VIIRS","confidence":"n","version":"2.0NRT","bright_ti5":"284.67","frp":"0.81","daynight":"N","commune":"Dampierre-sur-Linotte","code_insee":"70197","departement":"Haute-Saône","region":"Bourgogne-Franche-Comté"}},{"type":"Feature","geometry":{"type":"Point","coordinates":[2.73779,47.69658]},"properties":{"latitude":"47.69658","longitude":"2.73779","bright_ti4":"309.16","scan":"0.49","track":"0.49","acq_date":"2026-07-05","acq_time":"124","satellite":"N","instrument":"VIIRS","confidence":"n","version":"2.0NRT","bright_ti5":"288.92","frp":"1.78","daynight":"N","commune":"Gien","code_insee":"45155","departement":"Loiret","region":"Centre-Val de Loire"}},{"type":"Feature","geometry":{"type":"Point","coordinates":[7.38042,47.9688]},"properties":{"latitude":"47.9688","longitude":"7.38042","bright_ti4":"299.65","scan":"0.48","track":"0.4","acq_date":"2026-07-05","acq_time":"124","satellite":"N","instrument":"VIIRS","confidence":"n","version":"2.0NRT","bright_ti5":"285.85","frp":"0.35","daynight":"N","commune":"Oberhergheim","code_insee":"68242","departement":"Haut-Rhin","region":"Grand Est"}},{"type":"Feature","geometry":{"type":"Point","coordinates":[6.42752,48.21308]},"properties":{"latitude":"48.21308","longitude":"6.42752","bright_ti4":"307.56","scan":"0.52","track":"0.42","acq_date":"2026-07-05","acq_time":"124","satellite":"N","instrument":"VIIRS","confidence":"n","version":"2.0NRT","bright_ti5":"287.09","frp":"1.49","daynight":"N","commune":"Golbey","code_insee":"88209","departement":"Vosges","region":"Grand Est"}},{"type":"Feature","geometry":{"type":"Point","coordinates":[7.68691,48.44524]},"properties":{"latitude":"48.44524","longitude":"7.68691","bright_ti4":"315.5","scan":"0.47","track":"0.4","acq_date":"2026-07-05","acq_time":"124","satellite":"N","instrument":"VIIRS","confidence":"n","version":"2.0NRT","bright_ti5":"286.03","frp":"1","daynight":"N","commune":"Nordhouse","code_insee":"67336","departement":"Bas-Rhin","region":"Grand Est"}},{"type":"Feature","geometry":{"type":"Point","coordinates":[6.11324,48.60869]},"properties":{"latitude":"48.60869","longitude":"6.11324","bright_ti4":"308.07","scan":"0.54","track":"0.42","acq_date":"2026-07-05","acq_time":"124","satellite":"N","instrument":"VIIRS","confidence":"n","version":"2.0NRT","bright_ti5":"289.62","frp":"1.53","daynight":"N","commune":"Neuves-Maisons","code_insee":"54397","departement":"Meurthe-et-Moselle","region":"Grand Est"}},{"type":"Feature","geometry":{"type":"Point","coordinates":[5.69276,48.70533]},"properties":{"latitude":"48.70533","longitude":"5.69276","bright_ti4":"299.72","scan":"0.57","track":"0.43","acq_date":"2026-07-05","acq_time":"124","satellite":"N","instrument":"VIIRS","confidence":"n","version":"2.0NRT","bright_ti5":"285.01","frp":"0.8","daynight":"N","commune":"Troussey","code_insee":"55520","departement":"Meuse","region":"Grand Est"}},{"type":"Feature","geometry":{"type":"Point","coordinates":[4.99684,48.87968]},"properties":{"latitude":"48.87968","longitude":"4.99684","bright_ti4":"326.82","scan":"0.4","track":"0.45","acq_date":"2026-07-05","acq_time":"124","satellite":"N","instrument":"VIIRS","confidence":"n","version":"2.0NRT","bright_ti5":"286.96","frp":"3.31","daynight":"N","commune":"Noyers-Auzécourt","code_insee":"55388","departement":"Meuse","region":"Grand Est"}},{"type":"Feature","geometry":{"type":"Point","coordinates":[4.9976,48.8838]},"properties":{"latitude":"48.8838","longitude":"4.9976","bright_ti4":"339.47","scan":"0.4","track":"0.45","acq_date":"2026-07-05","acq_time":"124","satellite":"N","instrument":"VIIRS","confidence":"n","version":"2.0NRT","bright_ti5":"288.51","frp":"3.31","daynight":"N","commune":"Noyers-Auzécourt","code_insee":"55388","departement":"Meuse","region":"Grand Est"}},{"type":"Feature","geometry":{"type":"Point","coordinates":[3.49162,50.33682]},"properties":{"latitude":"50.33682","longitude":"3.49162","bright_ti4":"303.3","scan":"0.49","track":"0.48","acq_date":"2026-07-05","acq_time":"124","satellite":"N","instrument":"VIIRS","confidence":"n","version":"2.0NRT","bright_ti5":"285.77","frp":"0.96","daynight":"N","commune":"Trith-Saint-Léger","code_insee":"59603","departement":"Nord","region":"Hauts-de-France"}},{"type":"Feature","geometry":{"type":"Point","coordinates":[3.56459,50.4009]},"properties":{"latitude":"50.4009","longitude":"3.56459","bright_ti4":"304.53","scan":"0.48","track":"0.48","acq_date":"2026-07-05","acq_time":"124","satellite":"N","instrument":"VIIRS","confidence":"n","version":"2.0NRT","bright_ti5":"286.25","frp":"0.89","daynight":"N","commune":"Saint-Saulve","code_insee":"59544","departement":"Nord","region":"Hauts-de-France"}},{"type":"Feature","geometry":{"type":"Point","coordinates":[2.58989,42.66488]},"properties":{"latitude":"42.66488","longitude":"2.58989","bright_ti4":"317.94","scan":"0.44","track":"0.46","acq_date":"2026-07-05","acq_time":"126","satellite":"N","instrument":"VIIRS","confidence":"n","version":"2.0NRT","bright_ti5":"307.63","frp":"44.99","daynight":"N","commune":"Ille-sur-Têt","code_insee":"66088","departement":"Pyrénées-Orientales","region":"Occitanie"}},{"type":"Feature","geometry":{"type":"Point","coordinates":[2.5846,42.66534]},"properties":{"latitude":"42.66534","longitude":"2.5846","bright_ti4":"352.72","scan":"0.44","track":"0.46","acq_date":"2026-07-05","acq_time":"126","satellite":"N","instrument":"VIIRS","confidence":"n","version":"2.0NRT","bright_ti5":"300.7","frp":"44.99","daynight":"N","commune":"Ille-sur-Têt","code_insee":"66088","departement":"Pyrénées-Orientales","region":"Occitanie"}},{"type":"Feature","geometry":{"type":"Point","coordinates":[2.59097,42.66915]},"properties":{"latitude":"42.66915","longitude":"2.59097","bright_ti4":"340.17","scan":"0.44","track":"0.46","acq_date":"2026-07-05","acq_time":"126","satellite":"N","instrument":"VIIRS","confidence":"n","version":"2.0NRT","bright_ti5":"302.07","frp":"10.31","daynight":"N","commune":"Ille-sur-Têt","code_insee":"66088","departement":"Pyrénées-Orientales","region":"Occitanie"}},{"type":"Feature","geometry":{"type":"Point","coordinates":[2.58575,42.6696]},"properties":{"latitude":"42.6696","longitude":"2.58575","bright_ti4":"367","scan":"0.44","track":"0.46","acq_date":"2026-07-05","acq_time":"126","satellite":"N","instrument":"VIIRS","confidence":"h","version":"2.0NRT","bright_ti5":"308.21","frp":"10.31","daynight":"N","commune":"Ille-sur-Têt","code_insee":"66088","departement":"Pyrénées-Orientales","region":"Occitanie"}},{"type":"Feature","geometry":{"type":"Point","coordinates":[2.5804,42.67006]},"properties":{"latitude":"42.67006","longitude":"2.5804","bright_ti4":"327.31","scan":"0.44","track":"0.46","acq_date":"2026-07-05","acq_time":"126","satellite":"N","instrument":"VIIRS","confidence":"n","version":"2.0NRT","bright_ti5":"300.57","frp":"3.66","daynight":"N","commune":"Ille-sur-Têt","code_insee":"66088","departement":"Pyrénées-Orientales","region":"Occitanie"}},{"type":"Feature","geometry":{"type":"Point","coordinates":[2.5751,42.67052]},"properties":{"latitude":"42.67052","longitude":"2.5751","bright_ti4":"325.65","scan":"0.44","track":"0.46","acq_date":"2026-07-05","acq_time":"126","satellite":"N","instrument":"VIIRS","confidence":"n","version":"2.0NRT","bright_ti5":"298.08","frp":"3.66","daynight":"N","commune":"Ille-sur-Têt","code_insee":"66088","departement":"Pyrénées-Orientales","region":"Occitanie"}},{"type":"Feature","geometry":{"type":"Point","coordinates":[2.56992,42.67096]},"properties":{"latitude":"42.67096","longitude":"2.56992","bright_ti4":"331.11","scan":"0.44","track":"0.46","acq_date":"2026-07-05","acq_time":"126","satellite":"N","instrument":"VIIRS","confidence":"n","version":"2.0NRT","bright_ti5":"301.34","frp":"15.63","daynight":"N","commune":"Ille-sur-Têt","code_insee":"66088","departement":"Pyrénées-Orientales","region":"Occitanie"}},{"type":"Feature","geometry":{"type":"Point","coordinates":[2.56497,42.67139]},"properties":{"latitude":"42.67139","longitude":"2.56497","bright_ti4":"341.87","scan":"0.44","track":"0.46","acq_date":"2026-07-05","acq_time":"126","satellite":"N","instrument":"VIIRS","confidence":"n","version":"2.0NRT","bright_ti5":"297.05","frp":"15.63","daynight":"N","commune":"Ille-sur-Têt","code_insee":"66088","departement":"Pyrénées-Orientales","region":"Occitanie"}},{"type":"Feature","geometry":{"type":"Point","coordinates":[2.60216,42.67255]},"properties":{"latitude":"42.67255","longitude":"2.60216","bright_ti4":"347.92","scan":"0.44","track":"0.46","acq_date":"2026-07-05","acq_time":"126","satellite":"N","instrument":"VIIRS","confidence":"n","version":"2.0NRT","bright_ti5":"299.68","frp":"9.02","daynight":"N","commune":"Ille-sur-Têt","code_insee":"66088","departement":"Pyrénées-Orientales","region":"Occitanie"}},{"type":"Feature","geometry":{"type":"Point","coordinates":[2.59712,42.67298]},"properties":{"latitude":"42.67298","longitude":"2.59712","bright_ti4":"354.61","scan":"0.44","track":"0.46","acq_date":"2026-07-05","acq_time":"126","satellite":"N","instrument":"VIIRS","confidence":"n","version":"2.0NRT","bright_ti5":"301.89","frp":"9.02","daynight":"N","commune":"Ille-sur-Têt","code_insee":"66088","departement":"Pyrénées-Orientales","region":"Occitanie"}},{"type":"Feature","geometry":{"type":"Point","coordinates":[2.58686,42.67387]},"properties":{"latitude":"42.67387","longitude":"2.58686","bright_ti4":"339.21","scan":"0.44","track":"0.46","acq_date":"2026-07-05","acq_time":"126","satellite":"N","instrument":"VIIRS","confidence":"n","version":"2.0NRT","bright_ti5":"300.52","frp":"10.31","daynight":"N","commune":"Ille-sur-Têt","code_insee":"66088","departement":"Pyrénées-Orientales","region":"Occitanie"}},{"type":"Feature","geometry":{"type":"Point","coordinates":[2.58146,42.67434]},"properties":{"latitude":"42.67434","longitude":"2.58146","bright_ti4":"309.2","scan":"0.44","track":"0.46","acq_date":"2026-07-05","acq_time":"126","satellite":"N","instrument":"VIIRS","confidence":"n","version":"2.0NRT","bright_ti5":"297.89","frp":"3.66","daynight":"N","commune":"Ille-sur-Têt","code_insee":"66088","departement":"Pyrénées-Orientales","region":"Occitanie"}},{"type":"Feature","geometry":{"type":"Point","coordinates":[2.57611,42.6748]},"properties":{"latitude":"42.6748","longitude":"2.57611","bright_ti4":"323.17","scan":"0.44","track":"0.46","acq_date":"2026-07-05","acq_time":"126","satellite":"N","instrument":"VIIRS","confidence":"n","version":"2.0NRT","bright_ti5":"298.54","frp":"3.66","daynight":"N","commune":"Ille-sur-Têt","code_insee":"66088","departement":"Pyrénées-Orientales","region":"Occitanie"}},{"type":"Feature","geometry":{"type":"Point","coordinates":[2.57085,42.67525]},"properties":{"latitude":"42.67525","longitude":"2.57085","bright_ti4":"351.06","scan":"0.44","track":"0.46","acq_date":"2026-07-05","acq_time":"126","satellite":"N","instrument":"VIIRS","confidence":"n","version":"2.0NRT","bright_ti5":"301.21","frp":"15.63","daynight":"N","commune":"Ille-sur-Têt","code_insee":"66088","departement":"Pyrénées-Orientales","region":"Occitanie"}},{"type":"Feature","geometry":{"type":"Point","coordinates":[2.56569,42.6757]},"properties":{"latitude":"42.6757","longitude":"2.56569","bright_ti4":"367","scan":"0.44","track":"0.46","acq_date":"2026-07-05","acq_time":"126","satellite":"N","instrument":"VIIRS","confidence":"h","version":"2.0NRT","bright_ti5":"306.47","frp":"15.63","daynight":"N","commune":"Ille-sur-Têt","code_insee":"66088","departement":"Pyrénées-Orientales","region":"Occitanie"}},{"type":"Feature","geometry":{"type":"Point","coordinates":[2.56049,42.67615]},"properties":{"latitude":"42.67615","longitude":"2.56049","bright_ti4":"350.4","scan":"0.44","track":"0.46","acq_date":"2026-07-05","acq_time":"126","satellite":"N","instrument":"VIIRS","confidence":"n","version":"2.0NRT","bright_ti5":"298.84","frp":"8.94","daynight":"N","commune":"Rodès","code_insee":"66165","departement":"Pyrénées-Orientales","region":"Occitanie"}},{"type":"Feature","geometry":{"type":"Point","coordinates":[2.55524,42.6766]},"properties":{"latitude":"42.6766","longitude":"2.55524","bright_ti4":"326.17","scan":"0.44","track":"0.46","acq_date":"2026-07-05","acq_time":"126","satellite":"N","instrument":"VIIRS","confidence":"n","version":"2.0NRT","bright_ti5":"295.77","frp":"8.94","daynight":"N","commune":"Rodès","code_insee":"66165","departement":"Pyrénées-Orientales","region":"Occitanie"}},{"type":"Feature","geometry":{"type":"Point","coordinates":[2.60319,42.67682]},"properties":{"latitude":"42.67682","longitude":"2.60319","bright_ti4":"343.04","scan":"0.44","track":"0.46","acq_date":"2026-07-05","acq_time":"126","satellite":"N","instrument":"VIIRS","confidence":"n","version":"2.0NRT","bright_ti5":"300.85","frp":"14.72","daynight":"N","commune":"Ille-sur-Têt","code_insee":"66088","departement":"Pyrénées-Orientales","region":"Occitanie"}},{"type":"Feature","geometry":{"type":"Point","coordinates":[2.59808,42.67726]},"properties":{"latitude":"42.67726","longitude":"2.59808","bright_ti4":"352.43","scan":"0.44","track":"0.46","acq_date":"2026-07-05","acq_time":"126","satellite":"N","instrument":"VIIRS","confidence":"n","version":"2.0NRT","bright_ti5":"308.42","frp":"14.72","daynight":"N","commune":"Ille-sur-Têt","code_insee":"66088","departement":"Pyrénées-Orientales","region":"Occitanie"}},{"type":"Feature","geometry":{"type":"Point","coordinates":[2.59301,42.6777]},"properties":{"latitude":"42.6777","longitude":"2.59301","bright_ti4":"355.67","scan":"0.44","track":"0.46","acq_date":"2026-07-05","acq_time":"126","satellite":"N","instrument":"VIIRS","confidence":"n","version":"2.0NRT","bright_ti5":"304.62","frp":"11.57","daynight":"N","commune":"Ille-sur-Têt","code_insee":"66088","departement":"Pyrénées-Orientales","region":"Occitanie"}},{"type":"Feature","geometry":{"type":"Point","coordinates":[2.58787,42.67814]},"properties":{"latitude":"42.67814","longitude":"2.58787","bright_ti4":"318.33","scan":"0.44","track":"0.46","acq_date":"2026-07-05","acq_time":"126","satellite":"N","instrument":"VIIRS","confidence":"n","version":"2.0NRT","bright_ti5":"297.54","frp":"11.57","daynight":"N","commune":"Ille-sur-Têt","code_insee":"66088","departement":"Pyrénées-Orientales","region":"Occitanie"}},{"type":"Feature","geometry":{"type":"Point","coordinates":[2.56652,42.67999]},"properties":{"latitude":"42.67999","longitude":"2.56652","bright_ti4":"306.64","scan":"0.44","track":"0.46","acq_date":"2026-07-05","acq_time":"126","satellite":"N","instrument":"VIIRS","confidence":"n","version":"2.0NRT","bright_ti5":"296.3","frp":"3.39","daynight":"N","commune":"Montalba-le-Château","code_insee":"66111","departement":"Pyrénées-Orientales","region":"Occitanie"}},{"type":"Feature","geometry":{"type":"Point","coordinates":[2.56119,42.68045]},"properties":{"latitude":"42.68045","longitude":"2.56119","bright_ti4":"333.04","scan":"0.44","track":"0.46","acq_date":"2026-07-05","acq_time":"126","satellite":"N","instrument":"VIIRS","confidence":"n","version":"2.0NRT","bright_ti5":"298.76","frp":"4.89","daynight":"N","commune":"Montalba-le-Château","code_insee":"66111","departement":"Pyrénées-Orientales","region":"Occitanie"}},{"type":"Feature","geometry":{"type":"Point","coordinates":[2.55591,42.68091]},"properties":{"latitude":"42.68091","longitude":"2.55591","bright_ti4":"356.85","scan":"0.44","track":"0.46","acq_date":"2026-07-05","acq_time":"126","satellite":"N","instrument":"VIIRS","confidence":"n","version":"2.0NRT","bright_ti5":"302.55","frp":"4.89","daynight":"N","commune":"Montalba-le-Château","code_insee":"66111","departement":"Pyrénées-Orientales","region":"Occitanie"}},{"type":"Feature","geometry":{"type":"Point","coordinates":[2.55068,42.68136]},"properties":{"latitude":"42.68136","longitude":"2.55068","bright_ti4":"331.07","scan":"0.44","track":"0.46","acq_date":"2026-07-05","acq_time":"126","satellite":"N","instrument":"VIIRS","confidence":"n","version":"2.0NRT","bright_ti5":"297.44","frp":"3.65","daynight":"N","commune":"Montalba-le-Château","code_insee":"66111","departement":"Pyrénées-Orientales","region":"Occitanie"}},{"type":"Feature","geometry":{"type":"Point","coordinates":[2.59396,42.68198]},"properties":{"latitude":"42.68198","longitude":"2.59396","bright_ti4":"342.06","scan":"0.44","track":"0.46","acq_date":"2026-07-05","acq_time":"126","satellite":"N","instrument":"VIIRS","confidence":"n","version":"2.0NRT","bright_ti5":"299.26","frp":"11.57","daynight":"N","commune":"Ille-sur-Têt","code_insee":"66088","departement":"Pyrénées-Orientales","region":"Occitanie"}},{"type":"Feature","geometry":{"type":"Point","coordinates":[2.58879,42.68243]},"properties":{"latitude":"42.68243","longitude":"2.58879","bright_ti4":"340.48","scan":"0.44","track":"0.46","acq_date":"2026-07-05","acq_time":"126","satellite":"N","instrument":"VIIRS","confidence":"n","version":"2.0NRT","bright_ti5":"299.61","frp":"11.57","daynight":"N","commune":"Ille-sur-Têt","code_insee":"66088","departement":"Pyrénées-Orientales","region":"Occitanie"}},{"type":"Feature","geometry":{"type":"Point","coordinates":[2.58348,42.68289]},"properties":{"latitude":"42.68289","longitude":"2.58348","bright_ti4":"349.36","scan":"0.44","track":"0.46","acq_date":"2026-07-05","acq_time":"126","satellite":"N","instrument":"VIIRS","confidence":"n","version":"2.0NRT","bright_ti5":"301.27","frp":"6.53","daynight":"N","commune":"Ille-sur-Têt","code_insee":"66088","departement":"Pyrénées-Orientales","region":"Occitanie"}},{"type":"Feature","geometry":{"type":"Point","coordinates":[2.57811,42.68336]},"properties":{"latitude":"42.68336","longitude":"2.57811","bright_ti4":"336.69","scan":"0.44","track":"0.46","acq_date":"2026-07-05","acq_time":"126","satellite":"N","instrument":"VIIRS","confidence":"n","version":"2.0NRT","bright_ti5":"297.63","frp":"6.53","daynight":"N","commune":"Ille-sur-Têt","code_insee":"66088","departement":"Pyrénées-Orientales","region":"Occitanie"}},{"type":"Feature","geometry":{"type":"Point","coordinates":[2.57276,42.68382]},"properties":{"latitude":"42.68382","longitude":"2.57276","bright_ti4":"332.03","scan":"0.44","track":"0.46","acq_date":"2026-07-05","acq_time":"126","satellite":"N","instrument":"VIIRS","confidence":"n","version":"2.0NRT","bright_ti5":"295.98","frp":"3.39","daynight":"N","commune":"Montalba-le-Château","code_insee":"66111","departement":"Pyrénées-Orientales","region":"Occitanie"}},{"type":"Feature","geometry":{"type":"Point","coordinates":[2.56213,42.68474]},"properties":{"latitude":"42.68474","longitude":"2.56213","bright_ti4":"306.62","scan":"0.44","track":"0.46","acq_date":"2026-07-05","acq_time":"126","satellite":"N","instrument":"VIIRS","confidence":"n","version":"2.0NRT","bright_ti5":"294.35","frp":"4.89","daynight":"N","commune":"Montalba-le-Château","code_insee":"66111","departement":"Pyrénées-Orientales","region":"Occitanie"}},{"type":"Feature","geometry":{"type":"Point","coordinates":[2.55144,42.68567]},"properties":{"latitude":"42.68567","longitude":"2.55144","bright_ti4":"308.77","scan":"0.44","track":"0.46","acq_date":"2026-07-05","acq_time":"126","satellite":"N","instrument":"VIIRS","confidence":"n","version":"2.0NRT","bright_ti5":"295.66","frp":"3.65","daynight":"N","commune":"Montalba-le-Château","code_insee":"66111","departement":"Pyrénées-Orientales","region":"Occitanie"}},{"type":"Feature","geometry":{"type":"Point","coordinates":[2.5461,42.68613]},"properties":{"latitude":"42.68613","longitude":"2.5461","bright_ti4":"337.11","scan":"0.45","track":"0.47","acq_date":"2026-07-05","acq_time":"126","satellite":"N","instrument":"VIIRS","confidence":"n","version":"2.0NRT","bright_ti5":"297.79","frp":"3.65","daynight":"N","commune":"Rodès","code_insee":"66165","departement":"Pyrénées-Orientales","region":"Occitanie"}},{"type":"Feature","geometry":{"type":"Point","coordinates":[2.54078,42.68658]},"properties":{"latitude":"42.68658","longitude":"2.54078","bright_ti4":"356.87","scan":"0.45","track":"0.47","acq_date":"2026-07-05","acq_time":"126","satellite":"N","instrument":"VIIRS","confidence":"n","version":"2.0NRT","bright_ti5":"302.47","frp":"18.17","daynight":"N","commune":"Rodès","code_insee":"66165","departement":"Pyrénées-Orientales","region":"Occitanie"}},{"type":"Feature","geometry":{"type":"Point","coordinates":[2.53545,42.68705]},"properties":{"latitude":"42.68705","longitude":"2.53545","bright_ti4":"367","scan":"0.45","track":"0.47","acq_date":"2026-07-05","acq_time":"126","satellite":"N","instrument":"VIIRS","confidence":"h","version":"2.0NRT","bright_ti5":"302.86","frp":"18.17","daynight":"N","commune":"Rodès","code_insee":"66165","departement":"Pyrénées-Orientales","region":"Occitanie"}},{"type":"Feature","geometry":{"type":"Point","coordinates":[2.5301,42.68751]},"properties":{"latitude":"42.68751","longitude":"2.5301","bright_ti4":"305.33","scan":"0.45","track":"0.47","acq_date":"2026-07-05","acq_time":"126","satellite":"N","instrument":"VIIRS","confidence":"n","version":"2.0NRT","bright_ti5":"294.2","frp":"3.7","daynight":"N","commune":"Rodès","code_insee":"66165","departement":"Pyrénées-Orientales","region":"Occitanie"}},{"type":"Feature","geometry":{"type":"Point","coordinates":[2.57907,42.68764]},"properties":{"latitude":"42.68764","longitude":"2.57907","bright_ti4":"311.71","scan":"0.44","track":"0.46","acq_date":"2026-07-05","acq_time":"126","satellite":"N","instrument":"VIIRS","confidence":"n","version":"2.0NRT","bright_ti5":"295.43","frp":"1.78","daynight":"N","commune":"Montalba-le-Château","code_insee":"66111","departement":"Pyrénées-Orientales","region":"Occitanie"}},{"type":"Feature","geometry":{"type":"Point","coordinates":[2.57368,42.68811]},"properties":{"latitude":"42.68811","longitude":"2.57368","bright_ti4":"367","scan":"0.44","track":"0.46","acq_date":"2026-07-05","acq_time":"126","satellite":"N","instrument":"VIIRS","confidence":"h","version":"2.0NRT","bright_ti5":"300.54","frp":"10.18","daynight":"N","commune":"Montalba-le-Château","code_insee":"66111","departement":"Pyrénées-Orientales","region":"Occitanie"}},{"type":"Feature","geometry":{"type":"Point","coordinates":[2.56833,42.68857]},"properties":{"latitude":"42.68857","longitude":"2.56833","bright_ti4":"340.25","scan":"0.44","track":"0.46","acq_date":"2026-07-05","acq_time":"126","satellite":"N","instrument":"VIIRS","confidence":"n","version":"2.0NRT","bright_ti5":"297.4","frp":"10.18","daynight":"N","commune":"Montalba-le-Château","code_insee":"66111","departement":"Pyrénées-Orientales","region":"Occitanie"}},{"type":"Feature","geometry":{"type":"Point","coordinates":[2.56302,42.68903]},"properties":{"latitude":"42.68903","longitude":"2.56302","bright_ti4":"347.83","scan":"0.44","track":"0.46","acq_date":"2026-07-05","acq_time":"126","satellite":"N","instrument":"VIIRS","confidence":"n","version":"2.0NRT","bright_ti5":"302.82","frp":"10.34","daynight":"N","commune":"Montalba-le-Château","code_insee":"66111","departement":"Pyrénées-Orientales","region":"Occitanie"}},{"type":"Feature","geometry":{"type":"Point","coordinates":[2.55766,42.6895]},"properties":{"latitude":"42.6895","longitude":"2.55766","bright_ti4":"314.23","scan":"0.44","track":"0.46","acq_date":"2026-07-05","acq_time":"126","satellite":"N","instrument":"VIIRS","confidence":"n","version":"2.0NRT","bright_ti5":"294.83","frp":"10.34","daynight":"N","commune":"Montalba-le-Château","code_insee":"66111","departement":"Pyrénées-Orientales","region":"Occitanie"}},{"type":"Feature","geometry":{"type":"Point","coordinates":[2.53623,42.69135]},"properties":{"latitude":"42.69135","longitude":"2.53623","bright_ti4":"345.06","scan":"0.45","track":"0.47","acq_date":"2026-07-05","acq_time":"126","satellite":"N","instrument":"VIIRS","confidence":"n","version":"2.0NRT","bright_ti5":"299.83","frp":"5.16","daynight":"N","commune":"Montalba-le-Château","code_insee":"66111","departement":"Pyrénées-Orientales","region":"Occitanie"}},{"type":"Feature","geometry":{"type":"Point","coordinates":[2.53087,42.69181]},"properties":{"latitude":"42.69181","longitude":"2.53087","bright_ti4":"355.75","scan":"0.45","track":"0.47","acq_date":"2026-07-05","acq_time":"126","satellite":"N","instrument":"VIIRS","confidence":"n","version":"2.0NRT","bright_ti5":"300.16","frp":"13.66","daynight":"N","commune":"Rodès","code_insee":"66165","departement":"Pyrénées-Orientales","region":"Occitanie"}},{"type":"Feature","geometry":{"type":"Point","coordinates":[2.55307,42.69426]},"properties":{"latitude":"42.69426","longitude":"2.55307","bright_ti4":"306.14","scan":"0.44","track":"0.46","acq_date":"2026-07-05","acq_time":"126","satellite":"N","instrument":"VIIRS","confidence":"n","version":"2.0NRT","bright_ti5":"294.08","frp":"1.16","daynight":"N","commune":"Montalba-le-Château","code_insee":"66111","departement":"Pyrénées-Orientales","region":"Occitanie"}},{"type":"Feature","geometry":{"type":"Point","coordinates":[2.54772,42.69473]},"properties":{"latitude":"42.69473","longitude":"2.54772","bright_ti4":"304.47","scan":"0.45","track":"0.47","acq_date":"2026-07-05","acq_time":"126","satellite":"N","instrument":"VIIRS","confidence":"n","version":"2.0NRT","bright_ti5":"293.65","frp":"1.16","daynight":"N","commune":"Montalba-le-Château","code_insee":"66111","departement":"Pyrénées-Orientales","region":"Occitanie"}},{"type":"Feature","geometry":{"type":"Point","coordinates":[2.54239,42.69519]},"properties":{"latitude":"42.69519","longitude":"2.54239","bright_ti4":"306.74","scan":"0.45","track":"0.47","acq_date":"2026-07-05","acq_time":"126","satellite":"N","instrument":"VIIRS","confidence":"n","version":"2.0NRT","bright_ti5":"293.6","frp":"5.16","daynight":"N","commune":"Montalba-le-Château","code_insee":"66111","departement":"Pyrénées-Orientales","region":"Occitanie"}},{"type":"Feature","geometry":{"type":"Point","coordinates":[2.53165,42.69613]},"properties":{"latitude":"42.69613","longitude":"2.53165","bright_ti4":"339.96","scan":"0.45","track":"0.47","acq_date":"2026-07-05","acq_time":"126","satellite":"N","instrument":"VIIRS","confidence":"n","version":"2.0NRT","bright_ti5":"297.38","frp":"13.66","daynight":"N","commune":"Trévillach","code_insee":"66215","departement":"Pyrénées-Orientales","region":"Occitanie"}},{"type":"Feature","geometry":{"type":"Point","coordinates":[2.52628,42.69659]},"properties":{"latitude":"42.69659","longitude":"2.52628","bright_ti4":"341.11","scan":"0.45","track":"0.47","acq_date":"2026-07-05","acq_time":"126","satellite":"N","instrument":"VIIRS","confidence":"n","version":"2.0NRT","bright_ti5":"296.54","frp":"13.66","daynight":"N","commune":"Trévillach","code_insee":"66215","departement":"Pyrénées-Orientales","region":"Occitanie"}},{"type":"Feature","geometry":{"type":"Point","coordinates":[2.5431,42.6995]},"properties":{"latitude":"42.6995","longitude":"2.5431","bright_ti4":"319.59","scan":"0.45","track":"0.47","acq_date":"2026-07-05","acq_time":"126","satellite":"N","instrument":"VIIRS","confidence":"n","version":"2.0NRT","bright_ti5":"294.38","frp":"1.46","daynight":"N","commune":"Trévillach","code_insee":"66215","departement":"Pyrénées-Orientales","region":"Occitanie"}},{"type":"Feature","geometry":{"type":"Point","coordinates":[2.52713,42.70089]},"properties":{"latitude":"42.70089","longitude":"2.52713","bright_ti4":"305.1","scan":"0.45","track":"0.47","acq_date":"2026-07-05","acq_time":"126","satellite":"N","instrument":"VIIRS","confidence":"n","version":"2.0NRT","bright_ti5":"291.97","frp":"1.12","daynight":"N","commune":"Trévillach","code_insee":"66215","departement":"Pyrénées-Orientales","region":"Occitanie"}},{"type":"Feature","geometry":{"type":"Point","coordinates":[2.528,42.70519]},"properties":{"latitude":"42.70519","longitude":"2.528","bright_ti4":"319.5","scan":"0.45","track":"0.47","acq_date":"2026-07-05","acq_time":"126","satellite":"N","instrument":"VIIRS","confidence":"n","version":"2.0NRT","bright_ti5":"293.88","frp":"1.12","daynight":"N","commune":"Trévillach","code_insee":"66215","departement":"Pyrénées-Orientales","region":"Occitanie"}},{"type":"Feature","geometry":{"type":"Point","coordinates":[2.5227,42.70565]},"properties":{"latitude":"42.70565","longitude":"2.5227","bright_ti4":"321.67","scan":"0.45","track":"0.47","acq_date":"2026-07-05","acq_time":"126","satellite":"N","instrument":"VIIRS","confidence":"n","version":"2.0NRT","bright_ti5":"292.62","frp":"2.33","daynight":"N","commune":"Trévillach","code_insee":"66215","departement":"Pyrénées-Orientales","region":"Occitanie"}},{"type":"Feature","geometry":{"type":"Point","coordinates":[2.55841,43.17556]},"properties":{"latitude":"43.17556","longitude":"2.55841","bright_ti4":"303.72","scan":"0.45","track":"0.47","acq_date":"2026-07-05","acq_time":"126","satellite":"N","instrument":"VIIRS","confidence":"n","version":"2.0NRT","bright_ti5":"293.14","frp":"1.36","daynight":"N","commune":"Capendu","code_insee":"11068","departement":"Aude","region":"Occitanie"}},{"type":"Feature","geometry":{"type":"Point","coordinates":[2.56486,43.17593]},"properties":{"latitude":"43.17593","longitude":"2.56486","bright_ti4":"308.54","scan":"0.45","track":"0.47","acq_date":"2026-07-05","acq_time":"126","satellite":"N","instrument":"VIIRS","confidence":"n","version":"2.0NRT","bright_ti5":"294.49","frp":"1.38","daynight":"N","commune":"Capendu","code_insee":"11068","departement":"Aude","region":"Occitanie"}},{"type":"Feature","geometry":{"type":"Point","coordinates":[2.55924,43.1764]},"properties":{"latitude":"43.1764","longitude":"2.55924","bright_ti4":"313.28","scan":"0.45","track":"0.47","acq_date":"2026-07-05","acq_time":"126","satellite":"N","instrument":"VIIRS","confidence":"n","version":"2.0NRT","bright_ti5":"294.54","frp":"2.04","daynight":"N","commune":"Capendu","code_insee":"11068","departement":"Aude","region":"Occitanie"}},{"type":"Feature","geometry":{"type":"Point","coordinates":[2.56445,43.17942]},"properties":{"latitude":"43.17942","longitude":"2.56445","bright_ti4":"311.91","scan":"0.45","track":"0.47","acq_date":"2026-07-05","acq_time":"126","satellite":"N","instrument":"VIIRS","confidence":"n","version":"2.0NRT","bright_ti5":"295.29","frp":"1.36","daynight":"N","commune":"Capendu","code_insee":"11068","departement":"Aude","region":"Occitanie"}},{"type":"Feature","geometry":{"type":"Point","coordinates":[4.8805,43.44247]},"properties":{"latitude":"43.44247","longitude":"4.8805","bright_ti4":"331.21","scan":"0.53","track":"0.42","acq_date":"2026-07-05","acq_time":"126","satellite":"N","instrument":"VIIRS","confidence":"n","version":"2.0NRT","bright_ti5":"297.21","frp":"12.37","daynight":"N","commune":"Fos-sur-Mer","code_insee":"13039","departement":"Bouches-du-Rhône","region":"Provence-Alpes-Côte d'Azur"}},{"type":"Feature","geometry":{"type":"Point","coordinates":[4.88127,43.44635]},"properties":{"latitude":"43.44635","longitude":"4.88127","bright_ti4":"329.3","scan":"0.53","track":"0.42","acq_date":"2026-07-05","acq_time":"126","satellite":"N","instrument":"VIIRS","confidence":"n","version":"2.0NRT","bright_ti5":"292.79","frp":"12.37","daynight":"N","commune":"Fos-sur-Mer","code_insee":"13039","departement":"Bouches-du-Rhône","region":"Provence-Alpes-Côte d'Azur"}},{"type":"Feature","geometry":{"type":"Point","coordinates":[7.37244,43.79391]},"properties":{"latitude":"43.79391","longitude":"7.37244","bright_ti4":"307.96","scan":"0.44","track":"0.38","acq_date":"2026-07-05","acq_time":"126","satellite":"N","instrument":"VIIRS","confidence":"n","version":"2.0NRT","bright_ti5":"293.45","frp":"0.97","daynight":"N","commune":"Blausasc","code_insee":"06019","departement":"Alpes-Maritimes","region":"Provence-Alpes-Côte d'Azur"}},{"type":"Feature","geometry":{"type":"Point","coordinates":[4.69098,44.09059]},"properties":{"latitude":"44.09059","longitude":"4.69098","bright_ti4":"305.11","scan":"0.66","track":"0.73","acq_date":"2026-07-05","acq_time":"304","satellite":"N","instrument":"VIIRS","confidence":"n","version":"2.0NRT","bright_ti5":"294.29","frp":"0.98","daynight":"N","commune":"Laudun-l'Ardoise","code_insee":"30141","departement":"Gard","region":"Occitanie"}},{"type":"Feature","geometry":{"type":"Point","coordinates":[5.33053,44.7239]},"properties":{"latitude":"44.7239","longitude":"5.33053","bright_ti4":"302.69","scan":"0.67","track":"0.74","acq_date":"2026-07-05","acq_time":"304","satellite":"N","instrument":"VIIRS","confidence":"n","version":"2.0NRT","bright_ti5":"289.44","frp":"1.24","daynight":"N","commune":"Barsac","code_insee":"26027","departement":"Drôme","region":"Auvergne-Rhône-Alpes"}},{"type":"Feature","geometry":{"type":"Point","coordinates":[5.32841,44.72525]},"properties":{"latitude":"44.72525","longitude":"5.32841","bright_ti4":"305.59","scan":"0.67","track":"0.74","acq_date":"2026-07-05","acq_time":"304","satellite":"N","instrument":"VIIRS","confidence":"n","version":"2.0NRT","bright_ti5":"289.53","frp":"2.08","daynight":"N","commune":"Die","code_insee":"26113","departement":"Drôme","region":"Auvergne-Rhône-Alpes"}},{"type":"Feature","geometry":{"type":"Point","coordinates":[5.32415,44.72615]},"properties":{"latitude":"44.72615","longitude":"5.32415","bright_ti4":"298.87","scan":"0.67","track":"0.74","acq_date":"2026-07-05","acq_time":"304","satellite":"N","instrument":"VIIRS","confidence":"n","version":"2.0NRT","bright_ti5":"288.82","frp":"1.24","daynight":"N","commune":"Barsac","code_insee":"26027","departement":"Drôme","region":"Auvergne-Rhône-Alpes"}},{"type":"Feature","geometry":{"type":"Point","coordinates":[5.33452,44.73024]},"properties":{"latitude":"44.73024","longitude":"5.33452","bright_ti4":"301.38","scan":"0.67","track":"0.74","acq_date":"2026-07-05","acq_time":"304","satellite":"N","instrument":"VIIRS","confidence":"n","version":"2.0NRT","bright_ti5":"290.12","frp":"1.49","daynight":"N","commune":"Die","code_insee":"26113","departement":"Drôme","region":"Auvergne-Rhône-Alpes"}},{"type":"Feature","geometry":{"type":"Point","coordinates":[5.33255,44.73154]},"properties":{"latitude":"44.73154","longitude":"5.33255","bright_ti4":"305.78","scan":"0.67","track":"0.74","acq_date":"2026-07-05","acq_time":"304","satellite":"N","instrument":"VIIRS","confidence":"n","version":"2.0NRT","bright_ti5":"290.32","frp":"2.08","daynight":"N","commune":"Die","code_insee":"26113","departement":"Drôme","region":"Auvergne-Rhône-Alpes"}},{"type":"Feature","geometry":{"type":"Point","coordinates":[5.32788,44.73258]},"properties":{"latitude":"44.73258","longitude":"5.32788","bright_ti4":"304.72","scan":"0.67","track":"0.74","acq_date":"2026-07-05","acq_time":"304","satellite":"N","instrument":"VIIRS","confidence":"n","version":"2.0NRT","bright_ti5":"289.98","frp":"1.49","daynight":"N","commune":"Die","code_insee":"26113","departement":"Drôme","region":"Auvergne-Rhône-Alpes"}},{"type":"Feature","geometry":{"type":"Point","coordinates":[4.26393,46.16657]},"properties":{"latitude":"46.16657","longitude":"4.26393","bright_ti4":"352.11","scan":"0.55","track":"0.68","acq_date":"2026-07-05","acq_time":"304","satellite":"N","instrument":"VIIRS","confidence":"n","version":"2.0NRT","bright_ti5":"285.38","frp":"6.7","daynight":"N","commune":"Coublanc","code_insee":"71148","departement":"Saône-et-Loire","region":"Bourgogne-Franche-Comté"}},{"type":"Feature","geometry":{"type":"Point","coordinates":[4.26523,46.17022]},"properties":{"latitude":"46.17022","longitude":"4.26523","bright_ti4":"367","scan":"0.54","track":"0.68","acq_date":"2026-07-05","acq_time":"304","satellite":"N","instrument":"VIIRS","confidence":"h","version":"2.0NRT","bright_ti5":"288.07","frp":"11.18","daynight":"N","commune":"Coublanc","code_insee":"71148","departement":"Saône-et-Loire","region":"Bourgogne-Franche-Comté"}},{"type":"Feature","geometry":{"type":"Point","coordinates":[4.2686,46.17211]},"properties":{"latitude":"46.17211","longitude":"4.2686","bright_ti4":"337.03","scan":"0.55","track":"0.68","acq_date":"2026-07-05","acq_time":"304","satellite":"N","instrument":"VIIRS","confidence":"n","version":"2.0NRT","bright_ti5":"286.51","frp":"6.7","daynight":"N","commune":"Coublanc","code_insee":"71148","departement":"Saône-et-Loire","region":"Bourgogne-Franche-Comté"}},{"type":"Feature","geometry":{"type":"Point","coordinates":[3.42576,47.38801]},"properties":{"latitude":"47.38801","longitude":"3.42576","bright_ti4":"296.9","scan":"0.46","track":"0.63","acq_date":"2026-07-05","acq_time":"304","satellite":"N","instrument":"VIIRS","confidence":"n","version":"2.0NRT","bright_ti5":"285.83","frp":"0.65","daynight":"N","commune":"Saint-Pierre-du-Mont","code_insee":"58263","departement":"Nièvre","region":"Bourgogne-Franche-Comté"}},{"type":"Feature","geometry":{"type":"Point","coordinates":[2.73636,47.69774]},"properties":{"latitude":"47.69774","longitude":"2.73636","bright_ti4":"311.76","scan":"0.42","track":"0.61","acq_date":"2026-07-05","acq_time":"304","satellite":"N","instrument":"VIIRS","confidence":"n","version":"2.0NRT","bright_ti5":"286.63","frp":"1.41","daynight":"N","commune":"Gien","code_insee":"45155","departement":"Loiret","region":"Centre-Val de Loire"}},{"type":"Feature","geometry":{"type":"Point","coordinates":[6.11497,48.60863]},"properties":{"latitude":"48.60863","longitude":"6.11497","bright_ti4":"295.84","scan":"0.54","track":"0.68","acq_date":"2026-07-05","acq_time":"304","satellite":"N","instrument":"VIIRS","confidence":"n","version":"2.0NRT","bright_ti5":"284.99","frp":"0.82","daynight":"N","commune":"Neuves-Maisons","code_insee":"54397","departement":"Meurthe-et-Moselle","region":"Grand Est"}},{"type":"Feature","geometry":{"type":"Point","coordinates":[6.11145,48.61221]},"properties":{"latitude":"48.61221","longitude":"6.11145","bright_ti4":"299.84","scan":"0.54","track":"0.68","acq_date":"2026-07-05","acq_time":"304","satellite":"N","instrument":"VIIRS","confidence":"n","version":"2.0NRT","bright_ti5":"286.48","frp":"1.3","daynight":"N","commune":"Neuves-Maisons","code_insee":"54397","departement":"Meurthe-et-Moselle","region":"Grand Est"}},{"type":"Feature","geometry":{"type":"Point","coordinates":[4.9915,48.88103]},"properties":{"latitude":"48.88103","longitude":"4.9915","bright_ti4":"307.11","scan":"0.47","track":"0.64","acq_date":"2026-07-05","acq_time":"304","satellite":"N","instrument":"VIIRS","confidence":"n","version":"2.0NRT","bright_ti5":"284.02","frp":"1.08","daynight":"N","commune":"Noyers-Auzécourt","code_insee":"55388","departement":"Meuse","region":"Grand Est"}},{"type":"Feature","geometry":{"type":"Point","coordinates":[4.99528,48.88372]},"properties":{"latitude":"48.88372","longitude":"4.99528","bright_ti4":"316.01","scan":"0.47","track":"0.64","acq_date":"2026-07-05","acq_time":"304","satellite":"N","instrument":"VIIRS","confidence":"n","version":"2.0NRT","bright_ti5":"284.03","frp":"1.74","daynight":"N","commune":"Noyers-Auzécourt","code_insee":"55388","departement":"Meuse","region":"Grand Est"}},{"type":"Feature","geometry":{"type":"Point","coordinates":[4.99594,48.88632]},"properties":{"latitude":"48.88632","longitude":"4.99594","bright_ti4":"301.62","scan":"0.47","track":"0.64","acq_date":"2026-07-05","acq_time":"304","satellite":"N","instrument":"VIIRS","confidence":"n","version":"2.0NRT","bright_ti5":"283.15","frp":"0.35","daynight":"N","commune":"Noyers-Auzécourt","code_insee":"55388","departement":"Meuse","region":"Grand Est"}},{"type":"Feature","geometry":{"type":"Point","coordinates":[6.09532,49.32475]},"properties":{"latitude":"49.32475","longitude":"6.09532","bright_ti4":"299.53","scan":"0.51","track":"0.66","acq_date":"2026-07-05","acq_time":"304","satellite":"N","instrument":"VIIRS","confidence":"n","version":"2.0NRT","bright_ti5":"284.4","frp":"0.85","daynight":"N","commune":"Serémange-Erzange","code_insee":"57647","departement":"Moselle","region":"Grand Est"}},{"type":"Feature","geometry":{"type":"Point","coordinates":[3.56069,50.40187]},"properties":{"latitude":"50.40187","longitude":"3.56069","bright_ti4":"303.18","scan":"0.37","track":"0.58","acq_date":"2026-07-05","acq_time":"304","satellite":"N","instrument":"VIIRS","confidence":"n","version":"2.0NRT","bright_ti5":"285.46","frp":"0.65","daynight":"N","commune":"Saint-Saulve","code_insee":"59544","departement":"Nord","region":"Hauts-de-France"}},{"type":"Feature","geometry":{"type":"Point","coordinates":[3.56165,50.40442]},"properties":{"latitude":"50.40442","longitude":"3.56165","bright_ti4":"304.31","scan":"0.37","track":"0.58","acq_date":"2026-07-05","acq_time":"304","satellite":"N","instrument":"VIIRS","confidence":"n","version":"2.0NRT","bright_ti5":"285.2","frp":"0.7","daynight":"N","commune":"Saint-Saulve","code_insee":"59544","departement":"Nord","region":"Hauts-de-France"}},{"type":"Feature","geometry":{"type":"Point","coordinates":[2.58942,42.6649]},"properties":{"latitude":"42.6649","longitude":"2.58942","bright_ti4":"304.01","scan":"0.6","track":"0.7","acq_date":"2026-07-05","acq_time":"306","satellite":"N","instrument":"VIIRS","confidence":"n","version":"2.0NRT","bright_ti5":"291.6","frp":"1.2","daynight":"N","commune":"Ille-sur-Têt","code_insee":"66088","departement":"Pyrénées-Orientales","region":"Occitanie"}},{"type":"Feature","geometry":{"type":"Point","coordinates":[2.58135,42.66759]},"properties":{"latitude":"42.66759","longitude":"2.58135","bright_ti4":"311.56","scan":"0.59","track":"0.7","acq_date":"2026-07-05","acq_time":"306","satellite":"N","instrument":"VIIRS","confidence":"n","version":"2.0NRT","bright_ti5":"293.31","frp":"2.95","daynight":"N","commune":"Ille-sur-Têt","code_insee":"66088","departement":"Pyrénées-Orientales","region":"Occitanie"}},{"type":"Feature","geometry":{"type":"Point","coordinates":[2.58391,42.6679]},"properties":{"latitude":"42.6679","longitude":"2.58391","bright_ti4":"328.06","scan":"0.6","track":"0.7","acq_date":"2026-07-05","acq_time":"306","satellite":"N","instrument":"VIIRS","confidence":"n","version":"2.0NRT","bright_ti5":"294.34","frp":"3.95","daynight":"N","commune":"Ille-sur-Têt","code_insee":"66088","departement":"Pyrénées-Orientales","region":"Occitanie"}},{"type":"Feature","geometry":{"type":"Point","coordinates":[2.59194,42.67133]},"properties":{"latitude":"42.67133","longitude":"2.59194","bright_ti4":"353.27","scan":"0.6","track":"0.7","acq_date":"2026-07-05","acq_time":"306","satellite":"N","instrument":"VIIRS","confidence":"n","version":"2.0NRT","bright_ti5":"295.25","frp":"7.06","daynight":"N","commune":"Ille-sur-Têt","code_insee":"66088","departement":"Pyrénées-Orientales","region":"Occitanie"}},{"type":"Feature","geometry":{"type":"Point","coordinates":[2.59489,42.67155]},"properties":{"latitude":"42.67155","longitude":"2.59489","bright_ti4":"348.5","scan":"0.6","track":"0.7","acq_date":"2026-07-05","acq_time":"306","satellite":"N","instrument":"VIIRS","confidence":"n","version":"2.0NRT","bright_ti5":"295.04","frp":"4.87","daynight":"N","commune":"Ille-sur-Têt","code_insee":"66088","departement":"Pyrénées-Orientales","region":"Occitanie"}},{"type":"Feature","geometry":{"type":"Point","coordinates":[2.56462,42.67317]},"properties":{"latitude":"42.67317","longitude":"2.56462","bright_ti4":"308.06","scan":"0.59","track":"0.7","acq_date":"2026-07-05","acq_time":"306","satellite":"N","instrument":"VIIRS","confidence":"n","version":"2.0NRT","bright_ti5":"293.75","frp":"1.38","daynight":"N","commune":"Ille-sur-Têt","code_insee":"66088","departement":"Pyrénées-Orientales","region":"Occitanie"}},{"type":"Feature","geometry":{"type":"Point","coordinates":[2.56759,42.67323]},"properties":{"latitude":"42.67323","longitude":"2.56759","bright_ti4":"306.78","scan":"0.59","track":"0.7","acq_date":"2026-07-05","acq_time":"306","satellite":"N","instrument":"VIIRS","confidence":"n","version":"2.0NRT","bright_ti5":"293.98","frp":"3.46","daynight":"N","commune":"Ille-sur-Têt","code_insee":"66088","departement":"Pyrénées-Orientales","region":"Occitanie"}},{"type":"Feature","geometry":{"type":"Point","coordinates":[2.58377,42.67405]},"properties":{"latitude":"42.67405","longitude":"2.58377","bright_ti4":"328.29","scan":"0.59","track":"0.7","acq_date":"2026-07-05","acq_time":"306","satellite":"N","instrument":"VIIRS","confidence":"n","version":"2.0NRT","bright_ti5":"295.79","frp":"4.32","daynight":"N","commune":"Ille-sur-Têt","code_insee":"66088","departement":"Pyrénées-Orientales","region":"Occitanie"}},{"type":"Feature","geometry":{"type":"Point","coordinates":[2.58632,42.67434]},"properties":{"latitude":"42.67434","longitude":"2.58632","bright_ti4":"333.5","scan":"0.6","track":"0.7","acq_date":"2026-07-05","acq_time":"306","satellite":"N","instrument":"VIIRS","confidence":"n","version":"2.0NRT","bright_ti5":"295.44","frp":"4.87","daynight":"N","commune":"Ille-sur-Têt","code_insee":"66088","departement":"Pyrénées-Orientales","region":"Occitanie"}},{"type":"Feature","geometry":{"type":"Point","coordinates":[2.55673,42.67579]},"properties":{"latitude":"42.67579","longitude":"2.55673","bright_ti4":"308.64","scan":"0.59","track":"0.7","acq_date":"2026-07-05","acq_time":"306","satellite":"N","instrument":"VIIRS","confidence":"n","version":"2.0NRT","bright_ti5":"292.53","frp":"1.38","daynight":"N","commune":"Rodès","code_insee":"66165","departement":"Pyrénées-Orientales","region":"Occitanie"}},{"type":"Feature","geometry":{"type":"Point","coordinates":[2.5594,42.6759]},"properties":{"latitude":"42.6759","longitude":"2.5594","bright_ti4":"311.44","scan":"0.59","track":"0.7","acq_date":"2026-07-05","acq_time":"306","satellite":"N","instrument":"VIIRS","confidence":"n","version":"2.0NRT","bright_ti5":"293","frp":"1.59","daynight":"N","commune":"Rodès","code_insee":"66165","departement":"Pyrénées-Orientales","region":"Occitanie"}},{"type":"Feature","geometry":{"type":"Point","coordinates":[2.59478,42.67764]},"properties":{"latitude":"42.67764","longitude":"2.59478","bright_ti4":"332.41","scan":"0.6","track":"0.7","acq_date":"2026-07-05","acq_time":"306","satellite":"N","instrument":"VIIRS","confidence":"n","version":"2.0NRT","bright_ti5":"294.72","frp":"7.06","daynight":"N","commune":"Ille-sur-Têt","code_insee":"66088","departement":"Pyrénées-Orientales","region":"Occitanie"}},{"type":"Feature","geometry":{"type":"Point","coordinates":[2.59783,42.67782]},"properties":{"latitude":"42.67782","longitude":"2.59783","bright_ti4":"328.57","scan":"0.6","track":"0.7","acq_date":"2026-07-05","acq_time":"306","satellite":"N","instrument":"VIIRS","confidence":"n","version":"2.0NRT","bright_ti5":"294.89","frp":"4.87","daynight":"N","commune":"Ille-sur-Têt","code_insee":"66088","departement":"Pyrénées-Orientales","region":"Occitanie"}},{"type":"Feature","geometry":{"type":"Point","coordinates":[2.55172,42.67841]},"properties":{"latitude":"42.67841","longitude":"2.55172","bright_ti4":"302.28","scan":"0.59","track":"0.7","acq_date":"2026-07-05","acq_time":"306","satellite":"N","instrument":"VIIRS","confidence":"n","version":"2.0NRT","bright_ti5":"292.25","frp":"1.59","daynight":"N","commune":"Rodès","code_insee":"66165","departement":"Pyrénées-Orientales","region":"Occitanie"}},{"type":"Feature","geometry":{"type":"Point","coordinates":[2.58638,42.68044]},"properties":{"latitude":"42.68044","longitude":"2.58638","bright_ti4":"304.55","scan":"0.59","track":"0.7","acq_date":"2026-07-05","acq_time":"306","satellite":"N","instrument":"VIIRS","confidence":"n","version":"2.0NRT","bright_ti5":"293.15","frp":"4.32","daynight":"N","commune":"Ille-sur-Têt","code_insee":"66088","departement":"Pyrénées-Orientales","region":"Occitanie"}},{"type":"Feature","geometry":{"type":"Point","coordinates":[2.58917,42.68064]},"properties":{"latitude":"42.68064","longitude":"2.58917","bright_ti4":"320.16","scan":"0.6","track":"0.7","acq_date":"2026-07-05","acq_time":"306","satellite":"N","instrument":"VIIRS","confidence":"n","version":"2.0NRT","bright_ti5":"293.78","frp":"4.87","daynight":"N","commune":"Ille-sur-Têt","code_insee":"66088","departement":"Pyrénées-Orientales","region":"Occitanie"}},{"type":"Feature","geometry":{"type":"Point","coordinates":[2.57898,42.68289]},"properties":{"latitude":"42.68289","longitude":"2.57898","bright_ti4":"303.16","scan":"0.59","track":"0.7","acq_date":"2026-07-05","acq_time":"306","satellite":"N","instrument":"VIIRS","confidence":"n","version":"2.0NRT","bright_ti5":"292.6","frp":"4.32","daynight":"N","commune":"Ille-sur-Têt","code_insee":"66088","departement":"Pyrénées-Orientales","region":"Occitanie"}},{"type":"Feature","geometry":{"type":"Point","coordinates":[2.58151,42.68315]},"properties":{"latitude":"42.68315","longitude":"2.58151","bright_ti4":"303.37","scan":"0.59","track":"0.7","acq_date":"2026-07-05","acq_time":"306","satellite":"N","instrument":"VIIRS","confidence":"n","version":"2.0NRT","bright_ti5":"293.09","frp":"3.47","daynight":"N","commune":"Ille-sur-Têt","code_insee":"66088","departement":"Pyrénées-Orientales","region":"Occitanie"}},{"type":"Feature","geometry":{"type":"Point","coordinates":[2.59793,42.68385]},"properties":{"latitude":"42.68385","longitude":"2.59793","bright_ti4":"317.75","scan":"0.6","track":"0.7","acq_date":"2026-07-05","acq_time":"306","satellite":"N","instrument":"VIIRS","confidence":"n","version":"2.0NRT","bright_ti5":"293.32","frp":"1.94","daynight":"N","commune":"Ille-sur-Têt","code_insee":"66088","departement":"Pyrénées-Orientales","region":"Occitanie"}},{"type":"Feature","geometry":{"type":"Point","coordinates":[2.57139,42.68541]},"properties":{"latitude":"42.68541","longitude":"2.57139","bright_ti4":"313.29","scan":"0.59","track":"0.7","acq_date":"2026-07-05","acq_time":"306","satellite":"N","instrument":"VIIRS","confidence":"n","version":"2.0NRT","bright_ti5":"292.9","frp":"3.38","daynight":"N","commune":"Montalba-le-Château","code_insee":"66111","departement":"Pyrénées-Orientales","region":"Occitanie"}},{"type":"Feature","geometry":{"type":"Point","coordinates":[2.57396,42.68561]},"properties":{"latitude":"42.68561","longitude":"2.57396","bright_ti4":"310.86","scan":"0.59","track":"0.7","acq_date":"2026-07-05","acq_time":"306","satellite":"N","instrument":"VIIRS","confidence":"n","version":"2.0NRT","bright_ti5":"292.98","frp":"3.47","daynight":"N","commune":"Montalba-le-Château","code_insee":"66111","departement":"Pyrénées-Orientales","region":"Occitanie"}},{"type":"Feature","geometry":{"type":"Point","coordinates":[2.54552,42.68677]},"properties":{"latitude":"42.68677","longitude":"2.54552","bright_ti4":"306.73","scan":"0.59","track":"0.7","acq_date":"2026-07-05","acq_time":"306","satellite":"N","instrument":"VIIRS","confidence":"n","version":"2.0NRT","bright_ti5":"291.65","frp":"3.69","daynight":"N","commune":"Montalba-le-Château","code_insee":"66111","departement":"Pyrénées-Orientales","region":"Occitanie"}},{"type":"Feature","geometry":{"type":"Point","coordinates":[2.54798,42.68686]},"properties":{"latitude":"42.68686","longitude":"2.54798","bright_ti4":"307.66","scan":"0.59","track":"0.7","acq_date":"2026-07-05","acq_time":"306","satellite":"N","instrument":"VIIRS","confidence":"n","version":"2.0NRT","bright_ti5":"291.89","frp":"2.01","daynight":"N","commune":"Montalba-le-Château","code_insee":"66111","departement":"Pyrénées-Orientales","region":"Occitanie"}},{"type":"Feature","geometry":{"type":"Point","coordinates":[2.56374,42.68795]},"properties":{"latitude":"42.68795","longitude":"2.56374","bright_ti4":"329.14","scan":"0.59","track":"0.7","acq_date":"2026-07-05","acq_time":"306","satellite":"N","instrument":"VIIRS","confidence":"n","version":"2.0NRT","bright_ti5":"292.56","frp":"3.38","daynight":"N","commune":"Montalba-le-Château","code_insee":"66111","departement":"Pyrénées-Orientales","region":"Occitanie"}},{"type":"Feature","geometry":{"type":"Point","coordinates":[2.56633,42.6881]},"properties":{"latitude":"42.6881","longitude":"2.56633","bright_ti4":"337.62","scan":"0.59","track":"0.7","acq_date":"2026-07-05","acq_time":"306","satellite":"N","instrument":"VIIRS","confidence":"n","version":"2.0NRT","bright_ti5":"293.46","frp":"4.27","daynight":"N","commune":"Montalba-le-Château","code_insee":"66111","departement":"Pyrénées-Orientales","region":"Occitanie"}},{"type":"Feature","geometry":{"type":"Point","coordinates":[2.53796,42.68928]},"properties":{"latitude":"42.68928","longitude":"2.53796","bright_ti4":"301.51","scan":"0.59","track":"0.7","acq_date":"2026-07-05","acq_time":"306","satellite":"N","instrument":"VIIRS","confidence":"n","version":"2.0NRT","bright_ti5":"291.23","frp":"1.02","daynight":"N","commune":"Montalba-le-Château","code_insee":"66111","departement":"Pyrénées-Orientales","region":"Occitanie"}},{"type":"Feature","geometry":{"type":"Point","coordinates":[2.55878,42.69056]},"properties":{"latitude":"42.69056","longitude":"2.55878","bright_ti4":"306.73","scan":"0.59","track":"0.7","acq_date":"2026-07-05","acq_time":"306","satellite":"N","instrument":"VIIRS","confidence":"n","version":"2.0NRT","bright_ti5":"291.26","frp":"4.27","daynight":"N","commune":"Montalba-le-Château","code_insee":"66111","departement":"Pyrénées-Orientales","region":"Occitanie"}},{"type":"Feature","geometry":{"type":"Point","coordinates":[2.53045,42.69178]},"properties":{"latitude":"42.69178","longitude":"2.53045","bright_ti4":"313.33","scan":"0.59","track":"0.7","acq_date":"2026-07-05","acq_time":"306","satellite":"N","instrument":"VIIRS","confidence":"n","version":"2.0NRT","bright_ti5":"291.7","frp":"1.02","daynight":"N","commune":"Rodès","code_insee":"66165","departement":"Pyrénées-Orientales","region":"Occitanie"}},{"type":"Feature","geometry":{"type":"Point","coordinates":[2.53283,42.6918]},"properties":{"latitude":"42.6918","longitude":"2.53283","bright_ti4":"308.38","scan":"0.59","track":"0.7","acq_date":"2026-07-05","acq_time":"306","satellite":"N","instrument":"VIIRS","confidence":"n","version":"2.0NRT","bright_ti5":"291.33","frp":"1.17","daynight":"N","commune":"Montalba-le-Château","code_insee":"66111","departement":"Pyrénées-Orientales","region":"Occitanie"}},{"type":"Feature","geometry":{"type":"Point","coordinates":[2.56717,42.69406]},"properties":{"latitude":"42.69406","longitude":"2.56717","bright_ti4":"314.51","scan":"0.59","track":"0.7","acq_date":"2026-07-05","acq_time":"306","satellite":"N","instrument":"VIIRS","confidence":"n","version":"2.0NRT","bright_ti5":"291.46","frp":"1.56","daynight":"N","commune":"Montalba-le-Château","code_insee":"66111","departement":"Pyrénées-Orientales","region":"Occitanie"}},{"type":"Feature","geometry":{"type":"Point","coordinates":[2.52546,42.6942]},"properties":{"latitude":"42.6942","longitude":"2.52546","bright_ti4":"307.03","scan":"0.59","track":"0.7","acq_date":"2026-07-05","acq_time":"306","satellite":"N","instrument":"VIIRS","confidence":"n","version":"2.0NRT","bright_ti5":"291.11","frp":"1.17","daynight":"N","commune":"Rodès","code_insee":"66165","departement":"Pyrénées-Orientales","region":"Occitanie"}},{"type":"Feature","geometry":{"type":"Point","coordinates":[0.98861,43.18788]},"properties":{"latitude":"43.18788","longitude":"0.98861","bright_ti4":"301.63","scan":"0.49","track":"0.65","acq_date":"2026-07-05","acq_time":"306","satellite":"N","instrument":"VIIRS","confidence":"n","version":"2.0NRT","bright_ti5":"289.42","frp":"0.66","daynight":"N","commune":"Martres-Tolosane","code_insee":"31324","departement":"Haute-Garonne","region":"Occitanie"}},{"type":"Feature","geometry":{"type":"Point","coordinates":[4.87599,43.44207]},"properties":{"latitude":"43.44207","longitude":"4.87599","bright_ti4":"314.56","scan":"0.71","track":"0.75","acq_date":"2026-07-05","acq_time":"306","satellite":"N","instrument":"VIIRS","confidence":"n","version":"2.0NRT","bright_ti5":"290.75","frp":"2.15","daynight":"N","commune":"Fos-sur-Mer","code_insee":"13039","departement":"Bouches-du-Rhône","region":"Provence-Alpes-Côte d'Azur"}},{"type":"Feature","geometry":{"type":"Point","coordinates":[4.88028,43.44843]},"properties":{"latitude":"43.44843","longitude":"4.88028","bright_ti4":"313.23","scan":"0.71","track":"0.75","acq_date":"2026-07-05","acq_time":"306","satellite":"N","instrument":"VIIRS","confidence":"n","version":"2.0NRT","bright_ti5":"291.34","frp":"2.15","daynight":"N","commune":"Fos-sur-Mer","code_insee":"13039","departement":"Bouches-du-Rhône","region":"Provence-Alpes-Côte d'Azur"}},{"type":"Feature","geometry":{"type":"Point","coordinates":[4.93625,48.24496]},"properties":{"latitude":"48.24496","longitude":"4.93625","bright_ti4":"326.85","scan":"0.71","track":"0.75","acq_date":"2026-07-05","acq_time":"1110","satellite":"N","instrument":"VIIRS","confidence":"n","version":"2.0NRT","bright_ti5":"292.52","frp":"5.04","daynight":"D","commune":"Colombey les Deux Églises","code_insee":"52140","departement":"Haute-Marne","region":"Grand Est"}},{"type":"Feature","geometry":{"type":"Point","coordinates":[2.55949,42.66025]},"properties":{"latitude":"42.66025","longitude":"2.55949","bright_ti4":"367","scan":"0.39","track":"0.36","acq_date":"2026-07-05","acq_time":"1251","satellite":"N","instrument":"VIIRS","confidence":"l","version":"2.0NRT","bright_ti5":"330.04","frp":"44.2","daynight":"D","commune":"Rodès","code_insee":"66165","departement":"Pyrénées-Orientales","region":"Occitanie"}},{"type":"Feature","geometry":{"type":"Point","coordinates":[2.55391,42.66279]},"properties":{"latitude":"42.66279","longitude":"2.55391","bright_ti4":"352.21","scan":"0.39","track":"0.36","acq_date":"2026-07-05","acq_time":"1251","satellite":"N","instrument":"VIIRS","confidence":"n","version":"2.0NRT","bright_ti5":"326.51","frp":"51.22","daynight":"D","commune":"Rodès","code_insee":"66165","departement":"Pyrénées-Orientales","region":"Occitanie"}},{"type":"Feature","geometry":{"type":"Point","coordinates":[2.57808,42.66323]},"properties":{"latitude":"42.66323","longitude":"2.57808","bright_ti4":"355.83","scan":"0.39","track":"0.36","acq_date":"2026-07-05","acq_time":"1251","satellite":"N","instrument":"VIIRS","confidence":"n","version":"2.0NRT","bright_ti5":"323.05","frp":"51.12","daynight":"D","commune":"Ille-sur-Têt","code_insee":"66088","departement":"Pyrénées-Orientales","region":"Occitanie"}},{"type":"Feature","geometry":{"type":"Point","coordinates":[2.58273,42.66397]},"properties":{"latitude":"42.66397","longitude":"2.58273","bright_ti4":"353.05","scan":"0.39","track":"0.36","acq_date":"2026-07-05","acq_time":"1251","satellite":"N","instrument":"VIIRS","confidence":"l","version":"2.0NRT","bright_ti5":"330.36","frp":"51.12","daynight":"D","commune":"Ille-sur-Têt","code_insee":"66088","departement":"Pyrénées-Orientales","region":"Occitanie"}},{"type":"Feature","geometry":{"type":"Point","coordinates":[2.57249,42.66578]},"properties":{"latitude":"42.66578","longitude":"2.57249","bright_ti4":"367","scan":"0.39","track":"0.36","acq_date":"2026-07-05","acq_time":"1251","satellite":"N","instrument":"VIIRS","confidence":"l","version":"2.0NRT","bright_ti5":"341.59","frp":"52.35","daynight":"D","commune":"Ille-sur-Têt","code_insee":"66088","departement":"Pyrénées-Orientales","region":"Occitanie"}},{"type":"Feature","geometry":{"type":"Point","coordinates":[2.55298,42.66608]},"properties":{"latitude":"42.66608","longitude":"2.55298","bright_ti4":"367","scan":"0.39","track":"0.36","acq_date":"2026-07-05","acq_time":"1251","satellite":"N","instrument":"VIIRS","confidence":"h","version":"2.0NRT","bright_ti5":"339.96","frp":"51.22","daynight":"D","commune":"Rodès","code_insee":"66165","departement":"Pyrénées-Orientales","region":"Occitanie"}},{"type":"Feature","geometry":{"type":"Point","coordinates":[2.57714,42.66652]},"properties":{"latitude":"42.66652","longitude":"2.57714","bright_ti4":"367","scan":"0.39","track":"0.36","acq_date":"2026-07-05","acq_time":"1251","satellite":"N","instrument":"VIIRS","confidence":"l","version":"2.0NRT","bright_ti5":"330.27","frp":"42.75","daynight":"D","commune":"Ille-sur-Têt","code_insee":"66088","departement":"Pyrénées-Orientales","region":"Occitanie"}},{"type":"Feature","geometry":{"type":"Point","coordinates":[2.58179,42.66726]},"properties":{"latitude":"42.66726","longitude":"2.58179","bright_ti4":"367","scan":"0.39","track":"0.36","acq_date":"2026-07-05","acq_time":"1251","satellite":"N","instrument":"VIIRS","confidence":"l","version":"2.0NRT","bright_ti5":"345.87","frp":"42.75","daynight":"D","commune":"Ille-sur-Têt","code_insee":"66088","departement":"Pyrénées-Orientales","region":"Occitanie"}},{"type":"Feature","geometry":{"type":"Point","coordinates":[2.54943,42.66809]},"properties":{"latitude":"42.66809","longitude":"2.54943","bright_ti4":"367","scan":"0.39","track":"0.36","acq_date":"2026-07-05","acq_time":"1251","satellite":"N","instrument":"VIIRS","confidence":"l","version":"2.0NRT","bright_ti5":"331.95","frp":"218.27","daynight":"D","commune":"Rodès","code_insee":"66165","departement":"Pyrénées-Orientales","region":"Occitanie"}},{"type":"Feature","geometry":{"type":"Point","coordinates":[2.57154,42.66906]},"properties":{"latitude":"42.66906","longitude":"2.57154","bright_ti4":"353.18","scan":"0.39","track":"0.36","acq_date":"2026-07-05","acq_time":"1251","satellite":"N","instrument":"VIIRS","confidence":"n","version":"2.0NRT","bright_ti5":"316.71","frp":"52.35","daynight":"D","commune":"Ille-sur-Têt","code_insee":"66088","departement":"Pyrénées-Orientales","region":"Occitanie"}},{"type":"Feature","geometry":{"type":"Point","coordinates":[2.5762,42.66981]},"properties":{"latitude":"42.66981","longitude":"2.5762","bright_ti4":"352.66","scan":"0.39","track":"0.36","acq_date":"2026-07-05","acq_time":"1251","satellite":"N","instrument":"VIIRS","confidence":"n","version":"2.0NRT","bright_ti5":"321.63","frp":"42.75","daynight":"D","commune":"Ille-sur-Têt","code_insee":"66088","departement":"Pyrénées-Orientales","region":"Occitanie"}},{"type":"Feature","geometry":{"type":"Point","coordinates":[2.54849,42.67138]},"properties":{"latitude":"42.67138","longitude":"2.54849","bright_ti4":"367","scan":"0.39","track":"0.36","acq_date":"2026-07-05","acq_time":"1251","satellite":"N","instrument":"VIIRS","confidence":"h","version":"2.0NRT","bright_ti5":"376.64","frp":"218.27","daynight":"D","commune":"Rodès","code_insee":"66165","departement":"Pyrénées-Orientales","region":"Occitanie"}},{"type":"Feature","geometry":{"type":"Point","coordinates":[2.54288,42.67392]},"properties":{"latitude":"42.67392","longitude":"2.54288","bright_ti4":"367","scan":"0.39","track":"0.36","acq_date":"2026-07-05","acq_time":"1251","satellite":"N","instrument":"VIIRS","confidence":"h","version":"2.0NRT","bright_ti5":"347.57","frp":"129.91","daynight":"D","commune":"Rodès","code_insee":"66165","departement":"Pyrénées-Orientales","region":"Occitanie"}},{"type":"Feature","geometry":{"type":"Point","coordinates":[2.54753,42.67467]},"properties":{"latitude":"42.67467","longitude":"2.54753","bright_ti4":"367","scan":"0.39","track":"0.36","acq_date":"2026-07-05","acq_time":"1251","satellite":"N","instrument":"VIIRS","confidence":"h","version":"2.0NRT","bright_ti5":"350.09","frp":"119.11","daynight":"D","commune":"Rodès","code_insee":"66165","departement":"Pyrénées-Orientales","region":"Occitanie"}},{"type":"Feature","geometry":{"type":"Point","coordinates":[2.60521,42.67702]},"properties":{"latitude":"42.67702","longitude":"2.60521","bright_ti4":"344.78","scan":"0.39","track":"0.36","acq_date":"2026-07-05","acq_time":"1251","satellite":"N","instrument":"VIIRS","confidence":"n","version":"2.0NRT","bright_ti5":"316.45","frp":"34.62","daynight":"D","commune":"Ille-sur-Têt","code_insee":"66088","departement":"Pyrénées-Orientales","region":"Occitanie"}},{"type":"Feature","geometry":{"type":"Point","coordinates":[2.54191,42.67721]},"properties":{"latitude":"42.67721","longitude":"2.54191","bright_ti4":"367","scan":"0.39","track":"0.36","acq_date":"2026-07-05","acq_time":"1251","satellite":"N","instrument":"VIIRS","confidence":"h","version":"2.0NRT","bright_ti5":"340.43","frp":"129.91","daynight":"D","commune":"Rodès","code_insee":"66165","departement":"Pyrénées-Orientales","region":"Occitanie"}},{"type":"Feature","geometry":{"type":"Point","coordinates":[2.60985,42.67777]},"properties":{"latitude":"42.67777","longitude":"2.60985","bright_ti4":"348.24","scan":"0.39","track":"0.36","acq_date":"2026-07-05","acq_time":"1251","satellite":"N","instrument":"VIIRS","confidence":"n","version":"2.0NRT","bright_ti5":"318.93","frp":"34.62","daynight":"D","commune":"Ille-sur-Têt","code_insee":"66088","departement":"Pyrénées-Orientales","region":"Occitanie"}},{"type":"Feature","geometry":{"type":"Point","coordinates":[2.54656,42.67795]},"properties":{"latitude":"42.67795","longitude":"2.54656","bright_ti4":"355.44","scan":"0.39","track":"0.36","acq_date":"2026-07-05","acq_time":"1251","satellite":"N","instrument":"VIIRS","confidence":"n","version":"2.0NRT","bright_ti5":"320.12","frp":"119.11","daynight":"D","commune":"Rodès","code_insee":"66165","departement":"Pyrénées-Orientales","region":"Occitanie"}},{"type":"Feature","geometry":{"type":"Point","coordinates":[2.53629,42.67975]},"properties":{"latitude":"42.67975","longitude":"2.53629","bright_ti4":"367","scan":"0.39","track":"0.36","acq_date":"2026-07-05","acq_time":"1251","satellite":"N","instrument":"VIIRS","confidence":"h","version":"2.0NRT","bright_ti5":"333.01","frp":"83.16","daynight":"D","commune":"Rodès","code_insee":"66165","departement":"Pyrénées-Orientales","region":"Occitanie"}},{"type":"Feature","geometry":{"type":"Point","coordinates":[2.60427,42.68032]},"properties":{"latitude":"42.68032","longitude":"2.60427","bright_ti4":"367","scan":"0.39","track":"0.36","acq_date":"2026-07-05","acq_time":"1251","satellite":"N","instrument":"VIIRS","confidence":"h","version":"2.0NRT","bright_ti5":"342.62","frp":"34.62","daynight":"D","commune":"Ille-sur-Têt","code_insee":"66088","departement":"Pyrénées-Orientales","region":"Occitanie"}},{"type":"Feature","geometry":{"type":"Point","coordinates":[2.54095,42.6805]},"properties":{"latitude":"42.6805","longitude":"2.54095","bright_ti4":"367","scan":"0.39","track":"0.36","acq_date":"2026-07-05","acq_time":"1251","satellite":"N","instrument":"VIIRS","confidence":"l","version":"2.0NRT","bright_ti5":"332.61","frp":"83.16","daynight":"D","commune":"Rodès","code_insee":"66165","departement":"Pyrénées-Orientales","region":"Occitanie"}},{"type":"Feature","geometry":{"type":"Point","coordinates":[2.60891,42.68106]},"properties":{"latitude":"42.68106","longitude":"2.60891","bright_ti4":"367","scan":"0.39","track":"0.36","acq_date":"2026-07-05","acq_time":"1251","satellite":"N","instrument":"VIIRS","confidence":"l","version":"2.0NRT","bright_ti5":"334","frp":"34.62","daynight":"D","commune":"Ille-sur-Têt","code_insee":"66088","departement":"Pyrénées-Orientales","region":"Occitanie"}},{"type":"Feature","geometry":{"type":"Point","coordinates":[2.5456,42.68124]},"properties":{"latitude":"42.68124","longitude":"2.5456","bright_ti4":"367","scan":"0.39","track":"0.36","acq_date":"2026-07-05","acq_time":"1251","satellite":"N","instrument":"VIIRS","confidence":"l","version":"2.0NRT","bright_ti5":"326.98","frp":"21.77","daynight":"D","commune":"Rodès","code_insee":"66165","departement":"Pyrénées-Orientales","region":"Occitanie"}},{"type":"Feature","geometry":{"type":"Point","coordinates":[2.55024,42.68198]},"properties":{"latitude":"42.68198","longitude":"2.55024","bright_ti4":"356.95","scan":"0.39","track":"0.36","acq_date":"2026-07-05","acq_time":"1251","satellite":"N","instrument":"VIIRS","confidence":"n","version":"2.0NRT","bright_ti5":"326.1","frp":"21.77","daynight":"D","commune":"Montalba-le-Château","code_insee":"66111","departement":"Pyrénées-Orientales","region":"Occitanie"}},{"type":"Feature","geometry":{"type":"Point","coordinates":[2.59404,42.68213]},"properties":{"latitude":"42.68213","longitude":"2.59404","bright_ti4":"367","scan":"0.39","track":"0.36","acq_date":"2026-07-05","acq_time":"1251","satellite":"N","instrument":"VIIRS","confidence":"l","version":"2.0NRT","bright_ti5":"343.26","frp":"57.98","daynight":"D","commune":"Ille-sur-Têt","code_insee":"66088","departement":"Pyrénées-Orientales","region":"Occitanie"}},{"type":"Feature","geometry":{"type":"Point","coordinates":[2.59868,42.68287]},"properties":{"latitude":"42.68287","longitude":"2.59868","bright_ti4":"367","scan":"0.39","track":"0.36","acq_date":"2026-07-05","acq_time":"1251","satellite":"N","instrument":"VIIRS","confidence":"h","version":"2.0NRT","bright_ti5":"352.36","frp":"57.98","daynight":"D","commune":"Ille-sur-Têt","code_insee":"66088","departement":"Pyrénées-Orientales","region":"Occitanie"}},{"type":"Feature","geometry":{"type":"Point","coordinates":[2.53532,42.68303]},"properties":{"latitude":"42.68303","longitude":"2.53532","bright_ti4":"367","scan":"0.39","track":"0.36","acq_date":"2026-07-05","acq_time":"1251","satellite":"N","instrument":"VIIRS","confidence":"h","version":"2.0NRT","bright_ti5":"353.65","frp":"83.16","daynight":"D","commune":"Rodès","code_insee":"66165","departement":"Pyrénées-Orientales","region":"Occitanie"}},{"type":"Feature","geometry":{"type":"Point","coordinates":[2.60333,42.68361]},"properties":{"latitude":"42.68361","longitude":"2.60333","bright_ti4":"367","scan":"0.39","track":"0.36","acq_date":"2026-07-05","acq_time":"1251","satellite":"N","instrument":"VIIRS","confidence":"h","version":"2.0NRT","bright_ti5":"348.79","frp":"121.28","daynight":"D","commune":"Ille-sur-Têt","code_insee":"66088","departement":"Pyrénées-Orientales","region":"Occitanie"}},{"type":"Feature","geometry":{"type":"Point","coordinates":[2.54463,42.68452]},"properties":{"latitude":"42.68452","longitude":"2.54463","bright_ti4":"353.86","scan":"0.39","track":"0.36","acq_date":"2026-07-05","acq_time":"1251","satellite":"N","instrument":"VIIRS","confidence":"l","version":"2.0NRT","bright_ti5":"325.3","frp":"21.77","daynight":"D","commune":"Rodès","code_insee":"66165","departement":"Pyrénées-Orientales","region":"Occitanie"}},{"type":"Feature","geometry":{"type":"Point","coordinates":[2.5931,42.68541]},"properties":{"latitude":"42.68541","longitude":"2.5931","bright_ti4":"367","scan":"0.39","track":"0.36","acq_date":"2026-07-05","acq_time":"1251","satellite":"N","instrument":"VIIRS","confidence":"h","version":"2.0NRT","bright_ti5":"328.64","frp":"57.98","daynight":"D","commune":"Ille-sur-Têt","code_insee":"66088","departement":"Pyrénées-Orientales","region":"Occitanie"}},{"type":"Feature","geometry":{"type":"Point","coordinates":[2.5297,42.68557]},"properties":{"latitude":"42.68557","longitude":"2.5297","bright_ti4":"352.31","scan":"0.39","track":"0.36","acq_date":"2026-07-05","acq_time":"1251","satellite":"N","instrument":"VIIRS","confidence":"n","version":"2.0NRT","bright_ti5":"323.56","frp":"18.74","daynight":"D","commune":"Rodès","code_insee":"66165","departement":"Pyrénées-Orientales","region":"Occitanie"}},{"type":"Feature","geometry":{"type":"Point","coordinates":[2.59774,42.68616]},"properties":{"latitude":"42.68616","longitude":"2.59774","bright_ti4":"367","scan":"0.39","track":"0.36","acq_date":"2026-07-05","acq_time":"1251","satellite":"N","instrument":"VIIRS","confidence":"h","version":"2.0NRT","bright_ti5":"332.83","frp":"57.98","daynight":"D","commune":"Ille-sur-Têt","code_insee":"66088","departement":"Pyrénées-Orientales","region":"Occitanie"}},{"type":"Feature","geometry":{"type":"Point","coordinates":[2.52407,42.68811]},"properties":{"latitude":"42.68811","longitude":"2.52407","bright_ti4":"367","scan":"0.39","track":"0.36","acq_date":"2026-07-05","acq_time":"1251","satellite":"N","instrument":"VIIRS","confidence":"l","version":"2.0NRT","bright_ti5":"326.66","frp":"18.74","daynight":"D","commune":"Tarerach","code_insee":"66201","departement":"Pyrénées-Orientales","region":"Occitanie"}},{"type":"Feature","geometry":{"type":"Point","coordinates":[2.52874,42.68886]},"properties":{"latitude":"42.68886","longitude":"2.52874","bright_ti4":"356.45","scan":"0.39","track":"0.36","acq_date":"2026-07-05","acq_time":"1251","satellite":"N","instrument":"VIIRS","confidence":"n","version":"2.0NRT","bright_ti5":"330.01","frp":"18.74","daynight":"D","commune":"Rodès","code_insee":"66165","departement":"Pyrénées-Orientales","region":"Occitanie"}},{"type":"Feature","geometry":{"type":"Point","coordinates":[2.5334,42.68961]},"properties":{"latitude":"42.68961","longitude":"2.5334","bright_ti4":"355.88","scan":"0.39","track":"0.36","acq_date":"2026-07-05","acq_time":"1251","satellite":"N","instrument":"VIIRS","confidence":"l","version":"2.0NRT","bright_ti5":"327.96","frp":"22.76","daynight":"D","commune":"Rodès","code_insee":"66165","departement":"Pyrénées-Orientales","region":"Occitanie"}},{"type":"Feature","geometry":{"type":"Point","coordinates":[2.53805,42.69035]},"properties":{"latitude":"42.69035","longitude":"2.53805","bright_ti4":"367","scan":"0.39","track":"0.36","acq_date":"2026-07-05","acq_time":"1251","satellite":"N","instrument":"VIIRS","confidence":"l","version":"2.0NRT","bright_ti5":"325.33","frp":"22.76","daynight":"D","commune":"Montalba-le-Château","code_insee":"66111","departement":"Pyrénées-Orientales","region":"Occitanie"}},{"type":"Feature","geometry":{"type":"Point","coordinates":[2.52311,42.6914]},"properties":{"latitude":"42.6914","longitude":"2.52311","bright_ti4":"367","scan":"0.39","track":"0.36","acq_date":"2026-07-05","acq_time":"1251","satellite":"N","instrument":"VIIRS","confidence":"h","version":"2.0NRT","bright_ti5":"345.37","frp":"33.21","daynight":"D","commune":"Tarerach","code_insee":"66201","departement":"Pyrénées-Orientales","region":"Occitanie"}},{"type":"Feature","geometry":{"type":"Point","coordinates":[2.52777,42.69215]},"properties":{"latitude":"42.69215","longitude":"2.52777","bright_ti4":"354.54","scan":"0.39","track":"0.36","acq_date":"2026-07-05","acq_time":"1251","satellite":"N","instrument":"VIIRS","confidence":"l","version":"2.0NRT","bright_ti5":"331.66","frp":"33.21","daynight":"D","commune":"Rodès","code_insee":"66165","departement":"Pyrénées-Orientales","region":"Occitanie"}},{"type":"Feature","geometry":{"type":"Point","coordinates":[2.53243,42.6929]},"properties":{"latitude":"42.6929","longitude":"2.53243","bright_ti4":"367","scan":"0.39","track":"0.36","acq_date":"2026-07-05","acq_time":"1251","satellite":"N","instrument":"VIIRS","confidence":"l","version":"2.0NRT","bright_ti5":"326.49","frp":"14.46","daynight":"D","commune":"Montalba-le-Château","code_insee":"66111","departement":"Pyrénées-Orientales","region":"Occitanie"}},{"type":"Feature","geometry":{"type":"Point","coordinates":[2.52215,42.69469]},"properties":{"latitude":"42.69469","longitude":"2.52215","bright_ti4":"367","scan":"0.39","track":"0.36","acq_date":"2026-07-05","acq_time":"1251","satellite":"N","instrument":"VIIRS","confidence":"l","version":"2.0NRT","bright_ti5":"343.62","frp":"33.21","daynight":"D","commune":"Rodès","code_insee":"66165","departement":"Pyrénées-Orientales","region":"Occitanie"}},{"type":"Feature","geometry":{"type":"Point","coordinates":[2.52681,42.69543]},"properties":{"latitude":"42.69543","longitude":"2.52681","bright_ti4":"354.88","scan":"0.39","track":"0.36","acq_date":"2026-07-05","acq_time":"1251","satellite":"N","instrument":"VIIRS","confidence":"l","version":"2.0NRT","bright_ti5":"330.02","frp":"33.21","daynight":"D","commune":"Trévillach","code_insee":"66215","departement":"Pyrénées-Orientales","region":"Occitanie"}},{"type":"Feature","geometry":{"type":"Point","coordinates":[2.51653,42.69722]},"properties":{"latitude":"42.69722","longitude":"2.51653","bright_ti4":"313.31","scan":"0.39","track":"0.36","acq_date":"2026-07-05","acq_time":"1251","satellite":"N","instrument":"VIIRS","confidence":"l","version":"2.0NRT","bright_ti5":"322.53","frp":"29.16","daynight":"D","commune":"Tarerach","code_insee":"66201","departement":"Pyrénées-Orientales","region":"Occitanie"}},{"type":"Feature","geometry":{"type":"Point","coordinates":[2.5212,42.69797]},"properties":{"latitude":"42.69797","longitude":"2.5212","bright_ti4":"356.27","scan":"0.39","track":"0.36","acq_date":"2026-07-05","acq_time":"1251","satellite":"N","instrument":"VIIRS","confidence":"l","version":"2.0NRT","bright_ti5":"337.26","frp":"12.76","daynight":"D","commune":"Trévillach","code_insee":"66215","departement":"Pyrénées-Orientales","region":"Occitanie"}},{"type":"Feature","geometry":{"type":"Point","coordinates":[2.52585,42.69872]},"properties":{"latitude":"42.69872","longitude":"2.52585","bright_ti4":"351.13","scan":"0.39","track":"0.36","acq_date":"2026-07-05","acq_time":"1251","satellite":"N","instrument":"VIIRS","confidence":"l","version":"2.0NRT","bright_ti5":"327.47","frp":"12.76","daynight":"D","commune":"Trévillach","code_insee":"66215","departement":"Pyrénées-Orientales","region":"Occitanie"}},{"type":"Feature","geometry":{"type":"Point","coordinates":[2.53051,42.69947]},"properties":{"latitude":"42.69947","longitude":"2.53051","bright_ti4":"367","scan":"0.39","track":"0.36","acq_date":"2026-07-05","acq_time":"1251","satellite":"N","instrument":"VIIRS","confidence":"l","version":"2.0NRT","bright_ti5":"325.04","frp":"37.97","daynight":"D","commune":"Trévillach","code_insee":"66215","departement":"Pyrénées-Orientales","region":"Occitanie"}},{"type":"Feature","geometry":{"type":"Point","coordinates":[2.53517,42.70021]},"properties":{"latitude":"42.70021","longitude":"2.53517","bright_ti4":"367","scan":"0.39","track":"0.36","acq_date":"2026-07-05","acq_time":"1251","satellite":"N","instrument":"VIIRS","confidence":"h","version":"2.0NRT","bright_ti5":"345.51","frp":"37.97","daynight":"D","commune":"Trévillach","code_insee":"66215","departement":"Pyrénées-Orientales","region":"Occitanie"}},{"type":"Feature","geometry":{"type":"Point","coordinates":[2.52024,42.70126]},"properties":{"latitude":"42.70126","longitude":"2.52024","bright_ti4":"351.15","scan":"0.39","track":"0.36","acq_date":"2026-07-05","acq_time":"1251","satellite":"N","instrument":"VIIRS","confidence":"l","version":"2.0NRT","bright_ti5":"325.71","frp":"12.76","daynight":"D","commune":"Trévillach","code_insee":"66215","departement":"Pyrénées-Orientales","region":"Occitanie"}},{"type":"Feature","geometry":{"type":"Point","coordinates":[2.5249,42.70201]},"properties":{"latitude":"42.70201","longitude":"2.5249","bright_ti4":"367","scan":"0.39","track":"0.36","acq_date":"2026-07-05","acq_time":"1251","satellite":"N","instrument":"VIIRS","confidence":"l","version":"2.0NRT","bright_ti5":"325.13","frp":"12.76","daynight":"D","commune":"Trévillach","code_insee":"66215","departement":"Pyrénées-Orientales","region":"Occitanie"}},{"type":"Feature","geometry":{"type":"Point","coordinates":[4.8991,43.44686]},"properties":{"latitude":"43.44686","longitude":"4.8991","bright_ti4":"348.8","scan":"0.4","track":"0.37","acq_date":"2026-07-05","acq_time":"1251","satellite":"N","instrument":"VIIRS","confidence":"l","version":"2.0NRT","bright_ti5":"322.61","frp":"13.94","daynight":"D","commune":"Fos-sur-Mer","code_insee":"13039","departement":"Bouches-du-Rhône","region":"Provence-Alpes-Côte d'Azur"}},{"type":"Feature","geometry":{"type":"Point","coordinates":[4.49584,43.88361]},"properties":{"latitude":"43.88361","longitude":"4.49584","bright_ti4":"343.48","scan":"0.4","track":"0.37","acq_date":"2026-07-05","acq_time":"1251","satellite":"N","instrument":"VIIRS","confidence":"n","version":"2.0NRT","bright_ti5":"309.04","frp":"38.72","daynight":"D","commune":"Bezouce","code_insee":"30039","departement":"Gard","region":"Occitanie"}},{"type":"Feature","geometry":{"type":"Point","coordinates":[4.49001,43.88627]},"properties":{"latitude":"43.88627","longitude":"4.49001","bright_ti4":"344.48","scan":"0.4","track":"0.37","acq_date":"2026-07-05","acq_time":"1251","satellite":"N","instrument":"VIIRS","confidence":"n","version":"2.0NRT","bright_ti5":"310","frp":"6.78","daynight":"D","commune":"Bezouce","code_insee":"30039","departement":"Gard","region":"Occitanie"}},{"type":"Feature","geometry":{"type":"Point","coordinates":[4.49492,43.88695]},"properties":{"latitude":"43.88695","longitude":"4.49492","bright_ti4":"367","scan":"0.4","track":"0.37","acq_date":"2026-07-05","acq_time":"1251","satellite":"N","instrument":"VIIRS","confidence":"l","version":"2.0NRT","bright_ti5":"337.25","frp":"38.72","daynight":"D","commune":"Bezouce","code_insee":"30039","departement":"Gard","region":"Occitanie"}},{"type":"Feature","geometry":{"type":"Point","coordinates":[4.49984,43.88764]},"properties":{"latitude":"43.88764","longitude":"4.49984","bright_ti4":"367","scan":"0.4","track":"0.37","acq_date":"2026-07-05","acq_time":"1251","satellite":"N","instrument":"VIIRS","confidence":"l","version":"2.0NRT","bright_ti5":"329.56","frp":"38.72","daynight":"D","commune":"Bezouce","code_insee":"30039","departement":"Gard","region":"Occitanie"}},{"type":"Feature","geometry":{"type":"Point","coordinates":[4.4891,43.88961]},"properties":{"latitude":"43.88961","longitude":"4.4891","bright_ti4":"367","scan":"0.4","track":"0.37","acq_date":"2026-07-05","acq_time":"1251","satellite":"N","instrument":"VIIRS","confidence":"h","version":"2.0NRT","bright_ti5":"360.59","frp":"173.96","daynight":"D","commune":"Bezouce","code_insee":"30039","departement":"Gard","region":"Occitanie"}},{"type":"Feature","geometry":{"type":"Point","coordinates":[4.49401,43.89029]},"properties":{"latitude":"43.89029","longitude":"4.49401","bright_ti4":"367","scan":"0.4","track":"0.37","acq_date":"2026-07-05","acq_time":"1251","satellite":"N","instrument":"VIIRS","confidence":"h","version":"2.0NRT","bright_ti5":"345.77","frp":"118.8","daynight":"D","commune":"Bezouce","code_insee":"30039","departement":"Gard","region":"Occitanie"}},{"type":"Feature","geometry":{"type":"Point","coordinates":[4.49892,43.89098]},"properties":{"latitude":"43.89098","longitude":"4.49892","bright_ti4":"367","scan":"0.4","track":"0.37","acq_date":"2026-07-05","acq_time":"1251","satellite":"N","instrument":"VIIRS","confidence":"l","version":"2.0NRT","bright_ti5":"384.07","frp":"118.8","daynight":"D","commune":"Bezouce","code_insee":"30039","departement":"Gard","region":"Occitanie"}},{"type":"Feature","geometry":{"type":"Point","coordinates":[4.4882,43.89296]},"properties":{"latitude":"43.89296","longitude":"4.4882","bright_ti4":"367","scan":"0.4","track":"0.37","acq_date":"2026-07-05","acq_time":"1251","satellite":"N","instrument":"VIIRS","confidence":"h","version":"2.0NRT","bright_ti5":"364.25","frp":"173.96","daynight":"D","commune":"Cabrières","code_insee":"30057","departement":"Gard","region":"Occitanie"}},{"type":"Feature","geometry":{"type":"Point","coordinates":[4.4931,43.89363]},"properties":{"latitude":"43.89363","longitude":"4.4931","bright_ti4":"352.58","scan":"0.4","track":"0.37","acq_date":"2026-07-05","acq_time":"1251","satellite":"N","instrument":"VIIRS","confidence":"l","version":"2.0NRT","bright_ti5":"342.36","frp":"118.8","daynight":"D","commune":"Bezouce","code_insee":"30039","departement":"Gard","region":"Occitanie"}},{"type":"Feature","geometry":{"type":"Point","coordinates":[4.498,43.89432]},"properties":{"latitude":"43.89432","longitude":"4.498","bright_ti4":"367","scan":"0.4","track":"0.37","acq_date":"2026-07-05","acq_time":"1251","satellite":"N","instrument":"VIIRS","confidence":"h","version":"2.0NRT","bright_ti5":"362.07","frp":"118.8","daynight":"D","commune":"Bezouce","code_insee":"30039","departement":"Gard","region":"Occitanie"}},{"type":"Feature","geometry":{"type":"Point","coordinates":[4.50291,43.895]},"properties":{"latitude":"43.895","longitude":"4.50291","bright_ti4":"367","scan":"0.4","track":"0.37","acq_date":"2026-07-05","acq_time":"1251","satellite":"N","instrument":"VIIRS","confidence":"h","version":"2.0NRT","bright_ti5":"338.57","frp":"144.38","daynight":"D","commune":"Bezouce","code_insee":"30039","departement":"Gard","region":"Occitanie"}},{"type":"Feature","geometry":{"type":"Point","coordinates":[4.48731,43.89629]},"properties":{"latitude":"43.89629","longitude":"4.48731","bright_ti4":"367","scan":"0.4","track":"0.37","acq_date":"2026-07-05","acq_time":"1251","satellite":"N","instrument":"VIIRS","confidence":"h","version":"2.0NRT","bright_ti5":"363.66","frp":"150.56","daynight":"D","commune":"Cabrières","code_insee":"30057","departement":"Gard","region":"Occitanie"}},{"type":"Feature","geometry":{"type":"Point","coordinates":[4.49219,43.89698]},"properties":{"latitude":"43.89698","longitude":"4.49219","bright_ti4":"367","scan":"0.4","track":"0.37","acq_date":"2026-07-05","acq_time":"1251","satellite":"N","instrument":"VIIRS","confidence":"h","version":"2.0NRT","bright_ti5":"370.7","frp":"96.42","daynight":"D","commune":"Bezouce","code_insee":"30039","departement":"Gard","region":"Occitanie"}},{"type":"Feature","geometry":{"type":"Point","coordinates":[4.49709,43.89766]},"properties":{"latitude":"43.89766","longitude":"4.49709","bright_ti4":"367","scan":"0.4","track":"0.37","acq_date":"2026-07-05","acq_time":"1251","satellite":"N","instrument":"VIIRS","confidence":"h","version":"2.0NRT","bright_ti5":"351.39","frp":"96.42","daynight":"D","commune":"Bezouce","code_insee":"30039","departement":"Gard","region":"Occitanie"}},{"type":"Feature","geometry":{"type":"Point","coordinates":[4.50201,43.89834]},"properties":{"latitude":"43.89834","longitude":"4.50201","bright_ti4":"367","scan":"0.4","track":"0.37","acq_date":"2026-07-05","acq_time":"1251","satellite":"N","instrument":"VIIRS","confidence":"h","version":"2.0NRT","bright_ti5":"358.5","frp":"139.16","daynight":"D","commune":"Lédenon","code_insee":"30145","departement":"Gard","region":"Occitanie"}},{"type":"Feature","geometry":{"type":"Point","coordinates":[4.4864,43.89964]},"properties":{"latitude":"43.89964","longitude":"4.4864","bright_ti4":"367","scan":"0.4","track":"0.37","acq_date":"2026-07-05","acq_time":"1251","satellite":"N","instrument":"VIIRS","confidence":"h","version":"2.0NRT","bright_ti5":"340.61","frp":"150.56","daynight":"D","commune":"Cabrières","code_insee":"30057","departement":"Gard","region":"Occitanie"}},{"type":"Feature","geometry":{"type":"Point","coordinates":[4.49129,43.90032]},"properties":{"latitude":"43.90032","longitude":"4.49129","bright_ti4":"367","scan":"0.4","track":"0.37","acq_date":"2026-07-05","acq_time":"1251","satellite":"N","instrument":"VIIRS","confidence":"h","version":"2.0NRT","bright_ti5":"360.78","frp":"96.42","daynight":"D","commune":"Lédenon","code_insee":"30145","departement":"Gard","region":"Occitanie"}},{"type":"Feature","geometry":{"type":"Point","coordinates":[4.49619,43.901]},"properties":{"latitude":"43.901","longitude":"4.49619","bright_ti4":"355.92","scan":"0.4","track":"0.37","acq_date":"2026-07-05","acq_time":"1251","satellite":"N","instrument":"VIIRS","confidence":"l","version":"2.0NRT","bright_ti5":"337.43","frp":"96.42","daynight":"D","commune":"Lédenon","code_insee":"30145","departement":"Gard","region":"Occitanie"}},{"type":"Feature","geometry":{"type":"Point","coordinates":[4.50111,43.90169]},"properties":{"latitude":"43.90169","longitude":"4.50111","bright_ti4":"367","scan":"0.4","track":"0.37","acq_date":"2026-07-05","acq_time":"1251","satellite":"N","instrument":"VIIRS","confidence":"h","version":"2.0NRT","bright_ti5":"359.77","frp":"139.16","daynight":"D","commune":"Lédenon","code_insee":"30145","departement":"Gard","region":"Occitanie"}},{"type":"Feature","geometry":{"type":"Point","coordinates":[4.49528,43.90434]},"properties":{"latitude":"43.90434","longitude":"4.49528","bright_ti4":"356.57","scan":"0.4","track":"0.37","acq_date":"2026-07-05","acq_time":"1251","satellite":"N","instrument":"VIIRS","confidence":"l","version":"2.0NRT","bright_ti5":"339.13","frp":"40.4","daynight":"D","commune":"Lédenon","code_insee":"30145","departement":"Gard","region":"Occitanie"}},{"type":"Feature","geometry":{"type":"Point","coordinates":[4.5002,43.90503]},"properties":{"latitude":"43.90503","longitude":"4.5002","bright_ti4":"367","scan":"0.4","track":"0.37","acq_date":"2026-07-05","acq_time":"1251","satellite":"N","instrument":"VIIRS","confidence":"h","version":"2.0NRT","bright_ti5":"338.83","frp":"31.84","daynight":"D","commune":"Lédenon","code_insee":"30145","departement":"Gard","region":"Occitanie"}},{"type":"Feature","geometry":{"type":"Point","coordinates":[4.49435,43.90768]},"properties":{"latitude":"43.90768","longitude":"4.49435","bright_ti4":"353.02","scan":"0.4","track":"0.37","acq_date":"2026-07-05","acq_time":"1251","satellite":"N","instrument":"VIIRS","confidence":"l","version":"2.0NRT","bright_ti5":"328.56","frp":"40.4","daynight":"D","commune":"Lédenon","code_insee":"30145","departement":"Gard","region":"Occitanie"}},{"type":"Feature","geometry":{"type":"Point","coordinates":[4.49928,43.90837]},"properties":{"latitude":"43.90837","longitude":"4.49928","bright_ti4":"356.73","scan":"0.4","track":"0.37","acq_date":"2026-07-05","acq_time":"1251","satellite":"N","instrument":"VIIRS","confidence":"n","version":"2.0NRT","bright_ti5":"331.58","frp":"31.84","daynight":"D","commune":"Lédenon","code_insee":"30145","departement":"Gard","region":"Occitanie"}},{"type":"Feature","geometry":{"type":"Point","coordinates":[4.50422,43.90906]},"properties":{"latitude":"43.90906","longitude":"4.50422","bright_ti4":"344.59","scan":"0.4","track":"0.37","acq_date":"2026-07-05","acq_time":"1251","satellite":"N","instrument":"VIIRS","confidence":"n","version":"2.0NRT","bright_ti5":"319.23","frp":"31.84","daynight":"D","commune":"Lédenon","code_insee":"30145","departement":"Gard","region":"Occitanie"}},{"type":"Feature","geometry":{"type":"Point","coordinates":[4.49343,43.91102]},"properties":{"latitude":"43.91102","longitude":"4.49343","bright_ti4":"341.56","scan":"0.4","track":"0.37","acq_date":"2026-07-05","acq_time":"1251","satellite":"N","instrument":"VIIRS","confidence":"n","version":"2.0NRT","bright_ti5":"313.79","frp":"3.74","daynight":"D","commune":"Lédenon","code_insee":"30145","departement":"Gard","region":"Occitanie"}},{"type":"Feature","geometry":{"type":"Point","coordinates":[4.49836,43.91171]},"properties":{"latitude":"43.91171","longitude":"4.49836","bright_ti4":"367","scan":"0.4","track":"0.37","acq_date":"2026-07-05","acq_time":"1251","satellite":"N","instrument":"VIIRS","confidence":"h","version":"2.0NRT","bright_ti5":"333.19","frp":"13.29","daynight":"D","commune":"Lédenon","code_insee":"30145","departement":"Gard","region":"Occitanie"}},{"type":"Feature","geometry":{"type":"Point","coordinates":[4.5033,43.9124]},"properties":{"latitude":"43.9124","longitude":"4.5033","bright_ti4":"348.34","scan":"0.4","track":"0.37","acq_date":"2026-07-05","acq_time":"1251","satellite":"N","instrument":"VIIRS","confidence":"n","version":"2.0NRT","bright_ti5":"318.54","frp":"13.29","daynight":"D","commune":"Lédenon","code_insee":"30145","departement":"Gard","region":"Occitanie"}},{"type":"Feature","geometry":{"type":"Point","coordinates":[4.49744,43.91505]},"properties":{"latitude":"43.91505","longitude":"4.49744","bright_ti4":"350.45","scan":"0.4","track":"0.37","acq_date":"2026-07-05","acq_time":"1251","satellite":"N","instrument":"VIIRS","confidence":"n","version":"2.0NRT","bright_ti5":"315.84","frp":"13.29","daynight":"D","commune":"Lédenon","code_insee":"30145","departement":"Gard","region":"Occitanie"}},{"type":"Feature","geometry":{"type":"Point","coordinates":[5.33772,44.72122]},"properties":{"latitude":"44.72122","longitude":"5.33772","bright_ti4":"354.63","scan":"0.42","track":"0.37","acq_date":"2026-07-05","acq_time":"1251","satellite":"N","instrument":"VIIRS","confidence":"n","version":"2.0NRT","bright_ti5":"310.81","frp":"9.03","daynight":"D","commune":"Die","code_insee":"26113","departement":"Drôme","region":"Auvergne-Rhône-Alpes"}},{"type":"Feature","geometry":{"type":"Point","coordinates":[5.32695,44.72337]},"properties":{"latitude":"44.72337","longitude":"5.32695","bright_ti4":"335.11","scan":"0.42","track":"0.37","acq_date":"2026-07-05","acq_time":"1251","satellite":"N","instrument":"VIIRS","confidence":"l","version":"2.0NRT","bright_ti5":"306.77","frp":"5.96","daynight":"D","commune":"Barsac","code_insee":"26027","departement":"Drôme","region":"Auvergne-Rhône-Alpes"}},{"type":"Feature","geometry":{"type":"Point","coordinates":[5.3319,44.72401]},"properties":{"latitude":"44.72401","longitude":"5.3319","bright_ti4":"343.81","scan":"0.42","track":"0.37","acq_date":"2026-07-05","acq_time":"1251","satellite":"N","instrument":"VIIRS","confidence":"n","version":"2.0NRT","bright_ti5":"310.92","frp":"14.32","daynight":"D","commune":"Barsac","code_insee":"26027","departement":"Drôme","region":"Auvergne-Rhône-Alpes"}},{"type":"Feature","geometry":{"type":"Point","coordinates":[5.33696,44.72466]},"properties":{"latitude":"44.72466","longitude":"5.33696","bright_ti4":"337.68","scan":"0.42","track":"0.37","acq_date":"2026-07-05","acq_time":"1251","satellite":"N","instrument":"VIIRS","confidence":"n","version":"2.0NRT","bright_ti5":"307.2","frp":"14.32","daynight":"D","commune":"Die","code_insee":"26113","departement":"Drôme","region":"Auvergne-Rhône-Alpes"}},{"type":"Feature","geometry":{"type":"Point","coordinates":[5.3422,44.72533]},"properties":{"latitude":"44.72533","longitude":"5.3422","bright_ti4":"331.97","scan":"0.42","track":"0.37","acq_date":"2026-07-05","acq_time":"1251","satellite":"N","instrument":"VIIRS","confidence":"l","version":"2.0NRT","bright_ti5":"302.31","frp":"39.07","daynight":"D","commune":"Die","code_insee":"26113","departement":"Drôme","region":"Auvergne-Rhône-Alpes"}},{"type":"Feature","geometry":{"type":"Point","coordinates":[5.32596,44.72679]},"properties":{"latitude":"44.72679","longitude":"5.32596","bright_ti4":"348.82","scan":"0.42","track":"0.37","acq_date":"2026-07-05","acq_time":"1251","satellite":"N","instrument":"VIIRS","confidence":"n","version":"2.0NRT","bright_ti5":"310.44","frp":"5.96","daynight":"D","commune":"Die","code_insee":"26113","departement":"Drôme","region":"Auvergne-Rhône-Alpes"}},{"type":"Feature","geometry":{"type":"Point","coordinates":[5.33617,44.7281]},"properties":{"latitude":"44.7281","longitude":"5.33617","bright_ti4":"367","scan":"0.42","track":"0.37","acq_date":"2026-07-05","acq_time":"1251","satellite":"N","instrument":"VIIRS","confidence":"l","version":"2.0NRT","bright_ti5":"326.44","frp":"14.32","daynight":"D","commune":"Die","code_insee":"26113","departement":"Drôme","region":"Auvergne-Rhône-Alpes"}},{"type":"Feature","geometry":{"type":"Point","coordinates":[5.32508,44.73022]},"properties":{"latitude":"44.73022","longitude":"5.32508","bright_ti4":"348.02","scan":"0.42","track":"0.37","acq_date":"2026-07-05","acq_time":"1251","satellite":"N","instrument":"VIIRS","confidence":"n","version":"2.0NRT","bright_ti5":"307.22","frp":"5.72","daynight":"D","commune":"Die","code_insee":"26113","departement":"Drôme","region":"Auvergne-Rhône-Alpes"}},{"type":"Feature","geometry":{"type":"Point","coordinates":[5.3355,44.73156]},"properties":{"latitude":"44.73156","longitude":"5.3355","bright_ti4":"339.47","scan":"0.42","track":"0.37","acq_date":"2026-07-05","acq_time":"1251","satellite":"N","instrument":"VIIRS","confidence":"n","version":"2.0NRT","bright_ti5":"309.18","frp":"10.12","daynight":"D","commune":"Die","code_insee":"26113","departement":"Drôme","region":"Auvergne-Rhône-Alpes"}},{"type":"Feature","geometry":{"type":"Point","coordinates":[0.54854,44.80282]},"properties":{"latitude":"44.80282","longitude":"0.54854","bright_ti4":"346.94","scan":"0.4","track":"0.37","acq_date":"2026-07-05","acq_time":"1251","satellite":"N","instrument":"VIIRS","confidence":"n","version":"2.0NRT","bright_ti5":"313.93","frp":"5.26","daynight":"D","commune":"Saint-Nexans","code_insee":"24472","departement":"Dordogne","region":"Nouvelle-Aquitaine"}},{"type":"Feature","geometry":{"type":"Point","coordinates":[4.96994,45.32526]},"properties":{"latitude":"45.32526","longitude":"4.96994","bright_ti4":"339.33","scan":"0.41","track":"0.37","acq_date":"2026-07-05","acq_time":"1251","satellite":"N","instrument":"VIIRS","confidence":"n","version":"2.0NRT","bright_ti5":"308.59","frp":"1.52","daynight":"D","commune":"Lapeyrouse-Mornay","code_insee":"26155","departement":"Drôme","region":"Auvergne-Rhône-Alpes"}},{"type":"Feature","geometry":{"type":"Point","coordinates":[-0.51144,47.85687]},"properties":{"latitude":"47.85687","longitude":"-0.51144","bright_ti4":"337.08","scan":"0.39","track":"0.36","acq_date":"2026-07-05","acq_time":"1251","satellite":"N","instrument":"VIIRS","confidence":"l","version":"2.0NRT","bright_ti5":"310.47","frp":"18.28","daynight":"D","commune":"Grez-en-Bouère","code_insee":"53110","departement":"Mayenne","region":"Pays de la Loire"}},{"type":"Feature","geometry":{"type":"Point","coordinates":[-0.5075,47.86105]},"properties":{"latitude":"47.86105","longitude":"-0.5075","bright_ti4":"348.11","scan":"0.39","track":"0.36","acq_date":"2026-07-05","acq_time":"1251","satellite":"N","instrument":"VIIRS","confidence":"n","version":"2.0NRT","bright_ti5":"313.82","frp":"18.28","daynight":"D","commune":"Bouère","code_insee":"53036","departement":"Mayenne","region":"Pays de la Loire"}},{"type":"Feature","geometry":{"type":"Point","coordinates":[2.27237,51.02706]},"properties":{"latitude":"51.02706","longitude":"2.27237","bright_ti4":"330.84","scan":"0.4","track":"0.37","acq_date":"2026-07-05","acq_time":"1253","satellite":"N","instrument":"VIIRS","confidence":"n","version":"2.0NRT","bright_ti5":"299.31","frp":"2.9","daynight":"D","commune":"Grande-Synthe","code_insee":"59271","departement":"Nord","region":"Hauts-de-France"}},{"type":"Feature","geometry":{"type":"Point","coordinates":[2.28837,51.0327]},"properties":{"latitude":"51.0327","longitude":"2.28837","bright_ti4":"339.36","scan":"0.4","track":"0.37","acq_date":"2026-07-05","acq_time":"1253","satellite":"N","instrument":"VIIRS","confidence":"n","version":"2.0NRT","bright_ti5":"304.09","frp":"6.52","daynight":"D","commune":"Grande-Synthe","code_insee":"59271","departement":"Nord","region":"Hauts-de-France"}},{"type":"Feature","geometry":{"type":"Point","coordinates":[2.29754,51.04095]},"properties":{"latitude":"51.04095","longitude":"2.29754","bright_ti4":"337.07","scan":"0.4","track":"0.37","acq_date":"2026-07-05","acq_time":"1253","satellite":"N","instrument":"VIIRS","confidence":"n","version":"2.0NRT","bright_ti5":"301.98","frp":"4.9","daynight":"D","commune":"Grande-Synthe","code_insee":"59271","departement":"Nord","region":"Hauts-de-France"}},{"type":"Feature","geometry":{"type":"Point","coordinates":[2.29642,51.04431]},"properties":{"latitude":"51.04431","longitude":"2.29642","bright_ti4":"340.06","scan":"0.4","track":"0.37","acq_date":"2026-07-05","acq_time":"1253","satellite":"N","instrument":"VIIRS","confidence":"n","version":"2.0NRT","bright_ti5":"301.84","frp":"4.9","daynight":"D","commune":"Grande-Synthe","code_insee":"59271","departement":"Nord","region":"Hauts-de-France"}},{"type":"Feature","geometry":{"type":"Point","coordinates":[2.32503,51.04812]},"properties":{"latitude":"51.04812","longitude":"2.32503","bright_ti4":"336.22","scan":"0.4","track":"0.37","acq_date":"2026-07-05","acq_time":"1253","satellite":"N","instrument":"VIIRS","confidence":"n","version":"2.0NRT","bright_ti5":"300.25","frp":"6.09","daynight":"D","commune":"Dunkerque","code_insee":"59183","departement":"Nord","region":"Hauts-de-France"}},{"type":"Feature","geometry":{"type":"Point","coordinates":[7.23778,47.63079]},"properties":{"latitude":"47.63079","longitude":"7.23778","bright_ti4":"298.23","scan":"0.39","track":"0.36","acq_date":"2026-07-05","acq_time":"141","satellite":"N20","instrument":"VIIRS","confidence":"n","version":"2.0NRT","bright_ti5":"287.11","frp":"0.64","daynight":"N","commune":"Altkirch","code_insee":"68004","departement":"Haut-Rhin","region":"Grand Est"}},{"type":"Feature","geometry":{"type":"Point","coordinates":[7.22267,47.70197]},"properties":{"latitude":"47.70197","longitude":"7.22267","bright_ti4":"296.94","scan":"0.39","track":"0.36","acq_date":"2026-07-05","acq_time":"141","satellite":"N20","instrument":"VIIRS","confidence":"n","version":"2.0NRT","bright_ti5":"284.65","frp":"0.26","daynight":"N","commune":"Galfingue","code_insee":"68101","departement":"Haut-Rhin","region":"Grand Est"}},{"type":"Feature","geometry":{"type":"Point","coordinates":[7.38089,47.9681]},"properties":{"latitude":"47.9681","longitude":"7.38089","bright_ti4":"306.22","scan":"0.39","track":"0.36","acq_date":"2026-07-05","acq_time":"141","satellite":"N20","instrument":"VIIRS","confidence":"n","version":"2.0NRT","bright_ti5":"286.51","frp":"0.58","daynight":"N","commune":"Oberhergheim","code_insee":"68242","departement":"Haut-Rhin","region":"Grand Est"}},{"type":"Feature","geometry":{"type":"Point","coordinates":[7.20779,47.97308]},"properties":{"latitude":"47.97308","longitude":"7.20779","bright_ti4":"297.14","scan":"0.39","track":"0.36","acq_date":"2026-07-05","acq_time":"141","satellite":"N20","instrument":"VIIRS","confidence":"n","version":"2.0NRT","bright_ti5":"282.67","frp":"0.18","daynight":"N","commune":"Soultzmatt","code_insee":"68318","departement":"Haut-Rhin","region":"Grand Est"}},{"type":"Feature","geometry":{"type":"Point","coordinates":[6.43298,48.21576]},"properties":{"latitude":"48.21576","longitude":"6.43298","bright_ti4":"303.11","scan":"0.38","track":"0.36","acq_date":"2026-07-05","acq_time":"141","satellite":"N20","instrument":"VIIRS","confidence":"n","version":"2.0NRT","bright_ti5":"287.21","frp":"0.99","daynight":"N","commune":"Chavelot","code_insee":"88099","departement":"Vosges","region":"Grand Est"}},{"type":"Feature","geometry":{"type":"Point","coordinates":[2.98364,48.38734]},"properties":{"latitude":"48.38734","longitude":"2.98364","bright_ti4":"322","scan":"0.43","track":"0.38","acq_date":"2026-07-05","acq_time":"141","satellite":"N20","instrument":"VIIRS","confidence":"n","version":"2.0NRT","bright_ti5":"291.72","frp":"1.9","daynight":"N","commune":"Montereau-Fault-Yonne","code_insee":"77305","departement":"Seine-et-Marne","region":"Île-de-France"}},{"type":"Feature","geometry":{"type":"Point","coordinates":[7.68644,48.44423]},"properties":{"latitude":"48.44423","longitude":"7.68644","bright_ti4":"300.33","scan":"0.39","track":"0.36","acq_date":"2026-07-05","acq_time":"141","satellite":"N20","instrument":"VIIRS","confidence":"n","version":"2.0NRT","bright_ti5":"286.12","frp":"0.5","daynight":"N","commune":"Nordhouse","code_insee":"67336","departement":"Bas-Rhin","region":"Grand Est"}},{"type":"Feature","geometry":{"type":"Point","coordinates":[7.68769,48.44748]},"properties":{"latitude":"48.44748","longitude":"7.68769","bright_ti4":"303.28","scan":"0.39","track":"0.36","acq_date":"2026-07-05","acq_time":"141","satellite":"N20","instrument":"VIIRS","confidence":"n","version":"2.0NRT","bright_ti5":"285.98","frp":"0.45","daynight":"N","commune":"Nordhouse","code_insee":"67336","departement":"Bas-Rhin","region":"Grand Est"}},{"type":"Feature","geometry":{"type":"Point","coordinates":[6.11197,48.56081]},"properties":{"latitude":"48.56081","longitude":"6.11197","bright_ti4":"297.36","scan":"0.38","track":"0.36","acq_date":"2026-07-05","acq_time":"141","satellite":"N20","instrument":"VIIRS","confidence":"n","version":"2.0NRT","bright_ti5":"286","frp":"0.51","daynight":"N","commune":"Xeuilley","code_insee":"54596","departement":"Meurthe-et-Moselle","region":"Grand Est"}},{"type":"Feature","geometry":{"type":"Point","coordinates":[6.10921,48.60923]},"properties":{"latitude":"48.60923","longitude":"6.10921","bright_ti4":"302.83","scan":"0.38","track":"0.36","acq_date":"2026-07-05","acq_time":"141","satellite":"N20","instrument":"VIIRS","confidence":"n","version":"2.0NRT","bright_ti5":"289.83","frp":"1.09","daynight":"N","commune":"Neuves-Maisons","code_insee":"54397","departement":"Meurthe-et-Moselle","region":"Grand Est"}},{"type":"Feature","geometry":{"type":"Point","coordinates":[6.12063,48.61091]},"properties":{"latitude":"48.61091","longitude":"6.12063","bright_ti4":"308.22","scan":"0.38","track":"0.36","acq_date":"2026-07-05","acq_time":"141","satellite":"N20","instrument":"VIIRS","confidence":"n","version":"2.0NRT","bright_ti5":"288.54","frp":"0.85","daynight":"N","commune":"Neuves-Maisons","code_insee":"54397","departement":"Meurthe-et-Moselle","region":"Grand Est"}},{"type":"Feature","geometry":{"type":"Point","coordinates":[6.11549,48.6117]},"properties":{"latitude":"48.6117","longitude":"6.11549","bright_ti4":"306.93","scan":"0.38","track":"0.36","acq_date":"2026-07-05","acq_time":"141","satellite":"N20","instrument":"VIIRS","confidence":"n","version":"2.0NRT","bright_ti5":"288.86","frp":"1.21","daynight":"N","commune":"Neuves-Maisons","code_insee":"54397","departement":"Meurthe-et-Moselle","region":"Grand Est"}},{"type":"Feature","geometry":{"type":"Point","coordinates":[5.6974,48.70606]},"properties":{"latitude":"48.70606","longitude":"5.6974","bright_ti4":"303","scan":"0.39","track":"0.36","acq_date":"2026-07-05","acq_time":"141","satellite":"N20","instrument":"VIIRS","confidence":"n","version":"2.0NRT","bright_ti5":"285.9","frp":"0.77","daynight":"N","commune":"Troussey","code_insee":"55520","departement":"Meuse","region":"Grand Est"}},{"type":"Feature","geometry":{"type":"Point","coordinates":[5.63072,48.75041]},"properties":{"latitude":"48.75041","longitude":"5.63072","bright_ti4":"303.65","scan":"0.39","track":"0.36","acq_date":"2026-07-05","acq_time":"141","satellite":"N20","instrument":"VIIRS","confidence":"n","version":"2.0NRT","bright_ti5":"284.97","frp":"0.63","daynight":"N","commune":"Euville","code_insee":"55184","departement":"Meuse","region":"Grand Est"}},{"type":"Feature","geometry":{"type":"Point","coordinates":[4.99772,48.87957]},"properties":{"latitude":"48.87957","longitude":"4.99772","bright_ti4":"297.77","scan":"0.39","track":"0.36","acq_date":"2026-07-05","acq_time":"141","satellite":"N20","instrument":"VIIRS","confidence":"n","version":"2.0NRT","bright_ti5":"286.6","frp":"5.12","daynight":"N","commune":"Noyers-Auzécourt","code_insee":"55388","departement":"Meuse","region":"Grand Est"}},{"type":"Feature","geometry":{"type":"Point","coordinates":[4.9988,48.88287]},"properties":{"latitude":"48.88287","longitude":"4.9988","bright_ti4":"330.47","scan":"0.39","track":"0.36","acq_date":"2026-07-05","acq_time":"141","satellite":"N20","instrument":"VIIRS","confidence":"n","version":"2.0NRT","bright_ti5":"289.28","frp":"5.12","daynight":"N","commune":"Noyers-Auzécourt","code_insee":"55388","departement":"Meuse","region":"Grand Est"}},{"type":"Feature","geometry":{"type":"Point","coordinates":[6.1033,49.32635]},"properties":{"latitude":"49.32635","longitude":"6.1033","bright_ti4":"298.94","scan":"0.39","track":"0.36","acq_date":"2026-07-05","acq_time":"141","satellite":"N20","instrument":"VIIRS","confidence":"n","version":"2.0NRT","bright_ti5":"287.93","frp":"0.65","daynight":"N","commune":"Serémange-Erzange","code_insee":"57647","departement":"Moselle","region":"Grand Est"}},{"type":"Feature","geometry":{"type":"Point","coordinates":[3.49216,50.33691]},"properties":{"latitude":"50.33691","longitude":"3.49216","bright_ti4":"307.37","scan":"0.43","track":"0.38","acq_date":"2026-07-05","acq_time":"141","satellite":"N20","instrument":"VIIRS","confidence":"n","version":"2.0NRT","bright_ti5":"286.59","frp":"1.07","daynight":"N","commune":"Trith-Saint-Léger","code_insee":"59603","departement":"Nord","region":"Hauts-de-France"}},{"type":"Feature","geometry":{"type":"Point","coordinates":[3.56207,50.40067]},"properties":{"latitude":"50.40067","longitude":"3.56207","bright_ti4":"300.28","scan":"0.43","track":"0.38","acq_date":"2026-07-05","acq_time":"141","satellite":"N20","instrument":"VIIRS","confidence":"n","version":"2.0NRT","bright_ti5":"287.7","frp":"0.65","daynight":"N","commune":"Saint-Saulve","code_insee":"59544","departement":"Nord","region":"Hauts-de-France"}},{"type":"Feature","geometry":{"type":"Point","coordinates":[2.59269,42.66399]},"properties":{"latitude":"42.66399","longitude":"2.59269","bright_ti4":"315.31","scan":"0.4","track":"0.37","acq_date":"2026-07-05","acq_time":"143","satellite":"N20","instrument":"VIIRS","confidence":"n","version":"2.0NRT","bright_ti5":"295.08","frp":"11.12","daynight":"N","commune":"Ille-sur-Têt","code_insee":"66088","departement":"Pyrénées-Orientales","region":"Occitanie"}},{"type":"Feature","geometry":{"type":"Point","coordinates":[2.58799,42.66467]},"properties":{"latitude":"42.66467","longitude":"2.58799","bright_ti4":"348.03","scan":"0.4","track":"0.37","acq_date":"2026-07-05","acq_time":"143","satellite":"N20","instrument":"VIIRS","confidence":"n","version":"2.0NRT","bright_ti5":"300.88","frp":"11.12","daynight":"N","commune":"Ille-sur-Têt","code_insee":"66088","departement":"Pyrénées-Orientales","region":"Occitanie"}},{"type":"Feature","geometry":{"type":"Point","coordinates":[2.59363,42.6673]},"properties":{"latitude":"42.6673","longitude":"2.59363","bright_ti4":"348.94","scan":"0.4","track":"0.37","acq_date":"2026-07-05","acq_time":"143","satellite":"N20","instrument":"VIIRS","confidence":"n","version":"2.0NRT","bright_ti5":"304.44","frp":"11.12","daynight":"N","commune":"Ille-sur-Têt","code_insee":"66088","departement":"Pyrénées-Orientales","region":"Occitanie"}},{"type":"Feature","geometry":{"type":"Point","coordinates":[2.58888,42.66799]},"properties":{"latitude":"42.66799","longitude":"2.58888","bright_ti4":"338.1","scan":"0.4","track":"0.37","acq_date":"2026-07-05","acq_time":"143","satellite":"N20","instrument":"VIIRS","confidence":"n","version":"2.0NRT","bright_ti5":"298.2","frp":"11.12","daynight":"N","commune":"Ille-sur-Têt","code_insee":"66088","departement":"Pyrénées-Orientales","region":"Occitanie"}},{"type":"Feature","geometry":{"type":"Point","coordinates":[2.58417,42.66866]},"properties":{"latitude":"42.66866","longitude":"2.58417","bright_ti4":"345.54","scan":"0.4","track":"0.37","acq_date":"2026-07-05","acq_time":"143","satellite":"N20","instrument":"VIIRS","confidence":"n","version":"2.0NRT","bright_ti5":"305.21","frp":"9.62","daynight":"N","commune":"Ille-sur-Têt","code_insee":"66088","departement":"Pyrénées-Orientales","region":"Occitanie"}},{"type":"Feature","geometry":{"type":"Point","coordinates":[2.56995,42.6707]},"properties":{"latitude":"42.6707","longitude":"2.56995","bright_ti4":"342.98","scan":"0.4","track":"0.37","acq_date":"2026-07-05","acq_time":"143","satellite":"N20","instrument":"VIIRS","confidence":"n","version":"2.0NRT","bright_ti5":"298.15","frp":"8.42","daynight":"N","commune":"Ille-sur-Têt","code_insee":"66088","departement":"Pyrénées-Orientales","region":"Occitanie"}},{"type":"Feature","geometry":{"type":"Point","coordinates":[2.58983,42.6713]},"properties":{"latitude":"42.6713","longitude":"2.58983","bright_ti4":"353.72","scan":"0.4","track":"0.37","acq_date":"2026-07-05","acq_time":"143","satellite":"N20","instrument":"VIIRS","confidence":"n","version":"2.0NRT","bright_ti5":"304.16","frp":"4.75","daynight":"N","commune":"Ille-sur-Têt","code_insee":"66088","departement":"Pyrénées-Orientales","region":"Occitanie"}},{"type":"Feature","geometry":{"type":"Point","coordinates":[2.58511,42.67197]},"properties":{"latitude":"42.67197","longitude":"2.58511","bright_ti4":"336.44","scan":"0.4","track":"0.37","acq_date":"2026-07-05","acq_time":"143","satellite":"N20","instrument":"VIIRS","confidence":"n","version":"2.0NRT","bright_ti5":"301.69","frp":"2.77","daynight":"N","commune":"Ille-sur-Têt","code_insee":"66088","departement":"Pyrénées-Orientales","region":"Occitanie"}},{"type":"Feature","geometry":{"type":"Point","coordinates":[2.6049,42.67258]},"properties":{"latitude":"42.67258","longitude":"2.6049","bright_ti4":"323.97","scan":"0.4","track":"0.37","acq_date":"2026-07-05","acq_time":"143","satellite":"N20","instrument":"VIIRS","confidence":"n","version":"2.0NRT","bright_ti5":"297.08","frp":"8.48","daynight":"N","commune":"Ille-sur-Têt","code_insee":"66088","departement":"Pyrénées-Orientales","region":"Occitanie"}},{"type":"Feature","geometry":{"type":"Point","coordinates":[2.58033,42.67266]},"properties":{"latitude":"42.67266","longitude":"2.58033","bright_ti4":"313.11","scan":"0.4","track":"0.37","acq_date":"2026-07-05","acq_time":"143","satellite":"N20","instrument":"VIIRS","confidence":"n","version":"2.0NRT","bright_ti5":"299","frp":"2.77","daynight":"N","commune":"Ille-sur-Têt","code_insee":"66088","departement":"Pyrénées-Orientales","region":"Occitanie"}},{"type":"Feature","geometry":{"type":"Point","coordinates":[2.60018,42.67326]},"properties":{"latitude":"42.67326","longitude":"2.60018","bright_ti4":"353.4","scan":"0.4","track":"0.37","acq_date":"2026-07-05","acq_time":"143","satellite":"N20","instrument":"VIIRS","confidence":"n","version":"2.0NRT","bright_ti5":"305.59","frp":"8.48","daynight":"N","commune":"Ille-sur-Têt","code_insee":"66088","departement":"Pyrénées-Orientales","region":"Occitanie"}},{"type":"Feature","geometry":{"type":"Point","coordinates":[2.57555,42.67335]},"properties":{"latitude":"42.67335","longitude":"2.57555","bright_ti4":"347.06","scan":"0.4","track":"0.37","acq_date":"2026-07-05","acq_time":"143","satellite":"N20","instrument":"VIIRS","confidence":"n","version":"2.0NRT","bright_ti5":"302.55","frp":"17.04","daynight":"N","commune":"Ille-sur-Têt","code_insee":"66088","departement":"Pyrénées-Orientales","region":"Occitanie"}},{"type":"Feature","geometry":{"type":"Point","coordinates":[2.59546,42.67394]},"properties":{"latitude":"42.67394","longitude":"2.59546","bright_ti4":"320.02","scan":"0.4","track":"0.37","acq_date":"2026-07-05","acq_time":"143","satellite":"N20","instrument":"VIIRS","confidence":"n","version":"2.0NRT","bright_ti5":"297.12","frp":"4.75","daynight":"N","commune":"Ille-sur-Têt","code_insee":"66088","departement":"Pyrénées-Orientales","region":"Occitanie"}},{"type":"Feature","geometry":{"type":"Point","coordinates":[2.57083,42.67403]},"properties":{"latitude":"42.67403","longitude":"2.57083","bright_ti4":"341.22","scan":"0.4","track":"0.37","acq_date":"2026-07-05","acq_time":"143","satellite":"N20","instrument":"VIIRS","confidence":"n","version":"2.0NRT","bright_ti5":"310.25","frp":"17.04","daynight":"N","commune":"Ille-sur-Têt","code_insee":"66088","departement":"Pyrénées-Orientales","region":"Occitanie"}},{"type":"Feature","geometry":{"type":"Point","coordinates":[2.5661,42.67471]},"properties":{"latitude":"42.67471","longitude":"2.5661","bright_ti4":"345.58","scan":"0.4","track":"0.37","acq_date":"2026-07-05","acq_time":"143","satellite":"N20","instrument":"VIIRS","confidence":"n","version":"2.0NRT","bright_ti5":"300.87","frp":"5.96","daynight":"N","commune":"Ille-sur-Têt","code_insee":"66088","departement":"Pyrénées-Orientales","region":"Occitanie"}},{"type":"Feature","geometry":{"type":"Point","coordinates":[2.60248,42.67474]},"properties":{"latitude":"42.67474","longitude":"2.60248","bright_ti4":"352.04","scan":"0.4","track":"0.37","acq_date":"2026-07-05","acq_time":"143","satellite":"N20","instrument":"VIIRS","confidence":"n","version":"2.0NRT","bright_ti5":"303.74","frp":"9.77","daynight":"N","commune":"Ille-sur-Têt","code_insee":"66088","departement":"Pyrénées-Orientales","region":"Occitanie"}},{"type":"Feature","geometry":{"type":"Point","coordinates":[2.56137,42.67538]},"properties":{"latitude":"42.67538","longitude":"2.56137","bright_ti4":"309.89","scan":"0.4","track":"0.37","acq_date":"2026-07-05","acq_time":"143","satellite":"N20","instrument":"VIIRS","confidence":"n","version":"2.0NRT","bright_ti5":"295.77","frp":"5.96","daynight":"N","commune":"Rodès","code_insee":"66165","departement":"Pyrénées-Orientales","region":"Occitanie"}},{"type":"Feature","geometry":{"type":"Point","coordinates":[2.59775,42.6754]},"properties":{"latitude":"42.6754","longitude":"2.59775","bright_ti4":"316.76","scan":"0.4","track":"0.37","acq_date":"2026-07-05","acq_time":"143","satellite":"N20","instrument":"VIIRS","confidence":"n","version":"2.0NRT","bright_ti5":"299.43","frp":"9.77","daynight":"N","commune":"Ille-sur-Têt","code_insee":"66088","departement":"Pyrénées-Orientales","region":"Occitanie"}},{"type":"Feature","geometry":{"type":"Point","coordinates":[2.56699,42.67802]},"properties":{"latitude":"42.67802","longitude":"2.56699","bright_ti4":"321.17","scan":"0.4","track":"0.37","acq_date":"2026-07-05","acq_time":"143","satellite":"N20","instrument":"VIIRS","confidence":"n","version":"2.0NRT","bright_ti5":"298.98","frp":"5.96","daynight":"N","commune":"Montalba-le-Château","code_insee":"66111","departement":"Pyrénées-Orientales","region":"Occitanie"}},{"type":"Feature","geometry":{"type":"Point","coordinates":[2.60342,42.67805]},"properties":{"latitude":"42.67805","longitude":"2.60342","bright_ti4":"337.01","scan":"0.4","track":"0.37","acq_date":"2026-07-05","acq_time":"143","satellite":"N20","instrument":"VIIRS","confidence":"n","version":"2.0NRT","bright_ti5":"300.01","frp":"9.77","daynight":"N","commune":"Ille-sur-Têt","code_insee":"66088","departement":"Pyrénées-Orientales","region":"Occitanie"}},{"type":"Feature","geometry":{"type":"Point","coordinates":[2.56223,42.67871]},"properties":{"latitude":"42.67871","longitude":"2.56223","bright_ti4":"354.83","scan":"0.4","track":"0.37","acq_date":"2026-07-05","acq_time":"143","satellite":"N20","instrument":"VIIRS","confidence":"n","version":"2.0NRT","bright_ti5":"305.69","frp":"5.96","daynight":"N","commune":"Montalba-le-Château","code_insee":"66111","departement":"Pyrénées-Orientales","region":"Occitanie"}},{"type":"Feature","geometry":{"type":"Point","coordinates":[2.59869,42.67873]},"properties":{"latitude":"42.67873","longitude":"2.59869","bright_ti4":"353.94","scan":"0.4","track":"0.37","acq_date":"2026-07-05","acq_time":"143","satellite":"N20","instrument":"VIIRS","confidence":"n","version":"2.0NRT","bright_ti5":"313.23","frp":"9.77","daynight":"N","commune":"Ille-sur-Têt","code_insee":"66088","departement":"Pyrénées-Orientales","region":"Occitanie"}},{"type":"Feature","geometry":{"type":"Point","coordinates":[2.55747,42.67939]},"properties":{"latitude":"42.67939","longitude":"2.55747","bright_ti4":"349.45","scan":"0.4","track":"0.37","acq_date":"2026-07-05","acq_time":"143","satellite":"N20","instrument":"VIIRS","confidence":"n","version":"2.0NRT","bright_ti5":"300.25","frp":"5.09","daynight":"N","commune":"Montalba-le-Château","code_insee":"66111","departement":"Pyrénées-Orientales","region":"Occitanie"}},{"type":"Feature","geometry":{"type":"Point","coordinates":[2.59397,42.6794]},"properties":{"latitude":"42.6794","longitude":"2.59397","bright_ti4":"348.45","scan":"0.4","track":"0.37","acq_date":"2026-07-05","acq_time":"143","satellite":"N20","instrument":"VIIRS","confidence":"n","version":"2.0NRT","bright_ti5":"311.42","frp":"13.64","daynight":"N","commune":"Ille-sur-Têt","code_insee":"66088","departement":"Pyrénées-Orientales","region":"Occitanie"}},{"type":"Feature","geometry":{"type":"Point","coordinates":[2.55274,42.68007]},"properties":{"latitude":"42.68007","longitude":"2.55274","bright_ti4":"331.44","scan":"0.4","track":"0.37","acq_date":"2026-07-05","acq_time":"143","satellite":"N20","instrument":"VIIRS","confidence":"n","version":"2.0NRT","bright_ti5":"296.09","frp":"5.09","daynight":"N","commune":"Montalba-le-Château","code_insee":"66111","departement":"Pyrénées-Orientales","region":"Occitanie"}},{"type":"Feature","geometry":{"type":"Point","coordinates":[2.58924,42.68007]},"properties":{"latitude":"42.68007","longitude":"2.58924","bright_ti4":"328.18","scan":"0.4","track":"0.37","acq_date":"2026-07-05","acq_time":"143","satellite":"N20","instrument":"VIIRS","confidence":"n","version":"2.0NRT","bright_ti5":"300.57","frp":"13.64","daynight":"N","commune":"Ille-sur-Têt","code_insee":"66088","departement":"Pyrénées-Orientales","region":"Occitanie"}},{"type":"Feature","geometry":{"type":"Point","coordinates":[2.56449,42.68013]},"properties":{"latitude":"42.68013","longitude":"2.56449","bright_ti4":"307.76","scan":"0.4","track":"0.37","acq_date":"2026-07-05","acq_time":"143","satellite":"N20","instrument":"VIIRS","confidence":"n","version":"2.0NRT","bright_ti5":"296.18","frp":"0.87","daynight":"N","commune":"Montalba-le-Château","code_insee":"66111","departement":"Pyrénées-Orientales","region":"Occitanie"}},{"type":"Feature","geometry":{"type":"Point","coordinates":[2.58449,42.68074]},"properties":{"latitude":"42.68074","longitude":"2.58449","bright_ti4":"315.31","scan":"0.4","track":"0.37","acq_date":"2026-07-05","acq_time":"143","satellite":"N20","instrument":"VIIRS","confidence":"n","version":"2.0NRT","bright_ti5":"298.02","frp":"1.66","daynight":"N","commune":"Ille-sur-Têt","code_insee":"66088","departement":"Pyrénées-Orientales","region":"Occitanie"}},{"type":"Feature","geometry":{"type":"Point","coordinates":[2.55975,42.68081]},"properties":{"latitude":"42.68081","longitude":"2.55975","bright_ti4":"313.54","scan":"0.4","track":"0.37","acq_date":"2026-07-05","acq_time":"143","satellite":"N20","instrument":"VIIRS","confidence":"n","version":"2.0NRT","bright_ti5":"296.92","frp":"0.87","daynight":"N","commune":"Montalba-le-Château","code_insee":"66111","departement":"Pyrénées-Orientales","region":"Occitanie"}},{"type":"Feature","geometry":{"type":"Point","coordinates":[2.57969,42.68143]},"properties":{"latitude":"42.68143","longitude":"2.57969","bright_ti4":"312.63","scan":"0.4","track":"0.37","acq_date":"2026-07-05","acq_time":"143","satellite":"N20","instrument":"VIIRS","confidence":"n","version":"2.0NRT","bright_ti5":"296.17","frp":"1.66","daynight":"N","commune":"Ille-sur-Têt","code_insee":"66088","departement":"Pyrénées-Orientales","region":"Occitanie"}},{"type":"Feature","geometry":{"type":"Point","coordinates":[2.55499,42.68148]},"properties":{"latitude":"42.68148","longitude":"2.55499","bright_ti4":"351.38","scan":"0.4","track":"0.37","acq_date":"2026-07-05","acq_time":"143","satellite":"N20","instrument":"VIIRS","confidence":"n","version":"2.0NRT","bright_ti5":"300.49","frp":"2.95","daynight":"N","commune":"Montalba-le-Château","code_insee":"66111","departement":"Pyrénées-Orientales","region":"Occitanie"}},{"type":"Feature","geometry":{"type":"Point","coordinates":[2.57494,42.6821]},"properties":{"latitude":"42.6821","longitude":"2.57494","bright_ti4":"306.86","scan":"0.4","track":"0.37","acq_date":"2026-07-05","acq_time":"143","satellite":"N20","instrument":"VIIRS","confidence":"n","version":"2.0NRT","bright_ti5":"295.05","frp":"1.14","daynight":"N","commune":"Ille-sur-Têt","code_insee":"66088","departement":"Pyrénées-Orientales","region":"Occitanie"}},{"type":"Feature","geometry":{"type":"Point","coordinates":[2.55024,42.68215]},"properties":{"latitude":"42.68215","longitude":"2.55024","bright_ti4":"326.4","scan":"0.4","track":"0.37","acq_date":"2026-07-05","acq_time":"143","satellite":"N20","instrument":"VIIRS","confidence":"n","version":"2.0NRT","bright_ti5":"296.96","frp":"2.95","daynight":"N","commune":"Montalba-le-Château","code_insee":"66111","departement":"Pyrénées-Orientales","region":"Occitanie"}},{"type":"Feature","geometry":{"type":"Point","coordinates":[2.59015,42.68339]},"properties":{"latitude":"42.68339","longitude":"2.59015","bright_ti4":"305.62","scan":"0.4","track":"0.37","acq_date":"2026-07-05","acq_time":"143","satellite":"N20","instrument":"VIIRS","confidence":"n","version":"2.0NRT","bright_ti5":"295.04","frp":"0.78","daynight":"N","commune":"Ille-sur-Têt","code_insee":"66088","departement":"Pyrénées-Orientales","region":"Occitanie"}},{"type":"Feature","geometry":{"type":"Point","coordinates":[2.58539,42.68407]},"properties":{"latitude":"42.68407","longitude":"2.58539","bright_ti4":"341.23","scan":"0.4","track":"0.37","acq_date":"2026-07-05","acq_time":"143","satellite":"N20","instrument":"VIIRS","confidence":"n","version":"2.0NRT","bright_ti5":"299.46","frp":"4.66","daynight":"N","commune":"Ille-sur-Têt","code_insee":"66088","departement":"Pyrénées-Orientales","region":"Occitanie"}},{"type":"Feature","geometry":{"type":"Point","coordinates":[2.56064,42.68413]},"properties":{"latitude":"42.68413","longitude":"2.56064","bright_ti4":"306.18","scan":"0.4","track":"0.37","acq_date":"2026-07-05","acq_time":"143","satellite":"N20","instrument":"VIIRS","confidence":"n","version":"2.0NRT","bright_ti5":"294.99","frp":"0.87","daynight":"N","commune":"Montalba-le-Château","code_insee":"66111","departement":"Pyrénées-Orientales","region":"Occitanie"}},{"type":"Feature","geometry":{"type":"Point","coordinates":[2.58061,42.68475]},"properties":{"latitude":"42.68475","longitude":"2.58061","bright_ti4":"346.11","scan":"0.4","track":"0.37","acq_date":"2026-07-05","acq_time":"143","satellite":"N20","instrument":"VIIRS","confidence":"n","version":"2.0NRT","bright_ti5":"297.91","frp":"4.66","daynight":"N","commune":"Ille-sur-Têt","code_insee":"66088","departement":"Pyrénées-Orientales","region":"Occitanie"}},{"type":"Feature","geometry":{"type":"Point","coordinates":[2.57584,42.68542]},"properties":{"latitude":"42.68542","longitude":"2.57584","bright_ti4":"353.45","scan":"0.4","track":"0.37","acq_date":"2026-07-05","acq_time":"143","satellite":"N20","instrument":"VIIRS","confidence":"n","version":"2.0NRT","bright_ti5":"302.73","frp":"7.76","daynight":"N","commune":"Montalba-le-Château","code_insee":"66111","departement":"Pyrénées-Orientales","region":"Occitanie"}},{"type":"Feature","geometry":{"type":"Point","coordinates":[2.55112,42.68548]},"properties":{"latitude":"42.68548","longitude":"2.55112","bright_ti4":"307.88","scan":"0.4","track":"0.37","acq_date":"2026-07-05","acq_time":"143","satellite":"N20","instrument":"VIIRS","confidence":"n","version":"2.0NRT","bright_ti5":"295.49","frp":"2.95","daynight":"N","commune":"Montalba-le-Château","code_insee":"66111","departement":"Pyrénées-Orientales","region":"Occitanie"}},{"type":"Feature","geometry":{"type":"Point","coordinates":[2.57108,42.6861]},"properties":{"latitude":"42.6861","longitude":"2.57108","bright_ti4":"345.83","scan":"0.4","track":"0.37","acq_date":"2026-07-05","acq_time":"143","satellite":"N20","instrument":"VIIRS","confidence":"n","version":"2.0NRT","bright_ti5":"299.22","frp":"7.76","daynight":"N","commune":"Montalba-le-Château","code_insee":"66111","departement":"Pyrénées-Orientales","region":"Occitanie"}},{"type":"Feature","geometry":{"type":"Point","coordinates":[2.54636,42.68615]},"properties":{"latitude":"42.68615","longitude":"2.54636","bright_ti4":"339.97","scan":"0.4","track":"0.37","acq_date":"2026-07-05","acq_time":"143","satellite":"N20","instrument":"VIIRS","confidence":"n","version":"2.0NRT","bright_ti5":"299.17","frp":"7.89","daynight":"N","commune":"Rodès","code_insee":"66165","departement":"Pyrénées-Orientales","region":"Occitanie"}},{"type":"Feature","geometry":{"type":"Point","coordinates":[2.56632,42.68678]},"properties":{"latitude":"42.68678","longitude":"2.56632","bright_ti4":"315.85","scan":"0.4","track":"0.37","acq_date":"2026-07-05","acq_time":"143","satellite":"N20","instrument":"VIIRS","confidence":"n","version":"2.0NRT","bright_ti5":"295.59","frp":"3.3","daynight":"N","commune":"Montalba-le-Château","code_insee":"66111","departement":"Pyrénées-Orientales","region":"Occitanie"}},{"type":"Feature","geometry":{"type":"Point","coordinates":[2.54159,42.68683]},"properties":{"latitude":"42.68683","longitude":"2.54159","bright_ti4":"349.39","scan":"0.4","track":"0.37","acq_date":"2026-07-05","acq_time":"143","satellite":"N20","instrument":"VIIRS","confidence":"n","version":"2.0NRT","bright_ti5":"303.33","frp":"7.89","daynight":"N","commune":"Rodès","code_insee":"66165","departement":"Pyrénées-Orientales","region":"Occitanie"}},{"type":"Feature","geometry":{"type":"Point","coordinates":[2.56156,42.68745]},"properties":{"latitude":"42.68745","longitude":"2.56156","bright_ti4":"314.61","scan":"0.4","track":"0.37","acq_date":"2026-07-05","acq_time":"143","satellite":"N20","instrument":"VIIRS","confidence":"n","version":"2.0NRT","bright_ti5":"294.91","frp":"3.3","daynight":"N","commune":"Montalba-le-Château","code_insee":"66111","departement":"Pyrénées-Orientales","region":"Occitanie"}},{"type":"Feature","geometry":{"type":"Point","coordinates":[2.53683,42.6875]},"properties":{"latitude":"42.6875","longitude":"2.53683","bright_ti4":"349.17","scan":"0.4","track":"0.37","acq_date":"2026-07-05","acq_time":"143","satellite":"N20","instrument":"VIIRS","confidence":"n","version":"2.0NRT","bright_ti5":"302.74","frp":"5.49","daynight":"N","commune":"Rodès","code_insee":"66165","departement":"Pyrénées-Orientales","region":"Occitanie"}},{"type":"Feature","geometry":{"type":"Point","coordinates":[2.53206,42.68818]},"properties":{"latitude":"42.68818","longitude":"2.53206","bright_ti4":"305.16","scan":"0.4","track":"0.37","acq_date":"2026-07-05","acq_time":"143","satellite":"N20","instrument":"VIIRS","confidence":"n","version":"2.0NRT","bright_ti5":"294.44","frp":"5.49","daynight":"N","commune":"Rodès","code_insee":"66165","departement":"Pyrénées-Orientales","region":"Occitanie"}},{"type":"Feature","geometry":{"type":"Point","coordinates":[2.57199,42.68942]},"properties":{"latitude":"42.68942","longitude":"2.57199","bright_ti4":"339.83","scan":"0.4","track":"0.37","acq_date":"2026-07-05","acq_time":"143","satellite":"N20","instrument":"VIIRS","confidence":"n","version":"2.0NRT","bright_ti5":"297.23","frp":"7.76","daynight":"N","commune":"Montalba-le-Château","code_insee":"66111","departement":"Pyrénées-Orientales","region":"Occitanie"}},{"type":"Feature","geometry":{"type":"Point","coordinates":[2.56722,42.6901]},"properties":{"latitude":"42.6901","longitude":"2.56722","bright_ti4":"334.21","scan":"0.4","track":"0.37","acq_date":"2026-07-05","acq_time":"143","satellite":"N20","instrument":"VIIRS","confidence":"n","version":"2.0NRT","bright_ti5":"300.23","frp":"3.3","daynight":"N","commune":"Montalba-le-Château","code_insee":"66111","departement":"Pyrénées-Orientales","region":"Occitanie"}},{"type":"Feature","geometry":{"type":"Point","coordinates":[2.56245,42.69078]},"properties":{"latitude":"42.69078","longitude":"2.56245","bright_ti4":"327.97","scan":"0.4","track":"0.37","acq_date":"2026-07-05","acq_time":"143","satellite":"N20","instrument":"VIIRS","confidence":"n","version":"2.0NRT","bright_ti5":"295.29","frp":"3.3","daynight":"N","commune":"Montalba-le-Château","code_insee":"66111","departement":"Pyrénées-Orientales","region":"Occitanie"}},{"type":"Feature","geometry":{"type":"Point","coordinates":[2.5377,42.69083]},"properties":{"latitude":"42.69083","longitude":"2.5377","bright_ti4":"322.38","scan":"0.4","track":"0.37","acq_date":"2026-07-05","acq_time":"143","satellite":"N20","instrument":"VIIRS","confidence":"n","version":"2.0NRT","bright_ti5":"296.88","frp":"11.07","daynight":"N","commune":"Montalba-le-Château","code_insee":"66111","departement":"Pyrénées-Orientales","region":"Occitanie"}},{"type":"Feature","geometry":{"type":"Point","coordinates":[2.55768,42.69145]},"properties":{"latitude":"42.69145","longitude":"2.55768","bright_ti4":"309.34","scan":"0.4","track":"0.37","acq_date":"2026-07-05","acq_time":"143","satellite":"N20","instrument":"VIIRS","confidence":"n","version":"2.0NRT","bright_ti5":"294.63","frp":"1.17","daynight":"N","commune":"Montalba-le-Château","code_insee":"66111","departement":"Pyrénées-Orientales","region":"Occitanie"}},{"type":"Feature","geometry":{"type":"Point","coordinates":[2.53293,42.69151]},"properties":{"latitude":"42.69151","longitude":"2.53293","bright_ti4":"352.02","scan":"0.4","track":"0.37","acq_date":"2026-07-05","acq_time":"143","satellite":"N20","instrument":"VIIRS","confidence":"n","version":"2.0NRT","bright_ti5":"306.97","frp":"11.07","daynight":"N","commune":"Montalba-le-Château","code_insee":"66111","departement":"Pyrénées-Orientales","region":"Occitanie"}},{"type":"Feature","geometry":{"type":"Point","coordinates":[2.5529,42.69213]},"properties":{"latitude":"42.69213","longitude":"2.5529","bright_ti4":"311.8","scan":"0.4","track":"0.37","acq_date":"2026-07-05","acq_time":"143","satellite":"N20","instrument":"VIIRS","confidence":"n","version":"2.0NRT","bright_ti5":"294.12","frp":"1.17","daynight":"N","commune":"Montalba-le-Château","code_insee":"66111","departement":"Pyrénées-Orientales","region":"Occitanie"}},{"type":"Feature","geometry":{"type":"Point","coordinates":[2.53382,42.69483]},"properties":{"latitude":"42.69483","longitude":"2.53382","bright_ti4":"330.91","scan":"0.4","track":"0.37","acq_date":"2026-07-05","acq_time":"143","satellite":"N20","instrument":"VIIRS","confidence":"n","version":"2.0NRT","bright_ti5":"296.18","frp":"11.07","daynight":"N","commune":"Trévillach","code_insee":"66215","departement":"Pyrénées-Orientales","region":"Occitanie"}},{"type":"Feature","geometry":{"type":"Point","coordinates":[2.52904,42.69551]},"properties":{"latitude":"42.69551","longitude":"2.52904","bright_ti4":"338.64","scan":"0.4","track":"0.37","acq_date":"2026-07-05","acq_time":"143","satellite":"N20","instrument":"VIIRS","confidence":"n","version":"2.0NRT","bright_ti5":"304.86","frp":"31.37","daynight":"N","commune":"Trévillach","code_insee":"66215","departement":"Pyrénées-Orientales","region":"Occitanie"}},{"type":"Feature","geometry":{"type":"Point","coordinates":[2.54425,42.69681]},"properties":{"latitude":"42.69681","longitude":"2.54425","bright_ti4":"311.25","scan":"0.4","track":"0.37","acq_date":"2026-07-05","acq_time":"143","satellite":"N20","instrument":"VIIRS","confidence":"n","version":"2.0NRT","bright_ti5":"294.42","frp":"1.17","daynight":"N","commune":"Montalba-le-Château","code_insee":"66111","departement":"Pyrénées-Orientales","region":"Occitanie"}},{"type":"Feature","geometry":{"type":"Point","coordinates":[2.52993,42.69884]},"properties":{"latitude":"42.69884","longitude":"2.52993","bright_ti4":"326.92","scan":"0.4","track":"0.37","acq_date":"2026-07-05","acq_time":"143","satellite":"N20","instrument":"VIIRS","confidence":"n","version":"2.0NRT","bright_ti5":"294.59","frp":"1.43","daynight":"N","commune":"Trévillach","code_insee":"66215","departement":"Pyrénées-Orientales","region":"Occitanie"}},{"type":"Feature","geometry":{"type":"Point","coordinates":[2.52517,42.69951]},"properties":{"latitude":"42.69951","longitude":"2.52517","bright_ti4":"311.03","scan":"0.4","track":"0.37","acq_date":"2026-07-05","acq_time":"143","satellite":"N20","instrument":"VIIRS","confidence":"n","version":"2.0NRT","bright_ti5":"292.54","frp":"1.43","daynight":"N","commune":"Trévillach","code_insee":"66215","departement":"Pyrénées-Orientales","region":"Occitanie"}},{"type":"Feature","geometry":{"type":"Point","coordinates":[2.54512,42.70014]},"properties":{"latitude":"42.70014","longitude":"2.54512","bright_ti4":"318.95","scan":"0.4","track":"0.37","acq_date":"2026-07-05","acq_time":"143","satellite":"N20","instrument":"VIIRS","confidence":"n","version":"2.0NRT","bright_ti5":"294.38","frp":"1.17","daynight":"N","commune":"Montalba-le-Château","code_insee":"66111","departement":"Pyrénées-Orientales","region":"Occitanie"}},{"type":"Feature","geometry":{"type":"Point","coordinates":[2.52696,42.70617]},"properties":{"latitude":"42.70617","longitude":"2.52696","bright_ti4":"330.79","scan":"0.4","track":"0.37","acq_date":"2026-07-05","acq_time":"143","satellite":"N20","instrument":"VIIRS","confidence":"n","version":"2.0NRT","bright_ti5":"295.46","frp":"2.32","daynight":"N","commune":"Trévillach","code_insee":"66215","departement":"Pyrénées-Orientales","region":"Occitanie"}},{"type":"Feature","geometry":{"type":"Point","coordinates":[2.5669,43.17715]},"properties":{"latitude":"43.17715","longitude":"2.5669","bright_ti4":"309.89","scan":"0.4","track":"0.37","acq_date":"2026-07-05","acq_time":"143","satellite":"N20","instrument":"VIIRS","confidence":"n","version":"2.0NRT","bright_ti5":"295.75","frp":"1.21","daynight":"N","commune":"Capendu","code_insee":"11068","departement":"Aude","region":"Occitanie"}},{"type":"Feature","geometry":{"type":"Point","coordinates":[2.56201,43.17784]},"properties":{"latitude":"43.17784","longitude":"2.56201","bright_ti4":"323.45","scan":"0.4","track":"0.37","acq_date":"2026-07-05","acq_time":"143","satellite":"N20","instrument":"VIIRS","confidence":"n","version":"2.0NRT","bright_ti5":"296.74","frp":"1.27","daynight":"N","commune":"Capendu","code_insee":"11068","departement":"Aude","region":"Occitanie"}},{"type":"Feature","geometry":{"type":"Point","coordinates":[2.55713,43.17852]},"properties":{"latitude":"43.17852","longitude":"2.55713","bright_ti4":"304.06","scan":"0.4","track":"0.37","acq_date":"2026-07-05","acq_time":"143","satellite":"N20","instrument":"VIIRS","confidence":"n","version":"2.0NRT","bright_ti5":"292.82","frp":"1.27","daynight":"N","commune":"Capendu","code_insee":"11068","departement":"Aude","region":"Occitanie"}},{"type":"Feature","geometry":{"type":"Point","coordinates":[4.88949,43.44051]},"properties":{"latitude":"43.44051","longitude":"4.88949","bright_ti4":"307.91","scan":"0.38","track":"0.36","acq_date":"2026-07-05","acq_time":"143","satellite":"N20","instrument":"VIIRS","confidence":"n","version":"2.0NRT","bright_ti5":"294.21","frp":"1.35","daynight":"N","commune":"Fos-sur-Mer","code_insee":"13039","departement":"Bouches-du-Rhône","region":"Provence-Alpes-Côte d'Azur"}},{"type":"Feature","geometry":{"type":"Point","coordinates":[4.88481,43.44126]},"properties":{"latitude":"43.44126","longitude":"4.88481","bright_ti4":"304.93","scan":"0.38","track":"0.36","acq_date":"2026-07-05","acq_time":"143","satellite":"N20","instrument":"VIIRS","confidence":"n","version":"2.0NRT","bright_ti5":"293.55","frp":"1.35","daynight":"N","commune":"Fos-sur-Mer","code_insee":"13039","departement":"Bouches-du-Rhône","region":"Provence-Alpes-Côte d'Azur"}},{"type":"Feature","geometry":{"type":"Point","coordinates":[4.88013,43.44201]},"properties":{"latitude":"43.44201","longitude":"4.88013","bright_ti4":"325.11","scan":"0.38","track":"0.36","acq_date":"2026-07-05","acq_time":"143","satellite":"N20","instrument":"VIIRS","confidence":"n","version":"2.0NRT","bright_ti5":"293.58","frp":"10.32","daynight":"N","commune":"Fos-sur-Mer","code_insee":"13039","departement":"Bouches-du-Rhône","region":"Provence-Alpes-Côte d'Azur"}},{"type":"Feature","geometry":{"type":"Point","coordinates":[4.88112,43.44527]},"properties":{"latitude":"43.44527","longitude":"4.88112","bright_ti4":"331.62","scan":"0.38","track":"0.36","acq_date":"2026-07-05","acq_time":"143","satellite":"N20","instrument":"VIIRS","confidence":"n","version":"2.0NRT","bright_ti5":"296.62","frp":"10.32","daynight":"N","commune":"Fos-sur-Mer","code_insee":"13039","departement":"Bouches-du-Rhône","region":"Provence-Alpes-Côte d'Azur"}},{"type":"Feature","geometry":{"type":"Point","coordinates":[7.37516,43.79303]},"properties":{"latitude":"43.79303","longitude":"7.37516","bright_ti4":"308.18","scan":"0.41","track":"0.37","acq_date":"2026-07-05","acq_time":"143","satellite":"N20","instrument":"VIIRS","confidence":"n","version":"2.0NRT","bright_ti5":"293.55","frp":"0.85","daynight":"N","commune":"Blausasc","code_insee":"06019","departement":"Alpes-Maritimes","region":"Provence-Alpes-Côte d'Azur"}},{"type":"Feature","geometry":{"type":"Point","coordinates":[4.58996,44.18592]},"properties":{"latitude":"44.18592","longitude":"4.58996","bright_ti4":"308.63","scan":"0.38","track":"0.36","acq_date":"2026-07-05","acq_time":"143","satellite":"N20","instrument":"VIIRS","confidence":"n","version":"2.0NRT","bright_ti5":"295.04","frp":"1.31","daynight":"N","commune":"Saint-Gervais","code_insee":"30256","departement":"Gard","region":"Occitanie"}},{"type":"Feature","geometry":{"type":"Point","coordinates":[4.89345,44.30592]},"properties":{"latitude":"44.30592","longitude":"4.89345","bright_ti4":"310.82","scan":"0.38","track":"0.36","acq_date":"2026-07-05","acq_time":"143","satellite":"N20","instrument":"VIIRS","confidence":"n","version":"2.0NRT","bright_ti5":"293.92","frp":"0.78","daynight":"N","commune":"Visan","code_insee":"84150","departement":"Vaucluse","region":"Provence-Alpes-Côte d'Azur"}},{"type":"Feature","geometry":{"type":"Point","coordinates":[5.33556,44.72161]},"properties":{"latitude":"44.72161","longitude":"5.33556","bright_ti4":"326.49","scan":"0.38","track":"0.36","acq_date":"2026-07-05","acq_time":"143","satellite":"N20","instrument":"VIIRS","confidence":"n","version":"2.0NRT","bright_ti5":"293.19","frp":"7.95","daynight":"N","commune":"Barsac","code_insee":"26027","departement":"Drôme","region":"Auvergne-Rhône-Alpes"}},{"type":"Feature","geometry":{"type":"Point","coordinates":[5.33081,44.72237]},"properties":{"latitude":"44.72237","longitude":"5.33081","bright_ti4":"302.02","scan":"0.38","track":"0.36","acq_date":"2026-07-05","acq_time":"143","satellite":"N20","instrument":"VIIRS","confidence":"n","version":"2.0NRT","bright_ti5":"289.96","frp":"3.95","daynight":"N","commune":"Barsac","code_insee":"26027","departement":"Drôme","region":"Auvergne-Rhône-Alpes"}},{"type":"Feature","geometry":{"type":"Point","coordinates":[5.33659,44.72486]},"properties":{"latitude":"44.72486","longitude":"5.33659","bright_ti4":"367","scan":"0.38","track":"0.36","acq_date":"2026-07-05","acq_time":"143","satellite":"N20","instrument":"VIIRS","confidence":"h","version":"2.0NRT","bright_ti5":"322.47","frp":"57.59","daynight":"N","commune":"Die","code_insee":"26113","departement":"Drôme","region":"Auvergne-Rhône-Alpes"}},{"type":"Feature","geometry":{"type":"Point","coordinates":[5.33183,44.72562]},"properties":{"latitude":"44.72562","longitude":"5.33183","bright_ti4":"342.43","scan":"0.38","track":"0.36","acq_date":"2026-07-05","acq_time":"143","satellite":"N20","instrument":"VIIRS","confidence":"n","version":"2.0NRT","bright_ti5":"298.69","frp":"10.32","daynight":"N","commune":"Die","code_insee":"26113","departement":"Drôme","region":"Auvergne-Rhône-Alpes"}},{"type":"Feature","geometry":{"type":"Point","coordinates":[5.32707,44.72639]},"properties":{"latitude":"44.72639","longitude":"5.32707","bright_ti4":"341.37","scan":"0.38","track":"0.36","acq_date":"2026-07-05","acq_time":"143","satellite":"N20","instrument":"VIIRS","confidence":"n","version":"2.0NRT","bright_ti5":"294.92","frp":"10.32","daynight":"N","commune":"Die","code_insee":"26113","departement":"Drôme","region":"Auvergne-Rhône-Alpes"}},{"type":"Feature","geometry":{"type":"Point","coordinates":[5.33286,44.72888]},"properties":{"latitude":"44.72888","longitude":"5.33286","bright_ti4":"334.54","scan":"0.38","track":"0.36","acq_date":"2026-07-05","acq_time":"143","satellite":"N20","instrument":"VIIRS","confidence":"n","version":"2.0NRT","bright_ti5":"296.78","frp":"10.32","daynight":"N","commune":"Die","code_insee":"26113","departement":"Drôme","region":"Auvergne-Rhône-Alpes"}},{"type":"Feature","geometry":{"type":"Point","coordinates":[5.3281,44.72964]},"properties":{"latitude":"44.72964","longitude":"5.3281","bright_ti4":"338.19","scan":"0.38","track":"0.36","acq_date":"2026-07-05","acq_time":"143","satellite":"N20","instrument":"VIIRS","confidence":"n","version":"2.0NRT","bright_ti5":"296.8","frp":"10.32","daynight":"N","commune":"Die","code_insee":"26113","departement":"Drôme","region":"Auvergne-Rhône-Alpes"}},{"type":"Feature","geometry":{"type":"Point","coordinates":[5.3339,44.73213]},"properties":{"latitude":"44.73213","longitude":"5.3339","bright_ti4":"334.31","scan":"0.38","track":"0.36","acq_date":"2026-07-05","acq_time":"143","satellite":"N20","instrument":"VIIRS","confidence":"n","version":"2.0NRT","bright_ti5":"294.03","frp":"2.47","daynight":"N","commune":"Die","code_insee":"26113","departement":"Drôme","region":"Auvergne-Rhône-Alpes"}},{"type":"Feature","geometry":{"type":"Point","coordinates":[5.32914,44.73289]},"properties":{"latitude":"44.73289","longitude":"5.32914","bright_ti4":"313.78","scan":"0.38","track":"0.36","acq_date":"2026-07-05","acq_time":"143","satellite":"N20","instrument":"VIIRS","confidence":"n","version":"2.0NRT","bright_ti5":"292.15","frp":"2.47","daynight":"N","commune":"Die","code_insee":"26113","departement":"Drôme","region":"Auvergne-Rhône-Alpes"}},{"type":"Feature","geometry":{"type":"Point","coordinates":[5.66574,45.23053]},"properties":{"latitude":"45.23053","longitude":"5.66574","bright_ti4":"300.44","scan":"0.38","track":"0.36","acq_date":"2026-07-05","acq_time":"143","satellite":"N20","instrument":"VIIRS","confidence":"n","version":"2.0NRT","bright_ti5":"289.89","frp":"0.57","daynight":"N","commune":"Saint-Égrève","code_insee":"38382","departement":"Isère","region":"Auvergne-Rhône-Alpes"}},{"type":"Feature","geometry":{"type":"Point","coordinates":[5.70041,45.56773]},"properties":{"latitude":"45.56773","longitude":"5.70041","bright_ti4":"295.24","scan":"0.38","track":"0.36","acq_date":"2026-07-05","acq_time":"143","satellite":"N20","instrument":"VIIRS","confidence":"n","version":"2.0NRT","bright_ti5":"285.06","frp":"0.18","daynight":"N","commune":"Avressieux","code_insee":"73025","departement":"Savoie","region":"Auvergne-Rhône-Alpes"}},{"type":"Feature","geometry":{"type":"Point","coordinates":[5.42308,45.80393]},"properties":{"latitude":"45.80393","longitude":"5.42308","bright_ti4":"301.93","scan":"0.38","track":"0.36","acq_date":"2026-07-05","acq_time":"143","satellite":"N20","instrument":"VIIRS","confidence":"n","version":"2.0NRT","bright_ti5":"291.61","frp":"0.76","daynight":"N","commune":"Bouvesse-Quirieu","code_insee":"38054","departement":"Isère","region":"Auvergne-Rhône-Alpes"}},{"type":"Feature","geometry":{"type":"Point","coordinates":[4.65908,45.86698]},"properties":{"latitude":"45.86698","longitude":"4.65908","bright_ti4":"298.82","scan":"0.39","track":"0.36","acq_date":"2026-07-05","acq_time":"143","satellite":"N20","instrument":"VIIRS","confidence":"n","version":"2.0NRT","bright_ti5":"287.94","frp":"0.53","daynight":"N","commune":"Châtillon","code_insee":"69050","departement":"Rhône","region":"Auvergne-Rhône-Alpes"}},{"type":"Feature","geometry":{"type":"Point","coordinates":[3.42281,46.2514]},"properties":{"latitude":"46.2514","longitude":"3.42281","bright_ti4":"299.36","scan":"0.4","track":"0.37","acq_date":"2026-07-05","acq_time":"143","satellite":"N20","instrument":"VIIRS","confidence":"n","version":"2.0NRT","bright_ti5":"287.87","frp":"0.38","daynight":"N","commune":"Créchy","code_insee":"03091","departement":"Allier","region":"Auvergne-Rhône-Alpes"}},{"type":"Feature","geometry":{"type":"Point","coordinates":[3.78459,46.25743]},"properties":{"latitude":"46.25743","longitude":"3.78459","bright_ti4":"309.64","scan":"0.4","track":"0.37","acq_date":"2026-07-05","acq_time":"143","satellite":"N20","instrument":"VIIRS","confidence":"n","version":"2.0NRT","bright_ti5":"285.9","frp":"1.16","daynight":"N","commune":"Montaiguët-en-Forez","code_insee":"03178","departement":"Allier","region":"Auvergne-Rhône-Alpes"}},{"type":"Feature","geometry":{"type":"Point","coordinates":[5.55517,47.13605]},"properties":{"latitude":"47.13605","longitude":"5.55517","bright_ti4":"300.26","scan":"0.38","track":"0.36","acq_date":"2026-07-05","acq_time":"143","satellite":"N20","instrument":"VIIRS","confidence":"n","version":"2.0NRT","bright_ti5":"287.14","frp":"0.3","daynight":"N","commune":"Rochefort-sur-Nenon","code_insee":"39462","departement":"Jura","region":"Bourgogne-Franche-Comté"}},{"type":"Feature","geometry":{"type":"Point","coordinates":[6.22971,47.51365]},"properties":{"latitude":"47.51365","longitude":"6.22971","bright_ti4":"310.13","scan":"0.38","track":"0.36","acq_date":"2026-07-05","acq_time":"143","satellite":"N20","instrument":"VIIRS","confidence":"n","version":"2.0NRT","bright_ti5":"284.85","frp":"0.59","daynight":"N","commune":"Dampierre-sur-Linotte","code_insee":"70197","departement":"Haute-Saône","region":"Bourgogne-Franche-Comté"}},{"type":"Feature","geometry":{"type":"Point","coordinates":[2.74043,47.69823]},"properties":{"latitude":"47.69823","longitude":"2.74043","bright_ti4":"327.4","scan":"0.43","track":"0.38","acq_date":"2026-07-05","acq_time":"143","satellite":"N20","instrument":"VIIRS","confidence":"n","version":"2.0NRT","bright_ti5":"289.76","frp":"1.8","daynight":"N","commune":"Gien","code_insee":"45155","departement":"Loiret","region":"Centre-Val de Loire"}},{"type":"Feature","geometry":{"type":"Point","coordinates":[2.56697,42.65919]},"properties":{"latitude":"42.65919","longitude":"2.56697","bright_ti4":"339.94","scan":"0.79","track":"0.78","acq_date":"2026-07-05","acq_time":"1128","satellite":"N20","instrument":"VIIRS","confidence":"n","version":"2.0NRT","bright_ti5":"304.09","frp":"74.55","daynight":"D","commune":"Bouleternère","code_insee":"66023","departement":"Pyrénées-Orientales","region":"Occitanie"}},{"type":"Feature","geometry":{"type":"Point","coordinates":[2.55863,42.66034]},"properties":{"latitude":"42.66034","longitude":"2.55863","bright_ti4":"367","scan":"0.79","track":"0.78","acq_date":"2026-07-05","acq_time":"1128","satellite":"N20","instrument":"VIIRS","confidence":"h","version":"2.0NRT","bright_ti5":"309.51","frp":"41.44","daynight":"D","commune":"Rodès","code_insee":"66165","departement":"Pyrénées-Orientales","region":"Occitanie"}},{"type":"Feature","geometry":{"type":"Point","coordinates":[2.57507,42.66206]},"properties":{"latitude":"42.66206","longitude":"2.57507","bright_ti4":"367","scan":"0.79","track":"0.78","acq_date":"2026-07-05","acq_time":"1128","satellite":"N20","instrument":"VIIRS","confidence":"l","version":"2.0NRT","bright_ti5":"331.84","frp":"74.55","daynight":"D","commune":"Ille-sur-Têt","code_insee":"66088","departement":"Pyrénées-Orientales","region":"Occitanie"}},{"type":"Feature","geometry":{"type":"Point","coordinates":[2.58587,42.66208]},"properties":{"latitude":"42.66208","longitude":"2.58587","bright_ti4":"367","scan":"0.79","track":"0.78","acq_date":"2026-07-05","acq_time":"1128","satellite":"N20","instrument":"VIIRS","confidence":"h","version":"2.0NRT","bright_ti5":"309.09","frp":"114.06","daynight":"D","commune":"Ille-sur-Têt","code_insee":"66088","departement":"Pyrénées-Orientales","region":"Occitanie"}},{"type":"Feature","geometry":{"type":"Point","coordinates":[2.56708,42.66338]},"properties":{"latitude":"42.66338","longitude":"2.56708","bright_ti4":"347.16","scan":"0.79","track":"0.78","acq_date":"2026-07-05","acq_time":"1128","satellite":"N20","instrument":"VIIRS","confidence":"n","version":"2.0NRT","bright_ti5":"308.89","frp":"41.44","daynight":"D","commune":"Rodès","code_insee":"66165","departement":"Pyrénées-Orientales","region":"Occitanie"}},{"type":"Feature","geometry":{"type":"Point","coordinates":[2.55655,42.66354]},"properties":{"latitude":"42.66354","longitude":"2.55655","bright_ti4":"367","scan":"0.79","track":"0.78","acq_date":"2026-07-05","acq_time":"1128","satellite":"N20","instrument":"VIIRS","confidence":"h","version":"2.0NRT","bright_ti5":"312.92","frp":"47.42","daynight":"D","commune":"Rodès","code_insee":"66165","departement":"Pyrénées-Orientales","region":"Occitanie"}},{"type":"Feature","geometry":{"type":"Point","coordinates":[2.54837,42.66471]},"properties":{"latitude":"42.66471","longitude":"2.54837","bright_ti4":"346.68","scan":"0.79","track":"0.78","acq_date":"2026-07-05","acq_time":"1128","satellite":"N20","instrument":"VIIRS","confidence":"n","version":"2.0NRT","bright_ti5":"305.88","frp":"40.71","daynight":"D","commune":"Rodès","code_insee":"66165","departement":"Pyrénées-Orientales","region":"Occitanie"}},{"type":"Feature","geometry":{"type":"Point","coordinates":[2.58339,42.665]},"properties":{"latitude":"42.665","longitude":"2.58339","bright_ti4":"367","scan":"0.79","track":"0.78","acq_date":"2026-07-05","acq_time":"1128","satellite":"N20","instrument":"VIIRS","confidence":"h","version":"2.0NRT","bright_ti5":"325.34","frp":"118.16","daynight":"D","commune":"Ille-sur-Têt","code_insee":"66088","departement":"Pyrénées-Orientales","region":"Occitanie"}},{"type":"Feature","geometry":{"type":"Point","coordinates":[2.57503,42.66623]},"properties":{"latitude":"42.66623","longitude":"2.57503","bright_ti4":"367","scan":"0.79","track":"0.78","acq_date":"2026-07-05","acq_time":"1128","satellite":"N20","instrument":"VIIRS","confidence":"l","version":"2.0NRT","bright_ti5":"334.09","frp":"164.65","daynight":"D","commune":"Ille-sur-Têt","code_insee":"66088","departement":"Pyrénées-Orientales","region":"Occitanie"}},{"type":"Feature","geometry":{"type":"Point","coordinates":[2.56473,42.66642]},"properties":{"latitude":"42.66642","longitude":"2.56473","bright_ti4":"335.57","scan":"0.79","track":"0.78","acq_date":"2026-07-05","acq_time":"1128","satellite":"N20","instrument":"VIIRS","confidence":"n","version":"2.0NRT","bright_ti5":"308.31","frp":"74.55","daynight":"D","commune":"Rodès","code_insee":"66165","departement":"Pyrénées-Orientales","region":"Occitanie"}},{"type":"Feature","geometry":{"type":"Point","coordinates":[2.55715,42.66786]},"properties":{"latitude":"42.66786","longitude":"2.55715","bright_ti4":"367","scan":"0.79","track":"0.78","acq_date":"2026-07-05","acq_time":"1128","satellite":"N20","instrument":"VIIRS","confidence":"h","version":"2.0NRT","bright_ti5":"309.2","frp":"41.44","daynight":"D","commune":"Rodès","code_insee":"66165","departement":"Pyrénées-Orientales","region":"Occitanie"}},{"type":"Feature","geometry":{"type":"Point","coordinates":[2.5921,42.66807]},"properties":{"latitude":"42.66807","longitude":"2.5921","bright_ti4":"343.95","scan":"0.79","track":"0.78","acq_date":"2026-07-05","acq_time":"1128","satellite":"N20","instrument":"VIIRS","confidence":"n","version":"2.0NRT","bright_ti5":"313.13","frp":"118.16","daynight":"D","commune":"Ille-sur-Têt","code_insee":"66088","departement":"Pyrénées-Orientales","region":"Occitanie"}},{"type":"Feature","geometry":{"type":"Point","coordinates":[2.57232,42.66911]},"properties":{"latitude":"42.66911","longitude":"2.57232","bright_ti4":"352.37","scan":"0.79","track":"0.78","acq_date":"2026-07-05","acq_time":"1128","satellite":"N20","instrument":"VIIRS","confidence":"n","version":"2.0NRT","bright_ti5":"311.89","frp":"74.55","daynight":"D","commune":"Ille-sur-Têt","code_insee":"66088","departement":"Pyrénées-Orientales","region":"Occitanie"}},{"type":"Feature","geometry":{"type":"Point","coordinates":[2.58378,42.66937]},"properties":{"latitude":"42.66937","longitude":"2.58378","bright_ti4":"367","scan":"0.79","track":"0.78","acq_date":"2026-07-05","acq_time":"1128","satellite":"N20","instrument":"VIIRS","confidence":"h","version":"2.0NRT","bright_ti5":"317.62","frp":"164.65","daynight":"D","commune":"Ille-sur-Têt","code_insee":"66088","departement":"Pyrénées-Orientales","region":"Occitanie"}},{"type":"Feature","geometry":{"type":"Point","coordinates":[2.55474,42.67092]},"properties":{"latitude":"42.67092","longitude":"2.55474","bright_ti4":"367","scan":"0.79","track":"0.78","acq_date":"2026-07-05","acq_time":"1128","satellite":"N20","instrument":"VIIRS","confidence":"h","version":"2.0NRT","bright_ti5":"310.28","frp":"63.91","daynight":"D","commune":"Rodès","code_insee":"66165","departement":"Pyrénées-Orientales","region":"Occitanie"}},{"type":"Feature","geometry":{"type":"Point","coordinates":[2.54622,42.67199]},"properties":{"latitude":"42.67199","longitude":"2.54622","bright_ti4":"348.21","scan":"0.79","track":"0.78","acq_date":"2026-07-05","acq_time":"1128","satellite":"N20","instrument":"VIIRS","confidence":"n","version":"2.0NRT","bright_ti5":"309.26","frp":"57.83","daynight":"D","commune":"Rodès","code_insee":"66165","departement":"Pyrénées-Orientales","region":"Occitanie"}},{"type":"Feature","geometry":{"type":"Point","coordinates":[2.58115,42.67222]},"properties":{"latitude":"42.67222","longitude":"2.58115","bright_ti4":"346.14","scan":"0.79","track":"0.78","acq_date":"2026-07-05","acq_time":"1128","satellite":"N20","instrument":"VIIRS","confidence":"n","version":"2.0NRT","bright_ti5":"315.52","frp":"118.16","daynight":"D","commune":"Ille-sur-Têt","code_insee":"66088","departement":"Pyrénées-Orientales","region":"Occitanie"}},{"type":"Feature","geometry":{"type":"Point","coordinates":[2.60833,42.6738]},"properties":{"latitude":"42.6738","longitude":"2.60833","bright_ti4":"352.24","scan":"0.79","track":"0.78","acq_date":"2026-07-05","acq_time":"1128","satellite":"N20","instrument":"VIIRS","confidence":"n","version":"2.0NRT","bright_ti5":"313.56","frp":"79.72","daynight":"D","commune":"Ille-sur-Têt","code_insee":"66088","departement":"Pyrénées-Orientales","region":"Occitanie"}},{"type":"Feature","geometry":{"type":"Point","coordinates":[2.54285,42.67475]},"properties":{"latitude":"42.67475","longitude":"2.54285","bright_ti4":"353.34","scan":"0.79","track":"0.78","acq_date":"2026-07-05","acq_time":"1128","satellite":"N20","instrument":"VIIRS","confidence":"n","version":"2.0NRT","bright_ti5":"308.48","frp":"63.91","daynight":"D","commune":"Rodès","code_insee":"66165","departement":"Pyrénées-Orientales","region":"Occitanie"}},{"type":"Feature","geometry":{"type":"Point","coordinates":[2.55397,42.67477]},"properties":{"latitude":"42.67477","longitude":"2.55397","bright_ti4":"367","scan":"0.79","track":"0.78","acq_date":"2026-07-05","acq_time":"1128","satellite":"N20","instrument":"VIIRS","confidence":"h","version":"2.0NRT","bright_ti5":"314.11","frp":"74.11","daynight":"D","commune":"Rodès","code_insee":"66165","departement":"Pyrénées-Orientales","region":"Occitanie"}},{"type":"Feature","geometry":{"type":"Point","coordinates":[2.60022,42.67527]},"properties":{"latitude":"42.67527","longitude":"2.60022","bright_ti4":"344.3","scan":"0.79","track":"0.78","acq_date":"2026-07-05","acq_time":"1128","satellite":"N20","instrument":"VIIRS","confidence":"l","version":"2.0NRT","bright_ti5":"315.09","frp":"77.78","daynight":"D","commune":"Ille-sur-Têt","code_insee":"66088","departement":"Pyrénées-Orientales","region":"Occitanie"}},{"type":"Feature","geometry":{"type":"Point","coordinates":[2.61663,42.67673]},"properties":{"latitude":"42.67673","longitude":"2.61663","bright_ti4":"341.36","scan":"0.79","track":"0.78","acq_date":"2026-07-05","acq_time":"1128","satellite":"N20","instrument":"VIIRS","confidence":"n","version":"2.0NRT","bright_ti5":"304.46","frp":"55.54","daynight":"D","commune":"Ille-sur-Têt","code_insee":"66088","departement":"Pyrénées-Orientales","region":"Occitanie"}},{"type":"Feature","geometry":{"type":"Point","coordinates":[2.55063,42.67749]},"properties":{"latitude":"42.67749","longitude":"2.55063","bright_ti4":"354.45","scan":"0.79","track":"0.78","acq_date":"2026-07-05","acq_time":"1128","satellite":"N20","instrument":"VIIRS","confidence":"n","version":"2.0NRT","bright_ti5":"322.03","frp":"63.91","daynight":"D","commune":"Rodès","code_insee":"66165","departement":"Pyrénées-Orientales","region":"Occitanie"}},{"type":"Feature","geometry":{"type":"Point","coordinates":[2.60818,42.67812]},"properties":{"latitude":"42.67812","longitude":"2.60818","bright_ti4":"367","scan":"0.79","track":"0.78","acq_date":"2026-07-05","acq_time":"1128","satellite":"N20","instrument":"VIIRS","confidence":"l","version":"2.0NRT","bright_ti5":"335.62","frp":"84.67","daynight":"D","commune":"Ille-sur-Têt","code_insee":"66088","departement":"Pyrénées-Orientales","region":"Occitanie"}},{"type":"Feature","geometry":{"type":"Point","coordinates":[2.59799,42.67816]},"properties":{"latitude":"42.67816","longitude":"2.59799","bright_ti4":"353.53","scan":"0.79","track":"0.78","acq_date":"2026-07-05","acq_time":"1128","satellite":"N20","instrument":"VIIRS","confidence":"n","version":"2.0NRT","bright_ti5":"319.69","frp":"79.72","daynight":"D","commune":"Ille-sur-Têt","code_insee":"66088","departement":"Pyrénées-Orientales","region":"Occitanie"}},{"type":"Feature","geometry":{"type":"Point","coordinates":[2.54241,42.67867]},"properties":{"latitude":"42.67867","longitude":"2.54241","bright_ti4":"344.26","scan":"0.79","track":"0.78","acq_date":"2026-07-05","acq_time":"1128","satellite":"N20","instrument":"VIIRS","confidence":"n","version":"2.0NRT","bright_ti5":"316.93","frp":"57.83","daynight":"D","commune":"Rodès","code_insee":"66165","departement":"Pyrénées-Orientales","region":"Occitanie"}},{"type":"Feature","geometry":{"type":"Point","coordinates":[2.55843,42.68024]},"properties":{"latitude":"42.68024","longitude":"2.55843","bright_ti4":"347.4","scan":"0.79","track":"0.78","acq_date":"2026-07-05","acq_time":"1128","satellite":"N20","instrument":"VIIRS","confidence":"n","version":"2.0NRT","bright_ti5":"312.84","frp":"67.26","daynight":"D","commune":"Montalba-le-Château","code_insee":"66111","departement":"Pyrénées-Orientales","region":"Occitanie"}},{"type":"Feature","geometry":{"type":"Point","coordinates":[2.6059,42.68095]},"properties":{"latitude":"42.68095","longitude":"2.6059","bright_ti4":"367","scan":"0.79","track":"0.78","acq_date":"2026-07-05","acq_time":"1128","satellite":"N20","instrument":"VIIRS","confidence":"h","version":"2.0NRT","bright_ti5":"329.05","frp":"79.72","daynight":"D","commune":"Ille-sur-Têt","code_insee":"66088","departement":"Pyrénées-Orientales","region":"Occitanie"}},{"type":"Feature","geometry":{"type":"Point","coordinates":[2.61618,42.68098]},"properties":{"latitude":"42.68098","longitude":"2.61618","bright_ti4":"338.95","scan":"0.79","track":"0.78","acq_date":"2026-07-05","acq_time":"1128","satellite":"N20","instrument":"VIIRS","confidence":"n","version":"2.0NRT","bright_ti5":"307.2","frp":"84.67","daynight":"D","commune":"Ille-sur-Têt","code_insee":"66088","departement":"Pyrénées-Orientales","region":"Occitanie"}},{"type":"Feature","geometry":{"type":"Point","coordinates":[2.53901,42.68142]},"properties":{"latitude":"42.68142","longitude":"2.53901","bright_ti4":"345.81","scan":"0.79","track":"0.78","acq_date":"2026-07-05","acq_time":"1128","satellite":"N20","instrument":"VIIRS","confidence":"n","version":"2.0NRT","bright_ti5":"310.57","frp":"114.5","daynight":"D","commune":"Rodès","code_insee":"66165","departement":"Pyrénées-Orientales","region":"Occitanie"}},{"type":"Feature","geometry":{"type":"Point","coordinates":[2.55014,42.68144]},"properties":{"latitude":"42.68144","longitude":"2.55014","bright_ti4":"367","scan":"0.79","track":"0.78","acq_date":"2026-07-05","acq_time":"1128","satellite":"N20","instrument":"VIIRS","confidence":"h","version":"2.0NRT","bright_ti5":"310.75","frp":"74.11","daynight":"D","commune":"Rodès","code_insee":"66165","departement":"Pyrénées-Orientales","region":"Occitanie"}},{"type":"Feature","geometry":{"type":"Point","coordinates":[2.53017,42.68234]},"properties":{"latitude":"42.68234","longitude":"2.53017","bright_ti4":"331.17","scan":"0.79","track":"0.78","acq_date":"2026-07-05","acq_time":"1128","satellite":"N20","instrument":"VIIRS","confidence":"l","version":"2.0NRT","bright_ti5":"305.19","frp":"194.93","daynight":"D","commune":"Rodès","code_insee":"66165","departement":"Pyrénées-Orientales","region":"Occitanie"}},{"type":"Feature","geometry":{"type":"Point","coordinates":[2.59801,42.6825]},"properties":{"latitude":"42.6825","longitude":"2.59801","bright_ti4":"353.5","scan":"0.79","track":"0.78","acq_date":"2026-07-05","acq_time":"1128","satellite":"N20","instrument":"VIIRS","confidence":"n","version":"2.0NRT","bright_ti5":"317.42","frp":"77.78","daynight":"D","commune":"Ille-sur-Têt","code_insee":"66088","departement":"Pyrénées-Orientales","region":"Occitanie"}},{"type":"Feature","geometry":{"type":"Point","coordinates":[2.61385,42.68375]},"properties":{"latitude":"42.68375","longitude":"2.61385","bright_ti4":"367","scan":"0.79","track":"0.78","acq_date":"2026-07-05","acq_time":"1128","satellite":"N20","instrument":"VIIRS","confidence":"h","version":"2.0NRT","bright_ti5":"308.34","frp":"55.54","daynight":"D","commune":"Ille-sur-Têt","code_insee":"66088","departement":"Pyrénées-Orientales","region":"Occitanie"}},{"type":"Feature","geometry":{"type":"Point","coordinates":[2.54689,42.6842]},"properties":{"latitude":"42.6842","longitude":"2.54689","bright_ti4":"367","scan":"0.79","track":"0.78","acq_date":"2026-07-05","acq_time":"1128","satellite":"N20","instrument":"VIIRS","confidence":"h","version":"2.0NRT","bright_ti5":"311.07","frp":"114.5","daynight":"D","commune":"Rodès","code_insee":"66165","departement":"Pyrénées-Orientales","region":"Occitanie"}},{"type":"Feature","geometry":{"type":"Point","coordinates":[2.52646,42.68503]},"properties":{"latitude":"42.68503","longitude":"2.52646","bright_ti4":"348.74","scan":"0.79","track":"0.78","acq_date":"2026-07-05","acq_time":"1128","satellite":"N20","instrument":"VIIRS","confidence":"n","version":"2.0NRT","bright_ti5":"309.17","frp":"182.14","daynight":"D","commune":"Rodès","code_insee":"66165","departement":"Pyrénées-Orientales","region":"Occitanie"}},{"type":"Feature","geometry":{"type":"Point","coordinates":[2.53844,42.68529]},"properties":{"latitude":"42.68529","longitude":"2.53844","bright_ti4":"355.8","scan":"0.79","track":"0.78","acq_date":"2026-07-05","acq_time":"1128","satellite":"N20","instrument":"VIIRS","confidence":"n","version":"2.0NRT","bright_ti5":"307.76","frp":"194.93","daynight":"D","commune":"Rodès","code_insee":"66165","departement":"Pyrénées-Orientales","region":"Occitanie"}},{"type":"Feature","geometry":{"type":"Point","coordinates":[2.59554,42.6853]},"properties":{"latitude":"42.6853","longitude":"2.59554","bright_ti4":"350.87","scan":"0.79","track":"0.78","acq_date":"2026-07-05","acq_time":"1128","satellite":"N20","instrument":"VIIRS","confidence":"n","version":"2.0NRT","bright_ti5":"308.86","frp":"19.05","daynight":"D","commune":"Ille-sur-Têt","code_insee":"66088","departement":"Pyrénées-Orientales","region":"Occitanie"}},{"type":"Feature","geometry":{"type":"Point","coordinates":[2.606,42.68536]},"properties":{"latitude":"42.68536","longitude":"2.606","bright_ti4":"354.2","scan":"0.79","track":"0.78","acq_date":"2026-07-05","acq_time":"1128","satellite":"N20","instrument":"VIIRS","confidence":"n","version":"2.0NRT","bright_ti5":"308.61","frp":"84.67","daynight":"D","commune":"Ille-sur-Têt","code_insee":"66088","departement":"Pyrénées-Orientales","region":"Occitanie"}},{"type":"Feature","geometry":{"type":"Point","coordinates":[2.53501,42.68803]},"properties":{"latitude":"42.68803","longitude":"2.53501","bright_ti4":"367","scan":"0.79","track":"0.78","acq_date":"2026-07-05","acq_time":"1128","satellite":"N20","instrument":"VIIRS","confidence":"h","version":"2.0NRT","bright_ti5":"333.71","frp":"114.5","daynight":"D","commune":"Rodès","code_insee":"66165","departement":"Pyrénées-Orientales","region":"Occitanie"}},{"type":"Feature","geometry":{"type":"Point","coordinates":[2.52634,42.68901]},"properties":{"latitude":"42.68901","longitude":"2.52634","bright_ti4":"367","scan":"0.79","track":"0.78","acq_date":"2026-07-05","acq_time":"1128","satellite":"N20","instrument":"VIIRS","confidence":"l","version":"2.0NRT","bright_ti5":"331.3","frp":"194.93","daynight":"D","commune":"Rodès","code_insee":"66165","departement":"Pyrénées-Orientales","region":"Occitanie"}},{"type":"Feature","geometry":{"type":"Point","coordinates":[2.54324,42.69093]},"properties":{"latitude":"42.69093","longitude":"2.54324","bright_ti4":"345.25","scan":"0.79","track":"0.78","acq_date":"2026-07-05","acq_time":"1128","satellite":"N20","instrument":"VIIRS","confidence":"n","version":"2.0NRT","bright_ti5":"312.78","frp":"114.5","daynight":"D","commune":"Montalba-le-Château","code_insee":"66111","departement":"Pyrénées-Orientales","region":"Occitanie"}},{"type":"Feature","geometry":{"type":"Point","coordinates":[2.52278,42.69176]},"properties":{"latitude":"42.69176","longitude":"2.52278","bright_ti4":"367","scan":"0.79","track":"0.78","acq_date":"2026-07-05","acq_time":"1128","satellite":"N20","instrument":"VIIRS","confidence":"l","version":"2.0NRT","bright_ti5":"326.18","frp":"423.84","daynight":"D","commune":"Tarerach","code_insee":"66201","departement":"Pyrénées-Orientales","region":"Occitanie"}},{"type":"Feature","geometry":{"type":"Point","coordinates":[2.53483,42.69205]},"properties":{"latitude":"42.69205","longitude":"2.53483","bright_ti4":"354.15","scan":"0.79","track":"0.78","acq_date":"2026-07-05","acq_time":"1128","satellite":"N20","instrument":"VIIRS","confidence":"l","version":"2.0NRT","bright_ti5":"338.54","frp":"194.93","daynight":"D","commune":"Montalba-le-Château","code_insee":"66111","departement":"Pyrénées-Orientales","region":"Occitanie"}},{"type":"Feature","geometry":{"type":"Point","coordinates":[2.53142,42.69479]},"properties":{"latitude":"42.69479","longitude":"2.53142","bright_ti4":"367","scan":"0.79","track":"0.78","acq_date":"2026-07-05","acq_time":"1128","satellite":"N20","instrument":"VIIRS","confidence":"h","version":"2.0NRT","bright_ti5":"351.02","frp":"208.76","daynight":"D","commune":"Trévillach","code_insee":"66215","departement":"Pyrénées-Orientales","region":"Occitanie"}},{"type":"Feature","geometry":{"type":"Point","coordinates":[2.54317,42.69502]},"properties":{"latitude":"42.69502","longitude":"2.54317","bright_ti4":"339.22","scan":"0.79","track":"0.78","acq_date":"2026-07-05","acq_time":"1128","satellite":"N20","instrument":"VIIRS","confidence":"n","version":"2.0NRT","bright_ti5":"311.8","frp":"154.27","daynight":"D","commune":"Montalba-le-Château","code_insee":"66111","departement":"Pyrénées-Orientales","region":"Occitanie"}},{"type":"Feature","geometry":{"type":"Point","coordinates":[2.52279,42.69579]},"properties":{"latitude":"42.69579","longitude":"2.52279","bright_ti4":"367","scan":"0.79","track":"0.78","acq_date":"2026-07-05","acq_time":"1128","satellite":"N20","instrument":"VIIRS","confidence":"l","version":"2.0NRT","bright_ti5":"345.57","frp":"145.95","daynight":"D","commune":"Trévillach","code_insee":"66215","departement":"Pyrénées-Orientales","region":"Occitanie"}},{"type":"Feature","geometry":{"type":"Point","coordinates":[2.5398,42.69773]},"properties":{"latitude":"42.69773","longitude":"2.5398","bright_ti4":"367","scan":"0.79","track":"0.78","acq_date":"2026-07-05","acq_time":"1128","satellite":"N20","instrument":"VIIRS","confidence":"h","version":"2.0NRT","bright_ti5":"311.31","frp":"208.76","daynight":"D","commune":"Trévillach","code_insee":"66215","departement":"Pyrénées-Orientales","region":"Occitanie"}},{"type":"Feature","geometry":{"type":"Point","coordinates":[2.53127,42.69882]},"properties":{"latitude":"42.69882","longitude":"2.53127","bright_ti4":"367","scan":"0.79","track":"0.78","acq_date":"2026-07-05","acq_time":"1128","satellite":"N20","instrument":"VIIRS","confidence":"h","version":"2.0NRT","bright_ti5":"319.27","frp":"145.95","daynight":"D","commune":"Trévillach","code_insee":"66215","departement":"Pyrénées-Orientales","region":"Occitanie"}},{"type":"Feature","geometry":{"type":"Point","coordinates":[2.528,42.70161]},"properties":{"latitude":"42.70161","longitude":"2.528","bright_ti4":"367","scan":"0.79","track":"0.78","acq_date":"2026-07-05","acq_time":"1128","satellite":"N20","instrument":"VIIRS","confidence":"h","version":"2.0NRT","bright_ti5":"314.85","frp":"208.76","daynight":"D","commune":"Trévillach","code_insee":"66215","departement":"Pyrénées-Orientales","region":"Occitanie"}},{"type":"Feature","geometry":{"type":"Point","coordinates":[2.53945,42.70174]},"properties":{"latitude":"42.70174","longitude":"2.53945","bright_ti4":"336.35","scan":"0.79","track":"0.78","acq_date":"2026-07-05","acq_time":"1128","satellite":"N20","instrument":"VIIRS","confidence":"n","version":"2.0NRT","bright_ti5":"305.07","frp":"31.87","daynight":"D","commune":"Trévillach","code_insee":"66215","departement":"Pyrénées-Orientales","region":"Occitanie"}},{"type":"Feature","geometry":{"type":"Point","coordinates":[2.51978,42.70276]},"properties":{"latitude":"42.70276","longitude":"2.51978","bright_ti4":"367","scan":"0.79","track":"0.78","acq_date":"2026-07-05","acq_time":"1128","satellite":"N20","instrument":"VIIRS","confidence":"h","version":"2.0NRT","bright_ti5":"313.11","frp":"145.95","daynight":"D","commune":"Trévillach","code_insee":"66215","departement":"Pyrénées-Orientales","region":"Occitanie"}},{"type":"Feature","geometry":{"type":"Point","coordinates":[4.49984,43.90111]},"properties":{"latitude":"43.90111","longitude":"4.49984","bright_ti4":"367","scan":"0.59","track":"0.7","acq_date":"2026-07-05","acq_time":"1128","satellite":"N20","instrument":"VIIRS","confidence":"h","version":"2.0NRT","bright_ti5":"306.39","frp":"144.23","daynight":"D","commune":"Lédenon","code_insee":"30145","departement":"Gard","region":"Occitanie"}},{"type":"Feature","geometry":{"type":"Point","coordinates":[4.49672,43.90472]},"properties":{"latitude":"43.90472","longitude":"4.49672","bright_ti4":"367","scan":"0.59","track":"0.7","acq_date":"2026-07-05","acq_time":"1128","satellite":"N20","instrument":"VIIRS","confidence":"l","version":"2.0NRT","bright_ti5":"333.19","frp":"202.4","daynight":"D","commune":"Lédenon","code_insee":"30145","departement":"Gard","region":"Occitanie"}},{"type":"Feature","geometry":{"type":"Point","coordinates":[4.48981,43.90491]},"properties":{"latitude":"43.90491","longitude":"4.48981","bright_ti4":"341.82","scan":"0.59","track":"0.7","acq_date":"2026-07-05","acq_time":"1128","satellite":"N20","instrument":"VIIRS","confidence":"n","version":"2.0NRT","bright_ti5":"308.51","frp":"87.7","daynight":"D","commune":"Cabrières","code_insee":"30057","departement":"Gard","region":"Occitanie"}},{"type":"Feature","geometry":{"type":"Point","coordinates":[4.50326,43.90685]},"properties":{"latitude":"43.90685","longitude":"4.50326","bright_ti4":"367","scan":"0.59","track":"0.7","acq_date":"2026-07-05","acq_time":"1128","satellite":"N20","instrument":"VIIRS","confidence":"h","version":"2.0NRT","bright_ti5":"314.53","frp":"192.43","daynight":"D","commune":"Lédenon","code_insee":"30145","departement":"Gard","region":"Occitanie"}},{"type":"Feature","geometry":{"type":"Point","coordinates":[4.49673,43.90721]},"properties":{"latitude":"43.90721","longitude":"4.49673","bright_ti4":"367","scan":"0.59","track":"0.7","acq_date":"2026-07-05","acq_time":"1128","satellite":"N20","instrument":"VIIRS","confidence":"l","version":"2.0NRT","bright_ti5":"351.69","frp":"144.23","daynight":"D","commune":"Lédenon","code_insee":"30145","departement":"Gard","region":"Occitanie"}},{"type":"Feature","geometry":{"type":"Point","coordinates":[4.50318,43.90936]},"properties":{"latitude":"43.90936","longitude":"4.50318","bright_ti4":"367","scan":"0.59","track":"0.7","acq_date":"2026-07-05","acq_time":"1128","satellite":"N20","instrument":"VIIRS","confidence":"h","version":"2.0NRT","bright_ti5":"321.75","frp":"144.23","daynight":"D","commune":"Lédenon","code_insee":"30145","departement":"Gard","region":"Occitanie"}},{"type":"Feature","geometry":{"type":"Point","coordinates":[4.4938,43.91088]},"properties":{"latitude":"43.91088","longitude":"4.4938","bright_ti4":"349.11","scan":"0.59","track":"0.7","acq_date":"2026-07-05","acq_time":"1128","satellite":"N20","instrument":"VIIRS","confidence":"n","version":"2.0NRT","bright_ti5":"311.13","frp":"72.04","daynight":"D","commune":"Lédenon","code_insee":"30145","departement":"Gard","region":"Occitanie"}},{"type":"Feature","geometry":{"type":"Point","coordinates":[4.50033,43.91301]},"properties":{"latitude":"43.91301","longitude":"4.50033","bright_ti4":"367","scan":"0.59","track":"0.7","acq_date":"2026-07-05","acq_time":"1128","satellite":"N20","instrument":"VIIRS","confidence":"l","version":"2.0NRT","bright_ti5":"335.44","frp":"81.86","daynight":"D","commune":"Lédenon","code_insee":"30145","departement":"Gard","region":"Occitanie"}},{"type":"Feature","geometry":{"type":"Point","coordinates":[4.49379,43.91336]},"properties":{"latitude":"43.91336","longitude":"4.49379","bright_ti4":"345.13","scan":"0.59","track":"0.7","acq_date":"2026-07-05","acq_time":"1128","satellite":"N20","instrument":"VIIRS","confidence":"n","version":"2.0NRT","bright_ti5":"307.17","frp":"20.29","daynight":"D","commune":"Lédenon","code_insee":"30145","departement":"Gard","region":"Occitanie"}},{"type":"Feature","geometry":{"type":"Point","coordinates":[4.50673,43.9151]},"properties":{"latitude":"43.9151","longitude":"4.50673","bright_ti4":"367","scan":"0.59","track":"0.7","acq_date":"2026-07-05","acq_time":"1128","satellite":"N20","instrument":"VIIRS","confidence":"h","version":"2.0NRT","bright_ti5":"306.27","frp":"81.86","daynight":"D","commune":"Lédenon","code_insee":"30145","departement":"Gard","region":"Occitanie"}},{"type":"Feature","geometry":{"type":"Point","coordinates":[4.50034,43.91555]},"properties":{"latitude":"43.91555","longitude":"4.50034","bright_ti4":"367","scan":"0.59","track":"0.7","acq_date":"2026-07-05","acq_time":"1128","satellite":"N20","instrument":"VIIRS","confidence":"h","version":"2.0NRT","bright_ti5":"310.93","frp":"20.29","daynight":"D","commune":"Lédenon","code_insee":"30145","departement":"Gard","region":"Occitanie"}},{"type":"Feature","geometry":{"type":"Point","coordinates":[5.33339,44.71984]},"properties":{"latitude":"44.71984","longitude":"5.33339","bright_ti4":"345.77","scan":"0.51","track":"0.66","acq_date":"2026-07-05","acq_time":"1128","satellite":"N20","instrument":"VIIRS","confidence":"n","version":"2.0NRT","bright_ti5":"304.92","frp":"13.3","daynight":"D","commune":"Barsac","code_insee":"26027","departement":"Drôme","region":"Auvergne-Rhône-Alpes"}},{"type":"Feature","geometry":{"type":"Point","coordinates":[3.22655,46.84815]},"properties":{"latitude":"46.84815","longitude":"3.22655","bright_ti4":"355.47","scan":"0.54","track":"0.67","acq_date":"2026-07-05","acq_time":"1130","satellite":"N20","instrument":"VIIRS","confidence":"n","version":"2.0NRT","bright_ti5":"303.35","frp":"11.98","daynight":"D","commune":"Saint-Parize-le-Châtel","code_insee":"58260","departement":"Nièvre","region":"Bourgogne-Franche-Comté"}},{"type":"Feature","geometry":{"type":"Point","coordinates":[2.57863,42.65524]},"properties":{"latitude":"42.65524","longitude":"2.57863","bright_ti4":"344.06","scan":"0.52","track":"0.41","acq_date":"2026-07-05","acq_time":"1308","satellite":"N20","instrument":"VIIRS","confidence":"n","version":"2.0NRT","bright_ti5":"310.14","frp":"18.85","daynight":"D","commune":"Bouleternère","code_insee":"66023","departement":"Pyrénées-Orientales","region":"Occitanie"}},{"type":"Feature","geometry":{"type":"Point","coordinates":[2.55611,42.65934]},"properties":{"latitude":"42.65934","longitude":"2.55611","bright_ti4":"367","scan":"0.52","track":"0.41","acq_date":"2026-07-05","acq_time":"1308","satellite":"N20","instrument":"VIIRS","confidence":"h","version":"2.0NRT","bright_ti5":"347.07","frp":"196.4","daynight":"D","commune":"Rodès","code_insee":"66165","departement":"Pyrénées-Orientales","region":"Occitanie"}},{"type":"Feature","geometry":{"type":"Point","coordinates":[2.5756,42.66135]},"properties":{"latitude":"42.66135","longitude":"2.5756","bright_ti4":"348.01","scan":"0.52","track":"0.41","acq_date":"2026-07-05","acq_time":"1308","satellite":"N20","instrument":"VIIRS","confidence":"n","version":"2.0NRT","bright_ti5":"311.18","frp":"38.88","daynight":"D","commune":"Ille-sur-Têt","code_insee":"66088","departement":"Pyrénées-Orientales","region":"Occitanie"}},{"type":"Feature","geometry":{"type":"Point","coordinates":[2.58214,42.66202]},"properties":{"latitude":"42.66202","longitude":"2.58214","bright_ti4":"354.89","scan":"0.52","track":"0.41","acq_date":"2026-07-05","acq_time":"1308","satellite":"N20","instrument":"VIIRS","confidence":"n","version":"2.0NRT","bright_ti5":"313.11","frp":"58.82","daynight":"D","commune":"Ille-sur-Têt","code_insee":"66088","departement":"Pyrénées-Orientales","region":"Occitanie"}},{"type":"Feature","geometry":{"type":"Point","coordinates":[2.57467,42.66513]},"properties":{"latitude":"42.66513","longitude":"2.57467","bright_ti4":"367","scan":"0.52","track":"0.41","acq_date":"2026-07-05","acq_time":"1308","satellite":"N20","instrument":"VIIRS","confidence":"h","version":"2.0NRT","bright_ti5":"316.44","frp":"26.49","daynight":"D","commune":"Ille-sur-Têt","code_insee":"66088","departement":"Pyrénées-Orientales","region":"Occitanie"}},{"type":"Feature","geometry":{"type":"Point","coordinates":[2.58116,42.6658]},"properties":{"latitude":"42.6658","longitude":"2.58116","bright_ti4":"367","scan":"0.52","track":"0.41","acq_date":"2026-07-05","acq_time":"1308","satellite":"N20","instrument":"VIIRS","confidence":"h","version":"2.0NRT","bright_ti5":"337.48","frp":"109.62","daynight":"D","commune":"Ille-sur-Têt","code_insee":"66088","departement":"Pyrénées-Orientales","region":"Occitanie"}},{"type":"Feature","geometry":{"type":"Point","coordinates":[2.54749,42.66619]},"properties":{"latitude":"42.66619","longitude":"2.54749","bright_ti4":"367","scan":"0.52","track":"0.41","acq_date":"2026-07-05","acq_time":"1308","satellite":"N20","instrument":"VIIRS","confidence":"l","version":"2.0NRT","bright_ti5":"325.91","frp":"77.66","daynight":"D","commune":"Rodès","code_insee":"66165","departement":"Pyrénées-Orientales","region":"Occitanie"}},{"type":"Feature","geometry":{"type":"Point","coordinates":[2.55389,42.66686]},"properties":{"latitude":"42.66686","longitude":"2.55389","bright_ti4":"348.66","scan":"0.52","track":"0.41","acq_date":"2026-07-05","acq_time":"1308","satellite":"N20","instrument":"VIIRS","confidence":"n","version":"2.0NRT","bright_ti5":"314.09","frp":"96.26","daynight":"D","commune":"Rodès","code_insee":"66165","departement":"Pyrénées-Orientales","region":"Occitanie"}},{"type":"Feature","geometry":{"type":"Point","coordinates":[2.57375,42.66892]},"properties":{"latitude":"42.66892","longitude":"2.57375","bright_ti4":"345.03","scan":"0.52","track":"0.41","acq_date":"2026-07-05","acq_time":"1308","satellite":"N20","instrument":"VIIRS","confidence":"n","version":"2.0NRT","bright_ti5":"313.71","frp":"26.49","daynight":"D","commune":"Ille-sur-Têt","code_insee":"66088","departement":"Pyrénées-Orientales","region":"Occitanie"}},{"type":"Feature","geometry":{"type":"Point","coordinates":[2.54642,42.66996]},"properties":{"latitude":"42.66996","longitude":"2.54642","bright_ti4":"367","scan":"0.52","track":"0.41","acq_date":"2026-07-05","acq_time":"1308","satellite":"N20","instrument":"VIIRS","confidence":"h","version":"2.0NRT","bright_ti5":"344.15","frp":"150.99","daynight":"D","commune":"Rodès","code_insee":"66165","departement":"Pyrénées-Orientales","region":"Occitanie"}},{"type":"Feature","geometry":{"type":"Point","coordinates":[2.53925,42.67309]},"properties":{"latitude":"42.67309","longitude":"2.53925","bright_ti4":"367","scan":"0.52","track":"0.41","acq_date":"2026-07-05","acq_time":"1308","satellite":"N20","instrument":"VIIRS","confidence":"h","version":"2.0NRT","bright_ti5":"333.67","frp":"150.99","daynight":"D","commune":"Rodès","code_insee":"66165","departement":"Pyrénées-Orientales","region":"Occitanie"}},{"type":"Feature","geometry":{"type":"Point","coordinates":[2.54561,42.67375]},"properties":{"latitude":"42.67375","longitude":"2.54561","bright_ti4":"367","scan":"0.52","track":"0.41","acq_date":"2026-07-05","acq_time":"1308","satellite":"N20","instrument":"VIIRS","confidence":"l","version":"2.0NRT","bright_ti5":"341.51","frp":"150.99","daynight":"D","commune":"Rodès","code_insee":"66165","departement":"Pyrénées-Orientales","region":"Occitanie"}},{"type":"Feature","geometry":{"type":"Point","coordinates":[2.56528,42.6758]},"properties":{"latitude":"42.6758","longitude":"2.56528","bright_ti4":"348.39","scan":"0.52","track":"0.41","acq_date":"2026-07-05","acq_time":"1308","satellite":"N20","instrument":"VIIRS","confidence":"l","version":"2.0NRT","bright_ti5":"319.39","frp":"19.52","daynight":"D","commune":"Ille-sur-Têt","code_insee":"66088","departement":"Pyrénées-Orientales","region":"Occitanie"}},{"type":"Feature","geometry":{"type":"Point","coordinates":[2.60533,42.67607]},"properties":{"latitude":"42.67607","longitude":"2.60533","bright_ti4":"343.27","scan":"0.52","track":"0.42","acq_date":"2026-07-05","acq_time":"1308","satellite":"N20","instrument":"VIIRS","confidence":"l","version":"2.0NRT","bright_ti5":"317.74","frp":"56.79","daynight":"D","commune":"Ille-sur-Têt","code_insee":"66088","departement":"Pyrénées-Orientales","region":"Occitanie"}},{"type":"Feature","geometry":{"type":"Point","coordinates":[2.53845,42.67687]},"properties":{"latitude":"42.67687","longitude":"2.53845","bright_ti4":"367","scan":"0.52","track":"0.41","acq_date":"2026-07-05","acq_time":"1308","satellite":"N20","instrument":"VIIRS","confidence":"h","version":"2.0NRT","bright_ti5":"361.59","frp":"177.52","daynight":"D","commune":"Rodès","code_insee":"66165","departement":"Pyrénées-Orientales","region":"Occitanie"}},{"type":"Feature","geometry":{"type":"Point","coordinates":[2.54487,42.67755]},"properties":{"latitude":"42.67755","longitude":"2.54487","bright_ti4":"355.9","scan":"0.52","track":"0.41","acq_date":"2026-07-05","acq_time":"1308","satellite":"N20","instrument":"VIIRS","confidence":"n","version":"2.0NRT","bright_ti5":"320.46","frp":"177.52","daynight":"D","commune":"Rodès","code_insee":"66165","departement":"Pyrénées-Orientales","region":"Occitanie"}},{"type":"Feature","geometry":{"type":"Point","coordinates":[2.53767,42.68067]},"properties":{"latitude":"42.68067","longitude":"2.53767","bright_ti4":"367","scan":"0.52","track":"0.41","acq_date":"2026-07-05","acq_time":"1308","satellite":"N20","instrument":"VIIRS","confidence":"h","version":"2.0NRT","bright_ti5":"342.9","frp":"177.52","daynight":"D","commune":"Rodès","code_insee":"66165","departement":"Pyrénées-Orientales","region":"Occitanie"}},{"type":"Feature","geometry":{"type":"Point","coordinates":[2.55069,42.68203]},"properties":{"latitude":"42.68203","longitude":"2.55069","bright_ti4":"349.88","scan":"0.52","track":"0.41","acq_date":"2026-07-05","acq_time":"1308","satellite":"N20","instrument":"VIIRS","confidence":"l","version":"2.0NRT","bright_ti5":"321.3","frp":"30.42","daynight":"D","commune":"Montalba-le-Château","code_insee":"66111","departement":"Pyrénées-Orientales","region":"Occitanie"}},{"type":"Feature","geometry":{"type":"Point","coordinates":[2.5902,42.68227]},"properties":{"latitude":"42.68227","longitude":"2.5902","bright_ti4":"367","scan":"0.52","track":"0.41","acq_date":"2026-07-05","acq_time":"1308","satellite":"N20","instrument":"VIIRS","confidence":"h","version":"2.0NRT","bright_ti5":"328.39","frp":"84.67","daynight":"D","commune":"Ille-sur-Têt","code_insee":"66088","departement":"Pyrénées-Orientales","region":"Occitanie"}},{"type":"Feature","geometry":{"type":"Point","coordinates":[2.59679,42.68295]},"properties":{"latitude":"42.68295","longitude":"2.59679","bright_ti4":"367","scan":"0.52","track":"0.41","acq_date":"2026-07-05","acq_time":"1308","satellite":"N20","instrument":"VIIRS","confidence":"h","version":"2.0NRT","bright_ti5":"357.46","frp":"84.67","daynight":"D","commune":"Ille-sur-Têt","code_insee":"66088","departement":"Pyrénées-Orientales","region":"Occitanie"}},{"type":"Feature","geometry":{"type":"Point","coordinates":[2.60337,42.68364]},"properties":{"latitude":"42.68364","longitude":"2.60337","bright_ti4":"367","scan":"0.52","track":"0.42","acq_date":"2026-07-05","acq_time":"1308","satellite":"N20","instrument":"VIIRS","confidence":"h","version":"2.0NRT","bright_ti5":"344.4","frp":"124.06","daynight":"D","commune":"Ille-sur-Têt","code_insee":"66088","departement":"Pyrénées-Orientales","region":"Occitanie"}},{"type":"Feature","geometry":{"type":"Point","coordinates":[2.53053,42.68379]},"properties":{"latitude":"42.68379","longitude":"2.53053","bright_ti4":"367","scan":"0.52","track":"0.41","acq_date":"2026-07-05","acq_time":"1308","satellite":"N20","instrument":"VIIRS","confidence":"l","version":"2.0NRT","bright_ti5":"351.56","frp":"135.65","daynight":"D","commune":"Rodès","code_insee":"66165","departement":"Pyrénées-Orientales","region":"Occitanie"}},{"type":"Feature","geometry":{"type":"Point","coordinates":[2.53695,42.68446]},"properties":{"latitude":"42.68446","longitude":"2.53695","bright_ti4":"367","scan":"0.52","track":"0.41","acq_date":"2026-07-05","acq_time":"1308","satellite":"N20","instrument":"VIIRS","confidence":"h","version":"2.0NRT","bright_ti5":"326.21","frp":"24.96","daynight":"D","commune":"Rodès","code_insee":"66165","departement":"Pyrénées-Orientales","region":"Occitanie"}},{"type":"Feature","geometry":{"type":"Point","coordinates":[2.54344,42.68515]},"properties":{"latitude":"42.68515","longitude":"2.54344","bright_ti4":"349.46","scan":"0.52","track":"0.41","acq_date":"2026-07-05","acq_time":"1308","satellite":"N20","instrument":"VIIRS","confidence":"n","version":"2.0NRT","bright_ti5":"319.61","frp":"24.96","daynight":"D","commune":"Rodès","code_insee":"66165","departement":"Pyrénées-Orientales","region":"Occitanie"}},{"type":"Feature","geometry":{"type":"Point","coordinates":[2.59585,42.68674]},"properties":{"latitude":"42.68674","longitude":"2.59585","bright_ti4":"346.72","scan":"0.52","track":"0.41","acq_date":"2026-07-05","acq_time":"1308","satellite":"N20","instrument":"VIIRS","confidence":"n","version":"2.0NRT","bright_ti5":"320.82","frp":"84.67","daynight":"D","commune":"Ille-sur-Têt","code_insee":"66088","departement":"Pyrénées-Orientales","region":"Occitanie"}},{"type":"Feature","geometry":{"type":"Point","coordinates":[2.52977,42.68759]},"properties":{"latitude":"42.68759","longitude":"2.52977","bright_ti4":"355.24","scan":"0.52","track":"0.41","acq_date":"2026-07-05","acq_time":"1308","satellite":"N20","instrument":"VIIRS","confidence":"n","version":"2.0NRT","bright_ti5":"323.27","frp":"135.65","daynight":"D","commune":"Rodès","code_insee":"66165","departement":"Pyrénées-Orientales","region":"Occitanie"}},{"type":"Feature","geometry":{"type":"Point","coordinates":[2.56917,42.68784]},"properties":{"latitude":"42.68784","longitude":"2.56917","bright_ti4":"353.76","scan":"0.52","track":"0.41","acq_date":"2026-07-05","acq_time":"1308","satellite":"N20","instrument":"VIIRS","confidence":"l","version":"2.0NRT","bright_ti5":"324.04","frp":"63.31","daynight":"D","commune":"Montalba-le-Château","code_insee":"66111","departement":"Pyrénées-Orientales","region":"Occitanie"}},{"type":"Feature","geometry":{"type":"Point","coordinates":[2.53621,42.68826]},"properties":{"latitude":"42.68826","longitude":"2.53621","bright_ti4":"351.06","scan":"0.52","track":"0.41","acq_date":"2026-07-05","acq_time":"1308","satellite":"N20","instrument":"VIIRS","confidence":"n","version":"2.0NRT","bright_ti5":"322.25","frp":"24.96","daynight":"D","commune":"Rodès","code_insee":"66165","departement":"Pyrénées-Orientales","region":"Occitanie"}},{"type":"Feature","geometry":{"type":"Point","coordinates":[2.52263,42.69071]},"properties":{"latitude":"42.69071","longitude":"2.52263","bright_ti4":"367","scan":"0.52","track":"0.41","acq_date":"2026-07-05","acq_time":"1308","satellite":"N20","instrument":"VIIRS","confidence":"h","version":"2.0NRT","bright_ti5":"335.07","frp":"37.36","daynight":"D","commune":"Tarerach","code_insee":"66201","departement":"Pyrénées-Orientales","region":"Occitanie"}},{"type":"Feature","geometry":{"type":"Point","coordinates":[2.52898,42.69137]},"properties":{"latitude":"42.69137","longitude":"2.52898","bright_ti4":"350.76","scan":"0.52","track":"0.41","acq_date":"2026-07-05","acq_time":"1308","satellite":"N20","instrument":"VIIRS","confidence":"n","version":"2.0NRT","bright_ti5":"325.18","frp":"37.36","daynight":"D","commune":"Rodès","code_insee":"66165","departement":"Pyrénées-Orientales","region":"Occitanie"}},{"type":"Feature","geometry":{"type":"Point","coordinates":[2.54827,42.6934]},"properties":{"latitude":"42.6934","longitude":"2.54827","bright_ti4":"347.1","scan":"0.52","track":"0.41","acq_date":"2026-07-05","acq_time":"1308","satellite":"N20","instrument":"VIIRS","confidence":"l","version":"2.0NRT","bright_ti5":"321.93","frp":"10.44","daynight":"D","commune":"Montalba-le-Château","code_insee":"66111","departement":"Pyrénées-Orientales","region":"Occitanie"}},{"type":"Feature","geometry":{"type":"Point","coordinates":[2.55468,42.69408]},"properties":{"latitude":"42.69408","longitude":"2.55468","bright_ti4":"353.71","scan":"0.52","track":"0.41","acq_date":"2026-07-05","acq_time":"1308","satellite":"N20","instrument":"VIIRS","confidence":"n","version":"2.0NRT","bright_ti5":"320.18","frp":"10.44","daynight":"D","commune":"Montalba-le-Château","code_insee":"66111","departement":"Pyrénées-Orientales","region":"Occitanie"}},{"type":"Feature","geometry":{"type":"Point","coordinates":[2.5218,42.69449]},"properties":{"latitude":"42.69449","longitude":"2.5218","bright_ti4":"367","scan":"0.52","track":"0.41","acq_date":"2026-07-05","acq_time":"1308","satellite":"N20","instrument":"VIIRS","confidence":"l","version":"2.0NRT","bright_ti5":"333.95","frp":"37.36","daynight":"D","commune":"Tarerach","code_insee":"66201","departement":"Pyrénées-Orientales","region":"Occitanie"}},{"type":"Feature","geometry":{"type":"Point","coordinates":[2.52737,42.69895]},"properties":{"latitude":"42.69895","longitude":"2.52737","bright_ti4":"367","scan":"0.52","track":"0.41","acq_date":"2026-07-05","acq_time":"1308","satellite":"N20","instrument":"VIIRS","confidence":"l","version":"2.0NRT","bright_ti5":"326.19","frp":"79.04","daynight":"D","commune":"Trévillach","code_insee":"66215","departement":"Pyrénées-Orientales","region":"Occitanie"}},{"type":"Feature","geometry":{"type":"Point","coordinates":[2.53379,42.69963]},"properties":{"latitude":"42.69963","longitude":"2.53379","bright_ti4":"367","scan":"0.52","track":"0.41","acq_date":"2026-07-05","acq_time":"1308","satellite":"N20","instrument":"VIIRS","confidence":"h","version":"2.0NRT","bright_ti5":"336.72","frp":"100.3","daynight":"D","commune":"Trévillach","code_insee":"66215","departement":"Pyrénées-Orientales","region":"Occitanie"}},{"type":"Feature","geometry":{"type":"Point","coordinates":[2.52563,42.70651]},"properties":{"latitude":"42.70651","longitude":"2.52563","bright_ti4":"348.32","scan":"0.52","track":"0.41","acq_date":"2026-07-05","acq_time":"1308","satellite":"N20","instrument":"VIIRS","confidence":"n","version":"2.0NRT","bright_ti5":"316.3","frp":"16.38","daynight":"D","commune":"Trévillach","code_insee":"66215","departement":"Pyrénées-Orientales","region":"Occitanie"}},{"type":"Feature","geometry":{"type":"Point","coordinates":[4.89728,43.44824]},"properties":{"latitude":"43.44824","longitude":"4.89728","bright_ti4":"342.63","scan":"0.45","track":"0.47","acq_date":"2026-07-05","acq_time":"1308","satellite":"N20","instrument":"VIIRS","confidence":"l","version":"2.0NRT","bright_ti5":"316.22","frp":"7.33","daynight":"D","commune":"Fos-sur-Mer","code_insee":"13039","departement":"Bouches-du-Rhône","region":"Provence-Alpes-Côte d'Azur"}},{"type":"Feature","geometry":{"type":"Point","coordinates":[4.49534,43.884]},"properties":{"latitude":"43.884","longitude":"4.49534","bright_ti4":"346.3","scan":"0.43","track":"0.46","acq_date":"2026-07-05","acq_time":"1308","satellite":"N20","instrument":"VIIRS","confidence":"n","version":"2.0NRT","bright_ti5":"311.7","frp":"22.86","daynight":"D","commune":"Bezouce","code_insee":"30039","departement":"Gard","region":"Occitanie"}},{"type":"Feature","geometry":{"type":"Point","coordinates":[4.48904,43.88776]},"properties":{"latitude":"43.88776","longitude":"4.48904","bright_ti4":"355.61","scan":"0.43","track":"0.46","acq_date":"2026-07-05","acq_time":"1308","satellite":"N20","instrument":"VIIRS","confidence":"n","version":"2.0NRT","bright_ti5":"323.25","frp":"22.86","daynight":"D","commune":"Bezouce","code_insee":"30039","departement":"Gard","region":"Occitanie"}},{"type":"Feature","geometry":{"type":"Point","coordinates":[4.49451,43.88823]},"properties":{"latitude":"43.88823","longitude":"4.49451","bright_ti4":"350.92","scan":"0.43","track":"0.46","acq_date":"2026-07-05","acq_time":"1308","satellite":"N20","instrument":"VIIRS","confidence":"l","version":"2.0NRT","bright_ti5":"335.95","frp":"22.86","daynight":"D","commune":"Bezouce","code_insee":"30039","departement":"Gard","region":"Occitanie"}},{"type":"Feature","geometry":{"type":"Point","coordinates":[4.50001,43.88871]},"properties":{"latitude":"43.88871","longitude":"4.50001","bright_ti4":"367","scan":"0.43","track":"0.46","acq_date":"2026-07-05","acq_time":"1308","satellite":"N20","instrument":"VIIRS","confidence":"l","version":"2.0NRT","bright_ti5":"332.21","frp":"59.5","daynight":"D","commune":"Bezouce","code_insee":"30039","departement":"Gard","region":"Occitanie"}},{"type":"Feature","geometry":{"type":"Point","coordinates":[4.48831,43.89199]},"properties":{"latitude":"43.89199","longitude":"4.48831","bright_ti4":"367","scan":"0.43","track":"0.46","acq_date":"2026-07-05","acq_time":"1308","satellite":"N20","instrument":"VIIRS","confidence":"l","version":"2.0NRT","bright_ti5":"336.7","frp":"43.79","daynight":"D","commune":"Bezouce","code_insee":"30039","departement":"Gard","region":"Occitanie"}},{"type":"Feature","geometry":{"type":"Point","coordinates":[4.49371,43.89246]},"properties":{"latitude":"43.89246","longitude":"4.49371","bright_ti4":"355.08","scan":"0.43","track":"0.46","acq_date":"2026-07-05","acq_time":"1308","satellite":"N20","instrument":"VIIRS","confidence":"l","version":"2.0NRT","bright_ti5":"335.32","frp":"43.79","daynight":"D","commune":"Bezouce","code_insee":"30039","departement":"Gard","region":"Occitanie"}},{"type":"Feature","geometry":{"type":"Point","coordinates":[4.49915,43.89293]},"properties":{"latitude":"43.89293","longitude":"4.49915","bright_ti4":"367","scan":"0.43","track":"0.46","acq_date":"2026-07-05","acq_time":"1308","satellite":"N20","instrument":"VIIRS","confidence":"h","version":"2.0NRT","bright_ti5":"349.8","frp":"41.04","daynight":"D","commune":"Bezouce","code_insee":"30039","departement":"Gard","region":"Occitanie"}},{"type":"Feature","geometry":{"type":"Point","coordinates":[4.50465,43.89341]},"properties":{"latitude":"43.89341","longitude":"4.50465","bright_ti4":"342.64","scan":"0.43","track":"0.46","acq_date":"2026-07-05","acq_time":"1308","satellite":"N20","instrument":"VIIRS","confidence":"n","version":"2.0NRT","bright_ti5":"310.74","frp":"41.04","daynight":"D","commune":"Bezouce","code_insee":"30039","departement":"Gard","region":"Occitanie"}},{"type":"Feature","geometry":{"type":"Point","coordinates":[4.48518,43.89518]},"properties":{"latitude":"43.89518","longitude":"4.48518","bright_ti4":"367","scan":"0.43","track":"0.46","acq_date":"2026-07-05","acq_time":"1308","satellite":"N20","instrument":"VIIRS","confidence":"l","version":"2.0NRT","bright_ti5":"326.73","frp":"36.97","daynight":"D","commune":"Cabrières","code_insee":"30057","departement":"Gard","region":"Occitanie"}},{"type":"Feature","geometry":{"type":"Point","coordinates":[4.49052,43.89561]},"properties":{"latitude":"43.89561","longitude":"4.49052","bright_ti4":"351.42","scan":"0.43","track":"0.46","acq_date":"2026-07-05","acq_time":"1308","satellite":"N20","instrument":"VIIRS","confidence":"l","version":"2.0NRT","bright_ti5":"342.4","frp":"48.15","daynight":"D","commune":"Bezouce","code_insee":"30039","departement":"Gard","region":"Occitanie"}},{"type":"Feature","geometry":{"type":"Point","coordinates":[4.4959,43.89605]},"properties":{"latitude":"43.89605","longitude":"4.4959","bright_ti4":"354.48","scan":"0.43","track":"0.46","acq_date":"2026-07-05","acq_time":"1308","satellite":"N20","instrument":"VIIRS","confidence":"l","version":"2.0NRT","bright_ti5":"336.14","frp":"48.15","daynight":"D","commune":"Bezouce","code_insee":"30039","departement":"Gard","region":"Occitanie"}},{"type":"Feature","geometry":{"type":"Point","coordinates":[4.4876,43.89622]},"properties":{"latitude":"43.89622","longitude":"4.4876","bright_ti4":"367","scan":"0.43","track":"0.46","acq_date":"2026-07-05","acq_time":"1308","satellite":"N20","instrument":"VIIRS","confidence":"h","version":"2.0NRT","bright_ti5":"342.95","frp":"43.79","daynight":"D","commune":"Cabrières","code_insee":"30057","departement":"Gard","region":"Occitanie"}},{"type":"Feature","geometry":{"type":"Point","coordinates":[4.50135,43.8965]},"properties":{"latitude":"43.8965","longitude":"4.50135","bright_ti4":"367","scan":"0.44","track":"0.46","acq_date":"2026-07-05","acq_time":"1308","satellite":"N20","instrument":"VIIRS","confidence":"l","version":"2.0NRT","bright_ti5":"333.76","frp":"58.83","daynight":"D","commune":"Bezouce","code_insee":"30039","departement":"Gard","region":"Occitanie"}},{"type":"Feature","geometry":{"type":"Point","coordinates":[4.49293,43.89669]},"properties":{"latitude":"43.89669","longitude":"4.49293","bright_ti4":"353.91","scan":"0.43","track":"0.46","acq_date":"2026-07-05","acq_time":"1308","satellite":"N20","instrument":"VIIRS","confidence":"l","version":"2.0NRT","bright_ti5":"339.87","frp":"43.79","daynight":"D","commune":"Bezouce","code_insee":"30039","departement":"Gard","region":"Occitanie"}},{"type":"Feature","geometry":{"type":"Point","coordinates":[4.49833,43.89716]},"properties":{"latitude":"43.89716","longitude":"4.49833","bright_ti4":"367","scan":"0.43","track":"0.46","acq_date":"2026-07-05","acq_time":"1308","satellite":"N20","instrument":"VIIRS","confidence":"h","version":"2.0NRT","bright_ti5":"344.34","frp":"41.04","daynight":"D","commune":"Bezouce","code_insee":"30039","departement":"Gard","region":"Occitanie"}},{"type":"Feature","geometry":{"type":"Point","coordinates":[4.50384,43.89764]},"properties":{"latitude":"43.89764","longitude":"4.50384","bright_ti4":"343.66","scan":"0.43","track":"0.46","acq_date":"2026-07-05","acq_time":"1308","satellite":"N20","instrument":"VIIRS","confidence":"n","version":"2.0NRT","bright_ti5":"317.59","frp":"41.04","daynight":"D","commune":"Lédenon","code_insee":"30145","departement":"Gard","region":"Occitanie"}},{"type":"Feature","geometry":{"type":"Point","coordinates":[4.48436,43.89941]},"properties":{"latitude":"43.89941","longitude":"4.48436","bright_ti4":"367","scan":"0.43","track":"0.46","acq_date":"2026-07-05","acq_time":"1308","satellite":"N20","instrument":"VIIRS","confidence":"h","version":"2.0NRT","bright_ti5":"325.42","frp":"36.97","daynight":"D","commune":"Cabrières","code_insee":"30057","departement":"Gard","region":"Occitanie"}},{"type":"Feature","geometry":{"type":"Point","coordinates":[4.48973,43.89985]},"properties":{"latitude":"43.89985","longitude":"4.48973","bright_ti4":"367","scan":"0.43","track":"0.46","acq_date":"2026-07-05","acq_time":"1308","satellite":"N20","instrument":"VIIRS","confidence":"l","version":"2.0NRT","bright_ti5":"342.74","frp":"48.15","daynight":"D","commune":"Cabrières","code_insee":"30057","departement":"Gard","region":"Occitanie"}},{"type":"Feature","geometry":{"type":"Point","coordinates":[4.49513,43.90029]},"properties":{"latitude":"43.90029","longitude":"4.49513","bright_ti4":"367","scan":"0.43","track":"0.46","acq_date":"2026-07-05","acq_time":"1308","satellite":"N20","instrument":"VIIRS","confidence":"h","version":"2.0NRT","bright_ti5":"333.8","frp":"48.15","daynight":"D","commune":"Lédenon","code_insee":"30145","departement":"Gard","region":"Occitanie"}},{"type":"Feature","geometry":{"type":"Point","coordinates":[4.48678,43.90045]},"properties":{"latitude":"43.90045","longitude":"4.48678","bright_ti4":"367","scan":"0.43","track":"0.46","acq_date":"2026-07-05","acq_time":"1308","satellite":"N20","instrument":"VIIRS","confidence":"l","version":"2.0NRT","bright_ti5":"333.82","frp":"49.26","daynight":"D","commune":"Cabrières","code_insee":"30057","departement":"Gard","region":"Occitanie"}},{"type":"Feature","geometry":{"type":"Point","coordinates":[4.50063,43.90074]},"properties":{"latitude":"43.90074","longitude":"4.50063","bright_ti4":"367","scan":"0.44","track":"0.46","acq_date":"2026-07-05","acq_time":"1308","satellite":"N20","instrument":"VIIRS","confidence":"l","version":"2.0NRT","bright_ti5":"335.04","frp":"58.83","daynight":"D","commune":"Lédenon","code_insee":"30145","departement":"Gard","region":"Occitanie"}},{"type":"Feature","geometry":{"type":"Point","coordinates":[4.49216,43.90092]},"properties":{"latitude":"43.90092","longitude":"4.49216","bright_ti4":"356.14","scan":"0.43","track":"0.46","acq_date":"2026-07-05","acq_time":"1308","satellite":"N20","instrument":"VIIRS","confidence":"l","version":"2.0NRT","bright_ti5":"331.48","frp":"49.26","daynight":"D","commune":"Lédenon","code_insee":"30145","departement":"Gard","region":"Occitanie"}},{"type":"Feature","geometry":{"type":"Point","coordinates":[4.49759,43.90139]},"properties":{"latitude":"43.90139","longitude":"4.49759","bright_ti4":"353.13","scan":"0.43","track":"0.46","acq_date":"2026-07-05","acq_time":"1308","satellite":"N20","instrument":"VIIRS","confidence":"l","version":"2.0NRT","bright_ti5":"332.57","frp":"28.4","daynight":"D","commune":"Lédenon","code_insee":"30145","departement":"Gard","region":"Occitanie"}},{"type":"Feature","geometry":{"type":"Point","coordinates":[4.50313,43.90187]},"properties":{"latitude":"43.90187","longitude":"4.50313","bright_ti4":"367","scan":"0.43","track":"0.46","acq_date":"2026-07-05","acq_time":"1308","satellite":"N20","instrument":"VIIRS","confidence":"l","version":"2.0NRT","bright_ti5":"326.99","frp":"28.4","daynight":"D","commune":"Lédenon","code_insee":"30145","departement":"Gard","region":"Occitanie"}},{"type":"Feature","geometry":{"type":"Point","coordinates":[4.49433,43.90452]},"properties":{"latitude":"43.90452","longitude":"4.49433","bright_ti4":"354.63","scan":"0.43","track":"0.46","acq_date":"2026-07-05","acq_time":"1308","satellite":"N20","instrument":"VIIRS","confidence":"l","version":"2.0NRT","bright_ti5":"332.48","frp":"46.27","daynight":"D","commune":"Lédenon","code_insee":"30145","departement":"Gard","region":"Occitanie"}},{"type":"Feature","geometry":{"type":"Point","coordinates":[4.49986,43.90498]},"properties":{"latitude":"43.90498","longitude":"4.49986","bright_ti4":"350.91","scan":"0.44","track":"0.46","acq_date":"2026-07-05","acq_time":"1308","satellite":"N20","instrument":"VIIRS","confidence":"l","version":"2.0NRT","bright_ti5":"327.19","frp":"14.92","daynight":"D","commune":"Lédenon","code_insee":"30145","departement":"Gard","region":"Occitanie"}},{"type":"Feature","geometry":{"type":"Point","coordinates":[4.49135,43.90515]},"properties":{"latitude":"43.90515","longitude":"4.49135","bright_ti4":"367","scan":"0.43","track":"0.46","acq_date":"2026-07-05","acq_time":"1308","satellite":"N20","instrument":"VIIRS","confidence":"l","version":"2.0NRT","bright_ti5":"332.87","frp":"49.26","daynight":"D","commune":"Cabrières","code_insee":"30057","departement":"Gard","region":"Occitanie"}},{"type":"Feature","geometry":{"type":"Point","coordinates":[4.49678,43.90562]},"properties":{"latitude":"43.90562","longitude":"4.49678","bright_ti4":"352.77","scan":"0.43","track":"0.46","acq_date":"2026-07-05","acq_time":"1308","satellite":"N20","instrument":"VIIRS","confidence":"l","version":"2.0NRT","bright_ti5":"325.94","frp":"28.4","daynight":"D","commune":"Lédenon","code_insee":"30145","departement":"Gard","region":"Occitanie"}},{"type":"Feature","geometry":{"type":"Point","coordinates":[4.50237,43.90611]},"properties":{"latitude":"43.90611","longitude":"4.50237","bright_ti4":"355.56","scan":"0.43","track":"0.46","acq_date":"2026-07-05","acq_time":"1308","satellite":"N20","instrument":"VIIRS","confidence":"n","version":"2.0NRT","bright_ti5":"321.04","frp":"28.4","daynight":"D","commune":"Lédenon","code_insee":"30145","departement":"Gard","region":"Occitanie"}},{"type":"Feature","geometry":{"type":"Point","coordinates":[4.49343,43.90874]},"properties":{"latitude":"43.90874","longitude":"4.49343","bright_ti4":"355.29","scan":"0.43","track":"0.46","acq_date":"2026-07-05","acq_time":"1308","satellite":"N20","instrument":"VIIRS","confidence":"n","version":"2.0NRT","bright_ti5":"319.36","frp":"46.27","daynight":"D","commune":"Lédenon","code_insee":"30145","departement":"Gard","region":"Occitanie"}},{"type":"Feature","geometry":{"type":"Point","coordinates":[4.49898,43.9092]},"properties":{"latitude":"43.9092","longitude":"4.49898","bright_ti4":"355.41","scan":"0.44","track":"0.46","acq_date":"2026-07-05","acq_time":"1308","satellite":"N20","instrument":"VIIRS","confidence":"n","version":"2.0NRT","bright_ti5":"326.78","frp":"14.92","daynight":"D","commune":"Lédenon","code_insee":"30145","departement":"Gard","region":"Occitanie"}},{"type":"Feature","geometry":{"type":"Point","coordinates":[4.50463,43.90966]},"properties":{"latitude":"43.90966","longitude":"4.50463","bright_ti4":"341.94","scan":"0.44","track":"0.46","acq_date":"2026-07-05","acq_time":"1308","satellite":"N20","instrument":"VIIRS","confidence":"l","version":"2.0NRT","bright_ti5":"311.97","frp":"14.92","daynight":"D","commune":"Lédenon","code_insee":"30145","departement":"Gard","region":"Occitanie"}},{"type":"Feature","geometry":{"type":"Point","coordinates":[4.4981,43.91343]},"properties":{"latitude":"43.91343","longitude":"4.4981","bright_ti4":"349.75","scan":"0.44","track":"0.46","acq_date":"2026-07-05","acq_time":"1308","satellite":"N20","instrument":"VIIRS","confidence":"n","version":"2.0NRT","bright_ti5":"317.94","frp":"8.08","daynight":"D","commune":"Lédenon","code_insee":"30145","departement":"Gard","region":"Occitanie"}},{"type":"Feature","geometry":{"type":"Point","coordinates":[5.14443,44.1068]},"properties":{"latitude":"44.1068","longitude":"5.14443","bright_ti4":"342.08","scan":"0.47","track":"0.48","acq_date":"2026-07-05","acq_time":"1308","satellite":"N20","instrument":"VIIRS","confidence":"n","version":"2.0NRT","bright_ti5":"311.49","frp":"5.35","daynight":"D","commune":"Crillon-le-Brave","code_insee":"84041","departement":"Vaucluse","region":"Provence-Alpes-Côte d'Azur"}},{"type":"Feature","geometry":{"type":"Point","coordinates":[5.33597,44.71864]},"properties":{"latitude":"44.71864","longitude":"5.33597","bright_ti4":"335.81","scan":"0.49","track":"0.48","acq_date":"2026-07-05","acq_time":"1308","satellite":"N20","instrument":"VIIRS","confidence":"n","version":"2.0NRT","bright_ti5":"303.99","frp":"7.56","daynight":"D","commune":"Barsac","code_insee":"26027","departement":"Drôme","region":"Auvergne-Rhône-Alpes"}},{"type":"Feature","geometry":{"type":"Point","coordinates":[5.3366,44.72063]},"properties":{"latitude":"44.72063","longitude":"5.3366","bright_ti4":"350.14","scan":"0.49","track":"0.48","acq_date":"2026-07-05","acq_time":"1308","satellite":"N20","instrument":"VIIRS","confidence":"n","version":"2.0NRT","bright_ti5":"306.57","frp":"8.17","daynight":"D","commune":"Barsac","code_insee":"26027","departement":"Drôme","region":"Auvergne-Rhône-Alpes"}},{"type":"Feature","geometry":{"type":"Point","coordinates":[5.33035,44.72275]},"properties":{"latitude":"44.72275","longitude":"5.33035","bright_ti4":"339.51","scan":"0.49","track":"0.48","acq_date":"2026-07-05","acq_time":"1308","satellite":"N20","instrument":"VIIRS","confidence":"n","version":"2.0NRT","bright_ti5":"306.42","frp":"8.25","daynight":"D","commune":"Barsac","code_insee":"26027","departement":"Drôme","region":"Auvergne-Rhône-Alpes"}},{"type":"Feature","geometry":{"type":"Point","coordinates":[5.33559,44.72313]},"properties":{"latitude":"44.72313","longitude":"5.33559","bright_ti4":"337.35","scan":"0.49","track":"0.48","acq_date":"2026-07-05","acq_time":"1308","satellite":"N20","instrument":"VIIRS","confidence":"n","version":"2.0NRT","bright_ti5":"305.07","frp":"108.36","daynight":"D","commune":"Die","code_insee":"26113","departement":"Drôme","region":"Auvergne-Rhône-Alpes"}},{"type":"Feature","geometry":{"type":"Point","coordinates":[5.32404,44.7268]},"properties":{"latitude":"44.7268","longitude":"5.32404","bright_ti4":"345.45","scan":"0.49","track":"0.48","acq_date":"2026-07-05","acq_time":"1308","satellite":"N20","instrument":"VIIRS","confidence":"n","version":"2.0NRT","bright_ti5":"307.12","frp":"8.25","daynight":"D","commune":"Die","code_insee":"26113","departement":"Drôme","region":"Auvergne-Rhône-Alpes"}},{"type":"Feature","geometry":{"type":"Point","coordinates":[5.33533,44.73213]},"properties":{"latitude":"44.73213","longitude":"5.33533","bright_ti4":"341.52","scan":"0.49","track":"0.48","acq_date":"2026-07-05","acq_time":"1308","satellite":"N20","instrument":"VIIRS","confidence":"n","version":"2.0NRT","bright_ti5":"305.97","frp":"8.46","daynight":"D","commune":"Die","code_insee":"26113","departement":"Drôme","region":"Auvergne-Rhône-Alpes"}},{"type":"Feature","geometry":{"type":"Point","coordinates":[5.13135,46.74807]},"properties":{"latitude":"46.74807","longitude":"5.13135","bright_ti4":"342.03","scan":"0.5","track":"0.49","acq_date":"2026-07-05","acq_time":"1310","satellite":"N20","instrument":"VIIRS","confidence":"n","version":"2.0NRT","bright_ti5":"307.59","frp":"11.63","daynight":"D","commune":"Thurey","code_insee":"71538","departement":"Saône-et-Loire","region":"Bourgogne-Franche-Comté"}},{"type":"Feature","geometry":{"type":"Point","coordinates":[1.29975,47.44781]},"properties":{"latitude":"47.44781","longitude":"1.29975","bright_ti4":"339.15","scan":"0.52","track":"0.42","acq_date":"2026-07-05","acq_time":"1310","satellite":"N20","instrument":"VIIRS","confidence":"n","version":"2.0NRT","bright_ti5":"309.44","frp":"8.36","daynight":"D","commune":"Monthou-sur-Bièvre","code_insee":"41145","departement":"Loir-et-Cher","region":"Centre-Val de Loire"}},{"type":"Feature","geometry":{"type":"Point","coordinates":[1.29833,47.44978]},"properties":{"latitude":"47.44978","longitude":"1.29833","bright_ti4":"336.12","scan":"0.52","track":"0.42","acq_date":"2026-07-05","acq_time":"1310","satellite":"N20","instrument":"VIIRS","confidence":"n","version":"2.0NRT","bright_ti5":"307.38","frp":"4.31","daynight":"D","commune":"Monthou-sur-Bièvre","code_insee":"41145","departement":"Loir-et-Cher","region":"Centre-Val de Loire"}},{"type":"Feature","geometry":{"type":"Point","coordinates":[2.10108,48.12099]},"properties":{"latitude":"48.12099","longitude":"2.10108","bright_ti4":"300.85","scan":"0.57","track":"0.43","acq_date":"2026-07-05","acq_time":"1310","satellite":"N20","instrument":"VIIRS","confidence":"l","version":"2.0NRT","bright_ti5":"307.16","frp":"30.79","daynight":"D","commune":"Attray","code_insee":"45011","departement":"Loiret","region":"Centre-Val de Loire"}},{"type":"Feature","geometry":{"type":"Point","coordinates":[2.10879,48.1217]},"properties":{"latitude":"48.1217","longitude":"2.10879","bright_ti4":"335.06","scan":"0.57","track":"0.43","acq_date":"2026-07-05","acq_time":"1310","satellite":"N20","instrument":"VIIRS","confidence":"n","version":"2.0NRT","bright_ti5":"303.33","frp":"20.89","daynight":"D","commune":"Attray","code_insee":"45011","departement":"Loiret","region":"Centre-Val de Loire"}},{"type":"Feature","geometry":{"type":"Point","coordinates":[-3.60273,48.16291]},"properties":{"latitude":"48.16291","longitude":"-3.60273","bright_ti4":"333.75","scan":"0.39","track":"0.36","acq_date":"2026-07-05","acq_time":"1310","satellite":"N20","instrument":"VIIRS","confidence":"n","version":"2.0NRT","bright_ti5":"307.32","frp":"0.82","daynight":"D","commune":"Gourin","code_insee":"56066","departement":"Morbihan","region":"Bretagne"}},{"type":"Feature","geometry":{"type":"Point","coordinates":[2.43786,48.20058]},"properties":{"latitude":"48.20058","longitude":"2.43786","bright_ti4":"338.13","scan":"0.39","track":"0.44","acq_date":"2026-07-05","acq_time":"1310","satellite":"N20","instrument":"VIIRS","confidence":"n","version":"2.0NRT","bright_ti5":"293.81","frp":"8.25","daynight":"D","commune":"Ondreville-sur-Essonne","code_insee":"45233","departement":"Loiret","region":"Centre-Val de Loire"}},{"type":"Feature","geometry":{"type":"Point","coordinates":[0.2833,48.21402]},"properties":{"latitude":"48.21402","longitude":"0.2833","bright_ti4":"343.32","scan":"0.49","track":"0.4","acq_date":"2026-07-05","acq_time":"1310","satellite":"N20","instrument":"VIIRS","confidence":"n","version":"2.0NRT","bright_ti5":"310.85","frp":"114.69","daynight":"D","commune":"Congé-sur-Orne","code_insee":"72088","departement":"Sarthe","region":"Pays de la Loire"}},{"type":"Feature","geometry":{"type":"Point","coordinates":[-4.06869,48.51569]},"properties":{"latitude":"48.51569","longitude":"-4.06869","bright_ti4":"335.74","scan":"0.39","track":"0.36","acq_date":"2026-07-05","acq_time":"1310","satellite":"N20","instrument":"VIIRS","confidence":"n","version":"2.0NRT","bright_ti5":"304.51","frp":"2.85","daynight":"D","commune":"Landivisiau","code_insee":"29105","departement":"Finistère","region":"Bretagne"}},{"type":"Feature","geometry":{"type":"Point","coordinates":[2.29845,51.04293]},"properties":{"latitude":"51.04293","longitude":"2.29845","bright_ti4":"346.05","scan":"0.42","track":"0.45","acq_date":"2026-07-05","acq_time":"1310","satellite":"N20","instrument":"VIIRS","confidence":"n","version":"2.0NRT","bright_ti5":"293.95","frp":"6.72","daynight":"D","commune":"Grande-Synthe","code_insee":"59271","departement":"Nord","region":"Hauts-de-France"}},{"type":"Feature","geometry":{"type":"Point","coordinates":[2.32244,51.04486]},"properties":{"latitude":"51.04486","longitude":"2.32244","bright_ti4":"333.07","scan":"0.42","track":"0.45","acq_date":"2026-07-05","acq_time":"1310","satellite":"N20","instrument":"VIIRS","confidence":"n","version":"2.0NRT","bright_ti5":"287.09","frp":"3.01","daynight":"D","commune":"Dunkerque","code_insee":"59183","departement":"Nord","region":"Hauts-de-France"}},{"type":"Feature","geometry":{"type":"Point","coordinates":[6.23077,47.51347]},"properties":{"latitude":"47.51347","longitude":"6.23077","bright_ti4":"301.98","scan":"0.35","track":"0.56","acq_date":"2026-07-05","acq_time":"48","satellite":"N21","instrument":"VIIRS","confidence":"n","version":"2.0NRT","bright_ti5":"284.33","frp":"0.4","daynight":"N","commune":"Dampierre-sur-Linotte","code_insee":"70197","departement":"Haute-Saône","region":"Bourgogne-Franche-Comté"}},{"type":"Feature","geometry":{"type":"Point","coordinates":[2.73728,47.6983]},"properties":{"latitude":"47.6983","longitude":"2.73728","bright_ti4":"308.07","scan":"0.51","track":"0.66","acq_date":"2026-07-05","acq_time":"48","satellite":"N21","instrument":"VIIRS","confidence":"n","version":"2.0NRT","bright_ti5":"288.85","frp":"1.49","daynight":"N","commune":"Gien","code_insee":"45155","departement":"Loiret","region":"Centre-Val de Loire"}},{"type":"Feature","geometry":{"type":"Point","coordinates":[6.43066,48.21608]},"properties":{"latitude":"48.21608","longitude":"6.43066","bright_ti4":"311.42","scan":"0.34","track":"0.56","acq_date":"2026-07-05","acq_time":"48","satellite":"N21","instrument":"VIIRS","confidence":"n","version":"2.0NRT","bright_ti5":"286.36","frp":"1.38","daynight":"N","commune":"Chavelot","code_insee":"88099","departement":"Vosges","region":"Grand Est"}},{"type":"Feature","geometry":{"type":"Point","coordinates":[7.68827,48.44705]},"properties":{"latitude":"48.44705","longitude":"7.68827","bright_ti4":"307.38","scan":"0.6","track":"0.53","acq_date":"2026-07-05","acq_time":"48","satellite":"N21","instrument":"VIIRS","confidence":"n","version":"2.0NRT","bright_ti5":"285.51","frp":"1.42","daynight":"N","commune":"Nordhouse","code_insee":"67336","departement":"Bas-Rhin","region":"Grand Est"}},{"type":"Feature","geometry":{"type":"Point","coordinates":[6.11914,48.60788]},"properties":{"latitude":"48.60788","longitude":"6.11914","bright_ti4":"298.22","scan":"0.36","track":"0.57","acq_date":"2026-07-05","acq_time":"48","satellite":"N21","instrument":"VIIRS","confidence":"n","version":"2.0NRT","bright_ti5":"286.89","frp":"1.37","daynight":"N","commune":"Neuves-Maisons","code_insee":"54397","departement":"Meurthe-et-Moselle","region":"Grand Est"}},{"type":"Feature","geometry":{"type":"Point","coordinates":[6.11422,48.60807]},"properties":{"latitude":"48.60807","longitude":"6.11422","bright_ti4":"303.36","scan":"0.36","track":"0.57","acq_date":"2026-07-05","acq_time":"48","satellite":"N21","instrument":"VIIRS","confidence":"n","version":"2.0NRT","bright_ti5":"288.43","frp":"1.37","daynight":"N","commune":"Neuves-Maisons","code_insee":"54397","departement":"Meurthe-et-Moselle","region":"Grand Est"}},{"type":"Feature","geometry":{"type":"Point","coordinates":[6.10933,48.60825]},"properties":{"latitude":"48.60825","longitude":"6.10933","bright_ti4":"320.42","scan":"0.36","track":"0.57","acq_date":"2026-07-05","acq_time":"48","satellite":"N21","instrument":"VIIRS","confidence":"n","version":"2.0NRT","bright_ti5":"289.57","frp":"2.67","daynight":"N","commune":"Neuves-Maisons","code_insee":"54397","departement":"Meurthe-et-Moselle","region":"Grand Est"}},{"type":"Feature","geometry":{"type":"Point","coordinates":[5.69426,48.70649]},"properties":{"latitude":"48.70649","longitude":"5.69426","bright_ti4":"296.8","scan":"0.37","track":"0.58","acq_date":"2026-07-05","acq_time":"48","satellite":"N21","instrument":"VIIRS","confidence":"n","version":"2.0NRT","bright_ti5":"284.37","frp":"0.29","daynight":"N","commune":"Troussey","code_insee":"55520","departement":"Meuse","region":"Grand Est"}},{"type":"Feature","geometry":{"type":"Point","coordinates":[4.99645,48.88194]},"properties":{"latitude":"48.88194","longitude":"4.99645","bright_ti4":"352.53","scan":"0.4","track":"0.6","acq_date":"2026-07-05","acq_time":"48","satellite":"N21","instrument":"VIIRS","confidence":"n","version":"2.0NRT","bright_ti5":"288.14","frp":"7.79","daynight":"N","commune":"Noyers-Auzécourt","code_insee":"55388","departement":"Meuse","region":"Grand Est"}},{"type":"Feature","geometry":{"type":"Point","coordinates":[6.05637,48.88423]},"properties":{"latitude":"48.88423","longitude":"6.05637","bright_ti4":"303.8","scan":"0.36","track":"0.57","acq_date":"2026-07-05","acq_time":"48","satellite":"N21","instrument":"VIIRS","confidence":"n","version":"2.0NRT","bright_ti5":"287.03","frp":"0.9","daynight":"N","commune":"Blénod-lès-Pont-à-Mousson","code_insee":"54079","departement":"Meurthe-et-Moselle","region":"Grand Est"}},{"type":"Feature","geometry":{"type":"Point","coordinates":[6.05146,48.88442]},"properties":{"latitude":"48.88442","longitude":"6.05146","bright_ti4":"301.22","scan":"0.36","track":"0.57","acq_date":"2026-07-05","acq_time":"48","satellite":"N21","instrument":"VIIRS","confidence":"n","version":"2.0NRT","bright_ti5":"286.8","frp":"0.9","daynight":"N","commune":"Blénod-lès-Pont-à-Mousson","code_insee":"54079","departement":"Meurthe-et-Moselle","region":"Grand Est"}},{"type":"Feature","geometry":{"type":"Point","coordinates":[6.14802,49.31725]},"properties":{"latitude":"49.31725","longitude":"6.14802","bright_ti4":"301.68","scan":"0.36","track":"0.57","acq_date":"2026-07-05","acq_time":"48","satellite":"N21","instrument":"VIIRS","confidence":"n","version":"2.0NRT","bright_ti5":"286.69","frp":"0.6","daynight":"N","commune":"Florange","code_insee":"57221","departement":"Moselle","region":"Grand Est"}},{"type":"Feature","geometry":{"type":"Point","coordinates":[6.09435,49.32466]},"properties":{"latitude":"49.32466","longitude":"6.09435","bright_ti4":"302.06","scan":"0.36","track":"0.58","acq_date":"2026-07-05","acq_time":"48","satellite":"N21","instrument":"VIIRS","confidence":"n","version":"2.0NRT","bright_ti5":"286.74","frp":"0.8","daynight":"N","commune":"Serémange-Erzange","code_insee":"57647","departement":"Moselle","region":"Grand Est"}},{"type":"Feature","geometry":{"type":"Point","coordinates":[2.29101,50.98804]},"properties":{"latitude":"50.98804","longitude":"2.29101","bright_ti4":"296.81","scan":"0.55","track":"0.68","acq_date":"2026-07-05","acq_time":"48","satellite":"N21","instrument":"VIIRS","confidence":"n","version":"2.0NRT","bright_ti5":"284.77","frp":"1.11","daynight":"N","commune":"Grande-Synthe","code_insee":"59271","departement":"Nord","region":"Hauts-de-France"}},{"type":"Feature","geometry":{"type":"Point","coordinates":[2.27264,51.02902]},"properties":{"latitude":"51.02902","longitude":"2.27264","bright_ti4":"301.3","scan":"0.55","track":"0.68","acq_date":"2026-07-05","acq_time":"48","satellite":"N21","instrument":"VIIRS","confidence":"n","version":"2.0NRT","bright_ti5":"285.14","frp":"2.13","daynight":"N","commune":"Grande-Synthe","code_insee":"59271","departement":"Nord","region":"Hauts-de-France"}},{"type":"Feature","geometry":{"type":"Point","coordinates":[2.2884,51.03532]},"properties":{"latitude":"51.03532","longitude":"2.2884","bright_ti4":"331.33","scan":"0.55","track":"0.68","acq_date":"2026-07-05","acq_time":"48","satellite":"N21","instrument":"VIIRS","confidence":"n","version":"2.0NRT","bright_ti5":"286.39","frp":"8.17","daynight":"N","commune":"Grande-Synthe","code_insee":"59271","departement":"Nord","region":"Hauts-de-France"}},{"type":"Feature","geometry":{"type":"Point","coordinates":[2.29624,51.0416]},"properties":{"latitude":"51.0416","longitude":"2.29624","bright_ti4":"298.17","scan":"0.55","track":"0.68","acq_date":"2026-07-05","acq_time":"48","satellite":"N21","instrument":"VIIRS","confidence":"n","version":"2.0NRT","bright_ti5":"285.95","frp":"2.66","daynight":"N","commune":"Grande-Synthe","code_insee":"59271","departement":"Nord","region":"Hauts-de-France"}},{"type":"Feature","geometry":{"type":"Point","coordinates":[2.31982,51.04789]},"properties":{"latitude":"51.04789","longitude":"2.31982","bright_ti4":"314.69","scan":"0.55","track":"0.68","acq_date":"2026-07-05","acq_time":"48","satellite":"N21","instrument":"VIIRS","confidence":"n","version":"2.0NRT","bright_ti5":"286.15","frp":"2.21","daynight":"N","commune":"Dunkerque","code_insee":"59183","departement":"Nord","region":"Hauts-de-France"}},{"type":"Feature","geometry":{"type":"Point","coordinates":[2.59258,42.66831]},"properties":{"latitude":"42.66831","longitude":"2.59258","bright_ti4":"310.82","scan":"0.49","track":"0.65","acq_date":"2026-07-05","acq_time":"50","satellite":"N21","instrument":"VIIRS","confidence":"n","version":"2.0NRT","bright_ti5":"296.59","frp":"40.4","daynight":"N","commune":"Ille-sur-Têt","code_insee":"66088","departement":"Pyrénées-Orientales","region":"Occitanie"}},{"type":"Feature","geometry":{"type":"Point","coordinates":[2.58715,42.66846]},"properties":{"latitude":"42.66846","longitude":"2.58715","bright_ti4":"345.4","scan":"0.49","track":"0.65","acq_date":"2026-07-05","acq_time":"50","satellite":"N21","instrument":"VIIRS","confidence":"n","version":"2.0NRT","bright_ti5":"307.73","frp":"40.4","daynight":"N","commune":"Ille-sur-Têt","code_insee":"66088","departement":"Pyrénées-Orientales","region":"Occitanie"}},{"type":"Feature","geometry":{"type":"Point","coordinates":[2.58153,42.66861]},"properties":{"latitude":"42.66861","longitude":"2.58153","bright_ti4":"353.58","scan":"0.49","track":"0.65","acq_date":"2026-07-05","acq_time":"50","satellite":"N21","instrument":"VIIRS","confidence":"n","version":"2.0NRT","bright_ti5":"322.79","frp":"86.23","daynight":"N","commune":"Ille-sur-Têt","code_insee":"66088","departement":"Pyrénées-Orientales","region":"Occitanie"}},{"type":"Feature","geometry":{"type":"Point","coordinates":[2.57591,42.66877]},"properties":{"latitude":"42.66877","longitude":"2.57591","bright_ti4":"367","scan":"0.49","track":"0.65","acq_date":"2026-07-05","acq_time":"50","satellite":"N21","instrument":"VIIRS","confidence":"h","version":"2.0NRT","bright_ti5":"308.63","frp":"86.23","daynight":"N","commune":"Ille-sur-Têt","code_insee":"66088","departement":"Pyrénées-Orientales","region":"Occitanie"}},{"type":"Feature","geometry":{"type":"Point","coordinates":[2.57056,42.66891]},"properties":{"latitude":"42.66891","longitude":"2.57056","bright_ti4":"311.7","scan":"0.49","track":"0.65","acq_date":"2026-07-05","acq_time":"50","satellite":"N21","instrument":"VIIRS","confidence":"n","version":"2.0NRT","bright_ti5":"296.33","frp":"18.15","daynight":"N","commune":"Ille-sur-Têt","code_insee":"66088","departement":"Pyrénées-Orientales","region":"Occitanie"}},{"type":"Feature","geometry":{"type":"Point","coordinates":[2.60422,42.67398]},"properties":{"latitude":"42.67398","longitude":"2.60422","bright_ti4":"344.98","scan":"0.49","track":"0.65","acq_date":"2026-07-05","acq_time":"50","satellite":"N21","instrument":"VIIRS","confidence":"n","version":"2.0NRT","bright_ti5":"299.68","frp":"55.81","daynight":"N","commune":"Ille-sur-Têt","code_insee":"66088","departement":"Pyrénées-Orientales","region":"Occitanie"}},{"type":"Feature","geometry":{"type":"Point","coordinates":[2.59899,42.67413]},"properties":{"latitude":"42.67413","longitude":"2.59899","bright_ti4":"351.6","scan":"0.49","track":"0.65","acq_date":"2026-07-05","acq_time":"50","satellite":"N21","instrument":"VIIRS","confidence":"n","version":"2.0NRT","bright_ti5":"315.54","frp":"55.81","daynight":"N","commune":"Ille-sur-Têt","code_insee":"66088","departement":"Pyrénées-Orientales","region":"Occitanie"}},{"type":"Feature","geometry":{"type":"Point","coordinates":[2.5938,42.67427]},"properties":{"latitude":"42.67427","longitude":"2.5938","bright_ti4":"367","scan":"0.49","track":"0.65","acq_date":"2026-07-05","acq_time":"50","satellite":"N21","instrument":"VIIRS","confidence":"h","version":"2.0NRT","bright_ti5":"303.71","frp":"26.15","daynight":"N","commune":"Ille-sur-Têt","code_insee":"66088","departement":"Pyrénées-Orientales","region":"Occitanie"}},{"type":"Feature","geometry":{"type":"Point","coordinates":[2.58853,42.67442]},"properties":{"latitude":"42.67442","longitude":"2.58853","bright_ti4":"332.83","scan":"0.49","track":"0.65","acq_date":"2026-07-05","acq_time":"50","satellite":"N21","instrument":"VIIRS","confidence":"n","version":"2.0NRT","bright_ti5":"297.39","frp":"26.15","daynight":"N","commune":"Ille-sur-Têt","code_insee":"66088","departement":"Pyrénées-Orientales","region":"Occitanie"}},{"type":"Feature","geometry":{"type":"Point","coordinates":[2.5829,42.67457]},"properties":{"latitude":"42.67457","longitude":"2.5829","bright_ti4":"346.63","scan":"0.49","track":"0.65","acq_date":"2026-07-05","acq_time":"50","satellite":"N21","instrument":"VIIRS","confidence":"n","version":"2.0NRT","bright_ti5":"299.17","frp":"17.99","daynight":"N","commune":"Ille-sur-Têt","code_insee":"66088","departement":"Pyrénées-Orientales","region":"Occitanie"}},{"type":"Feature","geometry":{"type":"Point","coordinates":[2.57712,42.67473]},"properties":{"latitude":"42.67473","longitude":"2.57712","bright_ti4":"345.28","scan":"0.49","track":"0.65","acq_date":"2026-07-05","acq_time":"50","satellite":"N21","instrument":"VIIRS","confidence":"n","version":"2.0NRT","bright_ti5":"299.01","frp":"17.99","daynight":"N","commune":"Ille-sur-Têt","code_insee":"66088","departement":"Pyrénées-Orientales","region":"Occitanie"}},{"type":"Feature","geometry":{"type":"Point","coordinates":[2.57157,42.67488]},"properties":{"latitude":"42.67488","longitude":"2.57157","bright_ti4":"350.67","scan":"0.49","track":"0.65","acq_date":"2026-07-05","acq_time":"50","satellite":"N21","instrument":"VIIRS","confidence":"n","version":"2.0NRT","bright_ti5":"299.64","frp":"15.78","daynight":"N","commune":"Ille-sur-Têt","code_insee":"66088","departement":"Pyrénées-Orientales","region":"Occitanie"}},{"type":"Feature","geometry":{"type":"Point","coordinates":[2.56625,42.67503]},"properties":{"latitude":"42.67503","longitude":"2.56625","bright_ti4":"354.78","scan":"0.49","track":"0.65","acq_date":"2026-07-05","acq_time":"50","satellite":"N21","instrument":"VIIRS","confidence":"n","version":"2.0NRT","bright_ti5":"301.44","frp":"15.78","daynight":"N","commune":"Ille-sur-Têt","code_insee":"66088","departement":"Pyrénées-Orientales","region":"Occitanie"}},{"type":"Feature","geometry":{"type":"Point","coordinates":[2.56098,42.67518]},"properties":{"latitude":"42.67518","longitude":"2.56098","bright_ti4":"367","scan":"0.49","track":"0.65","acq_date":"2026-07-05","acq_time":"50","satellite":"N21","instrument":"VIIRS","confidence":"h","version":"2.0NRT","bright_ti5":"302.6","frp":"14.26","daynight":"N","commune":"Rodès","code_insee":"66165","departement":"Pyrénées-Orientales","region":"Occitanie"}},{"type":"Feature","geometry":{"type":"Point","coordinates":[2.55554,42.67533]},"properties":{"latitude":"42.67533","longitude":"2.55554","bright_ti4":"308.34","scan":"0.49","track":"0.65","acq_date":"2026-07-05","acq_time":"50","satellite":"N21","instrument":"VIIRS","confidence":"n","version":"2.0NRT","bright_ti5":"295.66","frp":"14.26","daynight":"N","commune":"Rodès","code_insee":"66165","departement":"Pyrénées-Orientales","region":"Occitanie"}},{"type":"Feature","geometry":{"type":"Point","coordinates":[2.59495,42.68023]},"properties":{"latitude":"42.68023","longitude":"2.59495","bright_ti4":"367","scan":"0.49","track":"0.65","acq_date":"2026-07-05","acq_time":"50","satellite":"N21","instrument":"VIIRS","confidence":"h","version":"2.0NRT","bright_ti5":"298.05","frp":"26.15","daynight":"N","commune":"Ille-sur-Têt","code_insee":"66088","departement":"Pyrénées-Orientales","region":"Occitanie"}},{"type":"Feature","geometry":{"type":"Point","coordinates":[2.58967,42.68038]},"properties":{"latitude":"42.68038","longitude":"2.58967","bright_ti4":"367","scan":"0.49","track":"0.65","acq_date":"2026-07-05","acq_time":"50","satellite":"N21","instrument":"VIIRS","confidence":"h","version":"2.0NRT","bright_ti5":"308.88","frp":"26.15","daynight":"N","commune":"Ille-sur-Têt","code_insee":"66088","departement":"Pyrénées-Orientales","region":"Occitanie"}},{"type":"Feature","geometry":{"type":"Point","coordinates":[2.58411,42.68053]},"properties":{"latitude":"42.68053","longitude":"2.58411","bright_ti4":"367","scan":"0.49","track":"0.65","acq_date":"2026-07-05","acq_time":"50","satellite":"N21","instrument":"VIIRS","confidence":"h","version":"2.0NRT","bright_ti5":"305","frp":"17.99","daynight":"N","commune":"Ille-sur-Têt","code_insee":"66088","departement":"Pyrénées-Orientales","region":"Occitanie"}},{"type":"Feature","geometry":{"type":"Point","coordinates":[2.57829,42.6807]},"properties":{"latitude":"42.6807","longitude":"2.57829","bright_ti4":"345.3","scan":"0.49","track":"0.65","acq_date":"2026-07-05","acq_time":"50","satellite":"N21","instrument":"VIIRS","confidence":"n","version":"2.0NRT","bright_ti5":"298.77","frp":"17.99","daynight":"N","commune":"Ille-sur-Têt","code_insee":"66088","departement":"Pyrénées-Orientales","region":"Occitanie"}},{"type":"Feature","geometry":{"type":"Point","coordinates":[2.57266,42.68086]},"properties":{"latitude":"42.68086","longitude":"2.57266","bright_ti4":"311.6","scan":"0.49","track":"0.65","acq_date":"2026-07-05","acq_time":"50","satellite":"N21","instrument":"VIIRS","confidence":"n","version":"2.0NRT","bright_ti5":"295.21","frp":"15.78","daynight":"N","commune":"Montalba-le-Château","code_insee":"66111","departement":"Pyrénées-Orientales","region":"Occitanie"}},{"type":"Feature","geometry":{"type":"Point","coordinates":[2.56134,42.68117]},"properties":{"latitude":"42.68117","longitude":"2.56134","bright_ti4":"322.58","scan":"0.49","track":"0.65","acq_date":"2026-07-05","acq_time":"50","satellite":"N21","instrument":"VIIRS","confidence":"n","version":"2.0NRT","bright_ti5":"296.81","frp":"14.26","daynight":"N","commune":"Montalba-le-Château","code_insee":"66111","departement":"Pyrénées-Orientales","region":"Occitanie"}},{"type":"Feature","geometry":{"type":"Point","coordinates":[2.55575,42.68133]},"properties":{"latitude":"42.68133","longitude":"2.55575","bright_ti4":"367","scan":"0.49","track":"0.65","acq_date":"2026-07-05","acq_time":"50","satellite":"N21","instrument":"VIIRS","confidence":"h","version":"2.0NRT","bright_ti5":"301.16","frp":"14.26","daynight":"N","commune":"Montalba-le-Château","code_insee":"66111","departement":"Pyrénées-Orientales","region":"Occitanie"}},{"type":"Feature","geometry":{"type":"Point","coordinates":[2.55031,42.68148]},"properties":{"latitude":"42.68148","longitude":"2.55031","bright_ti4":"367","scan":"0.49","track":"0.65","acq_date":"2026-07-05","acq_time":"50","satellite":"N21","instrument":"VIIRS","confidence":"h","version":"2.0NRT","bright_ti5":"300.2","frp":"9.74","daynight":"N","commune":"Rodès","code_insee":"66165","departement":"Pyrénées-Orientales","region":"Occitanie"}},{"type":"Feature","geometry":{"type":"Point","coordinates":[2.54489,42.68163]},"properties":{"latitude":"42.68163","longitude":"2.54489","bright_ti4":"308.7","scan":"0.49","track":"0.65","acq_date":"2026-07-05","acq_time":"50","satellite":"N21","instrument":"VIIRS","confidence":"n","version":"2.0NRT","bright_ti5":"295.16","frp":"9.74","daynight":"N","commune":"Rodès","code_insee":"66165","departement":"Pyrénées-Orientales","region":"Occitanie"}},{"type":"Feature","geometry":{"type":"Point","coordinates":[2.53935,42.68179]},"properties":{"latitude":"42.68179","longitude":"2.53935","bright_ti4":"305.22","scan":"0.49","track":"0.65","acq_date":"2026-07-05","acq_time":"50","satellite":"N21","instrument":"VIIRS","confidence":"n","version":"2.0NRT","bright_ti5":"294.6","frp":"2.23","daynight":"N","commune":"Rodès","code_insee":"66165","departement":"Pyrénées-Orientales","region":"Occitanie"}},{"type":"Feature","geometry":{"type":"Point","coordinates":[2.57933,42.68667]},"properties":{"latitude":"42.68667","longitude":"2.57933","bright_ti4":"321.46","scan":"0.49","track":"0.65","acq_date":"2026-07-05","acq_time":"50","satellite":"N21","instrument":"VIIRS","confidence":"n","version":"2.0NRT","bright_ti5":"295.42","frp":"9.87","daynight":"N","commune":"Montalba-le-Château","code_insee":"66111","departement":"Pyrénées-Orientales","region":"Occitanie"}},{"type":"Feature","geometry":{"type":"Point","coordinates":[2.57356,42.68683]},"properties":{"latitude":"42.68683","longitude":"2.57356","bright_ti4":"367","scan":"0.49","track":"0.65","acq_date":"2026-07-05","acq_time":"50","satellite":"N21","instrument":"VIIRS","confidence":"h","version":"2.0NRT","bright_ti5":"299.4","frp":"15.2","daynight":"N","commune":"Montalba-le-Château","code_insee":"66111","departement":"Pyrénées-Orientales","region":"Occitanie"}},{"type":"Feature","geometry":{"type":"Point","coordinates":[2.56787,42.68699]},"properties":{"latitude":"42.68699","longitude":"2.56787","bright_ti4":"346.03","scan":"0.49","track":"0.65","acq_date":"2026-07-05","acq_time":"50","satellite":"N21","instrument":"VIIRS","confidence":"n","version":"2.0NRT","bright_ti5":"297.49","frp":"15.2","daynight":"N","commune":"Montalba-le-Château","code_insee":"66111","departement":"Pyrénées-Orientales","region":"Occitanie"}},{"type":"Feature","geometry":{"type":"Point","coordinates":[2.56229,42.68715]},"properties":{"latitude":"42.68715","longitude":"2.56229","bright_ti4":"350.94","scan":"0.49","track":"0.65","acq_date":"2026-07-05","acq_time":"50","satellite":"N21","instrument":"VIIRS","confidence":"n","version":"2.0NRT","bright_ti5":"298.68","frp":"7.78","daynight":"N","commune":"Montalba-le-Château","code_insee":"66111","departement":"Pyrénées-Orientales","region":"Occitanie"}},{"type":"Feature","geometry":{"type":"Point","coordinates":[2.55657,42.68731]},"properties":{"latitude":"42.68731","longitude":"2.55657","bright_ti4":"314.23","scan":"0.49","track":"0.65","acq_date":"2026-07-05","acq_time":"50","satellite":"N21","instrument":"VIIRS","confidence":"n","version":"2.0NRT","bright_ti5":"294.37","frp":"7.78","daynight":"N","commune":"Montalba-le-Château","code_insee":"66111","departement":"Pyrénées-Orientales","region":"Occitanie"}},{"type":"Feature","geometry":{"type":"Point","coordinates":[2.5508,42.68747]},"properties":{"latitude":"42.68747","longitude":"2.5508","bright_ti4":"308.86","scan":"0.49","track":"0.65","acq_date":"2026-07-05","acq_time":"50","satellite":"N21","instrument":"VIIRS","confidence":"n","version":"2.0NRT","bright_ti5":"293.96","frp":"9.3","daynight":"N","commune":"Montalba-le-Château","code_insee":"66111","departement":"Pyrénées-Orientales","region":"Occitanie"}},{"type":"Feature","geometry":{"type":"Point","coordinates":[2.54509,42.68763]},"properties":{"latitude":"42.68763","longitude":"2.54509","bright_ti4":"349.54","scan":"0.49","track":"0.65","acq_date":"2026-07-05","acq_time":"50","satellite":"N21","instrument":"VIIRS","confidence":"n","version":"2.0NRT","bright_ti5":"297.1","frp":"9.3","daynight":"N","commune":"Montalba-le-Château","code_insee":"66111","departement":"Pyrénées-Orientales","region":"Occitanie"}},{"type":"Feature","geometry":{"type":"Point","coordinates":[2.53951,42.68779]},"properties":{"latitude":"42.68779","longitude":"2.53951","bright_ti4":"338.48","scan":"0.49","track":"0.65","acq_date":"2026-07-05","acq_time":"50","satellite":"N21","instrument":"VIIRS","confidence":"n","version":"2.0NRT","bright_ti5":"311.39","frp":"37.32","daynight":"N","commune":"Montalba-le-Château","code_insee":"66111","departement":"Pyrénées-Orientales","region":"Occitanie"}},{"type":"Feature","geometry":{"type":"Point","coordinates":[2.53394,42.68795]},"properties":{"latitude":"42.68795","longitude":"2.53394","bright_ti4":"367","scan":"0.49","track":"0.65","acq_date":"2026-07-05","acq_time":"50","satellite":"N21","instrument":"VIIRS","confidence":"h","version":"2.0NRT","bright_ti5":"306.22","frp":"37.32","daynight":"N","commune":"Rodès","code_insee":"66165","departement":"Pyrénées-Orientales","region":"Occitanie"}},{"type":"Feature","geometry":{"type":"Point","coordinates":[2.52823,42.68811]},"properties":{"latitude":"42.68811","longitude":"2.52823","bright_ti4":"320.76","scan":"0.49","track":"0.65","acq_date":"2026-07-05","acq_time":"50","satellite":"N21","instrument":"VIIRS","confidence":"n","version":"2.0NRT","bright_ti5":"293.92","frp":"18.93","daynight":"N","commune":"Rodès","code_insee":"66165","departement":"Pyrénées-Orientales","region":"Occitanie"}},{"type":"Feature","geometry":{"type":"Point","coordinates":[2.55145,42.69346]},"properties":{"latitude":"42.69346","longitude":"2.55145","bright_ti4":"306.77","scan":"0.49","track":"0.65","acq_date":"2026-07-05","acq_time":"50","satellite":"N21","instrument":"VIIRS","confidence":"n","version":"2.0NRT","bright_ti5":"294.07","frp":"9.3","daynight":"N","commune":"Montalba-le-Château","code_insee":"66111","departement":"Pyrénées-Orientales","region":"Occitanie"}},{"type":"Feature","geometry":{"type":"Point","coordinates":[2.54578,42.69362]},"properties":{"latitude":"42.69362","longitude":"2.54578","bright_ti4":"312.03","scan":"0.49","track":"0.65","acq_date":"2026-07-05","acq_time":"50","satellite":"N21","instrument":"VIIRS","confidence":"n","version":"2.0NRT","bright_ti5":"294.15","frp":"9.3","daynight":"N","commune":"Montalba-le-Château","code_insee":"66111","departement":"Pyrénées-Orientales","region":"Occitanie"}},{"type":"Feature","geometry":{"type":"Point","coordinates":[2.54016,42.69378]},"properties":{"latitude":"42.69378","longitude":"2.54016","bright_ti4":"303.6","scan":"0.49","track":"0.65","acq_date":"2026-07-05","acq_time":"50","satellite":"N21","instrument":"VIIRS","confidence":"n","version":"2.0NRT","bright_ti5":"292.97","frp":"37.32","daynight":"N","commune":"Montalba-le-Château","code_insee":"66111","departement":"Pyrénées-Orientales","region":"Occitanie"}},{"type":"Feature","geometry":{"type":"Point","coordinates":[2.53449,42.69394]},"properties":{"latitude":"42.69394","longitude":"2.53449","bright_ti4":"310.93","scan":"0.49","track":"0.65","acq_date":"2026-07-05","acq_time":"50","satellite":"N21","instrument":"VIIRS","confidence":"n","version":"2.0NRT","bright_ti5":"293.09","frp":"37.32","daynight":"N","commune":"Montalba-le-Château","code_insee":"66111","departement":"Pyrénées-Orientales","region":"Occitanie"}},{"type":"Feature","geometry":{"type":"Point","coordinates":[2.52877,42.6941]},"properties":{"latitude":"42.6941","longitude":"2.52877","bright_ti4":"367","scan":"0.49","track":"0.65","acq_date":"2026-07-05","acq_time":"50","satellite":"N21","instrument":"VIIRS","confidence":"h","version":"2.0NRT","bright_ti5":"298.85","frp":"18.93","daynight":"N","commune":"Trévillach","code_insee":"66215","departement":"Pyrénées-Orientales","region":"Occitanie"}},{"type":"Feature","geometry":{"type":"Point","coordinates":[2.54617,42.69962]},"properties":{"latitude":"42.69962","longitude":"2.54617","bright_ti4":"313.92","scan":"0.49","track":"0.65","acq_date":"2026-07-05","acq_time":"50","satellite":"N21","instrument":"VIIRS","confidence":"n","version":"2.0NRT","bright_ti5":"293.85","frp":"2.52","daynight":"N","commune":"Montalba-le-Château","code_insee":"66111","departement":"Pyrénées-Orientales","region":"Occitanie"}},{"type":"Feature","geometry":{"type":"Point","coordinates":[2.54061,42.69978]},"properties":{"latitude":"42.69978","longitude":"2.54061","bright_ti4":"315.48","scan":"0.49","track":"0.65","acq_date":"2026-07-05","acq_time":"50","satellite":"N21","instrument":"VIIRS","confidence":"n","version":"2.0NRT","bright_ti5":"293.94","frp":"3.08","daynight":"N","commune":"Trévillach","code_insee":"66215","departement":"Pyrénées-Orientales","region":"Occitanie"}},{"type":"Feature","geometry":{"type":"Point","coordinates":[2.5294,42.7001]},"properties":{"latitude":"42.7001","longitude":"2.5294","bright_ti4":"307.22","scan":"0.49","track":"0.65","acq_date":"2026-07-05","acq_time":"50","satellite":"N21","instrument":"VIIRS","confidence":"n","version":"2.0NRT","bright_ti5":"292.69","frp":"3.84","daynight":"N","commune":"Trévillach","code_insee":"66215","departement":"Pyrénées-Orientales","region":"Occitanie"}},{"type":"Feature","geometry":{"type":"Point","coordinates":[2.53018,42.70609]},"properties":{"latitude":"42.70609","longitude":"2.53018","bright_ti4":"304.17","scan":"0.49","track":"0.65","acq_date":"2026-07-05","acq_time":"50","satellite":"N21","instrument":"VIIRS","confidence":"n","version":"2.0NRT","bright_ti5":"292.44","frp":"3.84","daynight":"N","commune":"Trévillach","code_insee":"66215","departement":"Pyrénées-Orientales","region":"Occitanie"}},{"type":"Feature","geometry":{"type":"Point","coordinates":[2.52464,42.70624]},"properties":{"latitude":"42.70624","longitude":"2.52464","bright_ti4":"349.78","scan":"0.49","track":"0.65","acq_date":"2026-07-05","acq_time":"50","satellite":"N21","instrument":"VIIRS","confidence":"n","version":"2.0NRT","bright_ti5":"295.28","frp":"3.84","daynight":"N","commune":"Trévillach","code_insee":"66215","departement":"Pyrénées-Orientales","region":"Occitanie"}},{"type":"Feature","geometry":{"type":"Point","coordinates":[2.56453,43.1795]},"properties":{"latitude":"43.1795","longitude":"2.56453","bright_ti4":"307.71","scan":"0.49","track":"0.65","acq_date":"2026-07-05","acq_time":"50","satellite":"N21","instrument":"VIIRS","confidence":"n","version":"2.0NRT","bright_ti5":"293.82","frp":"1.37","daynight":"N","commune":"Capendu","code_insee":"11068","departement":"Aude","region":"Occitanie"}},{"type":"Feature","geometry":{"type":"Point","coordinates":[2.55836,43.17965]},"properties":{"latitude":"43.17965","longitude":"2.55836","bright_ti4":"308.19","scan":"0.49","track":"0.65","acq_date":"2026-07-05","acq_time":"50","satellite":"N21","instrument":"VIIRS","confidence":"n","version":"2.0NRT","bright_ti5":"293.81","frp":"1.37","daynight":"N","commune":"Capendu","code_insee":"11068","departement":"Aude","region":"Occitanie"}},{"type":"Feature","geometry":{"type":"Point","coordinates":[4.88772,43.4296]},"properties":{"latitude":"43.4296","longitude":"4.88772","bright_ti4":"314.19","scan":"0.37","track":"0.58","acq_date":"2026-07-05","acq_time":"50","satellite":"N21","instrument":"VIIRS","confidence":"n","version":"2.0NRT","bright_ti5":"296.42","frp":"3.06","daynight":"N","commune":"Fos-sur-Mer","code_insee":"13039","departement":"Bouches-du-Rhône","region":"Provence-Alpes-Côte d'Azur"}},{"type":"Feature","geometry":{"type":"Point","coordinates":[4.87885,43.4354]},"properties":{"latitude":"43.4354","longitude":"4.87885","bright_ti4":"336.22","scan":"0.38","track":"0.58","acq_date":"2026-07-05","acq_time":"50","satellite":"N21","instrument":"VIIRS","confidence":"n","version":"2.0NRT","bright_ti5":"296.02","frp":"6","daynight":"N","commune":"Fos-sur-Mer","code_insee":"13039","departement":"Bouches-du-Rhône","region":"Provence-Alpes-Côte d'Azur"}},{"type":"Feature","geometry":{"type":"Point","coordinates":[4.88393,43.44056]},"properties":{"latitude":"43.44056","longitude":"4.88393","bright_ti4":"317.23","scan":"0.37","track":"0.58","acq_date":"2026-07-05","acq_time":"50","satellite":"N21","instrument":"VIIRS","confidence":"n","version":"2.0NRT","bright_ti5":"293.45","frp":"13.17","daynight":"N","commune":"Fos-sur-Mer","code_insee":"13039","departement":"Bouches-du-Rhône","region":"Provence-Alpes-Côte d'Azur"}},{"type":"Feature","geometry":{"type":"Point","coordinates":[4.87929,43.44077]},"properties":{"latitude":"43.44077","longitude":"4.87929","bright_ti4":"367","scan":"0.38","track":"0.58","acq_date":"2026-07-05","acq_time":"50","satellite":"N21","instrument":"VIIRS","confidence":"h","version":"2.0NRT","bright_ti5":"300.44","frp":"13.17","daynight":"N","commune":"Fos-sur-Mer","code_insee":"13039","departement":"Bouches-du-Rhône","region":"Provence-Alpes-Côte d'Azur"}},{"type":"Feature","geometry":{"type":"Point","coordinates":[4.88435,43.44593]},"properties":{"latitude":"43.44593","longitude":"4.88435","bright_ti4":"305.49","scan":"0.37","track":"0.58","acq_date":"2026-07-05","acq_time":"50","satellite":"N21","instrument":"VIIRS","confidence":"n","version":"2.0NRT","bright_ti5":"293.54","frp":"13.17","daynight":"N","commune":"Fos-sur-Mer","code_insee":"13039","departement":"Bouches-du-Rhône","region":"Provence-Alpes-Côte d'Azur"}},{"type":"Feature","geometry":{"type":"Point","coordinates":[4.87971,43.44615]},"properties":{"latitude":"43.44615","longitude":"4.87971","bright_ti4":"347.2","scan":"0.38","track":"0.58","acq_date":"2026-07-05","acq_time":"50","satellite":"N21","instrument":"VIIRS","confidence":"n","version":"2.0NRT","bright_ti5":"293.47","frp":"13.17","daynight":"N","commune":"Fos-sur-Mer","code_insee":"13039","departement":"Bouches-du-Rhône","region":"Provence-Alpes-Côte d'Azur"}},{"type":"Feature","geometry":{"type":"Point","coordinates":[5.33453,44.72482]},"properties":{"latitude":"44.72482","longitude":"5.33453","bright_ti4":"308.28","scan":"0.36","track":"0.58","acq_date":"2026-07-05","acq_time":"50","satellite":"N21","instrument":"VIIRS","confidence":"n","version":"2.0NRT","bright_ti5":"290.93","frp":"2.69","daynight":"N","commune":"Die","code_insee":"26113","departement":"Drôme","region":"Auvergne-Rhône-Alpes"}},{"type":"Feature","geometry":{"type":"Point","coordinates":[5.32874,44.72506]},"properties":{"latitude":"44.72506","longitude":"5.32874","bright_ti4":"351.78","scan":"0.37","track":"0.58","acq_date":"2026-07-05","acq_time":"50","satellite":"N21","instrument":"VIIRS","confidence":"n","version":"2.0NRT","bright_ti5":"298.32","frp":"3.96","daynight":"N","commune":"Die","code_insee":"26113","departement":"Drôme","region":"Auvergne-Rhône-Alpes"}},{"type":"Feature","geometry":{"type":"Point","coordinates":[5.32261,44.72532]},"properties":{"latitude":"44.72532","longitude":"5.32261","bright_ti4":"333.25","scan":"0.37","track":"0.58","acq_date":"2026-07-05","acq_time":"50","satellite":"N21","instrument":"VIIRS","confidence":"n","version":"2.0NRT","bright_ti5":"295.49","frp":"3.96","daynight":"N","commune":"Barsac","code_insee":"26027","departement":"Drôme","region":"Auvergne-Rhône-Alpes"}},{"type":"Feature","geometry":{"type":"Point","coordinates":[5.33452,44.72604]},"properties":{"latitude":"44.72604","longitude":"5.33452","bright_ti4":"317.87","scan":"0.36","track":"0.58","acq_date":"2026-07-05","acq_time":"50","satellite":"N21","instrument":"VIIRS","confidence":"n","version":"2.0NRT","bright_ti5":"291.2","frp":"2.92","daynight":"N","commune":"Die","code_insee":"26113","departement":"Drôme","region":"Auvergne-Rhône-Alpes"}},{"type":"Feature","geometry":{"type":"Point","coordinates":[5.32905,44.7263]},"properties":{"latitude":"44.7263","longitude":"5.32905","bright_ti4":"352.53","scan":"0.36","track":"0.58","acq_date":"2026-07-05","acq_time":"50","satellite":"N21","instrument":"VIIRS","confidence":"n","version":"2.0NRT","bright_ti5":"298.83","frp":"5.01","daynight":"N","commune":"Die","code_insee":"26113","departement":"Drôme","region":"Auvergne-Rhône-Alpes"}},{"type":"Feature","geometry":{"type":"Point","coordinates":[5.32322,44.72658]},"properties":{"latitude":"44.72658","longitude":"5.32322","bright_ti4":"335.64","scan":"0.36","track":"0.58","acq_date":"2026-07-05","acq_time":"50","satellite":"N21","instrument":"VIIRS","confidence":"n","version":"2.0NRT","bright_ti5":"295.71","frp":"5.01","daynight":"N","commune":"Barsac","code_insee":"26027","departement":"Drôme","region":"Auvergne-Rhône-Alpes"}},{"type":"Feature","geometry":{"type":"Point","coordinates":[5.33438,44.73015]},"properties":{"latitude":"44.73015","longitude":"5.33438","bright_ti4":"304.31","scan":"0.36","track":"0.58","acq_date":"2026-07-05","acq_time":"50","satellite":"N21","instrument":"VIIRS","confidence":"n","version":"2.0NRT","bright_ti5":"290.88","frp":"2.69","daynight":"N","commune":"Die","code_insee":"26113","departement":"Drôme","region":"Auvergne-Rhône-Alpes"}},{"type":"Feature","geometry":{"type":"Point","coordinates":[5.32945,44.73035]},"properties":{"latitude":"44.73035","longitude":"5.32945","bright_ti4":"327.19","scan":"0.37","track":"0.58","acq_date":"2026-07-05","acq_time":"50","satellite":"N21","instrument":"VIIRS","confidence":"n","version":"2.0NRT","bright_ti5":"294.49","frp":"3.96","daynight":"N","commune":"Die","code_insee":"26113","departement":"Drôme","region":"Auvergne-Rhône-Alpes"}},{"type":"Feature","geometry":{"type":"Point","coordinates":[5.32443,44.73057]},"properties":{"latitude":"44.73057","longitude":"5.32443","bright_ti4":"306.8","scan":"0.37","track":"0.58","acq_date":"2026-07-05","acq_time":"50","satellite":"N21","instrument":"VIIRS","confidence":"n","version":"2.0NRT","bright_ti5":"291.78","frp":"3.96","daynight":"N","commune":"Die","code_insee":"26113","departement":"Drôme","region":"Auvergne-Rhône-Alpes"}},{"type":"Feature","geometry":{"type":"Point","coordinates":[5.33403,44.73139]},"properties":{"latitude":"44.73139","longitude":"5.33403","bright_ti4":"301.83","scan":"0.36","track":"0.58","acq_date":"2026-07-05","acq_time":"50","satellite":"N21","instrument":"VIIRS","confidence":"n","version":"2.0NRT","bright_ti5":"291.08","frp":"2.92","daynight":"N","commune":"Die","code_insee":"26113","departement":"Drôme","region":"Auvergne-Rhône-Alpes"}},{"type":"Feature","geometry":{"type":"Point","coordinates":[5.3292,44.73162]},"properties":{"latitude":"44.73162","longitude":"5.3292","bright_ti4":"319.03","scan":"0.36","track":"0.58","acq_date":"2026-07-05","acq_time":"50","satellite":"N21","instrument":"VIIRS","confidence":"n","version":"2.0NRT","bright_ti5":"293.65","frp":"5.01","daynight":"N","commune":"Die","code_insee":"26113","departement":"Drôme","region":"Auvergne-Rhône-Alpes"}},{"type":"Feature","geometry":{"type":"Point","coordinates":[5.66844,45.23153]},"properties":{"latitude":"45.23153","longitude":"5.66844","bright_ti4":"301.78","scan":"0.35","track":"0.57","acq_date":"2026-07-05","acq_time":"50","satellite":"N21","instrument":"VIIRS","confidence":"n","version":"2.0NRT","bright_ti5":"291.38","frp":"0.54","daynight":"N","commune":"Saint-Égrève","code_insee":"38382","departement":"Isère","region":"Auvergne-Rhône-Alpes"}},{"type":"Feature","geometry":{"type":"Point","coordinates":[3.78443,46.2557]},"properties":{"latitude":"46.2557","longitude":"3.78443","bright_ti4":"302.52","scan":"0.45","track":"0.63","acq_date":"2026-07-05","acq_time":"50","satellite":"N21","instrument":"VIIRS","confidence":"n","version":"2.0NRT","bright_ti5":"286.22","frp":"1.31","daynight":"N","commune":"Montaiguët-en-Forez","code_insee":"03178","departement":"Allier","region":"Auvergne-Rhône-Alpes"}},{"type":"Feature","geometry":{"type":"Point","coordinates":[3.7787,46.25587]},"properties":{"latitude":"46.25587","longitude":"3.7787","bright_ti4":"298.22","scan":"0.45","track":"0.63","acq_date":"2026-07-05","acq_time":"50","satellite":"N21","instrument":"VIIRS","confidence":"n","version":"2.0NRT","bright_ti5":"285.48","frp":"0.92","daynight":"N","commune":"Montaiguët-en-Forez","code_insee":"03178","departement":"Allier","region":"Auvergne-Rhône-Alpes"}},{"type":"Feature","geometry":{"type":"Point","coordinates":[3.77914,46.25622]},"properties":{"latitude":"46.25622","longitude":"3.77914","bright_ti4":"304.99","scan":"0.45","track":"0.63","acq_date":"2026-07-05","acq_time":"50","satellite":"N21","instrument":"VIIRS","confidence":"n","version":"2.0NRT","bright_ti5":"285.75","frp":"2.2","daynight":"N","commune":"Montaiguët-en-Forez","code_insee":"03178","departement":"Allier","region":"Auvergne-Rhône-Alpes"}},{"type":"Feature","geometry":{"type":"Point","coordinates":[2.98095,48.38639]},"properties":{"latitude":"48.38639","longitude":"2.98095","bright_ti4":"301.98","scan":"0.44","track":"0.46","acq_date":"2026-07-05","acq_time":"228","satellite":"N21","instrument":"VIIRS","confidence":"n","version":"2.0NRT","bright_ti5":"290.67","frp":"1.05","daynight":"N","commune":"Montereau-Fault-Yonne","code_insee":"77305","departement":"Seine-et-Marne","region":"Île-de-France"}},{"type":"Feature","geometry":{"type":"Point","coordinates":[7.6878,48.4467]},"properties":{"latitude":"48.4467","longitude":"7.6878","bright_ti4":"297.07","scan":"0.35","track":"0.57","acq_date":"2026-07-05","acq_time":"228","satellite":"N21","instrument":"VIIRS","confidence":"n","version":"2.0NRT","bright_ti5":"284.95","frp":"0.49","daynight":"N","commune":"Nordhouse","code_insee":"67336","departement":"Bas-Rhin","region":"Grand Est"}},{"type":"Feature","geometry":{"type":"Point","coordinates":[6.11912,48.61103]},"properties":{"latitude":"48.61103","longitude":"6.11912","bright_ti4":"304.99","scan":"0.59","track":"0.53","acq_date":"2026-07-05","acq_time":"228","satellite":"N21","instrument":"VIIRS","confidence":"n","version":"2.0NRT","bright_ti5":"287.34","frp":"2.73","daynight":"N","commune":"Neuves-Maisons","code_insee":"54397","departement":"Meurthe-et-Moselle","region":"Grand Est"}},{"type":"Feature","geometry":{"type":"Point","coordinates":[4.99914,48.87889]},"properties":{"latitude":"48.87889","longitude":"4.99914","bright_ti4":"300.67","scan":"0.52","track":"0.5","acq_date":"2026-07-05","acq_time":"228","satellite":"N21","instrument":"VIIRS","confidence":"n","version":"2.0NRT","bright_ti5":"284.96","frp":"2.89","daynight":"N","commune":"Noyers-Auzécourt","code_insee":"55388","departement":"Meuse","region":"Grand Est"}},{"type":"Feature","geometry":{"type":"Point","coordinates":[4.99246,48.8806]},"properties":{"latitude":"48.8806","longitude":"4.99246","bright_ti4":"321.64","scan":"0.52","track":"0.5","acq_date":"2026-07-05","acq_time":"228","satellite":"N21","instrument":"VIIRS","confidence":"n","version":"2.0NRT","bright_ti5":"285.72","frp":"2.89","daynight":"N","commune":"Noyers-Auzécourt","code_insee":"55388","departement":"Meuse","region":"Grand Est"}},{"type":"Feature","geometry":{"type":"Point","coordinates":[4.9936,48.88159]},"properties":{"latitude":"48.88159","longitude":"4.9936","bright_ti4":"329.22","scan":"0.52","track":"0.5","acq_date":"2026-07-05","acq_time":"228","satellite":"N21","instrument":"VIIRS","confidence":"n","version":"2.0NRT","bright_ti5":"286.23","frp":"3.64","daynight":"N","commune":"Noyers-Auzécourt","code_insee":"55388","departement":"Meuse","region":"Grand Est"}},{"type":"Feature","geometry":{"type":"Point","coordinates":[6.05433,48.88607]},"properties":{"latitude":"48.88607","longitude":"6.05433","bright_ti4":"337.76","scan":"0.58","track":"0.52","acq_date":"2026-07-05","acq_time":"228","satellite":"N21","instrument":"VIIRS","confidence":"n","version":"2.0NRT","bright_ti5":"287.87","frp":"13.87","daynight":"N","commune":"Blénod-lès-Pont-à-Mousson","code_insee":"54079","departement":"Meurthe-et-Moselle","region":"Grand Est"}},{"type":"Feature","geometry":{"type":"Point","coordinates":[6.09918,49.32597]},"properties":{"latitude":"49.32597","longitude":"6.09918","bright_ti4":"301.67","scan":"0.56","track":"0.52","acq_date":"2026-07-05","acq_time":"228","satellite":"N21","instrument":"VIIRS","confidence":"n","version":"2.0NRT","bright_ti5":"285.79","frp":"1.04","daynight":"N","commune":"Serémange-Erzange","code_insee":"57647","departement":"Moselle","region":"Grand Est"}},{"type":"Feature","geometry":{"type":"Point","coordinates":[3.49529,50.33539]},"properties":{"latitude":"50.33539","longitude":"3.49529","bright_ti4":"297.1","scan":"0.41","track":"0.45","acq_date":"2026-07-05","acq_time":"228","satellite":"N21","instrument":"VIIRS","confidence":"n","version":"2.0NRT","bright_ti5":"286.12","frp":"0.97","daynight":"N","commune":"Trith-Saint-Léger","code_insee":"59603","departement":"Nord","region":"Hauts-de-France"}},{"type":"Feature","geometry":{"type":"Point","coordinates":[2.59218,42.6647]},"properties":{"latitude":"42.6647","longitude":"2.59218","bright_ti4":"340.03","scan":"0.6","track":"0.53","acq_date":"2026-07-05","acq_time":"230","satellite":"N21","instrument":"VIIRS","confidence":"n","version":"2.0NRT","bright_ti5":"296.53","frp":"26.43","daynight":"N","commune":"Ille-sur-Têt","code_insee":"66088","departement":"Pyrénées-Orientales","region":"Occitanie"}},{"type":"Feature","geometry":{"type":"Point","coordinates":[2.59418,42.665]},"properties":{"latitude":"42.665","longitude":"2.59418","bright_ti4":"337.81","scan":"0.6","track":"0.53","acq_date":"2026-07-05","acq_time":"230","satellite":"N21","instrument":"VIIRS","confidence":"n","version":"2.0NRT","bright_ti5":"295.89","frp":"45.02","daynight":"N","commune":"Ille-sur-Têt","code_insee":"66088","departement":"Pyrénées-Orientales","region":"Occitanie"}},{"type":"Feature","geometry":{"type":"Point","coordinates":[2.58464,42.66666]},"properties":{"latitude":"42.66666","longitude":"2.58464","bright_ti4":"354.68","scan":"0.6","track":"0.53","acq_date":"2026-07-05","acq_time":"230","satellite":"N21","instrument":"VIIRS","confidence":"n","version":"2.0NRT","bright_ti5":"308.82","frp":"48.86","daynight":"N","commune":"Ille-sur-Têt","code_insee":"66088","departement":"Pyrénées-Orientales","region":"Occitanie"}},{"type":"Feature","geometry":{"type":"Point","coordinates":[2.58658,42.66692]},"properties":{"latitude":"42.66692","longitude":"2.58658","bright_ti4":"341.06","scan":"0.6","track":"0.53","acq_date":"2026-07-05","acq_time":"230","satellite":"N21","instrument":"VIIRS","confidence":"n","version":"2.0NRT","bright_ti5":"311.15","frp":"45.02","daynight":"N","commune":"Ille-sur-Têt","code_insee":"66088","departement":"Pyrénées-Orientales","region":"Occitanie"}},{"type":"Feature","geometry":{"type":"Point","coordinates":[2.60155,42.66745]},"properties":{"latitude":"42.66745","longitude":"2.60155","bright_ti4":"306.78","scan":"0.6","track":"0.53","acq_date":"2026-07-05","acq_time":"230","satellite":"N21","instrument":"VIIRS","confidence":"n","version":"2.0NRT","bright_ti5":"293.85","frp":"13.2","daynight":"N","commune":"Ille-sur-Têt","code_insee":"66088","departement":"Pyrénées-Orientales","region":"Occitanie"}},{"type":"Feature","geometry":{"type":"Point","coordinates":[2.59397,42.66943]},"properties":{"latitude":"42.66943","longitude":"2.59397","bright_ti4":"354.35","scan":"0.6","track":"0.53","acq_date":"2026-07-05","acq_time":"230","satellite":"N21","instrument":"VIIRS","confidence":"n","version":"2.0NRT","bright_ti5":"301.95","frp":"13.2","daynight":"N","commune":"Ille-sur-Têt","code_insee":"66088","departement":"Pyrénées-Orientales","region":"Occitanie"}},{"type":"Feature","geometry":{"type":"Point","coordinates":[2.56955,42.67059]},"properties":{"latitude":"42.67059","longitude":"2.56955","bright_ti4":"332.25","scan":"0.6","track":"0.53","acq_date":"2026-07-05","acq_time":"230","satellite":"N21","instrument":"VIIRS","confidence":"n","version":"2.0NRT","bright_ti5":"297.73","frp":"6.8","daynight":"N","commune":"Ille-sur-Têt","code_insee":"66088","departement":"Pyrénées-Orientales","region":"Occitanie"}},{"type":"Feature","geometry":{"type":"Point","coordinates":[2.57162,42.67072]},"properties":{"latitude":"42.67072","longitude":"2.57162","bright_ti4":"324.25","scan":"0.6","track":"0.53","acq_date":"2026-07-05","acq_time":"230","satellite":"N21","instrument":"VIIRS","confidence":"n","version":"2.0NRT","bright_ti5":"296.74","frp":"13.77","daynight":"N","commune":"Ille-sur-Têt","code_insee":"66088","departement":"Pyrénées-Orientales","region":"Occitanie"}},{"type":"Feature","geometry":{"type":"Point","coordinates":[2.58623,42.67143]},"properties":{"latitude":"42.67143","longitude":"2.58623","bright_ti4":"344.91","scan":"0.6","track":"0.53","acq_date":"2026-07-05","acq_time":"230","satellite":"N21","instrument":"VIIRS","confidence":"n","version":"2.0NRT","bright_ti5":"300.87","frp":"23.27","daynight":"N","commune":"Ille-sur-Têt","code_insee":"66088","departement":"Pyrénées-Orientales","region":"Occitanie"}},{"type":"Feature","geometry":{"type":"Point","coordinates":[2.60369,42.67209]},"properties":{"latitude":"42.67209","longitude":"2.60369","bright_ti4":"321.16","scan":"0.6","track":"0.53","acq_date":"2026-07-05","acq_time":"230","satellite":"N21","instrument":"VIIRS","confidence":"n","version":"2.0NRT","bright_ti5":"295.23","frp":"13.2","daynight":"N","commune":"Ille-sur-Têt","code_insee":"66088","departement":"Pyrénées-Orientales","region":"Occitanie"}},{"type":"Feature","geometry":{"type":"Point","coordinates":[2.56358,42.67275]},"properties":{"latitude":"42.67275","longitude":"2.56358","bright_ti4":"319.78","scan":"0.6","track":"0.53","acq_date":"2026-07-05","acq_time":"230","satellite":"N21","instrument":"VIIRS","confidence":"n","version":"2.0NRT","bright_ti5":"295.64","frp":"5.19","daynight":"N","commune":"Ille-sur-Têt","code_insee":"66088","departement":"Pyrénées-Orientales","region":"Occitanie"}},{"type":"Feature","geometry":{"type":"Point","coordinates":[2.59583,42.67413]},"properties":{"latitude":"42.67413","longitude":"2.59583","bright_ti4":"338.07","scan":"0.6","track":"0.53","acq_date":"2026-07-05","acq_time":"230","satellite":"N21","instrument":"VIIRS","confidence":"n","version":"2.0NRT","bright_ti5":"297.8","frp":"13.2","daynight":"N","commune":"Ille-sur-Têt","code_insee":"66088","departement":"Pyrénées-Orientales","region":"Occitanie"}},{"type":"Feature","geometry":{"type":"Point","coordinates":[2.57153,42.67525]},"properties":{"latitude":"42.67525","longitude":"2.57153","bright_ti4":"314.05","scan":"0.6","track":"0.53","acq_date":"2026-07-05","acq_time":"230","satellite":"N21","instrument":"VIIRS","confidence":"n","version":"2.0NRT","bright_ti5":"295.84","frp":"3.43","daynight":"N","commune":"Ille-sur-Têt","code_insee":"66088","departement":"Pyrénées-Orientales","region":"Occitanie"}},{"type":"Feature","geometry":{"type":"Point","coordinates":[2.60555,42.6768]},"properties":{"latitude":"42.6768","longitude":"2.60555","bright_ti4":"319.05","scan":"0.6","track":"0.53","acq_date":"2026-07-05","acq_time":"230","satellite":"N21","instrument":"VIIRS","confidence":"n","version":"2.0NRT","bright_ti5":"295.18","frp":"6.05","daynight":"N","commune":"Ille-sur-Têt","code_insee":"66088","departement":"Pyrénées-Orientales","region":"Occitanie"}},{"type":"Feature","geometry":{"type":"Point","coordinates":[2.56402,42.67721]},"properties":{"latitude":"42.67721","longitude":"2.56402","bright_ti4":"325.68","scan":"0.6","track":"0.53","acq_date":"2026-07-05","acq_time":"230","satellite":"N21","instrument":"VIIRS","confidence":"n","version":"2.0NRT","bright_ti5":"296.89","frp":"3.43","daynight":"N","commune":"Rodès","code_insee":"66165","departement":"Pyrénées-Orientales","region":"Occitanie"}},{"type":"Feature","geometry":{"type":"Point","coordinates":[2.59769,42.67884]},"properties":{"latitude":"42.67884","longitude":"2.59769","bright_ti4":"337.01","scan":"0.6","track":"0.53","acq_date":"2026-07-05","acq_time":"230","satellite":"N21","instrument":"VIIRS","confidence":"n","version":"2.0NRT","bright_ti5":"297.11","frp":"6.05","daynight":"N","commune":"Ille-sur-Têt","code_insee":"66088","departement":"Pyrénées-Orientales","region":"Occitanie"}},{"type":"Feature","geometry":{"type":"Point","coordinates":[2.55671,42.6791]},"properties":{"latitude":"42.6791","longitude":"2.55671","bright_ti4":"313.83","scan":"0.6","track":"0.53","acq_date":"2026-07-05","acq_time":"230","satellite":"N21","instrument":"VIIRS","confidence":"n","version":"2.0NRT","bright_ti5":"295.51","frp":"3.31","daynight":"N","commune":"Montalba-le-Château","code_insee":"66111","departement":"Pyrénées-Orientales","region":"Occitanie"}},{"type":"Feature","geometry":{"type":"Point","coordinates":[2.58991,42.68086]},"properties":{"latitude":"42.68086","longitude":"2.58991","bright_ti4":"307.17","scan":"0.6","track":"0.53","acq_date":"2026-07-05","acq_time":"230","satellite":"N21","instrument":"VIIRS","confidence":"n","version":"2.0NRT","bright_ti5":"295.9","frp":"3.12","daynight":"N","commune":"Ille-sur-Têt","code_insee":"66088","departement":"Pyrénées-Orientales","region":"Occitanie"}},{"type":"Feature","geometry":{"type":"Point","coordinates":[2.54925,42.68104]},"properties":{"latitude":"42.68104","longitude":"2.54925","bright_ti4":"315.73","scan":"0.6","track":"0.53","acq_date":"2026-07-05","acq_time":"230","satellite":"N21","instrument":"VIIRS","confidence":"n","version":"2.0NRT","bright_ti5":"295.42","frp":"3.31","daynight":"N","commune":"Rodès","code_insee":"66165","departement":"Pyrénées-Orientales","region":"Occitanie"}},{"type":"Feature","geometry":{"type":"Point","coordinates":[2.58255,42.68277]},"properties":{"latitude":"42.68277","longitude":"2.58255","bright_ti4":"320.85","scan":"0.6","track":"0.53","acq_date":"2026-07-05","acq_time":"230","satellite":"N21","instrument":"VIIRS","confidence":"n","version":"2.0NRT","bright_ti5":"296.24","frp":"3.12","daynight":"N","commune":"Ille-sur-Têt","code_insee":"66088","departement":"Pyrénées-Orientales","region":"Occitanie"}},{"type":"Feature","geometry":{"type":"Point","coordinates":[2.54192,42.68294]},"properties":{"latitude":"42.68294","longitude":"2.54192","bright_ti4":"319.42","scan":"0.6","track":"0.53","acq_date":"2026-07-05","acq_time":"230","satellite":"N21","instrument":"VIIRS","confidence":"n","version":"2.0NRT","bright_ti5":"294.74","frp":"2.93","daynight":"N","commune":"Rodès","code_insee":"66165","departement":"Pyrénées-Orientales","region":"Occitanie"}},{"type":"Feature","geometry":{"type":"Point","coordinates":[2.57531,42.68464]},"properties":{"latitude":"42.68464","longitude":"2.57531","bright_ti4":"345.71","scan":"0.6","track":"0.53","acq_date":"2026-07-05","acq_time":"230","satellite":"N21","instrument":"VIIRS","confidence":"n","version":"2.0NRT","bright_ti5":"297.07","frp":"9.84","daynight":"N","commune":"Montalba-le-Château","code_insee":"66111","departement":"Pyrénées-Orientales","region":"Occitanie"}},{"type":"Feature","geometry":{"type":"Point","coordinates":[2.53473,42.68481]},"properties":{"latitude":"42.68481","longitude":"2.53473","bright_ti4":"308.25","scan":"0.6","track":"0.53","acq_date":"2026-07-05","acq_time":"230","satellite":"N21","instrument":"VIIRS","confidence":"n","version":"2.0NRT","bright_ti5":"293.43","frp":"2.93","daynight":"N","commune":"Rodès","code_insee":"66165","departement":"Pyrénées-Orientales","region":"Occitanie"}},{"type":"Feature","geometry":{"type":"Point","coordinates":[2.56802,42.68653]},"properties":{"latitude":"42.68653","longitude":"2.56802","bright_ti4":"339.33","scan":"0.6","track":"0.53","acq_date":"2026-07-05","acq_time":"230","satellite":"N21","instrument":"VIIRS","confidence":"n","version":"2.0NRT","bright_ti5":"295.94","frp":"9.84","daynight":"N","commune":"Montalba-le-Château","code_insee":"66111","departement":"Pyrénées-Orientales","region":"Occitanie"}},{"type":"Feature","geometry":{"type":"Point","coordinates":[2.54431,42.6875]},"properties":{"latitude":"42.6875","longitude":"2.54431","bright_ti4":"303.42","scan":"0.6","track":"0.53","acq_date":"2026-07-05","acq_time":"230","satellite":"N21","instrument":"VIIRS","confidence":"n","version":"2.0NRT","bright_ti5":"293.16","frp":"2.93","daynight":"N","commune":"Montalba-le-Château","code_insee":"66111","departement":"Pyrénées-Orientales","region":"Occitanie"}},{"type":"Feature","geometry":{"type":"Point","coordinates":[2.56072,42.68842]},"properties":{"latitude":"42.68842","longitude":"2.56072","bright_ti4":"318.43","scan":"0.6","track":"0.53","acq_date":"2026-07-05","acq_time":"230","satellite":"N21","instrument":"VIIRS","confidence":"n","version":"2.0NRT","bright_ti5":"294.21","frp":"4.07","daynight":"N","commune":"Montalba-le-Château","code_insee":"66111","departement":"Pyrénées-Orientales","region":"Occitanie"}},{"type":"Feature","geometry":{"type":"Point","coordinates":[2.537,42.68939]},"properties":{"latitude":"42.68939","longitude":"2.537","bright_ti4":"316.86","scan":"0.6","track":"0.53","acq_date":"2026-07-05","acq_time":"230","satellite":"N21","instrument":"VIIRS","confidence":"n","version":"2.0NRT","bright_ti5":"294.09","frp":"2.93","daynight":"N","commune":"Montalba-le-Château","code_insee":"66111","departement":"Pyrénées-Orientales","region":"Occitanie"}},{"type":"Feature","geometry":{"type":"Point","coordinates":[2.52977,42.69127]},"properties":{"latitude":"42.69127","longitude":"2.52977","bright_ti4":"339.88","scan":"0.6","track":"0.53","acq_date":"2026-07-05","acq_time":"230","satellite":"N21","instrument":"VIIRS","confidence":"n","version":"2.0NRT","bright_ti5":"296.6","frp":"11.95","daynight":"N","commune":"Rodès","code_insee":"66165","departement":"Pyrénées-Orientales","region":"Occitanie"}},{"type":"Feature","geometry":{"type":"Point","coordinates":[2.53193,42.69587]},"properties":{"latitude":"42.69587","longitude":"2.53193","bright_ti4":"322.46","scan":"0.6","track":"0.53","acq_date":"2026-07-05","acq_time":"230","satellite":"N21","instrument":"VIIRS","confidence":"n","version":"2.0NRT","bright_ti5":"292.79","frp":"3.78","daynight":"N","commune":"Trévillach","code_insee":"66215","departement":"Pyrénées-Orientales","region":"Occitanie"}},{"type":"Feature","geometry":{"type":"Point","coordinates":[2.52473,42.69773]},"properties":{"latitude":"42.69773","longitude":"2.52473","bright_ti4":"316.04","scan":"0.6","track":"0.53","acq_date":"2026-07-05","acq_time":"230","satellite":"N21","instrument":"VIIRS","confidence":"n","version":"2.0NRT","bright_ti5":"292.14","frp":"3.78","daynight":"N","commune":"Trévillach","code_insee":"66215","departement":"Pyrénées-Orientales","region":"Occitanie"}},{"type":"Feature","geometry":{"type":"Point","coordinates":[2.54132,42.69862]},"properties":{"latitude":"42.69862","longitude":"2.54132","bright_ti4":"302.62","scan":"0.6","track":"0.53","acq_date":"2026-07-05","acq_time":"230","satellite":"N21","instrument":"VIIRS","confidence":"n","version":"2.0NRT","bright_ti5":"292.52","frp":"0.58","daynight":"N","commune":"Trévillach","code_insee":"66215","departement":"Pyrénées-Orientales","region":"Occitanie"}},{"type":"Feature","geometry":{"type":"Point","coordinates":[4.88673,43.4273]},"properties":{"latitude":"43.4273","longitude":"4.88673","bright_ti4":"304.2","scan":"0.37","track":"0.58","acq_date":"2026-07-05","acq_time":"230","satellite":"N21","instrument":"VIIRS","confidence":"n","version":"2.0NRT","bright_ti5":"293.44","frp":"1.73","daynight":"N","commune":"Fos-sur-Mer","code_insee":"13039","departement":"Bouches-du-Rhône","region":"Provence-Alpes-Côte d'Azur"}},{"type":"Feature","geometry":{"type":"Point","coordinates":[4.88355,43.43964]},"properties":{"latitude":"43.43964","longitude":"4.88355","bright_ti4":"311.22","scan":"0.37","track":"0.58","acq_date":"2026-07-05","acq_time":"230","satellite":"N21","instrument":"VIIRS","confidence":"n","version":"2.0NRT","bright_ti5":"293.09","frp":"3.41","daynight":"N","commune":"Fos-sur-Mer","code_insee":"13039","departement":"Bouches-du-Rhône","region":"Provence-Alpes-Côte d'Azur"}},{"type":"Feature","geometry":{"type":"Point","coordinates":[4.87928,43.44084]},"properties":{"latitude":"43.44084","longitude":"4.87928","bright_ti4":"352.1","scan":"0.37","track":"0.58","acq_date":"2026-07-05","acq_time":"230","satellite":"N21","instrument":"VIIRS","confidence":"n","version":"2.0NRT","bright_ti5":"295.42","frp":"3.41","daynight":"N","commune":"Fos-sur-Mer","code_insee":"13039","departement":"Bouches-du-Rhône","region":"Provence-Alpes-Côte d'Azur"}},{"type":"Feature","geometry":{"type":"Point","coordinates":[4.88196,43.44581]},"properties":{"latitude":"43.44581","longitude":"4.88196","bright_ti4":"328.62","scan":"0.37","track":"0.58","acq_date":"2026-07-05","acq_time":"230","satellite":"N21","instrument":"VIIRS","confidence":"n","version":"2.0NRT","bright_ti5":"291.82","frp":"3.41","daynight":"N","commune":"Fos-sur-Mer","code_insee":"13039","departement":"Bouches-du-Rhône","region":"Provence-Alpes-Côte d'Azur"}},{"type":"Feature","geometry":{"type":"Point","coordinates":[0.56762,44.23372]},"properties":{"latitude":"44.23372","longitude":"0.56762","bright_ti4":"300.44","scan":"0.44","track":"0.46","acq_date":"2026-07-05","acq_time":"230","satellite":"N21","instrument":"VIIRS","confidence":"n","version":"2.0NRT","bright_ti5":"288.93","frp":"0.99","daynight":"N","commune":"Colayrac-Saint-Cirq","code_insee":"47069","departement":"Lot-et-Garonne","region":"Nouvelle-Aquitaine"}},{"type":"Feature","geometry":{"type":"Point","coordinates":[5.33602,44.72095]},"properties":{"latitude":"44.72095","longitude":"5.33602","bright_ti4":"301.83","scan":"0.36","track":"0.57","acq_date":"2026-07-05","acq_time":"230","satellite":"N21","instrument":"VIIRS","confidence":"n","version":"2.0NRT","bright_ti5":"290.77","frp":"1.54","daynight":"N","commune":"Barsac","code_insee":"26027","departement":"Drôme","region":"Auvergne-Rhône-Alpes"}},{"type":"Feature","geometry":{"type":"Point","coordinates":[5.33263,44.72189]},"properties":{"latitude":"44.72189","longitude":"5.33263","bright_ti4":"307.17","scan":"0.36","track":"0.57","acq_date":"2026-07-05","acq_time":"230","satellite":"N21","instrument":"VIIRS","confidence":"n","version":"2.0NRT","bright_ti5":"291.43","frp":"1.54","daynight":"N","commune":"Barsac","code_insee":"26027","departement":"Drôme","region":"Auvergne-Rhône-Alpes"}},{"type":"Feature","geometry":{"type":"Point","coordinates":[5.32938,44.7228]},"properties":{"latitude":"44.7228","longitude":"5.32938","bright_ti4":"305.3","scan":"0.36","track":"0.57","acq_date":"2026-07-05","acq_time":"230","satellite":"N21","instrument":"VIIRS","confidence":"n","version":"2.0NRT","bright_ti5":"290.46","frp":"1.4","daynight":"N","commune":"Barsac","code_insee":"26027","departement":"Drôme","region":"Auvergne-Rhône-Alpes"}},{"type":"Feature","geometry":{"type":"Point","coordinates":[5.32598,44.72375]},"properties":{"latitude":"44.72375","longitude":"5.32598","bright_ti4":"303.93","scan":"0.36","track":"0.57","acq_date":"2026-07-05","acq_time":"230","satellite":"N21","instrument":"VIIRS","confidence":"n","version":"2.0NRT","bright_ti5":"290.24","frp":"1.4","daynight":"N","commune":"Barsac","code_insee":"26027","departement":"Drôme","region":"Auvergne-Rhône-Alpes"}},{"type":"Feature","geometry":{"type":"Point","coordinates":[5.33503,44.72687]},"properties":{"latitude":"44.72687","longitude":"5.33503","bright_ti4":"319.07","scan":"0.36","track":"0.57","acq_date":"2026-07-05","acq_time":"230","satellite":"N21","instrument":"VIIRS","confidence":"n","version":"2.0NRT","bright_ti5":"292.67","frp":"1.54","daynight":"N","commune":"Die","code_insee":"26113","departement":"Drôme","region":"Auvergne-Rhône-Alpes"}},{"type":"Feature","geometry":{"type":"Point","coordinates":[5.33125,44.72792]},"properties":{"latitude":"44.72792","longitude":"5.33125","bright_ti4":"315.5","scan":"0.36","track":"0.57","acq_date":"2026-07-05","acq_time":"230","satellite":"N21","instrument":"VIIRS","confidence":"n","version":"2.0NRT","bright_ti5":"293.77","frp":"1.4","daynight":"N","commune":"Die","code_insee":"26113","departement":"Drôme","region":"Auvergne-Rhône-Alpes"}},{"type":"Feature","geometry":{"type":"Point","coordinates":[5.32753,44.72896]},"properties":{"latitude":"44.72896","longitude":"5.32753","bright_ti4":"313.94","scan":"0.36","track":"0.57","acq_date":"2026-07-05","acq_time":"230","satellite":"N21","instrument":"VIIRS","confidence":"n","version":"2.0NRT","bright_ti5":"292.76","frp":"1.4","daynight":"N","commune":"Die","code_insee":"26113","departement":"Drôme","region":"Auvergne-Rhône-Alpes"}},{"type":"Feature","geometry":{"type":"Point","coordinates":[5.33486,44.73257]},"properties":{"latitude":"44.73257","longitude":"5.33486","bright_ti4":"316.02","scan":"0.36","track":"0.57","acq_date":"2026-07-05","acq_time":"230","satellite":"N21","instrument":"VIIRS","confidence":"n","version":"2.0NRT","bright_ti5":"290.66","frp":"1.91","daynight":"N","commune":"Die","code_insee":"26113","departement":"Drôme","region":"Auvergne-Rhône-Alpes"}},{"type":"Feature","geometry":{"type":"Point","coordinates":[5.66807,45.23006]},"properties":{"latitude":"45.23006","longitude":"5.66807","bright_ti4":"304.81","scan":"0.36","track":"0.57","acq_date":"2026-07-05","acq_time":"230","satellite":"N21","instrument":"VIIRS","confidence":"n","version":"2.0NRT","bright_ti5":"290.84","frp":"0.59","daynight":"N","commune":"Saint-Égrève","code_insee":"38382","departement":"Isère","region":"Auvergne-Rhône-Alpes"}},{"type":"Feature","geometry":{"type":"Point","coordinates":[4.26638,46.16518]},"properties":{"latitude":"46.16518","longitude":"4.26638","bright_ti4":"318.21","scan":"0.58","track":"0.52","acq_date":"2026-07-05","acq_time":"230","satellite":"N21","instrument":"VIIRS","confidence":"n","version":"2.0NRT","bright_ti5":"286.35","frp":"10.36","daynight":"N","commune":"Coublanc","code_insee":"71148","departement":"Saône-et-Loire","region":"Bourgogne-Franche-Comté"}},{"type":"Feature","geometry":{"type":"Point","coordinates":[4.26917,46.16959]},"properties":{"latitude":"46.16959","longitude":"4.26917","bright_ti4":"348.47","scan":"0.58","track":"0.52","acq_date":"2026-07-05","acq_time":"230","satellite":"N21","instrument":"VIIRS","confidence":"n","version":"2.0NRT","bright_ti5":"286.85","frp":"10.36","daynight":"N","commune":"Coublanc","code_insee":"71148","departement":"Saône-et-Loire","region":"Bourgogne-Franche-Comté"}},{"type":"Feature","geometry":{"type":"Point","coordinates":[2.74071,47.6978]},"properties":{"latitude":"47.6978","longitude":"2.74071","bright_ti4":"316.62","scan":"0.45","track":"0.47","acq_date":"2026-07-05","acq_time":"230","satellite":"N21","instrument":"VIIRS","confidence":"n","version":"2.0NRT","bright_ti5":"288.32","frp":"1.35","daynight":"N","commune":"Gien","code_insee":"45155","departement":"Loiret","region":"Centre-Val de Loire"}},{"type":"Feature","geometry":{"type":"Point","coordinates":[2.57676,42.66127]},"properties":{"latitude":"42.66127","longitude":"2.57676","bright_ti4":"346.16","scan":"0.41","track":"0.45","acq_date":"2026-07-05","acq_time":"1214","satellite":"N21","instrument":"VIIRS","confidence":"n","version":"2.0NRT","bright_ti5":"311.53","frp":"70.93","daynight":"D","commune":"Ille-sur-Têt","code_insee":"66088","departement":"Pyrénées-Orientales","region":"Occitanie"}},{"type":"Feature","geometry":{"type":"Point","coordinates":[2.57081,42.66426]},"properties":{"latitude":"42.66426","longitude":"2.57081","bright_ti4":"353.91","scan":"0.41","track":"0.45","acq_date":"2026-07-05","acq_time":"1214","satellite":"N21","instrument":"VIIRS","confidence":"n","version":"2.0NRT","bright_ti5":"314.9","frp":"17.24","daynight":"D","commune":"Ille-sur-Têt","code_insee":"66088","departement":"Pyrénées-Orientales","region":"Occitanie"}},{"type":"Feature","geometry":{"type":"Point","coordinates":[2.57544,42.6653]},"properties":{"latitude":"42.6653","longitude":"2.57544","bright_ti4":"367","scan":"0.41","track":"0.45","acq_date":"2026-07-05","acq_time":"1214","satellite":"N21","instrument":"VIIRS","confidence":"h","version":"2.0NRT","bright_ti5":"335.88","frp":"70.93","daynight":"D","commune":"Ille-sur-Têt","code_insee":"66088","departement":"Pyrénées-Orientales","region":"Occitanie"}},{"type":"Feature","geometry":{"type":"Point","coordinates":[2.58014,42.66636]},"properties":{"latitude":"42.66636","longitude":"2.58014","bright_ti4":"350.7","scan":"0.41","track":"0.45","acq_date":"2026-07-05","acq_time":"1214","satellite":"N21","instrument":"VIIRS","confidence":"l","version":"2.0NRT","bright_ti5":"332.18","frp":"70.93","daynight":"D","commune":"Ille-sur-Têt","code_insee":"66088","departement":"Pyrénées-Orientales","region":"Occitanie"}},{"type":"Feature","geometry":{"type":"Point","coordinates":[2.54978,42.66821]},"properties":{"latitude":"42.66821","longitude":"2.54978","bright_ti4":"349.4","scan":"0.41","track":"0.45","acq_date":"2026-07-05","acq_time":"1214","satellite":"N21","instrument":"VIIRS","confidence":"n","version":"2.0NRT","bright_ti5":"317.52","frp":"33.71","daynight":"D","commune":"Rodès","code_insee":"66165","departement":"Pyrénées-Orientales","region":"Occitanie"}},{"type":"Feature","geometry":{"type":"Point","coordinates":[2.56951,42.6683]},"properties":{"latitude":"42.6683","longitude":"2.56951","bright_ti4":"355.55","scan":"0.41","track":"0.45","acq_date":"2026-07-05","acq_time":"1214","satellite":"N21","instrument":"VIIRS","confidence":"n","version":"2.0NRT","bright_ti5":"312.81","frp":"16.04","daynight":"D","commune":"Ille-sur-Têt","code_insee":"66088","departement":"Pyrénées-Orientales","region":"Occitanie"}},{"type":"Feature","geometry":{"type":"Point","coordinates":[2.57413,42.66933]},"properties":{"latitude":"42.66933","longitude":"2.57413","bright_ti4":"349.42","scan":"0.41","track":"0.45","acq_date":"2026-07-05","acq_time":"1214","satellite":"N21","instrument":"VIIRS","confidence":"n","version":"2.0NRT","bright_ti5":"314.43","frp":"11.4","daynight":"D","commune":"Ille-sur-Têt","code_insee":"66088","departement":"Pyrénées-Orientales","region":"Occitanie"}},{"type":"Feature","geometry":{"type":"Point","coordinates":[2.57889,42.67041]},"properties":{"latitude":"42.67041","longitude":"2.57889","bright_ti4":"346.96","scan":"0.41","track":"0.45","acq_date":"2026-07-05","acq_time":"1214","satellite":"N21","instrument":"VIIRS","confidence":"n","version":"2.0NRT","bright_ti5":"319.04","frp":"11.4","daynight":"D","commune":"Ille-sur-Têt","code_insee":"66088","departement":"Pyrénées-Orientales","region":"Occitanie"}},{"type":"Feature","geometry":{"type":"Point","coordinates":[2.54844,42.67224]},"properties":{"latitude":"42.67224","longitude":"2.54844","bright_ti4":"353.68","scan":"0.41","track":"0.45","acq_date":"2026-07-05","acq_time":"1214","satellite":"N21","instrument":"VIIRS","confidence":"n","version":"2.0NRT","bright_ti5":"320.66","frp":"126.51","daynight":"D","commune":"Rodès","code_insee":"66165","departement":"Pyrénées-Orientales","region":"Occitanie"}},{"type":"Feature","geometry":{"type":"Point","coordinates":[2.5422,42.67517]},"properties":{"latitude":"42.67517","longitude":"2.5422","bright_ti4":"367","scan":"0.41","track":"0.45","acq_date":"2026-07-05","acq_time":"1214","satellite":"N21","instrument":"VIIRS","confidence":"h","version":"2.0NRT","bright_ti5":"340.65","frp":"126.51","daynight":"D","commune":"Rodès","code_insee":"66165","departement":"Pyrénées-Orientales","region":"Occitanie"}},{"type":"Feature","geometry":{"type":"Point","coordinates":[2.54689,42.67622]},"properties":{"latitude":"42.67622","longitude":"2.54689","bright_ti4":"367","scan":"0.41","track":"0.45","acq_date":"2026-07-05","acq_time":"1214","satellite":"N21","instrument":"VIIRS","confidence":"h","version":"2.0NRT","bright_ti5":"332.61","frp":"126.51","daynight":"D","commune":"Rodès","code_insee":"66165","departement":"Pyrénées-Orientales","region":"Occitanie"}},{"type":"Feature","geometry":{"type":"Point","coordinates":[2.56688,42.67637]},"properties":{"latitude":"42.67637","longitude":"2.56688","bright_ti4":"354.95","scan":"0.41","track":"0.45","acq_date":"2026-07-05","acq_time":"1214","satellite":"N21","instrument":"VIIRS","confidence":"n","version":"2.0NRT","bright_ti5":"315.64","frp":"15.19","daynight":"D","commune":"Montalba-le-Château","code_insee":"66111","departement":"Pyrénées-Orientales","region":"Occitanie"}},{"type":"Feature","geometry":{"type":"Point","coordinates":[2.54066,42.67916]},"properties":{"latitude":"42.67916","longitude":"2.54066","bright_ti4":"367","scan":"0.41","track":"0.45","acq_date":"2026-07-05","acq_time":"1214","satellite":"N21","instrument":"VIIRS","confidence":"h","version":"2.0NRT","bright_ti5":"345.36","frp":"114.49","daynight":"D","commune":"Rodès","code_insee":"66165","departement":"Pyrénées-Orientales","region":"Occitanie"}},{"type":"Feature","geometry":{"type":"Point","coordinates":[2.60577,42.68075]},"properties":{"latitude":"42.68075","longitude":"2.60577","bright_ti4":"367","scan":"0.41","track":"0.45","acq_date":"2026-07-05","acq_time":"1214","satellite":"N21","instrument":"VIIRS","confidence":"h","version":"2.0NRT","bright_ti5":"329.52","frp":"29.64","daynight":"D","commune":"Ille-sur-Têt","code_insee":"66088","departement":"Pyrénées-Orientales","region":"Occitanie"}},{"type":"Feature","geometry":{"type":"Point","coordinates":[2.54995,42.68124]},"properties":{"latitude":"42.68124","longitude":"2.54995","bright_ti4":"352.51","scan":"0.41","track":"0.45","acq_date":"2026-07-05","acq_time":"1214","satellite":"N21","instrument":"VIIRS","confidence":"l","version":"2.0NRT","bright_ti5":"333.63","frp":"98.82","daynight":"D","commune":"Rodès","code_insee":"66165","departement":"Pyrénées-Orientales","region":"Occitanie"}},{"type":"Feature","geometry":{"type":"Point","coordinates":[2.59527,42.68272]},"properties":{"latitude":"42.68272","longitude":"2.59527","bright_ti4":"367","scan":"0.41","track":"0.45","acq_date":"2026-07-05","acq_time":"1214","satellite":"N21","instrument":"VIIRS","confidence":"l","version":"2.0NRT","bright_ti5":"358.26","frp":"160.35","daynight":"D","commune":"Ille-sur-Têt","code_insee":"66088","departement":"Pyrénées-Orientales","region":"Occitanie"}},{"type":"Feature","geometry":{"type":"Point","coordinates":[2.53909,42.68314]},"properties":{"latitude":"42.68314","longitude":"2.53909","bright_ti4":"352.61","scan":"0.41","track":"0.45","acq_date":"2026-07-05","acq_time":"1214","satellite":"N21","instrument":"VIIRS","confidence":"l","version":"2.0NRT","bright_ti5":"339.15","frp":"114.49","daynight":"D","commune":"Rodès","code_insee":"66165","departement":"Pyrénées-Orientales","region":"Occitanie"}},{"type":"Feature","geometry":{"type":"Point","coordinates":[2.5999,42.68376]},"properties":{"latitude":"42.68376","longitude":"2.5999","bright_ti4":"353.45","scan":"0.41","track":"0.45","acq_date":"2026-07-05","acq_time":"1214","satellite":"N21","instrument":"VIIRS","confidence":"n","version":"2.0NRT","bright_ti5":"327.36","frp":"30.42","daynight":"D","commune":"Ille-sur-Têt","code_insee":"66088","departement":"Pyrénées-Orientales","region":"Occitanie"}},{"type":"Feature","geometry":{"type":"Point","coordinates":[2.54375,42.68419]},"properties":{"latitude":"42.68419","longitude":"2.54375","bright_ti4":"350.85","scan":"0.41","track":"0.45","acq_date":"2026-07-05","acq_time":"1214","satellite":"N21","instrument":"VIIRS","confidence":"n","version":"2.0NRT","bright_ti5":"325.06","frp":"114.49","daynight":"D","commune":"Rodès","code_insee":"66165","departement":"Pyrénées-Orientales","region":"Occitanie"}},{"type":"Feature","geometry":{"type":"Point","coordinates":[2.60454,42.68479]},"properties":{"latitude":"42.68479","longitude":"2.60454","bright_ti4":"342.82","scan":"0.41","track":"0.45","acq_date":"2026-07-05","acq_time":"1214","satellite":"N21","instrument":"VIIRS","confidence":"n","version":"2.0NRT","bright_ti5":"317.7","frp":"30.42","daynight":"D","commune":"Ille-sur-Têt","code_insee":"66088","departement":"Pyrénées-Orientales","region":"Occitanie"}},{"type":"Feature","geometry":{"type":"Point","coordinates":[2.5375,42.68712]},"properties":{"latitude":"42.68712","longitude":"2.5375","bright_ti4":"367","scan":"0.41","track":"0.45","acq_date":"2026-07-05","acq_time":"1214","satellite":"N21","instrument":"VIIRS","confidence":"l","version":"2.0NRT","bright_ti5":"325.37","frp":"54.5","daynight":"D","commune":"Rodès","code_insee":"66165","departement":"Pyrénées-Orientales","region":"Occitanie"}},{"type":"Feature","geometry":{"type":"Point","coordinates":[2.52651,42.689]},"properties":{"latitude":"42.689","longitude":"2.52651","bright_ti4":"367","scan":"0.41","track":"0.45","acq_date":"2026-07-05","acq_time":"1214","satellite":"N21","instrument":"VIIRS","confidence":"h","version":"2.0NRT","bright_ti5":"359.97","frp":"148.35","daynight":"D","commune":"Rodès","code_insee":"66165","departement":"Pyrénées-Orientales","region":"Occitanie"}},{"type":"Feature","geometry":{"type":"Point","coordinates":[2.56745,42.68948]},"properties":{"latitude":"42.68948","longitude":"2.56745","bright_ti4":"354.26","scan":"0.41","track":"0.45","acq_date":"2026-07-05","acq_time":"1214","satellite":"N21","instrument":"VIIRS","confidence":"n","version":"2.0NRT","bright_ti5":"325.78","frp":"20.41","daynight":"D","commune":"Montalba-le-Château","code_insee":"66111","departement":"Pyrénées-Orientales","region":"Occitanie"}},{"type":"Feature","geometry":{"type":"Point","coordinates":[2.5313,42.69007]},"properties":{"latitude":"42.69007","longitude":"2.5313","bright_ti4":"355.07","scan":"0.41","track":"0.45","acq_date":"2026-07-05","acq_time":"1214","satellite":"N21","instrument":"VIIRS","confidence":"l","version":"2.0NRT","bright_ti5":"333.19","frp":"148.35","daynight":"D","commune":"Rodès","code_insee":"66165","departement":"Pyrénées-Orientales","region":"Occitanie"}},{"type":"Feature","geometry":{"type":"Point","coordinates":[2.52017,42.69191]},"properties":{"latitude":"42.69191","longitude":"2.52017","bright_ti4":"308.73","scan":"0.41","track":"0.45","acq_date":"2026-07-05","acq_time":"1214","satellite":"N21","instrument":"VIIRS","confidence":"l","version":"2.0NRT","bright_ti5":"318.07","frp":"83.64","daynight":"D","commune":"Tarerach","code_insee":"66201","departement":"Pyrénées-Orientales","region":"Occitanie"}},{"type":"Feature","geometry":{"type":"Point","coordinates":[2.52501,42.693]},"properties":{"latitude":"42.693","longitude":"2.52501","bright_ti4":"367","scan":"0.41","track":"0.45","acq_date":"2026-07-05","acq_time":"1214","satellite":"N21","instrument":"VIIRS","confidence":"h","version":"2.0NRT","bright_ti5":"363.79","frp":"84.52","daynight":"D","commune":"Rodès","code_insee":"66165","departement":"Pyrénées-Orientales","region":"Occitanie"}},{"type":"Feature","geometry":{"type":"Point","coordinates":[2.54549,42.69323]},"properties":{"latitude":"42.69323","longitude":"2.54549","bright_ti4":"346.34","scan":"0.41","track":"0.45","acq_date":"2026-07-05","acq_time":"1214","satellite":"N21","instrument":"VIIRS","confidence":"l","version":"2.0NRT","bright_ti5":"320.36","frp":"15.58","daynight":"D","commune":"Montalba-le-Château","code_insee":"66111","departement":"Pyrénées-Orientales","region":"Occitanie"}},{"type":"Feature","geometry":{"type":"Point","coordinates":[2.52979,42.69406]},"properties":{"latitude":"42.69406","longitude":"2.52979","bright_ti4":"367","scan":"0.41","track":"0.45","acq_date":"2026-07-05","acq_time":"1214","satellite":"N21","instrument":"VIIRS","confidence":"h","version":"2.0NRT","bright_ti5":"330","frp":"84.52","daynight":"D","commune":"Trévillach","code_insee":"66215","departement":"Pyrénées-Orientales","region":"Occitanie"}},{"type":"Feature","geometry":{"type":"Point","coordinates":[2.51873,42.69593]},"properties":{"latitude":"42.69593","longitude":"2.51873","bright_ti4":"367","scan":"0.41","track":"0.45","acq_date":"2026-07-05","acq_time":"1214","satellite":"N21","instrument":"VIIRS","confidence":"h","version":"2.0NRT","bright_ti5":"345.05","frp":"83.64","daynight":"D","commune":"Tarerach","code_insee":"66201","departement":"Pyrénées-Orientales","region":"Occitanie"}},{"type":"Feature","geometry":{"type":"Point","coordinates":[2.52356,42.697]},"properties":{"latitude":"42.697","longitude":"2.52356","bright_ti4":"367","scan":"0.41","track":"0.45","acq_date":"2026-07-05","acq_time":"1214","satellite":"N21","instrument":"VIIRS","confidence":"h","version":"2.0NRT","bright_ti5":"336.06","frp":"84.52","daynight":"D","commune":"Trévillach","code_insee":"66215","departement":"Pyrénées-Orientales","region":"Occitanie"}},{"type":"Feature","geometry":{"type":"Point","coordinates":[2.52831,42.69806]},"properties":{"latitude":"42.69806","longitude":"2.52831","bright_ti4":"351.61","scan":"0.41","track":"0.45","acq_date":"2026-07-05","acq_time":"1214","satellite":"N21","instrument":"VIIRS","confidence":"l","version":"2.0NRT","bright_ti5":"328.78","frp":"84.52","daynight":"D","commune":"Trévillach","code_insee":"66215","departement":"Pyrénées-Orientales","region":"Occitanie"}},{"type":"Feature","geometry":{"type":"Point","coordinates":[2.53306,42.69912]},"properties":{"latitude":"42.69912","longitude":"2.53306","bright_ti4":"367","scan":"0.41","track":"0.45","acq_date":"2026-07-05","acq_time":"1214","satellite":"N21","instrument":"VIIRS","confidence":"l","version":"2.0NRT","bright_ti5":"328.88","frp":"37.9","daynight":"D","commune":"Trévillach","code_insee":"66215","departement":"Pyrénées-Orientales","region":"Occitanie"}},{"type":"Feature","geometry":{"type":"Point","coordinates":[2.51736,42.69995]},"properties":{"latitude":"42.69995","longitude":"2.51736","bright_ti4":"352.31","scan":"0.41","track":"0.45","acq_date":"2026-07-05","acq_time":"1214","satellite":"N21","instrument":"VIIRS","confidence":"n","version":"2.0NRT","bright_ti5":"324.91","frp":"23.19","daynight":"D","commune":"Trévillach","code_insee":"66215","departement":"Pyrénées-Orientales","region":"Occitanie"}},{"type":"Feature","geometry":{"type":"Point","coordinates":[2.52216,42.70102]},"properties":{"latitude":"42.70102","longitude":"2.52216","bright_ti4":"367","scan":"0.41","track":"0.45","acq_date":"2026-07-05","acq_time":"1214","satellite":"N21","instrument":"VIIRS","confidence":"l","version":"2.0NRT","bright_ti5":"326.22","frp":"11.5","daynight":"D","commune":"Trévillach","code_insee":"66215","departement":"Pyrénées-Orientales","region":"Occitanie"}},{"type":"Feature","geometry":{"type":"Point","coordinates":[2.52551,42.7061]},"properties":{"latitude":"42.7061","longitude":"2.52551","bright_ti4":"345.22","scan":"0.41","track":"0.45","acq_date":"2026-07-05","acq_time":"1214","satellite":"N21","instrument":"VIIRS","confidence":"l","version":"2.0NRT","bright_ti5":"315.78","frp":"11.5","daynight":"D","commune":"Trévillach","code_insee":"66215","departement":"Pyrénées-Orientales","region":"Occitanie"}},{"type":"Feature","geometry":{"type":"Point","coordinates":[4.48804,43.88575]},"properties":{"latitude":"43.88575","longitude":"4.48804","bright_ti4":"339.19","scan":"0.49","track":"0.4","acq_date":"2026-07-05","acq_time":"1214","satellite":"N21","instrument":"VIIRS","confidence":"n","version":"2.0NRT","bright_ti5":"307.24","frp":"97.53","daynight":"D","commune":"Bezouce","code_insee":"30039","departement":"Gard","region":"Occitanie"}},{"type":"Feature","geometry":{"type":"Point","coordinates":[4.48673,43.88935]},"properties":{"latitude":"43.88935","longitude":"4.48673","bright_ti4":"367","scan":"0.49","track":"0.4","acq_date":"2026-07-05","acq_time":"1214","satellite":"N21","instrument":"VIIRS","confidence":"h","version":"2.0NRT","bright_ti5":"329.05","frp":"335.84","daynight":"D","commune":"Bezouce","code_insee":"30039","departement":"Gard","region":"Occitanie"}},{"type":"Feature","geometry":{"type":"Point","coordinates":[4.49261,43.89053]},"properties":{"latitude":"43.89053","longitude":"4.49261","bright_ti4":"367","scan":"0.49","track":"0.4","acq_date":"2026-07-05","acq_time":"1214","satellite":"N21","instrument":"VIIRS","confidence":"l","version":"2.0NRT","bright_ti5":"365.21","frp":"335.84","daynight":"D","commune":"Bezouce","code_insee":"30039","departement":"Gard","region":"Occitanie"}},{"type":"Feature","geometry":{"type":"Point","coordinates":[4.49848,43.8917]},"properties":{"latitude":"43.8917","longitude":"4.49848","bright_ti4":"367","scan":"0.49","track":"0.4","acq_date":"2026-07-05","acq_time":"1214","satellite":"N21","instrument":"VIIRS","confidence":"l","version":"2.0NRT","bright_ti5":"333.78","frp":"265.26","daynight":"D","commune":"Bezouce","code_insee":"30039","departement":"Gard","region":"Occitanie"}},{"type":"Feature","geometry":{"type":"Point","coordinates":[4.4913,43.89412]},"properties":{"latitude":"43.89412","longitude":"4.4913","bright_ti4":"367","scan":"0.49","track":"0.4","acq_date":"2026-07-05","acq_time":"1214","satellite":"N21","instrument":"VIIRS","confidence":"l","version":"2.0NRT","bright_ti5":"368.39","frp":"335.84","daynight":"D","commune":"Bezouce","code_insee":"30039","departement":"Gard","region":"Occitanie"}},{"type":"Feature","geometry":{"type":"Point","coordinates":[4.49721,43.8953]},"properties":{"latitude":"43.8953","longitude":"4.49721","bright_ti4":"367","scan":"0.49","track":"0.4","acq_date":"2026-07-05","acq_time":"1214","satellite":"N21","instrument":"VIIRS","confidence":"h","version":"2.0NRT","bright_ti5":"348.35","frp":"265.26","daynight":"D","commune":"Bezouce","code_insee":"30039","departement":"Gard","region":"Occitanie"}},{"type":"Feature","geometry":{"type":"Point","coordinates":[4.48999,43.89771]},"properties":{"latitude":"43.89771","longitude":"4.48999","bright_ti4":"367","scan":"0.49","track":"0.4","acq_date":"2026-07-05","acq_time":"1214","satellite":"N21","instrument":"VIIRS","confidence":"h","version":"2.0NRT","bright_ti5":"341.95","frp":"215.86","daynight":"D","commune":"Cabrières","code_insee":"30057","departement":"Gard","region":"Occitanie"}},{"type":"Feature","geometry":{"type":"Point","coordinates":[4.4959,43.8989]},"properties":{"latitude":"43.8989","longitude":"4.4959","bright_ti4":"367","scan":"0.49","track":"0.4","acq_date":"2026-07-05","acq_time":"1214","satellite":"N21","instrument":"VIIRS","confidence":"h","version":"2.0NRT","bright_ti5":"363.09","frp":"220.5","daynight":"D","commune":"Bezouce","code_insee":"30039","departement":"Gard","region":"Occitanie"}},{"type":"Feature","geometry":{"type":"Point","coordinates":[4.50174,43.90006]},"properties":{"latitude":"43.90006","longitude":"4.50174","bright_ti4":"339.21","scan":"0.48","track":"0.4","acq_date":"2026-07-05","acq_time":"1214","satellite":"N21","instrument":"VIIRS","confidence":"n","version":"2.0NRT","bright_ti5":"310.96","frp":"220.5","daynight":"D","commune":"Lédenon","code_insee":"30145","departement":"Gard","region":"Occitanie"}},{"type":"Feature","geometry":{"type":"Point","coordinates":[4.48869,43.90131]},"properties":{"latitude":"43.90131","longitude":"4.48869","bright_ti4":"367","scan":"0.49","track":"0.4","acq_date":"2026-07-05","acq_time":"1214","satellite":"N21","instrument":"VIIRS","confidence":"h","version":"2.0NRT","bright_ti5":"328.91","frp":"215.86","daynight":"D","commune":"Cabrières","code_insee":"30057","departement":"Gard","region":"Occitanie"}},{"type":"Feature","geometry":{"type":"Point","coordinates":[4.49459,43.90248]},"properties":{"latitude":"43.90248","longitude":"4.49459","bright_ti4":"367","scan":"0.49","track":"0.4","acq_date":"2026-07-05","acq_time":"1214","satellite":"N21","instrument":"VIIRS","confidence":"h","version":"2.0NRT","bright_ti5":"355.58","frp":"220.5","daynight":"D","commune":"Lédenon","code_insee":"30145","departement":"Gard","region":"Occitanie"}},{"type":"Feature","geometry":{"type":"Point","coordinates":[4.50042,43.90365]},"properties":{"latitude":"43.90365","longitude":"4.50042","bright_ti4":"367","scan":"0.48","track":"0.4","acq_date":"2026-07-05","acq_time":"1214","satellite":"N21","instrument":"VIIRS","confidence":"h","version":"2.0NRT","bright_ti5":"342.92","frp":"220.5","daynight":"D","commune":"Lédenon","code_insee":"30145","departement":"Gard","region":"Occitanie"}},{"type":"Feature","geometry":{"type":"Point","coordinates":[4.49332,43.90609]},"properties":{"latitude":"43.90609","longitude":"4.49332","bright_ti4":"354.8","scan":"0.49","track":"0.4","acq_date":"2026-07-05","acq_time":"1214","satellite":"N21","instrument":"VIIRS","confidence":"n","version":"2.0NRT","bright_ti5":"328.86","frp":"69.1","daynight":"D","commune":"Lédenon","code_insee":"30145","departement":"Gard","region":"Occitanie"}},{"type":"Feature","geometry":{"type":"Point","coordinates":[4.49916,43.90725]},"properties":{"latitude":"43.90725","longitude":"4.49916","bright_ti4":"367","scan":"0.48","track":"0.4","acq_date":"2026-07-05","acq_time":"1214","satellite":"N21","instrument":"VIIRS","confidence":"h","version":"2.0NRT","bright_ti5":"355.2","frp":"69.1","daynight":"D","commune":"Lédenon","code_insee":"30145","departement":"Gard","region":"Occitanie"}},{"type":"Feature","geometry":{"type":"Point","coordinates":[4.49208,43.90969]},"properties":{"latitude":"43.90969","longitude":"4.49208","bright_ti4":"367","scan":"0.49","track":"0.4","acq_date":"2026-07-05","acq_time":"1214","satellite":"N21","instrument":"VIIRS","confidence":"h","version":"2.0NRT","bright_ti5":"332.61","frp":"69.1","daynight":"D","commune":"Cabrières","code_insee":"30057","departement":"Gard","region":"Occitanie"}},{"type":"Feature","geometry":{"type":"Point","coordinates":[4.49791,43.91085]},"properties":{"latitude":"43.91085","longitude":"4.49791","bright_ti4":"350.56","scan":"0.48","track":"0.4","acq_date":"2026-07-05","acq_time":"1214","satellite":"N21","instrument":"VIIRS","confidence":"l","version":"2.0NRT","bright_ti5":"348.04","frp":"69.1","daynight":"D","commune":"Lédenon","code_insee":"30145","departement":"Gard","region":"Occitanie"}},{"type":"Feature","geometry":{"type":"Point","coordinates":[4.49666,43.91446]},"properties":{"latitude":"43.91446","longitude":"4.49666","bright_ti4":"350.86","scan":"0.48","track":"0.4","acq_date":"2026-07-05","acq_time":"1214","satellite":"N21","instrument":"VIIRS","confidence":"n","version":"2.0NRT","bright_ti5":"319.88","frp":"12.07","daynight":"D","commune":"Lédenon","code_insee":"30145","departement":"Gard","region":"Occitanie"}},{"type":"Feature","geometry":{"type":"Point","coordinates":[5.33429,44.72111]},"properties":{"latitude":"44.72111","longitude":"5.33429","bright_ti4":"332.31","scan":"0.44","track":"0.39","acq_date":"2026-07-05","acq_time":"1214","satellite":"N21","instrument":"VIIRS","confidence":"l","version":"2.0NRT","bright_ti5":"306.6","frp":"9.13","daynight":"D","commune":"Barsac","code_insee":"26027","departement":"Drôme","region":"Auvergne-Rhône-Alpes"}},{"type":"Feature","geometry":{"type":"Point","coordinates":[5.33995,44.72218]},"properties":{"latitude":"44.72218","longitude":"5.33995","bright_ti4":"333.43","scan":"0.44","track":"0.39","acq_date":"2026-07-05","acq_time":"1214","satellite":"N21","instrument":"VIIRS","confidence":"l","version":"2.0NRT","bright_ti5":"305.19","frp":"12.73","daynight":"D","commune":"Die","code_insee":"26113","departement":"Drôme","region":"Auvergne-Rhône-Alpes"}},{"type":"Feature","geometry":{"type":"Point","coordinates":[5.32466,44.73032]},"properties":{"latitude":"44.73032","longitude":"5.32466","bright_ti4":"339.72","scan":"0.44","track":"0.39","acq_date":"2026-07-05","acq_time":"1214","satellite":"N21","instrument":"VIIRS","confidence":"n","version":"2.0NRT","bright_ti5":"305.72","frp":"9.63","daynight":"D","commune":"Die","code_insee":"26113","departement":"Drôme","region":"Auvergne-Rhône-Alpes"}},{"type":"Feature","geometry":{"type":"Point","coordinates":[0.55008,44.80194]},"properties":{"latitude":"44.80194","longitude":"0.55008","bright_ti4":"341.5","scan":"0.45","track":"0.47","acq_date":"2026-07-05","acq_time":"1214","satellite":"N21","instrument":"VIIRS","confidence":"n","version":"2.0NRT","bright_ti5":"311.32","frp":"3.4","daynight":"D","commune":"Saint-Nexans","code_insee":"24472","departement":"Dordogne","region":"Nouvelle-Aquitaine"}},{"type":"Feature","geometry":{"type":"Point","coordinates":[-1.38171,47.17767]},"properties":{"latitude":"47.17767","longitude":"-1.38171","bright_ti4":"344.66","scan":"0.48","track":"0.48","acq_date":"2026-07-05","acq_time":"1217","satellite":"N21","instrument":"VIIRS","confidence":"n","version":"2.0NRT","bright_ti5":"304.21","frp":"6.13","daynight":"D","commune":"Haute-Goulaine","code_insee":"44071","departement":"Loire-Atlantique","region":"Pays de la Loire"}},{"type":"Feature","geometry":{"type":"Point","coordinates":[2.57838,42.65531]},"properties":{"latitude":"42.65531","longitude":"2.57838","bright_ti4":"355.8","scan":"0.74","track":"0.76","acq_date":"2026-07-05","acq_time":"1353","satellite":"N21","instrument":"VIIRS","confidence":"n","version":"2.0NRT","bright_ti5":"306.21","frp":"77.95","daynight":"D","commune":"Bouleternère","code_insee":"66023","departement":"Pyrénées-Orientales","region":"Occitanie"}},{"type":"Feature","geometry":{"type":"Point","coordinates":[2.58249,42.65743]},"properties":{"latitude":"42.65743","longitude":"2.58249","bright_ti4":"367","scan":"0.74","track":"0.76","acq_date":"2026-07-05","acq_time":"1353","satellite":"N21","instrument":"VIIRS","confidence":"h","version":"2.0NRT","bright_ti5":"311.02","frp":"46.92","daynight":"D","commune":"Bouleternère","code_insee":"66023","departement":"Pyrénées-Orientales","region":"Occitanie"}},{"type":"Feature","geometry":{"type":"Point","coordinates":[2.57215,42.65746]},"properties":{"latitude":"42.65746","longitude":"2.57215","bright_ti4":"347.94","scan":"0.74","track":"0.76","acq_date":"2026-07-05","acq_time":"1353","satellite":"N21","instrument":"VIIRS","confidence":"n","version":"2.0NRT","bright_ti5":"304.63","frp":"40.64","daynight":"D","commune":"Bouleternère","code_insee":"66023","departement":"Pyrénées-Orientales","region":"Occitanie"}},{"type":"Feature","geometry":{"type":"Point","coordinates":[2.55289,42.65749]},"properties":{"latitude":"42.65749","longitude":"2.55289","bright_ti4":"367","scan":"0.74","track":"0.76","acq_date":"2026-07-05","acq_time":"1353","satellite":"N21","instrument":"VIIRS","confidence":"h","version":"2.0NRT","bright_ti5":"308.11","frp":"36.43","daynight":"D","commune":"Rodès","code_insee":"66165","departement":"Pyrénées-Orientales","region":"Occitanie"}},{"type":"Feature","geometry":{"type":"Point","coordinates":[2.59745,42.66221]},"properties":{"latitude":"42.66221","longitude":"2.59745","bright_ti4":"367","scan":"0.74","track":"0.76","acq_date":"2026-07-05","acq_time":"1353","satellite":"N21","instrument":"VIIRS","confidence":"h","version":"2.0NRT","bright_ti5":"319.88","frp":"130.08","daynight":"D","commune":"Ille-sur-Têt","code_insee":"66088","departement":"Pyrénées-Orientales","region":"Occitanie"}},{"type":"Feature","geometry":{"type":"Point","coordinates":[2.5777,42.66234]},"properties":{"latitude":"42.66234","longitude":"2.5777","bright_ti4":"367","scan":"0.74","track":"0.76","acq_date":"2026-07-05","acq_time":"1353","satellite":"N21","instrument":"VIIRS","confidence":"h","version":"2.0NRT","bright_ti5":"311.41","frp":"77.95","daynight":"D","commune":"Ille-sur-Têt","code_insee":"66088","departement":"Pyrénées-Orientales","region":"Occitanie"}},{"type":"Feature","geometry":{"type":"Point","coordinates":[2.56681,42.66242]},"properties":{"latitude":"42.66242","longitude":"2.56681","bright_ti4":"336.62","scan":"0.74","track":"0.76","acq_date":"2026-07-05","acq_time":"1353","satellite":"N21","instrument":"VIIRS","confidence":"n","version":"2.0NRT","bright_ti5":"306.56","frp":"94.53","daynight":"D","commune":"Rodès","code_insee":"66165","departement":"Pyrénées-Orientales","region":"Occitanie"}},{"type":"Feature","geometry":{"type":"Point","coordinates":[2.55609,42.66249]},"properties":{"latitude":"42.66249","longitude":"2.55609","bright_ti4":"367","scan":"0.74","track":"0.76","acq_date":"2026-07-05","acq_time":"1353","satellite":"N21","instrument":"VIIRS","confidence":"h","version":"2.0NRT","bright_ti5":"315.14","frp":"94.53","daynight":"D","commune":"Rodès","code_insee":"66165","departement":"Pyrénées-Orientales","region":"Occitanie"}},{"type":"Feature","geometry":{"type":"Point","coordinates":[2.54598,42.66255]},"properties":{"latitude":"42.66255","longitude":"2.54598","bright_ti4":"207.38","scan":"0.74","track":"0.76","acq_date":"2026-07-05","acq_time":"1353","satellite":"N21","instrument":"VIIRS","confidence":"l","version":"2.0NRT","bright_ti5":"315.06","frp":"168.97","daynight":"D","commune":"Rodès","code_insee":"66165","departement":"Pyrénées-Orientales","region":"Occitanie"}},{"type":"Feature","geometry":{"type":"Point","coordinates":[2.60136,42.66444]},"properties":{"latitude":"42.66444","longitude":"2.60136","bright_ti4":"367","scan":"0.74","track":"0.76","acq_date":"2026-07-05","acq_time":"1353","satellite":"N21","instrument":"VIIRS","confidence":"h","version":"2.0NRT","bright_ti5":"307.95","frp":"114.54","daynight":"D","commune":"Ille-sur-Têt","code_insee":"66088","departement":"Pyrénées-Orientales","region":"Occitanie"}},{"type":"Feature","geometry":{"type":"Point","coordinates":[2.59165,42.66445]},"properties":{"latitude":"42.66445","longitude":"2.59165","bright_ti4":"284.6","scan":"0.74","track":"0.76","acq_date":"2026-07-05","acq_time":"1353","satellite":"N21","instrument":"VIIRS","confidence":"l","version":"2.0NRT","bright_ti5":"324.15","frp":"63.48","daynight":"D","commune":"Ille-sur-Têt","code_insee":"66088","departement":"Pyrénées-Orientales","region":"Occitanie"}},{"type":"Feature","geometry":{"type":"Point","coordinates":[2.58161,42.66447]},"properties":{"latitude":"42.66447","longitude":"2.58161","bright_ti4":"367","scan":"0.74","track":"0.76","acq_date":"2026-07-05","acq_time":"1353","satellite":"N21","instrument":"VIIRS","confidence":"h","version":"2.0NRT","bright_ti5":"311.63","frp":"63.48","daynight":"D","commune":"Ille-sur-Têt","code_insee":"66088","departement":"Pyrénées-Orientales","region":"Occitanie"}},{"type":"Feature","geometry":{"type":"Point","coordinates":[2.57096,42.66449]},"properties":{"latitude":"42.66449","longitude":"2.57096","bright_ti4":"342.13","scan":"0.74","track":"0.76","acq_date":"2026-07-05","acq_time":"1353","satellite":"N21","instrument":"VIIRS","confidence":"n","version":"2.0NRT","bright_ti5":"308.63","frp":"57.5","daynight":"D","commune":"Ille-sur-Têt","code_insee":"66088","departement":"Pyrénées-Orientales","region":"Occitanie"}},{"type":"Feature","geometry":{"type":"Point","coordinates":[2.55983,42.66451]},"properties":{"latitude":"42.66451","longitude":"2.55983","bright_ti4":"346.7","scan":"0.74","track":"0.76","acq_date":"2026-07-05","acq_time":"1353","satellite":"N21","instrument":"VIIRS","confidence":"n","version":"2.0NRT","bright_ti5":"308.5","frp":"57.5","daynight":"D","commune":"Rodès","code_insee":"66165","departement":"Pyrénées-Orientales","region":"Occitanie"}},{"type":"Feature","geometry":{"type":"Point","coordinates":[2.54941,42.66452]},"properties":{"latitude":"42.66452","longitude":"2.54941","bright_ti4":"367","scan":"0.74","track":"0.76","acq_date":"2026-07-05","acq_time":"1353","satellite":"N21","instrument":"VIIRS","confidence":"l","version":"2.0NRT","bright_ti5":"337.83","frp":"350.85","daynight":"D","commune":"Rodès","code_insee":"66165","departement":"Pyrénées-Orientales","region":"Occitanie"}},{"type":"Feature","geometry":{"type":"Point","coordinates":[2.53899,42.66453]},"properties":{"latitude":"42.66453","longitude":"2.53899","bright_ti4":"348.48","scan":"0.73","track":"0.76","acq_date":"2026-07-05","acq_time":"1353","satellite":"N21","instrument":"VIIRS","confidence":"n","version":"2.0NRT","bright_ti5":"306.35","frp":"350.85","daynight":"D","commune":"Rodès","code_insee":"66165","departement":"Pyrénées-Orientales","region":"Occitanie"}},{"type":"Feature","geometry":{"type":"Point","coordinates":[2.59625,42.66926]},"properties":{"latitude":"42.66926","longitude":"2.59625","bright_ti4":"353.37","scan":"0.74","track":"0.76","acq_date":"2026-07-05","acq_time":"1353","satellite":"N21","instrument":"VIIRS","confidence":"n","version":"2.0NRT","bright_ti5":"310.72","frp":"25.57","daynight":"D","commune":"Ille-sur-Têt","code_insee":"66088","departement":"Pyrénées-Orientales","region":"Occitanie"}},{"type":"Feature","geometry":{"type":"Point","coordinates":[2.58572,42.66933]},"properties":{"latitude":"42.66933","longitude":"2.58572","bright_ti4":"336.23","scan":"0.74","track":"0.76","acq_date":"2026-07-05","acq_time":"1353","satellite":"N21","instrument":"VIIRS","confidence":"n","version":"2.0NRT","bright_ti5":"311.04","frp":"23.17","daynight":"D","commune":"Ille-sur-Têt","code_insee":"66088","departement":"Pyrénées-Orientales","region":"Occitanie"}},{"type":"Feature","geometry":{"type":"Point","coordinates":[2.57598,42.66939]},"properties":{"latitude":"42.66939","longitude":"2.57598","bright_ti4":"349.59","scan":"0.74","track":"0.76","acq_date":"2026-07-05","acq_time":"1353","satellite":"N21","instrument":"VIIRS","confidence":"n","version":"2.0NRT","bright_ti5":"311.11","frp":"23.17","daynight":"D","commune":"Ille-sur-Têt","code_insee":"66088","departement":"Pyrénées-Orientales","region":"Occitanie"}},{"type":"Feature","geometry":{"type":"Point","coordinates":[2.55324,42.66954]},"properties":{"latitude":"42.66954","longitude":"2.55324","bright_ti4":"367","scan":"0.74","track":"0.76","acq_date":"2026-07-05","acq_time":"1353","satellite":"N21","instrument":"VIIRS","confidence":"h","version":"2.0NRT","bright_ti5":"311.59","frp":"66.11","daynight":"D","commune":"Rodès","code_insee":"66165","departement":"Pyrénées-Orientales","region":"Occitanie"}},{"type":"Feature","geometry":{"type":"Point","coordinates":[2.54339,42.66959]},"properties":{"latitude":"42.66959","longitude":"2.54339","bright_ti4":"367","scan":"0.74","track":"0.76","acq_date":"2026-07-05","acq_time":"1353","satellite":"N21","instrument":"VIIRS","confidence":"h","version":"2.0NRT","bright_ti5":"357.67","frp":"442.07","daynight":"D","commune":"Rodès","code_insee":"66165","departement":"Pyrénées-Orientales","region":"Occitanie"}},{"type":"Feature","geometry":{"type":"Point","coordinates":[2.53445,42.66965]},"properties":{"latitude":"42.66965","longitude":"2.53445","bright_ti4":"367","scan":"0.73","track":"0.76","acq_date":"2026-07-05","acq_time":"1353","satellite":"N21","instrument":"VIIRS","confidence":"l","version":"2.0NRT","bright_ti5":"326.11","frp":"442.07","daynight":"D","commune":"Rodès","code_insee":"66165","departement":"Pyrénées-Orientales","region":"Occitanie"}},{"type":"Feature","geometry":{"type":"Point","coordinates":[2.58937,42.67149]},"properties":{"latitude":"42.67149","longitude":"2.58937","bright_ti4":"340.51","scan":"0.74","track":"0.76","acq_date":"2026-07-05","acq_time":"1353","satellite":"N21","instrument":"VIIRS","confidence":"n","version":"2.0NRT","bright_ti5":"312.48","frp":"63.48","daynight":"D","commune":"Ille-sur-Têt","code_insee":"66088","departement":"Pyrénées-Orientales","region":"Occitanie"}},{"type":"Feature","geometry":{"type":"Point","coordinates":[2.55734,42.67153]},"properties":{"latitude":"42.67153","longitude":"2.55734","bright_ti4":"338.56","scan":"0.74","track":"0.76","acq_date":"2026-07-05","acq_time":"1353","satellite":"N21","instrument":"VIIRS","confidence":"n","version":"2.0NRT","bright_ti5":"310.32","frp":"57.5","daynight":"D","commune":"Rodès","code_insee":"66165","departement":"Pyrénées-Orientales","region":"Occitanie"}},{"type":"Feature","geometry":{"type":"Point","coordinates":[2.54721,42.67154]},"properties":{"latitude":"42.67154","longitude":"2.54721","bright_ti4":"367","scan":"0.74","track":"0.76","acq_date":"2026-07-05","acq_time":"1353","satellite":"N21","instrument":"VIIRS","confidence":"h","version":"2.0NRT","bright_ti5":"322.07","frp":"350.85","daynight":"D","commune":"Rodès","code_insee":"66165","departement":"Pyrénées-Orientales","region":"Occitanie"}},{"type":"Feature","geometry":{"type":"Point","coordinates":[2.53791,42.67155]},"properties":{"latitude":"42.67155","longitude":"2.53791","bright_ti4":"367","scan":"0.73","track":"0.76","acq_date":"2026-07-05","acq_time":"1353","satellite":"N21","instrument":"VIIRS","confidence":"l","version":"2.0NRT","bright_ti5":"373.5","frp":"350.85","daynight":"D","commune":"Rodès","code_insee":"66165","departement":"Pyrénées-Orientales","region":"Occitanie"}},{"type":"Feature","geometry":{"type":"Point","coordinates":[2.52921,42.67156]},"properties":{"latitude":"42.67156","longitude":"2.52921","bright_ti4":"350.67","scan":"0.73","track":"0.76","acq_date":"2026-07-05","acq_time":"1353","satellite":"N21","instrument":"VIIRS","confidence":"n","version":"2.0NRT","bright_ti5":"310.27","frp":"269.32","daynight":"D","commune":"Rodès","code_insee":"66165","departement":"Pyrénées-Orientales","region":"Occitanie"}},{"type":"Feature","geometry":{"type":"Point","coordinates":[2.56385,42.6765]},"properties":{"latitude":"42.6765","longitude":"2.56385","bright_ti4":"342.69","scan":"0.74","track":"0.76","acq_date":"2026-07-05","acq_time":"1353","satellite":"N21","instrument":"VIIRS","confidence":"n","version":"2.0NRT","bright_ti5":"312.44","frp":"66.11","daynight":"D","commune":"Rodès","code_insee":"66165","departement":"Pyrénées-Orientales","region":"Occitanie"}},{"type":"Feature","geometry":{"type":"Point","coordinates":[2.55333,42.67656]},"properties":{"latitude":"42.67656","longitude":"2.55333","bright_ti4":"336.54","scan":"0.74","track":"0.76","acq_date":"2026-07-05","acq_time":"1353","satellite":"N21","instrument":"VIIRS","confidence":"n","version":"2.0NRT","bright_ti5":"310.43","frp":"66.11","daynight":"D","commune":"Rodès","code_insee":"66165","departement":"Pyrénées-Orientales","region":"Occitanie"}},{"type":"Feature","geometry":{"type":"Point","coordinates":[2.54282,42.67662]},"properties":{"latitude":"42.67662","longitude":"2.54282","bright_ti4":"367","scan":"0.74","track":"0.76","acq_date":"2026-07-05","acq_time":"1353","satellite":"N21","instrument":"VIIRS","confidence":"h","version":"2.0NRT","bright_ti5":"315.13","frp":"442.07","daynight":"D","commune":"Rodès","code_insee":"66165","departement":"Pyrénées-Orientales","region":"Occitanie"}},{"type":"Feature","geometry":{"type":"Point","coordinates":[2.53348,42.67667]},"properties":{"latitude":"42.67667","longitude":"2.53348","bright_ti4":"367","scan":"0.73","track":"0.76","acq_date":"2026-07-05","acq_time":"1353","satellite":"N21","instrument":"VIIRS","confidence":"l","version":"2.0NRT","bright_ti5":"364.46","frp":"442.07","daynight":"D","commune":"Rodès","code_insee":"66165","departement":"Pyrénées-Orientales","region":"Occitanie"}},{"type":"Feature","geometry":{"type":"Point","coordinates":[2.52468,42.67672]},"properties":{"latitude":"42.67672","longitude":"2.52468","bright_ti4":"350.42","scan":"0.73","track":"0.76","acq_date":"2026-07-05","acq_time":"1353","satellite":"N21","instrument":"VIIRS","confidence":"n","version":"2.0NRT","bright_ti5":"309.81","frp":"254.72","daynight":"D","commune":"Rodès","code_insee":"66165","departement":"Pyrénées-Orientales","region":"Occitanie"}},{"type":"Feature","geometry":{"type":"Point","coordinates":[2.60962,42.6785]},"properties":{"latitude":"42.6785","longitude":"2.60962","bright_ti4":"367","scan":"0.74","track":"0.76","acq_date":"2026-07-05","acq_time":"1353","satellite":"N21","instrument":"VIIRS","confidence":"h","version":"2.0NRT","bright_ti5":"312.57","frp":"60.79","daynight":"D","commune":"Ille-sur-Têt","code_insee":"66088","departement":"Pyrénées-Orientales","region":"Occitanie"}},{"type":"Feature","geometry":{"type":"Point","coordinates":[2.56807,42.67855]},"properties":{"latitude":"42.67855","longitude":"2.56807","bright_ti4":"339.7","scan":"0.74","track":"0.76","acq_date":"2026-07-05","acq_time":"1353","satellite":"N21","instrument":"VIIRS","confidence":"l","version":"2.0NRT","bright_ti5":"313.52","frp":"31.87","daynight":"D","commune":"Montalba-le-Château","code_insee":"66111","departement":"Pyrénées-Orientales","region":"Occitanie"}},{"type":"Feature","geometry":{"type":"Point","coordinates":[2.5473,42.67856]},"properties":{"latitude":"42.67856","longitude":"2.5473","bright_ti4":"343.4","scan":"0.74","track":"0.76","acq_date":"2026-07-05","acq_time":"1353","satellite":"N21","instrument":"VIIRS","confidence":"n","version":"2.0NRT","bright_ti5":"311.04","frp":"146.17","daynight":"D","commune":"Rodès","code_insee":"66165","departement":"Pyrénées-Orientales","region":"Occitanie"}},{"type":"Feature","geometry":{"type":"Point","coordinates":[2.52824,42.67857]},"properties":{"latitude":"42.67857","longitude":"2.52824","bright_ti4":"367","scan":"0.73","track":"0.76","acq_date":"2026-07-05","acq_time":"1353","satellite":"N21","instrument":"VIIRS","confidence":"l","version":"2.0NRT","bright_ti5":"325.47","frp":"279.73","daynight":"D","commune":"Rodès","code_insee":"66165","departement":"Pyrénées-Orientales","region":"Occitanie"}},{"type":"Feature","geometry":{"type":"Point","coordinates":[2.53729,42.67857]},"properties":{"latitude":"42.67857","longitude":"2.53729","bright_ti4":"367","scan":"0.73","track":"0.76","acq_date":"2026-07-05","acq_time":"1353","satellite":"N21","instrument":"VIIRS","confidence":"h","version":"2.0NRT","bright_ti5":"342.17","frp":"146.17","daynight":"D","commune":"Rodès","code_insee":"66165","departement":"Pyrénées-Orientales","region":"Occitanie"}},{"type":"Feature","geometry":{"type":"Point","coordinates":[2.61459,42.68323]},"properties":{"latitude":"42.68323","longitude":"2.61459","bright_ti4":"351.63","scan":"0.74","track":"0.76","acq_date":"2026-07-05","acq_time":"1353","satellite":"N21","instrument":"VIIRS","confidence":"n","version":"2.0NRT","bright_ti5":"311.23","frp":"52.92","daynight":"D","commune":"Ille-sur-Têt","code_insee":"66088","departement":"Pyrénées-Orientales","region":"Occitanie"}},{"type":"Feature","geometry":{"type":"Point","coordinates":[2.60337,42.6833]},"properties":{"latitude":"42.6833","longitude":"2.60337","bright_ti4":"350.22","scan":"0.74","track":"0.76","acq_date":"2026-07-05","acq_time":"1353","satellite":"N21","instrument":"VIIRS","confidence":"l","version":"2.0NRT","bright_ti5":"324.95","frp":"214.82","daynight":"D","commune":"Ille-sur-Têt","code_insee":"66088","departement":"Pyrénées-Orientales","region":"Occitanie"}},{"type":"Feature","geometry":{"type":"Point","coordinates":[2.54294,42.68364]},"properties":{"latitude":"42.68364","longitude":"2.54294","bright_ti4":"354.6","scan":"0.74","track":"0.76","acq_date":"2026-07-05","acq_time":"1353","satellite":"N21","instrument":"VIIRS","confidence":"n","version":"2.0NRT","bright_ti5":"311.34","frp":"79.16","daynight":"D","commune":"Rodès","code_insee":"66165","departement":"Pyrénées-Orientales","region":"Occitanie"}},{"type":"Feature","geometry":{"type":"Point","coordinates":[2.53302,42.6837]},"properties":{"latitude":"42.6837","longitude":"2.53302","bright_ti4":"367","scan":"0.73","track":"0.76","acq_date":"2026-07-05","acq_time":"1353","satellite":"N21","instrument":"VIIRS","confidence":"h","version":"2.0NRT","bright_ti5":"325.94","frp":"79.16","daynight":"D","commune":"Rodès","code_insee":"66165","departement":"Pyrénées-Orientales","region":"Occitanie"}},{"type":"Feature","geometry":{"type":"Point","coordinates":[2.524,42.68375]},"properties":{"latitude":"42.68375","longitude":"2.524","bright_ti4":"272.83","scan":"0.73","track":"0.76","acq_date":"2026-07-05","acq_time":"1353","satellite":"N21","instrument":"VIIRS","confidence":"l","version":"2.0NRT","bright_ti5":"313.58","frp":"75.77","daynight":"D","commune":"Tarerach","code_insee":"66201","departement":"Pyrénées-Orientales","region":"Occitanie"}},{"type":"Feature","geometry":{"type":"Point","coordinates":[2.60764,42.68554]},"properties":{"latitude":"42.68554","longitude":"2.60764","bright_ti4":"367","scan":"0.74","track":"0.76","acq_date":"2026-07-05","acq_time":"1353","satellite":"N21","instrument":"VIIRS","confidence":"h","version":"2.0NRT","bright_ti5":"317.28","frp":"60.79","daynight":"D","commune":"Ille-sur-Têt","code_insee":"66088","departement":"Pyrénées-Orientales","region":"Occitanie"}},{"type":"Feature","geometry":{"type":"Point","coordinates":[2.5967,42.68555]},"properties":{"latitude":"42.68555","longitude":"2.5967","bright_ti4":"350.55","scan":"0.74","track":"0.76","acq_date":"2026-07-05","acq_time":"1353","satellite":"N21","instrument":"VIIRS","confidence":"l","version":"2.0NRT","bright_ti5":"328.15","frp":"60.79","daynight":"D","commune":"Ille-sur-Têt","code_insee":"66088","departement":"Pyrénées-Orientales","region":"Occitanie"}},{"type":"Feature","geometry":{"type":"Point","coordinates":[2.58626,42.68556]},"properties":{"latitude":"42.68556","longitude":"2.58626","bright_ti4":"353.89","scan":"0.74","track":"0.76","acq_date":"2026-07-05","acq_time":"1353","satellite":"N21","instrument":"VIIRS","confidence":"n","version":"2.0NRT","bright_ti5":"311","frp":"71.67","daynight":"D","commune":"Ille-sur-Têt","code_insee":"66088","departement":"Pyrénées-Orientales","region":"Occitanie"}},{"type":"Feature","geometry":{"type":"Point","coordinates":[2.52768,42.68559]},"properties":{"latitude":"42.68559","longitude":"2.52768","bright_ti4":"352.39","scan":"0.73","track":"0.76","acq_date":"2026-07-05","acq_time":"1353","satellite":"N21","instrument":"VIIRS","confidence":"n","version":"2.0NRT","bright_ti5":"323.76","frp":"279.73","daynight":"D","commune":"Rodès","code_insee":"66165","departement":"Pyrénées-Orientales","region":"Occitanie"}},{"type":"Feature","geometry":{"type":"Point","coordinates":[2.53733,42.68559]},"properties":{"latitude":"42.68559","longitude":"2.53733","bright_ti4":"353.14","scan":"0.73","track":"0.76","acq_date":"2026-07-05","acq_time":"1353","satellite":"N21","instrument":"VIIRS","confidence":"n","version":"2.0NRT","bright_ti5":"313.68","frp":"146.17","daynight":"D","commune":"Rodès","code_insee":"66165","departement":"Pyrénées-Orientales","region":"Occitanie"}},{"type":"Feature","geometry":{"type":"Point","coordinates":[2.54739,42.68559]},"properties":{"latitude":"42.68559","longitude":"2.54739","bright_ti4":"352.47","scan":"0.74","track":"0.76","acq_date":"2026-07-05","acq_time":"1353","satellite":"N21","instrument":"VIIRS","confidence":"n","version":"2.0NRT","bright_ti5":"312.89","frp":"146.17","daynight":"D","commune":"Rodès","code_insee":"66165","departement":"Pyrénées-Orientales","region":"Occitanie"}},{"type":"Feature","geometry":{"type":"Point","coordinates":[2.57169,42.69052]},"properties":{"latitude":"42.69052","longitude":"2.57169","bright_ti4":"367","scan":"0.74","track":"0.76","acq_date":"2026-07-05","acq_time":"1353","satellite":"N21","instrument":"VIIRS","confidence":"h","version":"2.0NRT","bright_ti5":"313.47","frp":"61.55","daynight":"D","commune":"Montalba-le-Château","code_insee":"66111","departement":"Pyrénées-Orientales","region":"Occitanie"}},{"type":"Feature","geometry":{"type":"Point","coordinates":[2.56191,42.69057]},"properties":{"latitude":"42.69057","longitude":"2.56191","bright_ti4":"342.36","scan":"0.74","track":"0.76","acq_date":"2026-07-05","acq_time":"1353","satellite":"N21","instrument":"VIIRS","confidence":"n","version":"2.0NRT","bright_ti5":"312.38","frp":"47.47","daynight":"D","commune":"Montalba-le-Château","code_insee":"66111","departement":"Pyrénées-Orientales","region":"Occitanie"}},{"type":"Feature","geometry":{"type":"Point","coordinates":[2.53274,42.69072]},"properties":{"latitude":"42.69072","longitude":"2.53274","bright_ti4":"353.24","scan":"0.73","track":"0.76","acq_date":"2026-07-05","acq_time":"1353","satellite":"N21","instrument":"VIIRS","confidence":"n","version":"2.0NRT","bright_ti5":"315.45","frp":"79.16","daynight":"D","commune":"Montalba-le-Château","code_insee":"66111","departement":"Pyrénées-Orientales","region":"Occitanie"}},{"type":"Feature","geometry":{"type":"Point","coordinates":[2.52331,42.69077]},"properties":{"latitude":"42.69077","longitude":"2.52331","bright_ti4":"367","scan":"0.73","track":"0.76","acq_date":"2026-07-05","acq_time":"1353","satellite":"N21","instrument":"VIIRS","confidence":"h","version":"2.0NRT","bright_ti5":"319.95","frp":"75.77","daynight":"D","commune":"Tarerach","code_insee":"66201","departement":"Pyrénées-Orientales","region":"Occitanie"}},{"type":"Feature","geometry":{"type":"Point","coordinates":[2.5144,42.69081]},"properties":{"latitude":"42.69081","longitude":"2.5144","bright_ti4":"341.26","scan":"0.73","track":"0.76","acq_date":"2026-07-05","acq_time":"1353","satellite":"N21","instrument":"VIIRS","confidence":"n","version":"2.0NRT","bright_ti5":"308.52","frp":"75.77","daynight":"D","commune":"Tarerach","code_insee":"66201","departement":"Pyrénées-Orientales","region":"Occitanie"}},{"type":"Feature","geometry":{"type":"Point","coordinates":[2.55643,42.6926]},"properties":{"latitude":"42.6926","longitude":"2.55643","bright_ti4":"342.54","scan":"0.74","track":"0.76","acq_date":"2026-07-05","acq_time":"1353","satellite":"N21","instrument":"VIIRS","confidence":"n","version":"2.0NRT","bright_ti5":"312.78","frp":"18.33","daynight":"D","commune":"Montalba-le-Château","code_insee":"66111","departement":"Pyrénées-Orientales","region":"Occitanie"}},{"type":"Feature","geometry":{"type":"Point","coordinates":[2.56603,42.6926]},"properties":{"latitude":"42.6926","longitude":"2.56603","bright_ti4":"367","scan":"0.74","track":"0.76","acq_date":"2026-07-05","acq_time":"1353","satellite":"N21","instrument":"VIIRS","confidence":"h","version":"2.0NRT","bright_ti5":"313.45","frp":"18.33","daynight":"D","commune":"Montalba-le-Château","code_insee":"66111","departement":"Pyrénées-Orientales","region":"Occitanie"}},{"type":"Feature","geometry":{"type":"Point","coordinates":[2.52728,42.69261]},"properties":{"latitude":"42.69261","longitude":"2.52728","bright_ti4":"367","scan":"0.73","track":"0.76","acq_date":"2026-07-05","acq_time":"1353","satellite":"N21","instrument":"VIIRS","confidence":"h","version":"2.0NRT","bright_ti5":"319.86","frp":"79.57","daynight":"D","commune":"Rodès","code_insee":"66165","departement":"Pyrénées-Orientales","region":"Occitanie"}},{"type":"Feature","geometry":{"type":"Point","coordinates":[2.54206,42.69769]},"properties":{"latitude":"42.69769","longitude":"2.54206","bright_ti4":"340.53","scan":"0.74","track":"0.76","acq_date":"2026-07-05","acq_time":"1353","satellite":"N21","instrument":"VIIRS","confidence":"n","version":"2.0NRT","bright_ti5":"310.74","frp":"37.53","daynight":"D","commune":"Trévillach","code_insee":"66215","departement":"Pyrénées-Orientales","region":"Occitanie"}},{"type":"Feature","geometry":{"type":"Point","coordinates":[2.53223,42.69774]},"properties":{"latitude":"42.69774","longitude":"2.53223","bright_ti4":"339.05","scan":"0.73","track":"0.76","acq_date":"2026-07-05","acq_time":"1353","satellite":"N21","instrument":"VIIRS","confidence":"n","version":"2.0NRT","bright_ti5":"312.87","frp":"37.53","daynight":"D","commune":"Trévillach","code_insee":"66215","departement":"Pyrénées-Orientales","region":"Occitanie"}},{"type":"Feature","geometry":{"type":"Point","coordinates":[2.52251,42.69779]},"properties":{"latitude":"42.69779","longitude":"2.52251","bright_ti4":"367","scan":"0.73","track":"0.76","acq_date":"2026-07-05","acq_time":"1353","satellite":"N21","instrument":"VIIRS","confidence":"h","version":"2.0NRT","bright_ti5":"320.08","frp":"82.41","daynight":"D","commune":"Trévillach","code_insee":"66215","departement":"Pyrénées-Orientales","region":"Occitanie"}},{"type":"Feature","geometry":{"type":"Point","coordinates":[2.5169,42.69962]},"properties":{"latitude":"42.69962","longitude":"2.5169","bright_ti4":"367","scan":"0.73","track":"0.76","acq_date":"2026-07-05","acq_time":"1353","satellite":"N21","instrument":"VIIRS","confidence":"h","version":"2.0NRT","bright_ti5":"323.56","frp":"79.57","daynight":"D","commune":"Tarerach","code_insee":"66201","departement":"Pyrénées-Orientales","region":"Occitanie"}},{"type":"Feature","geometry":{"type":"Point","coordinates":[2.52661,42.69962]},"properties":{"latitude":"42.69962","longitude":"2.52661","bright_ti4":"367","scan":"0.73","track":"0.76","acq_date":"2026-07-05","acq_time":"1353","satellite":"N21","instrument":"VIIRS","confidence":"h","version":"2.0NRT","bright_ti5":"316.42","frp":"79.57","daynight":"D","commune":"Trévillach","code_insee":"66215","departement":"Pyrénées-Orientales","region":"Occitanie"}},{"type":"Feature","geometry":{"type":"Point","coordinates":[2.5365,42.69962]},"properties":{"latitude":"42.69962","longitude":"2.5365","bright_ti4":"367","scan":"0.73","track":"0.76","acq_date":"2026-07-05","acq_time":"1353","satellite":"N21","instrument":"VIIRS","confidence":"h","version":"2.0NRT","bright_ti5":"315.02","frp":"63.84","daynight":"D","commune":"Trévillach","code_insee":"66215","departement":"Pyrénées-Orientales","region":"Occitanie"}},{"type":"Feature","geometry":{"type":"Point","coordinates":[2.53144,42.70477]},"properties":{"latitude":"42.70477","longitude":"2.53144","bright_ti4":"367","scan":"0.73","track":"0.76","acq_date":"2026-07-05","acq_time":"1353","satellite":"N21","instrument":"VIIRS","confidence":"h","version":"2.0NRT","bright_ti5":"317.49","frp":"37.53","daynight":"D","commune":"Trévillach","code_insee":"66215","departement":"Pyrénées-Orientales","region":"Occitanie"}},{"type":"Feature","geometry":{"type":"Point","coordinates":[2.52129,42.70481]},"properties":{"latitude":"42.70481","longitude":"2.52129","bright_ti4":"353.5","scan":"0.73","track":"0.76","acq_date":"2026-07-05","acq_time":"1353","satellite":"N21","instrument":"VIIRS","confidence":"n","version":"2.0NRT","bright_ti5":"314.63","frp":"82.41","daynight":"D","commune":"Trévillach","code_insee":"66215","departement":"Pyrénées-Orientales","region":"Occitanie"}},{"type":"Feature","geometry":{"type":"Point","coordinates":[2.52557,42.70663]},"properties":{"latitude":"42.70663","longitude":"2.52557","bright_ti4":"352.58","scan":"0.73","track":"0.76","acq_date":"2026-07-05","acq_time":"1353","satellite":"N21","instrument":"VIIRS","confidence":"n","version":"2.0NRT","bright_ti5":"318.55","frp":"60.24","daynight":"D","commune":"Trévillach","code_insee":"66215","departement":"Pyrénées-Orientales","region":"Occitanie"}},{"type":"Feature","geometry":{"type":"Point","coordinates":[2.53574,42.70664]},"properties":{"latitude":"42.70664","longitude":"2.53574","bright_ti4":"335.55","scan":"0.73","track":"0.76","acq_date":"2026-07-05","acq_time":"1353","satellite":"N21","instrument":"VIIRS","confidence":"n","version":"2.0NRT","bright_ti5":"307.36","frp":"36.9","daynight":"D","commune":"Trévillach","code_insee":"66215","departement":"Pyrénées-Orientales","region":"Occitanie"}},{"type":"Feature","geometry":{"type":"Point","coordinates":[1.26482,46.29163]},"properties":{"latitude":"46.29163","longitude":"1.26482","bright_ti4":"339.87","scan":"0.65","track":"0.73","acq_date":"2026-07-05","acq_time":"1355","satellite":"N21","instrument":"VIIRS","confidence":"n","version":"2.0NRT","bright_ti5":"301.76","frp":"5.83","daynight":"D","commune":"Saint-Léger-Magnazeix","code_insee":"87160","departement":"Haute-Vienne","region":"Nouvelle-Aquitaine"}},{"type":"Feature","geometry":{"type":"Point","coordinates":[1.26547,46.29425]},"properties":{"latitude":"46.29425","longitude":"1.26547","bright_ti4":"338.8","scan":"0.65","track":"0.73","acq_date":"2026-07-05","acq_time":"1355","satellite":"N21","instrument":"VIIRS","confidence":"n","version":"2.0NRT","bright_ti5":"301.25","frp":"6.21","daynight":"D","commune":"Saint-Léger-Magnazeix","code_insee":"87160","departement":"Haute-Vienne","region":"Nouvelle-Aquitaine"}},{"type":"Feature","geometry":{"type":"Point","coordinates":[2.28536,51.03616]},"properties":{"latitude":"51.03616","longitude":"2.28536","bright_ti4":"327.63","scan":"0.74","track":"0.76","acq_date":"2026-07-05","acq_time":"1357","satellite":"N21","instrument":"VIIRS","confidence":"n","version":"2.0NRT","bright_ti5":"284.86","frp":"6.43","daynight":"D","commune":"Grande-Synthe","code_insee":"59271","departement":"Nord","region":"Hauts-de-France"}},{"type":"Feature","geometry":{"type":"Point","coordinates":[2.29638,51.04289]},"properties":{"latitude":"51.04289","longitude":"2.29638","bright_ti4":"327.63","scan":"0.74","track":"0.76","acq_date":"2026-07-05","acq_time":"1357","satellite":"N21","instrument":"VIIRS","confidence":"n","version":"2.0NRT","bright_ti5":"283.77","frp":"7.76","daynight":"D","commune":"Grande-Synthe","code_insee":"59271","departement":"Nord","region":"Hauts-de-France"}}]}