{"type":"FeatureCollection","features":[{"type":"Feature","geometry":{"type":"Point","coordinates":[2.54401,42.63319]},"properties":{"latitude":"42.63319","longitude":"2.54401","bright_ti4":"307.98","scan":"0.39","track":"0.59","acq_date":"2026-07-06","acq_time":"105","satellite":"N","instrument":"VIIRS","confidence":"n","version":"2.0NRT","bright_ti5":"293.5","frp":"1.61","daynight":"N","commune":"Rigarda","code_insee":"66162","departement":"Pyrénées-Orientales","region":"Occitanie"}},{"type":"Feature","geometry":{"type":"Point","coordinates":[2.53913,42.63342]},"properties":{"latitude":"42.63342","longitude":"2.53913","bright_ti4":"326.19","scan":"0.39","track":"0.59","acq_date":"2026-07-06","acq_time":"105","satellite":"N","instrument":"VIIRS","confidence":"n","version":"2.0NRT","bright_ti5":"294.42","frp":"1.98","daynight":"N","commune":"Rigarda","code_insee":"66162","departement":"Pyrénées-Orientales","region":"Occitanie"}},{"type":"Feature","geometry":{"type":"Point","coordinates":[2.53427,42.63364]},"properties":{"latitude":"42.63364","longitude":"2.53427","bright_ti4":"315.62","scan":"0.39","track":"0.59","acq_date":"2026-07-06","acq_time":"105","satellite":"N","instrument":"VIIRS","confidence":"n","version":"2.0NRT","bright_ti5":"292.39","frp":"1.98","daynight":"N","commune":"Rigarda","code_insee":"66162","departement":"Pyrénées-Orientales","region":"Occitanie"}},{"type":"Feature","geometry":{"type":"Point","coordinates":[2.57885,42.63714]},"properties":{"latitude":"42.63714","longitude":"2.57885","bright_ti4":"306.3","scan":"0.38","track":"0.59","acq_date":"2026-07-06","acq_time":"105","satellite":"N","instrument":"VIIRS","confidence":"n","version":"2.0NRT","bright_ti5":"294.99","frp":"1.59","daynight":"N","commune":"Bouleternère","code_insee":"66023","departement":"Pyrénées-Orientales","region":"Occitanie"}},{"type":"Feature","geometry":{"type":"Point","coordinates":[2.54419,42.63874]},"properties":{"latitude":"42.63874","longitude":"2.54419","bright_ti4":"315.89","scan":"0.39","track":"0.59","acq_date":"2026-07-06","acq_time":"105","satellite":"N","instrument":"VIIRS","confidence":"n","version":"2.0NRT","bright_ti5":"295.41","frp":"1.61","daynight":"N","commune":"Rigarda","code_insee":"66162","departement":"Pyrénées-Orientales","region":"Occitanie"}},{"type":"Feature","geometry":{"type":"Point","coordinates":[2.53944,42.63895]},"properties":{"latitude":"42.63895","longitude":"2.53944","bright_ti4":"319.39","scan":"0.39","track":"0.59","acq_date":"2026-07-06","acq_time":"105","satellite":"N","instrument":"VIIRS","confidence":"n","version":"2.0NRT","bright_ti5":"295.15","frp":"1.98","daynight":"N","commune":"Vinça","code_insee":"66230","departement":"Pyrénées-Orientales","region":"Occitanie"}},{"type":"Feature","geometry":{"type":"Point","coordinates":[2.53456,42.63918]},"properties":{"latitude":"42.63918","longitude":"2.53456","bright_ti4":"316.76","scan":"0.39","track":"0.59","acq_date":"2026-07-06","acq_time":"105","satellite":"N","instrument":"VIIRS","confidence":"n","version":"2.0NRT","bright_ti5":"293.52","frp":"1.98","daynight":"N","commune":"Vinça","code_insee":"66230","departement":"Pyrénées-Orientales","region":"Occitanie"}},{"type":"Feature","geometry":{"type":"Point","coordinates":[2.59312,42.64201]},"properties":{"latitude":"42.64201","longitude":"2.59312","bright_ti4":"305.27","scan":"0.38","track":"0.59","acq_date":"2026-07-06","acq_time":"105","satellite":"N","instrument":"VIIRS","confidence":"n","version":"2.0NRT","bright_ti5":"294.41","frp":"1.61","daynight":"N","commune":"Bouleternère","code_insee":"66023","departement":"Pyrénées-Orientales","region":"Occitanie"}},{"type":"Feature","geometry":{"type":"Point","coordinates":[2.58744,42.64228]},"properties":{"latitude":"42.64228","longitude":"2.58744","bright_ti4":"314.01","scan":"0.38","track":"0.59","acq_date":"2026-07-06","acq_time":"105","satellite":"N","instrument":"VIIRS","confidence":"n","version":"2.0NRT","bright_ti5":"295.07","frp":"1.44","daynight":"N","commune":"Bouleternère","code_insee":"66023","departement":"Pyrénées-Orientales","region":"Occitanie"}},{"type":"Feature","geometry":{"type":"Point","coordinates":[2.58295,42.64249]},"properties":{"latitude":"42.64249","longitude":"2.58295","bright_ti4":"309.49","scan":"0.38","track":"0.59","acq_date":"2026-07-06","acq_time":"105","satellite":"N","instrument":"VIIRS","confidence":"n","version":"2.0NRT","bright_ti5":"294.61","frp":"1.44","daynight":"N","commune":"Bouleternère","code_insee":"66023","departement":"Pyrénées-Orientales","region":"Occitanie"}},{"type":"Feature","geometry":{"type":"Point","coordinates":[2.5445,42.64427]},"properties":{"latitude":"42.64427","longitude":"2.5445","bright_ti4":"311.61","scan":"0.39","track":"0.59","acq_date":"2026-07-06","acq_time":"105","satellite":"N","instrument":"VIIRS","confidence":"n","version":"2.0NRT","bright_ti5":"292.84","frp":"3.1","daynight":"N","commune":"Vinça","code_insee":"66230","departement":"Pyrénées-Orientales","region":"Occitanie"}},{"type":"Feature","geometry":{"type":"Point","coordinates":[2.53969,42.64449]},"properties":{"latitude":"42.64449","longitude":"2.53969","bright_ti4":"322.58","scan":"0.39","track":"0.59","acq_date":"2026-07-06","acq_time":"105","satellite":"N","instrument":"VIIRS","confidence":"n","version":"2.0NRT","bright_ti5":"293.71","frp":"3.4","daynight":"N","commune":"Vinça","code_insee":"66230","departement":"Pyrénées-Orientales","region":"Occitanie"}},{"type":"Feature","geometry":{"type":"Point","coordinates":[2.5975,42.64734]},"properties":{"latitude":"42.64734","longitude":"2.5975","bright_ti4":"306.59","scan":"0.38","track":"0.59","acq_date":"2026-07-06","acq_time":"105","satellite":"N","instrument":"VIIRS","confidence":"n","version":"2.0NRT","bright_ti5":"294.76","frp":"1.61","daynight":"N","commune":"Bouleternère","code_insee":"66023","departement":"Pyrénées-Orientales","region":"Occitanie"}},{"type":"Feature","geometry":{"type":"Point","coordinates":[2.59227,42.64759]},"properties":{"latitude":"42.64759","longitude":"2.59227","bright_ti4":"330.23","scan":"0.38","track":"0.59","acq_date":"2026-07-06","acq_time":"105","satellite":"N","instrument":"VIIRS","confidence":"n","version":"2.0NRT","bright_ti5":"297.05","frp":"1.61","daynight":"N","commune":"Bouleternère","code_insee":"66023","departement":"Pyrénées-Orientales","region":"Occitanie"}},{"type":"Feature","geometry":{"type":"Point","coordinates":[2.58732,42.64782]},"properties":{"latitude":"42.64782","longitude":"2.58732","bright_ti4":"315.51","scan":"0.38","track":"0.59","acq_date":"2026-07-06","acq_time":"105","satellite":"N","instrument":"VIIRS","confidence":"n","version":"2.0NRT","bright_ti5":"295.6","frp":"1.44","daynight":"N","commune":"Bouleternère","code_insee":"66023","departement":"Pyrénées-Orientales","region":"Occitanie"}},{"type":"Feature","geometry":{"type":"Point","coordinates":[2.58274,42.64804]},"properties":{"latitude":"42.64804","longitude":"2.58274","bright_ti4":"310.48","scan":"0.38","track":"0.59","acq_date":"2026-07-06","acq_time":"105","satellite":"N","instrument":"VIIRS","confidence":"n","version":"2.0NRT","bright_ti5":"294.79","frp":"1.44","daynight":"N","commune":"Bouleternère","code_insee":"66023","departement":"Pyrénées-Orientales","region":"Occitanie"}},{"type":"Feature","geometry":{"type":"Point","coordinates":[2.56365,42.64893]},"properties":{"latitude":"42.64893","longitude":"2.56365","bright_ti4":"305.73","scan":"0.38","track":"0.59","acq_date":"2026-07-06","acq_time":"105","satellite":"N","instrument":"VIIRS","confidence":"n","version":"2.0NRT","bright_ti5":"294.36","frp":"2.58","daynight":"N","commune":"Rodès","code_insee":"66165","departement":"Pyrénées-Orientales","region":"Occitanie"}},{"type":"Feature","geometry":{"type":"Point","coordinates":[2.55865,42.64916]},"properties":{"latitude":"42.64916","longitude":"2.55865","bright_ti4":"309.12","scan":"0.39","track":"0.59","acq_date":"2026-07-06","acq_time":"105","satellite":"N","instrument":"VIIRS","confidence":"n","version":"2.0NRT","bright_ti5":"294.01","frp":"1.45","daynight":"N","commune":"Rodès","code_insee":"66165","departement":"Pyrénées-Orientales","region":"Occitanie"}},{"type":"Feature","geometry":{"type":"Point","coordinates":[2.55384,42.64938]},"properties":{"latitude":"42.64938","longitude":"2.55384","bright_ti4":"304.7","scan":"0.39","track":"0.59","acq_date":"2026-07-06","acq_time":"105","satellite":"N","instrument":"VIIRS","confidence":"n","version":"2.0NRT","bright_ti5":"293.83","frp":"1.45","daynight":"N","commune":"Rodès","code_insee":"66165","departement":"Pyrénées-Orientales","region":"Occitanie"}},{"type":"Feature","geometry":{"type":"Point","coordinates":[2.56884,42.65423]},"properties":{"latitude":"42.65423","longitude":"2.56884","bright_ti4":"305.33","scan":"0.38","track":"0.59","acq_date":"2026-07-06","acq_time":"105","satellite":"N","instrument":"VIIRS","confidence":"n","version":"2.0NRT","bright_ti5":"293.57","frp":"1.24","daynight":"N","commune":"Bouleternère","code_insee":"66023","departement":"Pyrénées-Orientales","region":"Occitanie"}},{"type":"Feature","geometry":{"type":"Point","coordinates":[2.56407,42.65445]},"properties":{"latitude":"42.65445","longitude":"2.56407","bright_ti4":"317.45","scan":"0.38","track":"0.59","acq_date":"2026-07-06","acq_time":"105","satellite":"N","instrument":"VIIRS","confidence":"n","version":"2.0NRT","bright_ti5":"294.4","frp":"1.24","daynight":"N","commune":"Rodès","code_insee":"66165","departement":"Pyrénées-Orientales","region":"Occitanie"}},{"type":"Feature","geometry":{"type":"Point","coordinates":[2.56975,42.65973]},"properties":{"latitude":"42.65973","longitude":"2.56975","bright_ti4":"311.55","scan":"0.38","track":"0.59","acq_date":"2026-07-06","acq_time":"105","satellite":"N","instrument":"VIIRS","confidence":"n","version":"2.0NRT","bright_ti5":"294.5","frp":"1.24","daynight":"N","commune":"Bouleternère","code_insee":"66023","departement":"Pyrénées-Orientales","region":"Occitanie"}},{"type":"Feature","geometry":{"type":"Point","coordinates":[2.58852,42.66438]},"properties":{"latitude":"42.66438","longitude":"2.58852","bright_ti4":"307.21","scan":"0.38","track":"0.59","acq_date":"2026-07-06","acq_time":"105","satellite":"N","instrument":"VIIRS","confidence":"n","version":"2.0NRT","bright_ti5":"294.55","frp":"1.67","daynight":"N","commune":"Ille-sur-Têt","code_insee":"66088","departement":"Pyrénées-Orientales","region":"Occitanie"}},{"type":"Feature","geometry":{"type":"Point","coordinates":[2.52128,42.66756]},"properties":{"latitude":"42.66756","longitude":"2.52128","bright_ti4":"309.99","scan":"0.39","track":"0.59","acq_date":"2026-07-06","acq_time":"105","satellite":"N","instrument":"VIIRS","confidence":"n","version":"2.0NRT","bright_ti5":"294.71","frp":"1.36","daynight":"N","commune":"Arboussols","code_insee":"66007","departement":"Pyrénées-Orientales","region":"Occitanie"}},{"type":"Feature","geometry":{"type":"Point","coordinates":[2.52255,42.67238]},"properties":{"latitude":"42.67238","longitude":"2.52255","bright_ti4":"311.67","scan":"0.39","track":"0.59","acq_date":"2026-07-06","acq_time":"105","satellite":"N","instrument":"VIIRS","confidence":"n","version":"2.0NRT","bright_ti5":"294.84","frp":"1.4","daynight":"N","commune":"Tarerach","code_insee":"66201","departement":"Pyrénées-Orientales","region":"Occitanie"}},{"type":"Feature","geometry":{"type":"Point","coordinates":[2.51825,42.67256]},"properties":{"latitude":"42.67256","longitude":"2.51825","bright_ti4":"315.23","scan":"0.39","track":"0.59","acq_date":"2026-07-06","acq_time":"105","satellite":"N","instrument":"VIIRS","confidence":"n","version":"2.0NRT","bright_ti5":"294.52","frp":"1.4","daynight":"N","commune":"Tarerach","code_insee":"66201","departement":"Pyrénées-Orientales","region":"Occitanie"}},{"type":"Feature","geometry":{"type":"Point","coordinates":[2.52179,42.67309]},"properties":{"latitude":"42.67309","longitude":"2.52179","bright_ti4":"317.59","scan":"0.39","track":"0.59","acq_date":"2026-07-06","acq_time":"105","satellite":"N","instrument":"VIIRS","confidence":"n","version":"2.0NRT","bright_ti5":"295.73","frp":"1.36","daynight":"N","commune":"Tarerach","code_insee":"66201","departement":"Pyrénées-Orientales","region":"Occitanie"}},{"type":"Feature","geometry":{"type":"Point","coordinates":[2.61904,42.67935]},"properties":{"latitude":"42.67935","longitude":"2.61904","bright_ti4":"306.94","scan":"0.38","track":"0.59","acq_date":"2026-07-06","acq_time":"105","satellite":"N","instrument":"VIIRS","confidence":"n","version":"2.0NRT","bright_ti5":"294.85","frp":"2.47","daynight":"N","commune":"Ille-sur-Têt","code_insee":"66088","departement":"Pyrénées-Orientales","region":"Occitanie"}},{"type":"Feature","geometry":{"type":"Point","coordinates":[2.61459,42.67954]},"properties":{"latitude":"42.67954","longitude":"2.61459","bright_ti4":"310.32","scan":"0.38","track":"0.59","acq_date":"2026-07-06","acq_time":"105","satellite":"N","instrument":"VIIRS","confidence":"n","version":"2.0NRT","bright_ti5":"295.69","frp":"3.91","daynight":"N","commune":"Ille-sur-Têt","code_insee":"66088","departement":"Pyrénées-Orientales","region":"Occitanie"}},{"type":"Feature","geometry":{"type":"Point","coordinates":[2.61813,42.67955]},"properties":{"latitude":"42.67955","longitude":"2.61813","bright_ti4":"309.2","scan":"0.38","track":"0.59","acq_date":"2026-07-06","acq_time":"105","satellite":"N","instrument":"VIIRS","confidence":"n","version":"2.0NRT","bright_ti5":"294.92","frp":"1.3","daynight":"N","commune":"Ille-sur-Têt","code_insee":"66088","departement":"Pyrénées-Orientales","region":"Occitanie"}},{"type":"Feature","geometry":{"type":"Point","coordinates":[2.61369,42.67977]},"properties":{"latitude":"42.67977","longitude":"2.61369","bright_ti4":"306.51","scan":"0.38","track":"0.59","acq_date":"2026-07-06","acq_time":"105","satellite":"N","instrument":"VIIRS","confidence":"n","version":"2.0NRT","bright_ti5":"295.4","frp":"1.3","daynight":"N","commune":"Ille-sur-Têt","code_insee":"66088","departement":"Pyrénées-Orientales","region":"Occitanie"}},{"type":"Feature","geometry":{"type":"Point","coordinates":[2.61997,42.68484]},"properties":{"latitude":"42.68484","longitude":"2.61997","bright_ti4":"318.76","scan":"0.38","track":"0.59","acq_date":"2026-07-06","acq_time":"105","satellite":"N","instrument":"VIIRS","confidence":"n","version":"2.0NRT","bright_ti5":"297.18","frp":"2.47","daynight":"N","commune":"Ille-sur-Têt","code_insee":"66088","departement":"Pyrénées-Orientales","region":"Occitanie"}},{"type":"Feature","geometry":{"type":"Point","coordinates":[2.61566,42.68502]},"properties":{"latitude":"42.68502","longitude":"2.61566","bright_ti4":"353.59","scan":"0.38","track":"0.59","acq_date":"2026-07-06","acq_time":"105","satellite":"N","instrument":"VIIRS","confidence":"n","version":"2.0NRT","bright_ti5":"299.89","frp":"3.91","daynight":"N","commune":"Ille-sur-Têt","code_insee":"66088","departement":"Pyrénées-Orientales","region":"Occitanie"}},{"type":"Feature","geometry":{"type":"Point","coordinates":[2.61907,42.68504]},"properties":{"latitude":"42.68504","longitude":"2.61907","bright_ti4":"331.94","scan":"0.38","track":"0.59","acq_date":"2026-07-06","acq_time":"105","satellite":"N","instrument":"VIIRS","confidence":"n","version":"2.0NRT","bright_ti5":"297.88","frp":"14.96","daynight":"N","commune":"Ille-sur-Têt","code_insee":"66088","departement":"Pyrénées-Orientales","region":"Occitanie"}},{"type":"Feature","geometry":{"type":"Point","coordinates":[2.61139,42.68521]},"properties":{"latitude":"42.68521","longitude":"2.61139","bright_ti4":"319.01","scan":"0.38","track":"0.59","acq_date":"2026-07-06","acq_time":"105","satellite":"N","instrument":"VIIRS","confidence":"n","version":"2.0NRT","bright_ti5":"296.49","frp":"3.91","daynight":"N","commune":"Ille-sur-Têt","code_insee":"66088","departement":"Pyrénées-Orientales","region":"Occitanie"}},{"type":"Feature","geometry":{"type":"Point","coordinates":[2.61483,42.68524]},"properties":{"latitude":"42.68524","longitude":"2.61483","bright_ti4":"352.08","scan":"0.38","track":"0.59","acq_date":"2026-07-06","acq_time":"105","satellite":"N","instrument":"VIIRS","confidence":"n","version":"2.0NRT","bright_ti5":"298.97","frp":"14.96","daynight":"N","commune":"Ille-sur-Têt","code_insee":"66088","departement":"Pyrénées-Orientales","region":"Occitanie"}},{"type":"Feature","geometry":{"type":"Point","coordinates":[2.61054,42.68545]},"properties":{"latitude":"42.68545","longitude":"2.61054","bright_ti4":"314.03","scan":"0.38","track":"0.59","acq_date":"2026-07-06","acq_time":"105","satellite":"N","instrument":"VIIRS","confidence":"n","version":"2.0NRT","bright_ti5":"295.85","frp":"9.72","daynight":"N","commune":"Ille-sur-Têt","code_insee":"66088","departement":"Pyrénées-Orientales","region":"Occitanie"}},{"type":"Feature","geometry":{"type":"Point","coordinates":[2.6028,42.68559]},"properties":{"latitude":"42.68559","longitude":"2.6028","bright_ti4":"367","scan":"0.38","track":"0.59","acq_date":"2026-07-06","acq_time":"105","satellite":"N","instrument":"VIIRS","confidence":"h","version":"2.0NRT","bright_ti5":"298.01","frp":"10.87","daynight":"N","commune":"Ille-sur-Têt","code_insee":"66088","departement":"Pyrénées-Orientales","region":"Occitanie"}},{"type":"Feature","geometry":{"type":"Point","coordinates":[2.60628,42.68566]},"properties":{"latitude":"42.68566","longitude":"2.60628","bright_ti4":"312.24","scan":"0.38","track":"0.59","acq_date":"2026-07-06","acq_time":"105","satellite":"N","instrument":"VIIRS","confidence":"n","version":"2.0NRT","bright_ti5":"295.39","frp":"9.72","daynight":"N","commune":"Ille-sur-Têt","code_insee":"66088","departement":"Pyrénées-Orientales","region":"Occitanie"}},{"type":"Feature","geometry":{"type":"Point","coordinates":[2.59844,42.68578]},"properties":{"latitude":"42.68578","longitude":"2.59844","bright_ti4":"342.68","scan":"0.38","track":"0.59","acq_date":"2026-07-06","acq_time":"105","satellite":"N","instrument":"VIIRS","confidence":"n","version":"2.0NRT","bright_ti5":"296.75","frp":"10.33","daynight":"N","commune":"Ille-sur-Têt","code_insee":"66088","departement":"Pyrénées-Orientales","region":"Occitanie"}},{"type":"Feature","geometry":{"type":"Point","coordinates":[2.60195,42.68587]},"properties":{"latitude":"42.68587","longitude":"2.60195","bright_ti4":"367","scan":"0.38","track":"0.59","acq_date":"2026-07-06","acq_time":"105","satellite":"N","instrument":"VIIRS","confidence":"h","version":"2.0NRT","bright_ti5":"299.29","frp":"5.12","daynight":"N","commune":"Ille-sur-Têt","code_insee":"66088","departement":"Pyrénées-Orientales","region":"Occitanie"}},{"type":"Feature","geometry":{"type":"Point","coordinates":[2.59758,42.68609]},"properties":{"latitude":"42.68609","longitude":"2.59758","bright_ti4":"319.11","scan":"0.38","track":"0.59","acq_date":"2026-07-06","acq_time":"105","satellite":"N","instrument":"VIIRS","confidence":"n","version":"2.0NRT","bright_ti5":"294.59","frp":"5.12","daynight":"N","commune":"Ille-sur-Têt","code_insee":"66088","departement":"Pyrénées-Orientales","region":"Occitanie"}},{"type":"Feature","geometry":{"type":"Point","coordinates":[2.58961,42.68616]},"properties":{"latitude":"42.68616","longitude":"2.58961","bright_ti4":"310.78","scan":"0.38","track":"0.59","acq_date":"2026-07-06","acq_time":"105","satellite":"N","instrument":"VIIRS","confidence":"n","version":"2.0NRT","bright_ti5":"293.33","frp":"1.53","daynight":"N","commune":"Ille-sur-Têt","code_insee":"66088","departement":"Pyrénées-Orientales","region":"Occitanie"}},{"type":"Feature","geometry":{"type":"Point","coordinates":[2.58509,42.68636]},"properties":{"latitude":"42.68636","longitude":"2.58509","bright_ti4":"318.83","scan":"0.38","track":"0.59","acq_date":"2026-07-06","acq_time":"105","satellite":"N","instrument":"VIIRS","confidence":"n","version":"2.0NRT","bright_ti5":"295.31","frp":"1.53","daynight":"N","commune":"Ille-sur-Têt","code_insee":"66088","departement":"Pyrénées-Orientales","region":"Occitanie"}},{"type":"Feature","geometry":{"type":"Point","coordinates":[2.58873,42.68652]},"properties":{"latitude":"42.68652","longitude":"2.58873","bright_ti4":"317.37","scan":"0.38","track":"0.59","acq_date":"2026-07-06","acq_time":"105","satellite":"N","instrument":"VIIRS","confidence":"n","version":"2.0NRT","bright_ti5":"293.83","frp":"3.26","daynight":"N","commune":"Ille-sur-Têt","code_insee":"66088","departement":"Pyrénées-Orientales","region":"Occitanie"}},{"type":"Feature","geometry":{"type":"Point","coordinates":[2.58047,42.68656]},"properties":{"latitude":"42.68656","longitude":"2.58047","bright_ti4":"307.09","scan":"0.38","track":"0.59","acq_date":"2026-07-06","acq_time":"105","satellite":"N","instrument":"VIIRS","confidence":"n","version":"2.0NRT","bright_ti5":"293.78","frp":"1.84","daynight":"N","commune":"Montalba-le-Château","code_insee":"66111","departement":"Pyrénées-Orientales","region":"Occitanie"}},{"type":"Feature","geometry":{"type":"Point","coordinates":[2.58418,42.68674]},"properties":{"latitude":"42.68674","longitude":"2.58418","bright_ti4":"319.71","scan":"0.38","track":"0.59","acq_date":"2026-07-06","acq_time":"105","satellite":"N","instrument":"VIIRS","confidence":"n","version":"2.0NRT","bright_ti5":"295.15","frp":"1.75","daynight":"N","commune":"Ille-sur-Têt","code_insee":"66088","departement":"Pyrénées-Orientales","region":"Occitanie"}},{"type":"Feature","geometry":{"type":"Point","coordinates":[2.57955,42.68697]},"properties":{"latitude":"42.68697","longitude":"2.57955","bright_ti4":"307.25","scan":"0.38","track":"0.59","acq_date":"2026-07-06","acq_time":"105","satellite":"N","instrument":"VIIRS","confidence":"n","version":"2.0NRT","bright_ti5":"293.33","frp":"1.75","daynight":"N","commune":"Montalba-le-Château","code_insee":"66111","departement":"Pyrénées-Orientales","region":"Occitanie"}},{"type":"Feature","geometry":{"type":"Point","coordinates":[2.6255,42.69013]},"properties":{"latitude":"42.69013","longitude":"2.6255","bright_ti4":"344.45","scan":"0.38","track":"0.59","acq_date":"2026-07-06","acq_time":"105","satellite":"N","instrument":"VIIRS","confidence":"n","version":"2.0NRT","bright_ti5":"298.59","frp":"16.44","daynight":"N","commune":"Ille-sur-Têt","code_insee":"66088","departement":"Pyrénées-Orientales","region":"Occitanie"}},{"type":"Feature","geometry":{"type":"Point","coordinates":[2.62455,42.6903]},"properties":{"latitude":"42.6903","longitude":"2.62455","bright_ti4":"355.95","scan":"0.38","track":"0.59","acq_date":"2026-07-06","acq_time":"105","satellite":"N","instrument":"VIIRS","confidence":"n","version":"2.0NRT","bright_ti5":"302.45","frp":"18.31","daynight":"N","commune":"Ille-sur-Têt","code_insee":"66088","departement":"Pyrénées-Orientales","region":"Occitanie"}},{"type":"Feature","geometry":{"type":"Point","coordinates":[2.62107,42.69032]},"properties":{"latitude":"42.69032","longitude":"2.62107","bright_ti4":"367","scan":"0.38","track":"0.59","acq_date":"2026-07-06","acq_time":"105","satellite":"N","instrument":"VIIRS","confidence":"h","version":"2.0NRT","bright_ti5":"308.84","frp":"16.44","daynight":"N","commune":"Ille-sur-Têt","code_insee":"66088","departement":"Pyrénées-Orientales","region":"Occitanie"}},{"type":"Feature","geometry":{"type":"Point","coordinates":[2.61672,42.69051]},"properties":{"latitude":"42.69051","longitude":"2.61672","bright_ti4":"367","scan":"0.38","track":"0.59","acq_date":"2026-07-06","acq_time":"105","satellite":"N","instrument":"VIIRS","confidence":"h","version":"2.0NRT","bright_ti5":"307.82","frp":"15.76","daynight":"N","commune":"Ille-sur-Têt","code_insee":"66088","departement":"Pyrénées-Orientales","region":"Occitanie"}},{"type":"Feature","geometry":{"type":"Point","coordinates":[2.62015,42.69051]},"properties":{"latitude":"42.69051","longitude":"2.62015","bright_ti4":"367","scan":"0.38","track":"0.59","acq_date":"2026-07-06","acq_time":"105","satellite":"N","instrument":"VIIRS","confidence":"h","version":"2.0NRT","bright_ti5":"310.6","frp":"14.96","daynight":"N","commune":"Ille-sur-Têt","code_insee":"66088","departement":"Pyrénées-Orientales","region":"Occitanie"}},{"type":"Feature","geometry":{"type":"Point","coordinates":[2.61245,42.6907]},"properties":{"latitude":"42.6907","longitude":"2.61245","bright_ti4":"356.71","scan":"0.38","track":"0.59","acq_date":"2026-07-06","acq_time":"105","satellite":"N","instrument":"VIIRS","confidence":"n","version":"2.0NRT","bright_ti5":"307.28","frp":"15.76","daynight":"N","commune":"Ille-sur-Têt","code_insee":"66088","departement":"Pyrénées-Orientales","region":"Occitanie"}},{"type":"Feature","geometry":{"type":"Point","coordinates":[2.61584,42.69072]},"properties":{"latitude":"42.69072","longitude":"2.61584","bright_ti4":"367","scan":"0.38","track":"0.59","acq_date":"2026-07-06","acq_time":"105","satellite":"N","instrument":"VIIRS","confidence":"h","version":"2.0NRT","bright_ti5":"306.69","frp":"14.96","daynight":"N","commune":"Ille-sur-Têt","code_insee":"66088","departement":"Pyrénées-Orientales","region":"Occitanie"}},{"type":"Feature","geometry":{"type":"Point","coordinates":[2.6082,42.69089]},"properties":{"latitude":"42.69089","longitude":"2.6082","bright_ti4":"367","scan":"0.38","track":"0.59","acq_date":"2026-07-06","acq_time":"105","satellite":"N","instrument":"VIIRS","confidence":"h","version":"2.0NRT","bright_ti5":"300.67","frp":"10.41","daynight":"N","commune":"Ille-sur-Têt","code_insee":"66088","departement":"Pyrénées-Orientales","region":"Occitanie"}},{"type":"Feature","geometry":{"type":"Point","coordinates":[2.61159,42.69094]},"properties":{"latitude":"42.69094","longitude":"2.61159","bright_ti4":"367","scan":"0.38","track":"0.59","acq_date":"2026-07-06","acq_time":"105","satellite":"N","instrument":"VIIRS","confidence":"h","version":"2.0NRT","bright_ti5":"308.95","frp":"9.72","daynight":"N","commune":"Ille-sur-Têt","code_insee":"66088","departement":"Pyrénées-Orientales","region":"Occitanie"}},{"type":"Feature","geometry":{"type":"Point","coordinates":[2.6039,42.69108]},"properties":{"latitude":"42.69108","longitude":"2.6039","bright_ti4":"315.33","scan":"0.38","track":"0.59","acq_date":"2026-07-06","acq_time":"105","satellite":"N","instrument":"VIIRS","confidence":"n","version":"2.0NRT","bright_ti5":"296.75","frp":"10.41","daynight":"N","commune":"Ille-sur-Têt","code_insee":"66088","departement":"Pyrénées-Orientales","region":"Occitanie"}},{"type":"Feature","geometry":{"type":"Point","coordinates":[2.60734,42.69114]},"properties":{"latitude":"42.69114","longitude":"2.60734","bright_ti4":"329.73","scan":"0.38","track":"0.59","acq_date":"2026-07-06","acq_time":"105","satellite":"N","instrument":"VIIRS","confidence":"n","version":"2.0NRT","bright_ti5":"296.93","frp":"9.72","daynight":"N","commune":"Ille-sur-Têt","code_insee":"66088","departement":"Pyrénées-Orientales","region":"Occitanie"}},{"type":"Feature","geometry":{"type":"Point","coordinates":[2.59953,42.69127]},"properties":{"latitude":"42.69127","longitude":"2.59953","bright_ti4":"326.62","scan":"0.38","track":"0.59","acq_date":"2026-07-06","acq_time":"105","satellite":"N","instrument":"VIIRS","confidence":"n","version":"2.0NRT","bright_ti5":"297.09","frp":"2.33","daynight":"N","commune":"Ille-sur-Têt","code_insee":"66088","departement":"Pyrénées-Orientales","region":"Occitanie"}},{"type":"Feature","geometry":{"type":"Point","coordinates":[2.60302,42.69135]},"properties":{"latitude":"42.69135","longitude":"2.60302","bright_ti4":"316.39","scan":"0.38","track":"0.59","acq_date":"2026-07-06","acq_time":"105","satellite":"N","instrument":"VIIRS","confidence":"n","version":"2.0NRT","bright_ti5":"296.87","frp":"5.12","daynight":"N","commune":"Ille-sur-Têt","code_insee":"66088","departement":"Pyrénées-Orientales","region":"Occitanie"}},{"type":"Feature","geometry":{"type":"Point","coordinates":[2.5951,42.69146]},"properties":{"latitude":"42.69146","longitude":"2.5951","bright_ti4":"324.91","scan":"0.38","track":"0.59","acq_date":"2026-07-06","acq_time":"105","satellite":"N","instrument":"VIIRS","confidence":"n","version":"2.0NRT","bright_ti5":"294.71","frp":"2.33","daynight":"N","commune":"Ille-sur-Têt","code_insee":"66088","departement":"Pyrénées-Orientales","region":"Occitanie"}},{"type":"Feature","geometry":{"type":"Point","coordinates":[2.59864,42.69157]},"properties":{"latitude":"42.69157","longitude":"2.59864","bright_ti4":"328.63","scan":"0.38","track":"0.59","acq_date":"2026-07-06","acq_time":"105","satellite":"N","instrument":"VIIRS","confidence":"n","version":"2.0NRT","bright_ti5":"296.19","frp":"5.12","daynight":"N","commune":"Ille-sur-Têt","code_insee":"66088","departement":"Pyrénées-Orientales","region":"Occitanie"}},{"type":"Feature","geometry":{"type":"Point","coordinates":[2.59062,42.69166]},"properties":{"latitude":"42.69166","longitude":"2.59062","bright_ti4":"335.56","scan":"0.38","track":"0.59","acq_date":"2026-07-06","acq_time":"105","satellite":"N","instrument":"VIIRS","confidence":"n","version":"2.0NRT","bright_ti5":"296.62","frp":"3.6","daynight":"N","commune":"Ille-sur-Têt","code_insee":"66088","departement":"Pyrénées-Orientales","region":"Occitanie"}},{"type":"Feature","geometry":{"type":"Point","coordinates":[2.5942,42.69179]},"properties":{"latitude":"42.69179","longitude":"2.5942","bright_ti4":"321.34","scan":"0.38","track":"0.59","acq_date":"2026-07-06","acq_time":"105","satellite":"N","instrument":"VIIRS","confidence":"n","version":"2.0NRT","bright_ti5":"294.29","frp":"3.26","daynight":"N","commune":"Ille-sur-Têt","code_insee":"66088","departement":"Pyrénées-Orientales","region":"Occitanie"}},{"type":"Feature","geometry":{"type":"Point","coordinates":[2.58606,42.69186]},"properties":{"latitude":"42.69186","longitude":"2.58606","bright_ti4":"321.29","scan":"0.38","track":"0.59","acq_date":"2026-07-06","acq_time":"105","satellite":"N","instrument":"VIIRS","confidence":"n","version":"2.0NRT","bright_ti5":"295.52","frp":"3.6","daynight":"N","commune":"Montalba-le-Château","code_insee":"66111","departement":"Pyrénées-Orientales","region":"Occitanie"}},{"type":"Feature","geometry":{"type":"Point","coordinates":[2.5897,42.69201]},"properties":{"latitude":"42.69201","longitude":"2.5897","bright_ti4":"337.16","scan":"0.38","track":"0.59","acq_date":"2026-07-06","acq_time":"105","satellite":"N","instrument":"VIIRS","confidence":"n","version":"2.0NRT","bright_ti5":"297.5","frp":"3.26","daynight":"N","commune":"Ille-sur-Têt","code_insee":"66088","departement":"Pyrénées-Orientales","region":"Occitanie"}},{"type":"Feature","geometry":{"type":"Point","coordinates":[2.58142,42.69205]},"properties":{"latitude":"42.69205","longitude":"2.58142","bright_ti4":"312.69","scan":"0.38","track":"0.59","acq_date":"2026-07-06","acq_time":"105","satellite":"N","instrument":"VIIRS","confidence":"n","version":"2.0NRT","bright_ti5":"293.79","frp":"2.34","daynight":"N","commune":"Montalba-le-Château","code_insee":"66111","departement":"Pyrénées-Orientales","region":"Occitanie"}},{"type":"Feature","geometry":{"type":"Point","coordinates":[2.58512,42.69223]},"properties":{"latitude":"42.69223","longitude":"2.58512","bright_ti4":"313.09","scan":"0.38","track":"0.59","acq_date":"2026-07-06","acq_time":"105","satellite":"N","instrument":"VIIRS","confidence":"n","version":"2.0NRT","bright_ti5":"294.61","frp":"1.75","daynight":"N","commune":"Montalba-le-Château","code_insee":"66111","departement":"Pyrénées-Orientales","region":"Occitanie"}},{"type":"Feature","geometry":{"type":"Point","coordinates":[2.58046,42.69246]},"properties":{"latitude":"42.69246","longitude":"2.58046","bright_ti4":"312.26","scan":"0.38","track":"0.59","acq_date":"2026-07-06","acq_time":"105","satellite":"N","instrument":"VIIRS","confidence":"n","version":"2.0NRT","bright_ti5":"293.59","frp":"1.75","daynight":"N","commune":"Montalba-le-Château","code_insee":"66111","departement":"Pyrénées-Orientales","region":"Occitanie"}},{"type":"Feature","geometry":{"type":"Point","coordinates":[2.61771,42.696]},"properties":{"latitude":"42.696","longitude":"2.61771","bright_ti4":"309.08","scan":"0.38","track":"0.59","acq_date":"2026-07-06","acq_time":"105","satellite":"N","instrument":"VIIRS","confidence":"n","version":"2.0NRT","bright_ti5":"295.86","frp":"15.76","daynight":"N","commune":"Ille-sur-Têt","code_insee":"66088","departement":"Pyrénées-Orientales","region":"Occitanie"}},{"type":"Feature","geometry":{"type":"Point","coordinates":[2.60034,42.69677]},"properties":{"latitude":"42.69677","longitude":"2.60034","bright_ti4":"312.77","scan":"0.38","track":"0.59","acq_date":"2026-07-06","acq_time":"105","satellite":"N","instrument":"VIIRS","confidence":"n","version":"2.0NRT","bright_ti5":"294.63","frp":"2.33","daynight":"N","commune":"Ille-sur-Têt","code_insee":"66088","departement":"Pyrénées-Orientales","region":"Occitanie"}},{"type":"Feature","geometry":{"type":"Point","coordinates":[2.5959,42.69696]},"properties":{"latitude":"42.69696","longitude":"2.5959","bright_ti4":"326.09","scan":"0.38","track":"0.59","acq_date":"2026-07-06","acq_time":"105","satellite":"N","instrument":"VIIRS","confidence":"n","version":"2.0NRT","bright_ti5":"294.16","frp":"2.33","daynight":"N","commune":"Ille-sur-Têt","code_insee":"66088","departement":"Pyrénées-Orientales","region":"Occitanie"}},{"type":"Feature","geometry":{"type":"Point","coordinates":[2.54928,42.699]},"properties":{"latitude":"42.699","longitude":"2.54928","bright_ti4":"314.8","scan":"0.39","track":"0.59","acq_date":"2026-07-06","acq_time":"105","satellite":"N","instrument":"VIIRS","confidence":"n","version":"2.0NRT","bright_ti5":"294.16","frp":"1.37","daynight":"N","commune":"Montalba-le-Château","code_insee":"66111","departement":"Pyrénées-Orientales","region":"Occitanie"}},{"type":"Feature","geometry":{"type":"Point","coordinates":[2.5447,42.6992]},"properties":{"latitude":"42.6992","longitude":"2.5447","bright_ti4":"305.99","scan":"0.39","track":"0.59","acq_date":"2026-07-06","acq_time":"105","satellite":"N","instrument":"VIIRS","confidence":"n","version":"2.0NRT","bright_ti5":"293.04","frp":"1.52","daynight":"N","commune":"Montalba-le-Château","code_insee":"66111","departement":"Pyrénées-Orientales","region":"Occitanie"}},{"type":"Feature","geometry":{"type":"Point","coordinates":[2.54522,42.70473]},"properties":{"latitude":"42.70473","longitude":"2.54522","bright_ti4":"312.2","scan":"0.39","track":"0.59","acq_date":"2026-07-06","acq_time":"105","satellite":"N","instrument":"VIIRS","confidence":"n","version":"2.0NRT","bright_ti5":"293.44","frp":"1.18","daynight":"N","commune":"Trévillach","code_insee":"66215","departement":"Pyrénées-Orientales","region":"Occitanie"}},{"type":"Feature","geometry":{"type":"Point","coordinates":[2.54077,42.70492]},"properties":{"latitude":"42.70492","longitude":"2.54077","bright_ti4":"312.62","scan":"0.39","track":"0.59","acq_date":"2026-07-06","acq_time":"105","satellite":"N","instrument":"VIIRS","confidence":"n","version":"2.0NRT","bright_ti5":"293.53","frp":"1.18","daynight":"N","commune":"Trévillach","code_insee":"66215","departement":"Pyrénées-Orientales","region":"Occitanie"}},{"type":"Feature","geometry":{"type":"Point","coordinates":[4.89689,43.4332]},"properties":{"latitude":"43.4332","longitude":"4.89689","bright_ti4":"307.37","scan":"0.6","track":"0.53","acq_date":"2026-07-06","acq_time":"105","satellite":"N","instrument":"VIIRS","confidence":"n","version":"2.0NRT","bright_ti5":"296.68","frp":"3.64","daynight":"N","commune":"Fos-sur-Mer","code_insee":"13039","departement":"Bouches-du-Rhône","region":"Provence-Alpes-Côte d'Azur"}},{"type":"Feature","geometry":{"type":"Point","coordinates":[5.09967,43.62155]},"properties":{"latitude":"43.62155","longitude":"5.09967","bright_ti4":"317.09","scan":"0.58","track":"0.52","acq_date":"2026-07-06","acq_time":"105","satellite":"N","instrument":"VIIRS","confidence":"n","version":"2.0NRT","bright_ti5":"293.8","frp":"2.5","daynight":"N","commune":"Salon-de-Provence","code_insee":"13103","departement":"Bouches-du-Rhône","region":"Provence-Alpes-Côte d'Azur"}},{"type":"Feature","geometry":{"type":"Point","coordinates":[3.22138,43.62487]},"properties":{"latitude":"43.62487","longitude":"3.22138","bright_ti4":"315.94","scan":"0.36","track":"0.58","acq_date":"2026-07-06","acq_time":"105","satellite":"N","instrument":"VIIRS","confidence":"n","version":"2.0NRT","bright_ti5":"295.22","frp":"1.49","daynight":"N","commune":"Carlencas-et-Levas","code_insee":"34053","departement":"Hérault","region":"Occitanie"}},{"type":"Feature","geometry":{"type":"Point","coordinates":[3.21626,43.62511]},"properties":{"latitude":"43.62511","longitude":"3.21626","bright_ti4":"317.7","scan":"0.36","track":"0.58","acq_date":"2026-07-06","acq_time":"105","satellite":"N","instrument":"VIIRS","confidence":"n","version":"2.0NRT","bright_ti5":"297.09","frp":"1.49","daynight":"N","commune":"Carlencas-et-Levas","code_insee":"34053","departement":"Hérault","region":"Occitanie"}},{"type":"Feature","geometry":{"type":"Point","coordinates":[3.20649,43.62556]},"properties":{"latitude":"43.62556","longitude":"3.20649","bright_ti4":"318.69","scan":"0.36","track":"0.58","acq_date":"2026-07-06","acq_time":"105","satellite":"N","instrument":"VIIRS","confidence":"n","version":"2.0NRT","bright_ti5":"297.18","frp":"1.63","daynight":"N","commune":"Carlencas-et-Levas","code_insee":"34053","departement":"Hérault","region":"Occitanie"}},{"type":"Feature","geometry":{"type":"Point","coordinates":[5.10035,43.62643]},"properties":{"latitude":"43.62643","longitude":"5.10035","bright_ti4":"315.53","scan":"0.58","track":"0.52","acq_date":"2026-07-06","acq_time":"105","satellite":"N","instrument":"VIIRS","confidence":"n","version":"2.0NRT","bright_ti5":"295.48","frp":"2.6","daynight":"N","commune":"Salon-de-Provence","code_insee":"13103","departement":"Bouches-du-Rhône","region":"Provence-Alpes-Côte d'Azur"}},{"type":"Feature","geometry":{"type":"Point","coordinates":[3.21199,43.63072]},"properties":{"latitude":"43.63072","longitude":"3.21199","bright_ti4":"311.51","scan":"0.36","track":"0.58","acq_date":"2026-07-06","acq_time":"105","satellite":"N","instrument":"VIIRS","confidence":"n","version":"2.0NRT","bright_ti5":"295.55","frp":"1.63","daynight":"N","commune":"Carlencas-et-Levas","code_insee":"34053","departement":"Hérault","region":"Occitanie"}},{"type":"Feature","geometry":{"type":"Point","coordinates":[3.2073,43.63094]},"properties":{"latitude":"43.63094","longitude":"3.2073","bright_ti4":"323.32","scan":"0.36","track":"0.58","acq_date":"2026-07-06","acq_time":"105","satellite":"N","instrument":"VIIRS","confidence":"n","version":"2.0NRT","bright_ti5":"296.96","frp":"1.63","daynight":"N","commune":"Carlencas-et-Levas","code_insee":"34053","departement":"Hérault","region":"Occitanie"}},{"type":"Feature","geometry":{"type":"Point","coordinates":[7.37449,43.79462]},"properties":{"latitude":"43.79462","longitude":"7.37449","bright_ti4":"305.54","scan":"0.45","track":"0.47","acq_date":"2026-07-06","acq_time":"105","satellite":"N","instrument":"VIIRS","confidence":"n","version":"2.0NRT","bright_ti5":"292.31","frp":"1.05","daynight":"N","commune":"Blausasc","code_insee":"06019","departement":"Alpes-Maritimes","region":"Provence-Alpes-Côte d'Azur"}},{"type":"Feature","geometry":{"type":"Point","coordinates":[5.3543,44.70319]},"properties":{"latitude":"44.70319","longitude":"5.3543","bright_ti4":"301.05","scan":"0.58","track":"0.52","acq_date":"2026-07-06","acq_time":"105","satellite":"N","instrument":"VIIRS","confidence":"n","version":"2.0NRT","bright_ti5":"289.22","frp":"12.7","daynight":"N","commune":"Solaure en Diois","code_insee":"26001","departement":"Drôme","region":"Auvergne-Rhône-Alpes"}},{"type":"Feature","geometry":{"type":"Point","coordinates":[5.34667,44.70368]},"properties":{"latitude":"44.70368","longitude":"5.34667","bright_ti4":"306.97","scan":"0.58","track":"0.52","acq_date":"2026-07-06","acq_time":"105","satellite":"N","instrument":"VIIRS","confidence":"n","version":"2.0NRT","bright_ti5":"288.96","frp":"10.25","daynight":"N","commune":"Solaure en Diois","code_insee":"26001","departement":"Drôme","region":"Auvergne-Rhône-Alpes"}},{"type":"Feature","geometry":{"type":"Point","coordinates":[5.35441,44.7081]},"properties":{"latitude":"44.7081","longitude":"5.35441","bright_ti4":"355.77","scan":"0.58","track":"0.52","acq_date":"2026-07-06","acq_time":"105","satellite":"N","instrument":"VIIRS","confidence":"n","version":"2.0NRT","bright_ti5":"298.4","frp":"12.7","daynight":"N","commune":"Solaure en Diois","code_insee":"26001","departement":"Drôme","region":"Auvergne-Rhône-Alpes"}},{"type":"Feature","geometry":{"type":"Point","coordinates":[5.3475,44.70854]},"properties":{"latitude":"44.70854","longitude":"5.3475","bright_ti4":"350.54","scan":"0.58","track":"0.52","acq_date":"2026-07-06","acq_time":"105","satellite":"N","instrument":"VIIRS","confidence":"n","version":"2.0NRT","bright_ti5":"302.56","frp":"10.25","daynight":"N","commune":"Solaure en Diois","code_insee":"26001","departement":"Drôme","region":"Auvergne-Rhône-Alpes"}},{"type":"Feature","geometry":{"type":"Point","coordinates":[5.33873,44.70911]},"properties":{"latitude":"44.70911","longitude":"5.33873","bright_ti4":"312","scan":"0.58","track":"0.52","acq_date":"2026-07-06","acq_time":"105","satellite":"N","instrument":"VIIRS","confidence":"n","version":"2.0NRT","bright_ti5":"289.3","frp":"10.25","daynight":"N","commune":"Solaure en Diois","code_insee":"26001","departement":"Drôme","region":"Auvergne-Rhône-Alpes"}},{"type":"Feature","geometry":{"type":"Point","coordinates":[5.35427,44.71302]},"properties":{"latitude":"44.71302","longitude":"5.35427","bright_ti4":"345.15","scan":"0.58","track":"0.52","acq_date":"2026-07-06","acq_time":"105","satellite":"N","instrument":"VIIRS","confidence":"n","version":"2.0NRT","bright_ti5":"295.13","frp":"9.54","daynight":"N","commune":"Die","code_insee":"26113","departement":"Drôme","region":"Auvergne-Rhône-Alpes"}},{"type":"Feature","geometry":{"type":"Point","coordinates":[5.34786,44.71343]},"properties":{"latitude":"44.71343","longitude":"5.34786","bright_ti4":"305.24","scan":"0.58","track":"0.52","acq_date":"2026-07-06","acq_time":"105","satellite":"N","instrument":"VIIRS","confidence":"n","version":"2.0NRT","bright_ti5":"290.86","frp":"2.48","daynight":"N","commune":"Die","code_insee":"26113","departement":"Drôme","region":"Auvergne-Rhône-Alpes"}},{"type":"Feature","geometry":{"type":"Point","coordinates":[5.3395,44.71397]},"properties":{"latitude":"44.71397","longitude":"5.3395","bright_ti4":"319.83","scan":"0.58","track":"0.52","acq_date":"2026-07-06","acq_time":"105","satellite":"N","instrument":"VIIRS","confidence":"n","version":"2.0NRT","bright_ti5":"291.07","frp":"2.48","daynight":"N","commune":"Barsac","code_insee":"26027","departement":"Drôme","region":"Auvergne-Rhône-Alpes"}},{"type":"Feature","geometry":{"type":"Point","coordinates":[5.33736,44.7306]},"properties":{"latitude":"44.7306","longitude":"5.33736","bright_ti4":"304.39","scan":"0.58","track":"0.52","acq_date":"2026-07-06","acq_time":"105","satellite":"N","instrument":"VIIRS","confidence":"n","version":"2.0NRT","bright_ti5":"290.37","frp":"2","daynight":"N","commune":"Die","code_insee":"26113","departement":"Drôme","region":"Auvergne-Rhône-Alpes"}},{"type":"Feature","geometry":{"type":"Point","coordinates":[5.33896,44.73368]},"properties":{"latitude":"44.73368","longitude":"5.33896","bright_ti4":"311.31","scan":"0.58","track":"0.52","acq_date":"2026-07-06","acq_time":"105","satellite":"N","instrument":"VIIRS","confidence":"n","version":"2.0NRT","bright_ti5":"291.81","frp":"1.08","daynight":"N","commune":"Die","code_insee":"26113","departement":"Drôme","region":"Auvergne-Rhône-Alpes"}},{"type":"Feature","geometry":{"type":"Point","coordinates":[5.32388,44.73467]},"properties":{"latitude":"44.73467","longitude":"5.32388","bright_ti4":"312.17","scan":"0.58","track":"0.52","acq_date":"2026-07-06","acq_time":"105","satellite":"N","instrument":"VIIRS","confidence":"n","version":"2.0NRT","bright_ti5":"290.88","frp":"1.95","daynight":"N","commune":"Die","code_insee":"26113","departement":"Drôme","region":"Auvergne-Rhône-Alpes"}},{"type":"Feature","geometry":{"type":"Point","coordinates":[7.2363,47.63072]},"properties":{"latitude":"47.63072","longitude":"7.2363","bright_ti4":"296.45","scan":"0.51","track":"0.49","acq_date":"2026-07-06","acq_time":"105","satellite":"N","instrument":"VIIRS","confidence":"n","version":"2.0NRT","bright_ti5":"284.15","frp":"0.88","daynight":"N","commune":"Altkirch","code_insee":"68004","departement":"Haut-Rhin","region":"Grand Est"}},{"type":"Feature","geometry":{"type":"Point","coordinates":[6.1176,48.61177]},"properties":{"latitude":"48.61177","longitude":"6.1176","bright_ti4":"306.74","scan":"0.58","track":"0.52","acq_date":"2026-07-06","acq_time":"105","satellite":"N","instrument":"VIIRS","confidence":"n","version":"2.0NRT","bright_ti5":"285.4","frp":"2.32","daynight":"N","commune":"Neuves-Maisons","code_insee":"54397","departement":"Meurthe-et-Moselle","region":"Grand Est"}},{"type":"Feature","geometry":{"type":"Point","coordinates":[4.99665,48.8832]},"properties":{"latitude":"48.8832","longitude":"4.99665","bright_ti4":"295.22","scan":"0.33","track":"0.55","acq_date":"2026-07-06","acq_time":"105","satellite":"N","instrument":"VIIRS","confidence":"n","version":"2.0NRT","bright_ti5":"283.43","frp":"0.48","daynight":"N","commune":"Noyers-Auzécourt","code_insee":"55388","departement":"Meuse","region":"Grand Est"}},{"type":"Feature","geometry":{"type":"Point","coordinates":[6.1433,49.31995]},"properties":{"latitude":"49.31995","longitude":"6.1433","bright_ti4":"300.88","scan":"0.59","track":"0.53","acq_date":"2026-07-06","acq_time":"105","satellite":"N","instrument":"VIIRS","confidence":"n","version":"2.0NRT","bright_ti5":"281.67","frp":"0.86","daynight":"N","commune":"Florange","code_insee":"57221","departement":"Moselle","region":"Grand Est"}},{"type":"Feature","geometry":{"type":"Point","coordinates":[0.52973,49.4793]},"properties":{"latitude":"49.4793","longitude":"0.52973","bright_ti4":"299.73","scan":"0.53","track":"0.67","acq_date":"2026-07-06","acq_time":"105","satellite":"N","instrument":"VIIRS","confidence":"n","version":"2.0NRT","bright_ti5":"286.93","frp":"1.63","daynight":"N","commune":"Lillebonne","code_insee":"76384","departement":"Seine-Maritime","region":"Normandie"}},{"type":"Feature","geometry":{"type":"Point","coordinates":[3.42005,46.25254]},"properties":{"latitude":"46.25254","longitude":"3.42005","bright_ti4":"301.53","scan":"0.37","track":"0.58","acq_date":"2026-07-06","acq_time":"107","satellite":"N","instrument":"VIIRS","confidence":"n","version":"2.0NRT","bright_ti5":"289.78","frp":"0.76","daynight":"N","commune":"Créchy","code_insee":"03091","departement":"Allier","region":"Auvergne-Rhône-Alpes"}},{"type":"Feature","geometry":{"type":"Point","coordinates":[0.27185,46.39042]},"properties":{"latitude":"46.39042","longitude":"0.27185","bright_ti4":"317.68","scan":"0.53","track":"0.67","acq_date":"2026-07-06","acq_time":"107","satellite":"N","instrument":"VIIRS","confidence":"n","version":"2.0NRT","bright_ti5":"288.97","frp":"1.57","daynight":"N","commune":"Vivonne","code_insee":"86293","departement":"Vienne","region":"Nouvelle-Aquitaine"}},{"type":"Feature","geometry":{"type":"Point","coordinates":[0.27471,46.39441]},"properties":{"latitude":"46.39441","longitude":"0.27471","bright_ti4":"329.2","scan":"0.53","track":"0.67","acq_date":"2026-07-06","acq_time":"107","satellite":"N","instrument":"VIIRS","confidence":"n","version":"2.0NRT","bright_ti5":"289.48","frp":"3.48","daynight":"N","commune":"Vivonne","code_insee":"86293","departement":"Vienne","region":"Nouvelle-Aquitaine"}},{"type":"Feature","geometry":{"type":"Point","coordinates":[0.27203,46.39673]},"properties":{"latitude":"46.39673","longitude":"0.27203","bright_ti4":"306.51","scan":"0.53","track":"0.67","acq_date":"2026-07-06","acq_time":"107","satellite":"N","instrument":"VIIRS","confidence":"n","version":"2.0NRT","bright_ti5":"288.47","frp":"1.57","daynight":"N","commune":"Vivonne","code_insee":"86293","departement":"Vienne","region":"Nouvelle-Aquitaine"}},{"type":"Feature","geometry":{"type":"Point","coordinates":[-0.37965,46.70524]},"properties":{"latitude":"46.70524","longitude":"-0.37965","bright_ti4":"322.73","scan":"0.57","track":"0.69","acq_date":"2026-07-06","acq_time":"107","satellite":"N","instrument":"VIIRS","confidence":"n","version":"2.0NRT","bright_ti5":"289.67","frp":"4.1","daynight":"N","commune":"Clessé","code_insee":"79094","departement":"Deux-Sèvres","region":"Nouvelle-Aquitaine"}},{"type":"Feature","geometry":{"type":"Point","coordinates":[-0.38739,46.70527]},"properties":{"latitude":"46.70527","longitude":"-0.38739","bright_ti4":"322.73","scan":"0.57","track":"0.69","acq_date":"2026-07-06","acq_time":"107","satellite":"N","instrument":"VIIRS","confidence":"n","version":"2.0NRT","bright_ti5":"289.53","frp":"5.42","daynight":"N","commune":"Clessé","code_insee":"79094","departement":"Deux-Sèvres","region":"Nouvelle-Aquitaine"}},{"type":"Feature","geometry":{"type":"Point","coordinates":[-0.37718,46.70554]},"properties":{"latitude":"46.70554","longitude":"-0.37718","bright_ti4":"300.84","scan":"0.57","track":"0.69","acq_date":"2026-07-06","acq_time":"107","satellite":"N","instrument":"VIIRS","confidence":"n","version":"2.0NRT","bright_ti5":"289.19","frp":"3.29","daynight":"N","commune":"Clessé","code_insee":"79094","departement":"Deux-Sèvres","region":"Nouvelle-Aquitaine"}},{"type":"Feature","geometry":{"type":"Point","coordinates":[-0.38489,46.7056]},"properties":{"latitude":"46.7056","longitude":"-0.38489","bright_ti4":"339.56","scan":"0.57","track":"0.69","acq_date":"2026-07-06","acq_time":"107","satellite":"N","instrument":"VIIRS","confidence":"n","version":"2.0NRT","bright_ti5":"290.2","frp":"3.29","daynight":"N","commune":"Clessé","code_insee":"79094","departement":"Deux-Sèvres","region":"Nouvelle-Aquitaine"}},{"type":"Feature","geometry":{"type":"Point","coordinates":[0.30928,47.52082]},"properties":{"latitude":"47.52082","longitude":"0.30928","bright_ti4":"295.49","scan":"0.53","track":"0.67","acq_date":"2026-07-06","acq_time":"107","satellite":"N","instrument":"VIIRS","confidence":"n","version":"2.0NRT","bright_ti5":"284.44","frp":"0.26","daynight":"N","commune":"Saint-Laurent-de-Lin","code_insee":"37223","departement":"Indre-et-Loire","region":"Centre-Val de Loire"}},{"type":"Feature","geometry":{"type":"Point","coordinates":[3.49141,50.33181]},"properties":{"latitude":"50.33181","longitude":"3.49141","bright_ti4":"296.1","scan":"0.48","track":"0.48","acq_date":"2026-07-06","acq_time":"243","satellite":"N","instrument":"VIIRS","confidence":"n","version":"2.0NRT","bright_ti5":"279.4","frp":"0.58","daynight":"N","commune":"Trith-Saint-Léger","code_insee":"59603","departement":"Nord","region":"Hauts-de-France"}},{"type":"Feature","geometry":{"type":"Point","coordinates":[2.28424,51.03351]},"properties":{"latitude":"51.03351","longitude":"2.28424","bright_ti4":"299.78","scan":"0.41","track":"0.45","acq_date":"2026-07-06","acq_time":"243","satellite":"N","instrument":"VIIRS","confidence":"n","version":"2.0NRT","bright_ti5":"274.85","frp":"1.55","daynight":"N","commune":"Grande-Synthe","code_insee":"59271","departement":"Nord","region":"Hauts-de-France"}},{"type":"Feature","geometry":{"type":"Point","coordinates":[2.28667,51.03742]},"properties":{"latitude":"51.03742","longitude":"2.28667","bright_ti4":"318.34","scan":"0.41","track":"0.45","acq_date":"2026-07-06","acq_time":"243","satellite":"N","instrument":"VIIRS","confidence":"n","version":"2.0NRT","bright_ti5":"278.79","frp":"1.55","daynight":"N","commune":"Grande-Synthe","code_insee":"59271","departement":"Nord","region":"Hauts-de-France"}},{"type":"Feature","geometry":{"type":"Point","coordinates":[2.29709,51.0439]},"properties":{"latitude":"51.0439","longitude":"2.29709","bright_ti4":"330.05","scan":"0.41","track":"0.45","acq_date":"2026-07-06","acq_time":"243","satellite":"N","instrument":"VIIRS","confidence":"n","version":"2.0NRT","bright_ti5":"281.78","frp":"3.61","daynight":"N","commune":"Grande-Synthe","code_insee":"59271","departement":"Nord","region":"Hauts-de-France"}},{"type":"Feature","geometry":{"type":"Point","coordinates":[2.29149,51.04525]},"properties":{"latitude":"51.04525","longitude":"2.29149","bright_ti4":"300.59","scan":"0.41","track":"0.45","acq_date":"2026-07-06","acq_time":"243","satellite":"N","instrument":"VIIRS","confidence":"n","version":"2.0NRT","bright_ti5":"279.05","frp":"2.69","daynight":"N","commune":"Grande-Synthe","code_insee":"59271","departement":"Nord","region":"Hauts-de-France"}},{"type":"Feature","geometry":{"type":"Point","coordinates":[2.31881,51.04767]},"properties":{"latitude":"51.04767","longitude":"2.31881","bright_ti4":"333.03","scan":"0.41","track":"0.45","acq_date":"2026-07-06","acq_time":"243","satellite":"N","instrument":"VIIRS","confidence":"n","version":"2.0NRT","bright_ti5":"280.18","frp":"2.93","daynight":"N","commune":"Dunkerque","code_insee":"59183","departement":"Nord","region":"Hauts-de-France"}},{"type":"Feature","geometry":{"type":"Point","coordinates":[2.31949,51.04861]},"properties":{"latitude":"51.04861","longitude":"2.31949","bright_ti4":"330.73","scan":"0.41","track":"0.45","acq_date":"2026-07-06","acq_time":"243","satellite":"N","instrument":"VIIRS","confidence":"n","version":"2.0NRT","bright_ti5":"279.84","frp":"3.06","daynight":"N","commune":"Dunkerque","code_insee":"59183","departement":"Nord","region":"Hauts-de-France"}},{"type":"Feature","geometry":{"type":"Point","coordinates":[2.54143,42.6326]},"properties":{"latitude":"42.6326","longitude":"2.54143","bright_ti4":"308.76","scan":"0.36","track":"0.57","acq_date":"2026-07-06","acq_time":"245","satellite":"N","instrument":"VIIRS","confidence":"n","version":"2.0NRT","bright_ti5":"293.22","frp":"0.9","daynight":"N","commune":"Rigarda","code_insee":"66162","departement":"Pyrénées-Orientales","region":"Occitanie"}},{"type":"Feature","geometry":{"type":"Point","coordinates":[2.53728,42.63375]},"properties":{"latitude":"42.63375","longitude":"2.53728","bright_ti4":"305.72","scan":"0.36","track":"0.57","acq_date":"2026-07-06","acq_time":"245","satellite":"N","instrument":"VIIRS","confidence":"n","version":"2.0NRT","bright_ti5":"292.12","frp":"1.71","daynight":"N","commune":"Rigarda","code_insee":"66162","departement":"Pyrénées-Orientales","region":"Occitanie"}},{"type":"Feature","geometry":{"type":"Point","coordinates":[2.54427,42.63754]},"properties":{"latitude":"42.63754","longitude":"2.54427","bright_ti4":"307.09","scan":"0.36","track":"0.57","acq_date":"2026-07-06","acq_time":"245","satellite":"N","instrument":"VIIRS","confidence":"n","version":"2.0NRT","bright_ti5":"293.13","frp":"0.9","daynight":"N","commune":"Rigarda","code_insee":"66162","departement":"Pyrénées-Orientales","region":"Occitanie"}},{"type":"Feature","geometry":{"type":"Point","coordinates":[2.54003,42.63872]},"properties":{"latitude":"42.63872","longitude":"2.54003","bright_ti4":"324.17","scan":"0.36","track":"0.57","acq_date":"2026-07-06","acq_time":"245","satellite":"N","instrument":"VIIRS","confidence":"n","version":"2.0NRT","bright_ti5":"294.5","frp":"1.71","daynight":"N","commune":"Vinça","code_insee":"66230","departement":"Pyrénées-Orientales","region":"Occitanie"}},{"type":"Feature","geometry":{"type":"Point","coordinates":[2.57044,42.64174]},"properties":{"latitude":"42.64174","longitude":"2.57044","bright_ti4":"303.02","scan":"0.36","track":"0.57","acq_date":"2026-07-06","acq_time":"245","satellite":"N","instrument":"VIIRS","confidence":"n","version":"2.0NRT","bright_ti5":"292.25","frp":"2.5","daynight":"N","commune":"Bouleternère","code_insee":"66023","departement":"Pyrénées-Orientales","region":"Occitanie"}},{"type":"Feature","geometry":{"type":"Point","coordinates":[2.59026,42.64198]},"properties":{"latitude":"42.64198","longitude":"2.59026","bright_ti4":"307.88","scan":"0.36","track":"0.57","acq_date":"2026-07-06","acq_time":"245","satellite":"N","instrument":"VIIRS","confidence":"n","version":"2.0NRT","bright_ti5":"294.56","frp":"2.27","daynight":"N","commune":"Bouleternère","code_insee":"66023","departement":"Pyrénées-Orientales","region":"Occitanie"}},{"type":"Feature","geometry":{"type":"Point","coordinates":[2.5665,42.64283]},"properties":{"latitude":"42.64283","longitude":"2.5665","bright_ti4":"348.14","scan":"0.36","track":"0.57","acq_date":"2026-07-06","acq_time":"245","satellite":"N","instrument":"VIIRS","confidence":"n","version":"2.0NRT","bright_ti5":"294.9","frp":"2.5","daynight":"N","commune":"Rodès","code_insee":"66165","departement":"Pyrénées-Orientales","region":"Occitanie"}},{"type":"Feature","geometry":{"type":"Point","coordinates":[2.58654,42.64301]},"properties":{"latitude":"42.64301","longitude":"2.58654","bright_ti4":"307.99","scan":"0.36","track":"0.57","acq_date":"2026-07-06","acq_time":"245","satellite":"N","instrument":"VIIRS","confidence":"n","version":"2.0NRT","bright_ti5":"293.9","frp":"2.27","daynight":"N","commune":"Bouleternère","code_insee":"66023","departement":"Pyrénées-Orientales","region":"Occitanie"}},{"type":"Feature","geometry":{"type":"Point","coordinates":[2.5428,42.64368]},"properties":{"latitude":"42.64368","longitude":"2.5428","bright_ti4":"310.01","scan":"0.36","track":"0.57","acq_date":"2026-07-06","acq_time":"245","satellite":"N","instrument":"VIIRS","confidence":"n","version":"2.0NRT","bright_ti5":"291.98","frp":"0.76","daynight":"N","commune":"Vinça","code_insee":"66230","departement":"Pyrénées-Orientales","region":"Occitanie"}},{"type":"Feature","geometry":{"type":"Point","coordinates":[2.53864,42.64484]},"properties":{"latitude":"42.64484","longitude":"2.53864","bright_ti4":"302.27","scan":"0.36","track":"0.57","acq_date":"2026-07-06","acq_time":"245","satellite":"N","instrument":"VIIRS","confidence":"n","version":"2.0NRT","bright_ti5":"291.52","frp":"0.76","daynight":"N","commune":"Vinça","code_insee":"66230","departement":"Pyrénées-Orientales","region":"Occitanie"}},{"type":"Feature","geometry":{"type":"Point","coordinates":[2.59729,42.64577]},"properties":{"latitude":"42.64577","longitude":"2.59729","bright_ti4":"322.41","scan":"0.36","track":"0.57","acq_date":"2026-07-06","acq_time":"245","satellite":"N","instrument":"VIIRS","confidence":"n","version":"2.0NRT","bright_ti5":"294.57","frp":"3.66","daynight":"N","commune":"Bouleternère","code_insee":"66023","departement":"Pyrénées-Orientales","region":"Occitanie"}},{"type":"Feature","geometry":{"type":"Point","coordinates":[2.59353,42.64681]},"properties":{"latitude":"42.64681","longitude":"2.59353","bright_ti4":"349.86","scan":"0.36","track":"0.57","acq_date":"2026-07-06","acq_time":"245","satellite":"N","instrument":"VIIRS","confidence":"n","version":"2.0NRT","bright_ti5":"298.07","frp":"2.27","daynight":"N","commune":"Bouleternère","code_insee":"66023","departement":"Pyrénées-Orientales","region":"Occitanie"}},{"type":"Feature","geometry":{"type":"Point","coordinates":[2.58963,42.6479]},"properties":{"latitude":"42.6479","longitude":"2.58963","bright_ti4":"316.59","scan":"0.36","track":"0.57","acq_date":"2026-07-06","acq_time":"245","satellite":"N","instrument":"VIIRS","confidence":"n","version":"2.0NRT","bright_ti5":"294.77","frp":"2.27","daynight":"N","commune":"Bouleternère","code_insee":"66023","departement":"Pyrénées-Orientales","region":"Occitanie"}},{"type":"Feature","geometry":{"type":"Point","coordinates":[2.54561,42.64863]},"properties":{"latitude":"42.64863","longitude":"2.54561","bright_ti4":"305.52","scan":"0.36","track":"0.57","acq_date":"2026-07-06","acq_time":"245","satellite":"N","instrument":"VIIRS","confidence":"n","version":"2.0NRT","bright_ti5":"292.36","frp":"0.76","daynight":"N","commune":"Vinça","code_insee":"66230","departement":"Pyrénées-Orientales","region":"Occitanie"}},{"type":"Feature","geometry":{"type":"Point","coordinates":[2.60433,42.64956]},"properties":{"latitude":"42.64956","longitude":"2.60433","bright_ti4":"307.39","scan":"0.36","track":"0.57","acq_date":"2026-07-06","acq_time":"245","satellite":"N","instrument":"VIIRS","confidence":"n","version":"2.0NRT","bright_ti5":"294.42","frp":"3.81","daynight":"N","commune":"Bouleternère","code_insee":"66023","departement":"Pyrénées-Orientales","region":"Occitanie"}},{"type":"Feature","geometry":{"type":"Point","coordinates":[2.54139,42.6498]},"properties":{"latitude":"42.6498","longitude":"2.54139","bright_ti4":"306.84","scan":"0.36","track":"0.57","acq_date":"2026-07-06","acq_time":"245","satellite":"N","instrument":"VIIRS","confidence":"n","version":"2.0NRT","bright_ti5":"293.03","frp":"0.76","daynight":"N","commune":"Vinça","code_insee":"66230","departement":"Pyrénées-Orientales","region":"Occitanie"}},{"type":"Feature","geometry":{"type":"Point","coordinates":[2.58108,42.65026]},"properties":{"latitude":"42.65026","longitude":"2.58108","bright_ti4":"309.13","scan":"0.36","track":"0.57","acq_date":"2026-07-06","acq_time":"245","satellite":"N","instrument":"VIIRS","confidence":"n","version":"2.0NRT","bright_ti5":"293.38","frp":"2.31","daynight":"N","commune":"Bouleternère","code_insee":"66023","departement":"Pyrénées-Orientales","region":"Occitanie"}},{"type":"Feature","geometry":{"type":"Point","coordinates":[2.60056,42.65061]},"properties":{"latitude":"42.65061","longitude":"2.60056","bright_ti4":"367","scan":"0.36","track":"0.57","acq_date":"2026-07-06","acq_time":"245","satellite":"N","instrument":"VIIRS","confidence":"h","version":"2.0NRT","bright_ti5":"299.1","frp":"3.81","daynight":"N","commune":"Bouleternère","code_insee":"66023","departement":"Pyrénées-Orientales","region":"Occitanie"}},{"type":"Feature","geometry":{"type":"Point","coordinates":[2.55731,42.65112]},"properties":{"latitude":"42.65112","longitude":"2.55731","bright_ti4":"304.81","scan":"0.36","track":"0.57","acq_date":"2026-07-06","acq_time":"245","satellite":"N","instrument":"VIIRS","confidence":"n","version":"2.0NRT","bright_ti5":"292.85","frp":"2.22","daynight":"N","commune":"Rodès","code_insee":"66165","departement":"Pyrénées-Orientales","region":"Occitanie"}},{"type":"Feature","geometry":{"type":"Point","coordinates":[2.57679,42.65146]},"properties":{"latitude":"42.65146","longitude":"2.57679","bright_ti4":"305.6","scan":"0.36","track":"0.57","acq_date":"2026-07-06","acq_time":"245","satellite":"N","instrument":"VIIRS","confidence":"n","version":"2.0NRT","bright_ti5":"292.33","frp":"1.63","daynight":"N","commune":"Bouleternère","code_insee":"66023","departement":"Pyrénées-Orientales","region":"Occitanie"}},{"type":"Feature","geometry":{"type":"Point","coordinates":[2.59666,42.65169]},"properties":{"latitude":"42.65169","longitude":"2.59666","bright_ti4":"316.06","scan":"0.36","track":"0.57","acq_date":"2026-07-06","acq_time":"245","satellite":"N","instrument":"VIIRS","confidence":"n","version":"2.0NRT","bright_ti5":"294.72","frp":"5.16","daynight":"N","commune":"Bouleternère","code_insee":"66023","departement":"Pyrénées-Orientales","region":"Occitanie"}},{"type":"Feature","geometry":{"type":"Point","coordinates":[2.56817,42.65384]},"properties":{"latitude":"42.65384","longitude":"2.56817","bright_ti4":"331.87","scan":"0.36","track":"0.57","acq_date":"2026-07-06","acq_time":"245","satellite":"N","instrument":"VIIRS","confidence":"n","version":"2.0NRT","bright_ti5":"293.36","frp":"3.3","daynight":"N","commune":"Bouleternère","code_insee":"66023","departement":"Pyrénées-Orientales","region":"Occitanie"}},{"type":"Feature","geometry":{"type":"Point","coordinates":[2.56386,42.65504]},"properties":{"latitude":"42.65504","longitude":"2.56386","bright_ti4":"332.86","scan":"0.36","track":"0.57","acq_date":"2026-07-06","acq_time":"245","satellite":"N","instrument":"VIIRS","confidence":"n","version":"2.0NRT","bright_ti5":"293.43","frp":"3.3","daynight":"N","commune":"Rodès","code_insee":"66165","departement":"Pyrénées-Orientales","region":"Occitanie"}},{"type":"Feature","geometry":{"type":"Point","coordinates":[2.59123,42.65894]},"properties":{"latitude":"42.65894","longitude":"2.59123","bright_ti4":"314.56","scan":"0.36","track":"0.57","acq_date":"2026-07-06","acq_time":"245","satellite":"N","instrument":"VIIRS","confidence":"n","version":"2.0NRT","bright_ti5":"293.39","frp":"1.77","daynight":"N","commune":"Bouleternère","code_insee":"66023","departement":"Pyrénées-Orientales","region":"Occitanie"}},{"type":"Feature","geometry":{"type":"Point","coordinates":[2.59947,42.68428]},"properties":{"latitude":"42.68428","longitude":"2.59947","bright_ti4":"304.02","scan":"0.36","track":"0.57","acq_date":"2026-07-06","acq_time":"245","satellite":"N","instrument":"VIIRS","confidence":"n","version":"2.0NRT","bright_ti5":"293.43","frp":"0.93","daynight":"N","commune":"Ille-sur-Têt","code_insee":"66088","departement":"Pyrénées-Orientales","region":"Occitanie"}},{"type":"Feature","geometry":{"type":"Point","coordinates":[2.61627,42.68531]},"properties":{"latitude":"42.68531","longitude":"2.61627","bright_ti4":"329.34","scan":"0.36","track":"0.57","acq_date":"2026-07-06","acq_time":"245","satellite":"N","instrument":"VIIRS","confidence":"n","version":"2.0NRT","bright_ti5":"296.29","frp":"3.4","daynight":"N","commune":"Ille-sur-Têt","code_insee":"66088","departement":"Pyrénées-Orientales","region":"Occitanie"}},{"type":"Feature","geometry":{"type":"Point","coordinates":[2.61138,42.68668]},"properties":{"latitude":"42.68668","longitude":"2.61138","bright_ti4":"312.33","scan":"0.36","track":"0.57","acq_date":"2026-07-06","acq_time":"245","satellite":"N","instrument":"VIIRS","confidence":"n","version":"2.0NRT","bright_ti5":"295.24","frp":"2.1","daynight":"N","commune":"Ille-sur-Têt","code_insee":"66088","departement":"Pyrénées-Orientales","region":"Occitanie"}},{"type":"Feature","geometry":{"type":"Point","coordinates":[2.60647,42.68806]},"properties":{"latitude":"42.68806","longitude":"2.60647","bright_ti4":"314.52","scan":"0.36","track":"0.57","acq_date":"2026-07-06","acq_time":"245","satellite":"N","instrument":"VIIRS","confidence":"n","version":"2.0NRT","bright_ti5":"294.6","frp":"2.1","daynight":"N","commune":"Ille-sur-Têt","code_insee":"66088","departement":"Pyrénées-Orientales","region":"Occitanie"}},{"type":"Feature","geometry":{"type":"Point","coordinates":[2.58546,42.68823]},"properties":{"latitude":"42.68823","longitude":"2.58546","bright_ti4":"312.76","scan":"0.36","track":"0.57","acq_date":"2026-07-06","acq_time":"245","satellite":"N","instrument":"VIIRS","confidence":"n","version":"2.0NRT","bright_ti5":"294.65","frp":"1.31","daynight":"N","commune":"Ille-sur-Têt","code_insee":"66088","departement":"Pyrénées-Orientales","region":"Occitanie"}},{"type":"Feature","geometry":{"type":"Point","coordinates":[2.62333,42.68907]},"properties":{"latitude":"42.68907","longitude":"2.62333","bright_ti4":"324","scan":"0.36","track":"0.57","acq_date":"2026-07-06","acq_time":"245","satellite":"N","instrument":"VIIRS","confidence":"n","version":"2.0NRT","bright_ti5":"295.87","frp":"3.4","daynight":"N","commune":"Ille-sur-Têt","code_insee":"66088","departement":"Pyrénées-Orientales","region":"Occitanie"}},{"type":"Feature","geometry":{"type":"Point","coordinates":[2.60165,42.68941]},"properties":{"latitude":"42.68941","longitude":"2.60165","bright_ti4":"310.24","scan":"0.36","track":"0.57","acq_date":"2026-07-06","acq_time":"245","satellite":"N","instrument":"VIIRS","confidence":"n","version":"2.0NRT","bright_ti5":"295.34","frp":"0.93","daynight":"N","commune":"Ille-sur-Têt","code_insee":"66088","departement":"Pyrénées-Orientales","region":"Occitanie"}},{"type":"Feature","geometry":{"type":"Point","coordinates":[2.61859,42.6904]},"properties":{"latitude":"42.6904","longitude":"2.61859","bright_ti4":"340.54","scan":"0.36","track":"0.57","acq_date":"2026-07-06","acq_time":"245","satellite":"N","instrument":"VIIRS","confidence":"n","version":"2.0NRT","bright_ti5":"298.88","frp":"3.4","daynight":"N","commune":"Ille-sur-Têt","code_insee":"66088","departement":"Pyrénées-Orientales","region":"Occitanie"}},{"type":"Feature","geometry":{"type":"Point","coordinates":[2.59693,42.69075]},"properties":{"latitude":"42.69075","longitude":"2.59693","bright_ti4":"308.48","scan":"0.36","track":"0.57","acq_date":"2026-07-06","acq_time":"245","satellite":"N","instrument":"VIIRS","confidence":"n","version":"2.0NRT","bright_ti5":"293.59","frp":"0.93","daynight":"N","commune":"Ille-sur-Têt","code_insee":"66088","departement":"Pyrénées-Orientales","region":"Occitanie"}},{"type":"Feature","geometry":{"type":"Point","coordinates":[2.6137,42.69178]},"properties":{"latitude":"42.69178","longitude":"2.6137","bright_ti4":"338.15","scan":"0.36","track":"0.57","acq_date":"2026-07-06","acq_time":"245","satellite":"N","instrument":"VIIRS","confidence":"n","version":"2.0NRT","bright_ti5":"298.97","frp":"4.07","daynight":"N","commune":"Ille-sur-Têt","code_insee":"66088","departement":"Pyrénées-Orientales","region":"Occitanie"}},{"type":"Feature","geometry":{"type":"Point","coordinates":[2.59227,42.69205]},"properties":{"latitude":"42.69205","longitude":"2.59227","bright_ti4":"308.52","scan":"0.36","track":"0.57","acq_date":"2026-07-06","acq_time":"245","satellite":"N","instrument":"VIIRS","confidence":"n","version":"2.0NRT","bright_ti5":"294.3","frp":"1.31","daynight":"N","commune":"Ille-sur-Têt","code_insee":"66088","departement":"Pyrénées-Orientales","region":"Occitanie"}},{"type":"Feature","geometry":{"type":"Point","coordinates":[2.60878,42.69316]},"properties":{"latitude":"42.69316","longitude":"2.60878","bright_ti4":"330.14","scan":"0.36","track":"0.57","acq_date":"2026-07-06","acq_time":"245","satellite":"N","instrument":"VIIRS","confidence":"n","version":"2.0NRT","bright_ti5":"296.63","frp":"4.07","daynight":"N","commune":"Ille-sur-Têt","code_insee":"66088","departement":"Pyrénées-Orientales","region":"Occitanie"}},{"type":"Feature","geometry":{"type":"Point","coordinates":[2.59933,42.69582]},"properties":{"latitude":"42.69582","longitude":"2.59933","bright_ti4":"343.15","scan":"0.36","track":"0.57","acq_date":"2026-07-06","acq_time":"245","satellite":"N","instrument":"VIIRS","confidence":"n","version":"2.0NRT","bright_ti5":"295.8","frp":"4.99","daynight":"N","commune":"Ille-sur-Têt","code_insee":"66088","departement":"Pyrénées-Orientales","region":"Occitanie"}},{"type":"Feature","geometry":{"type":"Point","coordinates":[2.59481,42.69709]},"properties":{"latitude":"42.69709","longitude":"2.59481","bright_ti4":"306.31","scan":"0.36","track":"0.57","acq_date":"2026-07-06","acq_time":"245","satellite":"N","instrument":"VIIRS","confidence":"n","version":"2.0NRT","bright_ti5":"292.65","frp":"2.65","daynight":"N","commune":"Ille-sur-Têt","code_insee":"66088","departement":"Pyrénées-Orientales","region":"Occitanie"}},{"type":"Feature","geometry":{"type":"Point","coordinates":[2.54152,42.70057]},"properties":{"latitude":"42.70057","longitude":"2.54152","bright_ti4":"311.85","scan":"0.36","track":"0.57","acq_date":"2026-07-06","acq_time":"245","satellite":"N","instrument":"VIIRS","confidence":"n","version":"2.0NRT","bright_ti5":"292.06","frp":"0.84","daynight":"N","commune":"Trévillach","code_insee":"66215","departement":"Pyrénées-Orientales","region":"Occitanie"}},{"type":"Feature","geometry":{"type":"Point","coordinates":[2.54414,42.70557]},"properties":{"latitude":"42.70557","longitude":"2.54414","bright_ti4":"305.14","scan":"0.36","track":"0.57","acq_date":"2026-07-06","acq_time":"245","satellite":"N","instrument":"VIIRS","confidence":"n","version":"2.0NRT","bright_ti5":"292.63","frp":"0.84","daynight":"N","commune":"Trévillach","code_insee":"66215","departement":"Pyrénées-Orientales","region":"Occitanie"}},{"type":"Feature","geometry":{"type":"Point","coordinates":[4.89427,43.44507]},"properties":{"latitude":"43.44507","longitude":"4.89427","bright_ti4":"314.25","scan":"0.44","track":"0.62","acq_date":"2026-07-06","acq_time":"245","satellite":"N","instrument":"VIIRS","confidence":"n","version":"2.0NRT","bright_ti5":"295.02","frp":"1.78","daynight":"N","commune":"Fos-sur-Mer","code_insee":"13039","departement":"Bouches-du-Rhône","region":"Provence-Alpes-Côte d'Azur"}},{"type":"Feature","geometry":{"type":"Point","coordinates":[4.89738,43.45044]},"properties":{"latitude":"43.45044","longitude":"4.89738","bright_ti4":"312.87","scan":"0.44","track":"0.62","acq_date":"2026-07-06","acq_time":"245","satellite":"N","instrument":"VIIRS","confidence":"n","version":"2.0NRT","bright_ti5":"294.98","frp":"1.78","daynight":"N","commune":"Fos-sur-Mer","code_insee":"13039","departement":"Bouches-du-Rhône","region":"Provence-Alpes-Côte d'Azur"}},{"type":"Feature","geometry":{"type":"Point","coordinates":[3.21722,43.61332]},"properties":{"latitude":"43.61332","longitude":"3.21722","bright_ti4":"309.43","scan":"0.36","track":"0.58","acq_date":"2026-07-06","acq_time":"245","satellite":"N","instrument":"VIIRS","confidence":"n","version":"2.0NRT","bright_ti5":"294.03","frp":"0.94","daynight":"N","commune":"Carlencas-et-Levas","code_insee":"34053","departement":"Hérault","region":"Occitanie"}},{"type":"Feature","geometry":{"type":"Point","coordinates":[3.20363,43.6229]},"properties":{"latitude":"43.6229","longitude":"3.20363","bright_ti4":"310.82","scan":"0.36","track":"0.57","acq_date":"2026-07-06","acq_time":"245","satellite":"N","instrument":"VIIRS","confidence":"n","version":"2.0NRT","bright_ti5":"294.2","frp":"1.61","daynight":"N","commune":"Carlencas-et-Levas","code_insee":"34053","departement":"Hérault","region":"Occitanie"}},{"type":"Feature","geometry":{"type":"Point","coordinates":[3.21899,43.62297]},"properties":{"latitude":"43.62297","longitude":"3.21899","bright_ti4":"305.93","scan":"0.36","track":"0.57","acq_date":"2026-07-06","acq_time":"245","satellite":"N","instrument":"VIIRS","confidence":"n","version":"2.0NRT","bright_ti5":"294.27","frp":"1.57","daynight":"N","commune":"Carlencas-et-Levas","code_insee":"34053","departement":"Hérault","region":"Occitanie"}},{"type":"Feature","geometry":{"type":"Point","coordinates":[3.21509,43.62408]},"properties":{"latitude":"43.62408","longitude":"3.21509","bright_ti4":"311.82","scan":"0.36","track":"0.57","acq_date":"2026-07-06","acq_time":"245","satellite":"N","instrument":"VIIRS","confidence":"n","version":"2.0NRT","bright_ti5":"295.18","frp":"1.79","daynight":"N","commune":"Carlencas-et-Levas","code_insee":"34053","departement":"Hérault","region":"Occitanie"}},{"type":"Feature","geometry":{"type":"Point","coordinates":[3.21841,43.62453]},"properties":{"latitude":"43.62453","longitude":"3.21841","bright_ti4":"318.66","scan":"0.36","track":"0.58","acq_date":"2026-07-06","acq_time":"245","satellite":"N","instrument":"VIIRS","confidence":"n","version":"2.0NRT","bright_ti5":"295.3","frp":"2.21","daynight":"N","commune":"Carlencas-et-Levas","code_insee":"34053","departement":"Hérault","region":"Occitanie"}},{"type":"Feature","geometry":{"type":"Point","coordinates":[3.21443,43.62565]},"properties":{"latitude":"43.62565","longitude":"3.21443","bright_ti4":"317.18","scan":"0.36","track":"0.57","acq_date":"2026-07-06","acq_time":"245","satellite":"N","instrument":"VIIRS","confidence":"n","version":"2.0NRT","bright_ti5":"296.65","frp":"2.21","daynight":"N","commune":"Carlencas-et-Levas","code_insee":"34053","departement":"Hérault","region":"Occitanie"}},{"type":"Feature","geometry":{"type":"Point","coordinates":[3.20259,43.62766]},"properties":{"latitude":"43.62766","longitude":"3.20259","bright_ti4":"330.13","scan":"0.36","track":"0.57","acq_date":"2026-07-06","acq_time":"245","satellite":"N","instrument":"VIIRS","confidence":"n","version":"2.0NRT","bright_ti5":"294.86","frp":"2.16","daynight":"N","commune":"Carlencas-et-Levas","code_insee":"34053","departement":"Hérault","region":"Occitanie"}},{"type":"Feature","geometry":{"type":"Point","coordinates":[3.20607,43.62799]},"properties":{"latitude":"43.62799","longitude":"3.20607","bright_ti4":"308.09","scan":"0.36","track":"0.57","acq_date":"2026-07-06","acq_time":"245","satellite":"N","instrument":"VIIRS","confidence":"n","version":"2.0NRT","bright_ti5":"293.71","frp":"2.18","daynight":"N","commune":"Carlencas-et-Levas","code_insee":"34053","departement":"Hérault","region":"Occitanie"}},{"type":"Feature","geometry":{"type":"Point","coordinates":[3.2177,43.62912]},"properties":{"latitude":"43.62912","longitude":"3.2177","bright_ti4":"316.37","scan":"0.36","track":"0.57","acq_date":"2026-07-06","acq_time":"245","satellite":"N","instrument":"VIIRS","confidence":"n","version":"2.0NRT","bright_ti5":"295.11","frp":"1.79","daynight":"N","commune":"Carlencas-et-Levas","code_insee":"34053","departement":"Hérault","region":"Occitanie"}},{"type":"Feature","geometry":{"type":"Point","coordinates":[3.20172,43.6292]},"properties":{"latitude":"43.6292","longitude":"3.20172","bright_ti4":"314.98","scan":"0.36","track":"0.57","acq_date":"2026-07-06","acq_time":"245","satellite":"N","instrument":"VIIRS","confidence":"n","version":"2.0NRT","bright_ti5":"292.16","frp":"2.65","daynight":"N","commune":"Carlencas-et-Levas","code_insee":"34053","departement":"Hérault","region":"Occitanie"}},{"type":"Feature","geometry":{"type":"Point","coordinates":[3.21357,43.6303]},"properties":{"latitude":"43.6303","longitude":"3.21357","bright_ti4":"333.6","scan":"0.36","track":"0.57","acq_date":"2026-07-06","acq_time":"245","satellite":"N","instrument":"VIIRS","confidence":"n","version":"2.0NRT","bright_ti5":"295.81","frp":"1.79","daynight":"N","commune":"Carlencas-et-Levas","code_insee":"34053","departement":"Hérault","region":"Occitanie"}},{"type":"Feature","geometry":{"type":"Point","coordinates":[3.20931,43.63152]},"properties":{"latitude":"43.63152","longitude":"3.20931","bright_ti4":"316.29","scan":"0.36","track":"0.57","acq_date":"2026-07-06","acq_time":"245","satellite":"N","instrument":"VIIRS","confidence":"n","version":"2.0NRT","bright_ti5":"295.31","frp":"2.16","daynight":"N","commune":"Carlencas-et-Levas","code_insee":"34053","departement":"Hérault","region":"Occitanie"}},{"type":"Feature","geometry":{"type":"Point","coordinates":[3.2128,43.63187]},"properties":{"latitude":"43.63187","longitude":"3.2128","bright_ti4":"337.34","scan":"0.36","track":"0.57","acq_date":"2026-07-06","acq_time":"245","satellite":"N","instrument":"VIIRS","confidence":"n","version":"2.0NRT","bright_ti5":"296.98","frp":"2.18","daynight":"N","commune":"Carlencas-et-Levas","code_insee":"34053","departement":"Hérault","region":"Occitanie"}},{"type":"Feature","geometry":{"type":"Point","coordinates":[3.20496,43.63276]},"properties":{"latitude":"43.63276","longitude":"3.20496","bright_ti4":"321.79","scan":"0.36","track":"0.57","acq_date":"2026-07-06","acq_time":"245","satellite":"N","instrument":"VIIRS","confidence":"n","version":"2.0NRT","bright_ti5":"295.05","frp":"2.16","daynight":"N","commune":"Carlencas-et-Levas","code_insee":"34053","departement":"Hérault","region":"Occitanie"}},{"type":"Feature","geometry":{"type":"Point","coordinates":[3.20849,43.63308]},"properties":{"latitude":"43.63308","longitude":"3.20849","bright_ti4":"316.24","scan":"0.36","track":"0.57","acq_date":"2026-07-06","acq_time":"245","satellite":"N","instrument":"VIIRS","confidence":"n","version":"2.0NRT","bright_ti5":"295.17","frp":"2.18","daynight":"N","commune":"Carlencas-et-Levas","code_insee":"34053","departement":"Hérault","region":"Occitanie"}},{"type":"Feature","geometry":{"type":"Point","coordinates":[5.35262,44.70831]},"properties":{"latitude":"44.70831","longitude":"5.35262","bright_ti4":"323.87","scan":"0.42","track":"0.61","acq_date":"2026-07-06","acq_time":"245","satellite":"N","instrument":"VIIRS","confidence":"n","version":"2.0NRT","bright_ti5":"292.37","frp":"3.29","daynight":"N","commune":"Solaure en Diois","code_insee":"26001","departement":"Drôme","region":"Auvergne-Rhône-Alpes"}},{"type":"Feature","geometry":{"type":"Point","coordinates":[5.3472,44.70992]},"properties":{"latitude":"44.70992","longitude":"5.3472","bright_ti4":"327.11","scan":"0.42","track":"0.61","acq_date":"2026-07-06","acq_time":"245","satellite":"N","instrument":"VIIRS","confidence":"n","version":"2.0NRT","bright_ti5":"292.02","frp":"5.72","daynight":"N","commune":"Solaure en Diois","code_insee":"26001","departement":"Drôme","region":"Auvergne-Rhône-Alpes"}},{"type":"Feature","geometry":{"type":"Point","coordinates":[5.35441,44.71006]},"properties":{"latitude":"44.71006","longitude":"5.35441","bright_ti4":"312.12","scan":"0.42","track":"0.61","acq_date":"2026-07-06","acq_time":"245","satellite":"N","instrument":"VIIRS","confidence":"n","version":"2.0NRT","bright_ti5":"290.24","frp":"2.22","daynight":"N","commune":"Solaure en Diois","code_insee":"26001","departement":"Drôme","region":"Auvergne-Rhône-Alpes"}},{"type":"Feature","geometry":{"type":"Point","coordinates":[5.34267,44.71128]},"properties":{"latitude":"44.71128","longitude":"5.34267","bright_ti4":"348.44","scan":"0.42","track":"0.61","acq_date":"2026-07-06","acq_time":"245","satellite":"N","instrument":"VIIRS","confidence":"n","version":"2.0NRT","bright_ti5":"292.77","frp":"5.72","daynight":"N","commune":"Solaure en Diois","code_insee":"26001","departement":"Drôme","region":"Auvergne-Rhône-Alpes"}},{"type":"Feature","geometry":{"type":"Point","coordinates":[5.34878,44.71177]},"properties":{"latitude":"44.71177","longitude":"5.34878","bright_ti4":"310.99","scan":"0.42","track":"0.61","acq_date":"2026-07-06","acq_time":"245","satellite":"N","instrument":"VIIRS","confidence":"n","version":"2.0NRT","bright_ti5":"290.69","frp":"2.22","daynight":"N","commune":"Solaure en Diois","code_insee":"26001","departement":"Drôme","region":"Auvergne-Rhône-Alpes"}},{"type":"Feature","geometry":{"type":"Point","coordinates":[5.34379,44.7133]},"properties":{"latitude":"44.7133","longitude":"5.34379","bright_ti4":"349.27","scan":"0.42","track":"0.61","acq_date":"2026-07-06","acq_time":"245","satellite":"N","instrument":"VIIRS","confidence":"n","version":"2.0NRT","bright_ti5":"293.72","frp":"6.62","daynight":"N","commune":"Solaure en Diois","code_insee":"26001","departement":"Drôme","region":"Auvergne-Rhône-Alpes"}},{"type":"Feature","geometry":{"type":"Point","coordinates":[5.33753,44.71904]},"properties":{"latitude":"44.71904","longitude":"5.33753","bright_ti4":"301.87","scan":"0.42","track":"0.61","acq_date":"2026-07-06","acq_time":"245","satellite":"N","instrument":"VIIRS","confidence":"n","version":"2.0NRT","bright_ti5":"290.27","frp":"3.29","daynight":"N","commune":"Barsac","code_insee":"26027","departement":"Drôme","region":"Auvergne-Rhône-Alpes"}},{"type":"Feature","geometry":{"type":"Point","coordinates":[5.33368,44.7202]},"properties":{"latitude":"44.7202","longitude":"5.33368","bright_ti4":"305.26","scan":"0.42","track":"0.61","acq_date":"2026-07-06","acq_time":"245","satellite":"N","instrument":"VIIRS","confidence":"n","version":"2.0NRT","bright_ti5":"291.06","frp":"1.08","daynight":"N","commune":"Barsac","code_insee":"26027","departement":"Drôme","region":"Auvergne-Rhône-Alpes"}},{"type":"Feature","geometry":{"type":"Point","coordinates":[5.33,44.72129]},"properties":{"latitude":"44.72129","longitude":"5.33","bright_ti4":"309.65","scan":"0.42","track":"0.61","acq_date":"2026-07-06","acq_time":"245","satellite":"N","instrument":"VIIRS","confidence":"n","version":"2.0NRT","bright_ti5":"291.5","frp":"1.08","daynight":"N","commune":"Barsac","code_insee":"26027","departement":"Drôme","region":"Auvergne-Rhône-Alpes"}},{"type":"Feature","geometry":{"type":"Point","coordinates":[5.33479,44.72228]},"properties":{"latitude":"44.72228","longitude":"5.33479","bright_ti4":"301.36","scan":"0.42","track":"0.61","acq_date":"2026-07-06","acq_time":"245","satellite":"N","instrument":"VIIRS","confidence":"n","version":"2.0NRT","bright_ti5":"290.51","frp":"1.32","daynight":"N","commune":"Die","code_insee":"26113","departement":"Drôme","region":"Auvergne-Rhône-Alpes"}},{"type":"Feature","geometry":{"type":"Point","coordinates":[5.32608,44.72247]},"properties":{"latitude":"44.72247","longitude":"5.32608","bright_ti4":"310.41","scan":"0.42","track":"0.61","acq_date":"2026-07-06","acq_time":"245","satellite":"N","instrument":"VIIRS","confidence":"n","version":"2.0NRT","bright_ti5":"292.01","frp":"1.4","daynight":"N","commune":"Barsac","code_insee":"26027","departement":"Drôme","region":"Auvergne-Rhône-Alpes"}},{"type":"Feature","geometry":{"type":"Point","coordinates":[5.33083,44.72349]},"properties":{"latitude":"44.72349","longitude":"5.33083","bright_ti4":"308.46","scan":"0.42","track":"0.61","acq_date":"2026-07-06","acq_time":"245","satellite":"N","instrument":"VIIRS","confidence":"n","version":"2.0NRT","bright_ti5":"291.07","frp":"1.07","daynight":"N","commune":"Barsac","code_insee":"26027","departement":"Drôme","region":"Auvergne-Rhône-Alpes"}},{"type":"Feature","geometry":{"type":"Point","coordinates":[5.32204,44.72367]},"properties":{"latitude":"44.72367","longitude":"5.32204","bright_ti4":"309.85","scan":"0.42","track":"0.61","acq_date":"2026-07-06","acq_time":"245","satellite":"N","instrument":"VIIRS","confidence":"n","version":"2.0NRT","bright_ti5":"291.44","frp":"1.4","daynight":"N","commune":"Barsac","code_insee":"26027","departement":"Drôme","region":"Auvergne-Rhône-Alpes"}},{"type":"Feature","geometry":{"type":"Point","coordinates":[5.32676,44.72472]},"properties":{"latitude":"44.72472","longitude":"5.32676","bright_ti4":"308.62","scan":"0.42","track":"0.61","acq_date":"2026-07-06","acq_time":"245","satellite":"N","instrument":"VIIRS","confidence":"n","version":"2.0NRT","bright_ti5":"291.24","frp":"1.07","daynight":"N","commune":"Barsac","code_insee":"26027","departement":"Drôme","region":"Auvergne-Rhône-Alpes"}},{"type":"Feature","geometry":{"type":"Point","coordinates":[5.31806,44.72487]},"properties":{"latitude":"44.72487","longitude":"5.31806","bright_ti4":"305.03","scan":"0.42","track":"0.61","acq_date":"2026-07-06","acq_time":"245","satellite":"N","instrument":"VIIRS","confidence":"n","version":"2.0NRT","bright_ti5":"291.7","frp":"1.25","daynight":"N","commune":"Barsac","code_insee":"26027","departement":"Drôme","region":"Auvergne-Rhône-Alpes"}},{"type":"Feature","geometry":{"type":"Point","coordinates":[5.32255,44.72601]},"properties":{"latitude":"44.72601","longitude":"5.32255","bright_ti4":"311.35","scan":"0.42","track":"0.61","acq_date":"2026-07-06","acq_time":"245","satellite":"N","instrument":"VIIRS","confidence":"n","version":"2.0NRT","bright_ti5":"291.36","frp":"1.13","daynight":"N","commune":"Barsac","code_insee":"26027","departement":"Drôme","region":"Auvergne-Rhône-Alpes"}},{"type":"Feature","geometry":{"type":"Point","coordinates":[5.31859,44.72721]},"properties":{"latitude":"44.72721","longitude":"5.31859","bright_ti4":"311.5","scan":"0.42","track":"0.61","acq_date":"2026-07-06","acq_time":"245","satellite":"N","instrument":"VIIRS","confidence":"n","version":"2.0NRT","bright_ti5":"292.8","frp":"1.13","daynight":"N","commune":"Barsac","code_insee":"26027","departement":"Drôme","region":"Auvergne-Rhône-Alpes"}},{"type":"Feature","geometry":{"type":"Point","coordinates":[5.3245,44.73164]},"properties":{"latitude":"44.73164","longitude":"5.3245","bright_ti4":"302.13","scan":"0.42","track":"0.61","acq_date":"2026-07-06","acq_time":"245","satellite":"N","instrument":"VIIRS","confidence":"n","version":"2.0NRT","bright_ti5":"290.78","frp":"0.99","daynight":"N","commune":"Die","code_insee":"26113","departement":"Drôme","region":"Auvergne-Rhône-Alpes"}},{"type":"Feature","geometry":{"type":"Point","coordinates":[5.32697,44.73463]},"properties":{"latitude":"44.73463","longitude":"5.32697","bright_ti4":"307.47","scan":"0.42","track":"0.61","acq_date":"2026-07-06","acq_time":"245","satellite":"N","instrument":"VIIRS","confidence":"n","version":"2.0NRT","bright_ti5":"291.32","frp":"0.84","daynight":"N","commune":"Die","code_insee":"26113","departement":"Drôme","region":"Auvergne-Rhône-Alpes"}},{"type":"Feature","geometry":{"type":"Point","coordinates":[6.7062,45.44061]},"properties":{"latitude":"45.44061","longitude":"6.7062","bright_ti4":"298.36","scan":"0.46","track":"0.64","acq_date":"2026-07-06","acq_time":"245","satellite":"N","instrument":"VIIRS","confidence":"n","version":"2.0NRT","bright_ti5":"283.8","frp":"1.16","daynight":"N","commune":"Planay","code_insee":"73201","departement":"Savoie","region":"Auvergne-Rhône-Alpes"}},{"type":"Feature","geometry":{"type":"Point","coordinates":[6.70295,45.44163]},"properties":{"latitude":"45.44163","longitude":"6.70295","bright_ti4":"297.46","scan":"0.46","track":"0.63","acq_date":"2026-07-06","acq_time":"245","satellite":"N","instrument":"VIIRS","confidence":"n","version":"2.0NRT","bright_ti5":"284.34","frp":"1.54","daynight":"N","commune":"Planay","code_insee":"73201","departement":"Savoie","region":"Auvergne-Rhône-Alpes"}},{"type":"Feature","geometry":{"type":"Point","coordinates":[5.81689,45.91261]},"properties":{"latitude":"45.91261","longitude":"5.81689","bright_ti4":"297.31","scan":"0.41","track":"0.6","acq_date":"2026-07-06","acq_time":"245","satellite":"N","instrument":"VIIRS","confidence":"n","version":"2.0NRT","bright_ti5":"286.56","frp":"0.64","daynight":"N","commune":"Anglefort","code_insee":"01010","departement":"Ain","region":"Auvergne-Rhône-Alpes"}},{"type":"Feature","geometry":{"type":"Point","coordinates":[0.2794,46.39018]},"properties":{"latitude":"46.39018","longitude":"0.2794","bright_ti4":"301.29","scan":"0.45","track":"0.47","acq_date":"2026-07-06","acq_time":"245","satellite":"N","instrument":"VIIRS","confidence":"n","version":"2.0NRT","bright_ti5":"288.98","frp":"1.21","daynight":"N","commune":"Vivonne","code_insee":"86293","departement":"Vienne","region":"Nouvelle-Aquitaine"}},{"type":"Feature","geometry":{"type":"Point","coordinates":[0.27381,46.39154]},"properties":{"latitude":"46.39154","longitude":"0.27381","bright_ti4":"314.47","scan":"0.45","track":"0.47","acq_date":"2026-07-06","acq_time":"245","satellite":"N","instrument":"VIIRS","confidence":"n","version":"2.0NRT","bright_ti5":"288.06","frp":"1.94","daynight":"N","commune":"Vivonne","code_insee":"86293","departement":"Vienne","region":"Nouvelle-Aquitaine"}},{"type":"Feature","geometry":{"type":"Point","coordinates":[0.28151,46.3943]},"properties":{"latitude":"46.3943","longitude":"0.28151","bright_ti4":"299.71","scan":"0.45","track":"0.47","acq_date":"2026-07-06","acq_time":"245","satellite":"N","instrument":"VIIRS","confidence":"n","version":"2.0NRT","bright_ti5":"287.43","frp":"1.21","daynight":"N","commune":"Vivonne","code_insee":"86293","departement":"Vienne","region":"Nouvelle-Aquitaine"}},{"type":"Feature","geometry":{"type":"Point","coordinates":[0.27591,46.39566]},"properties":{"latitude":"46.39566","longitude":"0.27591","bright_ti4":"319.5","scan":"0.45","track":"0.47","acq_date":"2026-07-06","acq_time":"245","satellite":"N","instrument":"VIIRS","confidence":"n","version":"2.0NRT","bright_ti5":"288.67","frp":"1.94","daynight":"N","commune":"Vivonne","code_insee":"86293","departement":"Vienne","region":"Nouvelle-Aquitaine"}},{"type":"Feature","geometry":{"type":"Point","coordinates":[-0.37748,46.70461]},"properties":{"latitude":"46.70461","longitude":"-0.37748","bright_ti4":"314.48","scan":"0.41","track":"0.45","acq_date":"2026-07-06","acq_time":"245","satellite":"N","instrument":"VIIRS","confidence":"n","version":"2.0NRT","bright_ti5":"289.37","frp":"1.93","daynight":"N","commune":"Clessé","code_insee":"79094","departement":"Deux-Sèvres","region":"Nouvelle-Aquitaine"}},{"type":"Feature","geometry":{"type":"Point","coordinates":[6.11444,48.61205]},"properties":{"latitude":"48.61205","longitude":"6.11444","bright_ti4":"299.62","scan":"0.34","track":"0.56","acq_date":"2026-07-06","acq_time":"245","satellite":"N","instrument":"VIIRS","confidence":"n","version":"2.0NRT","bright_ti5":"286.24","frp":"0.72","daynight":"N","commune":"Neuves-Maisons","code_insee":"54397","departement":"Meurthe-et-Moselle","region":"Grand Est"}},{"type":"Feature","geometry":{"type":"Point","coordinates":[2.54509,42.6353]},"properties":{"latitude":"42.6353","longitude":"2.54509","bright_ti4":"353.83","scan":"0.51","track":"0.41","acq_date":"2026-07-06","acq_time":"1229","satellite":"N","instrument":"VIIRS","confidence":"n","version":"2.0NRT","bright_ti5":"328.13","frp":"22.11","daynight":"D","commune":"Rigarda","code_insee":"66162","departement":"Pyrénées-Orientales","region":"Occitanie"}},{"type":"Feature","geometry":{"type":"Point","coordinates":[2.54661,42.63595]},"properties":{"latitude":"42.63595","longitude":"2.54661","bright_ti4":"350.21","scan":"0.51","track":"0.41","acq_date":"2026-07-06","acq_time":"1229","satellite":"N","instrument":"VIIRS","confidence":"l","version":"2.0NRT","bright_ti5":"327.58","frp":"24.49","daynight":"D","commune":"Rodès","code_insee":"66165","departement":"Pyrénées-Orientales","region":"Occitanie"}},{"type":"Feature","geometry":{"type":"Point","coordinates":[2.54366,42.63897]},"properties":{"latitude":"42.63897","longitude":"2.54366","bright_ti4":"353.14","scan":"0.51","track":"0.41","acq_date":"2026-07-06","acq_time":"1229","satellite":"N","instrument":"VIIRS","confidence":"n","version":"2.0NRT","bright_ti5":"318.31","frp":"22.11","daynight":"D","commune":"Rigarda","code_insee":"66162","departement":"Pyrénées-Orientales","region":"Occitanie"}},{"type":"Feature","geometry":{"type":"Point","coordinates":[2.54518,42.63963]},"properties":{"latitude":"42.63963","longitude":"2.54518","bright_ti4":"350.17","scan":"0.51","track":"0.41","acq_date":"2026-07-06","acq_time":"1229","satellite":"N","instrument":"VIIRS","confidence":"n","version":"2.0NRT","bright_ti5":"318.73","frp":"24.49","daynight":"D","commune":"Rigarda","code_insee":"66162","departement":"Pyrénées-Orientales","region":"Occitanie"}},{"type":"Feature","geometry":{"type":"Point","coordinates":[2.60286,42.64335]},"properties":{"latitude":"42.64335","longitude":"2.60286","bright_ti4":"344.61","scan":"0.51","track":"0.41","acq_date":"2026-07-06","acq_time":"1229","satellite":"N","instrument":"VIIRS","confidence":"n","version":"2.0NRT","bright_ti5":"312.97","frp":"6.01","daynight":"D","commune":"Bouleternère","code_insee":"66023","departement":"Pyrénées-Orientales","region":"Occitanie"}},{"type":"Feature","geometry":{"type":"Point","coordinates":[2.59931,42.64652]},"properties":{"latitude":"42.64652","longitude":"2.59931","bright_ti4":"355.29","scan":"0.5","track":"0.41","acq_date":"2026-07-06","acq_time":"1229","satellite":"N","instrument":"VIIRS","confidence":"n","version":"2.0NRT","bright_ti5":"318.43","frp":"18.56","daynight":"D","commune":"Bouleternère","code_insee":"66023","departement":"Pyrénées-Orientales","region":"Occitanie"}},{"type":"Feature","geometry":{"type":"Point","coordinates":[2.60099,42.64693]},"properties":{"latitude":"42.64693","longitude":"2.60099","bright_ti4":"367","scan":"0.51","track":"0.41","acq_date":"2026-07-06","acq_time":"1229","satellite":"N","instrument":"VIIRS","confidence":"h","version":"2.0NRT","bright_ti5":"318.93","frp":"20.05","daynight":"D","commune":"Bouleternère","code_insee":"66023","departement":"Pyrénées-Orientales","region":"Occitanie"}},{"type":"Feature","geometry":{"type":"Point","coordinates":[2.56948,42.65622]},"properties":{"latitude":"42.65622","longitude":"2.56948","bright_ti4":"367","scan":"0.51","track":"0.41","acq_date":"2026-07-06","acq_time":"1229","satellite":"N","instrument":"VIIRS","confidence":"l","version":"2.0NRT","bright_ti5":"327.56","frp":"31.39","daynight":"D","commune":"Bouleternère","code_insee":"66023","departement":"Pyrénées-Orientales","region":"Occitanie"}},{"type":"Feature","geometry":{"type":"Point","coordinates":[2.56828,42.65994]},"properties":{"latitude":"42.65994","longitude":"2.56828","bright_ti4":"351.55","scan":"0.51","track":"0.41","acq_date":"2026-07-06","acq_time":"1229","satellite":"N","instrument":"VIIRS","confidence":"n","version":"2.0NRT","bright_ti5":"318.78","frp":"31.39","daynight":"D","commune":"Bouleternère","code_insee":"66023","departement":"Pyrénées-Orientales","region":"Occitanie"}},{"type":"Feature","geometry":{"type":"Point","coordinates":[2.62634,42.67585]},"properties":{"latitude":"42.67585","longitude":"2.62634","bright_ti4":"347.59","scan":"0.5","track":"0.41","acq_date":"2026-07-06","acq_time":"1229","satellite":"N","instrument":"VIIRS","confidence":"n","version":"2.0NRT","bright_ti5":"316.69","frp":"16.26","daynight":"D","commune":"Ille-sur-Têt","code_insee":"66088","departement":"Pyrénées-Orientales","region":"Occitanie"}},{"type":"Feature","geometry":{"type":"Point","coordinates":[2.60963,42.68824]},"properties":{"latitude":"42.68824","longitude":"2.60963","bright_ti4":"350.48","scan":"0.5","track":"0.41","acq_date":"2026-07-06","acq_time":"1229","satellite":"N","instrument":"VIIRS","confidence":"l","version":"2.0NRT","bright_ti5":"324.8","frp":"35.71","daynight":"D","commune":"Ille-sur-Têt","code_insee":"66088","departement":"Pyrénées-Orientales","region":"Occitanie"}},{"type":"Feature","geometry":{"type":"Point","coordinates":[2.60853,42.69197]},"properties":{"latitude":"42.69197","longitude":"2.60853","bright_ti4":"350.51","scan":"0.5","track":"0.41","acq_date":"2026-07-06","acq_time":"1229","satellite":"N","instrument":"VIIRS","confidence":"l","version":"2.0NRT","bright_ti5":"328.12","frp":"35.71","daynight":"D","commune":"Ille-sur-Têt","code_insee":"66088","departement":"Pyrénées-Orientales","region":"Occitanie"}},{"type":"Feature","geometry":{"type":"Point","coordinates":[2.53663,42.69708]},"properties":{"latitude":"42.69708","longitude":"2.53663","bright_ti4":"367","scan":"0.51","track":"0.41","acq_date":"2026-07-06","acq_time":"1229","satellite":"N","instrument":"VIIRS","confidence":"l","version":"2.0NRT","bright_ti5":"325.86","frp":"3.8","daynight":"D","commune":"Trévillach","code_insee":"66215","departement":"Pyrénées-Orientales","region":"Occitanie"}},{"type":"Feature","geometry":{"type":"Point","coordinates":[2.54258,42.6983]},"properties":{"latitude":"42.6983","longitude":"2.54258","bright_ti4":"367","scan":"0.51","track":"0.41","acq_date":"2026-07-06","acq_time":"1229","satellite":"N","instrument":"VIIRS","confidence":"l","version":"2.0NRT","bright_ti5":"325.84","frp":"3.8","daynight":"D","commune":"Trévillach","code_insee":"66215","departement":"Pyrénées-Orientales","region":"Occitanie"}},{"type":"Feature","geometry":{"type":"Point","coordinates":[2.53532,42.70078]},"properties":{"latitude":"42.70078","longitude":"2.53532","bright_ti4":"367","scan":"0.51","track":"0.41","acq_date":"2026-07-06","acq_time":"1229","satellite":"N","instrument":"VIIRS","confidence":"l","version":"2.0NRT","bright_ti5":"325.3","frp":"3.8","daynight":"D","commune":"Trévillach","code_insee":"66215","departement":"Pyrénées-Orientales","region":"Occitanie"}},{"type":"Feature","geometry":{"type":"Point","coordinates":[2.54124,42.70198]},"properties":{"latitude":"42.70198","longitude":"2.54124","bright_ti4":"347.73","scan":"0.51","track":"0.41","acq_date":"2026-07-06","acq_time":"1229","satellite":"N","instrument":"VIIRS","confidence":"n","version":"2.0NRT","bright_ti5":"321.59","frp":"3.8","daynight":"D","commune":"Trévillach","code_insee":"66215","departement":"Pyrénées-Orientales","region":"Occitanie"}},{"type":"Feature","geometry":{"type":"Point","coordinates":[3.20824,43.63122]},"properties":{"latitude":"43.63122","longitude":"3.20824","bright_ti4":"344.07","scan":"0.46","track":"0.39","acq_date":"2026-07-06","acq_time":"1229","satellite":"N","instrument":"VIIRS","confidence":"l","version":"2.0NRT","bright_ti5":"315.2","frp":"10.05","daynight":"D","commune":"Carlencas-et-Levas","code_insee":"34053","departement":"Hérault","region":"Occitanie"}},{"type":"Feature","geometry":{"type":"Point","coordinates":[3.21391,43.63232]},"properties":{"latitude":"43.63232","longitude":"3.21391","bright_ti4":"351.01","scan":"0.46","track":"0.39","acq_date":"2026-07-06","acq_time":"1229","satellite":"N","instrument":"VIIRS","confidence":"n","version":"2.0NRT","bright_ti5":"321.33","frp":"10.05","daynight":"D","commune":"Carlencas-et-Levas","code_insee":"34053","departement":"Hérault","region":"Occitanie"}},{"type":"Feature","geometry":{"type":"Point","coordinates":[5.35832,43.75028]},"properties":{"latitude":"43.75028","longitude":"5.35832","bright_ti4":"344.85","scan":"0.4","track":"0.37","acq_date":"2026-07-06","acq_time":"1229","satellite":"N","instrument":"VIIRS","confidence":"l","version":"2.0NRT","bright_ti5":"316.19","frp":"28.01","daynight":"D","commune":"Cadenet","code_insee":"84026","departement":"Vaucluse","region":"Provence-Alpes-Côte d'Azur"}},{"type":"Feature","geometry":{"type":"Point","coordinates":[5.35843,44.69405]},"properties":{"latitude":"44.69405","longitude":"5.35843","bright_ti4":"333.99","scan":"0.4","track":"0.37","acq_date":"2026-07-06","acq_time":"1232","satellite":"N","instrument":"VIIRS","confidence":"n","version":"2.0NRT","bright_ti5":"303.05","frp":"16.31","daynight":"D","commune":"Solaure en Diois","code_insee":"26001","departement":"Drôme","region":"Auvergne-Rhône-Alpes"}},{"type":"Feature","geometry":{"type":"Point","coordinates":[5.36324,44.69487]},"properties":{"latitude":"44.69487","longitude":"5.36324","bright_ti4":"332.88","scan":"0.4","track":"0.37","acq_date":"2026-07-06","acq_time":"1232","satellite":"N","instrument":"VIIRS","confidence":"n","version":"2.0NRT","bright_ti5":"298.85","frp":"16.31","daynight":"D","commune":"Solaure en Diois","code_insee":"26001","departement":"Drôme","region":"Auvergne-Rhône-Alpes"}},{"type":"Feature","geometry":{"type":"Point","coordinates":[5.36217,44.69819]},"properties":{"latitude":"44.69819","longitude":"5.36217","bright_ti4":"356.59","scan":"0.4","track":"0.37","acq_date":"2026-07-06","acq_time":"1232","satellite":"N","instrument":"VIIRS","confidence":"n","version":"2.0NRT","bright_ti5":"311.73","frp":"16.31","daynight":"D","commune":"Solaure en Diois","code_insee":"26001","departement":"Drôme","region":"Auvergne-Rhône-Alpes"}},{"type":"Feature","geometry":{"type":"Point","coordinates":[5.35622,44.70068]},"properties":{"latitude":"44.70068","longitude":"5.35622","bright_ti4":"367","scan":"0.4","track":"0.37","acq_date":"2026-07-06","acq_time":"1232","satellite":"N","instrument":"VIIRS","confidence":"h","version":"2.0NRT","bright_ti5":"356.59","frp":"75.41","daynight":"D","commune":"Solaure en Diois","code_insee":"26001","departement":"Drôme","region":"Auvergne-Rhône-Alpes"}},{"type":"Feature","geometry":{"type":"Point","coordinates":[5.36102,44.7015]},"properties":{"latitude":"44.7015","longitude":"5.36102","bright_ti4":"367","scan":"0.4","track":"0.37","acq_date":"2026-07-06","acq_time":"1232","satellite":"N","instrument":"VIIRS","confidence":"l","version":"2.0NRT","bright_ti5":"330.71","frp":"75.41","daynight":"D","commune":"Solaure en Diois","code_insee":"26001","departement":"Drôme","region":"Auvergne-Rhône-Alpes"}},{"type":"Feature","geometry":{"type":"Point","coordinates":[5.35015,44.70315]},"properties":{"latitude":"44.70315","longitude":"5.35015","bright_ti4":"339.46","scan":"0.4","track":"0.37","acq_date":"2026-07-06","acq_time":"1232","satellite":"N","instrument":"VIIRS","confidence":"n","version":"2.0NRT","bright_ti5":"310.67","frp":"22.87","daynight":"D","commune":"Solaure en Diois","code_insee":"26001","departement":"Drôme","region":"Auvergne-Rhône-Alpes"}},{"type":"Feature","geometry":{"type":"Point","coordinates":[5.35506,44.70399]},"properties":{"latitude":"44.70399","longitude":"5.35506","bright_ti4":"367","scan":"0.4","track":"0.37","acq_date":"2026-07-06","acq_time":"1232","satellite":"N","instrument":"VIIRS","confidence":"l","version":"2.0NRT","bright_ti5":"325.17","frp":"75.41","daynight":"D","commune":"Solaure en Diois","code_insee":"26001","departement":"Drôme","region":"Auvergne-Rhône-Alpes"}},{"type":"Feature","geometry":{"type":"Point","coordinates":[5.35208,44.70456]},"properties":{"latitude":"44.70456","longitude":"5.35208","bright_ti4":"351.41","scan":"0.4","track":"0.37","acq_date":"2026-07-06","acq_time":"1232","satellite":"N","instrument":"VIIRS","confidence":"n","version":"2.0NRT","bright_ti5":"319.62","frp":"24.45","daynight":"D","commune":"Solaure en Diois","code_insee":"26001","departement":"Drôme","region":"Auvergne-Rhône-Alpes"}},{"type":"Feature","geometry":{"type":"Point","coordinates":[5.35987,44.70481]},"properties":{"latitude":"44.70481","longitude":"5.35987","bright_ti4":"367","scan":"0.4","track":"0.37","acq_date":"2026-07-06","acq_time":"1232","satellite":"N","instrument":"VIIRS","confidence":"l","version":"2.0NRT","bright_ti5":"329.66","frp":"75.41","daynight":"D","commune":"Solaure en Diois","code_insee":"26001","departement":"Drôme","region":"Auvergne-Rhône-Alpes"}},{"type":"Feature","geometry":{"type":"Point","coordinates":[5.35692,44.7054]},"properties":{"latitude":"44.7054","longitude":"5.35692","bright_ti4":"353.76","scan":"0.4","track":"0.37","acq_date":"2026-07-06","acq_time":"1232","satellite":"N","instrument":"VIIRS","confidence":"n","version":"2.0NRT","bright_ti5":"315.65","frp":"50.88","daynight":"D","commune":"Solaure en Diois","code_insee":"26001","departement":"Drôme","region":"Auvergne-Rhône-Alpes"}},{"type":"Feature","geometry":{"type":"Point","coordinates":[5.34599,44.70702]},"properties":{"latitude":"44.70702","longitude":"5.34599","bright_ti4":"345.25","scan":"0.4","track":"0.37","acq_date":"2026-07-06","acq_time":"1232","satellite":"N","instrument":"VIIRS","confidence":"n","version":"2.0NRT","bright_ti5":"308.12","frp":"24.45","daynight":"D","commune":"Solaure en Diois","code_insee":"26001","departement":"Drôme","region":"Auvergne-Rhône-Alpes"}},{"type":"Feature","geometry":{"type":"Point","coordinates":[5.33979,44.70945]},"properties":{"latitude":"44.70945","longitude":"5.33979","bright_ti4":"344.47","scan":"0.4","track":"0.37","acq_date":"2026-07-06","acq_time":"1232","satellite":"N","instrument":"VIIRS","confidence":"n","version":"2.0NRT","bright_ti5":"314.12","frp":"20.56","daynight":"D","commune":"Solaure en Diois","code_insee":"26001","departement":"Drôme","region":"Auvergne-Rhône-Alpes"}},{"type":"Feature","geometry":{"type":"Point","coordinates":[5.36057,44.70953]},"properties":{"latitude":"44.70953","longitude":"5.36057","bright_ti4":"341.25","scan":"0.4","track":"0.37","acq_date":"2026-07-06","acq_time":"1232","satellite":"N","instrument":"VIIRS","confidence":"n","version":"2.0NRT","bright_ti5":"309.19","frp":"50.88","daynight":"D","commune":"Solaure en Diois","code_insee":"26001","departement":"Drôme","region":"Auvergne-Rhône-Alpes"}},{"type":"Feature","geometry":{"type":"Point","coordinates":[5.34372,44.71364]},"properties":{"latitude":"44.71364","longitude":"5.34372","bright_ti4":"336.51","scan":"0.4","track":"0.37","acq_date":"2026-07-06","acq_time":"1232","satellite":"N","instrument":"VIIRS","confidence":"n","version":"2.0NRT","bright_ti5":"302.07","frp":"8.07","daynight":"D","commune":"Solaure en Diois","code_insee":"26001","departement":"Drôme","region":"Auvergne-Rhône-Alpes"}},{"type":"Feature","geometry":{"type":"Point","coordinates":[5.33744,44.71606]},"properties":{"latitude":"44.71606","longitude":"5.33744","bright_ti4":"345.08","scan":"0.4","track":"0.37","acq_date":"2026-07-06","acq_time":"1232","satellite":"N","instrument":"VIIRS","confidence":"n","version":"2.0NRT","bright_ti5":"303.99","frp":"4.13","daynight":"D","commune":"Barsac","code_insee":"26027","departement":"Drôme","region":"Auvergne-Rhône-Alpes"}},{"type":"Feature","geometry":{"type":"Point","coordinates":[5.33107,44.71847]},"properties":{"latitude":"44.71847","longitude":"5.33107","bright_ti4":"335.37","scan":"0.4","track":"0.37","acq_date":"2026-07-06","acq_time":"1232","satellite":"N","instrument":"VIIRS","confidence":"l","version":"2.0NRT","bright_ti5":"305.41","frp":"4.13","daynight":"D","commune":"Barsac","code_insee":"26027","departement":"Drôme","region":"Auvergne-Rhône-Alpes"}},{"type":"Feature","geometry":{"type":"Point","coordinates":[5.32472,44.72087]},"properties":{"latitude":"44.72087","longitude":"5.32472","bright_ti4":"345.49","scan":"0.4","track":"0.37","acq_date":"2026-07-06","acq_time":"1232","satellite":"N","instrument":"VIIRS","confidence":"n","version":"2.0NRT","bright_ti5":"307.53","frp":"4","daynight":"D","commune":"Barsac","code_insee":"26027","departement":"Drôme","region":"Auvergne-Rhône-Alpes"}},{"type":"Feature","geometry":{"type":"Point","coordinates":[5.34614,44.72107]},"properties":{"latitude":"44.72107","longitude":"5.34614","bright_ti4":"335.51","scan":"0.4","track":"0.37","acq_date":"2026-07-06","acq_time":"1232","satellite":"N","instrument":"VIIRS","confidence":"n","version":"2.0NRT","bright_ti5":"306.83","frp":"4.36","daynight":"D","commune":"Die","code_insee":"26113","departement":"Drôme","region":"Auvergne-Rhône-Alpes"}},{"type":"Feature","geometry":{"type":"Point","coordinates":[5.31846,44.7233]},"properties":{"latitude":"44.7233","longitude":"5.31846","bright_ti4":"334.1","scan":"0.4","track":"0.37","acq_date":"2026-07-06","acq_time":"1232","satellite":"N","instrument":"VIIRS","confidence":"l","version":"2.0NRT","bright_ti5":"306.13","frp":"4","daynight":"D","commune":"Barsac","code_insee":"26027","departement":"Drôme","region":"Auvergne-Rhône-Alpes"}},{"type":"Feature","geometry":{"type":"Point","coordinates":[5.34498,44.72438]},"properties":{"latitude":"44.72438","longitude":"5.34498","bright_ti4":"354.04","scan":"0.4","track":"0.37","acq_date":"2026-07-06","acq_time":"1232","satellite":"N","instrument":"VIIRS","confidence":"n","version":"2.0NRT","bright_ti5":"306.23","frp":"4.72","daynight":"D","commune":"Die","code_insee":"26113","departement":"Drôme","region":"Auvergne-Rhône-Alpes"}},{"type":"Feature","geometry":{"type":"Point","coordinates":[5.3438,44.72768]},"properties":{"latitude":"44.72768","longitude":"5.3438","bright_ti4":"332.52","scan":"0.4","track":"0.37","acq_date":"2026-07-06","acq_time":"1232","satellite":"N","instrument":"VIIRS","confidence":"l","version":"2.0NRT","bright_ti5":"306.27","frp":"4.72","daynight":"D","commune":"Die","code_insee":"26113","departement":"Drôme","region":"Auvergne-Rhône-Alpes"}},{"type":"Feature","geometry":{"type":"Point","coordinates":[5.32655,44.73172]},"properties":{"latitude":"44.73172","longitude":"5.32655","bright_ti4":"347.35","scan":"0.4","track":"0.37","acq_date":"2026-07-06","acq_time":"1232","satellite":"N","instrument":"VIIRS","confidence":"n","version":"2.0NRT","bright_ti5":"310.17","frp":"7.43","daynight":"D","commune":"Die","code_insee":"26113","departement":"Drôme","region":"Auvergne-Rhône-Alpes"}},{"type":"Feature","geometry":{"type":"Point","coordinates":[5.32534,44.73502]},"properties":{"latitude":"44.73502","longitude":"5.32534","bright_ti4":"349.19","scan":"0.4","track":"0.37","acq_date":"2026-07-06","acq_time":"1232","satellite":"N","instrument":"VIIRS","confidence":"n","version":"2.0NRT","bright_ti5":"310.06","frp":"16.37","daynight":"D","commune":"Die","code_insee":"26113","departement":"Drôme","region":"Auvergne-Rhône-Alpes"}},{"type":"Feature","geometry":{"type":"Point","coordinates":[3.78117,44.82018]},"properties":{"latitude":"44.82018","longitude":"3.78117","bright_ti4":"342.85","scan":"0.43","track":"0.38","acq_date":"2026-07-06","acq_time":"1232","satellite":"N","instrument":"VIIRS","confidence":"l","version":"2.0NRT","bright_ti5":"314.31","frp":"35.77","daynight":"D","commune":"Saint-Haon","code_insee":"43192","departement":"Haute-Loire","region":"Auvergne-Rhône-Alpes"}},{"type":"Feature","geometry":{"type":"Point","coordinates":[0.28035,46.39242]},"properties":{"latitude":"46.39242","longitude":"0.28035","bright_ti4":"343.98","scan":"0.53","track":"0.42","acq_date":"2026-07-06","acq_time":"1232","satellite":"N","instrument":"VIIRS","confidence":"n","version":"2.0NRT","bright_ti5":"317.49","frp":"6.63","daynight":"D","commune":"Vivonne","code_insee":"86293","departement":"Vienne","region":"Nouvelle-Aquitaine"}},{"type":"Feature","geometry":{"type":"Point","coordinates":[-0.8717,47.16225]},"properties":{"latitude":"47.16225","longitude":"-0.8717","bright_ti4":"342.27","scan":"0.56","track":"0.43","acq_date":"2026-07-06","acq_time":"1232","satellite":"N","instrument":"VIIRS","confidence":"n","version":"2.0NRT","bright_ti5":"310.87","frp":"7.47","daynight":"D","commune":"Beaupréau-en-Mauges","code_insee":"49023","departement":"Maine-et-Loire","region":"Pays de la Loire"}},{"type":"Feature","geometry":{"type":"Point","coordinates":[6.61733,47.49157]},"properties":{"latitude":"47.49157","longitude":"6.61733","bright_ti4":"341.32","scan":"0.38","track":"0.36","acq_date":"2026-07-06","acq_time":"1232","satellite":"N","instrument":"VIIRS","confidence":"n","version":"2.0NRT","bright_ti5":"303.93","frp":"6.49","daynight":"D","commune":"Faimbe","code_insee":"25232","departement":"Doubs","region":"Bourgogne-Franche-Comté"}},{"type":"Feature","geometry":{"type":"Point","coordinates":[6.85492,47.51331]},"properties":{"latitude":"47.51331","longitude":"6.85492","bright_ti4":"346.26","scan":"0.39","track":"0.36","acq_date":"2026-07-06","acq_time":"1232","satellite":"N","instrument":"VIIRS","confidence":"n","version":"2.0NRT","bright_ti5":"304.92","frp":"5.09","daynight":"D","commune":"Étupes","code_insee":"25228","departement":"Doubs","region":"Bourgogne-Franche-Comté"}},{"type":"Feature","geometry":{"type":"Point","coordinates":[-4.72409,48.52194]},"properties":{"latitude":"48.52194","longitude":"-4.72409","bright_ti4":"337.72","scan":"0.5","track":"0.49","acq_date":"2026-07-06","acq_time":"1232","satellite":"N","instrument":"VIIRS","confidence":"n","version":"2.0NRT","bright_ti5":"303.32","frp":"5.23","daynight":"D","commune":"Landunvez","code_insee":"29109","departement":"Finistère","region":"Bretagne"}},{"type":"Feature","geometry":{"type":"Point","coordinates":[-4.72662,48.5262]},"properties":{"latitude":"48.5262","longitude":"-4.72662","bright_ti4":"340.79","scan":"0.5","track":"0.49","acq_date":"2026-07-06","acq_time":"1232","satellite":"N","instrument":"VIIRS","confidence":"n","version":"2.0NRT","bright_ti5":"302.49","frp":"5.23","daynight":"D","commune":"Landunvez","code_insee":"29109","departement":"Finistère","region":"Bretagne"}},{"type":"Feature","geometry":{"type":"Point","coordinates":[2.29618,51.04296]},"properties":{"latitude":"51.04296","longitude":"2.29618","bright_ti4":"340.33","scan":"0.4","track":"0.37","acq_date":"2026-07-06","acq_time":"1232","satellite":"N","instrument":"VIIRS","confidence":"n","version":"2.0NRT","bright_ti5":"302.24","frp":"3.2","daynight":"D","commune":"Grande-Synthe","code_insee":"59271","departement":"Nord","region":"Hauts-de-France"}},{"type":"Feature","geometry":{"type":"Point","coordinates":[2.31849,51.04689]},"properties":{"latitude":"51.04689","longitude":"2.31849","bright_ti4":"340.1","scan":"0.4","track":"0.37","acq_date":"2026-07-06","acq_time":"1232","satellite":"N","instrument":"VIIRS","confidence":"n","version":"2.0NRT","bright_ti5":"296.15","frp":"3.55","daynight":"D","commune":"Dunkerque","code_insee":"59183","departement":"Nord","region":"Hauts-de-France"}},{"type":"Feature","geometry":{"type":"Point","coordinates":[-0.542,45.41367]},"properties":{"latitude":"45.41367","longitude":"-0.542","bright_ti4":"343.82","scan":"0.63","track":"0.72","acq_date":"2026-07-06","acq_time":"1412","satellite":"N","instrument":"VIIRS","confidence":"n","version":"2.0NRT","bright_ti5":"309.19","frp":"7.81","daynight":"D","commune":"Nieul-le-Virouil","code_insee":"17263","departement":"Charente-Maritime","region":"Nouvelle-Aquitaine"}},{"type":"Feature","geometry":{"type":"Point","coordinates":[-0.5423,45.41912]},"properties":{"latitude":"45.41912","longitude":"-0.5423","bright_ti4":"333.41","scan":"0.63","track":"0.72","acq_date":"2026-07-06","acq_time":"1412","satellite":"N","instrument":"VIIRS","confidence":"l","version":"2.0NRT","bright_ti5":"307.44","frp":"4.42","daynight":"D","commune":"Nieul-le-Virouil","code_insee":"17263","departement":"Charente-Maritime","region":"Nouvelle-Aquitaine"}},{"type":"Feature","geometry":{"type":"Point","coordinates":[1.43623,45.50099]},"properties":{"latitude":"45.50099","longitude":"1.43623","bright_ti4":"330.3","scan":"0.79","track":"0.78","acq_date":"2026-07-06","acq_time":"1412","satellite":"N","instrument":"VIIRS","confidence":"l","version":"2.0NRT","bright_ti5":"304.9","frp":"6.53","daynight":"D","commune":"Montgibaud","code_insee":"19144","departement":"Corrèze","region":"Nouvelle-Aquitaine"}},{"type":"Feature","geometry":{"type":"Point","coordinates":[-0.5311,46.07861]},"properties":{"latitude":"46.07861","longitude":"-0.5311","bright_ti4":"367","scan":"0.64","track":"0.72","acq_date":"2026-07-06","acq_time":"1412","satellite":"N","instrument":"VIIRS","confidence":"h","version":"2.0NRT","bright_ti5":"313.12","frp":"13.96","daynight":"D","commune":"Vergné","code_insee":"17464","departement":"Charente-Maritime","region":"Nouvelle-Aquitaine"}},{"type":"Feature","geometry":{"type":"Point","coordinates":[-1.25809,47.37392]},"properties":{"latitude":"47.37392","longitude":"-1.25809","bright_ti4":"367","scan":"0.6","track":"0.7","acq_date":"2026-07-06","acq_time":"1412","satellite":"N","instrument":"VIIRS","confidence":"h","version":"2.0NRT","bright_ti5":"310.58","frp":"15.25","daynight":"D","commune":"Couffé","code_insee":"44048","departement":"Loire-Atlantique","region":"Pays de la Loire"}},{"type":"Feature","geometry":{"type":"Point","coordinates":[-1.25905,47.37733]},"properties":{"latitude":"47.37733","longitude":"-1.25905","bright_ti4":"367","scan":"0.6","track":"0.7","acq_date":"2026-07-06","acq_time":"1412","satellite":"N","instrument":"VIIRS","confidence":"h","version":"2.0NRT","bright_ti5":"310.13","frp":"24.96","daynight":"D","commune":"Couffé","code_insee":"44048","departement":"Loire-Atlantique","region":"Pays de la Loire"}},{"type":"Feature","geometry":{"type":"Point","coordinates":[-1.25772,47.38054]},"properties":{"latitude":"47.38054","longitude":"-1.25772","bright_ti4":"343.15","scan":"0.6","track":"0.7","acq_date":"2026-07-06","acq_time":"1412","satellite":"N","instrument":"VIIRS","confidence":"n","version":"2.0NRT","bright_ti5":"306.73","frp":"15.25","daynight":"D","commune":"Couffé","code_insee":"44048","departement":"Loire-Atlantique","region":"Pays de la Loire"}},{"type":"Feature","geometry":{"type":"Point","coordinates":[-3.68465,48.50347]},"properties":{"latitude":"48.50347","longitude":"-3.68465","bright_ti4":"367","scan":"0.47","track":"0.64","acq_date":"2026-07-06","acq_time":"1414","satellite":"N","instrument":"VIIRS","confidence":"h","version":"2.0NRT","bright_ti5":"303.51","frp":"18.73","daynight":"D","commune":"Lannéanou","code_insee":"29114","departement":"Finistère","region":"Bretagne"}},{"type":"Feature","geometry":{"type":"Point","coordinates":[-3.68964,48.50541]},"properties":{"latitude":"48.50541","longitude":"-3.68964","bright_ti4":"355.29","scan":"0.47","track":"0.64","acq_date":"2026-07-06","acq_time":"1414","satellite":"N","instrument":"VIIRS","confidence":"n","version":"2.0NRT","bright_ti5":"302.05","frp":"12.87","daynight":"D","commune":"Plougonven","code_insee":"29191","departement":"Finistère","region":"Bretagne"}},{"type":"Feature","geometry":{"type":"Point","coordinates":[-3.68306,48.50551]},"properties":{"latitude":"48.50551","longitude":"-3.68306","bright_ti4":"367","scan":"0.47","track":"0.64","acq_date":"2026-07-06","acq_time":"1414","satellite":"N","instrument":"VIIRS","confidence":"h","version":"2.0NRT","bright_ti5":"300.42","frp":"16.08","daynight":"D","commune":"Lannéanou","code_insee":"29114","departement":"Finistère","region":"Bretagne"}},{"type":"Feature","geometry":{"type":"Point","coordinates":[5.82363,45.91296]},"properties":{"latitude":"45.91296","longitude":"5.82363","bright_ti4":"307.92","scan":"0.46","track":"0.39","acq_date":"2026-07-06","acq_time":"124","satellite":"N20","instrument":"VIIRS","confidence":"n","version":"2.0NRT","bright_ti5":"293.06","frp":"1.2","daynight":"N","commune":"Anglefort","code_insee":"01010","departement":"Ain","region":"Auvergne-Rhône-Alpes"}},{"type":"Feature","geometry":{"type":"Point","coordinates":[0.2759,46.39102]},"properties":{"latitude":"46.39102","longitude":"0.2759","bright_ti4":"332.39","scan":"0.53","track":"0.5","acq_date":"2026-07-06","acq_time":"124","satellite":"N20","instrument":"VIIRS","confidence":"n","version":"2.0NRT","bright_ti5":"289.52","frp":"3.02","daynight":"N","commune":"Vivonne","code_insee":"86293","departement":"Vienne","region":"Nouvelle-Aquitaine"}},{"type":"Feature","geometry":{"type":"Point","coordinates":[0.27656,46.39567]},"properties":{"latitude":"46.39567","longitude":"0.27656","bright_ti4":"306.06","scan":"0.53","track":"0.5","acq_date":"2026-07-06","acq_time":"124","satellite":"N20","instrument":"VIIRS","confidence":"n","version":"2.0NRT","bright_ti5":"288.69","frp":"0.77","daynight":"N","commune":"Vivonne","code_insee":"86293","departement":"Vienne","region":"Nouvelle-Aquitaine"}},{"type":"Feature","geometry":{"type":"Point","coordinates":[-0.37511,46.70592]},"properties":{"latitude":"46.70592","longitude":"-0.37511","bright_ti4":"314.75","scan":"0.58","track":"0.52","acq_date":"2026-07-06","acq_time":"124","satellite":"N20","instrument":"VIIRS","confidence":"n","version":"2.0NRT","bright_ti5":"290.3","frp":"2.63","daynight":"N","commune":"Clessé","code_insee":"79094","departement":"Deux-Sèvres","region":"Nouvelle-Aquitaine"}},{"type":"Feature","geometry":{"type":"Point","coordinates":[-0.38273,46.70636]},"properties":{"latitude":"46.70636","longitude":"-0.38273","bright_ti4":"308.17","scan":"0.58","track":"0.52","acq_date":"2026-07-06","acq_time":"124","satellite":"N20","instrument":"VIIRS","confidence":"n","version":"2.0NRT","bright_ti5":"288.69","frp":"2.19","daynight":"N","commune":"Clessé","code_insee":"79094","departement":"Deux-Sèvres","region":"Nouvelle-Aquitaine"}},{"type":"Feature","geometry":{"type":"Point","coordinates":[-0.37904,46.70734]},"properties":{"latitude":"46.70734","longitude":"-0.37904","bright_ti4":"326.75","scan":"0.58","track":"0.52","acq_date":"2026-07-06","acq_time":"124","satellite":"N20","instrument":"VIIRS","confidence":"n","version":"2.0NRT","bright_ti5":"290.37","frp":"4.52","daynight":"N","commune":"Clessé","code_insee":"79094","departement":"Deux-Sèvres","region":"Nouvelle-Aquitaine"}},{"type":"Feature","geometry":{"type":"Point","coordinates":[1.29571,47.44884]},"properties":{"latitude":"47.44884","longitude":"1.29571","bright_ti4":"299.79","scan":"0.49","track":"0.48","acq_date":"2026-07-06","acq_time":"124","satellite":"N20","instrument":"VIIRS","confidence":"n","version":"2.0NRT","bright_ti5":"288.37","frp":"1","daynight":"N","commune":"Monthou-sur-Bièvre","code_insee":"41145","departement":"Loir-et-Cher","region":"Centre-Val de Loire"}},{"type":"Feature","geometry":{"type":"Point","coordinates":[1.29572,47.45092]},"properties":{"latitude":"47.45092","longitude":"1.29572","bright_ti4":"300.62","scan":"0.49","track":"0.49","acq_date":"2026-07-06","acq_time":"124","satellite":"N20","instrument":"VIIRS","confidence":"n","version":"2.0NRT","bright_ti5":"289.26","frp":"0.76","daynight":"N","commune":"Monthou-sur-Bièvre","code_insee":"41145","departement":"Loir-et-Cher","region":"Centre-Val de Loire"}},{"type":"Feature","geometry":{"type":"Point","coordinates":[0.31505,47.52026]},"properties":{"latitude":"47.52026","longitude":"0.31505","bright_ti4":"298.51","scan":"0.54","track":"0.51","acq_date":"2026-07-06","acq_time":"124","satellite":"N20","instrument":"VIIRS","confidence":"n","version":"2.0NRT","bright_ti5":"287.01","frp":"0.45","daynight":"N","commune":"Château-la-Vallière","code_insee":"37062","departement":"Indre-et-Loire","region":"Centre-Val de Loire"}},{"type":"Feature","geometry":{"type":"Point","coordinates":[0.3167,47.52333]},"properties":{"latitude":"47.52333","longitude":"0.3167","bright_ti4":"300.06","scan":"0.54","track":"0.51","acq_date":"2026-07-06","acq_time":"124","satellite":"N20","instrument":"VIIRS","confidence":"n","version":"2.0NRT","bright_ti5":"287.03","frp":"0.51","daynight":"N","commune":"Château-la-Vallière","code_insee":"37062","departement":"Indre-et-Loire","region":"Centre-Val de Loire"}},{"type":"Feature","geometry":{"type":"Point","coordinates":[7.23684,47.63028]},"properties":{"latitude":"47.63028","longitude":"7.23684","bright_ti4":"295.8","scan":"0.43","track":"0.38","acq_date":"2026-07-06","acq_time":"124","satellite":"N20","instrument":"VIIRS","confidence":"n","version":"2.0NRT","bright_ti5":"280.66","frp":"0.47","daynight":"N","commune":"Altkirch","code_insee":"68004","departement":"Haut-Rhin","region":"Grand Est"}},{"type":"Feature","geometry":{"type":"Point","coordinates":[6.11984,48.61015]},"properties":{"latitude":"48.61015","longitude":"6.11984","bright_ti4":"319.88","scan":"0.48","track":"0.4","acq_date":"2026-07-06","acq_time":"124","satellite":"N20","instrument":"VIIRS","confidence":"n","version":"2.0NRT","bright_ti5":"288.25","frp":"1.56","daynight":"N","commune":"Neuves-Maisons","code_insee":"54397","departement":"Meurthe-et-Moselle","region":"Grand Est"}},{"type":"Feature","geometry":{"type":"Point","coordinates":[6.11331,48.61087]},"properties":{"latitude":"48.61087","longitude":"6.11331","bright_ti4":"305.47","scan":"0.48","track":"0.4","acq_date":"2026-07-06","acq_time":"124","satellite":"N20","instrument":"VIIRS","confidence":"n","version":"2.0NRT","bright_ti5":"287.87","frp":"2.04","daynight":"N","commune":"Neuves-Maisons","code_insee":"54397","departement":"Meurthe-et-Moselle","region":"Grand Est"}},{"type":"Feature","geometry":{"type":"Point","coordinates":[6.1195,48.61121]},"properties":{"latitude":"48.61121","longitude":"6.1195","bright_ti4":"314.97","scan":"0.48","track":"0.4","acq_date":"2026-07-06","acq_time":"124","satellite":"N20","instrument":"VIIRS","confidence":"n","version":"2.0NRT","bright_ti5":"287.16","frp":"1.79","daynight":"N","commune":"Neuves-Maisons","code_insee":"54397","departement":"Meurthe-et-Moselle","region":"Grand Est"}},{"type":"Feature","geometry":{"type":"Point","coordinates":[6.11299,48.61195]},"properties":{"latitude":"48.61195","longitude":"6.11299","bright_ti4":"304.6","scan":"0.48","track":"0.4","acq_date":"2026-07-06","acq_time":"124","satellite":"N20","instrument":"VIIRS","confidence":"n","version":"2.0NRT","bright_ti5":"288.12","frp":"1.79","daynight":"N","commune":"Neuves-Maisons","code_insee":"54397","departement":"Meurthe-et-Moselle","region":"Grand Est"}},{"type":"Feature","geometry":{"type":"Point","coordinates":[4.9992,48.88105]},"properties":{"latitude":"48.88105","longitude":"4.9992","bright_ti4":"300.46","scan":"0.53","track":"0.42","acq_date":"2026-07-06","acq_time":"124","satellite":"N20","instrument":"VIIRS","confidence":"n","version":"2.0NRT","bright_ti5":"279.67","frp":"0.77","daynight":"N","commune":"Noyers-Auzécourt","code_insee":"55388","departement":"Meuse","region":"Grand Est"}},{"type":"Feature","geometry":{"type":"Point","coordinates":[2.90536,48.94714]},"properties":{"latitude":"48.94714","longitude":"2.90536","bright_ti4":"297.01","scan":"0.43","track":"0.46","acq_date":"2026-07-06","acq_time":"124","satellite":"N20","instrument":"VIIRS","confidence":"n","version":"2.0NRT","bright_ti5":"285.75","frp":"0.57","daynight":"N","commune":"Meaux","code_insee":"77284","departement":"Seine-et-Marne","region":"Île-de-France"}},{"type":"Feature","geometry":{"type":"Point","coordinates":[3.49345,50.33649]},"properties":{"latitude":"50.33649","longitude":"3.49345","bright_ti4":"296.6","scan":"0.42","track":"0.45","acq_date":"2026-07-06","acq_time":"124","satellite":"N20","instrument":"VIIRS","confidence":"n","version":"2.0NRT","bright_ti5":"285.92","frp":"0.55","daynight":"N","commune":"Trith-Saint-Léger","code_insee":"59603","departement":"Nord","region":"Hauts-de-France"}},{"type":"Feature","geometry":{"type":"Point","coordinates":[2.54143,42.63174]},"properties":{"latitude":"42.63174","longitude":"2.54143","bright_ti4":"316.82","scan":"0.57","track":"0.43","acq_date":"2026-07-06","acq_time":"126","satellite":"N20","instrument":"VIIRS","confidence":"n","version":"2.0NRT","bright_ti5":"294.65","frp":"5.09","daynight":"N","commune":"Rigarda","code_insee":"66162","departement":"Pyrénées-Orientales","region":"Occitanie"}},{"type":"Feature","geometry":{"type":"Point","coordinates":[2.54121,42.6337]},"properties":{"latitude":"42.6337","longitude":"2.54121","bright_ti4":"320.77","scan":"0.57","track":"0.43","acq_date":"2026-07-06","acq_time":"126","satellite":"N20","instrument":"VIIRS","confidence":"n","version":"2.0NRT","bright_ti5":"295.45","frp":"4.14","daynight":"N","commune":"Rigarda","code_insee":"66162","departement":"Pyrénées-Orientales","region":"Occitanie"}},{"type":"Feature","geometry":{"type":"Point","coordinates":[2.54207,42.63572]},"properties":{"latitude":"42.63572","longitude":"2.54207","bright_ti4":"334.96","scan":"0.57","track":"0.43","acq_date":"2026-07-06","acq_time":"126","satellite":"N20","instrument":"VIIRS","confidence":"n","version":"2.0NRT","bright_ti5":"298.76","frp":"5.09","daynight":"N","commune":"Rigarda","code_insee":"66162","departement":"Pyrénées-Orientales","region":"Occitanie"}},{"type":"Feature","geometry":{"type":"Point","coordinates":[2.53513,42.63643]},"properties":{"latitude":"42.63643","longitude":"2.53513","bright_ti4":"318.4","scan":"0.57","track":"0.43","acq_date":"2026-07-06","acq_time":"126","satellite":"N20","instrument":"VIIRS","confidence":"n","version":"2.0NRT","bright_ti5":"291.6","frp":"3.39","daynight":"N","commune":"Rigarda","code_insee":"66162","departement":"Pyrénées-Orientales","region":"Occitanie"}},{"type":"Feature","geometry":{"type":"Point","coordinates":[2.54187,42.63768]},"properties":{"latitude":"42.63768","longitude":"2.54187","bright_ti4":"343.48","scan":"0.57","track":"0.43","acq_date":"2026-07-06","acq_time":"126","satellite":"N20","instrument":"VIIRS","confidence":"n","version":"2.0NRT","bright_ti5":"297.14","frp":"4.14","daynight":"N","commune":"Rigarda","code_insee":"66162","departement":"Pyrénées-Orientales","region":"Occitanie"}},{"type":"Feature","geometry":{"type":"Point","coordinates":[2.57763,42.63824]},"properties":{"latitude":"42.63824","longitude":"2.57763","bright_ti4":"307.08","scan":"0.57","track":"0.43","acq_date":"2026-07-06","acq_time":"126","satellite":"N20","instrument":"VIIRS","confidence":"n","version":"2.0NRT","bright_ti5":"294.68","frp":"1.81","daynight":"N","commune":"Bouleternère","code_insee":"66023","departement":"Pyrénées-Orientales","region":"Occitanie"}},{"type":"Feature","geometry":{"type":"Point","coordinates":[2.53491,42.63835]},"properties":{"latitude":"42.63835","longitude":"2.53491","bright_ti4":"311.9","scan":"0.57","track":"0.43","acq_date":"2026-07-06","acq_time":"126","satellite":"N20","instrument":"VIIRS","confidence":"n","version":"2.0NRT","bright_ti5":"291.71","frp":"4.14","daynight":"N","commune":"Vinça","code_insee":"66230","departement":"Pyrénées-Orientales","region":"Occitanie"}},{"type":"Feature","geometry":{"type":"Point","coordinates":[2.58503,42.63939]},"properties":{"latitude":"42.63939","longitude":"2.58503","bright_ti4":"307.22","scan":"0.57","track":"0.43","acq_date":"2026-07-06","acq_time":"126","satellite":"N20","instrument":"VIIRS","confidence":"n","version":"2.0NRT","bright_ti5":"296.25","frp":"2.2","daynight":"N","commune":"Bouleternère","code_insee":"66023","departement":"Pyrénées-Orientales","region":"Occitanie"}},{"type":"Feature","geometry":{"type":"Point","coordinates":[2.54272,42.6397]},"properties":{"latitude":"42.6397","longitude":"2.54272","bright_ti4":"322.09","scan":"0.57","track":"0.43","acq_date":"2026-07-06","acq_time":"126","satellite":"N20","instrument":"VIIRS","confidence":"n","version":"2.0NRT","bright_ti5":"294.49","frp":"4.24","daynight":"N","commune":"Rigarda","code_insee":"66162","departement":"Pyrénées-Orientales","region":"Occitanie"}},{"type":"Feature","geometry":{"type":"Point","coordinates":[2.57828,42.64009]},"properties":{"latitude":"42.64009","longitude":"2.57828","bright_ti4":"307.02","scan":"0.57","track":"0.43","acq_date":"2026-07-06","acq_time":"126","satellite":"N20","instrument":"VIIRS","confidence":"n","version":"2.0NRT","bright_ti5":"294.47","frp":"1.42","daynight":"N","commune":"Bouleternère","code_insee":"66023","departement":"Pyrénées-Orientales","region":"Occitanie"}},{"type":"Feature","geometry":{"type":"Point","coordinates":[2.57134,42.6408]},"properties":{"latitude":"42.6408","longitude":"2.57134","bright_ti4":"309.31","scan":"0.57","track":"0.43","acq_date":"2026-07-06","acq_time":"126","satellite":"N20","instrument":"VIIRS","confidence":"n","version":"2.0NRT","bright_ti5":"294.47","frp":"1.42","daynight":"N","commune":"Bouleternère","code_insee":"66023","departement":"Pyrénées-Orientales","region":"Occitanie"}},{"type":"Feature","geometry":{"type":"Point","coordinates":[2.58479,42.64157]},"properties":{"latitude":"42.64157","longitude":"2.58479","bright_ti4":"309.04","scan":"0.57","track":"0.43","acq_date":"2026-07-06","acq_time":"126","satellite":"N20","instrument":"VIIRS","confidence":"n","version":"2.0NRT","bright_ti5":"295.58","frp":"1.81","daynight":"N","commune":"Bouleternère","code_insee":"66023","departement":"Pyrénées-Orientales","region":"Occitanie"}},{"type":"Feature","geometry":{"type":"Point","coordinates":[2.59268,42.64264]},"properties":{"latitude":"42.64264","longitude":"2.59268","bright_ti4":"316.05","scan":"0.57","track":"0.43","acq_date":"2026-07-06","acq_time":"126","satellite":"N20","instrument":"VIIRS","confidence":"n","version":"2.0NRT","bright_ti5":"296.07","frp":"3.04","daynight":"N","commune":"Bouleternère","code_insee":"66023","departement":"Pyrénées-Orientales","region":"Occitanie"}},{"type":"Feature","geometry":{"type":"Point","coordinates":[2.57115,42.64291]},"properties":{"latitude":"42.64291","longitude":"2.57115","bright_ti4":"307.38","scan":"0.57","track":"0.43","acq_date":"2026-07-06","acq_time":"126","satellite":"N20","instrument":"VIIRS","confidence":"n","version":"2.0NRT","bright_ti5":"293.87","frp":"2.81","daynight":"N","commune":"Rodès","code_insee":"66165","departement":"Pyrénées-Orientales","region":"Occitanie"}},{"type":"Feature","geometry":{"type":"Point","coordinates":[2.58551,42.64338]},"properties":{"latitude":"42.64338","longitude":"2.58551","bright_ti4":"305.08","scan":"0.57","track":"0.43","acq_date":"2026-07-06","acq_time":"126","satellite":"N20","instrument":"VIIRS","confidence":"n","version":"2.0NRT","bright_ti5":"294.53","frp":"3.04","daynight":"N","commune":"Bouleternère","code_insee":"66023","departement":"Pyrénées-Orientales","region":"Occitanie"}},{"type":"Feature","geometry":{"type":"Point","coordinates":[2.54341,42.64368]},"properties":{"latitude":"42.64368","longitude":"2.54341","bright_ti4":"329.67","scan":"0.57","track":"0.43","acq_date":"2026-07-06","acq_time":"126","satellite":"N20","instrument":"VIIRS","confidence":"n","version":"2.0NRT","bright_ti5":"295.37","frp":"4.24","daynight":"N","commune":"Vinça","code_insee":"66230","departement":"Pyrénées-Orientales","region":"Occitanie"}},{"type":"Feature","geometry":{"type":"Point","coordinates":[2.59242,42.64486]},"properties":{"latitude":"42.64486","longitude":"2.59242","bright_ti4":"327.58","scan":"0.57","track":"0.43","acq_date":"2026-07-06","acq_time":"126","satellite":"N20","instrument":"VIIRS","confidence":"n","version":"2.0NRT","bright_ti5":"297.3","frp":"3.88","daynight":"N","commune":"Bouleternère","code_insee":"66023","departement":"Pyrénées-Orientales","region":"Occitanie"}},{"type":"Feature","geometry":{"type":"Point","coordinates":[2.58531,42.64556]},"properties":{"latitude":"42.64556","longitude":"2.58531","bright_ti4":"311.68","scan":"0.57","track":"0.43","acq_date":"2026-07-06","acq_time":"126","satellite":"N20","instrument":"VIIRS","confidence":"n","version":"2.0NRT","bright_ti5":"295.12","frp":"2.08","daynight":"N","commune":"Bouleternère","code_insee":"66023","departement":"Pyrénées-Orientales","region":"Occitanie"}},{"type":"Feature","geometry":{"type":"Point","coordinates":[2.54323,42.64563]},"properties":{"latitude":"42.64563","longitude":"2.54323","bright_ti4":"330.93","scan":"0.57","track":"0.43","acq_date":"2026-07-06","acq_time":"126","satellite":"N20","instrument":"VIIRS","confidence":"n","version":"2.0NRT","bright_ti5":"296.79","frp":"8.23","daynight":"N","commune":"Vinça","code_insee":"66230","departement":"Pyrénées-Orientales","region":"Occitanie"}},{"type":"Feature","geometry":{"type":"Point","coordinates":[2.60038,42.64588]},"properties":{"latitude":"42.64588","longitude":"2.60038","bright_ti4":"316.36","scan":"0.57","track":"0.43","acq_date":"2026-07-06","acq_time":"126","satellite":"N20","instrument":"VIIRS","confidence":"n","version":"2.0NRT","bright_ti5":"296.19","frp":"3.28","daynight":"N","commune":"Bouleternère","code_insee":"66023","departement":"Pyrénées-Orientales","region":"Occitanie"}},{"type":"Feature","geometry":{"type":"Point","coordinates":[2.593,42.64665]},"properties":{"latitude":"42.64665","longitude":"2.593","bright_ti4":"343.33","scan":"0.57","track":"0.43","acq_date":"2026-07-06","acq_time":"126","satellite":"N20","instrument":"VIIRS","confidence":"n","version":"2.0NRT","bright_ti5":"298.36","frp":"3.04","daynight":"N","commune":"Bouleternère","code_insee":"66023","departement":"Pyrénées-Orientales","region":"Occitanie"}},{"type":"Feature","geometry":{"type":"Point","coordinates":[2.58607,42.64737]},"properties":{"latitude":"42.64737","longitude":"2.58607","bright_ti4":"313.33","scan":"0.57","track":"0.43","acq_date":"2026-07-06","acq_time":"126","satellite":"N20","instrument":"VIIRS","confidence":"n","version":"2.0NRT","bright_ti5":"295.75","frp":"3.04","daynight":"N","commune":"Bouleternère","code_insee":"66023","departement":"Pyrénées-Orientales","region":"Occitanie"}},{"type":"Feature","geometry":{"type":"Point","coordinates":[2.56458,42.64759]},"properties":{"latitude":"42.64759","longitude":"2.56458","bright_ti4":"305.92","scan":"0.57","track":"0.43","acq_date":"2026-07-06","acq_time":"126","satellite":"N20","instrument":"VIIRS","confidence":"n","version":"2.0NRT","bright_ti5":"294.64","frp":"1.69","daynight":"N","commune":"Rodès","code_insee":"66165","departement":"Pyrénées-Orientales","region":"Occitanie"}},{"type":"Feature","geometry":{"type":"Point","coordinates":[2.54409,42.64765]},"properties":{"latitude":"42.64765","longitude":"2.54409","bright_ti4":"329.98","scan":"0.57","track":"0.43","acq_date":"2026-07-06","acq_time":"126","satellite":"N20","instrument":"VIIRS","confidence":"n","version":"2.0NRT","bright_ti5":"296.02","frp":"6.84","daynight":"N","commune":"Vinça","code_insee":"66230","departement":"Pyrénées-Orientales","region":"Occitanie"}},{"type":"Feature","geometry":{"type":"Point","coordinates":[2.60002,42.64815]},"properties":{"latitude":"42.64815","longitude":"2.60002","bright_ti4":"317.28","scan":"0.57","track":"0.43","acq_date":"2026-07-06","acq_time":"126","satellite":"N20","instrument":"VIIRS","confidence":"n","version":"2.0NRT","bright_ti5":"296.58","frp":"3.88","daynight":"N","commune":"Bouleternère","code_insee":"66023","departement":"Pyrénées-Orientales","region":"Occitanie"}},{"type":"Feature","geometry":{"type":"Point","coordinates":[2.55752,42.64827]},"properties":{"latitude":"42.64827","longitude":"2.55752","bright_ti4":"309.05","scan":"0.57","track":"0.43","acq_date":"2026-07-06","acq_time":"126","satellite":"N20","instrument":"VIIRS","confidence":"n","version":"2.0NRT","bright_ti5":"294.6","frp":"2.76","daynight":"N","commune":"Rodès","code_insee":"66165","departement":"Pyrénées-Orientales","region":"Occitanie"}},{"type":"Feature","geometry":{"type":"Point","coordinates":[2.59285,42.64885]},"properties":{"latitude":"42.64885","longitude":"2.59285","bright_ti4":"335.26","scan":"0.57","track":"0.43","acq_date":"2026-07-06","acq_time":"126","satellite":"N20","instrument":"VIIRS","confidence":"n","version":"2.0NRT","bright_ti5":"296.91","frp":"3.88","daynight":"N","commune":"Bouleternère","code_insee":"66023","departement":"Pyrénées-Orientales","region":"Occitanie"}},{"type":"Feature","geometry":{"type":"Point","coordinates":[2.56539,42.6495]},"properties":{"latitude":"42.6495","longitude":"2.56539","bright_ti4":"305.42","scan":"0.57","track":"0.43","acq_date":"2026-07-06","acq_time":"126","satellite":"N20","instrument":"VIIRS","confidence":"n","version":"2.0NRT","bright_ti5":"294.49","frp":"2.01","daynight":"N","commune":"Rodès","code_insee":"66165","departement":"Pyrénées-Orientales","region":"Occitanie"}},{"type":"Feature","geometry":{"type":"Point","coordinates":[2.58579,42.64954]},"properties":{"latitude":"42.64954","longitude":"2.58579","bright_ti4":"307.46","scan":"0.57","track":"0.43","acq_date":"2026-07-06","acq_time":"126","satellite":"N20","instrument":"VIIRS","confidence":"n","version":"2.0NRT","bright_ti5":"295.52","frp":"2.08","daynight":"N","commune":"Bouleternère","code_insee":"66023","departement":"Pyrénées-Orientales","region":"Occitanie"}},{"type":"Feature","geometry":{"type":"Point","coordinates":[2.54388,42.64961]},"properties":{"latitude":"42.64961","longitude":"2.54388","bright_ti4":"320.7","scan":"0.57","track":"0.43","acq_date":"2026-07-06","acq_time":"126","satellite":"N20","instrument":"VIIRS","confidence":"n","version":"2.0NRT","bright_ti5":"294.78","frp":"2.74","daynight":"N","commune":"Vinça","code_insee":"66230","departement":"Pyrénées-Orientales","region":"Occitanie"}},{"type":"Feature","geometry":{"type":"Point","coordinates":[2.55831,42.65023]},"properties":{"latitude":"42.65023","longitude":"2.55831","bright_ti4":"310.96","scan":"0.57","track":"0.43","acq_date":"2026-07-06","acq_time":"126","satellite":"N20","instrument":"VIIRS","confidence":"n","version":"2.0NRT","bright_ti5":"294.92","frp":"2.01","daynight":"N","commune":"Rodès","code_insee":"66165","departement":"Pyrénées-Orientales","region":"Occitanie"}},{"type":"Feature","geometry":{"type":"Point","coordinates":[2.56522,42.65157]},"properties":{"latitude":"42.65157","longitude":"2.56522","bright_ti4":"305.48","scan":"0.57","track":"0.43","acq_date":"2026-07-06","acq_time":"126","satellite":"N20","instrument":"VIIRS","confidence":"n","version":"2.0NRT","bright_ti5":"294.48","frp":"1.69","daynight":"N","commune":"Rodès","code_insee":"66165","departement":"Pyrénées-Orientales","region":"Occitanie"}},{"type":"Feature","geometry":{"type":"Point","coordinates":[2.56606,42.65553]},"properties":{"latitude":"42.65553","longitude":"2.56606","bright_ti4":"334.95","scan":"0.57","track":"0.43","acq_date":"2026-07-06","acq_time":"126","satellite":"N20","instrument":"VIIRS","confidence":"n","version":"2.0NRT","bright_ti5":"295.08","frp":"4.06","daynight":"N","commune":"Rodès","code_insee":"66165","departement":"Pyrénées-Orientales","region":"Occitanie"}},{"type":"Feature","geometry":{"type":"Point","coordinates":[2.567,42.65947]},"properties":{"latitude":"42.65947","longitude":"2.567","bright_ti4":"306.06","scan":"0.57","track":"0.43","acq_date":"2026-07-06","acq_time":"126","satellite":"N20","instrument":"VIIRS","confidence":"n","version":"2.0NRT","bright_ti5":"294.86","frp":"4.06","daynight":"N","commune":"Bouleternère","code_insee":"66023","departement":"Pyrénées-Orientales","region":"Occitanie"}},{"type":"Feature","geometry":{"type":"Point","coordinates":[2.58789,42.66145]},"properties":{"latitude":"42.66145","longitude":"2.58789","bright_ti4":"313.06","scan":"0.57","track":"0.43","acq_date":"2026-07-06","acq_time":"126","satellite":"N20","instrument":"VIIRS","confidence":"n","version":"2.0NRT","bright_ti5":"295.96","frp":"2.74","daynight":"N","commune":"Ille-sur-Têt","code_insee":"66088","departement":"Pyrénées-Orientales","region":"Occitanie"}},{"type":"Feature","geometry":{"type":"Point","coordinates":[2.5209,42.66806]},"properties":{"latitude":"42.66806","longitude":"2.5209","bright_ti4":"318.26","scan":"0.57","track":"0.43","acq_date":"2026-07-06","acq_time":"126","satellite":"N20","instrument":"VIIRS","confidence":"n","version":"2.0NRT","bright_ti5":"294.73","frp":"2.28","daynight":"N","commune":"Arboussols","code_insee":"66007","departement":"Pyrénées-Orientales","region":"Occitanie"}},{"type":"Feature","geometry":{"type":"Point","coordinates":[2.52163,42.67204]},"properties":{"latitude":"42.67204","longitude":"2.52163","bright_ti4":"319.03","scan":"0.57","track":"0.43","acq_date":"2026-07-06","acq_time":"126","satellite":"N20","instrument":"VIIRS","confidence":"n","version":"2.0NRT","bright_ti5":"296.14","frp":"2.28","daynight":"N","commune":"Tarerach","code_insee":"66201","departement":"Pyrénées-Orientales","region":"Occitanie"}},{"type":"Feature","geometry":{"type":"Point","coordinates":[2.61911,42.67852]},"properties":{"latitude":"42.67852","longitude":"2.61911","bright_ti4":"313.23","scan":"0.57","track":"0.43","acq_date":"2026-07-06","acq_time":"126","satellite":"N20","instrument":"VIIRS","confidence":"n","version":"2.0NRT","bright_ti5":"295.89","frp":"3.41","daynight":"N","commune":"Ille-sur-Têt","code_insee":"66088","departement":"Pyrénées-Orientales","region":"Occitanie"}},{"type":"Feature","geometry":{"type":"Point","coordinates":[2.62002,42.68246]},"properties":{"latitude":"42.68246","longitude":"2.62002","bright_ti4":"319.61","scan":"0.57","track":"0.43","acq_date":"2026-07-06","acq_time":"126","satellite":"N20","instrument":"VIIRS","confidence":"n","version":"2.0NRT","bright_ti5":"297.31","frp":"5.89","daynight":"N","commune":"Ille-sur-Têt","code_insee":"66088","departement":"Pyrénées-Orientales","region":"Occitanie"}},{"type":"Feature","geometry":{"type":"Point","coordinates":[2.61335,42.68313]},"properties":{"latitude":"42.68313","longitude":"2.61335","bright_ti4":"309.18","scan":"0.57","track":"0.43","acq_date":"2026-07-06","acq_time":"126","satellite":"N20","instrument":"VIIRS","confidence":"n","version":"2.0NRT","bright_ti5":"296.02","frp":"5.89","daynight":"N","commune":"Ille-sur-Têt","code_insee":"66088","departement":"Pyrénées-Orientales","region":"Occitanie"}},{"type":"Feature","geometry":{"type":"Point","coordinates":[2.58697,42.68578]},"properties":{"latitude":"42.68578","longitude":"2.58697","bright_ti4":"309.64","scan":"0.57","track":"0.43","acq_date":"2026-07-06","acq_time":"126","satellite":"N20","instrument":"VIIRS","confidence":"n","version":"2.0NRT","bright_ti5":"294.92","frp":"2.99","daynight":"N","commune":"Ille-sur-Têt","code_insee":"66088","departement":"Pyrénées-Orientales","region":"Occitanie"}},{"type":"Feature","geometry":{"type":"Point","coordinates":[2.62082,42.68641]},"properties":{"latitude":"42.68641","longitude":"2.62082","bright_ti4":"345.81","scan":"0.57","track":"0.43","acq_date":"2026-07-06","acq_time":"126","satellite":"N20","instrument":"VIIRS","confidence":"n","version":"2.0NRT","bright_ti5":"302.39","frp":"5.89","daynight":"N","commune":"Ille-sur-Têt","code_insee":"66088","departement":"Pyrénées-Orientales","region":"Occitanie"}},{"type":"Feature","geometry":{"type":"Point","coordinates":[2.61432,42.68707]},"properties":{"latitude":"42.68707","longitude":"2.61432","bright_ti4":"341.37","scan":"0.57","track":"0.43","acq_date":"2026-07-06","acq_time":"126","satellite":"N20","instrument":"VIIRS","confidence":"n","version":"2.0NRT","bright_ti5":"300.69","frp":"5.89","daynight":"N","commune":"Ille-sur-Têt","code_insee":"66088","departement":"Pyrénées-Orientales","region":"Occitanie"}},{"type":"Feature","geometry":{"type":"Point","coordinates":[2.60773,42.68773]},"properties":{"latitude":"42.68773","longitude":"2.60773","bright_ti4":"332.97","scan":"0.57","track":"0.43","acq_date":"2026-07-06","acq_time":"126","satellite":"N20","instrument":"VIIRS","confidence":"n","version":"2.0NRT","bright_ti5":"299.68","frp":"10.37","daynight":"N","commune":"Ille-sur-Têt","code_insee":"66088","departement":"Pyrénées-Orientales","region":"Occitanie"}},{"type":"Feature","geometry":{"type":"Point","coordinates":[2.60119,42.68839]},"properties":{"latitude":"42.68839","longitude":"2.60119","bright_ti4":"336.23","scan":"0.57","track":"0.43","acq_date":"2026-07-06","acq_time":"126","satellite":"N20","instrument":"VIIRS","confidence":"n","version":"2.0NRT","bright_ti5":"299.88","frp":"10.37","daynight":"N","commune":"Ille-sur-Têt","code_insee":"66088","departement":"Pyrénées-Orientales","region":"Occitanie"}},{"type":"Feature","geometry":{"type":"Point","coordinates":[2.59456,42.68906]},"properties":{"latitude":"42.68906","longitude":"2.59456","bright_ti4":"309.75","scan":"0.57","track":"0.43","acq_date":"2026-07-06","acq_time":"126","satellite":"N20","instrument":"VIIRS","confidence":"n","version":"2.0NRT","bright_ti5":"295.67","frp":"2.99","daynight":"N","commune":"Ille-sur-Têt","code_insee":"66088","departement":"Pyrénées-Orientales","region":"Occitanie"}},{"type":"Feature","geometry":{"type":"Point","coordinates":[2.62832,42.68969]},"properties":{"latitude":"42.68969","longitude":"2.62832","bright_ti4":"323.58","scan":"0.57","track":"0.43","acq_date":"2026-07-06","acq_time":"126","satellite":"N20","instrument":"VIIRS","confidence":"n","version":"2.0NRT","bright_ti5":"300.21","frp":"13.68","daynight":"N","commune":"Ille-sur-Têt","code_insee":"66088","departement":"Pyrénées-Orientales","region":"Occitanie"}},{"type":"Feature","geometry":{"type":"Point","coordinates":[2.58786,42.68972]},"properties":{"latitude":"42.68972","longitude":"2.58786","bright_ti4":"337.26","scan":"0.57","track":"0.43","acq_date":"2026-07-06","acq_time":"126","satellite":"N20","instrument":"VIIRS","confidence":"n","version":"2.0NRT","bright_ti5":"298.71","frp":"2.99","daynight":"N","commune":"Ille-sur-Têt","code_insee":"66088","departement":"Pyrénées-Orientales","region":"Occitanie"}},{"type":"Feature","geometry":{"type":"Point","coordinates":[2.62176,42.69036]},"properties":{"latitude":"42.69036","longitude":"2.62176","bright_ti4":"352.01","scan":"0.57","track":"0.43","acq_date":"2026-07-06","acq_time":"126","satellite":"N20","instrument":"VIIRS","confidence":"n","version":"2.0NRT","bright_ti5":"312.11","frp":"18.73","daynight":"N","commune":"Ille-sur-Têt","code_insee":"66088","departement":"Pyrénées-Orientales","region":"Occitanie"}},{"type":"Feature","geometry":{"type":"Point","coordinates":[2.5811,42.6904]},"properties":{"latitude":"42.6904","longitude":"2.5811","bright_ti4":"311.7","scan":"0.57","track":"0.43","acq_date":"2026-07-06","acq_time":"126","satellite":"N20","instrument":"VIIRS","confidence":"n","version":"2.0NRT","bright_ti5":"294.6","frp":"2.47","daynight":"N","commune":"Montalba-le-Château","code_insee":"66111","departement":"Pyrénées-Orientales","region":"Occitanie"}},{"type":"Feature","geometry":{"type":"Point","coordinates":[2.61513,42.69102]},"properties":{"latitude":"42.69102","longitude":"2.61513","bright_ti4":"354.2","scan":"0.57","track":"0.43","acq_date":"2026-07-06","acq_time":"126","satellite":"N20","instrument":"VIIRS","confidence":"n","version":"2.0NRT","bright_ti5":"310.2","frp":"18.73","daynight":"N","commune":"Ille-sur-Têt","code_insee":"66088","departement":"Pyrénées-Orientales","region":"Occitanie"}},{"type":"Feature","geometry":{"type":"Point","coordinates":[2.60866,42.69167]},"properties":{"latitude":"42.69167","longitude":"2.60866","bright_ti4":"332.27","scan":"0.57","track":"0.43","acq_date":"2026-07-06","acq_time":"126","satellite":"N20","instrument":"VIIRS","confidence":"n","version":"2.0NRT","bright_ti5":"297.64","frp":"5.32","daynight":"N","commune":"Ille-sur-Têt","code_insee":"66088","departement":"Pyrénées-Orientales","region":"Occitanie"}},{"type":"Feature","geometry":{"type":"Point","coordinates":[2.60213,42.69233]},"properties":{"latitude":"42.69233","longitude":"2.60213","bright_ti4":"324.47","scan":"0.57","track":"0.43","acq_date":"2026-07-06","acq_time":"126","satellite":"N20","instrument":"VIIRS","confidence":"n","version":"2.0NRT","bright_ti5":"297.67","frp":"5.32","daynight":"N","commune":"Ille-sur-Têt","code_insee":"66088","departement":"Pyrénées-Orientales","region":"Occitanie"}},{"type":"Feature","geometry":{"type":"Point","coordinates":[2.59547,42.693]},"properties":{"latitude":"42.693","longitude":"2.59547","bright_ti4":"337.74","scan":"0.57","track":"0.43","acq_date":"2026-07-06","acq_time":"126","satellite":"N20","instrument":"VIIRS","confidence":"n","version":"2.0NRT","bright_ti5":"295.95","frp":"3.9","daynight":"N","commune":"Ille-sur-Têt","code_insee":"66088","departement":"Pyrénées-Orientales","region":"Occitanie"}},{"type":"Feature","geometry":{"type":"Point","coordinates":[2.62274,42.69429]},"properties":{"latitude":"42.69429","longitude":"2.62274","bright_ti4":"309.24","scan":"0.57","track":"0.43","acq_date":"2026-07-06","acq_time":"126","satellite":"N20","instrument":"VIIRS","confidence":"n","version":"2.0NRT","bright_ti5":"296.24","frp":"18.73","daynight":"N","commune":"Ille-sur-Têt","code_insee":"66088","departement":"Pyrénées-Orientales","region":"Occitanie"}},{"type":"Feature","geometry":{"type":"Point","coordinates":[2.61606,42.69497]},"properties":{"latitude":"42.69497","longitude":"2.61606","bright_ti4":"309.28","scan":"0.57","track":"0.43","acq_date":"2026-07-06","acq_time":"126","satellite":"N20","instrument":"VIIRS","confidence":"n","version":"2.0NRT","bright_ti5":"296","frp":"18.73","daynight":"N","commune":"Ille-sur-Têt","code_insee":"66088","departement":"Pyrénées-Orientales","region":"Occitanie"}},{"type":"Feature","geometry":{"type":"Point","coordinates":[2.60294,42.69629]},"properties":{"latitude":"42.69629","longitude":"2.60294","bright_ti4":"309.54","scan":"0.57","track":"0.43","acq_date":"2026-07-06","acq_time":"126","satellite":"N20","instrument":"VIIRS","confidence":"n","version":"2.0NRT","bright_ti5":"295.4","frp":"5.32","daynight":"N","commune":"Ille-sur-Têt","code_insee":"66088","departement":"Pyrénées-Orientales","region":"Occitanie"}},{"type":"Feature","geometry":{"type":"Point","coordinates":[2.59628,42.69696]},"properties":{"latitude":"42.69696","longitude":"2.59628","bright_ti4":"314.94","scan":"0.57","track":"0.43","acq_date":"2026-07-06","acq_time":"126","satellite":"N20","instrument":"VIIRS","confidence":"n","version":"2.0NRT","bright_ti5":"293.63","frp":"3.9","daynight":"N","commune":"Ille-sur-Têt","code_insee":"66088","departement":"Pyrénées-Orientales","region":"Occitanie"}},{"type":"Feature","geometry":{"type":"Point","coordinates":[2.54843,42.70176]},"properties":{"latitude":"42.70176","longitude":"2.54843","bright_ti4":"330.37","scan":"0.57","track":"0.43","acq_date":"2026-07-06","acq_time":"126","satellite":"N20","instrument":"VIIRS","confidence":"n","version":"2.0NRT","bright_ti5":"296.79","frp":"6.43","daynight":"N","commune":"Trévillach","code_insee":"66215","departement":"Pyrénées-Orientales","region":"Occitanie"}},{"type":"Feature","geometry":{"type":"Point","coordinates":[2.54168,42.70243]},"properties":{"latitude":"42.70243","longitude":"2.54168","bright_ti4":"324","scan":"0.57","track":"0.43","acq_date":"2026-07-06","acq_time":"126","satellite":"N20","instrument":"VIIRS","confidence":"n","version":"2.0NRT","bright_ti5":"294.01","frp":"3.45","daynight":"N","commune":"Trévillach","code_insee":"66215","departement":"Pyrénées-Orientales","region":"Occitanie"}},{"type":"Feature","geometry":{"type":"Point","coordinates":[4.89328,43.4358]},"properties":{"latitude":"43.4358","longitude":"4.89328","bright_ti4":"308.82","scan":"0.47","track":"0.39","acq_date":"2026-07-06","acq_time":"126","satellite":"N20","instrument":"VIIRS","confidence":"n","version":"2.0NRT","bright_ti5":"297.25","frp":"3.15","daynight":"N","commune":"Fos-sur-Mer","code_insee":"13039","departement":"Bouches-du-Rhône","region":"Provence-Alpes-Côte d'Azur"}},{"type":"Feature","geometry":{"type":"Point","coordinates":[4.88339,43.4444]},"properties":{"latitude":"43.4444","longitude":"4.88339","bright_ti4":"307.67","scan":"0.47","track":"0.39","acq_date":"2026-07-06","acq_time":"126","satellite":"N20","instrument":"VIIRS","confidence":"n","version":"2.0NRT","bright_ti5":"296.85","frp":"1.63","daynight":"N","commune":"Fos-sur-Mer","code_insee":"13039","departement":"Bouches-du-Rhône","region":"Provence-Alpes-Côte d'Azur"}},{"type":"Feature","geometry":{"type":"Point","coordinates":[4.89571,43.44663]},"properties":{"latitude":"43.44663","longitude":"4.89571","bright_ti4":"309.8","scan":"0.47","track":"0.39","acq_date":"2026-07-06","acq_time":"126","satellite":"N20","instrument":"VIIRS","confidence":"n","version":"2.0NRT","bright_ti5":"297.44","frp":"2.71","daynight":"N","commune":"Fos-sur-Mer","code_insee":"13039","departement":"Bouches-du-Rhône","region":"Provence-Alpes-Côte d'Azur"}},{"type":"Feature","geometry":{"type":"Point","coordinates":[3.22325,43.61052]},"properties":{"latitude":"43.61052","longitude":"3.22325","bright_ti4":"306.1","scan":"0.55","track":"0.42","acq_date":"2026-07-06","acq_time":"126","satellite":"N20","instrument":"VIIRS","confidence":"n","version":"2.0NRT","bright_ti5":"294.39","frp":"2.14","daynight":"N","commune":"Carlencas-et-Levas","code_insee":"34053","departement":"Hérault","region":"Occitanie"}},{"type":"Feature","geometry":{"type":"Point","coordinates":[3.21041,43.61582]},"properties":{"latitude":"43.61582","longitude":"3.21041","bright_ti4":"308.85","scan":"0.55","track":"0.42","acq_date":"2026-07-06","acq_time":"126","satellite":"N20","instrument":"VIIRS","confidence":"n","version":"2.0NRT","bright_ti5":"294.85","frp":"1.37","daynight":"N","commune":"Pézènes-les-Mines","code_insee":"34200","departement":"Hérault","region":"Occitanie"}},{"type":"Feature","geometry":{"type":"Point","coordinates":[3.2118,43.62362]},"properties":{"latitude":"43.62362","longitude":"3.2118","bright_ti4":"309.27","scan":"0.55","track":"0.42","acq_date":"2026-07-06","acq_time":"126","satellite":"N20","instrument":"VIIRS","confidence":"n","version":"2.0NRT","bright_ti5":"298.28","frp":"3.15","daynight":"N","commune":"Carlencas-et-Levas","code_insee":"34053","departement":"Hérault","region":"Occitanie"}},{"type":"Feature","geometry":{"type":"Point","coordinates":[3.20489,43.62434]},"properties":{"latitude":"43.62434","longitude":"3.20489","bright_ti4":"324.95","scan":"0.55","track":"0.42","acq_date":"2026-07-06","acq_time":"126","satellite":"N20","instrument":"VIIRS","confidence":"n","version":"2.0NRT","bright_ti5":"298.49","frp":"3.15","daynight":"N","commune":"Carlencas-et-Levas","code_insee":"34053","departement":"Hérault","region":"Occitanie"}},{"type":"Feature","geometry":{"type":"Point","coordinates":[3.21957,43.62678]},"properties":{"latitude":"43.62678","longitude":"3.21957","bright_ti4":"327.94","scan":"0.55","track":"0.42","acq_date":"2026-07-06","acq_time":"126","satellite":"N20","instrument":"VIIRS","confidence":"n","version":"2.0NRT","bright_ti5":"298.07","frp":"4.18","daynight":"N","commune":"Carlencas-et-Levas","code_insee":"34053","departement":"Hérault","region":"Occitanie"}},{"type":"Feature","geometry":{"type":"Point","coordinates":[3.20576,43.62822]},"properties":{"latitude":"43.62822","longitude":"3.20576","bright_ti4":"314.62","scan":"0.55","track":"0.42","acq_date":"2026-07-06","acq_time":"126","satellite":"N20","instrument":"VIIRS","confidence":"n","version":"2.0NRT","bright_ti5":"295.4","frp":"5.54","daynight":"N","commune":"Carlencas-et-Levas","code_insee":"34053","departement":"Hérault","region":"Occitanie"}},{"type":"Feature","geometry":{"type":"Point","coordinates":[3.21343,43.63139]},"properties":{"latitude":"43.63139","longitude":"3.21343","bright_ti4":"339.09","scan":"0.55","track":"0.42","acq_date":"2026-07-06","acq_time":"126","satellite":"N20","instrument":"VIIRS","confidence":"n","version":"2.0NRT","bright_ti5":"299.18","frp":"5.54","daynight":"N","commune":"Carlencas-et-Levas","code_insee":"34053","departement":"Hérault","region":"Occitanie"}},{"type":"Feature","geometry":{"type":"Point","coordinates":[3.20663,43.6321]},"properties":{"latitude":"43.6321","longitude":"3.20663","bright_ti4":"338.55","scan":"0.55","track":"0.42","acq_date":"2026-07-06","acq_time":"126","satellite":"N20","instrument":"VIIRS","confidence":"n","version":"2.0NRT","bright_ti5":"298.6","frp":"5.54","daynight":"N","commune":"Carlencas-et-Levas","code_insee":"34053","departement":"Hérault","region":"Occitanie"}},{"type":"Feature","geometry":{"type":"Point","coordinates":[7.37586,43.79285]},"properties":{"latitude":"43.79285","longitude":"7.37586","bright_ti4":"310.83","scan":"0.4","track":"0.37","acq_date":"2026-07-06","acq_time":"126","satellite":"N20","instrument":"VIIRS","confidence":"n","version":"2.0NRT","bright_ti5":"293.42","frp":"0.8","daynight":"N","commune":"Blausasc","code_insee":"06019","departement":"Alpes-Maritimes","region":"Provence-Alpes-Côte d'Azur"}},{"type":"Feature","geometry":{"type":"Point","coordinates":[5.35548,44.70583]},"properties":{"latitude":"44.70583","longitude":"5.35548","bright_ti4":"336.2","scan":"0.46","track":"0.39","acq_date":"2026-07-06","acq_time":"126","satellite":"N20","instrument":"VIIRS","confidence":"n","version":"2.0NRT","bright_ti5":"300.84","frp":"17.97","daynight":"N","commune":"Solaure en Diois","code_insee":"26001","departement":"Drôme","region":"Auvergne-Rhône-Alpes"}},{"type":"Feature","geometry":{"type":"Point","coordinates":[5.34981,44.7065]},"properties":{"latitude":"44.7065","longitude":"5.34981","bright_ti4":"349.28","scan":"0.46","track":"0.39","acq_date":"2026-07-06","acq_time":"126","satellite":"N20","instrument":"VIIRS","confidence":"n","version":"2.0NRT","bright_ti5":"303.29","frp":"20.94","daynight":"N","commune":"Solaure en Diois","code_insee":"26001","departement":"Drôme","region":"Auvergne-Rhône-Alpes"}},{"type":"Feature","geometry":{"type":"Point","coordinates":[5.35632,44.70656]},"properties":{"latitude":"44.70656","longitude":"5.35632","bright_ti4":"322.7","scan":"0.46","track":"0.39","acq_date":"2026-07-06","acq_time":"126","satellite":"N20","instrument":"VIIRS","confidence":"n","version":"2.0NRT","bright_ti5":"299.46","frp":"13.27","daynight":"N","commune":"Solaure en Diois","code_insee":"26001","departement":"Drôme","region":"Auvergne-Rhône-Alpes"}},{"type":"Feature","geometry":{"type":"Point","coordinates":[5.35071,44.70722]},"properties":{"latitude":"44.70722","longitude":"5.35071","bright_ti4":"353.74","scan":"0.46","track":"0.39","acq_date":"2026-07-06","acq_time":"126","satellite":"N20","instrument":"VIIRS","confidence":"n","version":"2.0NRT","bright_ti5":"311.87","frp":"13.27","daynight":"N","commune":"Solaure en Diois","code_insee":"26001","departement":"Drôme","region":"Auvergne-Rhône-Alpes"}},{"type":"Feature","geometry":{"type":"Point","coordinates":[5.34482,44.7079]},"properties":{"latitude":"44.7079","longitude":"5.34482","bright_ti4":"313.98","scan":"0.46","track":"0.39","acq_date":"2026-07-06","acq_time":"126","satellite":"N20","instrument":"VIIRS","confidence":"n","version":"2.0NRT","bright_ti5":"291.05","frp":"3.57","daynight":"N","commune":"Solaure en Diois","code_insee":"26001","departement":"Drôme","region":"Auvergne-Rhône-Alpes"}},{"type":"Feature","geometry":{"type":"Point","coordinates":[5.35697,44.71017]},"properties":{"latitude":"44.71017","longitude":"5.35697","bright_ti4":"346.2","scan":"0.46","track":"0.39","acq_date":"2026-07-06","acq_time":"126","satellite":"N20","instrument":"VIIRS","confidence":"n","version":"2.0NRT","bright_ti5":"297.64","frp":"13.27","daynight":"N","commune":"Solaure en Diois","code_insee":"26001","departement":"Drôme","region":"Auvergne-Rhône-Alpes"}},{"type":"Feature","geometry":{"type":"Point","coordinates":[5.35143,44.71082]},"properties":{"latitude":"44.71082","longitude":"5.35143","bright_ti4":"319.03","scan":"0.46","track":"0.39","acq_date":"2026-07-06","acq_time":"126","satellite":"N20","instrument":"VIIRS","confidence":"n","version":"2.0NRT","bright_ti5":"293.73","frp":"13.27","daynight":"N","commune":"Solaure en Diois","code_insee":"26001","departement":"Drôme","region":"Auvergne-Rhône-Alpes"}},{"type":"Feature","geometry":{"type":"Point","coordinates":[5.34574,44.71149]},"properties":{"latitude":"44.71149","longitude":"5.34574","bright_ti4":"343.62","scan":"0.46","track":"0.39","acq_date":"2026-07-06","acq_time":"126","satellite":"N20","instrument":"VIIRS","confidence":"n","version":"2.0NRT","bright_ti5":"296.18","frp":"3.57","daynight":"N","commune":"Solaure en Diois","code_insee":"26001","departement":"Drôme","region":"Auvergne-Rhône-Alpes"}},{"type":"Feature","geometry":{"type":"Point","coordinates":[5.33952,44.7122]},"properties":{"latitude":"44.7122","longitude":"5.33952","bright_ti4":"303.13","scan":"0.46","track":"0.39","acq_date":"2026-07-06","acq_time":"126","satellite":"N20","instrument":"VIIRS","confidence":"n","version":"2.0NRT","bright_ti5":"290.05","frp":"3.57","daynight":"N","commune":"Barsac","code_insee":"26027","departement":"Drôme","region":"Auvergne-Rhône-Alpes"}},{"type":"Feature","geometry":{"type":"Point","coordinates":[5.34635,44.7151]},"properties":{"latitude":"44.7151","longitude":"5.34635","bright_ti4":"309.11","scan":"0.46","track":"0.39","acq_date":"2026-07-06","acq_time":"126","satellite":"N20","instrument":"VIIRS","confidence":"n","version":"2.0NRT","bright_ti5":"290.59","frp":"1.44","daynight":"N","commune":"Die","code_insee":"26113","departement":"Drôme","region":"Auvergne-Rhône-Alpes"}},{"type":"Feature","geometry":{"type":"Point","coordinates":[5.33478,44.72013]},"properties":{"latitude":"44.72013","longitude":"5.33478","bright_ti4":"311.68","scan":"0.46","track":"0.39","acq_date":"2026-07-06","acq_time":"126","satellite":"N20","instrument":"VIIRS","confidence":"n","version":"2.0NRT","bright_ti5":"292.71","frp":"0.89","daynight":"N","commune":"Barsac","code_insee":"26027","departement":"Drôme","region":"Auvergne-Rhône-Alpes"}},{"type":"Feature","geometry":{"type":"Point","coordinates":[5.32821,44.72089]},"properties":{"latitude":"44.72089","longitude":"5.32821","bright_ti4":"302.48","scan":"0.46","track":"0.39","acq_date":"2026-07-06","acq_time":"126","satellite":"N20","instrument":"VIIRS","confidence":"n","version":"2.0NRT","bright_ti5":"292.2","frp":"0.89","daynight":"N","commune":"Barsac","code_insee":"26027","departement":"Drôme","region":"Auvergne-Rhône-Alpes"}},{"type":"Feature","geometry":{"type":"Point","coordinates":[5.32934,44.72445]},"properties":{"latitude":"44.72445","longitude":"5.32934","bright_ti4":"305.25","scan":"0.46","track":"0.39","acq_date":"2026-07-06","acq_time":"126","satellite":"N20","instrument":"VIIRS","confidence":"n","version":"2.0NRT","bright_ti5":"291.08","frp":"0.55","daynight":"N","commune":"Barsac","code_insee":"26027","departement":"Drôme","region":"Auvergne-Rhône-Alpes"}},{"type":"Feature","geometry":{"type":"Point","coordinates":[5.32301,44.72519]},"properties":{"latitude":"44.72519","longitude":"5.32301","bright_ti4":"319.07","scan":"0.46","track":"0.39","acq_date":"2026-07-06","acq_time":"126","satellite":"N20","instrument":"VIIRS","confidence":"n","version":"2.0NRT","bright_ti5":"293.56","frp":"1.38","daynight":"N","commune":"Barsac","code_insee":"26027","departement":"Drôme","region":"Auvergne-Rhône-Alpes"}},{"type":"Feature","geometry":{"type":"Point","coordinates":[5.31652,44.72593]},"properties":{"latitude":"44.72593","longitude":"5.31652","bright_ti4":"306.12","scan":"0.46","track":"0.39","acq_date":"2026-07-06","acq_time":"126","satellite":"N20","instrument":"VIIRS","confidence":"n","version":"2.0NRT","bright_ti5":"293.4","frp":"1.38","daynight":"N","commune":"Barsac","code_insee":"26027","departement":"Drôme","region":"Auvergne-Rhône-Alpes"}},{"type":"Feature","geometry":{"type":"Point","coordinates":[5.34288,44.73027]},"properties":{"latitude":"44.73027","longitude":"5.34288","bright_ti4":"306.02","scan":"0.46","track":"0.39","acq_date":"2026-07-06","acq_time":"126","satellite":"N20","instrument":"VIIRS","confidence":"n","version":"2.0NRT","bright_ti5":"290.66","frp":"0.46","daynight":"N","commune":"Die","code_insee":"26113","departement":"Drôme","region":"Auvergne-Rhône-Alpes"}},{"type":"Feature","geometry":{"type":"Point","coordinates":[5.32508,44.73234]},"properties":{"latitude":"44.73234","longitude":"5.32508","bright_ti4":"321.96","scan":"0.46","track":"0.39","acq_date":"2026-07-06","acq_time":"126","satellite":"N20","instrument":"VIIRS","confidence":"n","version":"2.0NRT","bright_ti5":"292.61","frp":"1.49","daynight":"N","commune":"Die","code_insee":"26113","departement":"Drôme","region":"Auvergne-Rhône-Alpes"}},{"type":"Feature","geometry":{"type":"Point","coordinates":[5.34338,44.7339]},"properties":{"latitude":"44.7339","longitude":"5.34338","bright_ti4":"306.34","scan":"0.46","track":"0.39","acq_date":"2026-07-06","acq_time":"126","satellite":"N20","instrument":"VIIRS","confidence":"n","version":"2.0NRT","bright_ti5":"291.99","frp":"0.46","daynight":"N","commune":"Die","code_insee":"26113","departement":"Drôme","region":"Auvergne-Rhône-Alpes"}},{"type":"Feature","geometry":{"type":"Point","coordinates":[5.33742,44.73459]},"properties":{"latitude":"44.73459","longitude":"5.33742","bright_ti4":"301.86","scan":"0.46","track":"0.39","acq_date":"2026-07-06","acq_time":"126","satellite":"N20","instrument":"VIIRS","confidence":"n","version":"2.0NRT","bright_ti5":"291.4","frp":"1.37","daynight":"N","commune":"Die","code_insee":"26113","departement":"Drôme","region":"Auvergne-Rhône-Alpes"}},{"type":"Feature","geometry":{"type":"Point","coordinates":[0.28243,46.39422]},"properties":{"latitude":"46.39422","longitude":"0.28243","bright_ti4":"311.78","scan":"0.43","track":"0.62","acq_date":"2026-07-06","acq_time":"304","satellite":"N20","instrument":"VIIRS","confidence":"n","version":"2.0NRT","bright_ti5":"287.95","frp":"2.12","daynight":"N","commune":"Vivonne","code_insee":"86293","departement":"Vienne","region":"Nouvelle-Aquitaine"}},{"type":"Feature","geometry":{"type":"Point","coordinates":[0.27734,46.39579]},"properties":{"latitude":"46.39579","longitude":"0.27734","bright_ti4":"318.8","scan":"0.43","track":"0.62","acq_date":"2026-07-06","acq_time":"304","satellite":"N20","instrument":"VIIRS","confidence":"n","version":"2.0NRT","bright_ti5":"287.2","frp":"1.78","daynight":"N","commune":"Vivonne","code_insee":"86293","departement":"Vienne","region":"Nouvelle-Aquitaine"}},{"type":"Feature","geometry":{"type":"Point","coordinates":[-0.3799,46.7063]},"properties":{"latitude":"46.7063","longitude":"-0.3799","bright_ti4":"310.02","scan":"0.39","track":"0.6","acq_date":"2026-07-06","acq_time":"304","satellite":"N20","instrument":"VIIRS","confidence":"n","version":"2.0NRT","bright_ti5":"289.28","frp":"1.05","daynight":"N","commune":"Clessé","code_insee":"79094","departement":"Deux-Sèvres","region":"Nouvelle-Aquitaine"}},{"type":"Feature","geometry":{"type":"Point","coordinates":[-1.03521,48.11017]},"properties":{"latitude":"48.11017","longitude":"-1.03521","bright_ti4":"303.57","scan":"0.33","track":"0.56","acq_date":"2026-07-06","acq_time":"304","satellite":"N20","instrument":"VIIRS","confidence":"n","version":"2.0NRT","bright_ti5":"288.89","frp":"0.53","daynight":"N","commune":"Saint-Pierre-la-Cour","code_insee":"53247","departement":"Mayenne","region":"Pays de la Loire"}},{"type":"Feature","geometry":{"type":"Point","coordinates":[2.27138,51.03036]},"properties":{"latitude":"51.03036","longitude":"2.27138","bright_ti4":"297.6","scan":"0.37","track":"0.58","acq_date":"2026-07-06","acq_time":"304","satellite":"N20","instrument":"VIIRS","confidence":"n","version":"2.0NRT","bright_ti5":"282.69","frp":"1.07","daynight":"N","commune":"Grande-Synthe","code_insee":"59271","departement":"Nord","region":"Hauts-de-France"}},{"type":"Feature","geometry":{"type":"Point","coordinates":[2.29018,51.03592]},"properties":{"latitude":"51.03592","longitude":"2.29018","bright_ti4":"313.91","scan":"0.37","track":"0.58","acq_date":"2026-07-06","acq_time":"304","satellite":"N20","instrument":"VIIRS","confidence":"n","version":"2.0NRT","bright_ti5":"279.48","frp":"2.1","daynight":"N","commune":"Grande-Synthe","code_insee":"59271","departement":"Nord","region":"Hauts-de-France"}},{"type":"Feature","geometry":{"type":"Point","coordinates":[2.28545,51.03738]},"properties":{"latitude":"51.03738","longitude":"2.28545","bright_ti4":"302.19","scan":"0.37","track":"0.58","acq_date":"2026-07-06","acq_time":"304","satellite":"N20","instrument":"VIIRS","confidence":"n","version":"2.0NRT","bright_ti5":"279","frp":"1.83","daynight":"N","commune":"Grande-Synthe","code_insee":"59271","departement":"Nord","region":"Hauts-de-France"}},{"type":"Feature","geometry":{"type":"Point","coordinates":[2.29764,51.04555]},"properties":{"latitude":"51.04555","longitude":"2.29764","bright_ti4":"311.7","scan":"0.37","track":"0.58","acq_date":"2026-07-06","acq_time":"304","satellite":"N20","instrument":"VIIRS","confidence":"n","version":"2.0NRT","bright_ti5":"274.98","frp":"2.5","daynight":"N","commune":"Grande-Synthe","code_insee":"59271","departement":"Nord","region":"Hauts-de-France"}},{"type":"Feature","geometry":{"type":"Point","coordinates":[2.54054,42.63724]},"properties":{"latitude":"42.63724","longitude":"2.54054","bright_ti4":"315.92","scan":"0.72","track":"0.75","acq_date":"2026-07-06","acq_time":"306","satellite":"N20","instrument":"VIIRS","confidence":"n","version":"2.0NRT","bright_ti5":"291.44","frp":"2.19","daynight":"N","commune":"Rigarda","code_insee":"66162","departement":"Pyrénées-Orientales","region":"Occitanie"}},{"type":"Feature","geometry":{"type":"Point","coordinates":[2.5928,42.64228]},"properties":{"latitude":"42.64228","longitude":"2.5928","bright_ti4":"305.81","scan":"0.72","track":"0.76","acq_date":"2026-07-06","acq_time":"306","satellite":"N20","instrument":"VIIRS","confidence":"n","version":"2.0NRT","bright_ti5":"293.25","frp":"2.01","daynight":"N","commune":"Bouleternère","code_insee":"66023","departement":"Pyrénées-Orientales","region":"Occitanie"}},{"type":"Feature","geometry":{"type":"Point","coordinates":[2.54497,42.64342]},"properties":{"latitude":"42.64342","longitude":"2.54497","bright_ti4":"305.77","scan":"0.72","track":"0.75","acq_date":"2026-07-06","acq_time":"306","satellite":"N20","instrument":"VIIRS","confidence":"n","version":"2.0NRT","bright_ti5":"291.87","frp":"2.19","daynight":"N","commune":"Vinça","code_insee":"66230","departement":"Pyrénées-Orientales","region":"Occitanie"}},{"type":"Feature","geometry":{"type":"Point","coordinates":[2.56536,42.64407]},"properties":{"latitude":"42.64407","longitude":"2.56536","bright_ti4":"301.57","scan":"0.72","track":"0.76","acq_date":"2026-07-06","acq_time":"306","satellite":"N20","instrument":"VIIRS","confidence":"n","version":"2.0NRT","bright_ti5":"291.2","frp":"2.6","daynight":"N","commune":"Rodès","code_insee":"66165","departement":"Pyrénées-Orientales","region":"Occitanie"}},{"type":"Feature","geometry":{"type":"Point","coordinates":[2.58605,42.64462]},"properties":{"latitude":"42.64462","longitude":"2.58605","bright_ti4":"304.37","scan":"0.72","track":"0.76","acq_date":"2026-07-06","acq_time":"306","satellite":"N20","instrument":"VIIRS","confidence":"n","version":"2.0NRT","bright_ti5":"292.04","frp":"2.75","daynight":"N","commune":"Bouleternère","code_insee":"66023","departement":"Pyrénées-Orientales","region":"Occitanie"}},{"type":"Feature","geometry":{"type":"Point","coordinates":[2.60444,42.64598]},"properties":{"latitude":"42.64598","longitude":"2.60444","bright_ti4":"329.36","scan":"0.72","track":"0.76","acq_date":"2026-07-06","acq_time":"306","satellite":"N20","instrument":"VIIRS","confidence":"n","version":"2.0NRT","bright_ti5":"301.69","frp":"39.69","daynight":"N","commune":"Bouleternère","code_insee":"66023","departement":"Pyrénées-Orientales","region":"Occitanie"}},{"type":"Feature","geometry":{"type":"Point","coordinates":[2.59817,42.64815]},"properties":{"latitude":"42.64815","longitude":"2.59817","bright_ti4":"367","scan":"0.72","track":"0.76","acq_date":"2026-07-06","acq_time":"306","satellite":"N20","instrument":"VIIRS","confidence":"h","version":"2.0NRT","bright_ti5":"296.06","frp":"39.69","daynight":"N","commune":"Bouleternère","code_insee":"66023","departement":"Pyrénées-Orientales","region":"Occitanie"}},{"type":"Feature","geometry":{"type":"Point","coordinates":[2.59114,42.65059]},"properties":{"latitude":"42.65059","longitude":"2.59114","bright_ti4":"308.69","scan":"0.72","track":"0.76","acq_date":"2026-07-06","acq_time":"306","satellite":"N20","instrument":"VIIRS","confidence":"n","version":"2.0NRT","bright_ti5":"292.59","frp":"13.05","daynight":"N","commune":"Bouleternère","code_insee":"66023","departement":"Pyrénées-Orientales","region":"Occitanie"}},{"type":"Feature","geometry":{"type":"Point","coordinates":[2.61044,42.65163]},"properties":{"latitude":"42.65163","longitude":"2.61044","bright_ti4":"304.15","scan":"0.72","track":"0.76","acq_date":"2026-07-06","acq_time":"306","satellite":"N20","instrument":"VIIRS","confidence":"n","version":"2.0NRT","bright_ti5":"292.66","frp":"39.69","daynight":"N","commune":"Saint-Michel-de-Llotes","code_insee":"66185","departement":"Pyrénées-Orientales","region":"Occitanie"}},{"type":"Feature","geometry":{"type":"Point","coordinates":[2.57463,42.65629]},"properties":{"latitude":"42.65629","longitude":"2.57463","bright_ti4":"312.3","scan":"0.72","track":"0.76","acq_date":"2026-07-06","acq_time":"306","satellite":"N20","instrument":"VIIRS","confidence":"n","version":"2.0NRT","bright_ti5":"292.68","frp":"3.82","daynight":"N","commune":"Bouleternère","code_insee":"66023","departement":"Pyrénées-Orientales","region":"Occitanie"}},{"type":"Feature","geometry":{"type":"Point","coordinates":[2.56533,42.65951]},"properties":{"latitude":"42.65951","longitude":"2.56533","bright_ti4":"320.6","scan":"0.72","track":"0.76","acq_date":"2026-07-06","acq_time":"306","satellite":"N20","instrument":"VIIRS","confidence":"n","version":"2.0NRT","bright_ti5":"292.85","frp":"3.82","daynight":"N","commune":"Rodès","code_insee":"66165","departement":"Pyrénées-Orientales","region":"Occitanie"}},{"type":"Feature","geometry":{"type":"Point","coordinates":[2.61439,42.68887]},"properties":{"latitude":"42.68887","longitude":"2.61439","bright_ti4":"325.18","scan":"0.72","track":"0.76","acq_date":"2026-07-06","acq_time":"306","satellite":"N20","instrument":"VIIRS","confidence":"n","version":"2.0NRT","bright_ti5":"295.34","frp":"3.53","daynight":"N","commune":"Ille-sur-Têt","code_insee":"66088","departement":"Pyrénées-Orientales","region":"Occitanie"}},{"type":"Feature","geometry":{"type":"Point","coordinates":[2.61505,42.68952]},"properties":{"latitude":"42.68952","longitude":"2.61505","bright_ti4":"325.29","scan":"0.72","track":"0.76","acq_date":"2026-07-06","acq_time":"306","satellite":"N20","instrument":"VIIRS","confidence":"n","version":"2.0NRT","bright_ti5":"295.98","frp":"7.39","daynight":"N","commune":"Ille-sur-Têt","code_insee":"66088","departement":"Pyrénées-Orientales","region":"Occitanie"}},{"type":"Feature","geometry":{"type":"Point","coordinates":[2.6039,42.69248]},"properties":{"latitude":"42.69248","longitude":"2.6039","bright_ti4":"317.98","scan":"0.72","track":"0.76","acq_date":"2026-07-06","acq_time":"306","satellite":"N20","instrument":"VIIRS","confidence":"n","version":"2.0NRT","bright_ti5":"294","frp":"3.53","daynight":"N","commune":"Ille-sur-Têt","code_insee":"66088","departement":"Pyrénées-Orientales","region":"Occitanie"}},{"type":"Feature","geometry":{"type":"Point","coordinates":[2.6046,42.69317]},"properties":{"latitude":"42.69317","longitude":"2.6046","bright_ti4":"317.43","scan":"0.72","track":"0.76","acq_date":"2026-07-06","acq_time":"306","satellite":"N20","instrument":"VIIRS","confidence":"n","version":"2.0NRT","bright_ti5":"294.05","frp":"4.34","daynight":"N","commune":"Ille-sur-Têt","code_insee":"66088","departement":"Pyrénées-Orientales","region":"Occitanie"}},{"type":"Feature","geometry":{"type":"Point","coordinates":[2.61803,42.69534]},"properties":{"latitude":"42.69534","longitude":"2.61803","bright_ti4":"305.69","scan":"0.72","track":"0.76","acq_date":"2026-07-06","acq_time":"306","satellite":"N20","instrument":"VIIRS","confidence":"n","version":"2.0NRT","bright_ti5":"292.83","frp":"3.53","daynight":"N","commune":"Ille-sur-Têt","code_insee":"66088","departement":"Pyrénées-Orientales","region":"Occitanie"}},{"type":"Feature","geometry":{"type":"Point","coordinates":[2.59435,42.69576]},"properties":{"latitude":"42.69576","longitude":"2.59435","bright_ti4":"311.59","scan":"0.72","track":"0.76","acq_date":"2026-07-06","acq_time":"306","satellite":"N20","instrument":"VIIRS","confidence":"n","version":"2.0NRT","bright_ti5":"292.04","frp":"3.02","daynight":"N","commune":"Ille-sur-Têt","code_insee":"66088","departement":"Pyrénées-Orientales","region":"Occitanie"}},{"type":"Feature","geometry":{"type":"Point","coordinates":[2.61864,42.696]},"properties":{"latitude":"42.696","longitude":"2.61864","bright_ti4":"304.08","scan":"0.72","track":"0.76","acq_date":"2026-07-06","acq_time":"306","satellite":"N20","instrument":"VIIRS","confidence":"n","version":"2.0NRT","bright_ti5":"292.68","frp":"1.79","daynight":"N","commune":"Ille-sur-Têt","code_insee":"66088","departement":"Pyrénées-Orientales","region":"Occitanie"}},{"type":"Feature","geometry":{"type":"Point","coordinates":[2.59517,42.69647]},"properties":{"latitude":"42.69647","longitude":"2.59517","bright_ti4":"315.03","scan":"0.72","track":"0.76","acq_date":"2026-07-06","acq_time":"306","satellite":"N20","instrument":"VIIRS","confidence":"n","version":"2.0NRT","bright_ti5":"292.29","frp":"4.34","daynight":"N","commune":"Ille-sur-Têt","code_insee":"66088","departement":"Pyrénées-Orientales","region":"Occitanie"}},{"type":"Feature","geometry":{"type":"Point","coordinates":[2.54785,42.70403]},"properties":{"latitude":"42.70403","longitude":"2.54785","bright_ti4":"303.71","scan":"0.72","track":"0.75","acq_date":"2026-07-06","acq_time":"306","satellite":"N20","instrument":"VIIRS","confidence":"n","version":"2.0NRT","bright_ti5":"292.1","frp":"1.35","daynight":"N","commune":"Trévillach","code_insee":"66215","departement":"Pyrénées-Orientales","region":"Occitanie"}},{"type":"Feature","geometry":{"type":"Point","coordinates":[3.219,43.62305]},"properties":{"latitude":"43.62305","longitude":"3.219","bright_ti4":"309.2","scan":"0.72","track":"0.75","acq_date":"2026-07-06","acq_time":"306","satellite":"N20","instrument":"VIIRS","confidence":"n","version":"2.0NRT","bright_ti5":"294.19","frp":"3.41","daynight":"N","commune":"Carlencas-et-Levas","code_insee":"34053","departement":"Hérault","region":"Occitanie"}},{"type":"Feature","geometry":{"type":"Point","coordinates":[3.21974,43.62408]},"properties":{"latitude":"43.62408","longitude":"3.21974","bright_ti4":"307.28","scan":"0.71","track":"0.75","acq_date":"2026-07-06","acq_time":"306","satellite":"N20","instrument":"VIIRS","confidence":"n","version":"2.0NRT","bright_ti5":"293.61","frp":"2.74","daynight":"N","commune":"Carlencas-et-Levas","code_insee":"34053","departement":"Hérault","region":"Occitanie"}},{"type":"Feature","geometry":{"type":"Point","coordinates":[3.20405,43.62827]},"properties":{"latitude":"43.62827","longitude":"3.20405","bright_ti4":"306.04","scan":"0.71","track":"0.75","acq_date":"2026-07-06","acq_time":"306","satellite":"N20","instrument":"VIIRS","confidence":"n","version":"2.0NRT","bright_ti5":"291.76","frp":"1.35","daynight":"N","commune":"Carlencas-et-Levas","code_insee":"34053","departement":"Hérault","region":"Occitanie"}},{"type":"Feature","geometry":{"type":"Point","coordinates":[3.20473,43.62941]},"properties":{"latitude":"43.62941","longitude":"3.20473","bright_ti4":"309.16","scan":"0.71","track":"0.75","acq_date":"2026-07-06","acq_time":"306","satellite":"N20","instrument":"VIIRS","confidence":"n","version":"2.0NRT","bright_ti5":"291.8","frp":"2.39","daynight":"N","commune":"Carlencas-et-Levas","code_insee":"34053","departement":"Hérault","region":"Occitanie"}},{"type":"Feature","geometry":{"type":"Point","coordinates":[3.21565,43.63195]},"properties":{"latitude":"43.63195","longitude":"3.21565","bright_ti4":"323.9","scan":"0.71","track":"0.75","acq_date":"2026-07-06","acq_time":"306","satellite":"N20","instrument":"VIIRS","confidence":"n","version":"2.0NRT","bright_ti5":"293.45","frp":"4.24","daynight":"N","commune":"Carlencas-et-Levas","code_insee":"34053","departement":"Hérault","region":"Occitanie"}},{"type":"Feature","geometry":{"type":"Point","coordinates":[3.21625,43.63307]},"properties":{"latitude":"43.63307","longitude":"3.21625","bright_ti4":"318.61","scan":"0.71","track":"0.75","acq_date":"2026-07-06","acq_time":"306","satellite":"N20","instrument":"VIIRS","confidence":"n","version":"2.0NRT","bright_ti5":"293.5","frp":"2.39","daynight":"N","commune":"Carlencas-et-Levas","code_insee":"34053","departement":"Hérault","region":"Occitanie"}},{"type":"Feature","geometry":{"type":"Point","coordinates":[3.20761,43.63475]},"properties":{"latitude":"43.63475","longitude":"3.20761","bright_ti4":"306.2","scan":"0.71","track":"0.75","acq_date":"2026-07-06","acq_time":"306","satellite":"N20","instrument":"VIIRS","confidence":"n","version":"2.0NRT","bright_ti5":"291.86","frp":"2.49","daynight":"N","commune":"Carlencas-et-Levas","code_insee":"34053","departement":"Hérault","region":"Occitanie"}},{"type":"Feature","geometry":{"type":"Point","coordinates":[3.20831,43.63588]},"properties":{"latitude":"43.63588","longitude":"3.20831","bright_ti4":"304.15","scan":"0.71","track":"0.75","acq_date":"2026-07-06","acq_time":"306","satellite":"N20","instrument":"VIIRS","confidence":"n","version":"2.0NRT","bright_ti5":"291.84","frp":"2.39","daynight":"N","commune":"Carlencas-et-Levas","code_insee":"34053","departement":"Hérault","region":"Occitanie"}},{"type":"Feature","geometry":{"type":"Point","coordinates":[2.46951,49.74734]},"properties":{"latitude":"49.74734","longitude":"2.46951","bright_ti4":"326.87","scan":"0.7","track":"0.75","acq_date":"2026-07-06","acq_time":"1113","satellite":"N20","instrument":"VIIRS","confidence":"n","version":"2.0NRT","bright_ti5":"289.85","frp":"5.71","daynight":"D","commune":"Mailly-Raineval","code_insee":"80499","departement":"Somme","region":"Hauts-de-France"}},{"type":"Feature","geometry":{"type":"Point","coordinates":[2.53811,42.63157]},"properties":{"latitude":"42.63157","longitude":"2.53811","bright_ti4":"345.24","scan":"0.39","track":"0.36","acq_date":"2026-07-06","acq_time":"1249","satellite":"N20","instrument":"VIIRS","confidence":"l","version":"2.0NRT","bright_ti5":"316.94","frp":"5.68","daynight":"D","commune":"Rigarda","code_insee":"66162","departement":"Pyrénées-Orientales","region":"Occitanie"}},{"type":"Feature","geometry":{"type":"Point","coordinates":[2.5419,42.63554]},"properties":{"latitude":"42.63554","longitude":"2.5419","bright_ti4":"350.32","scan":"0.39","track":"0.36","acq_date":"2026-07-06","acq_time":"1249","satellite":"N20","instrument":"VIIRS","confidence":"l","version":"2.0NRT","bright_ti5":"329.21","frp":"47.36","daynight":"D","commune":"Rigarda","code_insee":"66162","departement":"Pyrénées-Orientales","region":"Occitanie"}},{"type":"Feature","geometry":{"type":"Point","coordinates":[2.56436,42.64227]},"properties":{"latitude":"42.64227","longitude":"2.56436","bright_ti4":"367","scan":"0.39","track":"0.36","acq_date":"2026-07-06","acq_time":"1249","satellite":"N20","instrument":"VIIRS","confidence":"h","version":"2.0NRT","bright_ti5":"332.91","frp":"48.4","daynight":"D","commune":"Rodès","code_insee":"66165","departement":"Pyrénées-Orientales","region":"Occitanie"}},{"type":"Feature","geometry":{"type":"Point","coordinates":[2.56903,42.64295]},"properties":{"latitude":"42.64295","longitude":"2.56903","bright_ti4":"350.61","scan":"0.39","track":"0.36","acq_date":"2026-07-06","acq_time":"1249","satellite":"N20","instrument":"VIIRS","confidence":"l","version":"2.0NRT","bright_ti5":"326.04","frp":"41.11","daynight":"D","commune":"Rodès","code_insee":"66165","departement":"Pyrénées-Orientales","region":"Occitanie"}},{"type":"Feature","geometry":{"type":"Point","coordinates":[2.60259,42.64446]},"properties":{"latitude":"42.64446","longitude":"2.60259","bright_ti4":"356.24","scan":"0.39","track":"0.36","acq_date":"2026-07-06","acq_time":"1249","satellite":"N20","instrument":"VIIRS","confidence":"n","version":"2.0NRT","bright_ti5":"322.94","frp":"20.43","daynight":"D","commune":"Bouleternère","code_insee":"66023","departement":"Pyrénées-Orientales","region":"Occitanie"}},{"type":"Feature","geometry":{"type":"Point","coordinates":[2.62394,42.67785]},"properties":{"latitude":"42.67785","longitude":"2.62394","bright_ti4":"345.56","scan":"0.39","track":"0.36","acq_date":"2026-07-06","acq_time":"1249","satellite":"N20","instrument":"VIIRS","confidence":"n","version":"2.0NRT","bright_ti5":"315.43","frp":"5.77","daynight":"D","commune":"Ille-sur-Têt","code_insee":"66088","departement":"Pyrénées-Orientales","region":"Occitanie"}},{"type":"Feature","geometry":{"type":"Point","coordinates":[2.61089,42.68962]},"properties":{"latitude":"42.68962","longitude":"2.61089","bright_ti4":"355.71","scan":"0.39","track":"0.36","acq_date":"2026-07-06","acq_time":"1249","satellite":"N20","instrument":"VIIRS","confidence":"n","version":"2.0NRT","bright_ti5":"324.2","frp":"16.77","daynight":"D","commune":"Ille-sur-Têt","code_insee":"66088","departement":"Pyrénées-Orientales","region":"Occitanie"}},{"type":"Feature","geometry":{"type":"Point","coordinates":[2.60528,42.69222]},"properties":{"latitude":"42.69222","longitude":"2.60528","bright_ti4":"367","scan":"0.39","track":"0.36","acq_date":"2026-07-06","acq_time":"1249","satellite":"N20","instrument":"VIIRS","confidence":"h","version":"2.0NRT","bright_ti5":"362.52","frp":"85.47","daynight":"D","commune":"Ille-sur-Têt","code_insee":"66088","departement":"Pyrénées-Orientales","region":"Occitanie"}},{"type":"Feature","geometry":{"type":"Point","coordinates":[2.60438,42.69551]},"properties":{"latitude":"42.69551","longitude":"2.60438","bright_ti4":"344.63","scan":"0.39","track":"0.36","acq_date":"2026-07-06","acq_time":"1249","satellite":"N20","instrument":"VIIRS","confidence":"n","version":"2.0NRT","bright_ti5":"314.99","frp":"85.47","daynight":"D","commune":"Ille-sur-Têt","code_insee":"66088","departement":"Pyrénées-Orientales","region":"Occitanie"}},{"type":"Feature","geometry":{"type":"Point","coordinates":[6.06043,43.15416]},"properties":{"latitude":"43.15416","longitude":"6.06043","bright_ti4":"347.15","scan":"0.47","track":"0.4","acq_date":"2026-07-06","acq_time":"1249","satellite":"N20","instrument":"VIIRS","confidence":"n","version":"2.0NRT","bright_ti5":"311.74","frp":"6.07","daynight":"D","commune":"La Farlède","code_insee":"83054","departement":"Var","region":"Provence-Alpes-Côte d'Azur"}},{"type":"Feature","geometry":{"type":"Point","coordinates":[6.05964,43.15778]},"properties":{"latitude":"43.15778","longitude":"6.05964","bright_ti4":"344.18","scan":"0.47","track":"0.4","acq_date":"2026-07-06","acq_time":"1249","satellite":"N20","instrument":"VIIRS","confidence":"n","version":"2.0NRT","bright_ti5":"311.46","frp":"6.07","daynight":"D","commune":"La Farlède","code_insee":"83054","departement":"Var","region":"Provence-Alpes-Côte d'Azur"}},{"type":"Feature","geometry":{"type":"Point","coordinates":[5.55436,43.2363]},"properties":{"latitude":"43.2363","longitude":"5.55436","bright_ti4":"335.39","scan":"0.45","track":"0.39","acq_date":"2026-07-06","acq_time":"1249","satellite":"N20","instrument":"VIIRS","confidence":"l","version":"2.0NRT","bright_ti5":"307.51","frp":"2.91","daynight":"D","commune":"Cassis","code_insee":"13022","departement":"Bouches-du-Rhône","region":"Provence-Alpes-Côte d'Azur"}},{"type":"Feature","geometry":{"type":"Point","coordinates":[3.21878,43.60995]},"properties":{"latitude":"43.60995","longitude":"3.21878","bright_ti4":"341.25","scan":"0.4","track":"0.37","acq_date":"2026-07-06","acq_time":"1249","satellite":"N20","instrument":"VIIRS","confidence":"n","version":"2.0NRT","bright_ti5":"313.35","frp":"4.94","daynight":"D","commune":"Carlencas-et-Levas","code_insee":"34053","departement":"Hérault","region":"Occitanie"}},{"type":"Feature","geometry":{"type":"Point","coordinates":[3.21043,43.63107]},"properties":{"latitude":"43.63107","longitude":"3.21043","bright_ti4":"355.33","scan":"0.4","track":"0.37","acq_date":"2026-07-06","acq_time":"1249","satellite":"N20","instrument":"VIIRS","confidence":"n","version":"2.0NRT","bright_ti5":"326.87","frp":"15.6","daynight":"D","commune":"Carlencas-et-Levas","code_insee":"34053","departement":"Hérault","region":"Occitanie"}},{"type":"Feature","geometry":{"type":"Point","coordinates":[5.36027,43.74924]},"properties":{"latitude":"43.74924","longitude":"5.36027","bright_ti4":"337.16","scan":"0.45","track":"0.39","acq_date":"2026-07-06","acq_time":"1249","satellite":"N20","instrument":"VIIRS","confidence":"l","version":"2.0NRT","bright_ti5":"311.73","frp":"5.41","daynight":"D","commune":"Cadenet","code_insee":"84026","departement":"Vaucluse","region":"Provence-Alpes-Côte d'Azur"}},{"type":"Feature","geometry":{"type":"Point","coordinates":[-0.73693,44.67393]},"properties":{"latitude":"44.67393","longitude":"-0.73693","bright_ti4":"341","scan":"0.4","track":"0.37","acq_date":"2026-07-06","acq_time":"1249","satellite":"N20","instrument":"VIIRS","confidence":"l","version":"2.0NRT","bright_ti5":"315.9","frp":"4.45","daynight":"D","commune":"Le Barp","code_insee":"33029","departement":"Gironde","region":"Nouvelle-Aquitaine"}},{"type":"Feature","geometry":{"type":"Point","coordinates":[5.36315,44.6952]},"properties":{"latitude":"44.6952","longitude":"5.36315","bright_ti4":"339.29","scan":"0.46","track":"0.39","acq_date":"2026-07-06","acq_time":"1249","satellite":"N20","instrument":"VIIRS","confidence":"n","version":"2.0NRT","bright_ti5":"303.07","frp":"5.76","daynight":"D","commune":"Solaure en Diois","code_insee":"26001","departement":"Drôme","region":"Auvergne-Rhône-Alpes"}},{"type":"Feature","geometry":{"type":"Point","coordinates":[5.35603,44.69806]},"properties":{"latitude":"44.69806","longitude":"5.35603","bright_ti4":"348.02","scan":"0.46","track":"0.39","acq_date":"2026-07-06","acq_time":"1249","satellite":"N20","instrument":"VIIRS","confidence":"n","version":"2.0NRT","bright_ti5":"309.66","frp":"56.7","daynight":"D","commune":"Solaure en Diois","code_insee":"26001","departement":"Drôme","region":"Auvergne-Rhône-Alpes"}},{"type":"Feature","geometry":{"type":"Point","coordinates":[5.36228,44.69878]},"properties":{"latitude":"44.69878","longitude":"5.36228","bright_ti4":"350.51","scan":"0.46","track":"0.39","acq_date":"2026-07-06","acq_time":"1249","satellite":"N20","instrument":"VIIRS","confidence":"n","version":"2.0NRT","bright_ti5":"314.39","frp":"111.84","daynight":"D","commune":"Solaure en Diois","code_insee":"26001","departement":"Drôme","region":"Auvergne-Rhône-Alpes"}},{"type":"Feature","geometry":{"type":"Point","coordinates":[5.35536,44.70166]},"properties":{"latitude":"44.70166","longitude":"5.35536","bright_ti4":"367","scan":"0.46","track":"0.39","acq_date":"2026-07-06","acq_time":"1249","satellite":"N20","instrument":"VIIRS","confidence":"h","version":"2.0NRT","bright_ti5":"339.98","frp":"56.7","daynight":"D","commune":"Solaure en Diois","code_insee":"26001","departement":"Drôme","region":"Auvergne-Rhône-Alpes"}},{"type":"Feature","geometry":{"type":"Point","coordinates":[5.36158,44.70237]},"properties":{"latitude":"44.70237","longitude":"5.36158","bright_ti4":"367","scan":"0.46","track":"0.39","acq_date":"2026-07-06","acq_time":"1249","satellite":"N20","instrument":"VIIRS","confidence":"l","version":"2.0NRT","bright_ti5":"334.67","frp":"111.84","daynight":"D","commune":"Solaure en Diois","code_insee":"26001","departement":"Drôme","region":"Auvergne-Rhône-Alpes"}},{"type":"Feature","geometry":{"type":"Point","coordinates":[5.3488,44.70457]},"properties":{"latitude":"44.70457","longitude":"5.3488","bright_ti4":"349.23","scan":"0.46","track":"0.39","acq_date":"2026-07-06","acq_time":"1249","satellite":"N20","instrument":"VIIRS","confidence":"n","version":"2.0NRT","bright_ti5":"310.72","frp":"15.73","daynight":"D","commune":"Solaure en Diois","code_insee":"26001","departement":"Drôme","region":"Auvergne-Rhône-Alpes"}},{"type":"Feature","geometry":{"type":"Point","coordinates":[5.35467,44.70525]},"properties":{"latitude":"44.70525","longitude":"5.35467","bright_ti4":"355.64","scan":"0.46","track":"0.39","acq_date":"2026-07-06","acq_time":"1249","satellite":"N20","instrument":"VIIRS","confidence":"n","version":"2.0NRT","bright_ti5":"309.73","frp":"15.73","daynight":"D","commune":"Solaure en Diois","code_insee":"26001","departement":"Drôme","region":"Auvergne-Rhône-Alpes"}},{"type":"Feature","geometry":{"type":"Point","coordinates":[5.36088,44.70597]},"properties":{"latitude":"44.70597","longitude":"5.36088","bright_ti4":"367","scan":"0.46","track":"0.39","acq_date":"2026-07-06","acq_time":"1249","satellite":"N20","instrument":"VIIRS","confidence":"l","version":"2.0NRT","bright_ti5":"326.45","frp":"85.2","daynight":"D","commune":"Solaure en Diois","code_insee":"26001","departement":"Drôme","region":"Auvergne-Rhône-Alpes"}},{"type":"Feature","geometry":{"type":"Point","coordinates":[5.34243,44.70752]},"properties":{"latitude":"44.70752","longitude":"5.34243","bright_ti4":"334.92","scan":"0.46","track":"0.39","acq_date":"2026-07-06","acq_time":"1249","satellite":"N20","instrument":"VIIRS","confidence":"l","version":"2.0NRT","bright_ti5":"305.64","frp":"4.59","daynight":"D","commune":"Solaure en Diois","code_insee":"26001","departement":"Drôme","region":"Auvergne-Rhône-Alpes"}},{"type":"Feature","geometry":{"type":"Point","coordinates":[5.34798,44.70816]},"properties":{"latitude":"44.70816","longitude":"5.34798","bright_ti4":"330.88","scan":"0.46","track":"0.39","acq_date":"2026-07-06","acq_time":"1249","satellite":"N20","instrument":"VIIRS","confidence":"l","version":"2.0NRT","bright_ti5":"305","frp":"15.73","daynight":"D","commune":"Solaure en Diois","code_insee":"26001","departement":"Drôme","region":"Auvergne-Rhône-Alpes"}},{"type":"Feature","geometry":{"type":"Point","coordinates":[5.36017,44.70956]},"properties":{"latitude":"44.70956","longitude":"5.36017","bright_ti4":"343.63","scan":"0.46","track":"0.39","acq_date":"2026-07-06","acq_time":"1249","satellite":"N20","instrument":"VIIRS","confidence":"n","version":"2.0NRT","bright_ti5":"305.63","frp":"85.2","daynight":"D","commune":"Solaure en Diois","code_insee":"26001","departement":"Drôme","region":"Auvergne-Rhône-Alpes"}},{"type":"Feature","geometry":{"type":"Point","coordinates":[5.34163,44.71109]},"properties":{"latitude":"44.71109","longitude":"5.34163","bright_ti4":"350.84","scan":"0.46","track":"0.39","acq_date":"2026-07-06","acq_time":"1249","satellite":"N20","instrument":"VIIRS","confidence":"n","version":"2.0NRT","bright_ti5":"311.06","frp":"12.36","daynight":"D","commune":"Solaure en Diois","code_insee":"26001","departement":"Drôme","region":"Auvergne-Rhône-Alpes"}},{"type":"Feature","geometry":{"type":"Point","coordinates":[5.33559,44.71407]},"properties":{"latitude":"44.71407","longitude":"5.33559","bright_ti4":"332.47","scan":"0.46","track":"0.39","acq_date":"2026-07-06","acq_time":"1249","satellite":"N20","instrument":"VIIRS","confidence":"l","version":"2.0NRT","bright_ti5":"302.77","frp":"12.36","daynight":"D","commune":"Barsac","code_insee":"26027","departement":"Drôme","region":"Auvergne-Rhône-Alpes"}},{"type":"Feature","geometry":{"type":"Point","coordinates":[5.34093,44.71469]},"properties":{"latitude":"44.71469","longitude":"5.34093","bright_ti4":"337.44","scan":"0.46","track":"0.39","acq_date":"2026-07-06","acq_time":"1249","satellite":"N20","instrument":"VIIRS","confidence":"n","version":"2.0NRT","bright_ti5":"301.98","frp":"12.36","daynight":"D","commune":"Barsac","code_insee":"26027","departement":"Drôme","region":"Auvergne-Rhône-Alpes"}},{"type":"Feature","geometry":{"type":"Point","coordinates":[-0.8087,44.71746]},"properties":{"latitude":"44.71746","longitude":"-0.8087","bright_ti4":"341.81","scan":"0.4","track":"0.37","acq_date":"2026-07-06","acq_time":"1249","satellite":"N20","instrument":"VIIRS","confidence":"l","version":"2.0NRT","bright_ti5":"316.32","frp":"3.23","daynight":"D","commune":"Cestas","code_insee":"33122","departement":"Gironde","region":"Nouvelle-Aquitaine"}},{"type":"Feature","geometry":{"type":"Point","coordinates":[5.3349,44.71767]},"properties":{"latitude":"44.71767","longitude":"5.3349","bright_ti4":"335.02","scan":"0.46","track":"0.39","acq_date":"2026-07-06","acq_time":"1249","satellite":"N20","instrument":"VIIRS","confidence":"n","version":"2.0NRT","bright_ti5":"304.36","frp":"5.1","daynight":"D","commune":"Barsac","code_insee":"26027","departement":"Drôme","region":"Auvergne-Rhône-Alpes"}},{"type":"Feature","geometry":{"type":"Point","coordinates":[-0.81473,44.71992]},"properties":{"latitude":"44.71992","longitude":"-0.81473","bright_ti4":"344.68","scan":"0.4","track":"0.37","acq_date":"2026-07-06","acq_time":"1249","satellite":"N20","instrument":"VIIRS","confidence":"l","version":"2.0NRT","bright_ti5":"316.17","frp":"6.77","daynight":"D","commune":"Cestas","code_insee":"33122","departement":"Gironde","region":"Nouvelle-Aquitaine"}},{"type":"Feature","geometry":{"type":"Point","coordinates":[5.32379,44.72005]},"properties":{"latitude":"44.72005","longitude":"5.32379","bright_ti4":"341.45","scan":"0.46","track":"0.39","acq_date":"2026-07-06","acq_time":"1249","satellite":"N20","instrument":"VIIRS","confidence":"n","version":"2.0NRT","bright_ti5":"306.07","frp":"4.08","daynight":"D","commune":"Barsac","code_insee":"26027","departement":"Drôme","region":"Auvergne-Rhône-Alpes"}},{"type":"Feature","geometry":{"type":"Point","coordinates":[5.329,44.72066]},"properties":{"latitude":"44.72066","longitude":"5.329","bright_ti4":"346.35","scan":"0.46","track":"0.39","acq_date":"2026-07-06","acq_time":"1249","satellite":"N20","instrument":"VIIRS","confidence":"n","version":"2.0NRT","bright_ti5":"305.37","frp":"4.08","daynight":"D","commune":"Barsac","code_insee":"26027","departement":"Drôme","region":"Auvergne-Rhône-Alpes"}},{"type":"Feature","geometry":{"type":"Point","coordinates":[-0.80981,44.72076]},"properties":{"latitude":"44.72076","longitude":"-0.80981","bright_ti4":"346.1","scan":"0.4","track":"0.37","acq_date":"2026-07-06","acq_time":"1249","satellite":"N20","instrument":"VIIRS","confidence":"l","version":"2.0NRT","bright_ti5":"316.45","frp":"3.23","daynight":"D","commune":"Cestas","code_insee":"33122","departement":"Gironde","region":"Nouvelle-Aquitaine"}},{"type":"Feature","geometry":{"type":"Point","coordinates":[-0.80489,44.7216]},"properties":{"latitude":"44.7216","longitude":"-0.80489","bright_ti4":"340.58","scan":"0.4","track":"0.37","acq_date":"2026-07-06","acq_time":"1249","satellite":"N20","instrument":"VIIRS","confidence":"l","version":"2.0NRT","bright_ti5":"315.01","frp":"3.23","daynight":"D","commune":"Cestas","code_insee":"33122","departement":"Gironde","region":"Nouvelle-Aquitaine"}},{"type":"Feature","geometry":{"type":"Point","coordinates":[-0.82076,44.72238]},"properties":{"latitude":"44.72238","longitude":"-0.82076","bright_ti4":"344.66","scan":"0.4","track":"0.37","acq_date":"2026-07-06","acq_time":"1249","satellite":"N20","instrument":"VIIRS","confidence":"n","version":"2.0NRT","bright_ti5":"316.95","frp":"3.09","daynight":"D","commune":"Cestas","code_insee":"33122","departement":"Gironde","region":"Nouvelle-Aquitaine"}},{"type":"Feature","geometry":{"type":"Point","coordinates":[5.34561,44.72259]},"properties":{"latitude":"44.72259","longitude":"5.34561","bright_ti4":"340.5","scan":"0.46","track":"0.39","acq_date":"2026-07-06","acq_time":"1249","satellite":"N20","instrument":"VIIRS","confidence":"n","version":"2.0NRT","bright_ti5":"305.64","frp":"5.72","daynight":"D","commune":"Die","code_insee":"26113","departement":"Drôme","region":"Auvergne-Rhône-Alpes"}},{"type":"Feature","geometry":{"type":"Point","coordinates":[5.31762,44.72301]},"properties":{"latitude":"44.72301","longitude":"5.31762","bright_ti4":"332.73","scan":"0.46","track":"0.39","acq_date":"2026-07-06","acq_time":"1249","satellite":"N20","instrument":"VIIRS","confidence":"l","version":"2.0NRT","bright_ti5":"307.06","frp":"4.37","daynight":"D","commune":"Barsac","code_insee":"26027","departement":"Drôme","region":"Auvergne-Rhône-Alpes"}},{"type":"Feature","geometry":{"type":"Point","coordinates":[-0.81584,44.72322]},"properties":{"latitude":"44.72322","longitude":"-0.81584","bright_ti4":"346.55","scan":"0.4","track":"0.37","acq_date":"2026-07-06","acq_time":"1249","satellite":"N20","instrument":"VIIRS","confidence":"n","version":"2.0NRT","bright_ti5":"316.75","frp":"3.09","daynight":"D","commune":"Cestas","code_insee":"33122","departement":"Gironde","region":"Nouvelle-Aquitaine"}},{"type":"Feature","geometry":{"type":"Point","coordinates":[-0.81092,44.72406]},"properties":{"latitude":"44.72406","longitude":"-0.81092","bright_ti4":"345.99","scan":"0.4","track":"0.37","acq_date":"2026-07-06","acq_time":"1249","satellite":"N20","instrument":"VIIRS","confidence":"l","version":"2.0NRT","bright_ti5":"316.46","frp":"5.35","daynight":"D","commune":"Cestas","code_insee":"33122","departement":"Gironde","region":"Nouvelle-Aquitaine"}},{"type":"Feature","geometry":{"type":"Point","coordinates":[-0.82188,44.72568]},"properties":{"latitude":"44.72568","longitude":"-0.82188","bright_ti4":"344.03","scan":"0.4","track":"0.37","acq_date":"2026-07-06","acq_time":"1249","satellite":"N20","instrument":"VIIRS","confidence":"l","version":"2.0NRT","bright_ti5":"315.82","frp":"3.09","daynight":"D","commune":"Cestas","code_insee":"33122","departement":"Gironde","region":"Nouvelle-Aquitaine"}},{"type":"Feature","geometry":{"type":"Point","coordinates":[-0.81695,44.72652]},"properties":{"latitude":"44.72652","longitude":"-0.81695","bright_ti4":"344.34","scan":"0.4","track":"0.37","acq_date":"2026-07-06","acq_time":"1249","satellite":"N20","instrument":"VIIRS","confidence":"l","version":"2.0NRT","bright_ti5":"315.93","frp":"3.09","daynight":"D","commune":"Cestas","code_insee":"33122","departement":"Gironde","region":"Nouvelle-Aquitaine"}},{"type":"Feature","geometry":{"type":"Point","coordinates":[-0.81203,44.72736]},"properties":{"latitude":"44.72736","longitude":"-0.81203","bright_ti4":"344.97","scan":"0.4","track":"0.37","acq_date":"2026-07-06","acq_time":"1249","satellite":"N20","instrument":"VIIRS","confidence":"l","version":"2.0NRT","bright_ti5":"316.37","frp":"5.35","daynight":"D","commune":"Cestas","code_insee":"33122","departement":"Gironde","region":"Nouvelle-Aquitaine"}},{"type":"Feature","geometry":{"type":"Point","coordinates":[-0.81806,44.72982]},"properties":{"latitude":"44.72982","longitude":"-0.81806","bright_ti4":"344.04","scan":"0.4","track":"0.37","acq_date":"2026-07-06","acq_time":"1249","satellite":"N20","instrument":"VIIRS","confidence":"l","version":"2.0NRT","bright_ti5":"316.13","frp":"6.36","daynight":"D","commune":"Cestas","code_insee":"33122","departement":"Gironde","region":"Nouvelle-Aquitaine"}},{"type":"Feature","geometry":{"type":"Point","coordinates":[-0.81314,44.73066]},"properties":{"latitude":"44.73066","longitude":"-0.81314","bright_ti4":"344.87","scan":"0.4","track":"0.37","acq_date":"2026-07-06","acq_time":"1249","satellite":"N20","instrument":"VIIRS","confidence":"l","version":"2.0NRT","bright_ti5":"315.89","frp":"6.46","daynight":"D","commune":"Cestas","code_insee":"33122","departement":"Gironde","region":"Nouvelle-Aquitaine"}},{"type":"Feature","geometry":{"type":"Point","coordinates":[5.3264,44.73138]},"properties":{"latitude":"44.73138","longitude":"5.3264","bright_ti4":"346.47","scan":"0.46","track":"0.39","acq_date":"2026-07-06","acq_time":"1249","satellite":"N20","instrument":"VIIRS","confidence":"n","version":"2.0NRT","bright_ti5":"308.34","frp":"14.47","daynight":"D","commune":"Die","code_insee":"26113","departement":"Drôme","region":"Auvergne-Rhône-Alpes"}},{"type":"Feature","geometry":{"type":"Point","coordinates":[5.33217,44.73205]},"properties":{"latitude":"44.73205","longitude":"5.33217","bright_ti4":"338.23","scan":"0.46","track":"0.39","acq_date":"2026-07-06","acq_time":"1249","satellite":"N20","instrument":"VIIRS","confidence":"n","version":"2.0NRT","bright_ti5":"308.16","frp":"9.91","daynight":"D","commune":"Die","code_insee":"26113","departement":"Drôme","region":"Auvergne-Rhône-Alpes"}},{"type":"Feature","geometry":{"type":"Point","coordinates":[5.32584,44.73499]},"properties":{"latitude":"44.73499","longitude":"5.32584","bright_ti4":"353.91","scan":"0.46","track":"0.39","acq_date":"2026-07-06","acq_time":"1249","satellite":"N20","instrument":"VIIRS","confidence":"n","version":"2.0NRT","bright_ti5":"310.74","frp":"14.47","daynight":"D","commune":"Die","code_insee":"26113","departement":"Drôme","region":"Auvergne-Rhône-Alpes"}},{"type":"Feature","geometry":{"type":"Point","coordinates":[3.78407,44.81665]},"properties":{"latitude":"44.81665","longitude":"3.78407","bright_ti4":"344.13","scan":"0.42","track":"0.37","acq_date":"2026-07-06","acq_time":"1249","satellite":"N20","instrument":"VIIRS","confidence":"l","version":"2.0NRT","bright_ti5":"315.54","frp":"64.04","daynight":"D","commune":"Rauret","code_insee":"43160","departement":"Haute-Loire","region":"Auvergne-Rhône-Alpes"}},{"type":"Feature","geometry":{"type":"Point","coordinates":[2.80476,46.19026]},"properties":{"latitude":"46.19026","longitude":"2.80476","bright_ti4":"348.35","scan":"0.4","track":"0.37","acq_date":"2026-07-06","acq_time":"1249","satellite":"N20","instrument":"VIIRS","confidence":"n","version":"2.0NRT","bright_ti5":"315.6","frp":"9.14","daynight":"D","commune":"Montaigut-en-Combraille","code_insee":"63233","departement":"Puy-de-Dôme","region":"Auvergne-Rhône-Alpes"}},{"type":"Feature","geometry":{"type":"Point","coordinates":[0.78562,47.3009]},"properties":{"latitude":"47.3009","longitude":"0.78562","bright_ti4":"348.11","scan":"0.39","track":"0.36","acq_date":"2026-07-06","acq_time":"1249","satellite":"N20","instrument":"VIIRS","confidence":"n","version":"2.0NRT","bright_ti5":"318.21","frp":"7.76","daynight":"D","commune":"Esvres","code_insee":"37104","departement":"Indre-et-Loire","region":"Centre-Val de Loire"}},{"type":"Feature","geometry":{"type":"Point","coordinates":[3.97982,48.53267]},"properties":{"latitude":"48.53267","longitude":"3.97982","bright_ti4":"333.61","scan":"0.45","track":"0.39","acq_date":"2026-07-06","acq_time":"1249","satellite":"N20","instrument":"VIIRS","confidence":"l","version":"2.0NRT","bright_ti5":"304.49","frp":"2.07","daynight":"D","commune":"Rhèges","code_insee":"10316","departement":"Aube","region":"Grand Est"}},{"type":"Feature","geometry":{"type":"Point","coordinates":[-0.84263,48.79899]},"properties":{"latitude":"48.79899","longitude":"-0.84263","bright_ti4":"334.35","scan":"0.38","track":"0.36","acq_date":"2026-07-06","acq_time":"1251","satellite":"N20","instrument":"VIIRS","confidence":"l","version":"2.0NRT","bright_ti5":"306.84","frp":"5.95","daynight":"D","commune":"Vire Normandie","code_insee":"14762","departement":"Calvados","region":"Normandie"}},{"type":"Feature","geometry":{"type":"Point","coordinates":[1.02885,49.12608]},"properties":{"latitude":"49.12608","longitude":"1.02885","bright_ti4":"345.41","scan":"0.39","track":"0.37","acq_date":"2026-07-06","acq_time":"1251","satellite":"N20","instrument":"VIIRS","confidence":"n","version":"2.0NRT","bright_ti5":"310.38","frp":"10.53","daynight":"D","commune":"Feuguerolles","code_insee":"27241","departement":"Eure","region":"Normandie"}},{"type":"Feature","geometry":{"type":"Point","coordinates":[1.03421,49.12682]},"properties":{"latitude":"49.12682","longitude":"1.03421","bright_ti4":"345.27","scan":"0.39","track":"0.37","acq_date":"2026-07-06","acq_time":"1251","satellite":"N20","instrument":"VIIRS","confidence":"n","version":"2.0NRT","bright_ti5":"307.24","frp":"10.53","daynight":"D","commune":"Feuguerolles","code_insee":"27241","departement":"Eure","region":"Normandie"}},{"type":"Feature","geometry":{"type":"Point","coordinates":[2.32166,51.04582]},"properties":{"latitude":"51.04582","longitude":"2.32166","bright_ti4":"331.97","scan":"0.43","track":"0.38","acq_date":"2026-07-06","acq_time":"1251","satellite":"N20","instrument":"VIIRS","confidence":"n","version":"2.0NRT","bright_ti5":"297.62","frp":"3.87","daynight":"D","commune":"Dunkerque","code_insee":"59183","departement":"Nord","region":"Hauts-de-France"}},{"type":"Feature","geometry":{"type":"Point","coordinates":[5.35635,44.70234]},"properties":{"latitude":"44.70234","longitude":"5.35635","bright_ti4":"301.89","scan":"0.63","track":"0.72","acq_date":"2026-07-06","acq_time":"30","satellite":"N21","instrument":"VIIRS","confidence":"n","version":"2.0NRT","bright_ti5":"289.47","frp":"8.5","daynight":"N","commune":"Solaure en Diois","code_insee":"26001","departement":"Drôme","region":"Auvergne-Rhône-Alpes"}},{"type":"Feature","geometry":{"type":"Point","coordinates":[5.3487,44.70238]},"properties":{"latitude":"44.70238","longitude":"5.3487","bright_ti4":"367","scan":"0.63","track":"0.72","acq_date":"2026-07-06","acq_time":"30","satellite":"N21","instrument":"VIIRS","confidence":"h","version":"2.0NRT","bright_ti5":"293.2","frp":"8.5","daynight":"N","commune":"Solaure en Diois","code_insee":"26001","departement":"Drôme","region":"Auvergne-Rhône-Alpes"}},{"type":"Feature","geometry":{"type":"Point","coordinates":[5.35963,44.70666]},"properties":{"latitude":"44.70666","longitude":"5.35963","bright_ti4":"307.94","scan":"0.63","track":"0.72","acq_date":"2026-07-06","acq_time":"30","satellite":"N21","instrument":"VIIRS","confidence":"n","version":"2.0NRT","bright_ti5":"289.95","frp":"37.85","daynight":"N","commune":"Solaure en Diois","code_insee":"26001","departement":"Drôme","region":"Auvergne-Rhône-Alpes"}},{"type":"Feature","geometry":{"type":"Point","coordinates":[5.35345,44.70667]},"properties":{"latitude":"44.70667","longitude":"5.35345","bright_ti4":"350.04","scan":"0.63","track":"0.72","acq_date":"2026-07-06","acq_time":"30","satellite":"N21","instrument":"VIIRS","confidence":"n","version":"2.0NRT","bright_ti5":"307.45","frp":"37.85","daynight":"N","commune":"Solaure en Diois","code_insee":"26001","departement":"Drôme","region":"Auvergne-Rhône-Alpes"}},{"type":"Feature","geometry":{"type":"Point","coordinates":[5.34534,44.70668]},"properties":{"latitude":"44.70668","longitude":"5.34534","bright_ti4":"367","scan":"0.63","track":"0.72","acq_date":"2026-07-06","acq_time":"30","satellite":"N21","instrument":"VIIRS","confidence":"h","version":"2.0NRT","bright_ti5":"300.39","frp":"27.63","daynight":"N","commune":"Solaure en Diois","code_insee":"26001","departement":"Drôme","region":"Auvergne-Rhône-Alpes"}},{"type":"Feature","geometry":{"type":"Point","coordinates":[5.35535,44.70897]},"properties":{"latitude":"44.70897","longitude":"5.35535","bright_ti4":"339.39","scan":"0.63","track":"0.72","acq_date":"2026-07-06","acq_time":"30","satellite":"N21","instrument":"VIIRS","confidence":"n","version":"2.0NRT","bright_ti5":"303.6","frp":"64.95","daynight":"N","commune":"Solaure en Diois","code_insee":"26001","departement":"Drôme","region":"Auvergne-Rhône-Alpes"}},{"type":"Feature","geometry":{"type":"Point","coordinates":[5.3487,44.709]},"properties":{"latitude":"44.709","longitude":"5.3487","bright_ti4":"367","scan":"0.63","track":"0.72","acq_date":"2026-07-06","acq_time":"30","satellite":"N21","instrument":"VIIRS","confidence":"h","version":"2.0NRT","bright_ti5":"303.76","frp":"64.95","daynight":"N","commune":"Solaure en Diois","code_insee":"26001","departement":"Drôme","region":"Auvergne-Rhône-Alpes"}},{"type":"Feature","geometry":{"type":"Point","coordinates":[5.33831,44.70906]},"properties":{"latitude":"44.70906","longitude":"5.33831","bright_ti4":"316.24","scan":"0.63","track":"0.72","acq_date":"2026-07-06","acq_time":"30","satellite":"N21","instrument":"VIIRS","confidence":"n","version":"2.0NRT","bright_ti5":"290.51","frp":"19.58","daynight":"N","commune":"Solaure en Diois","code_insee":"26001","departement":"Drôme","region":"Auvergne-Rhône-Alpes"}},{"type":"Feature","geometry":{"type":"Point","coordinates":[5.35221,44.71329]},"properties":{"latitude":"44.71329","longitude":"5.35221","bright_ti4":"367","scan":"0.63","track":"0.72","acq_date":"2026-07-06","acq_time":"30","satellite":"N21","instrument":"VIIRS","confidence":"h","version":"2.0NRT","bright_ti5":"292.8","frp":"37.85","daynight":"N","commune":"Die","code_insee":"26113","departement":"Drôme","region":"Auvergne-Rhône-Alpes"}},{"type":"Feature","geometry":{"type":"Point","coordinates":[5.34551,44.7133]},"properties":{"latitude":"44.7133","longitude":"5.34551","bright_ti4":"306.99","scan":"0.63","track":"0.72","acq_date":"2026-07-06","acq_time":"30","satellite":"N21","instrument":"VIIRS","confidence":"n","version":"2.0NRT","bright_ti5":"290.26","frp":"27.63","daynight":"N","commune":"Solaure en Diois","code_insee":"26001","departement":"Drôme","region":"Auvergne-Rhône-Alpes"}},{"type":"Feature","geometry":{"type":"Point","coordinates":[5.33229,44.71332]},"properties":{"latitude":"44.71332","longitude":"5.33229","bright_ti4":"302.84","scan":"0.63","track":"0.72","acq_date":"2026-07-06","acq_time":"30","satellite":"N21","instrument":"VIIRS","confidence":"n","version":"2.0NRT","bright_ti5":"289.48","frp":"27.63","daynight":"N","commune":"Barsac","code_insee":"26027","departement":"Drôme","region":"Auvergne-Rhône-Alpes"}},{"type":"Feature","geometry":{"type":"Point","coordinates":[5.66676,45.23228]},"properties":{"latitude":"45.23228","longitude":"5.66676","bright_ti4":"300.73","scan":"0.61","track":"0.71","acq_date":"2026-07-06","acq_time":"30","satellite":"N21","instrument":"VIIRS","confidence":"n","version":"2.0NRT","bright_ti5":"290.02","frp":"0.59","daynight":"N","commune":"Saint-Égrève","code_insee":"38382","departement":"Isère","region":"Auvergne-Rhône-Alpes"}},{"type":"Feature","geometry":{"type":"Point","coordinates":[6.11234,48.60815]},"properties":{"latitude":"48.60815","longitude":"6.11234","bright_ti4":"297.42","scan":"0.6","track":"0.7","acq_date":"2026-07-06","acq_time":"30","satellite":"N21","instrument":"VIIRS","confidence":"n","version":"2.0NRT","bright_ti5":"280.31","frp":"1.74","daynight":"N","commune":"Neuves-Maisons","code_insee":"54397","departement":"Meurthe-et-Moselle","region":"Grand Est"}},{"type":"Feature","geometry":{"type":"Point","coordinates":[5.35248,44.70289]},"properties":{"latitude":"44.70289","longitude":"5.35248","bright_ti4":"315.95","scan":"0.43","track":"0.46","acq_date":"2026-07-06","acq_time":"211","satellite":"N21","instrument":"VIIRS","confidence":"n","version":"2.0NRT","bright_ti5":"291.48","frp":"1.67","daynight":"N","commune":"Solaure en Diois","code_insee":"26001","departement":"Drôme","region":"Auvergne-Rhône-Alpes"}},{"type":"Feature","geometry":{"type":"Point","coordinates":[5.34745,44.70406]},"properties":{"latitude":"44.70406","longitude":"5.34745","bright_ti4":"314.06","scan":"0.43","track":"0.46","acq_date":"2026-07-06","acq_time":"211","satellite":"N21","instrument":"VIIRS","confidence":"n","version":"2.0NRT","bright_ti5":"290.65","frp":"1.4","daynight":"N","commune":"Solaure en Diois","code_insee":"26001","departement":"Drôme","region":"Auvergne-Rhône-Alpes"}},{"type":"Feature","geometry":{"type":"Point","coordinates":[5.35475,44.7068]},"properties":{"latitude":"44.7068","longitude":"5.35475","bright_ti4":"345.7","scan":"0.43","track":"0.46","acq_date":"2026-07-06","acq_time":"211","satellite":"N21","instrument":"VIIRS","confidence":"n","version":"2.0NRT","bright_ti5":"295.86","frp":"5.79","daynight":"N","commune":"Solaure en Diois","code_insee":"26001","departement":"Drôme","region":"Auvergne-Rhône-Alpes"}},{"type":"Feature","geometry":{"type":"Point","coordinates":[5.3493,44.70808]},"properties":{"latitude":"44.70808","longitude":"5.3493","bright_ti4":"332.65","scan":"0.43","track":"0.46","acq_date":"2026-07-06","acq_time":"211","satellite":"N21","instrument":"VIIRS","confidence":"n","version":"2.0NRT","bright_ti5":"295.82","frp":"3.93","daynight":"N","commune":"Solaure en Diois","code_insee":"26001","departement":"Drôme","region":"Auvergne-Rhône-Alpes"}},{"type":"Feature","geometry":{"type":"Point","coordinates":[5.34425,44.70926]},"properties":{"latitude":"44.70926","longitude":"5.34425","bright_ti4":"348.73","scan":"0.43","track":"0.46","acq_date":"2026-07-06","acq_time":"211","satellite":"N21","instrument":"VIIRS","confidence":"n","version":"2.0NRT","bright_ti5":"296.07","frp":"3.93","daynight":"N","commune":"Solaure en Diois","code_insee":"26001","departement":"Drôme","region":"Auvergne-Rhône-Alpes"}},{"type":"Feature","geometry":{"type":"Point","coordinates":[5.35717,44.71068]},"properties":{"latitude":"44.71068","longitude":"5.35717","bright_ti4":"315.76","scan":"0.43","track":"0.46","acq_date":"2026-07-06","acq_time":"211","satellite":"N21","instrument":"VIIRS","confidence":"n","version":"2.0NRT","bright_ti5":"291.03","frp":"5.79","daynight":"N","commune":"Solaure en Diois","code_insee":"26001","departement":"Drôme","region":"Auvergne-Rhône-Alpes"}},{"type":"Feature","geometry":{"type":"Point","coordinates":[5.35152,44.712]},"properties":{"latitude":"44.712","longitude":"5.35152","bright_ti4":"301.6","scan":"0.43","track":"0.46","acq_date":"2026-07-06","acq_time":"211","satellite":"N21","instrument":"VIIRS","confidence":"n","version":"2.0NRT","bright_ti5":"290.68","frp":"3.93","daynight":"N","commune":"Solaure en Diois","code_insee":"26001","departement":"Drôme","region":"Auvergne-Rhône-Alpes"}},{"type":"Feature","geometry":{"type":"Point","coordinates":[5.34594,44.7133]},"properties":{"latitude":"44.7133","longitude":"5.34594","bright_ti4":"315.2","scan":"0.43","track":"0.46","acq_date":"2026-07-06","acq_time":"211","satellite":"N21","instrument":"VIIRS","confidence":"n","version":"2.0NRT","bright_ti5":"291.29","frp":"3.93","daynight":"N","commune":"Die","code_insee":"26113","departement":"Drôme","region":"Auvergne-Rhône-Alpes"}},{"type":"Feature","geometry":{"type":"Point","coordinates":[5.33677,44.71545]},"properties":{"latitude":"44.71545","longitude":"5.33677","bright_ti4":"304.73","scan":"0.43","track":"0.46","acq_date":"2026-07-06","acq_time":"211","satellite":"N21","instrument":"VIIRS","confidence":"n","version":"2.0NRT","bright_ti5":"292.11","frp":"2.29","daynight":"N","commune":"Barsac","code_insee":"26027","departement":"Drôme","region":"Auvergne-Rhône-Alpes"}},{"type":"Feature","geometry":{"type":"Point","coordinates":[5.33407,44.72052]},"properties":{"latitude":"44.72052","longitude":"5.33407","bright_ti4":"321.98","scan":"0.43","track":"0.46","acq_date":"2026-07-06","acq_time":"211","satellite":"N21","instrument":"VIIRS","confidence":"n","version":"2.0NRT","bright_ti5":"292.95","frp":"2.11","daynight":"N","commune":"Barsac","code_insee":"26027","departement":"Drôme","region":"Auvergne-Rhône-Alpes"}},{"type":"Feature","geometry":{"type":"Point","coordinates":[5.3297,44.72154]},"properties":{"latitude":"44.72154","longitude":"5.3297","bright_ti4":"314.27","scan":"0.43","track":"0.46","acq_date":"2026-07-06","acq_time":"211","satellite":"N21","instrument":"VIIRS","confidence":"n","version":"2.0NRT","bright_ti5":"292.69","frp":"2.11","daynight":"N","commune":"Barsac","code_insee":"26027","departement":"Drôme","region":"Auvergne-Rhône-Alpes"}},{"type":"Feature","geometry":{"type":"Point","coordinates":[5.34607,44.72216]},"properties":{"latitude":"44.72216","longitude":"5.34607","bright_ti4":"308.59","scan":"0.43","track":"0.46","acq_date":"2026-07-06","acq_time":"211","satellite":"N21","instrument":"VIIRS","confidence":"n","version":"2.0NRT","bright_ti5":"290.67","frp":"2.17","daynight":"N","commune":"Die","code_insee":"26113","departement":"Drôme","region":"Auvergne-Rhône-Alpes"}},{"type":"Feature","geometry":{"type":"Point","coordinates":[5.32522,44.72259]},"properties":{"latitude":"44.72259","longitude":"5.32522","bright_ti4":"319.16","scan":"0.43","track":"0.46","acq_date":"2026-07-06","acq_time":"211","satellite":"N21","instrument":"VIIRS","confidence":"n","version":"2.0NRT","bright_ti5":"292.86","frp":"2.56","daynight":"N","commune":"Barsac","code_insee":"26027","departement":"Drôme","region":"Auvergne-Rhône-Alpes"}},{"type":"Feature","geometry":{"type":"Point","coordinates":[5.32069,44.72364]},"properties":{"latitude":"44.72364","longitude":"5.32069","bright_ti4":"323.14","scan":"0.43","track":"0.46","acq_date":"2026-07-06","acq_time":"211","satellite":"N21","instrument":"VIIRS","confidence":"n","version":"2.0NRT","bright_ti5":"294.1","frp":"2.56","daynight":"N","commune":"Barsac","code_insee":"26027","departement":"Drôme","region":"Auvergne-Rhône-Alpes"}},{"type":"Feature","geometry":{"type":"Point","coordinates":[5.32803,44.73081]},"properties":{"latitude":"44.73081","longitude":"5.32803","bright_ti4":"302.46","scan":"0.43","track":"0.46","acq_date":"2026-07-06","acq_time":"211","satellite":"N21","instrument":"VIIRS","confidence":"n","version":"2.0NRT","bright_ti5":"291.23","frp":"1.05","daynight":"N","commune":"Die","code_insee":"26113","departement":"Drôme","region":"Auvergne-Rhône-Alpes"}},{"type":"Feature","geometry":{"type":"Point","coordinates":[5.32313,44.73195]},"properties":{"latitude":"44.73195","longitude":"5.32313","bright_ti4":"310.03","scan":"0.43","track":"0.46","acq_date":"2026-07-06","acq_time":"211","satellite":"N21","instrument":"VIIRS","confidence":"n","version":"2.0NRT","bright_ti5":"292.1","frp":"1.05","daynight":"N","commune":"Die","code_insee":"26113","departement":"Drôme","region":"Auvergne-Rhône-Alpes"}},{"type":"Feature","geometry":{"type":"Point","coordinates":[5.66796,45.22889]},"properties":{"latitude":"45.22889","longitude":"5.66796","bright_ti4":"305.59","scan":"0.43","track":"0.46","acq_date":"2026-07-06","acq_time":"211","satellite":"N21","instrument":"VIIRS","confidence":"n","version":"2.0NRT","bright_ti5":"292.07","frp":"0.62","daynight":"N","commune":"Saint-Égrève","code_insee":"38382","departement":"Isère","region":"Auvergne-Rhône-Alpes"}},{"type":"Feature","geometry":{"type":"Point","coordinates":[6.70555,45.43843]},"properties":{"latitude":"45.43843","longitude":"6.70555","bright_ti4":"301.8","scan":"0.48","track":"0.48","acq_date":"2026-07-06","acq_time":"211","satellite":"N21","instrument":"VIIRS","confidence":"n","version":"2.0NRT","bright_ti5":"285.12","frp":"1.01","daynight":"N","commune":"Planay","code_insee":"73201","departement":"Savoie","region":"Auvergne-Rhône-Alpes"}},{"type":"Feature","geometry":{"type":"Point","coordinates":[6.70146,45.43943]},"properties":{"latitude":"45.43943","longitude":"6.70146","bright_ti4":"296.5","scan":"0.48","track":"0.48","acq_date":"2026-07-06","acq_time":"211","satellite":"N21","instrument":"VIIRS","confidence":"n","version":"2.0NRT","bright_ti5":"285.21","frp":"1.01","daynight":"N","commune":"Planay","code_insee":"73201","departement":"Savoie","region":"Auvergne-Rhône-Alpes"}},{"type":"Feature","geometry":{"type":"Point","coordinates":[5.82065,45.91051]},"properties":{"latitude":"45.91051","longitude":"5.82065","bright_ti4":"306.44","scan":"0.42","track":"0.45","acq_date":"2026-07-06","acq_time":"211","satellite":"N21","instrument":"VIIRS","confidence":"n","version":"2.0NRT","bright_ti5":"291.79","frp":"1.26","daynight":"N","commune":"Anglefort","code_insee":"01010","departement":"Ain","region":"Auvergne-Rhône-Alpes"}},{"type":"Feature","geometry":{"type":"Point","coordinates":[0.23321,45.97565]},"properties":{"latitude":"45.97565","longitude":"0.23321","bright_ti4":"304.14","scan":"0.41","track":"0.37","acq_date":"2026-07-06","acq_time":"211","satellite":"N21","instrument":"VIIRS","confidence":"n","version":"2.0NRT","bright_ti5":"289.08","frp":"0.78","daynight":"N","commune":"Verteuil-sur-Charente","code_insee":"16400","departement":"Charente","region":"Nouvelle-Aquitaine"}},{"type":"Feature","geometry":{"type":"Point","coordinates":[0.27814,46.39151]},"properties":{"latitude":"46.39151","longitude":"0.27814","bright_ti4":"330.7","scan":"0.41","track":"0.37","acq_date":"2026-07-06","acq_time":"211","satellite":"N21","instrument":"VIIRS","confidence":"n","version":"2.0NRT","bright_ti5":"292.31","frp":"6.8","daynight":"N","commune":"Vivonne","code_insee":"86293","departement":"Vienne","region":"Nouvelle-Aquitaine"}},{"type":"Feature","geometry":{"type":"Point","coordinates":[-0.38046,46.70634]},"properties":{"latitude":"46.70634","longitude":"-0.38046","bright_ti4":"315.25","scan":"0.39","track":"0.36","acq_date":"2026-07-06","acq_time":"211","satellite":"N21","instrument":"VIIRS","confidence":"n","version":"2.0NRT","bright_ti5":"290.07","frp":"2.01","daynight":"N","commune":"Clessé","code_insee":"79094","departement":"Deux-Sèvres","region":"Nouvelle-Aquitaine"}},{"type":"Feature","geometry":{"type":"Point","coordinates":[1.29549,47.4494]},"properties":{"latitude":"47.4494","longitude":"1.29549","bright_ti4":"305.42","scan":"0.42","track":"0.37","acq_date":"2026-07-06","acq_time":"211","satellite":"N21","instrument":"VIIRS","confidence":"n","version":"2.0NRT","bright_ti5":"287.47","frp":"0.67","daynight":"N","commune":"Monthou-sur-Bièvre","code_insee":"41145","departement":"Loir-et-Cher","region":"Centre-Val de Loire"}},{"type":"Feature","geometry":{"type":"Point","coordinates":[0.31287,47.52256]},"properties":{"latitude":"47.52256","longitude":"0.31287","bright_ti4":"305.99","scan":"0.4","track":"0.37","acq_date":"2026-07-06","acq_time":"211","satellite":"N21","instrument":"VIIRS","confidence":"n","version":"2.0NRT","bright_ti5":"285.37","frp":"0.66","daynight":"N","commune":"Saint-Laurent-de-Lin","code_insee":"37223","departement":"Indre-et-Loire","region":"Centre-Val de Loire"}},{"type":"Feature","geometry":{"type":"Point","coordinates":[7.23738,47.62974]},"properties":{"latitude":"47.62974","longitude":"7.23738","bright_ti4":"298","scan":"0.44","track":"0.46","acq_date":"2026-07-06","acq_time":"211","satellite":"N21","instrument":"VIIRS","confidence":"n","version":"2.0NRT","bright_ti5":"285.54","frp":"0.87","daynight":"N","commune":"Altkirch","code_insee":"68004","departement":"Haut-Rhin","region":"Grand Est"}},{"type":"Feature","geometry":{"type":"Point","coordinates":[-1.03675,48.10751]},"properties":{"latitude":"48.10751","longitude":"-1.03675","bright_ti4":"309.83","scan":"0.38","track":"0.36","acq_date":"2026-07-06","acq_time":"211","satellite":"N21","instrument":"VIIRS","confidence":"n","version":"2.0NRT","bright_ti5":"291.5","frp":"1.44","daynight":"N","commune":"Saint-Pierre-la-Cour","code_insee":"53247","departement":"Mayenne","region":"Pays de la Loire"}},{"type":"Feature","geometry":{"type":"Point","coordinates":[2.98535,48.38614]},"properties":{"latitude":"48.38614","longitude":"2.98535","bright_ti4":"304.82","scan":"0.45","track":"0.39","acq_date":"2026-07-06","acq_time":"211","satellite":"N21","instrument":"VIIRS","confidence":"n","version":"2.0NRT","bright_ti5":"291.03","frp":"0.88","daynight":"N","commune":"Montereau-Fault-Yonne","code_insee":"77305","departement":"Seine-et-Marne","region":"Île-de-France"}},{"type":"Feature","geometry":{"type":"Point","coordinates":[2.97954,48.38728]},"properties":{"latitude":"48.38728","longitude":"2.97954","bright_ti4":"307.63","scan":"0.45","track":"0.39","acq_date":"2026-07-06","acq_time":"211","satellite":"N21","instrument":"VIIRS","confidence":"n","version":"2.0NRT","bright_ti5":"292.09","frp":"0.88","daynight":"N","commune":"Montereau-Fault-Yonne","code_insee":"77305","departement":"Seine-et-Marne","region":"Île-de-France"}},{"type":"Feature","geometry":{"type":"Point","coordinates":[6.12043,48.60849]},"properties":{"latitude":"48.60849","longitude":"6.12043","bright_ti4":"298.3","scan":"0.57","track":"0.43","acq_date":"2026-07-06","acq_time":"211","satellite":"N21","instrument":"VIIRS","confidence":"n","version":"2.0NRT","bright_ti5":"283.48","frp":"1.01","daynight":"N","commune":"Neuves-Maisons","code_insee":"54397","departement":"Meurthe-et-Moselle","region":"Grand Est"}},{"type":"Feature","geometry":{"type":"Point","coordinates":[6.11318,48.61013]},"properties":{"latitude":"48.61013","longitude":"6.11318","bright_ti4":"300.13","scan":"0.56","track":"0.43","acq_date":"2026-07-06","acq_time":"211","satellite":"N21","instrument":"VIIRS","confidence":"n","version":"2.0NRT","bright_ti5":"284.78","frp":"1.01","daynight":"N","commune":"Neuves-Maisons","code_insee":"54397","departement":"Meurthe-et-Moselle","region":"Grand Est"}},{"type":"Feature","geometry":{"type":"Point","coordinates":[4.99405,48.88037]},"properties":{"latitude":"48.88037","longitude":"4.99405","bright_ti4":"296.71","scan":"0.51","track":"0.41","acq_date":"2026-07-06","acq_time":"211","satellite":"N21","instrument":"VIIRS","confidence":"n","version":"2.0NRT","bright_ti5":"284.01","frp":"0.61","daynight":"N","commune":"Noyers-Auzécourt","code_insee":"55388","departement":"Meuse","region":"Grand Est"}},{"type":"Feature","geometry":{"type":"Point","coordinates":[6.14647,49.31947]},"properties":{"latitude":"49.31947","longitude":"6.14647","bright_ti4":"299.36","scan":"0.55","track":"0.42","acq_date":"2026-07-06","acq_time":"211","satellite":"N21","instrument":"VIIRS","confidence":"n","version":"2.0NRT","bright_ti5":"285.37","frp":"0.9","daynight":"N","commune":"Florange","code_insee":"57221","departement":"Moselle","region":"Grand Est"}},{"type":"Feature","geometry":{"type":"Point","coordinates":[2.27244,51.02799]},"properties":{"latitude":"51.02799","longitude":"2.27244","bright_ti4":"298.49","scan":"0.4","track":"0.37","acq_date":"2026-07-06","acq_time":"211","satellite":"N21","instrument":"VIIRS","confidence":"n","version":"2.0NRT","bright_ti5":"285.2","frp":"0.48","daynight":"N","commune":"Grande-Synthe","code_insee":"59271","departement":"Nord","region":"Hauts-de-France"}},{"type":"Feature","geometry":{"type":"Point","coordinates":[2.28649,51.03255]},"properties":{"latitude":"51.03255","longitude":"2.28649","bright_ti4":"303.28","scan":"0.4","track":"0.37","acq_date":"2026-07-06","acq_time":"211","satellite":"N21","instrument":"VIIRS","confidence":"n","version":"2.0NRT","bright_ti5":"284.98","frp":"1.14","daynight":"N","commune":"Grande-Synthe","code_insee":"59271","departement":"Nord","region":"Hauts-de-France"}},{"type":"Feature","geometry":{"type":"Point","coordinates":[2.27539,51.03453]},"properties":{"latitude":"51.03453","longitude":"2.27539","bright_ti4":"309.37","scan":"0.4","track":"0.37","acq_date":"2026-07-06","acq_time":"211","satellite":"N21","instrument":"VIIRS","confidence":"n","version":"2.0NRT","bright_ti5":"285.36","frp":"1.2","daynight":"N","commune":"Grande-Synthe","code_insee":"59271","departement":"Nord","region":"Hauts-de-France"}},{"type":"Feature","geometry":{"type":"Point","coordinates":[2.28797,51.03582]},"properties":{"latitude":"51.03582","longitude":"2.28797","bright_ti4":"327.48","scan":"0.4","track":"0.37","acq_date":"2026-07-06","acq_time":"211","satellite":"N21","instrument":"VIIRS","confidence":"n","version":"2.0NRT","bright_ti5":"286.72","frp":"3.43","daynight":"N","commune":"Grande-Synthe","code_insee":"59271","departement":"Nord","region":"Hauts-de-France"}},{"type":"Feature","geometry":{"type":"Point","coordinates":[2.29113,51.04051]},"properties":{"latitude":"51.04051","longitude":"2.29113","bright_ti4":"301.36","scan":"0.4","track":"0.37","acq_date":"2026-07-06","acq_time":"211","satellite":"N21","instrument":"VIIRS","confidence":"n","version":"2.0NRT","bright_ti5":"285.69","frp":"1.64","daynight":"N","commune":"Grande-Synthe","code_insee":"59271","departement":"Nord","region":"Hauts-de-France"}},{"type":"Feature","geometry":{"type":"Point","coordinates":[2.29815,51.04278]},"properties":{"latitude":"51.04278","longitude":"2.29815","bright_ti4":"333.07","scan":"0.4","track":"0.37","acq_date":"2026-07-06","acq_time":"211","satellite":"N21","instrument":"VIIRS","confidence":"n","version":"2.0NRT","bright_ti5":"287.74","frp":"3.94","daynight":"N","commune":"Grande-Synthe","code_insee":"59271","departement":"Nord","region":"Hauts-de-France"}},{"type":"Feature","geometry":{"type":"Point","coordinates":[2.2926,51.04378]},"properties":{"latitude":"51.04378","longitude":"2.2926","bright_ti4":"315.56","scan":"0.4","track":"0.37","acq_date":"2026-07-06","acq_time":"211","satellite":"N21","instrument":"VIIRS","confidence":"n","version":"2.0NRT","bright_ti5":"284.58","frp":"1.64","daynight":"N","commune":"Grande-Synthe","code_insee":"59271","departement":"Nord","region":"Hauts-de-France"}},{"type":"Feature","geometry":{"type":"Point","coordinates":[2.30518,51.04506]},"properties":{"latitude":"51.04506","longitude":"2.30518","bright_ti4":"297.7","scan":"0.4","track":"0.37","acq_date":"2026-07-06","acq_time":"211","satellite":"N21","instrument":"VIIRS","confidence":"n","version":"2.0NRT","bright_ti5":"284.65","frp":"0.65","daynight":"N","commune":"Dunkerque","code_insee":"59183","departement":"Nord","region":"Hauts-de-France"}},{"type":"Feature","geometry":{"type":"Point","coordinates":[2.32332,51.04533]},"properties":{"latitude":"51.04533","longitude":"2.32332","bright_ti4":"305.67","scan":"0.4","track":"0.37","acq_date":"2026-07-06","acq_time":"211","satellite":"N21","instrument":"VIIRS","confidence":"n","version":"2.0NRT","bright_ti5":"286.18","frp":"0.83","daynight":"N","commune":"Dunkerque","code_insee":"59183","departement":"Nord","region":"Hauts-de-France"}},{"type":"Feature","geometry":{"type":"Point","coordinates":[2.29963,51.04605]},"properties":{"latitude":"51.04605","longitude":"2.29963","bright_ti4":"300.71","scan":"0.4","track":"0.37","acq_date":"2026-07-06","acq_time":"211","satellite":"N21","instrument":"VIIRS","confidence":"n","version":"2.0NRT","bright_ti5":"284.63","frp":"0.65","daynight":"N","commune":"Grande-Synthe","code_insee":"59271","departement":"Nord","region":"Hauts-de-France"}},{"type":"Feature","geometry":{"type":"Point","coordinates":[2.31776,51.04633]},"properties":{"latitude":"51.04633","longitude":"2.31776","bright_ti4":"304.27","scan":"0.4","track":"0.37","acq_date":"2026-07-06","acq_time":"211","satellite":"N21","instrument":"VIIRS","confidence":"n","version":"2.0NRT","bright_ti5":"286.07","frp":"1.23","daynight":"N","commune":"Dunkerque","code_insee":"59183","departement":"Nord","region":"Hauts-de-France"}},{"type":"Feature","geometry":{"type":"Point","coordinates":[2.29408,51.04705]},"properties":{"latitude":"51.04705","longitude":"2.29408","bright_ti4":"300.41","scan":"0.4","track":"0.37","acq_date":"2026-07-06","acq_time":"211","satellite":"N21","instrument":"VIIRS","confidence":"n","version":"2.0NRT","bright_ti5":"285.7","frp":"1.11","daynight":"N","commune":"Grande-Synthe","code_insee":"59271","departement":"Nord","region":"Hauts-de-France"}},{"type":"Feature","geometry":{"type":"Point","coordinates":[2.5381,42.62906]},"properties":{"latitude":"42.62906","longitude":"2.5381","bright_ti4":"304.04","scan":"0.54","track":"0.42","acq_date":"2026-07-06","acq_time":"213","satellite":"N21","instrument":"VIIRS","confidence":"n","version":"2.0NRT","bright_ti5":"292.86","frp":"1.62","daynight":"N","commune":"Rigarda","code_insee":"66162","departement":"Pyrénées-Orientales","region":"Occitanie"}},{"type":"Feature","geometry":{"type":"Point","coordinates":[2.53947,42.63106]},"properties":{"latitude":"42.63106","longitude":"2.53947","bright_ti4":"311.09","scan":"0.54","track":"0.42","acq_date":"2026-07-06","acq_time":"213","satellite":"N21","instrument":"VIIRS","confidence":"n","version":"2.0NRT","bright_ti5":"294.03","frp":"3.23","daynight":"N","commune":"Rigarda","code_insee":"66162","departement":"Pyrénées-Orientales","region":"Occitanie"}},{"type":"Feature","geometry":{"type":"Point","coordinates":[2.53968,42.63278]},"properties":{"latitude":"42.63278","longitude":"2.53968","bright_ti4":"313.79","scan":"0.54","track":"0.42","acq_date":"2026-07-06","acq_time":"213","satellite":"N21","instrument":"VIIRS","confidence":"n","version":"2.0NRT","bright_ti5":"295.01","frp":"1.62","daynight":"N","commune":"Rigarda","code_insee":"66162","departement":"Pyrénées-Orientales","region":"Occitanie"}},{"type":"Feature","geometry":{"type":"Point","coordinates":[2.54098,42.6348]},"properties":{"latitude":"42.6348","longitude":"2.54098","bright_ti4":"331.09","scan":"0.54","track":"0.42","acq_date":"2026-07-06","acq_time":"213","satellite":"N21","instrument":"VIIRS","confidence":"n","version":"2.0NRT","bright_ti5":"302.97","frp":"23.61","daynight":"N","commune":"Rigarda","code_insee":"66162","departement":"Pyrénées-Orientales","region":"Occitanie"}},{"type":"Feature","geometry":{"type":"Point","coordinates":[2.53466,42.63614]},"properties":{"latitude":"42.63614","longitude":"2.53466","bright_ti4":"318.47","scan":"0.54","track":"0.42","acq_date":"2026-07-06","acq_time":"213","satellite":"N21","instrument":"VIIRS","confidence":"n","version":"2.0NRT","bright_ti5":"291.77","frp":"11.54","daynight":"N","commune":"Rigarda","code_insee":"66162","departement":"Pyrénées-Orientales","region":"Occitanie"}},{"type":"Feature","geometry":{"type":"Point","coordinates":[2.58359,42.63786]},"properties":{"latitude":"42.63786","longitude":"2.58359","bright_ti4":"305.99","scan":"0.54","track":"0.42","acq_date":"2026-07-06","acq_time":"213","satellite":"N21","instrument":"VIIRS","confidence":"n","version":"2.0NRT","bright_ti5":"295.8","frp":"2.25","daynight":"N","commune":"Bouleternère","code_insee":"66023","departement":"Pyrénées-Orientales","region":"Occitanie"}},{"type":"Feature","geometry":{"type":"Point","coordinates":[2.59151,42.64023]},"properties":{"latitude":"42.64023","longitude":"2.59151","bright_ti4":"306.86","scan":"0.54","track":"0.42","acq_date":"2026-07-06","acq_time":"213","satellite":"N21","instrument":"VIIRS","confidence":"n","version":"2.0NRT","bright_ti5":"295.28","frp":"3.22","daynight":"N","commune":"Bouleternère","code_insee":"66023","departement":"Pyrénées-Orientales","region":"Occitanie"}},{"type":"Feature","geometry":{"type":"Point","coordinates":[2.57081,42.64059]},"properties":{"latitude":"42.64059","longitude":"2.57081","bright_ti4":"308.45","scan":"0.54","track":"0.42","acq_date":"2026-07-06","acq_time":"213","satellite":"N21","instrument":"VIIRS","confidence":"n","version":"2.0NRT","bright_ti5":"293.51","frp":"3.05","daynight":"N","commune":"Bouleternère","code_insee":"66023","departement":"Pyrénées-Orientales","region":"Occitanie"}},{"type":"Feature","geometry":{"type":"Point","coordinates":[2.58535,42.64155]},"properties":{"latitude":"42.64155","longitude":"2.58535","bright_ti4":"317.83","scan":"0.54","track":"0.42","acq_date":"2026-07-06","acq_time":"213","satellite":"N21","instrument":"VIIRS","confidence":"n","version":"2.0NRT","bright_ti5":"294.63","frp":"3.22","daynight":"N","commune":"Bouleternère","code_insee":"66023","departement":"Pyrénées-Orientales","region":"Occitanie"}},{"type":"Feature","geometry":{"type":"Point","coordinates":[2.56467,42.64191]},"properties":{"latitude":"42.64191","longitude":"2.56467","bright_ti4":"315.36","scan":"0.54","track":"0.42","acq_date":"2026-07-06","acq_time":"213","satellite":"N21","instrument":"VIIRS","confidence":"n","version":"2.0NRT","bright_ti5":"294.04","frp":"3.65","daynight":"N","commune":"Rodès","code_insee":"66165","departement":"Pyrénées-Orientales","region":"Occitanie"}},{"type":"Feature","geometry":{"type":"Point","coordinates":[2.54406,42.64225]},"properties":{"latitude":"42.64225","longitude":"2.54406","bright_ti4":"316.91","scan":"0.54","track":"0.42","acq_date":"2026-07-06","acq_time":"213","satellite":"N21","instrument":"VIIRS","confidence":"n","version":"2.0NRT","bright_ti5":"294.45","frp":"2.8","daynight":"N","commune":"Vinça","code_insee":"66230","departement":"Pyrénées-Orientales","region":"Occitanie"}},{"type":"Feature","geometry":{"type":"Point","coordinates":[2.59327,42.64392]},"properties":{"latitude":"42.64392","longitude":"2.59327","bright_ti4":"337.58","scan":"0.54","track":"0.42","acq_date":"2026-07-06","acq_time":"213","satellite":"N21","instrument":"VIIRS","confidence":"n","version":"2.0NRT","bright_ti5":"298.08","frp":"3.22","daynight":"N","commune":"Bouleternère","code_insee":"66023","departement":"Pyrénées-Orientales","region":"Occitanie"}},{"type":"Feature","geometry":{"type":"Point","coordinates":[2.58708,42.64524]},"properties":{"latitude":"42.64524","longitude":"2.58708","bright_ti4":"316.08","scan":"0.54","track":"0.42","acq_date":"2026-07-06","acq_time":"213","satellite":"N21","instrument":"VIIRS","confidence":"n","version":"2.0NRT","bright_ti5":"295.68","frp":"3.22","daynight":"N","commune":"Bouleternère","code_insee":"66023","departement":"Pyrénées-Orientales","region":"Occitanie"}},{"type":"Feature","geometry":{"type":"Point","coordinates":[2.54557,42.64598]},"properties":{"latitude":"42.64598","longitude":"2.54557","bright_ti4":"324.96","scan":"0.54","track":"0.42","acq_date":"2026-07-06","acq_time":"213","satellite":"N21","instrument":"VIIRS","confidence":"n","version":"2.0NRT","bright_ti5":"295.04","frp":"2.8","daynight":"N","commune":"Vinça","code_insee":"66230","departement":"Pyrénées-Orientales","region":"Occitanie"}},{"type":"Feature","geometry":{"type":"Point","coordinates":[2.60099,42.64634]},"properties":{"latitude":"42.64634","longitude":"2.60099","bright_ti4":"339.89","scan":"0.54","track":"0.42","acq_date":"2026-07-06","acq_time":"213","satellite":"N21","instrument":"VIIRS","confidence":"n","version":"2.0NRT","bright_ti5":"302.91","frp":"27.74","daynight":"N","commune":"Bouleternère","code_insee":"66023","departement":"Pyrénées-Orientales","region":"Occitanie"}},{"type":"Feature","geometry":{"type":"Point","coordinates":[2.56003,42.64695]},"properties":{"latitude":"42.64695","longitude":"2.56003","bright_ti4":"306.43","scan":"0.54","track":"0.42","acq_date":"2026-07-06","acq_time":"213","satellite":"N21","instrument":"VIIRS","confidence":"n","version":"2.0NRT","bright_ti5":"293.39","frp":"3.34","daynight":"N","commune":"Rodès","code_insee":"66165","departement":"Pyrénées-Orientales","region":"Occitanie"}},{"type":"Feature","geometry":{"type":"Point","coordinates":[2.59502,42.64762]},"properties":{"latitude":"42.64762","longitude":"2.59502","bright_ti4":"354.31","scan":"0.54","track":"0.42","acq_date":"2026-07-06","acq_time":"213","satellite":"N21","instrument":"VIIRS","confidence":"n","version":"2.0NRT","bright_ti5":"305.49","frp":"26.07","daynight":"N","commune":"Bouleternère","code_insee":"66023","departement":"Pyrénées-Orientales","region":"Occitanie"}},{"type":"Feature","geometry":{"type":"Point","coordinates":[2.58235,42.65032]},"properties":{"latitude":"42.65032","longitude":"2.58235","bright_ti4":"310.1","scan":"0.54","track":"0.42","acq_date":"2026-07-06","acq_time":"213","satellite":"N21","instrument":"VIIRS","confidence":"n","version":"2.0NRT","bright_ti5":"294.84","frp":"2.32","daynight":"N","commune":"Bouleternère","code_insee":"66023","departement":"Pyrénées-Orientales","region":"Occitanie"}},{"type":"Feature","geometry":{"type":"Point","coordinates":[2.56941,42.65307]},"properties":{"latitude":"42.65307","longitude":"2.56941","bright_ti4":"329.49","scan":"0.54","track":"0.42","acq_date":"2026-07-06","acq_time":"213","satellite":"N21","instrument":"VIIRS","confidence":"n","version":"2.0NRT","bright_ti5":"295.43","frp":"7.82","daynight":"N","commune":"Bouleternère","code_insee":"66023","departement":"Pyrénées-Orientales","region":"Occitanie"}},{"type":"Feature","geometry":{"type":"Point","coordinates":[2.59192,42.6564]},"properties":{"latitude":"42.6564","longitude":"2.59192","bright_ti4":"304.96","scan":"0.54","track":"0.42","acq_date":"2026-07-06","acq_time":"213","satellite":"N21","instrument":"VIIRS","confidence":"n","version":"2.0NRT","bright_ti5":"294.33","frp":"2.37","daynight":"N","commune":"Bouleternère","code_insee":"66023","departement":"Pyrénées-Orientales","region":"Occitanie"}},{"type":"Feature","geometry":{"type":"Point","coordinates":[2.57221,42.66059]},"properties":{"latitude":"42.66059","longitude":"2.57221","bright_ti4":"310.89","scan":"0.54","track":"0.42","acq_date":"2026-07-06","acq_time":"213","satellite":"N21","instrument":"VIIRS","confidence":"n","version":"2.0NRT","bright_ti5":"295.75","frp":"3.03","daynight":"N","commune":"Bouleternère","code_insee":"66023","departement":"Pyrénées-Orientales","region":"Occitanie"}},{"type":"Feature","geometry":{"type":"Point","coordinates":[2.58695,42.66152]},"properties":{"latitude":"42.66152","longitude":"2.58695","bright_ti4":"311.39","scan":"0.54","track":"0.42","acq_date":"2026-07-06","acq_time":"213","satellite":"N21","instrument":"VIIRS","confidence":"n","version":"2.0NRT","bright_ti5":"296.04","frp":"3.13","daynight":"N","commune":"Ille-sur-Têt","code_insee":"66088","departement":"Pyrénées-Orientales","region":"Occitanie"}},{"type":"Feature","geometry":{"type":"Point","coordinates":[2.61643,42.68371]},"properties":{"latitude":"42.68371","longitude":"2.61643","bright_ti4":"324.1","scan":"0.54","track":"0.42","acq_date":"2026-07-06","acq_time":"213","satellite":"N21","instrument":"VIIRS","confidence":"n","version":"2.0NRT","bright_ti5":"297.34","frp":"4.84","daynight":"N","commune":"Ille-sur-Têt","code_insee":"66088","departement":"Pyrénées-Orientales","region":"Occitanie"}},{"type":"Feature","geometry":{"type":"Point","coordinates":[2.58804,42.68564]},"properties":{"latitude":"42.68564","longitude":"2.58804","bright_ti4":"310.71","scan":"0.54","track":"0.42","acq_date":"2026-07-06","acq_time":"213","satellite":"N21","instrument":"VIIRS","confidence":"n","version":"2.0NRT","bright_ti5":"294.94","frp":"1.98","daynight":"N","commune":"Ille-sur-Têt","code_insee":"66088","departement":"Pyrénées-Orientales","region":"Occitanie"}},{"type":"Feature","geometry":{"type":"Point","coordinates":[2.62453,42.68607]},"properties":{"latitude":"42.68607","longitude":"2.62453","bright_ti4":"307.44","scan":"0.54","track":"0.42","acq_date":"2026-07-06","acq_time":"213","satellite":"N21","instrument":"VIIRS","confidence":"n","version":"2.0NRT","bright_ti5":"295.88","frp":"4.84","daynight":"N","commune":"Ille-sur-Têt","code_insee":"66088","departement":"Pyrénées-Orientales","region":"Occitanie"}},{"type":"Feature","geometry":{"type":"Point","coordinates":[2.60278,42.68658]},"properties":{"latitude":"42.68658","longitude":"2.60278","bright_ti4":"335.21","scan":"0.54","track":"0.42","acq_date":"2026-07-06","acq_time":"213","satellite":"N21","instrument":"VIIRS","confidence":"n","version":"2.0NRT","bright_ti5":"299.28","frp":"7.08","daynight":"N","commune":"Ille-sur-Têt","code_insee":"66088","departement":"Pyrénées-Orientales","region":"Occitanie"}},{"type":"Feature","geometry":{"type":"Point","coordinates":[2.61773,42.6875]},"properties":{"latitude":"42.6875","longitude":"2.61773","bright_ti4":"343.48","scan":"0.54","track":"0.42","acq_date":"2026-07-06","acq_time":"213","satellite":"N21","instrument":"VIIRS","confidence":"n","version":"2.0NRT","bright_ti5":"302.38","frp":"4.84","daynight":"N","commune":"Ille-sur-Têt","code_insee":"66088","departement":"Pyrénées-Orientales","region":"Occitanie"}},{"type":"Feature","geometry":{"type":"Point","coordinates":[2.61099,42.68892]},"properties":{"latitude":"42.68892","longitude":"2.61099","bright_ti4":"340.93","scan":"0.54","track":"0.42","acq_date":"2026-07-06","acq_time":"213","satellite":"N21","instrument":"VIIRS","confidence":"n","version":"2.0NRT","bright_ti5":"301.73","frp":"7.08","daynight":"N","commune":"Ille-sur-Têt","code_insee":"66088","departement":"Pyrénées-Orientales","region":"Occitanie"}},{"type":"Feature","geometry":{"type":"Point","coordinates":[2.58942,42.6894]},"properties":{"latitude":"42.6894","longitude":"2.58942","bright_ti4":"318.63","scan":"0.54","track":"0.42","acq_date":"2026-07-06","acq_time":"213","satellite":"N21","instrument":"VIIRS","confidence":"n","version":"2.0NRT","bright_ti5":"296.45","frp":"4.7","daynight":"N","commune":"Ille-sur-Têt","code_insee":"66088","departement":"Pyrénées-Orientales","region":"Occitanie"}},{"type":"Feature","geometry":{"type":"Point","coordinates":[2.62593,42.68983]},"properties":{"latitude":"42.68983","longitude":"2.62593","bright_ti4":"338.28","scan":"0.54","track":"0.42","acq_date":"2026-07-06","acq_time":"213","satellite":"N21","instrument":"VIIRS","confidence":"n","version":"2.0NRT","bright_ti5":"298.18","frp":"11.25","daynight":"N","commune":"Ille-sur-Têt","code_insee":"66088","departement":"Pyrénées-Orientales","region":"Occitanie"}},{"type":"Feature","geometry":{"type":"Point","coordinates":[2.60416,42.69035]},"properties":{"latitude":"42.69035","longitude":"2.60416","bright_ti4":"309.07","scan":"0.54","track":"0.42","acq_date":"2026-07-06","acq_time":"213","satellite":"N21","instrument":"VIIRS","confidence":"n","version":"2.0NRT","bright_ti5":"296.8","frp":"7.08","daynight":"N","commune":"Ille-sur-Têt","code_insee":"66088","departement":"Pyrénées-Orientales","region":"Occitanie"}},{"type":"Feature","geometry":{"type":"Point","coordinates":[2.61907,42.69127]},"properties":{"latitude":"42.69127","longitude":"2.61907","bright_ti4":"346.45","scan":"0.54","track":"0.42","acq_date":"2026-07-06","acq_time":"213","satellite":"N21","instrument":"VIIRS","confidence":"n","version":"2.0NRT","bright_ti5":"303.57","frp":"11.25","daynight":"N","commune":"Ille-sur-Têt","code_insee":"66088","departement":"Pyrénées-Orientales","region":"Occitanie"}},{"type":"Feature","geometry":{"type":"Point","coordinates":[2.59742,42.69177]},"properties":{"latitude":"42.69177","longitude":"2.59742","bright_ti4":"332.45","scan":"0.54","track":"0.42","acq_date":"2026-07-06","acq_time":"213","satellite":"N21","instrument":"VIIRS","confidence":"n","version":"2.0NRT","bright_ti5":"296.52","frp":"4.7","daynight":"N","commune":"Ille-sur-Têt","code_insee":"66088","departement":"Pyrénées-Orientales","region":"Occitanie"}},{"type":"Feature","geometry":{"type":"Point","coordinates":[2.61232,42.6927]},"properties":{"latitude":"42.6927","longitude":"2.61232","bright_ti4":"333.8","scan":"0.54","track":"0.42","acq_date":"2026-07-06","acq_time":"213","satellite":"N21","instrument":"VIIRS","confidence":"n","version":"2.0NRT","bright_ti5":"298.44","frp":"7.18","daynight":"N","commune":"Ille-sur-Têt","code_insee":"66088","departement":"Pyrénées-Orientales","region":"Occitanie"}},{"type":"Feature","geometry":{"type":"Point","coordinates":[2.59884,42.69553]},"properties":{"latitude":"42.69553","longitude":"2.59884","bright_ti4":"344.76","scan":"0.54","track":"0.42","acq_date":"2026-07-06","acq_time":"213","satellite":"N21","instrument":"VIIRS","confidence":"n","version":"2.0NRT","bright_ti5":"297.16","frp":"8.92","daynight":"N","commune":"Ille-sur-Têt","code_insee":"66088","departement":"Pyrénées-Orientales","region":"Occitanie"}},{"type":"Feature","geometry":{"type":"Point","coordinates":[2.54547,42.70271]},"properties":{"latitude":"42.70271","longitude":"2.54547","bright_ti4":"326.6","scan":"0.54","track":"0.42","acq_date":"2026-07-06","acq_time":"213","satellite":"N21","instrument":"VIIRS","confidence":"n","version":"2.0NRT","bright_ti5":"294.54","frp":"4.74","daynight":"N","commune":"Montalba-le-Château","code_insee":"66111","departement":"Pyrénées-Orientales","region":"Occitanie"}},{"type":"Feature","geometry":{"type":"Point","coordinates":[0.99058,43.18389]},"properties":{"latitude":"43.18389","longitude":"0.99058","bright_ti4":"302.2","scan":"0.46","track":"0.39","acq_date":"2026-07-06","acq_time":"213","satellite":"N21","instrument":"VIIRS","confidence":"n","version":"2.0NRT","bright_ti5":"291.98","frp":"0.86","daynight":"N","commune":"Martres-Tolosane","code_insee":"31324","departement":"Haute-Garonne","region":"Occitanie"}},{"type":"Feature","geometry":{"type":"Point","coordinates":[4.89546,43.44339]},"properties":{"latitude":"43.44339","longitude":"4.89546","bright_ti4":"323.71","scan":"0.44","track":"0.46","acq_date":"2026-07-06","acq_time":"213","satellite":"N21","instrument":"VIIRS","confidence":"n","version":"2.0NRT","bright_ti5":"296.99","frp":"3.31","daynight":"N","commune":"Fos-sur-Mer","code_insee":"13039","departement":"Bouches-du-Rhône","region":"Provence-Alpes-Côte d'Azur"}},{"type":"Feature","geometry":{"type":"Point","coordinates":[4.89647,43.4437]},"properties":{"latitude":"43.4437","longitude":"4.89647","bright_ti4":"321.46","scan":"0.44","track":"0.46","acq_date":"2026-07-06","acq_time":"213","satellite":"N21","instrument":"VIIRS","confidence":"n","version":"2.0NRT","bright_ti5":"297.77","frp":"4.21","daynight":"N","commune":"Fos-sur-Mer","code_insee":"13039","departement":"Bouches-du-Rhône","region":"Provence-Alpes-Côte d'Azur"}},{"type":"Feature","geometry":{"type":"Point","coordinates":[4.89727,43.44745]},"properties":{"latitude":"43.44745","longitude":"4.89727","bright_ti4":"338.36","scan":"0.44","track":"0.46","acq_date":"2026-07-06","acq_time":"213","satellite":"N21","instrument":"VIIRS","confidence":"n","version":"2.0NRT","bright_ti5":"298.71","frp":"8.18","daynight":"N","commune":"Fos-sur-Mer","code_insee":"13039","departement":"Bouches-du-Rhône","region":"Provence-Alpes-Côte d'Azur"}},{"type":"Feature","geometry":{"type":"Point","coordinates":[4.89828,43.44776]},"properties":{"latitude":"43.44776","longitude":"4.89828","bright_ti4":"338.04","scan":"0.44","track":"0.46","acq_date":"2026-07-06","acq_time":"213","satellite":"N21","instrument":"VIIRS","confidence":"n","version":"2.0NRT","bright_ti5":"297.56","frp":"4.21","daynight":"N","commune":"Fos-sur-Mer","code_insee":"13039","departement":"Bouches-du-Rhône","region":"Provence-Alpes-Côte d'Azur"}},{"type":"Feature","geometry":{"type":"Point","coordinates":[3.22095,43.61062]},"properties":{"latitude":"43.61062","longitude":"3.22095","bright_ti4":"310.18","scan":"0.55","track":"0.43","acq_date":"2026-07-06","acq_time":"213","satellite":"N21","instrument":"VIIRS","confidence":"n","version":"2.0NRT","bright_ti5":"295.31","frp":"1.34","daynight":"N","commune":"Carlencas-et-Levas","code_insee":"34053","departement":"Hérault","region":"Occitanie"}},{"type":"Feature","geometry":{"type":"Point","coordinates":[3.21431,43.61206]},"properties":{"latitude":"43.61206","longitude":"3.21431","bright_ti4":"305.24","scan":"0.55","track":"0.43","acq_date":"2026-07-06","acq_time":"213","satellite":"N21","instrument":"VIIRS","confidence":"n","version":"2.0NRT","bright_ti5":"295.2","frp":"1.34","daynight":"N","commune":"Pézènes-les-Mines","code_insee":"34200","departement":"Hérault","region":"Occitanie"}},{"type":"Feature","geometry":{"type":"Point","coordinates":[3.20467,43.62236]},"properties":{"latitude":"43.62236","longitude":"3.20467","bright_ti4":"317.81","scan":"0.55","track":"0.43","acq_date":"2026-07-06","acq_time":"213","satellite":"N21","instrument":"VIIRS","confidence":"n","version":"2.0NRT","bright_ti5":"297.36","frp":"4.01","daynight":"N","commune":"Carlencas-et-Levas","code_insee":"34053","departement":"Hérault","region":"Occitanie"}},{"type":"Feature","geometry":{"type":"Point","coordinates":[3.21892,43.62337]},"properties":{"latitude":"43.62337","longitude":"3.21892","bright_ti4":"339.32","scan":"0.55","track":"0.43","acq_date":"2026-07-06","acq_time":"213","satellite":"N21","instrument":"VIIRS","confidence":"n","version":"2.0NRT","bright_ti5":"299.93","frp":"6.69","daynight":"N","commune":"Carlencas-et-Levas","code_insee":"34053","departement":"Hérault","region":"Occitanie"}},{"type":"Feature","geometry":{"type":"Point","coordinates":[3.21261,43.62474]},"properties":{"latitude":"43.62474","longitude":"3.21261","bright_ti4":"308.21","scan":"0.55","track":"0.43","acq_date":"2026-07-06","acq_time":"213","satellite":"N21","instrument":"VIIRS","confidence":"n","version":"2.0NRT","bright_ti5":"296.18","frp":"5.49","daynight":"N","commune":"Carlencas-et-Levas","code_insee":"34053","departement":"Hérault","region":"Occitanie"}},{"type":"Feature","geometry":{"type":"Point","coordinates":[3.20613,43.62614]},"properties":{"latitude":"43.62614","longitude":"3.20613","bright_ti4":"321.66","scan":"0.55","track":"0.43","acq_date":"2026-07-06","acq_time":"213","satellite":"N21","instrument":"VIIRS","confidence":"n","version":"2.0NRT","bright_ti5":"295.53","frp":"5.49","daynight":"N","commune":"Carlencas-et-Levas","code_insee":"34053","departement":"Hérault","region":"Occitanie"}},{"type":"Feature","geometry":{"type":"Point","coordinates":[3.21412,43.62851]},"properties":{"latitude":"43.62851","longitude":"3.21412","bright_ti4":"344.47","scan":"0.55","track":"0.43","acq_date":"2026-07-06","acq_time":"213","satellite":"N21","instrument":"VIIRS","confidence":"n","version":"2.0NRT","bright_ti5":"299.74","frp":"5.49","daynight":"N","commune":"Carlencas-et-Levas","code_insee":"34053","departement":"Hérault","region":"Occitanie"}},{"type":"Feature","geometry":{"type":"Point","coordinates":[3.20759,43.62993]},"properties":{"latitude":"43.62993","longitude":"3.20759","bright_ti4":"335.13","scan":"0.55","track":"0.43","acq_date":"2026-07-06","acq_time":"213","satellite":"N21","instrument":"VIIRS","confidence":"n","version":"2.0NRT","bright_ti5":"299.77","frp":"5.49","daynight":"N","commune":"Carlencas-et-Levas","code_insee":"34053","departement":"Hérault","region":"Occitanie"}},{"type":"Feature","geometry":{"type":"Point","coordinates":[2.54206,42.63804]},"properties":{"latitude":"42.63804","longitude":"2.54206","bright_ti4":"367","scan":"0.35","track":"0.57","acq_date":"2026-07-06","acq_time":"1155","satellite":"N21","instrument":"VIIRS","confidence":"l","version":"2.0NRT","bright_ti5":"363.51","frp":"122.61","daynight":"D","commune":"Rigarda","code_insee":"66162","departement":"Pyrénées-Orientales","region":"Occitanie"}},{"type":"Feature","geometry":{"type":"Point","coordinates":[2.54592,42.6391]},"properties":{"latitude":"42.6391","longitude":"2.54592","bright_ti4":"367","scan":"0.35","track":"0.57","acq_date":"2026-07-06","acq_time":"1155","satellite":"N21","instrument":"VIIRS","confidence":"h","version":"2.0NRT","bright_ti5":"321.88","frp":"122.61","daynight":"D","commune":"Rigarda","code_insee":"66162","departement":"Pyrénées-Orientales","region":"Occitanie"}},{"type":"Feature","geometry":{"type":"Point","coordinates":[2.60319,42.64364]},"properties":{"latitude":"42.64364","longitude":"2.60319","bright_ti4":"355.19","scan":"0.35","track":"0.56","acq_date":"2026-07-06","acq_time":"1155","satellite":"N21","instrument":"VIIRS","confidence":"l","version":"2.0NRT","bright_ti5":"309.67","frp":"12.75","daynight":"D","commune":"Bouleternère","code_insee":"66023","departement":"Pyrénées-Orientales","region":"Occitanie"}},{"type":"Feature","geometry":{"type":"Point","coordinates":[2.59615,42.64436]},"properties":{"latitude":"42.64436","longitude":"2.59615","bright_ti4":"350.06","scan":"0.35","track":"0.56","acq_date":"2026-07-06","acq_time":"1155","satellite":"N21","instrument":"VIIRS","confidence":"n","version":"2.0NRT","bright_ti5":"309.07","frp":"11.04","daynight":"D","commune":"Bouleternère","code_insee":"66023","departement":"Pyrénées-Orientales","region":"Occitanie"}},{"type":"Feature","geometry":{"type":"Point","coordinates":[2.60027,42.64547]},"properties":{"latitude":"42.64547","longitude":"2.60027","bright_ti4":"355.38","scan":"0.35","track":"0.56","acq_date":"2026-07-06","acq_time":"1155","satellite":"N21","instrument":"VIIRS","confidence":"n","version":"2.0NRT","bright_ti5":"314.52","frp":"14.66","daynight":"D","commune":"Bouleternère","code_insee":"66023","departement":"Pyrénées-Orientales","region":"Occitanie"}},{"type":"Feature","geometry":{"type":"Point","coordinates":[2.60441,42.64657]},"properties":{"latitude":"42.64657","longitude":"2.60441","bright_ti4":"367","scan":"0.35","track":"0.56","acq_date":"2026-07-06","acq_time":"1155","satellite":"N21","instrument":"VIIRS","confidence":"h","version":"2.0NRT","bright_ti5":"312.83","frp":"14.66","daynight":"D","commune":"Bouleternère","code_insee":"66023","departement":"Pyrénées-Orientales","region":"Occitanie"}},{"type":"Feature","geometry":{"type":"Point","coordinates":[2.59535,42.64705]},"properties":{"latitude":"42.64705","longitude":"2.59535","bright_ti4":"367","scan":"0.35","track":"0.56","acq_date":"2026-07-06","acq_time":"1155","satellite":"N21","instrument":"VIIRS","confidence":"h","version":"2.0NRT","bright_ti5":"316.98","frp":"20","daynight":"D","commune":"Bouleternère","code_insee":"66023","departement":"Pyrénées-Orientales","region":"Occitanie"}},{"type":"Feature","geometry":{"type":"Point","coordinates":[2.59943,42.64816]},"properties":{"latitude":"42.64816","longitude":"2.59943","bright_ti4":"367","scan":"0.35","track":"0.56","acq_date":"2026-07-06","acq_time":"1155","satellite":"N21","instrument":"VIIRS","confidence":"h","version":"2.0NRT","bright_ti5":"314.59","frp":"12.75","daynight":"D","commune":"Bouleternère","code_insee":"66023","departement":"Pyrénées-Orientales","region":"Occitanie"}},{"type":"Feature","geometry":{"type":"Point","coordinates":[2.54483,42.64993]},"properties":{"latitude":"42.64993","longitude":"2.54483","bright_ti4":"367","scan":"0.35","track":"0.57","acq_date":"2026-07-06","acq_time":"1155","satellite":"N21","instrument":"VIIRS","confidence":"h","version":"2.0NRT","bright_ti5":"319.35","frp":"9.52","daynight":"D","commune":"Vinça","code_insee":"66230","departement":"Pyrénées-Orientales","region":"Occitanie"}},{"type":"Feature","geometry":{"type":"Point","coordinates":[2.56444,42.65527]},"properties":{"latitude":"42.65527","longitude":"2.56444","bright_ti4":"367","scan":"0.35","track":"0.56","acq_date":"2026-07-06","acq_time":"1155","satellite":"N21","instrument":"VIIRS","confidence":"h","version":"2.0NRT","bright_ti5":"311.97","frp":"25.25","daynight":"D","commune":"Rodès","code_insee":"66165","departement":"Pyrénées-Orientales","region":"Occitanie"}},{"type":"Feature","geometry":{"type":"Point","coordinates":[2.56846,42.65636]},"properties":{"latitude":"42.65636","longitude":"2.56846","bright_ti4":"352.63","scan":"0.35","track":"0.56","acq_date":"2026-07-06","acq_time":"1155","satellite":"N21","instrument":"VIIRS","confidence":"n","version":"2.0NRT","bright_ti5":"320.68","frp":"16.54","daynight":"D","commune":"Bouleternère","code_insee":"66023","departement":"Pyrénées-Orientales","region":"Occitanie"}},{"type":"Feature","geometry":{"type":"Point","coordinates":[2.56663,42.66142]},"properties":{"latitude":"42.66142","longitude":"2.56663","bright_ti4":"367","scan":"0.35","track":"0.56","acq_date":"2026-07-06","acq_time":"1155","satellite":"N21","instrument":"VIIRS","confidence":"h","version":"2.0NRT","bright_ti5":"321.6","frp":"16.54","daynight":"D","commune":"Rodès","code_insee":"66165","departement":"Pyrénées-Orientales","region":"Occitanie"}},{"type":"Feature","geometry":{"type":"Point","coordinates":[2.62397,42.67699]},"properties":{"latitude":"42.67699","longitude":"2.62397","bright_ti4":"345.1","scan":"0.34","track":"0.56","acq_date":"2026-07-06","acq_time":"1155","satellite":"N21","instrument":"VIIRS","confidence":"n","version":"2.0NRT","bright_ti5":"313.56","frp":"4.71","daynight":"D","commune":"Ille-sur-Têt","code_insee":"66088","departement":"Pyrénées-Orientales","region":"Occitanie"}},{"type":"Feature","geometry":{"type":"Point","coordinates":[2.60736,42.6891]},"properties":{"latitude":"42.6891","longitude":"2.60736","bright_ti4":"353.05","scan":"0.34","track":"0.56","acq_date":"2026-07-06","acq_time":"1155","satellite":"N21","instrument":"VIIRS","confidence":"n","version":"2.0NRT","bright_ti5":"318.29","frp":"9.7","daynight":"D","commune":"Ille-sur-Têt","code_insee":"66088","departement":"Pyrénées-Orientales","region":"Occitanie"}},{"type":"Feature","geometry":{"type":"Point","coordinates":[2.61103,42.6901]},"properties":{"latitude":"42.6901","longitude":"2.61103","bright_ti4":"367","scan":"0.34","track":"0.56","acq_date":"2026-07-06","acq_time":"1155","satellite":"N21","instrument":"VIIRS","confidence":"h","version":"2.0NRT","bright_ti5":"318.37","frp":"9.7","daynight":"D","commune":"Ille-sur-Têt","code_insee":"66088","departement":"Pyrénées-Orientales","region":"Occitanie"}},{"type":"Feature","geometry":{"type":"Point","coordinates":[2.59615,42.69714]},"properties":{"latitude":"42.69714","longitude":"2.59615","bright_ti4":"367","scan":"0.34","track":"0.56","acq_date":"2026-07-06","acq_time":"1155","satellite":"N21","instrument":"VIIRS","confidence":"h","version":"2.0NRT","bright_ti5":"317.53","frp":"7.35","daynight":"D","commune":"Ille-sur-Têt","code_insee":"66088","departement":"Pyrénées-Orientales","region":"Occitanie"}},{"type":"Feature","geometry":{"type":"Point","coordinates":[4.87896,43.44109]},"properties":{"latitude":"43.44109","longitude":"4.87896","bright_ti4":"336.65","scan":"0.51","track":"0.49","acq_date":"2026-07-06","acq_time":"1155","satellite":"N21","instrument":"VIIRS","confidence":"l","version":"2.0NRT","bright_ti5":"311.02","frp":"13.1","daynight":"D","commune":"Fos-sur-Mer","code_insee":"13039","departement":"Bouches-du-Rhône","region":"Provence-Alpes-Côte d'Azur"}},{"type":"Feature","geometry":{"type":"Point","coordinates":[3.61852,43.44153]},"properties":{"latitude":"43.44153","longitude":"3.61852","bright_ti4":"340.83","scan":"0.59","track":"0.53","acq_date":"2026-07-06","acq_time":"1155","satellite":"N21","instrument":"VIIRS","confidence":"n","version":"2.0NRT","bright_ti5":"310.42","frp":"7.75","daynight":"D","commune":"Loupian","code_insee":"34143","departement":"Hérault","region":"Occitanie"}},{"type":"Feature","geometry":{"type":"Point","coordinates":[4.88498,43.44254]},"properties":{"latitude":"43.44254","longitude":"4.88498","bright_ti4":"344.23","scan":"0.51","track":"0.49","acq_date":"2026-07-06","acq_time":"1155","satellite":"N21","instrument":"VIIRS","confidence":"n","version":"2.0NRT","bright_ti5":"317.78","frp":"13.1","daynight":"D","commune":"Fos-sur-Mer","code_insee":"13039","departement":"Bouches-du-Rhône","region":"Provence-Alpes-Côte d'Azur"}},{"type":"Feature","geometry":{"type":"Point","coordinates":[4.88156,43.44394]},"properties":{"latitude":"43.44394","longitude":"4.88156","bright_ti4":"353.05","scan":"0.51","track":"0.49","acq_date":"2026-07-06","acq_time":"1155","satellite":"N21","instrument":"VIIRS","confidence":"n","version":"2.0NRT","bright_ti5":"316.26","frp":"23.48","daynight":"D","commune":"Fos-sur-Mer","code_insee":"13039","departement":"Bouches-du-Rhône","region":"Provence-Alpes-Côte d'Azur"}},{"type":"Feature","geometry":{"type":"Point","coordinates":[3.20913,43.62912]},"properties":{"latitude":"43.62912","longitude":"3.20913","bright_ti4":"346.57","scan":"0.61","track":"0.53","acq_date":"2026-07-06","acq_time":"1155","satellite":"N21","instrument":"VIIRS","confidence":"l","version":"2.0NRT","bright_ti5":"320.67","frp":"25.66","daynight":"D","commune":"Carlencas-et-Levas","code_insee":"34053","departement":"Hérault","region":"Occitanie"}},{"type":"Feature","geometry":{"type":"Point","coordinates":[3.21648,43.63105]},"properties":{"latitude":"43.63105","longitude":"3.21648","bright_ti4":"340.69","scan":"0.61","track":"0.53","acq_date":"2026-07-06","acq_time":"1155","satellite":"N21","instrument":"VIIRS","confidence":"l","version":"2.0NRT","bright_ti5":"314.88","frp":"25.66","daynight":"D","commune":"Carlencas-et-Levas","code_insee":"34053","departement":"Hérault","region":"Occitanie"}},{"type":"Feature","geometry":{"type":"Point","coordinates":[3.21436,43.63573]},"properties":{"latitude":"43.63573","longitude":"3.21436","bright_ti4":"340.2","scan":"0.61","track":"0.53","acq_date":"2026-07-06","acq_time":"1155","satellite":"N21","instrument":"VIIRS","confidence":"n","version":"2.0NRT","bright_ti5":"309.16","frp":"11.13","daynight":"D","commune":"Carlencas-et-Levas","code_insee":"34053","departement":"Hérault","region":"Occitanie"}},{"type":"Feature","geometry":{"type":"Point","coordinates":[5.355,43.74777]},"properties":{"latitude":"43.74777","longitude":"5.355","bright_ti4":"342.36","scan":"0.48","track":"0.48","acq_date":"2026-07-06","acq_time":"1155","satellite":"N21","instrument":"VIIRS","confidence":"n","version":"2.0NRT","bright_ti5":"312.06","frp":"7.65","daynight":"D","commune":"Cadenet","code_insee":"84026","departement":"Vaucluse","region":"Provence-Alpes-Côte d'Azur"}},{"type":"Feature","geometry":{"type":"Point","coordinates":[1.08855,43.83168]},"properties":{"latitude":"43.83168","longitude":"1.08855","bright_ti4":"344.79","scan":"0.38","track":"0.59","acq_date":"2026-07-06","acq_time":"1155","satellite":"N21","instrument":"VIIRS","confidence":"n","version":"2.0NRT","bright_ti5":"310.51","frp":"6.12","daynight":"D","commune":"Bouillac","code_insee":"82020","departement":"Tarn-et-Garonne","region":"Occitanie"}},{"type":"Feature","geometry":{"type":"Point","coordinates":[5.36036,44.69637]},"properties":{"latitude":"44.69637","longitude":"5.36036","bright_ti4":"341.97","scan":"0.45","track":"0.47","acq_date":"2026-07-06","acq_time":"1155","satellite":"N21","instrument":"VIIRS","confidence":"n","version":"2.0NRT","bright_ti5":"302.18","frp":"84.94","daynight":"D","commune":"Solaure en Diois","code_insee":"26001","departement":"Drôme","region":"Auvergne-Rhône-Alpes"}},{"type":"Feature","geometry":{"type":"Point","coordinates":[5.35349,44.69932]},"properties":{"latitude":"44.69932","longitude":"5.35349","bright_ti4":"341.83","scan":"0.45","track":"0.47","acq_date":"2026-07-06","acq_time":"1155","satellite":"N21","instrument":"VIIRS","confidence":"n","version":"2.0NRT","bright_ti5":"300.99","frp":"84.94","daynight":"D","commune":"Solaure en Diois","code_insee":"26001","departement":"Drôme","region":"Auvergne-Rhône-Alpes"}},{"type":"Feature","geometry":{"type":"Point","coordinates":[5.35751,44.69941]},"properties":{"latitude":"44.69941","longitude":"5.35751","bright_ti4":"367","scan":"0.45","track":"0.47","acq_date":"2026-07-06","acq_time":"1155","satellite":"N21","instrument":"VIIRS","confidence":"l","version":"2.0NRT","bright_ti5":"332.73","frp":"294.19","daynight":"D","commune":"Solaure en Diois","code_insee":"26001","departement":"Drôme","region":"Auvergne-Rhône-Alpes"}},{"type":"Feature","geometry":{"type":"Point","coordinates":[5.35842,44.70047]},"properties":{"latitude":"44.70047","longitude":"5.35842","bright_ti4":"367","scan":"0.45","track":"0.47","acq_date":"2026-07-06","acq_time":"1155","satellite":"N21","instrument":"VIIRS","confidence":"l","version":"2.0NRT","bright_ti5":"350.93","frp":"84.94","daynight":"D","commune":"Solaure en Diois","code_insee":"26001","departement":"Drôme","region":"Auvergne-Rhône-Alpes"}},{"type":"Feature","geometry":{"type":"Point","coordinates":[5.36302,44.70153]},"properties":{"latitude":"44.70153","longitude":"5.36302","bright_ti4":"340.97","scan":"0.45","track":"0.47","acq_date":"2026-07-06","acq_time":"1155","satellite":"N21","instrument":"VIIRS","confidence":"n","version":"2.0NRT","bright_ti5":"306.96","frp":"67.95","daynight":"D","commune":"Solaure en Diois","code_insee":"26001","departement":"Drôme","region":"Auvergne-Rhône-Alpes"}},{"type":"Feature","geometry":{"type":"Point","coordinates":[5.3554,44.70346]},"properties":{"latitude":"44.70346","longitude":"5.3554","bright_ti4":"367","scan":"0.45","track":"0.47","acq_date":"2026-07-06","acq_time":"1155","satellite":"N21","instrument":"VIIRS","confidence":"h","version":"2.0NRT","bright_ti5":"351.13","frp":"294.19","daynight":"D","commune":"Solaure en Diois","code_insee":"26001","departement":"Drôme","region":"Auvergne-Rhône-Alpes"}},{"type":"Feature","geometry":{"type":"Point","coordinates":[5.34815,44.7063]},"properties":{"latitude":"44.7063","longitude":"5.34815","bright_ti4":"353.35","scan":"0.45","track":"0.47","acq_date":"2026-07-06","acq_time":"1155","satellite":"N21","instrument":"VIIRS","confidence":"n","version":"2.0NRT","bright_ti5":"306.52","frp":"10.91","daynight":"D","commune":"Solaure en Diois","code_insee":"26001","departement":"Drôme","region":"Auvergne-Rhône-Alpes"}},{"type":"Feature","geometry":{"type":"Point","coordinates":[5.3534,44.70755]},"properties":{"latitude":"44.70755","longitude":"5.3534","bright_ti4":"333.8","scan":"0.45","track":"0.47","acq_date":"2026-07-06","acq_time":"1155","satellite":"N21","instrument":"VIIRS","confidence":"n","version":"2.0NRT","bright_ti5":"307.9","frp":"10.79","daynight":"D","commune":"Solaure en Diois","code_insee":"26001","departement":"Drôme","region":"Auvergne-Rhône-Alpes"}},{"type":"Feature","geometry":{"type":"Point","coordinates":[5.35824,44.70869]},"properties":{"latitude":"44.70869","longitude":"5.35824","bright_ti4":"349.65","scan":"0.45","track":"0.47","acq_date":"2026-07-06","acq_time":"1155","satellite":"N21","instrument":"VIIRS","confidence":"n","version":"2.0NRT","bright_ti5":"313.06","frp":"10.79","daynight":"D","commune":"Solaure en Diois","code_insee":"26001","departement":"Drôme","region":"Auvergne-Rhône-Alpes"}},{"type":"Feature","geometry":{"type":"Point","coordinates":[5.34027,44.70898]},"properties":{"latitude":"44.70898","longitude":"5.34027","bright_ti4":"354.07","scan":"0.45","track":"0.47","acq_date":"2026-07-06","acq_time":"1155","satellite":"N21","instrument":"VIIRS","confidence":"n","version":"2.0NRT","bright_ti5":"305.03","frp":"10.91","daynight":"D","commune":"Solaure en Diois","code_insee":"26001","departement":"Drôme","region":"Auvergne-Rhône-Alpes"}},{"type":"Feature","geometry":{"type":"Point","coordinates":[5.32674,44.7331]},"properties":{"latitude":"44.7331","longitude":"5.32674","bright_ti4":"349.89","scan":"0.45","track":"0.47","acq_date":"2026-07-06","acq_time":"1155","satellite":"N21","instrument":"VIIRS","confidence":"n","version":"2.0NRT","bright_ti5":"308.67","frp":"11.95","daynight":"D","commune":"Die","code_insee":"26113","departement":"Drôme","region":"Auvergne-Rhône-Alpes"}},{"type":"Feature","geometry":{"type":"Point","coordinates":[3.78473,44.81939]},"properties":{"latitude":"44.81939","longitude":"3.78473","bright_ti4":"339.78","scan":"0.53","track":"0.5","acq_date":"2026-07-06","acq_time":"1155","satellite":"N21","instrument":"VIIRS","confidence":"n","version":"2.0NRT","bright_ti5":"306.99","frp":"6.93","daynight":"D","commune":"Rauret","code_insee":"43160","departement":"Haute-Loire","region":"Auvergne-Rhône-Alpes"}},{"type":"Feature","geometry":{"type":"Point","coordinates":[-0.53596,46.08119]},"properties":{"latitude":"46.08119","longitude":"-0.53596","bright_ti4":"345.19","scan":"0.38","track":"0.59","acq_date":"2026-07-06","acq_time":"1155","satellite":"N21","instrument":"VIIRS","confidence":"n","version":"2.0NRT","bright_ti5":"312.38","frp":"17.9","daynight":"D","commune":"Migré","code_insee":"17234","departement":"Charente-Maritime","region":"Nouvelle-Aquitaine"}},{"type":"Feature","geometry":{"type":"Point","coordinates":[-0.53129,46.08255]},"properties":{"latitude":"46.08255","longitude":"-0.53129","bright_ti4":"367","scan":"0.38","track":"0.59","acq_date":"2026-07-06","acq_time":"1155","satellite":"N21","instrument":"VIIRS","confidence":"h","version":"2.0NRT","bright_ti5":"316.63","frp":"17.9","daynight":"D","commune":"Vergné","code_insee":"17464","departement":"Charente-Maritime","region":"Nouvelle-Aquitaine"}},{"type":"Feature","geometry":{"type":"Point","coordinates":[0.27864,46.38952]},"properties":{"latitude":"46.38952","longitude":"0.27864","bright_ti4":"343.61","scan":"0.35","track":"0.56","acq_date":"2026-07-06","acq_time":"1155","satellite":"N21","instrument":"VIIRS","confidence":"n","version":"2.0NRT","bright_ti5":"313.47","frp":"4.45","daynight":"D","commune":"Vivonne","code_insee":"86293","departement":"Vienne","region":"Nouvelle-Aquitaine"}},{"type":"Feature","geometry":{"type":"Point","coordinates":[-0.8755,47.16273]},"properties":{"latitude":"47.16273","longitude":"-0.8755","bright_ti4":"340.34","scan":"0.37","track":"0.58","acq_date":"2026-07-06","acq_time":"1155","satellite":"N21","instrument":"VIIRS","confidence":"n","version":"2.0NRT","bright_ti5":"305.62","frp":"9.64","daynight":"D","commune":"Beaupréau-en-Mauges","code_insee":"49023","departement":"Maine-et-Loire","region":"Pays de la Loire"}},{"type":"Feature","geometry":{"type":"Point","coordinates":[-0.87563,47.1629]},"properties":{"latitude":"47.1629","longitude":"-0.87563","bright_ti4":"336.95","scan":"0.37","track":"0.58","acq_date":"2026-07-06","acq_time":"1155","satellite":"N21","instrument":"VIIRS","confidence":"n","version":"2.0NRT","bright_ti5":"305.61","frp":"8.73","daynight":"D","commune":"Beaupréau-en-Mauges","code_insee":"49023","departement":"Maine-et-Loire","region":"Pays de la Loire"}},{"type":"Feature","geometry":{"type":"Point","coordinates":[-0.871,47.16405]},"properties":{"latitude":"47.16405","longitude":"-0.871","bright_ti4":"367","scan":"0.37","track":"0.58","acq_date":"2026-07-06","acq_time":"1155","satellite":"N21","instrument":"VIIRS","confidence":"h","version":"2.0NRT","bright_ti5":"313.58","frp":"16.35","daynight":"D","commune":"Beaupréau-en-Mauges","code_insee":"49023","departement":"Maine-et-Loire","region":"Pays de la Loire"}},{"type":"Feature","geometry":{"type":"Point","coordinates":[-0.87111,47.1642]},"properties":{"latitude":"47.1642","longitude":"-0.87111","bright_ti4":"367","scan":"0.37","track":"0.58","acq_date":"2026-07-06","acq_time":"1155","satellite":"N21","instrument":"VIIRS","confidence":"h","version":"2.0NRT","bright_ti5":"313.5","frp":"15.93","daynight":"D","commune":"Beaupréau-en-Mauges","code_insee":"49023","departement":"Maine-et-Loire","region":"Pays de la Loire"}},{"type":"Feature","geometry":{"type":"Point","coordinates":[2.29951,51.04437]},"properties":{"latitude":"51.04437","longitude":"2.29951","bright_ti4":"342.79","scan":"0.42","track":"0.45","acq_date":"2026-07-06","acq_time":"1157","satellite":"N21","instrument":"VIIRS","confidence":"n","version":"2.0NRT","bright_ti5":"300.2","frp":"7.26","daynight":"D","commune":"Grande-Synthe","code_insee":"59271","departement":"Nord","region":"Hauts-de-France"}},{"type":"Feature","geometry":{"type":"Point","coordinates":[2.31637,51.04843]},"properties":{"latitude":"51.04843","longitude":"2.31637","bright_ti4":"336.77","scan":"0.42","track":"0.45","acq_date":"2026-07-06","acq_time":"1157","satellite":"N21","instrument":"VIIRS","confidence":"n","version":"2.0NRT","bright_ti5":"297.78","frp":"2.02","daynight":"D","commune":"Dunkerque","code_insee":"59183","departement":"Nord","region":"Hauts-de-France"}},{"type":"Feature","geometry":{"type":"Point","coordinates":[2.53344,42.63005]},"properties":{"latitude":"42.63005","longitude":"2.53344","bright_ti4":"207.38","scan":"0.42","track":"0.61","acq_date":"2026-07-06","acq_time":"1336","satellite":"N21","instrument":"VIIRS","confidence":"l","version":"2.0NRT","bright_ti5":"315.43","frp":"192.73","daynight":"D","commune":"Rigarda","code_insee":"66162","departement":"Pyrénées-Orientales","region":"Occitanie"}},{"type":"Feature","geometry":{"type":"Point","coordinates":[2.53852,42.63023]},"properties":{"latitude":"42.63023","longitude":"2.53852","bright_ti4":"367","scan":"0.42","track":"0.61","acq_date":"2026-07-06","acq_time":"1336","satellite":"N21","instrument":"VIIRS","confidence":"h","version":"2.0NRT","bright_ti5":"337.77","frp":"243.23","daynight":"D","commune":"Rigarda","code_insee":"66162","departement":"Pyrénées-Orientales","region":"Occitanie"}},{"type":"Feature","geometry":{"type":"Point","coordinates":[2.53143,42.63183]},"properties":{"latitude":"42.63183","longitude":"2.53143","bright_ti4":"344.75","scan":"0.41","track":"0.61","acq_date":"2026-07-06","acq_time":"1336","satellite":"N21","instrument":"VIIRS","confidence":"n","version":"2.0NRT","bright_ti5":"306.23","frp":"103.24","daynight":"D","commune":"Rigarda","code_insee":"66162","departement":"Pyrénées-Orientales","region":"Occitanie"}},{"type":"Feature","geometry":{"type":"Point","coordinates":[2.53652,42.63204]},"properties":{"latitude":"42.63204","longitude":"2.53652","bright_ti4":"367","scan":"0.42","track":"0.61","acq_date":"2026-07-06","acq_time":"1336","satellite":"N21","instrument":"VIIRS","confidence":"l","version":"2.0NRT","bright_ti5":"358.72","frp":"101.19","daynight":"D","commune":"Rigarda","code_insee":"66162","departement":"Pyrénées-Orientales","region":"Occitanie"}},{"type":"Feature","geometry":{"type":"Point","coordinates":[2.54158,42.63226]},"properties":{"latitude":"42.63226","longitude":"2.54158","bright_ti4":"353.15","scan":"0.42","track":"0.61","acq_date":"2026-07-06","acq_time":"1336","satellite":"N21","instrument":"VIIRS","confidence":"n","version":"2.0NRT","bright_ti5":"314.88","frp":"101.19","daynight":"D","commune":"Rigarda","code_insee":"66162","departement":"Pyrénées-Orientales","region":"Occitanie"}},{"type":"Feature","geometry":{"type":"Point","coordinates":[2.53838,42.63585]},"properties":{"latitude":"42.63585","longitude":"2.53838","bright_ti4":"367","scan":"0.42","track":"0.61","acq_date":"2026-07-06","acq_time":"1336","satellite":"N21","instrument":"VIIRS","confidence":"h","version":"2.0NRT","bright_ti5":"318.75","frp":"19.81","daynight":"D","commune":"Rigarda","code_insee":"66162","departement":"Pyrénées-Orientales","region":"Occitanie"}},{"type":"Feature","geometry":{"type":"Point","coordinates":[2.54356,42.63604]},"properties":{"latitude":"42.63604","longitude":"2.54356","bright_ti4":"350.22","scan":"0.42","track":"0.61","acq_date":"2026-07-06","acq_time":"1336","satellite":"N21","instrument":"VIIRS","confidence":"n","version":"2.0NRT","bright_ti5":"316.4","frp":"19.81","daynight":"D","commune":"Rigarda","code_insee":"66162","departement":"Pyrénées-Orientales","region":"Occitanie"}},{"type":"Feature","geometry":{"type":"Point","coordinates":[2.5363,42.63766]},"properties":{"latitude":"42.63766","longitude":"2.5363","bright_ti4":"348.51","scan":"0.42","track":"0.61","acq_date":"2026-07-06","acq_time":"1336","satellite":"N21","instrument":"VIIRS","confidence":"n","version":"2.0NRT","bright_ti5":"309.64","frp":"101.19","daynight":"D","commune":"Vinça","code_insee":"66230","departement":"Pyrénées-Orientales","region":"Occitanie"}},{"type":"Feature","geometry":{"type":"Point","coordinates":[2.54143,42.63788]},"properties":{"latitude":"42.63788","longitude":"2.54143","bright_ti4":"367","scan":"0.42","track":"0.61","acq_date":"2026-07-06","acq_time":"1336","satellite":"N21","instrument":"VIIRS","confidence":"h","version":"2.0NRT","bright_ti5":"319.81","frp":"101.19","daynight":"D","commune":"Rigarda","code_insee":"66162","departement":"Pyrénées-Orientales","region":"Occitanie"}},{"type":"Feature","geometry":{"type":"Point","coordinates":[2.54334,42.64166]},"properties":{"latitude":"42.64166","longitude":"2.54334","bright_ti4":"367","scan":"0.42","track":"0.61","acq_date":"2026-07-06","acq_time":"1336","satellite":"N21","instrument":"VIIRS","confidence":"h","version":"2.0NRT","bright_ti5":"312.55","frp":"19.81","daynight":"D","commune":"Vinça","code_insee":"66230","departement":"Pyrénées-Orientales","region":"Occitanie"}},{"type":"Feature","geometry":{"type":"Point","coordinates":[2.56396,42.64242]},"properties":{"latitude":"42.64242","longitude":"2.56396","bright_ti4":"355.12","scan":"0.42","track":"0.61","acq_date":"2026-07-06","acq_time":"1336","satellite":"N21","instrument":"VIIRS","confidence":"n","version":"2.0NRT","bright_ti5":"314.58","frp":"14.69","daynight":"D","commune":"Rodès","code_insee":"66165","departement":"Pyrénées-Orientales","region":"Occitanie"}},{"type":"Feature","geometry":{"type":"Point","coordinates":[2.59906,42.64369]},"properties":{"latitude":"42.64369","longitude":"2.59906","bright_ti4":"367","scan":"0.42","track":"0.61","acq_date":"2026-07-06","acq_time":"1336","satellite":"N21","instrument":"VIIRS","confidence":"h","version":"2.0NRT","bright_ti5":"313.13","frp":"17.24","daynight":"D","commune":"Bouleternère","code_insee":"66023","departement":"Pyrénées-Orientales","region":"Occitanie"}},{"type":"Feature","geometry":{"type":"Point","coordinates":[2.56388,42.65369]},"properties":{"latitude":"42.65369","longitude":"2.56388","bright_ti4":"367","scan":"0.42","track":"0.61","acq_date":"2026-07-06","acq_time":"1336","satellite":"N21","instrument":"VIIRS","confidence":"h","version":"2.0NRT","bright_ti5":"314.83","frp":"14.6","daynight":"D","commune":"Rodès","code_insee":"66165","departement":"Pyrénées-Orientales","region":"Occitanie"}},{"type":"Feature","geometry":{"type":"Point","coordinates":[2.56265,42.65929]},"properties":{"latitude":"42.65929","longitude":"2.56265","bright_ti4":"349.42","scan":"0.42","track":"0.61","acq_date":"2026-07-06","acq_time":"1336","satellite":"N21","instrument":"VIIRS","confidence":"n","version":"2.0NRT","bright_ti5":"315.1","frp":"13.6","daynight":"D","commune":"Rodès","code_insee":"66165","departement":"Pyrénées-Orientales","region":"Occitanie"}},{"type":"Feature","geometry":{"type":"Point","coordinates":[2.60619,42.68915]},"properties":{"latitude":"42.68915","longitude":"2.60619","bright_ti4":"345.11","scan":"0.42","track":"0.61","acq_date":"2026-07-06","acq_time":"1336","satellite":"N21","instrument":"VIIRS","confidence":"n","version":"2.0NRT","bright_ti5":"313.38","frp":"6.31","daynight":"D","commune":"Ille-sur-Têt","code_insee":"66088","departement":"Pyrénées-Orientales","region":"Occitanie"}},{"type":"Feature","geometry":{"type":"Point","coordinates":[2.61207,42.68938]},"properties":{"latitude":"42.68938","longitude":"2.61207","bright_ti4":"342.37","scan":"0.42","track":"0.61","acq_date":"2026-07-06","acq_time":"1336","satellite":"N21","instrument":"VIIRS","confidence":"n","version":"2.0NRT","bright_ti5":"316.62","frp":"6.31","daynight":"D","commune":"Ille-sur-Têt","code_insee":"66088","departement":"Pyrénées-Orientales","region":"Occitanie"}},{"type":"Feature","geometry":{"type":"Point","coordinates":[2.59371,42.69432]},"properties":{"latitude":"42.69432","longitude":"2.59371","bright_ti4":"367","scan":"0.42","track":"0.61","acq_date":"2026-07-06","acq_time":"1336","satellite":"N21","instrument":"VIIRS","confidence":"h","version":"2.0NRT","bright_ti5":"313.84","frp":"36.52","daynight":"D","commune":"Ille-sur-Têt","code_insee":"66088","departement":"Pyrénées-Orientales","region":"Occitanie"}},{"type":"Feature","geometry":{"type":"Point","coordinates":[2.59928,42.69454]},"properties":{"latitude":"42.69454","longitude":"2.59928","bright_ti4":"352.46","scan":"0.42","track":"0.61","acq_date":"2026-07-06","acq_time":"1336","satellite":"N21","instrument":"VIIRS","confidence":"n","version":"2.0NRT","bright_ti5":"317.8","frp":"36.52","daynight":"D","commune":"Ille-sur-Têt","code_insee":"66088","departement":"Pyrénées-Orientales","region":"Occitanie"}},{"type":"Feature","geometry":{"type":"Point","coordinates":[2.60499,42.69476]},"properties":{"latitude":"42.69476","longitude":"2.60499","bright_ti4":"367","scan":"0.42","track":"0.61","acq_date":"2026-07-06","acq_time":"1336","satellite":"N21","instrument":"VIIRS","confidence":"l","version":"2.0NRT","bright_ti5":"329.09","frp":"42.48","daynight":"D","commune":"Ille-sur-Têt","code_insee":"66088","departement":"Pyrénées-Orientales","region":"Occitanie"}},{"type":"Feature","geometry":{"type":"Point","coordinates":[2.61084,42.69498]},"properties":{"latitude":"42.69498","longitude":"2.61084","bright_ti4":"367","scan":"0.42","track":"0.61","acq_date":"2026-07-06","acq_time":"1336","satellite":"N21","instrument":"VIIRS","confidence":"h","version":"2.0NRT","bright_ti5":"312.26","frp":"42.48","daynight":"D","commune":"Ille-sur-Têt","code_insee":"66088","departement":"Pyrénées-Orientales","region":"Occitanie"}},{"type":"Feature","geometry":{"type":"Point","coordinates":[1.29539,43.4265]},"properties":{"latitude":"43.4265","longitude":"1.29539","bright_ti4":"346.74","scan":"0.36","track":"0.58","acq_date":"2026-07-06","acq_time":"1336","satellite":"N21","instrument":"VIIRS","confidence":"n","version":"2.0NRT","bright_ti5":"315.17","frp":"4.96","daynight":"D","commune":"Muret","code_insee":"31395","departement":"Haute-Garonne","region":"Occitanie"}},{"type":"Feature","geometry":{"type":"Point","coordinates":[4.87941,43.44144]},"properties":{"latitude":"43.44144","longitude":"4.87941","bright_ti4":"341.22","scan":"0.55","track":"0.68","acq_date":"2026-07-06","acq_time":"1336","satellite":"N21","instrument":"VIIRS","confidence":"n","version":"2.0NRT","bright_ti5":"306.53","frp":"8.46","daynight":"D","commune":"Fos-sur-Mer","code_insee":"13039","departement":"Bouches-du-Rhône","region":"Provence-Alpes-Côte d'Azur"}},{"type":"Feature","geometry":{"type":"Point","coordinates":[4.87877,43.44427]},"properties":{"latitude":"43.44427","longitude":"4.87877","bright_ti4":"340.04","scan":"0.56","track":"0.68","acq_date":"2026-07-06","acq_time":"1336","satellite":"N21","instrument":"VIIRS","confidence":"n","version":"2.0NRT","bright_ti5":"306.46","frp":"13.32","daynight":"D","commune":"Fos-sur-Mer","code_insee":"13039","departement":"Bouches-du-Rhône","region":"Provence-Alpes-Côte d'Azur"}},{"type":"Feature","geometry":{"type":"Point","coordinates":[5.35635,44.69585]},"properties":{"latitude":"44.69585","longitude":"5.35635","bright_ti4":"350.2","scan":"0.6","track":"0.7","acq_date":"2026-07-06","acq_time":"1336","satellite":"N21","instrument":"VIIRS","confidence":"n","version":"2.0NRT","bright_ti5":"298.85","frp":"14.02","daynight":"D","commune":"Solaure en Diois","code_insee":"26001","departement":"Drôme","region":"Auvergne-Rhône-Alpes"}},{"type":"Feature","geometry":{"type":"Point","coordinates":[5.35674,44.69593]},"properties":{"latitude":"44.69593","longitude":"5.35674","bright_ti4":"349.57","scan":"0.6","track":"0.7","acq_date":"2026-07-06","acq_time":"1336","satellite":"N21","instrument":"VIIRS","confidence":"n","version":"2.0NRT","bright_ti5":"298.59","frp":"11.24","daynight":"D","commune":"Solaure en Diois","code_insee":"26001","departement":"Drôme","region":"Auvergne-Rhône-Alpes"}},{"type":"Feature","geometry":{"type":"Point","coordinates":[5.34956,44.7023]},"properties":{"latitude":"44.7023","longitude":"5.34956","bright_ti4":"339.42","scan":"0.6","track":"0.7","acq_date":"2026-07-06","acq_time":"1336","satellite":"N21","instrument":"VIIRS","confidence":"n","version":"2.0NRT","bright_ti5":"299.51","frp":"19","daynight":"D","commune":"Solaure en Diois","code_insee":"26001","departement":"Drôme","region":"Auvergne-Rhône-Alpes"}},{"type":"Feature","geometry":{"type":"Point","coordinates":[5.35793,44.70235]},"properties":{"latitude":"44.70235","longitude":"5.35793","bright_ti4":"367","scan":"0.6","track":"0.7","acq_date":"2026-07-06","acq_time":"1336","satellite":"N21","instrument":"VIIRS","confidence":"h","version":"2.0NRT","bright_ti5":"303.31","frp":"28.16","daynight":"D","commune":"Solaure en Diois","code_insee":"26001","departement":"Drôme","region":"Auvergne-Rhône-Alpes"}},{"type":"Feature","geometry":{"type":"Point","coordinates":[5.33725,44.71519]},"properties":{"latitude":"44.71519","longitude":"5.33725","bright_ti4":"335.34","scan":"0.6","track":"0.7","acq_date":"2026-07-06","acq_time":"1336","satellite":"N21","instrument":"VIIRS","confidence":"n","version":"2.0NRT","bright_ti5":"299.23","frp":"26.39","daynight":"D","commune":"Barsac","code_insee":"26027","departement":"Drôme","region":"Auvergne-Rhône-Alpes"}},{"type":"Feature","geometry":{"type":"Point","coordinates":[5.34306,44.71523]},"properties":{"latitude":"44.71523","longitude":"5.34306","bright_ti4":"350.93","scan":"0.6","track":"0.7","acq_date":"2026-07-06","acq_time":"1336","satellite":"N21","instrument":"VIIRS","confidence":"n","version":"2.0NRT","bright_ti5":"300.46","frp":"29.33","daynight":"D","commune":"Die","code_insee":"26113","departement":"Drôme","region":"Auvergne-Rhône-Alpes"}},{"type":"Feature","geometry":{"type":"Point","coordinates":[5.32206,44.72156]},"properties":{"latitude":"44.72156","longitude":"5.32206","bright_ti4":"367","scan":"0.59","track":"0.7","acq_date":"2026-07-06","acq_time":"1336","satellite":"N21","instrument":"VIIRS","confidence":"h","version":"2.0NRT","bright_ti5":"304.28","frp":"20.25","daynight":"D","commune":"Barsac","code_insee":"26027","departement":"Drôme","region":"Auvergne-Rhône-Alpes"}},{"type":"Feature","geometry":{"type":"Point","coordinates":[5.34584,44.72173]},"properties":{"latitude":"44.72173","longitude":"5.34584","bright_ti4":"354.52","scan":"0.6","track":"0.7","acq_date":"2026-07-06","acq_time":"1336","satellite":"N21","instrument":"VIIRS","confidence":"n","version":"2.0NRT","bright_ti5":"307.04","frp":"29.33","daynight":"D","commune":"Die","code_insee":"26113","departement":"Drôme","region":"Auvergne-Rhône-Alpes"}},{"type":"Feature","geometry":{"type":"Point","coordinates":[5.32025,44.72803]},"properties":{"latitude":"44.72803","longitude":"5.32025","bright_ti4":"330.87","scan":"0.59","track":"0.7","acq_date":"2026-07-06","acq_time":"1336","satellite":"N21","instrument":"VIIRS","confidence":"n","version":"2.0NRT","bright_ti5":"302.89","frp":"6.01","daynight":"D","commune":"Die","code_insee":"26113","departement":"Drôme","region":"Auvergne-Rhône-Alpes"}},{"type":"Feature","geometry":{"type":"Point","coordinates":[5.34648,44.72822]},"properties":{"latitude":"44.72822","longitude":"5.34648","bright_ti4":"333.92","scan":"0.6","track":"0.7","acq_date":"2026-07-06","acq_time":"1336","satellite":"N21","instrument":"VIIRS","confidence":"n","version":"2.0NRT","bright_ti5":"301.57","frp":"3.45","daynight":"D","commune":"Die","code_insee":"26113","departement":"Drôme","region":"Auvergne-Rhône-Alpes"}},{"type":"Feature","geometry":{"type":"Point","coordinates":[5.32657,44.73455]},"properties":{"latitude":"44.73455","longitude":"5.32657","bright_ti4":"344.52","scan":"0.59","track":"0.7","acq_date":"2026-07-06","acq_time":"1336","satellite":"N21","instrument":"VIIRS","confidence":"n","version":"2.0NRT","bright_ti5":"303.03","frp":"6.01","daynight":"D","commune":"Die","code_insee":"26113","departement":"Drôme","region":"Auvergne-Rhône-Alpes"}},{"type":"Feature","geometry":{"type":"Point","coordinates":[3.78158,44.81661]},"properties":{"latitude":"44.81661","longitude":"3.78158","bright_ti4":"367","scan":"0.5","track":"0.66","acq_date":"2026-07-06","acq_time":"1336","satellite":"N21","instrument":"VIIRS","confidence":"h","version":"2.0NRT","bright_ti5":"309.84","frp":"16.81","daynight":"D","commune":"Rauret","code_insee":"43160","departement":"Haute-Loire","region":"Auvergne-Rhône-Alpes"}},{"type":"Feature","geometry":{"type":"Point","coordinates":[1.28846,44.87468]},"properties":{"latitude":"44.87468","longitude":"1.28846","bright_ti4":"367","scan":"0.37","track":"0.58","acq_date":"2026-07-06","acq_time":"1336","satellite":"N21","instrument":"VIIRS","confidence":"h","version":"2.0NRT","bright_ti5":"314.32","frp":"11.69","daynight":"D","commune":"Saint-Vincent-le-Paluel","code_insee":"24512","departement":"Dordogne","region":"Nouvelle-Aquitaine"}},{"type":"Feature","geometry":{"type":"Point","coordinates":[4.13713,45.82809]},"properties":{"latitude":"45.82809","longitude":"4.13713","bright_ti4":"336.17","scan":"0.52","track":"0.67","acq_date":"2026-07-06","acq_time":"1336","satellite":"N21","instrument":"VIIRS","confidence":"n","version":"2.0NRT","bright_ti5":"307.78","frp":"5.98","daynight":"D","commune":"Nervieux","code_insee":"42155","departement":"Loire","region":"Auvergne-Rhône-Alpes"}},{"type":"Feature","geometry":{"type":"Point","coordinates":[-0.53483,46.07936]},"properties":{"latitude":"46.07936","longitude":"-0.53483","bright_ti4":"343.81","scan":"0.62","track":"0.54","acq_date":"2026-07-06","acq_time":"1336","satellite":"N21","instrument":"VIIRS","confidence":"n","version":"2.0NRT","bright_ti5":"315.7","frp":"10.18","daynight":"D","commune":"Vergné","code_insee":"17464","departement":"Charente-Maritime","region":"Nouvelle-Aquitaine"}},{"type":"Feature","geometry":{"type":"Point","coordinates":[2.1581,46.09995]},"properties":{"latitude":"46.09995","longitude":"2.1581","bright_ti4":"338.51","scan":"0.42","track":"0.61","acq_date":"2026-07-06","acq_time":"1336","satellite":"N21","instrument":"VIIRS","confidence":"n","version":"2.0NRT","bright_ti5":"306.46","frp":"5.22","daynight":"D","commune":"Saint-Pardoux-les-Cards","code_insee":"23229","departement":"Creuse","region":"Nouvelle-Aquitaine"}},{"type":"Feature","geometry":{"type":"Point","coordinates":[0.27383,46.39246]},"properties":{"latitude":"46.39246","longitude":"0.27383","bright_ti4":"342.42","scan":"0.34","track":"0.56","acq_date":"2026-07-06","acq_time":"1338","satellite":"N21","instrument":"VIIRS","confidence":"n","version":"2.0NRT","bright_ti5":"312.79","frp":"4.6","daynight":"D","commune":"Vivonne","code_insee":"86293","departement":"Vienne","region":"Nouvelle-Aquitaine"}},{"type":"Feature","geometry":{"type":"Point","coordinates":[0.27823,46.39267]},"properties":{"latitude":"46.39267","longitude":"0.27823","bright_ti4":"367","scan":"0.34","track":"0.56","acq_date":"2026-07-06","acq_time":"1338","satellite":"N21","instrument":"VIIRS","confidence":"h","version":"2.0NRT","bright_ti5":"317.64","frp":"4.6","daynight":"D","commune":"Vivonne","code_insee":"86293","departement":"Vienne","region":"Nouvelle-Aquitaine"}},{"type":"Feature","geometry":{"type":"Point","coordinates":[-1.56449,47.47145]},"properties":{"latitude":"47.47145","longitude":"-1.56449","bright_ti4":"340.11","scan":"0.57","track":"0.52","acq_date":"2026-07-06","acq_time":"1338","satellite":"N21","instrument":"VIIRS","confidence":"n","version":"2.0NRT","bright_ti5":"310.5","frp":"5.87","daynight":"D","commune":"Saffré","code_insee":"44149","departement":"Loire-Atlantique","region":"Pays de la Loire"}},{"type":"Feature","geometry":{"type":"Point","coordinates":[-1.78932,47.646]},"properties":{"latitude":"47.646","longitude":"-1.78932","bright_ti4":"345.42","scan":"0.56","track":"0.51","acq_date":"2026-07-06","acq_time":"1338","satellite":"N21","instrument":"VIIRS","confidence":"n","version":"2.0NRT","bright_ti5":"311.2","frp":"31.53","daynight":"D","commune":"Guémené-Penfao","code_insee":"44067","departement":"Loire-Atlantique","region":"Pays de la Loire"}},{"type":"Feature","geometry":{"type":"Point","coordinates":[0.79054,47.7095]},"properties":{"latitude":"47.7095","longitude":"0.79054","bright_ti4":"349.46","scan":"0.37","track":"0.58","acq_date":"2026-07-06","acq_time":"1338","satellite":"N21","instrument":"VIIRS","confidence":"n","version":"2.0NRT","bright_ti5":"311.37","frp":"3.64","daynight":"D","commune":"Les Hayes","code_insee":"41100","departement":"Loir-et-Cher","region":"Centre-Val de Loire"}},{"type":"Feature","geometry":{"type":"Point","coordinates":[0.78771,47.71254]},"properties":{"latitude":"47.71254","longitude":"0.78771","bright_ti4":"334.76","scan":"0.37","track":"0.58","acq_date":"2026-07-06","acq_time":"1338","satellite":"N21","instrument":"VIIRS","confidence":"l","version":"2.0NRT","bright_ti5":"308.22","frp":"5.18","daynight":"D","commune":"Les Hayes","code_insee":"41100","departement":"Loir-et-Cher","region":"Centre-Val de Loire"}},{"type":"Feature","geometry":{"type":"Point","coordinates":[-2.33297,47.87457]},"properties":{"latitude":"47.87457","longitude":"-2.33297","bright_ti4":"341.09","scan":"0.53","track":"0.5","acq_date":"2026-07-06","acq_time":"1338","satellite":"N21","instrument":"VIIRS","confidence":"l","version":"2.0NRT","bright_ti5":"312.97","frp":"64.77","daynight":"D","commune":"Caro","code_insee":"56035","departement":"Morbihan","region":"Bretagne"}},{"type":"Feature","geometry":{"type":"Point","coordinates":[-2.33209,47.87547]},"properties":{"latitude":"47.87547","longitude":"-2.33209","bright_ti4":"347.7","scan":"0.53","track":"0.5","acq_date":"2026-07-06","acq_time":"1338","satellite":"N21","instrument":"VIIRS","confidence":"n","version":"2.0NRT","bright_ti5":"314.62","frp":"8.34","daynight":"D","commune":"Caro","code_insee":"56035","departement":"Morbihan","region":"Bretagne"}},{"type":"Feature","geometry":{"type":"Point","coordinates":[-2.3265,47.87962]},"properties":{"latitude":"47.87962","longitude":"-2.3265","bright_ti4":"367","scan":"0.53","track":"0.5","acq_date":"2026-07-06","acq_time":"1338","satellite":"N21","instrument":"VIIRS","confidence":"l","version":"2.0NRT","bright_ti5":"325.63","frp":"64.77","daynight":"D","commune":"Caro","code_insee":"56035","departement":"Morbihan","region":"Bretagne"}},{"type":"Feature","geometry":{"type":"Point","coordinates":[3.0307,47.95594]},"properties":{"latitude":"47.95594","longitude":"3.0307","bright_ti4":"367","scan":"0.47","track":"0.64","acq_date":"2026-07-06","acq_time":"1338","satellite":"N21","instrument":"VIIRS","confidence":"h","version":"2.0NRT","bright_ti5":"307.36","frp":"10.57","daynight":"D","commune":"Douchy-Montcorbon","code_insee":"45129","departement":"Loiret","region":"Centre-Val de Loire"}},{"type":"Feature","geometry":{"type":"Point","coordinates":[3.02646,47.95901]},"properties":{"latitude":"47.95901","longitude":"3.02646","bright_ti4":"351.88","scan":"0.47","track":"0.64","acq_date":"2026-07-06","acq_time":"1338","satellite":"N21","instrument":"VIIRS","confidence":"n","version":"2.0NRT","bright_ti5":"307.64","frp":"10.44","daynight":"D","commune":"Douchy-Montcorbon","code_insee":"45129","departement":"Loiret","region":"Centre-Val de Loire"}},{"type":"Feature","geometry":{"type":"Point","coordinates":[4.60879,48.70725]},"properties":{"latitude":"48.70725","longitude":"4.60879","bright_ti4":"340.46","scan":"0.57","track":"0.69","acq_date":"2026-07-06","acq_time":"1338","satellite":"N21","instrument":"VIIRS","confidence":"n","version":"2.0NRT","bright_ti5":"296.45","frp":"6.04","daynight":"D","commune":"Frignicourt","code_insee":"51262","departement":"Marne","region":"Grand Est"}},{"type":"Feature","geometry":{"type":"Point","coordinates":[4.60885,48.70907]},"properties":{"latitude":"48.70907","longitude":"4.60885","bright_ti4":"367","scan":"0.57","track":"0.69","acq_date":"2026-07-06","acq_time":"1338","satellite":"N21","instrument":"VIIRS","confidence":"h","version":"2.0NRT","bright_ti5":"296.9","frp":"13.84","daynight":"D","commune":"Frignicourt","code_insee":"51262","departement":"Marne","region":"Grand Est"}},{"type":"Feature","geometry":{"type":"Point","coordinates":[4.60875,48.71362]},"properties":{"latitude":"48.71362","longitude":"4.60875","bright_ti4":"341.95","scan":"0.57","track":"0.69","acq_date":"2026-07-06","acq_time":"1338","satellite":"N21","instrument":"VIIRS","confidence":"n","version":"2.0NRT","bright_ti5":"295.59","frp":"6.04","daynight":"D","commune":"Frignicourt","code_insee":"51262","departement":"Marne","region":"Grand Est"}},{"type":"Feature","geometry":{"type":"Point","coordinates":[1.77765,48.86288]},"properties":{"latitude":"48.86288","longitude":"1.77765","bright_ti4":"332.71","scan":"0.42","track":"0.61","acq_date":"2026-07-06","acq_time":"1338","satellite":"N21","instrument":"VIIRS","confidence":"n","version":"2.0NRT","bright_ti5":"302.24","frp":"3.78","daynight":"D","commune":"Villiers-le-Mahieu","code_insee":"78681","departement":"Yvelines","region":"Île-de-France"}},{"type":"Feature","geometry":{"type":"Point","coordinates":[1.78325,48.86302]},"properties":{"latitude":"48.86302","longitude":"1.78325","bright_ti4":"332.89","scan":"0.42","track":"0.61","acq_date":"2026-07-06","acq_time":"1338","satellite":"N21","instrument":"VIIRS","confidence":"n","version":"2.0NRT","bright_ti5":"301.83","frp":"3.78","daynight":"D","commune":"Villiers-le-Mahieu","code_insee":"78681","departement":"Yvelines","region":"Île-de-France"}},{"type":"Feature","geometry":{"type":"Point","coordinates":[1.55595,49.32991]},"properties":{"latitude":"49.32991","longitude":"1.55595","bright_ti4":"367","scan":"0.41","track":"0.61","acq_date":"2026-07-06","acq_time":"1338","satellite":"N21","instrument":"VIIRS","confidence":"h","version":"2.0NRT","bright_ti5":"302.77","frp":"14.76","daynight":"D","commune":"Nojeon-en-Vexin","code_insee":"27437","departement":"Eure","region":"Normandie"}}]}