{"type":"FeatureCollection","features":[{"type":"Feature","geometry":{"type":"Point","coordinates":[6.11208,48.61277]},"properties":{"latitude":"48.61277","longitude":"6.11208","bright_ti4":"299.01","scan":"0.41","track":"0.6","acq_date":"2026-07-28","acq_time":"52","satellite":"N","instrument":"VIIRS","confidence":"n","version":"2.0NRT","bright_ti5":"285.44","frp":"0.74","daynight":"N","commune":"Neuves-Maisons","code_insee":"54397","departement":"Meurthe-et-Moselle","region":"Grand Est"}},{"type":"Feature","geometry":{"type":"Point","coordinates":[6.10634,48.61293]},"properties":{"latitude":"48.61293","longitude":"6.10634","bright_ti4":"298","scan":"0.41","track":"0.6","acq_date":"2026-07-28","acq_time":"52","satellite":"N","instrument":"VIIRS","confidence":"n","version":"2.0NRT","bright_ti5":"285.14","frp":"0.74","daynight":"N","commune":"Neuves-Maisons","code_insee":"54397","departement":"Meurthe-et-Moselle","region":"Grand Est"}},{"type":"Feature","geometry":{"type":"Point","coordinates":[6.96377,48.69004]},"properties":{"latitude":"48.69004","longitude":"6.96377","bright_ti4":"295.48","scan":"0.37","track":"0.58","acq_date":"2026-07-28","acq_time":"52","satellite":"N","instrument":"VIIRS","confidence":"n","version":"2.0NRT","bright_ti5":"285","frp":"0.59","daynight":"N","commune":"Héming","code_insee":"57314","departement":"Moselle","region":"Grand Est"}},{"type":"Feature","geometry":{"type":"Point","coordinates":[2.26215,51.01435]},"properties":{"latitude":"51.01435","longitude":"2.26215","bright_ti4":"295.22","scan":"0.62","track":"0.71","acq_date":"2026-07-28","acq_time":"52","satellite":"N","instrument":"VIIRS","confidence":"n","version":"2.0NRT","bright_ti5":"283.62","frp":"1.12","daynight":"N","commune":"Dunkerque","code_insee":"59183","departement":"Nord","region":"Hauts-de-France"}},{"type":"Feature","geometry":{"type":"Point","coordinates":[2.27122,51.02788]},"properties":{"latitude":"51.02788","longitude":"2.27122","bright_ti4":"316.51","scan":"0.62","track":"0.71","acq_date":"2026-07-28","acq_time":"52","satellite":"N","instrument":"VIIRS","confidence":"n","version":"2.0NRT","bright_ti5":"284.43","frp":"2.91","daynight":"N","commune":"Grande-Synthe","code_insee":"59271","departement":"Nord","region":"Hauts-de-France"}},{"type":"Feature","geometry":{"type":"Point","coordinates":[2.28951,51.03481]},"properties":{"latitude":"51.03481","longitude":"2.28951","bright_ti4":"296.45","scan":"0.61","track":"0.71","acq_date":"2026-07-28","acq_time":"52","satellite":"N","instrument":"VIIRS","confidence":"n","version":"2.0NRT","bright_ti5":"284.28","frp":"0.71","daynight":"N","commune":"Grande-Synthe","code_insee":"59271","departement":"Nord","region":"Hauts-de-France"}},{"type":"Feature","geometry":{"type":"Point","coordinates":[2.29857,51.04161]},"properties":{"latitude":"51.04161","longitude":"2.29857","bright_ti4":"301.93","scan":"0.61","track":"0.71","acq_date":"2026-07-28","acq_time":"52","satellite":"N","instrument":"VIIRS","confidence":"n","version":"2.0NRT","bright_ti5":"284.35","frp":"1.38","daynight":"N","commune":"Grande-Synthe","code_insee":"59271","departement":"Nord","region":"Hauts-de-France"}},{"type":"Feature","geometry":{"type":"Point","coordinates":[2.2984,51.04831]},"properties":{"latitude":"51.04831","longitude":"2.2984","bright_ti4":"298.64","scan":"0.61","track":"0.71","acq_date":"2026-07-28","acq_time":"52","satellite":"N","instrument":"VIIRS","confidence":"n","version":"2.0NRT","bright_ti5":"284.84","frp":"1.38","daynight":"N","commune":"Grande-Synthe","code_insee":"59271","departement":"Nord","region":"Hauts-de-France"}},{"type":"Feature","geometry":{"type":"Point","coordinates":[4.89321,43.43238]},"properties":{"latitude":"43.43238","longitude":"4.89321","bright_ti4":"305.75","scan":"0.43","track":"0.62","acq_date":"2026-07-28","acq_time":"54","satellite":"N","instrument":"VIIRS","confidence":"n","version":"2.0NRT","bright_ti5":"293.81","frp":"1.69","daynight":"N","commune":"Fos-sur-Mer","code_insee":"13039","departement":"Bouches-du-Rhône","region":"Provence-Alpes-Côte d'Azur"}},{"type":"Feature","geometry":{"type":"Point","coordinates":[4.8877,43.43257]},"properties":{"latitude":"43.43257","longitude":"4.8877","bright_ti4":"313.94","scan":"0.43","track":"0.62","acq_date":"2026-07-28","acq_time":"54","satellite":"N","instrument":"VIIRS","confidence":"n","version":"2.0NRT","bright_ti5":"294.63","frp":"2.65","daynight":"N","commune":"Fos-sur-Mer","code_insee":"13039","departement":"Bouches-du-Rhône","region":"Provence-Alpes-Côte d'Azur"}},{"type":"Feature","geometry":{"type":"Point","coordinates":[4.88811,43.43837]},"properties":{"latitude":"43.43837","longitude":"4.88811","bright_ti4":"316.18","scan":"0.43","track":"0.62","acq_date":"2026-07-28","acq_time":"54","satellite":"N","instrument":"VIIRS","confidence":"n","version":"2.0NRT","bright_ti5":"293.64","frp":"4.02","daynight":"N","commune":"Fos-sur-Mer","code_insee":"13039","departement":"Bouches-du-Rhône","region":"Provence-Alpes-Côte d'Azur"}},{"type":"Feature","geometry":{"type":"Point","coordinates":[4.89961,43.44378]},"properties":{"latitude":"43.44378","longitude":"4.89961","bright_ti4":"323.14","scan":"0.43","track":"0.62","acq_date":"2026-07-28","acq_time":"54","satellite":"N","instrument":"VIIRS","confidence":"n","version":"2.0NRT","bright_ti5":"293.64","frp":"2.07","daynight":"N","commune":"Fos-sur-Mer","code_insee":"13039","departement":"Bouches-du-Rhône","region":"Provence-Alpes-Côte d'Azur"}},{"type":"Feature","geometry":{"type":"Point","coordinates":[4.89407,43.44398]},"properties":{"latitude":"43.44398","longitude":"4.89407","bright_ti4":"305.27","scan":"0.43","track":"0.62","acq_date":"2026-07-28","acq_time":"54","satellite":"N","instrument":"VIIRS","confidence":"n","version":"2.0NRT","bright_ti5":"293.03","frp":"2.07","daynight":"N","commune":"Fos-sur-Mer","code_insee":"13039","departement":"Bouches-du-Rhône","region":"Provence-Alpes-Côte d'Azur"}},{"type":"Feature","geometry":{"type":"Point","coordinates":[4.87745,43.44455]},"properties":{"latitude":"43.44455","longitude":"4.87745","bright_ti4":"316.9","scan":"0.43","track":"0.62","acq_date":"2026-07-28","acq_time":"54","satellite":"N","instrument":"VIIRS","confidence":"n","version":"2.0NRT","bright_ti5":"293.01","frp":"2.43","daynight":"N","commune":"Fos-sur-Mer","code_insee":"13039","departement":"Bouches-du-Rhône","region":"Provence-Alpes-Côte d'Azur"}},{"type":"Feature","geometry":{"type":"Point","coordinates":[4.8945,43.44978]},"properties":{"latitude":"43.44978","longitude":"4.8945","bright_ti4":"307.91","scan":"0.43","track":"0.62","acq_date":"2026-07-28","acq_time":"54","satellite":"N","instrument":"VIIRS","confidence":"n","version":"2.0NRT","bright_ti5":"292.43","frp":"0.8","daynight":"N","commune":"Fos-sur-Mer","code_insee":"13039","departement":"Bouches-du-Rhône","region":"Provence-Alpes-Côte d'Azur"}},{"type":"Feature","geometry":{"type":"Point","coordinates":[6.05539,43.48091]},"properties":{"latitude":"43.48091","longitude":"6.05539","bright_ti4":"302.5","scan":"0.38","track":"0.59","acq_date":"2026-07-28","acq_time":"54","satellite":"N","instrument":"VIIRS","confidence":"n","version":"2.0NRT","bright_ti5":"292.47","frp":"1.02","daynight":"N","commune":"Correns","code_insee":"83045","departement":"Var","region":"Provence-Alpes-Côte d'Azur"}},{"type":"Feature","geometry":{"type":"Point","coordinates":[6.05531,43.48641]},"properties":{"latitude":"43.48641","longitude":"6.05531","bright_ti4":"303.95","scan":"0.38","track":"0.59","acq_date":"2026-07-28","acq_time":"54","satellite":"N","instrument":"VIIRS","confidence":"n","version":"2.0NRT","bright_ti5":"293.04","frp":"0.71","daynight":"N","commune":"Correns","code_insee":"83045","departement":"Var","region":"Provence-Alpes-Côte d'Azur"}},{"type":"Feature","geometry":{"type":"Point","coordinates":[5.66748,45.22851]},"properties":{"latitude":"45.22851","longitude":"5.66748","bright_ti4":"299.33","scan":"0.41","track":"0.6","acq_date":"2026-07-28","acq_time":"54","satellite":"N","instrument":"VIIRS","confidence":"n","version":"2.0NRT","bright_ti5":"289.24","frp":"0.62","daynight":"N","commune":"Saint-Égrève","code_insee":"38382","departement":"Isère","region":"Auvergne-Rhône-Alpes"}},{"type":"Feature","geometry":{"type":"Point","coordinates":[0.15276,46.80557]},"properties":{"latitude":"46.80557","longitude":"0.15276","bright_ti4":"319.98","scan":"0.76","track":"0.77","acq_date":"2026-07-28","acq_time":"54","satellite":"N","instrument":"VIIRS","confidence":"n","version":"2.0NRT","bright_ti5":"286.37","frp":"2.77","daynight":"N","commune":"Chouppes","code_insee":"86075","departement":"Vienne","region":"Nouvelle-Aquitaine"}},{"type":"Feature","geometry":{"type":"Point","coordinates":[2.74777,47.07347]},"properties":{"latitude":"47.07347","longitude":"2.74777","bright_ti4":"305.89","scan":"0.57","track":"0.69","acq_date":"2026-07-28","acq_time":"54","satellite":"N","instrument":"VIIRS","confidence":"n","version":"2.0NRT","bright_ti5":"285.76","frp":"1.31","daynight":"N","commune":"Baugy","code_insee":"18023","departement":"Cher","region":"Centre-Val de Loire"}},{"type":"Feature","geometry":{"type":"Point","coordinates":[2.75004,47.07909]},"properties":{"latitude":"47.07909","longitude":"2.75004","bright_ti4":"307.61","scan":"0.57","track":"0.69","acq_date":"2026-07-28","acq_time":"54","satellite":"N","instrument":"VIIRS","confidence":"n","version":"2.0NRT","bright_ti5":"285.52","frp":"1.73","daynight":"N","commune":"Baugy","code_insee":"18023","departement":"Cher","region":"Centre-Val de Loire"}},{"type":"Feature","geometry":{"type":"Point","coordinates":[2.74777,47.07999]},"properties":{"latitude":"47.07999","longitude":"2.74777","bright_ti4":"308.17","scan":"0.57","track":"0.69","acq_date":"2026-07-28","acq_time":"54","satellite":"N","instrument":"VIIRS","confidence":"n","version":"2.0NRT","bright_ti5":"285.25","frp":"1.11","daynight":"N","commune":"Baugy","code_insee":"18023","departement":"Cher","region":"Centre-Val de Loire"}},{"type":"Feature","geometry":{"type":"Point","coordinates":[2.27187,51.02901]},"properties":{"latitude":"51.02901","longitude":"2.27187","bright_ti4":"316.21","scan":"0.48","track":"0.4","acq_date":"2026-07-28","acq_time":"232","satellite":"N","instrument":"VIIRS","confidence":"n","version":"2.0NRT","bright_ti5":"287.66","frp":"2.27","daynight":"N","commune":"Grande-Synthe","code_insee":"59271","departement":"Nord","region":"Hauts-de-France"}},{"type":"Feature","geometry":{"type":"Point","coordinates":[2.28886,51.03329]},"properties":{"latitude":"51.03329","longitude":"2.28886","bright_ti4":"301.25","scan":"0.48","track":"0.4","acq_date":"2026-07-28","acq_time":"232","satellite":"N","instrument":"VIIRS","confidence":"n","version":"2.0NRT","bright_ti5":"287.11","frp":"0.89","daynight":"N","commune":"Grande-Synthe","code_insee":"59271","departement":"Nord","region":"Hauts-de-France"}},{"type":"Feature","geometry":{"type":"Point","coordinates":[2.29264,51.04036]},"properties":{"latitude":"51.04036","longitude":"2.29264","bright_ti4":"299.42","scan":"0.48","track":"0.4","acq_date":"2026-07-28","acq_time":"232","satellite":"N","instrument":"VIIRS","confidence":"n","version":"2.0NRT","bright_ti5":"287.85","frp":"0.86","daynight":"N","commune":"Grande-Synthe","code_insee":"59271","departement":"Nord","region":"Hauts-de-France"}},{"type":"Feature","geometry":{"type":"Point","coordinates":[2.29453,51.04389]},"properties":{"latitude":"51.04389","longitude":"2.29453","bright_ti4":"338.42","scan":"0.48","track":"0.4","acq_date":"2026-07-28","acq_time":"232","satellite":"N","instrument":"VIIRS","confidence":"n","version":"2.0NRT","bright_ti5":"288.68","frp":"8.25","daynight":"N","commune":"Grande-Synthe","code_insee":"59271","departement":"Nord","region":"Hauts-de-France"}},{"type":"Feature","geometry":{"type":"Point","coordinates":[2.30304,51.04603]},"properties":{"latitude":"51.04603","longitude":"2.30304","bright_ti4":"302.25","scan":"0.48","track":"0.4","acq_date":"2026-07-28","acq_time":"232","satellite":"N","instrument":"VIIRS","confidence":"n","version":"2.0NRT","bright_ti5":"287.1","frp":"8.25","daynight":"N","commune":"Grande-Synthe","code_insee":"59271","departement":"Nord","region":"Hauts-de-France"}},{"type":"Feature","geometry":{"type":"Point","coordinates":[2.31818,51.04678]},"properties":{"latitude":"51.04678","longitude":"2.31818","bright_ti4":"329.87","scan":"0.48","track":"0.4","acq_date":"2026-07-28","acq_time":"232","satellite":"N","instrument":"VIIRS","confidence":"n","version":"2.0NRT","bright_ti5":"289.17","frp":"3.8","daynight":"N","commune":"Dunkerque","code_insee":"59183","departement":"Nord","region":"Hauts-de-France"}},{"type":"Feature","geometry":{"type":"Point","coordinates":[2.29643,51.04742]},"properties":{"latitude":"51.04742","longitude":"2.29643","bright_ti4":"336.71","scan":"0.48","track":"0.4","acq_date":"2026-07-28","acq_time":"232","satellite":"N","instrument":"VIIRS","confidence":"n","version":"2.0NRT","bright_ti5":"290.27","frp":"8.25","daynight":"N","commune":"Grande-Synthe","code_insee":"59271","departement":"Nord","region":"Hauts-de-France"}},{"type":"Feature","geometry":{"type":"Point","coordinates":[2.26771,42.48754]},"properties":{"latitude":"42.48754","longitude":"2.26771","bright_ti4":"315.78","scan":"0.5","track":"0.49","acq_date":"2026-07-28","acq_time":"234","satellite":"N","instrument":"VIIRS","confidence":"n","version":"2.0NRT","bright_ti5":"284.85","frp":"2.89","daynight":"N","commune":"Nyer","code_insee":"66123","departement":"Pyrénées-Orientales","region":"Occitanie"}},{"type":"Feature","geometry":{"type":"Point","coordinates":[2.26165,42.48901]},"properties":{"latitude":"42.48901","longitude":"2.26165","bright_ti4":"338.22","scan":"0.5","track":"0.49","acq_date":"2026-07-28","acq_time":"234","satellite":"N","instrument":"VIIRS","confidence":"n","version":"2.0NRT","bright_ti5":"287.92","frp":"7.24","daynight":"N","commune":"Nyer","code_insee":"66123","departement":"Pyrénées-Orientales","region":"Occitanie"}},{"type":"Feature","geometry":{"type":"Point","coordinates":[0.99003,43.1842]},"properties":{"latitude":"43.1842","longitude":"0.99003","bright_ti4":"300.11","scan":"0.42","track":"0.45","acq_date":"2026-07-28","acq_time":"234","satellite":"N","instrument":"VIIRS","confidence":"n","version":"2.0NRT","bright_ti5":"289.63","frp":"0.71","daynight":"N","commune":"Martres-Tolosane","code_insee":"31324","departement":"Haute-Garonne","region":"Occitanie"}},{"type":"Feature","geometry":{"type":"Point","coordinates":[4.88951,43.43221]},"properties":{"latitude":"43.43221","longitude":"4.88951","bright_ti4":"312.07","scan":"0.62","track":"0.54","acq_date":"2026-07-28","acq_time":"234","satellite":"N","instrument":"VIIRS","confidence":"n","version":"2.0NRT","bright_ti5":"294.26","frp":"3.52","daynight":"N","commune":"Fos-sur-Mer","code_insee":"13039","departement":"Bouches-du-Rhône","region":"Provence-Alpes-Côte d'Azur"}},{"type":"Feature","geometry":{"type":"Point","coordinates":[4.88825,43.43272]},"properties":{"latitude":"43.43272","longitude":"4.88825","bright_ti4":"309.41","scan":"0.62","track":"0.54","acq_date":"2026-07-28","acq_time":"234","satellite":"N","instrument":"VIIRS","confidence":"n","version":"2.0NRT","bright_ti5":"293.99","frp":"4.16","daynight":"N","commune":"Fos-sur-Mer","code_insee":"13039","departement":"Bouches-du-Rhône","region":"Provence-Alpes-Côte d'Azur"}},{"type":"Feature","geometry":{"type":"Point","coordinates":[4.89191,43.43694]},"properties":{"latitude":"43.43694","longitude":"4.89191","bright_ti4":"319.48","scan":"0.62","track":"0.54","acq_date":"2026-07-28","acq_time":"234","satellite":"N","instrument":"VIIRS","confidence":"n","version":"2.0NRT","bright_ti5":"293.09","frp":"3.52","daynight":"N","commune":"Fos-sur-Mer","code_insee":"13039","departement":"Bouches-du-Rhône","region":"Provence-Alpes-Côte d'Azur"}},{"type":"Feature","geometry":{"type":"Point","coordinates":[4.89063,43.43745]},"properties":{"latitude":"43.43745","longitude":"4.89063","bright_ti4":"321.68","scan":"0.62","track":"0.54","acq_date":"2026-07-28","acq_time":"234","satellite":"N","instrument":"VIIRS","confidence":"n","version":"2.0NRT","bright_ti5":"293.66","frp":"2.66","daynight":"N","commune":"Fos-sur-Mer","code_insee":"13039","departement":"Bouches-du-Rhône","region":"Provence-Alpes-Côte d'Azur"}},{"type":"Feature","geometry":{"type":"Point","coordinates":[4.8943,43.44167]},"properties":{"latitude":"43.44167","longitude":"4.8943","bright_ti4":"308.51","scan":"0.62","track":"0.54","acq_date":"2026-07-28","acq_time":"234","satellite":"N","instrument":"VIIRS","confidence":"n","version":"2.0NRT","bright_ti5":"292.66","frp":"4.48","daynight":"N","commune":"Fos-sur-Mer","code_insee":"13039","departement":"Bouches-du-Rhône","region":"Provence-Alpes-Côte d'Azur"}},{"type":"Feature","geometry":{"type":"Point","coordinates":[4.89303,43.44218]},"properties":{"latitude":"43.44218","longitude":"4.89303","bright_ti4":"306.99","scan":"0.62","track":"0.54","acq_date":"2026-07-28","acq_time":"234","satellite":"N","instrument":"VIIRS","confidence":"n","version":"2.0NRT","bright_ti5":"292.91","frp":"2.66","daynight":"N","commune":"Fos-sur-Mer","code_insee":"13039","departement":"Bouches-du-Rhône","region":"Provence-Alpes-Côte d'Azur"}},{"type":"Feature","geometry":{"type":"Point","coordinates":[4.90281,43.44491]},"properties":{"latitude":"43.44491","longitude":"4.90281","bright_ti4":"305.22","scan":"0.62","track":"0.54","acq_date":"2026-07-28","acq_time":"234","satellite":"N","instrument":"VIIRS","confidence":"n","version":"2.0NRT","bright_ti5":"292.69","frp":"3.29","daynight":"N","commune":"Fos-sur-Mer","code_insee":"13039","departement":"Bouches-du-Rhône","region":"Provence-Alpes-Côte d'Azur"}},{"type":"Feature","geometry":{"type":"Point","coordinates":[4.87956,43.44557]},"properties":{"latitude":"43.44557","longitude":"4.87956","bright_ti4":"308.58","scan":"0.62","track":"0.54","acq_date":"2026-07-28","acq_time":"234","satellite":"N","instrument":"VIIRS","confidence":"n","version":"2.0NRT","bright_ti5":"291.76","frp":"1.33","daynight":"N","commune":"Fos-sur-Mer","code_insee":"13039","departement":"Bouches-du-Rhône","region":"Provence-Alpes-Côte d'Azur"}},{"type":"Feature","geometry":{"type":"Point","coordinates":[4.87833,43.44615]},"properties":{"latitude":"43.44615","longitude":"4.87833","bright_ti4":"308.51","scan":"0.62","track":"0.54","acq_date":"2026-07-28","acq_time":"234","satellite":"N","instrument":"VIIRS","confidence":"n","version":"2.0NRT","bright_ti5":"291.56","frp":"4.05","daynight":"N","commune":"Fos-sur-Mer","code_insee":"13039","departement":"Bouches-du-Rhône","region":"Provence-Alpes-Côte d'Azur"}},{"type":"Feature","geometry":{"type":"Point","coordinates":[4.89672,43.44639]},"properties":{"latitude":"43.44639","longitude":"4.89672","bright_ti4":"337.82","scan":"0.62","track":"0.54","acq_date":"2026-07-28","acq_time":"234","satellite":"N","instrument":"VIIRS","confidence":"n","version":"2.0NRT","bright_ti5":"294.9","frp":"4.48","daynight":"N","commune":"Fos-sur-Mer","code_insee":"13039","departement":"Bouches-du-Rhône","region":"Provence-Alpes-Côte d'Azur"}},{"type":"Feature","geometry":{"type":"Point","coordinates":[4.89542,43.4469]},"properties":{"latitude":"43.4469","longitude":"4.89542","bright_ti4":"330.88","scan":"0.62","track":"0.54","acq_date":"2026-07-28","acq_time":"234","satellite":"N","instrument":"VIIRS","confidence":"n","version":"2.0NRT","bright_ti5":"294.07","frp":"3.29","daynight":"N","commune":"Fos-sur-Mer","code_insee":"13039","departement":"Bouches-du-Rhône","region":"Provence-Alpes-Côte d'Azur"}},{"type":"Feature","geometry":{"type":"Point","coordinates":[6.05598,43.48462]},"properties":{"latitude":"43.48462","longitude":"6.05598","bright_ti4":"306.43","scan":"0.35","track":"0.57","acq_date":"2026-07-28","acq_time":"234","satellite":"N","instrument":"VIIRS","confidence":"n","version":"2.0NRT","bright_ti5":"293.38","frp":"1.58","daynight":"N","commune":"Correns","code_insee":"83045","departement":"Var","region":"Provence-Alpes-Côte d'Azur"}},{"type":"Feature","geometry":{"type":"Point","coordinates":[-0.84823,44.72019]},"properties":{"latitude":"44.72019","longitude":"-0.84823","bright_ti4":"304.6","scan":"0.49","track":"0.4","acq_date":"2026-07-28","acq_time":"234","satellite":"N","instrument":"VIIRS","confidence":"n","version":"2.0NRT","bright_ti5":"288.54","frp":"1.42","daynight":"N","commune":"Marcheprime","code_insee":"33555","departement":"Gironde","region":"Nouvelle-Aquitaine"}},{"type":"Feature","geometry":{"type":"Point","coordinates":[-0.85427,44.72145]},"properties":{"latitude":"44.72145","longitude":"-0.85427","bright_ti4":"323.15","scan":"0.49","track":"0.4","acq_date":"2026-07-28","acq_time":"234","satellite":"N","instrument":"VIIRS","confidence":"n","version":"2.0NRT","bright_ti5":"291.72","frp":"3.35","daynight":"N","commune":"Marcheprime","code_insee":"33555","departement":"Gironde","region":"Nouvelle-Aquitaine"}},{"type":"Feature","geometry":{"type":"Point","coordinates":[-0.85279,44.72506]},"properties":{"latitude":"44.72506","longitude":"-0.85279","bright_ti4":"299.05","scan":"0.49","track":"0.4","acq_date":"2026-07-28","acq_time":"234","satellite":"N","instrument":"VIIRS","confidence":"n","version":"2.0NRT","bright_ti5":"289.04","frp":"1.03","daynight":"N","commune":"Audenge","code_insee":"33019","departement":"Gironde","region":"Nouvelle-Aquitaine"}},{"type":"Feature","geometry":{"type":"Point","coordinates":[-0.8046,44.73072]},"properties":{"latitude":"44.73072","longitude":"-0.8046","bright_ti4":"300.37","scan":"0.49","track":"0.4","acq_date":"2026-07-28","acq_time":"234","satellite":"N","instrument":"VIIRS","confidence":"n","version":"2.0NRT","bright_ti5":"288.94","frp":"2.56","daynight":"N","commune":"Cestas","code_insee":"33122","departement":"Gironde","region":"Nouvelle-Aquitaine"}},{"type":"Feature","geometry":{"type":"Point","coordinates":[-1.21904,44.77355]},"properties":{"latitude":"44.77355","longitude":"-1.21904","bright_ti4":"313.25","scan":"0.47","track":"0.4","acq_date":"2026-07-28","acq_time":"234","satellite":"N","instrument":"VIIRS","confidence":"n","version":"2.0NRT","bright_ti5":"291.23","frp":"1.38","daynight":"N","commune":"Lège-Cap-Ferret","code_insee":"33236","departement":"Gironde","region":"Nouvelle-Aquitaine"}},{"type":"Feature","geometry":{"type":"Point","coordinates":[-0.88329,44.77831]},"properties":{"latitude":"44.77831","longitude":"-0.88329","bright_ti4":"304.8","scan":"0.49","track":"0.4","acq_date":"2026-07-28","acq_time":"234","satellite":"N","instrument":"VIIRS","confidence":"n","version":"2.0NRT","bright_ti5":"291.33","frp":"1.41","daynight":"N","commune":"Saint-Jean-d'Illac","code_insee":"33422","departement":"Gironde","region":"Nouvelle-Aquitaine"}},{"type":"Feature","geometry":{"type":"Point","coordinates":[-0.86979,44.77943]},"properties":{"latitude":"44.77943","longitude":"-0.86979","bright_ti4":"301.1","scan":"0.49","track":"0.4","acq_date":"2026-07-28","acq_time":"234","satellite":"N","instrument":"VIIRS","confidence":"n","version":"2.0NRT","bright_ti5":"290.61","frp":"1.54","daynight":"N","commune":"Saint-Jean-d'Illac","code_insee":"33422","departement":"Gironde","region":"Nouvelle-Aquitaine"}},{"type":"Feature","geometry":{"type":"Point","coordinates":[-0.8758,44.78067]},"properties":{"latitude":"44.78067","longitude":"-0.8758","bright_ti4":"300.59","scan":"0.49","track":"0.4","acq_date":"2026-07-28","acq_time":"234","satellite":"N","instrument":"VIIRS","confidence":"n","version":"2.0NRT","bright_ti5":"289.22","frp":"1.54","daynight":"N","commune":"Saint-Jean-d'Illac","code_insee":"33422","departement":"Gironde","region":"Nouvelle-Aquitaine"}},{"type":"Feature","geometry":{"type":"Point","coordinates":[-1.14609,44.81266]},"properties":{"latitude":"44.81266","longitude":"-1.14609","bright_ti4":"299.4","scan":"0.48","track":"0.4","acq_date":"2026-07-28","acq_time":"234","satellite":"N","instrument":"VIIRS","confidence":"n","version":"2.0NRT","bright_ti5":"287.29","frp":"0.67","daynight":"N","commune":"Lège-Cap-Ferret","code_insee":"33236","departement":"Gironde","region":"Nouvelle-Aquitaine"}},{"type":"Feature","geometry":{"type":"Point","coordinates":[-1.22227,44.81276]},"properties":{"latitude":"44.81276","longitude":"-1.22227","bright_ti4":"301.28","scan":"0.47","track":"0.4","acq_date":"2026-07-28","acq_time":"234","satellite":"N","instrument":"VIIRS","confidence":"n","version":"2.0NRT","bright_ti5":"290.39","frp":"1.12","daynight":"N","commune":"Le Porge","code_insee":"33333","departement":"Gironde","region":"Nouvelle-Aquitaine"}},{"type":"Feature","geometry":{"type":"Point","coordinates":[-1.21502,44.81513]},"properties":{"latitude":"44.81513","longitude":"-1.21502","bright_ti4":"318.82","scan":"0.47","track":"0.4","acq_date":"2026-07-28","acq_time":"234","satellite":"N","instrument":"VIIRS","confidence":"n","version":"2.0NRT","bright_ti5":"292.13","frp":"2.69","daynight":"N","commune":"Le Porge","code_insee":"33333","departement":"Gironde","region":"Nouvelle-Aquitaine"}},{"type":"Feature","geometry":{"type":"Point","coordinates":[-1.16998,44.84838]},"properties":{"latitude":"44.84838","longitude":"-1.16998","bright_ti4":"299.54","scan":"0.48","track":"0.4","acq_date":"2026-07-28","acq_time":"234","satellite":"N","instrument":"VIIRS","confidence":"n","version":"2.0NRT","bright_ti5":"287.77","frp":"0.33","daynight":"N","commune":"Le Porge","code_insee":"33333","departement":"Gironde","region":"Nouvelle-Aquitaine"}},{"type":"Feature","geometry":{"type":"Point","coordinates":[-0.89357,44.87949]},"properties":{"latitude":"44.87949","longitude":"-0.89357","bright_ti4":"298.99","scan":"0.49","track":"0.4","acq_date":"2026-07-28","acq_time":"234","satellite":"N","instrument":"VIIRS","confidence":"n","version":"2.0NRT","bright_ti5":"288.9","frp":"1.13","daynight":"N","commune":"Le Temple","code_insee":"33528","departement":"Gironde","region":"Nouvelle-Aquitaine"}},{"type":"Feature","geometry":{"type":"Point","coordinates":[-0.89809,44.88432]},"properties":{"latitude":"44.88432","longitude":"-0.89809","bright_ti4":"304.52","scan":"0.49","track":"0.4","acq_date":"2026-07-28","acq_time":"234","satellite":"N","instrument":"VIIRS","confidence":"n","version":"2.0NRT","bright_ti5":"290.08","frp":"1.53","daynight":"N","commune":"Le Temple","code_insee":"33528","departement":"Gironde","region":"Nouvelle-Aquitaine"}},{"type":"Feature","geometry":{"type":"Point","coordinates":[-1.10439,44.93034]},"properties":{"latitude":"44.93034","longitude":"-1.10439","bright_ti4":"314.58","scan":"0.48","track":"0.4","acq_date":"2026-07-28","acq_time":"234","satellite":"N","instrument":"VIIRS","confidence":"n","version":"2.0NRT","bright_ti5":"290.71","frp":"1.85","daynight":"N","commune":"Lacanau","code_insee":"33214","departement":"Gironde","region":"Nouvelle-Aquitaine"}},{"type":"Feature","geometry":{"type":"Point","coordinates":[-1.10883,44.93509]},"properties":{"latitude":"44.93509","longitude":"-1.10883","bright_ti4":"300.47","scan":"0.48","track":"0.4","acq_date":"2026-07-28","acq_time":"234","satellite":"N","instrument":"VIIRS","confidence":"n","version":"2.0NRT","bright_ti5":"288.66","frp":"0.97","daynight":"N","commune":"Lacanau","code_insee":"33214","departement":"Gironde","region":"Nouvelle-Aquitaine"}},{"type":"Feature","geometry":{"type":"Point","coordinates":[-1.1015,44.93747]},"properties":{"latitude":"44.93747","longitude":"-1.1015","bright_ti4":"301.65","scan":"0.48","track":"0.4","acq_date":"2026-07-28","acq_time":"234","satellite":"N","instrument":"VIIRS","confidence":"n","version":"2.0NRT","bright_ti5":"289.85","frp":"1.63","daynight":"N","commune":"Lacanau","code_insee":"33214","departement":"Gironde","region":"Nouvelle-Aquitaine"}},{"type":"Feature","geometry":{"type":"Point","coordinates":[-1.05724,44.95074]},"properties":{"latitude":"44.95074","longitude":"-1.05724","bright_ti4":"307.28","scan":"0.48","track":"0.4","acq_date":"2026-07-28","acq_time":"234","satellite":"N","instrument":"VIIRS","confidence":"n","version":"2.0NRT","bright_ti5":"287.96","frp":"1.83","daynight":"N","commune":"Lacanau","code_insee":"33214","departement":"Gironde","region":"Nouvelle-Aquitaine"}},{"type":"Feature","geometry":{"type":"Point","coordinates":[-1.05739,44.95171]},"properties":{"latitude":"44.95171","longitude":"-1.05739","bright_ti4":"310.67","scan":"0.48","track":"0.4","acq_date":"2026-07-28","acq_time":"234","satellite":"N","instrument":"VIIRS","confidence":"n","version":"2.0NRT","bright_ti5":"288.48","frp":"1.55","daynight":"N","commune":"Lacanau","code_insee":"33214","departement":"Gironde","region":"Nouvelle-Aquitaine"}},{"type":"Feature","geometry":{"type":"Point","coordinates":[-1.01165,44.96844]},"properties":{"latitude":"44.96844","longitude":"-1.01165","bright_ti4":"306.96","scan":"0.48","track":"0.4","acq_date":"2026-07-28","acq_time":"234","satellite":"N","instrument":"VIIRS","confidence":"n","version":"2.0NRT","bright_ti5":"288.37","frp":"2.37","daynight":"N","commune":"Lacanau","code_insee":"33214","departement":"Gironde","region":"Nouvelle-Aquitaine"}},{"type":"Feature","geometry":{"type":"Point","coordinates":[-1.0102,44.97202]},"properties":{"latitude":"44.97202","longitude":"-1.0102","bright_ti4":"296.64","scan":"0.48","track":"0.4","acq_date":"2026-07-28","acq_time":"234","satellite":"N","instrument":"VIIRS","confidence":"n","version":"2.0NRT","bright_ti5":"286.55","frp":"0.39","daynight":"N","commune":"Lacanau","code_insee":"33214","departement":"Gironde","region":"Nouvelle-Aquitaine"}},{"type":"Feature","geometry":{"type":"Point","coordinates":[0.15602,46.80655]},"properties":{"latitude":"46.80655","longitude":"0.15602","bright_ti4":"329.7","scan":"0.49","track":"0.4","acq_date":"2026-07-28","acq_time":"234","satellite":"N","instrument":"VIIRS","confidence":"n","version":"2.0NRT","bright_ti5":"288.83","frp":"3.41","daynight":"N","commune":"Chouppes","code_insee":"86075","departement":"Vienne","region":"Nouvelle-Aquitaine"}},{"type":"Feature","geometry":{"type":"Point","coordinates":[2.74798,47.07762]},"properties":{"latitude":"47.07762","longitude":"2.74798","bright_ti4":"326.03","scan":"0.4","track":"0.44","acq_date":"2026-07-28","acq_time":"234","satellite":"N","instrument":"VIIRS","confidence":"n","version":"2.0NRT","bright_ti5":"287.2","frp":"1.8","daynight":"N","commune":"Baugy","code_insee":"18023","departement":"Cher","region":"Centre-Val de Loire"}},{"type":"Feature","geometry":{"type":"Point","coordinates":[-0.04126,47.48788]},"properties":{"latitude":"47.48788","longitude":"-0.04126","bright_ti4":"319.71","scan":"0.47","track":"0.4","acq_date":"2026-07-28","acq_time":"234","satellite":"N","instrument":"VIIRS","confidence":"n","version":"2.0NRT","bright_ti5":"288.37","frp":"2.22","daynight":"N","commune":"Baugé-en-Anjou","code_insee":"49018","departement":"Maine-et-Loire","region":"Pays de la Loire"}},{"type":"Feature","geometry":{"type":"Point","coordinates":[-1.03418,48.10716]},"properties":{"latitude":"48.10716","longitude":"-1.03418","bright_ti4":"300.9","scan":"0.43","track":"0.38","acq_date":"2026-07-28","acq_time":"234","satellite":"N","instrument":"VIIRS","confidence":"n","version":"2.0NRT","bright_ti5":"288.1","frp":"1.05","daynight":"N","commune":"Saint-Pierre-la-Cour","code_insee":"53247","departement":"Mayenne","region":"Pays de la Loire"}},{"type":"Feature","geometry":{"type":"Point","coordinates":[-1.29811,48.43055]},"properties":{"latitude":"48.43055","longitude":"-1.29811","bright_ti4":"320.08","scan":"0.42","track":"0.38","acq_date":"2026-07-28","acq_time":"234","satellite":"N","instrument":"VIIRS","confidence":"n","version":"2.0NRT","bright_ti5":"284.41","frp":"1.99","daynight":"N","commune":"Les Portes du Coglais","code_insee":"35191","departement":"Ille-et-Vilaine","region":"Bretagne"}},{"type":"Feature","geometry":{"type":"Point","coordinates":[6.11817,48.61207]},"properties":{"latitude":"48.61207","longitude":"6.11817","bright_ti4":"296.15","scan":"0.51","track":"0.49","acq_date":"2026-07-28","acq_time":"234","satellite":"N","instrument":"VIIRS","confidence":"n","version":"2.0NRT","bright_ti5":"284.87","frp":"1.05","daynight":"N","commune":"Neuves-Maisons","code_insee":"54397","departement":"Meurthe-et-Moselle","region":"Grand Est"}},{"type":"Feature","geometry":{"type":"Point","coordinates":[6.9662,48.69004]},"properties":{"latitude":"48.69004","longitude":"6.9662","bright_ti4":"296.77","scan":"0.55","track":"0.51","acq_date":"2026-07-28","acq_time":"234","satellite":"N","instrument":"VIIRS","confidence":"n","version":"2.0NRT","bright_ti5":"284.91","frp":"1.16","daynight":"N","commune":"Héming","code_insee":"57314","departement":"Moselle","region":"Grand Est"}},{"type":"Feature","geometry":{"type":"Point","coordinates":[6.96936,48.69236]},"properties":{"latitude":"48.69236","longitude":"6.96936","bright_ti4":"295.46","scan":"0.55","track":"0.51","acq_date":"2026-07-28","acq_time":"234","satellite":"N","instrument":"VIIRS","confidence":"n","version":"2.0NRT","bright_ti5":"284.07","frp":"0.28","daynight":"N","commune":"Héming","code_insee":"57314","departement":"Moselle","region":"Grand Est"}},{"type":"Feature","geometry":{"type":"Point","coordinates":[6.14627,49.32045]},"properties":{"latitude":"49.32045","longitude":"6.14627","bright_ti4":"296.54","scan":"0.49","track":"0.48","acq_date":"2026-07-28","acq_time":"234","satellite":"N","instrument":"VIIRS","confidence":"n","version":"2.0NRT","bright_ti5":"284.22","frp":"0.41","daynight":"N","commune":"Florange","code_insee":"57221","departement":"Moselle","region":"Grand Est"}},{"type":"Feature","geometry":{"type":"Point","coordinates":[0.5354,49.4766]},"properties":{"latitude":"49.4766","longitude":"0.5354","bright_ti4":"298","scan":"0.45","track":"0.39","acq_date":"2026-07-28","acq_time":"234","satellite":"N","instrument":"VIIRS","confidence":"n","version":"2.0NRT","bright_ti5":"287.24","frp":"1.43","daynight":"N","commune":"Port-Jérôme-sur-Seine","code_insee":"76476","departement":"Seine-Maritime","region":"Normandie"}},{"type":"Feature","geometry":{"type":"Point","coordinates":[5.82198,45.91193]},"properties":{"latitude":"45.91193","longitude":"5.82198","bright_ti4":"303.41","scan":"0.41","track":"0.45","acq_date":"2026-07-28","acq_time":"111","satellite":"N20","instrument":"VIIRS","confidence":"n","version":"2.0NRT","bright_ti5":"291.38","frp":"0.73","daynight":"N","commune":"Anglefort","code_insee":"01010","departement":"Ain","region":"Auvergne-Rhône-Alpes"}},{"type":"Feature","geometry":{"type":"Point","coordinates":[5.82136,45.91362]},"properties":{"latitude":"45.91362","longitude":"5.82136","bright_ti4":"302.42","scan":"0.41","track":"0.45","acq_date":"2026-07-28","acq_time":"111","satellite":"N20","instrument":"VIIRS","confidence":"n","version":"2.0NRT","bright_ti5":"290.7","frp":"0.5","daynight":"N","commune":"Anglefort","code_insee":"01010","departement":"Ain","region":"Auvergne-Rhône-Alpes"}},{"type":"Feature","geometry":{"type":"Point","coordinates":[0.95804,46.57019]},"properties":{"latitude":"46.57019","longitude":"0.95804","bright_ti4":"297.59","scan":"0.35","track":"0.57","acq_date":"2026-07-28","acq_time":"111","satellite":"N20","instrument":"VIIRS","confidence":"n","version":"2.0NRT","bright_ti5":"287.36","frp":"0.75","daynight":"N","commune":"Béthines","code_insee":"86025","departement":"Vienne","region":"Nouvelle-Aquitaine"}},{"type":"Feature","geometry":{"type":"Point","coordinates":[0.95338,46.5704]},"properties":{"latitude":"46.5704","longitude":"0.95338","bright_ti4":"313.77","scan":"0.35","track":"0.57","acq_date":"2026-07-28","acq_time":"111","satellite":"N20","instrument":"VIIRS","confidence":"n","version":"2.0NRT","bright_ti5":"286.97","frp":"0.75","daynight":"N","commune":"Béthines","code_insee":"86025","departement":"Vienne","region":"Nouvelle-Aquitaine"}},{"type":"Feature","geometry":{"type":"Point","coordinates":[0.95761,46.57044]},"properties":{"latitude":"46.57044","longitude":"0.95761","bright_ti4":"301.1","scan":"0.35","track":"0.57","acq_date":"2026-07-28","acq_time":"111","satellite":"N20","instrument":"VIIRS","confidence":"n","version":"2.0NRT","bright_ti5":"287.21","frp":"0.95","daynight":"N","commune":"Béthines","code_insee":"86025","departement":"Vienne","region":"Nouvelle-Aquitaine"}},{"type":"Feature","geometry":{"type":"Point","coordinates":[0.95296,46.57066]},"properties":{"latitude":"46.57066","longitude":"0.95296","bright_ti4":"311.34","scan":"0.35","track":"0.57","acq_date":"2026-07-28","acq_time":"111","satellite":"N20","instrument":"VIIRS","confidence":"n","version":"2.0NRT","bright_ti5":"286.24","frp":"1.18","daynight":"N","commune":"Béthines","code_insee":"86025","departement":"Vienne","region":"Nouvelle-Aquitaine"}},{"type":"Feature","geometry":{"type":"Point","coordinates":[0.15695,46.806]},"properties":{"latitude":"46.806","longitude":"0.15695","bright_ti4":"297.35","scan":"0.38","track":"0.59","acq_date":"2026-07-28","acq_time":"111","satellite":"N20","instrument":"VIIRS","confidence":"n","version":"2.0NRT","bright_ti5":"286.63","frp":"1.35","daynight":"N","commune":"Chouppes","code_insee":"86075","departement":"Vienne","region":"Nouvelle-Aquitaine"}},{"type":"Feature","geometry":{"type":"Point","coordinates":[0.15169,46.80619]},"properties":{"latitude":"46.80619","longitude":"0.15169","bright_ti4":"306.14","scan":"0.38","track":"0.59","acq_date":"2026-07-28","acq_time":"111","satellite":"N20","instrument":"VIIRS","confidence":"n","version":"2.0NRT","bright_ti5":"286.42","frp":"1.55","daynight":"N","commune":"Chouppes","code_insee":"86075","departement":"Vienne","region":"Nouvelle-Aquitaine"}},{"type":"Feature","geometry":{"type":"Point","coordinates":[-0.14018,46.81045]},"properties":{"latitude":"46.81045","longitude":"-0.14018","bright_ti4":"300.69","scan":"0.4","track":"0.6","acq_date":"2026-07-28","acq_time":"111","satellite":"N20","instrument":"VIIRS","confidence":"n","version":"2.0NRT","bright_ti5":"288.84","frp":"0.63","daynight":"N","commune":"Airvault","code_insee":"79005","departement":"Deux-Sèvres","region":"Nouvelle-Aquitaine"}},{"type":"Feature","geometry":{"type":"Point","coordinates":[0.15514,46.81078]},"properties":{"latitude":"46.81078","longitude":"0.15514","bright_ti4":"338.58","scan":"0.38","track":"0.59","acq_date":"2026-07-28","acq_time":"111","satellite":"N20","instrument":"VIIRS","confidence":"n","version":"2.0NRT","bright_ti5":"288.61","frp":"3.74","daynight":"N","commune":"Chouppes","code_insee":"86075","departement":"Vienne","region":"Nouvelle-Aquitaine"}},{"type":"Feature","geometry":{"type":"Point","coordinates":[0.15737,46.81147]},"properties":{"latitude":"46.81147","longitude":"0.15737","bright_ti4":"303.6","scan":"0.38","track":"0.59","acq_date":"2026-07-28","acq_time":"111","satellite":"N20","instrument":"VIIRS","confidence":"n","version":"2.0NRT","bright_ti5":"287.14","frp":"1.35","daynight":"N","commune":"Chouppes","code_insee":"86075","departement":"Vienne","region":"Nouvelle-Aquitaine"}},{"type":"Feature","geometry":{"type":"Point","coordinates":[0.15216,46.81165]},"properties":{"latitude":"46.81165","longitude":"0.15216","bright_ti4":"315.25","scan":"0.38","track":"0.59","acq_date":"2026-07-28","acq_time":"111","satellite":"N20","instrument":"VIIRS","confidence":"n","version":"2.0NRT","bright_ti5":"286.11","frp":"1.55","daynight":"N","commune":"Chouppes","code_insee":"86075","departement":"Vienne","region":"Nouvelle-Aquitaine"}},{"type":"Feature","geometry":{"type":"Point","coordinates":[2.74776,47.07513]},"properties":{"latitude":"47.07513","longitude":"2.74776","bright_ti4":"313.92","scan":"0.58","track":"0.52","acq_date":"2026-07-28","acq_time":"111","satellite":"N20","instrument":"VIIRS","confidence":"n","version":"2.0NRT","bright_ti5":"286.31","frp":"2.04","daynight":"N","commune":"Baugy","code_insee":"18023","departement":"Cher","region":"Centre-Val de Loire"}},{"type":"Feature","geometry":{"type":"Point","coordinates":[2.74836,47.07997]},"properties":{"latitude":"47.07997","longitude":"2.74836","bright_ti4":"304.88","scan":"0.58","track":"0.52","acq_date":"2026-07-28","acq_time":"111","satellite":"N20","instrument":"VIIRS","confidence":"n","version":"2.0NRT","bright_ti5":"285.56","frp":"0.98","daynight":"N","commune":"Baugy","code_insee":"18023","departement":"Cher","region":"Centre-Val de Loire"}},{"type":"Feature","geometry":{"type":"Point","coordinates":[-2.05806,47.32037]},"properties":{"latitude":"47.32037","longitude":"-2.05806","bright_ti4":"298.49","scan":"0.49","track":"0.65","acq_date":"2026-07-28","acq_time":"111","satellite":"N20","instrument":"VIIRS","confidence":"n","version":"2.0NRT","bright_ti5":"285.75","frp":"0.92","daynight":"N","commune":"Donges","code_insee":"44052","departement":"Loire-Atlantique","region":"Pays de la Loire"}},{"type":"Feature","geometry":{"type":"Point","coordinates":[-1.29713,48.42883]},"properties":{"latitude":"48.42883","longitude":"-1.29713","bright_ti4":"302.4","scan":"0.46","track":"0.64","acq_date":"2026-07-28","acq_time":"111","satellite":"N20","instrument":"VIIRS","confidence":"n","version":"2.0NRT","bright_ti5":"283.12","frp":"0.79","daynight":"N","commune":"Saint-Germain-en-Coglès","code_insee":"35273","departement":"Ille-et-Vilaine","region":"Bretagne"}},{"type":"Feature","geometry":{"type":"Point","coordinates":[-1.30347,48.42894]},"properties":{"latitude":"48.42894","longitude":"-1.30347","bright_ti4":"297.15","scan":"0.46","track":"0.64","acq_date":"2026-07-28","acq_time":"111","satellite":"N20","instrument":"VIIRS","confidence":"n","version":"2.0NRT","bright_ti5":"283.21","frp":"0.79","daynight":"N","commune":"Les Portes du Coglais","code_insee":"35191","departement":"Ille-et-Vilaine","region":"Bretagne"}},{"type":"Feature","geometry":{"type":"Point","coordinates":[-1.29618,48.431]},"properties":{"latitude":"48.431","longitude":"-1.29618","bright_ti4":"303.4","scan":"0.46","track":"0.64","acq_date":"2026-07-28","acq_time":"111","satellite":"N20","instrument":"VIIRS","confidence":"n","version":"2.0NRT","bright_ti5":"283.25","frp":"1.11","daynight":"N","commune":"Les Portes du Coglais","code_insee":"35191","departement":"Ille-et-Vilaine","region":"Bretagne"}},{"type":"Feature","geometry":{"type":"Point","coordinates":[-1.30248,48.43114]},"properties":{"latitude":"48.43114","longitude":"-1.30248","bright_ti4":"296","scan":"0.46","track":"0.64","acq_date":"2026-07-28","acq_time":"111","satellite":"N20","instrument":"VIIRS","confidence":"n","version":"2.0NRT","bright_ti5":"283.39","frp":"1.12","daynight":"N","commune":"Les Portes du Coglais","code_insee":"35191","departement":"Ille-et-Vilaine","region":"Bretagne"}},{"type":"Feature","geometry":{"type":"Point","coordinates":[6.11778,48.61057]},"properties":{"latitude":"48.61057","longitude":"6.11778","bright_ti4":"306.1","scan":"0.42","track":"0.45","acq_date":"2026-07-28","acq_time":"111","satellite":"N20","instrument":"VIIRS","confidence":"n","version":"2.0NRT","bright_ti5":"286.8","frp":"1.28","daynight":"N","commune":"Neuves-Maisons","code_insee":"54397","departement":"Meurthe-et-Moselle","region":"Grand Est"}},{"type":"Feature","geometry":{"type":"Point","coordinates":[6.11197,48.61105]},"properties":{"latitude":"48.61105","longitude":"6.11197","bright_ti4":"310.63","scan":"0.42","track":"0.45","acq_date":"2026-07-28","acq_time":"111","satellite":"N20","instrument":"VIIRS","confidence":"n","version":"2.0NRT","bright_ti5":"287.45","frp":"1.28","daynight":"N","commune":"Neuves-Maisons","code_insee":"54397","departement":"Meurthe-et-Moselle","region":"Grand Est"}},{"type":"Feature","geometry":{"type":"Point","coordinates":[6.96936,48.69212]},"properties":{"latitude":"48.69212","longitude":"6.96936","bright_ti4":"300.3","scan":"0.39","track":"0.44","acq_date":"2026-07-28","acq_time":"111","satellite":"N20","instrument":"VIIRS","confidence":"n","version":"2.0NRT","bright_ti5":"285.95","frp":"0.75","daynight":"N","commune":"Héming","code_insee":"57314","departement":"Moselle","region":"Grand Est"}},{"type":"Feature","geometry":{"type":"Point","coordinates":[6.14656,49.32063]},"properties":{"latitude":"49.32063","longitude":"6.14656","bright_ti4":"297.71","scan":"0.43","track":"0.46","acq_date":"2026-07-28","acq_time":"111","satellite":"N20","instrument":"VIIRS","confidence":"n","version":"2.0NRT","bright_ti5":"285.02","frp":"0.49","daynight":"N","commune":"Florange","code_insee":"57221","departement":"Moselle","region":"Grand Est"}},{"type":"Feature","geometry":{"type":"Point","coordinates":[0.55242,49.47747]},"properties":{"latitude":"49.47747","longitude":"0.55242","bright_ti4":"298.24","scan":"0.38","track":"0.59","acq_date":"2026-07-28","acq_time":"111","satellite":"N20","instrument":"VIIRS","confidence":"n","version":"2.0NRT","bright_ti5":"287.65","frp":"0.83","daynight":"N","commune":"Port-Jérôme-sur-Seine","code_insee":"76476","departement":"Seine-Maritime","region":"Normandie"}},{"type":"Feature","geometry":{"type":"Point","coordinates":[2.11185,50.69816]},"properties":{"latitude":"50.69816","longitude":"2.11185","bright_ti4":"300.48","scan":"0.33","track":"0.56","acq_date":"2026-07-28","acq_time":"111","satellite":"N20","instrument":"VIIRS","confidence":"n","version":"2.0NRT","bright_ti5":"285.15","frp":"0.58","daynight":"N","commune":"Lumbres","code_insee":"62534","departement":"Pas-de-Calais","region":"Hauts-de-France"}},{"type":"Feature","geometry":{"type":"Point","coordinates":[2.27161,51.02728]},"properties":{"latitude":"51.02728","longitude":"2.27161","bright_ti4":"333.01","scan":"0.33","track":"0.55","acq_date":"2026-07-28","acq_time":"111","satellite":"N20","instrument":"VIIRS","confidence":"n","version":"2.0NRT","bright_ti5":"286.95","frp":"2.9","daynight":"N","commune":"Grande-Synthe","code_insee":"59271","departement":"Nord","region":"Hauts-de-France"}},{"type":"Feature","geometry":{"type":"Point","coordinates":[2.27286,51.02943]},"properties":{"latitude":"51.02943","longitude":"2.27286","bright_ti4":"314.86","scan":"0.33","track":"0.55","acq_date":"2026-07-28","acq_time":"111","satellite":"N20","instrument":"VIIRS","confidence":"n","version":"2.0NRT","bright_ti5":"286.38","frp":"2.05","daynight":"N","commune":"Grande-Synthe","code_insee":"59271","departement":"Nord","region":"Hauts-de-France"}},{"type":"Feature","geometry":{"type":"Point","coordinates":[2.2681,51.02962]},"properties":{"latitude":"51.02962","longitude":"2.2681","bright_ti4":"312.4","scan":"0.33","track":"0.55","acq_date":"2026-07-28","acq_time":"111","satellite":"N20","instrument":"VIIRS","confidence":"n","version":"2.0NRT","bright_ti5":"285.96","frp":"1.99","daynight":"N","commune":"Grande-Synthe","code_insee":"59271","departement":"Nord","region":"Hauts-de-France"}},{"type":"Feature","geometry":{"type":"Point","coordinates":[2.28779,51.03397]},"properties":{"latitude":"51.03397","longitude":"2.28779","bright_ti4":"309.84","scan":"0.33","track":"0.55","acq_date":"2026-07-28","acq_time":"111","satellite":"N20","instrument":"VIIRS","confidence":"n","version":"2.0NRT","bright_ti5":"287.1","frp":"1.01","daynight":"N","commune":"Grande-Synthe","code_insee":"59271","departement":"Nord","region":"Hauts-de-France"}},{"type":"Feature","geometry":{"type":"Point","coordinates":[2.29849,51.04381]},"properties":{"latitude":"51.04381","longitude":"2.29849","bright_ti4":"325.54","scan":"0.33","track":"0.55","acq_date":"2026-07-28","acq_time":"111","satellite":"N20","instrument":"VIIRS","confidence":"n","version":"2.0NRT","bright_ti5":"288.26","frp":"2.26","daynight":"N","commune":"Grande-Synthe","code_insee":"59271","departement":"Nord","region":"Hauts-de-France"}},{"type":"Feature","geometry":{"type":"Point","coordinates":[2.29373,51.044]},"properties":{"latitude":"51.044","longitude":"2.29373","bright_ti4":"324.07","scan":"0.33","track":"0.55","acq_date":"2026-07-28","acq_time":"111","satellite":"N20","instrument":"VIIRS","confidence":"n","version":"2.0NRT","bright_ti5":"286.67","frp":"2.26","daynight":"N","commune":"Grande-Synthe","code_insee":"59271","departement":"Nord","region":"Hauts-de-France"}},{"type":"Feature","geometry":{"type":"Point","coordinates":[4.96948,43.43054]},"properties":{"latitude":"43.43054","longitude":"4.96948","bright_ti4":"304.13","scan":"0.42","track":"0.45","acq_date":"2026-07-28","acq_time":"113","satellite":"N20","instrument":"VIIRS","confidence":"n","version":"2.0NRT","bright_ti5":"293.99","frp":"0.54","daynight":"N","commune":"Fos-sur-Mer","code_insee":"13039","departement":"Bouches-du-Rhône","region":"Provence-Alpes-Côte d'Azur"}},{"type":"Feature","geometry":{"type":"Point","coordinates":[4.89091,43.43367]},"properties":{"latitude":"43.43367","longitude":"4.89091","bright_ti4":"337.72","scan":"0.42","track":"0.45","acq_date":"2026-07-28","acq_time":"113","satellite":"N20","instrument":"VIIRS","confidence":"n","version":"2.0NRT","bright_ti5":"296.95","frp":"2.37","daynight":"N","commune":"Fos-sur-Mer","code_insee":"13039","departement":"Bouches-du-Rhône","region":"Provence-Alpes-Côte d'Azur"}},{"type":"Feature","geometry":{"type":"Point","coordinates":[4.88702,43.43493]},"properties":{"latitude":"43.43493","longitude":"4.88702","bright_ti4":"339.5","scan":"0.42","track":"0.45","acq_date":"2026-07-28","acq_time":"113","satellite":"N20","instrument":"VIIRS","confidence":"n","version":"2.0NRT","bright_ti5":"296.35","frp":"4.7","daynight":"N","commune":"Fos-sur-Mer","code_insee":"13039","departement":"Bouches-du-Rhône","region":"Provence-Alpes-Côte d'Azur"}},{"type":"Feature","geometry":{"type":"Point","coordinates":[4.89164,43.43784]},"properties":{"latitude":"43.43784","longitude":"4.89164","bright_ti4":"309.73","scan":"0.42","track":"0.45","acq_date":"2026-07-28","acq_time":"113","satellite":"N20","instrument":"VIIRS","confidence":"n","version":"2.0NRT","bright_ti5":"294.05","frp":"2.37","daynight":"N","commune":"Fos-sur-Mer","code_insee":"13039","departement":"Bouches-du-Rhône","region":"Provence-Alpes-Côte d'Azur"}},{"type":"Feature","geometry":{"type":"Point","coordinates":[4.8864,43.43832]},"properties":{"latitude":"43.43832","longitude":"4.8864","bright_ti4":"311.91","scan":"0.42","track":"0.45","acq_date":"2026-07-28","acq_time":"113","satellite":"N20","instrument":"VIIRS","confidence":"n","version":"2.0NRT","bright_ti5":"294.35","frp":"2.37","daynight":"N","commune":"Fos-sur-Mer","code_insee":"13039","departement":"Bouches-du-Rhône","region":"Provence-Alpes-Côte d'Azur"}},{"type":"Feature","geometry":{"type":"Point","coordinates":[4.893,43.43864]},"properties":{"latitude":"43.43864","longitude":"4.893","bright_ti4":"316","scan":"0.42","track":"0.45","acq_date":"2026-07-28","acq_time":"113","satellite":"N20","instrument":"VIIRS","confidence":"n","version":"2.0NRT","bright_ti5":"294.26","frp":"2.04","daynight":"N","commune":"Fos-sur-Mer","code_insee":"13039","departement":"Bouches-du-Rhône","region":"Provence-Alpes-Côte d'Azur"}},{"type":"Feature","geometry":{"type":"Point","coordinates":[4.878,43.44419]},"properties":{"latitude":"43.44419","longitude":"4.878","bright_ti4":"326.26","scan":"0.42","track":"0.45","acq_date":"2026-07-28","acq_time":"113","satellite":"N20","instrument":"VIIRS","confidence":"n","version":"2.0NRT","bright_ti5":"292.67","frp":"2.34","daynight":"N","commune":"Fos-sur-Mer","code_insee":"13039","departement":"Bouches-du-Rhône","region":"Provence-Alpes-Côte d'Azur"}},{"type":"Feature","geometry":{"type":"Point","coordinates":[4.89967,43.44651]},"properties":{"latitude":"43.44651","longitude":"4.89967","bright_ti4":"331.99","scan":"0.42","track":"0.45","acq_date":"2026-07-28","acq_time":"113","satellite":"N20","instrument":"VIIRS","confidence":"n","version":"2.0NRT","bright_ti5":"295.48","frp":"2.8","daynight":"N","commune":"Fos-sur-Mer","code_insee":"13039","departement":"Bouches-du-Rhône","region":"Provence-Alpes-Côte d'Azur"}},{"type":"Feature","geometry":{"type":"Point","coordinates":[4.89445,43.44697]},"properties":{"latitude":"43.44697","longitude":"4.89445","bright_ti4":"323.98","scan":"0.42","track":"0.45","acq_date":"2026-07-28","acq_time":"113","satellite":"N20","instrument":"VIIRS","confidence":"n","version":"2.0NRT","bright_ti5":"294.51","frp":"2.8","daynight":"N","commune":"Fos-sur-Mer","code_insee":"13039","departement":"Bouches-du-Rhône","region":"Provence-Alpes-Côte d'Azur"}},{"type":"Feature","geometry":{"type":"Point","coordinates":[5.46351,43.45286]},"properties":{"latitude":"43.45286","longitude":"5.46351","bright_ti4":"303.5","scan":"0.4","track":"0.44","acq_date":"2026-07-28","acq_time":"113","satellite":"N20","instrument":"VIIRS","confidence":"n","version":"2.0NRT","bright_ti5":"293.3","frp":"0.58","daynight":"N","commune":"Gardanne","code_insee":"13041","departement":"Bouches-du-Rhône","region":"Provence-Alpes-Côte d'Azur"}},{"type":"Feature","geometry":{"type":"Point","coordinates":[6.0616,43.48087]},"properties":{"latitude":"43.48087","longitude":"6.0616","bright_ti4":"305.71","scan":"0.56","track":"0.43","acq_date":"2026-07-28","acq_time":"113","satellite":"N20","instrument":"VIIRS","confidence":"n","version":"2.0NRT","bright_ti5":"292.14","frp":"1.61","daynight":"N","commune":"Correns","code_insee":"83045","departement":"Var","region":"Provence-Alpes-Côte d'Azur"}},{"type":"Feature","geometry":{"type":"Point","coordinates":[6.05485,43.48156]},"properties":{"latitude":"43.48156","longitude":"6.05485","bright_ti4":"306.99","scan":"0.56","track":"0.43","acq_date":"2026-07-28","acq_time":"113","satellite":"N20","instrument":"VIIRS","confidence":"n","version":"2.0NRT","bright_ti5":"294.11","frp":"1.61","daynight":"N","commune":"Correns","code_insee":"83045","departement":"Var","region":"Provence-Alpes-Côte d'Azur"}},{"type":"Feature","geometry":{"type":"Point","coordinates":[6.0478,43.48226]},"properties":{"latitude":"43.48226","longitude":"6.0478","bright_ti4":"306.38","scan":"0.56","track":"0.43","acq_date":"2026-07-28","acq_time":"113","satellite":"N20","instrument":"VIIRS","confidence":"n","version":"2.0NRT","bright_ti5":"293.09","frp":"1.37","daynight":"N","commune":"Correns","code_insee":"83045","departement":"Var","region":"Provence-Alpes-Côte d'Azur"}},{"type":"Feature","geometry":{"type":"Point","coordinates":[6.05537,43.48551]},"properties":{"latitude":"43.48551","longitude":"6.05537","bright_ti4":"312.66","scan":"0.56","track":"0.43","acq_date":"2026-07-28","acq_time":"113","satellite":"N20","instrument":"VIIRS","confidence":"n","version":"2.0NRT","bright_ti5":"295.77","frp":"2.6","daynight":"N","commune":"Correns","code_insee":"83045","departement":"Var","region":"Provence-Alpes-Côte d'Azur"}},{"type":"Feature","geometry":{"type":"Point","coordinates":[-0.85332,44.72034]},"properties":{"latitude":"44.72034","longitude":"-0.85332","bright_ti4":"314.42","scan":"0.42","track":"0.61","acq_date":"2026-07-28","acq_time":"113","satellite":"N20","instrument":"VIIRS","confidence":"n","version":"2.0NRT","bright_ti5":"288.88","frp":"1.22","daynight":"N","commune":"Marcheprime","code_insee":"33555","departement":"Gironde","region":"Nouvelle-Aquitaine"}},{"type":"Feature","geometry":{"type":"Point","coordinates":[-0.85288,44.72599]},"properties":{"latitude":"44.72599","longitude":"-0.85288","bright_ti4":"299.4","scan":"0.42","track":"0.61","acq_date":"2026-07-28","acq_time":"113","satellite":"N20","instrument":"VIIRS","confidence":"n","version":"2.0NRT","bright_ti5":"288.3","frp":"1.22","daynight":"N","commune":"Audenge","code_insee":"33019","departement":"Gironde","region":"Nouvelle-Aquitaine"}},{"type":"Feature","geometry":{"type":"Point","coordinates":[-0.81246,44.73875]},"properties":{"latitude":"44.73875","longitude":"-0.81246","bright_ti4":"299.98","scan":"0.42","track":"0.61","acq_date":"2026-07-28","acq_time":"113","satellite":"N20","instrument":"VIIRS","confidence":"n","version":"2.0NRT","bright_ti5":"289.63","frp":"1.26","daynight":"N","commune":"Cestas","code_insee":"33122","departement":"Gironde","region":"Nouvelle-Aquitaine"}},{"type":"Feature","geometry":{"type":"Point","coordinates":[-1.1798,44.87698]},"properties":{"latitude":"44.87698","longitude":"-1.1798","bright_ti4":"322.25","scan":"0.43","track":"0.62","acq_date":"2026-07-28","acq_time":"113","satellite":"N20","instrument":"VIIRS","confidence":"n","version":"2.0NRT","bright_ti5":"288.24","frp":"2.17","daynight":"N","commune":"Le Porge","code_insee":"33333","departement":"Gironde","region":"Nouvelle-Aquitaine"}},{"type":"Feature","geometry":{"type":"Point","coordinates":[-1.17966,44.87771]},"properties":{"latitude":"44.87771","longitude":"-1.17966","bright_ti4":"322.47","scan":"0.43","track":"0.62","acq_date":"2026-07-28","acq_time":"113","satellite":"N20","instrument":"VIIRS","confidence":"n","version":"2.0NRT","bright_ti5":"288.68","frp":"1.76","daynight":"N","commune":"Le Porge","code_insee":"33333","departement":"Gironde","region":"Nouvelle-Aquitaine"}},{"type":"Feature","geometry":{"type":"Point","coordinates":[-0.89769,44.88585]},"properties":{"latitude":"44.88585","longitude":"-0.89769","bright_ti4":"305.07","scan":"0.42","track":"0.61","acq_date":"2026-07-28","acq_time":"113","satellite":"N20","instrument":"VIIRS","confidence":"n","version":"2.0NRT","bright_ti5":"288.76","frp":"1.33","daynight":"N","commune":"Le Temple","code_insee":"33528","departement":"Gironde","region":"Nouvelle-Aquitaine"}},{"type":"Feature","geometry":{"type":"Point","coordinates":[-1.10323,44.9328]},"properties":{"latitude":"44.9328","longitude":"-1.10323","bright_ti4":"299.05","scan":"0.43","track":"0.62","acq_date":"2026-07-28","acq_time":"113","satellite":"N20","instrument":"VIIRS","confidence":"n","version":"2.0NRT","bright_ti5":"288.84","frp":"1.07","daynight":"N","commune":"Lacanau","code_insee":"33214","departement":"Gironde","region":"Nouvelle-Aquitaine"}},{"type":"Feature","geometry":{"type":"Point","coordinates":[-1.10879,44.93298]},"properties":{"latitude":"44.93298","longitude":"-1.10879","bright_ti4":"298.7","scan":"0.43","track":"0.62","acq_date":"2026-07-28","acq_time":"113","satellite":"N20","instrument":"VIIRS","confidence":"n","version":"2.0NRT","bright_ti5":"287.51","frp":"0.83","daynight":"N","commune":"Lacanau","code_insee":"33214","departement":"Gironde","region":"Nouvelle-Aquitaine"}},{"type":"Feature","geometry":{"type":"Point","coordinates":[-1.06137,44.95008]},"properties":{"latitude":"44.95008","longitude":"-1.06137","bright_ti4":"302.29","scan":"0.43","track":"0.62","acq_date":"2026-07-28","acq_time":"113","satellite":"N20","instrument":"VIIRS","confidence":"n","version":"2.0NRT","bright_ti5":"287.63","frp":"1.17","daynight":"N","commune":"Lacanau","code_insee":"33214","departement":"Gironde","region":"Nouvelle-Aquitaine"}},{"type":"Feature","geometry":{"type":"Point","coordinates":[-1.05731,44.95416]},"properties":{"latitude":"44.95416","longitude":"-1.05731","bright_ti4":"298.68","scan":"0.43","track":"0.62","acq_date":"2026-07-28","acq_time":"113","satellite":"N20","instrument":"VIIRS","confidence":"n","version":"2.0NRT","bright_ti5":"287.17","frp":"0.89","daynight":"N","commune":"Lacanau","code_insee":"33214","departement":"Gironde","region":"Nouvelle-Aquitaine"}},{"type":"Feature","geometry":{"type":"Point","coordinates":[5.66733,45.23195]},"properties":{"latitude":"45.23195","longitude":"5.66733","bright_ti4":"299.66","scan":"0.59","track":"0.7","acq_date":"2026-07-28","acq_time":"251","satellite":"N20","instrument":"VIIRS","confidence":"n","version":"2.0NRT","bright_ti5":"289.09","frp":"0.86","daynight":"N","commune":"Saint-Égrève","code_insee":"38382","departement":"Isère","region":"Auvergne-Rhône-Alpes"}},{"type":"Feature","geometry":{"type":"Point","coordinates":[5.50224,45.29422]},"properties":{"latitude":"45.29422","longitude":"5.50224","bright_ti4":"317.63","scan":"0.58","track":"0.7","acq_date":"2026-07-28","acq_time":"251","satellite":"N20","instrument":"VIIRS","confidence":"n","version":"2.0NRT","bright_ti5":"287.28","frp":"1.89","daynight":"N","commune":"Tullins","code_insee":"38517","departement":"Isère","region":"Auvergne-Rhône-Alpes"}},{"type":"Feature","geometry":{"type":"Point","coordinates":[5.50675,45.29585]},"properties":{"latitude":"45.29585","longitude":"5.50675","bright_ti4":"300.44","scan":"0.58","track":"0.7","acq_date":"2026-07-28","acq_time":"251","satellite":"N20","instrument":"VIIRS","confidence":"n","version":"2.0NRT","bright_ti5":"288.02","frp":"1.49","daynight":"N","commune":"Tullins","code_insee":"38517","departement":"Isère","region":"Auvergne-Rhône-Alpes"}},{"type":"Feature","geometry":{"type":"Point","coordinates":[5.49992,45.29816]},"properties":{"latitude":"45.29816","longitude":"5.49992","bright_ti4":"306.72","scan":"0.58","track":"0.7","acq_date":"2026-07-28","acq_time":"251","satellite":"N20","instrument":"VIIRS","confidence":"n","version":"2.0NRT","bright_ti5":"287.47","frp":"1.8","daynight":"N","commune":"Tullins","code_insee":"38517","departement":"Isère","region":"Auvergne-Rhône-Alpes"}},{"type":"Feature","geometry":{"type":"Point","coordinates":[0.754,46.07876]},"properties":{"latitude":"46.07876","longitude":"0.754","bright_ti4":"299.94","scan":"0.34","track":"0.56","acq_date":"2026-07-28","acq_time":"251","satellite":"N20","instrument":"VIIRS","confidence":"n","version":"2.0NRT","bright_ti5":"286.7","frp":"0.54","daynight":"N","commune":"Brillac","code_insee":"16065","departement":"Charente","region":"Nouvelle-Aquitaine"}},{"type":"Feature","geometry":{"type":"Point","coordinates":[0.15228,46.80663]},"properties":{"latitude":"46.80663","longitude":"0.15228","bright_ti4":"309.88","scan":"0.6","track":"0.53","acq_date":"2026-07-28","acq_time":"251","satellite":"N20","instrument":"VIIRS","confidence":"n","version":"2.0NRT","bright_ti5":"285.98","frp":"1.21","daynight":"N","commune":"Chouppes","code_insee":"86075","departement":"Vienne","region":"Nouvelle-Aquitaine"}},{"type":"Feature","geometry":{"type":"Point","coordinates":[0.15436,46.81011]},"properties":{"latitude":"46.81011","longitude":"0.15436","bright_ti4":"324.18","scan":"0.6","track":"0.53","acq_date":"2026-07-28","acq_time":"251","satellite":"N20","instrument":"VIIRS","confidence":"n","version":"2.0NRT","bright_ti5":"287.55","frp":"4.17","daynight":"N","commune":"Chouppes","code_insee":"86075","departement":"Vienne","region":"Nouvelle-Aquitaine"}},{"type":"Feature","geometry":{"type":"Point","coordinates":[0.15491,46.81119]},"properties":{"latitude":"46.81119","longitude":"0.15491","bright_ti4":"311.27","scan":"0.6","track":"0.53","acq_date":"2026-07-28","acq_time":"251","satellite":"N20","instrument":"VIIRS","confidence":"n","version":"2.0NRT","bright_ti5":"286.22","frp":"1.23","daynight":"N","commune":"Chouppes","code_insee":"86075","departement":"Vienne","region":"Nouvelle-Aquitaine"}},{"type":"Feature","geometry":{"type":"Point","coordinates":[2.75315,47.07742]},"properties":{"latitude":"47.07742","longitude":"2.75315","bright_ti4":"298.05","scan":"0.38","track":"0.59","acq_date":"2026-07-28","acq_time":"251","satellite":"N20","instrument":"VIIRS","confidence":"n","version":"2.0NRT","bright_ti5":"285.24","frp":"0.72","daynight":"N","commune":"Villequiers","code_insee":"18286","departement":"Cher","region":"Centre-Val de Loire"}},{"type":"Feature","geometry":{"type":"Point","coordinates":[2.74855,47.07878]},"properties":{"latitude":"47.07878","longitude":"2.74855","bright_ti4":"304.91","scan":"0.38","track":"0.59","acq_date":"2026-07-28","acq_time":"251","satellite":"N20","instrument":"VIIRS","confidence":"n","version":"2.0NRT","bright_ti5":"285.01","frp":"0.72","daynight":"N","commune":"Baugy","code_insee":"18023","departement":"Cher","region":"Centre-Val de Loire"}},{"type":"Feature","geometry":{"type":"Point","coordinates":[-2.05327,47.3154]},"properties":{"latitude":"47.3154","longitude":"-2.05327","bright_ti4":"300.19","scan":"0.47","track":"0.47","acq_date":"2026-07-28","acq_time":"251","satellite":"N20","instrument":"VIIRS","confidence":"n","version":"2.0NRT","bright_ti5":"287.4","frp":"0.76","daynight":"N","commune":"Donges","code_insee":"44052","departement":"Loire-Atlantique","region":"Pays de la Loire"}},{"type":"Feature","geometry":{"type":"Point","coordinates":[-0.03882,47.48842]},"properties":{"latitude":"47.48842","longitude":"-0.03882","bright_ti4":"319.03","scan":"0.56","track":"0.52","acq_date":"2026-07-28","acq_time":"251","satellite":"N20","instrument":"VIIRS","confidence":"n","version":"2.0NRT","bright_ti5":"287.68","frp":"2.63","daynight":"N","commune":"Baugé-en-Anjou","code_insee":"49018","departement":"Maine-et-Loire","region":"Pays de la Loire"}},{"type":"Feature","geometry":{"type":"Point","coordinates":[-1.30081,48.42907]},"properties":{"latitude":"48.42907","longitude":"-1.30081","bright_ti4":"304.76","scan":"0.47","track":"0.48","acq_date":"2026-07-28","acq_time":"251","satellite":"N20","instrument":"VIIRS","confidence":"n","version":"2.0NRT","bright_ti5":"283.92","frp":"0.87","daynight":"N","commune":"Les Portes du Coglais","code_insee":"35191","departement":"Ille-et-Vilaine","region":"Bretagne"}},{"type":"Feature","geometry":{"type":"Point","coordinates":[6.11261,48.60978]},"properties":{"latitude":"48.60978","longitude":"6.11261","bright_ti4":"300.98","scan":"0.47","track":"0.64","acq_date":"2026-07-28","acq_time":"251","satellite":"N20","instrument":"VIIRS","confidence":"n","version":"2.0NRT","bright_ti5":"285.59","frp":"1.18","daynight":"N","commune":"Neuves-Maisons","code_insee":"54397","departement":"Meurthe-et-Moselle","region":"Grand Est"}},{"type":"Feature","geometry":{"type":"Point","coordinates":[6.119,48.61312]},"properties":{"latitude":"48.61312","longitude":"6.119","bright_ti4":"298.85","scan":"0.47","track":"0.64","acq_date":"2026-07-28","acq_time":"251","satellite":"N20","instrument":"VIIRS","confidence":"n","version":"2.0NRT","bright_ti5":"284.12","frp":"0.3","daynight":"N","commune":"Neuves-Maisons","code_insee":"54397","departement":"Meurthe-et-Moselle","region":"Grand Est"}},{"type":"Feature","geometry":{"type":"Point","coordinates":[6.96552,48.6926]},"properties":{"latitude":"48.6926","longitude":"6.96552","bright_ti4":"297.44","scan":"0.51","track":"0.66","acq_date":"2026-07-28","acq_time":"251","satellite":"N20","instrument":"VIIRS","confidence":"n","version":"2.0NRT","bright_ti5":"284.06","frp":"0.75","daynight":"N","commune":"Héming","code_insee":"57314","departement":"Moselle","region":"Grand Est"}},{"type":"Feature","geometry":{"type":"Point","coordinates":[2.2691,51.02837]},"properties":{"latitude":"51.02837","longitude":"2.2691","bright_ti4":"314.39","scan":"0.55","track":"0.51","acq_date":"2026-07-28","acq_time":"251","satellite":"N20","instrument":"VIIRS","confidence":"n","version":"2.0NRT","bright_ti5":"286.9","frp":"1.58","daynight":"N","commune":"Grande-Synthe","code_insee":"59271","departement":"Nord","region":"Hauts-de-France"}},{"type":"Feature","geometry":{"type":"Point","coordinates":[2.28966,51.03308]},"properties":{"latitude":"51.03308","longitude":"2.28966","bright_ti4":"303.04","scan":"0.55","track":"0.51","acq_date":"2026-07-28","acq_time":"251","satellite":"N20","instrument":"VIIRS","confidence":"n","version":"2.0NRT","bright_ti5":"286.48","frp":"1.94","daynight":"N","commune":"Grande-Synthe","code_insee":"59271","departement":"Nord","region":"Hauts-de-France"}},{"type":"Feature","geometry":{"type":"Point","coordinates":[2.27511,51.03706]},"properties":{"latitude":"51.03706","longitude":"2.27511","bright_ti4":"300.52","scan":"0.55","track":"0.51","acq_date":"2026-07-28","acq_time":"251","satellite":"N20","instrument":"VIIRS","confidence":"n","version":"2.0NRT","bright_ti5":"285.78","frp":"1.84","daynight":"N","commune":"Grande-Synthe","code_insee":"59271","departement":"Nord","region":"Hauts-de-France"}},{"type":"Feature","geometry":{"type":"Point","coordinates":[2.29568,51.04176]},"properties":{"latitude":"51.04176","longitude":"2.29568","bright_ti4":"314.11","scan":"0.55","track":"0.51","acq_date":"2026-07-28","acq_time":"251","satellite":"N20","instrument":"VIIRS","confidence":"n","version":"2.0NRT","bright_ti5":"288.33","frp":"2.49","daynight":"N","commune":"Grande-Synthe","code_insee":"59271","departement":"Nord","region":"Hauts-de-France"}},{"type":"Feature","geometry":{"type":"Point","coordinates":[2.2987,51.0461]},"properties":{"latitude":"51.0461","longitude":"2.2987","bright_ti4":"330.36","scan":"0.55","track":"0.51","acq_date":"2026-07-28","acq_time":"251","satellite":"N20","instrument":"VIIRS","confidence":"n","version":"2.0NRT","bright_ti5":"287.62","frp":"5.92","daynight":"N","commune":"Grande-Synthe","code_insee":"59271","departement":"Nord","region":"Hauts-de-France"}},{"type":"Feature","geometry":{"type":"Point","coordinates":[2.31629,51.04647]},"properties":{"latitude":"51.04647","longitude":"2.31629","bright_ti4":"307.75","scan":"0.55","track":"0.51","acq_date":"2026-07-28","acq_time":"251","satellite":"N20","instrument":"VIIRS","confidence":"n","version":"2.0NRT","bright_ti5":"286.49","frp":"2.42","daynight":"N","commune":"Dunkerque","code_insee":"59183","departement":"Nord","region":"Hauts-de-France"}},{"type":"Feature","geometry":{"type":"Point","coordinates":[2.26775,42.4897]},"properties":{"latitude":"42.4897","longitude":"2.26775","bright_ti4":"348.58","scan":"0.51","track":"0.66","acq_date":"2026-07-28","acq_time":"253","satellite":"N20","instrument":"VIIRS","confidence":"n","version":"2.0NRT","bright_ti5":"289.31","frp":"4.44","daynight":"N","commune":"Nyer","code_insee":"66123","departement":"Pyrénées-Orientales","region":"Occitanie"}},{"type":"Feature","geometry":{"type":"Point","coordinates":[2.26134,42.49168]},"properties":{"latitude":"42.49168","longitude":"2.26134","bright_ti4":"301.15","scan":"0.51","track":"0.66","acq_date":"2026-07-28","acq_time":"253","satellite":"N20","instrument":"VIIRS","confidence":"n","version":"2.0NRT","bright_ti5":"283.64","frp":"4.44","daynight":"N","commune":"Nyer","code_insee":"66123","departement":"Pyrénées-Orientales","region":"Occitanie"}},{"type":"Feature","geometry":{"type":"Point","coordinates":[4.88865,43.43493]},"properties":{"latitude":"43.43493","longitude":"4.88865","bright_ti4":"323.46","scan":"0.62","track":"0.72","acq_date":"2026-07-28","acq_time":"253","satellite":"N20","instrument":"VIIRS","confidence":"n","version":"2.0NRT","bright_ti5":"293.29","frp":"3.71","daynight":"N","commune":"Fos-sur-Mer","code_insee":"13039","departement":"Bouches-du-Rhône","region":"Provence-Alpes-Côte d'Azur"}},{"type":"Feature","geometry":{"type":"Point","coordinates":[4.89244,43.44095]},"properties":{"latitude":"43.44095","longitude":"4.89244","bright_ti4":"311.02","scan":"0.62","track":"0.72","acq_date":"2026-07-28","acq_time":"253","satellite":"N20","instrument":"VIIRS","confidence":"n","version":"2.0NRT","bright_ti5":"292.17","frp":"3.71","daynight":"N","commune":"Fos-sur-Mer","code_insee":"13039","departement":"Bouches-du-Rhône","region":"Provence-Alpes-Côte d'Azur"}},{"type":"Feature","geometry":{"type":"Point","coordinates":[4.8784,43.44567]},"properties":{"latitude":"43.44567","longitude":"4.8784","bright_ti4":"303.82","scan":"0.62","track":"0.72","acq_date":"2026-07-28","acq_time":"253","satellite":"N20","instrument":"VIIRS","confidence":"n","version":"2.0NRT","bright_ti5":"289.87","frp":"1.21","daynight":"N","commune":"Fos-sur-Mer","code_insee":"13039","departement":"Bouches-du-Rhône","region":"Provence-Alpes-Côte d'Azur"}},{"type":"Feature","geometry":{"type":"Point","coordinates":[4.89623,43.44697]},"properties":{"latitude":"43.44697","longitude":"4.89623","bright_ti4":"316.16","scan":"0.62","track":"0.72","acq_date":"2026-07-28","acq_time":"253","satellite":"N20","instrument":"VIIRS","confidence":"n","version":"2.0NRT","bright_ti5":"292.21","frp":"2.97","daynight":"N","commune":"Fos-sur-Mer","code_insee":"13039","departement":"Bouches-du-Rhône","region":"Provence-Alpes-Côte d'Azur"}},{"type":"Feature","geometry":{"type":"Point","coordinates":[-0.85238,44.7216]},"properties":{"latitude":"44.7216","longitude":"-0.85238","bright_ti4":"314.29","scan":"0.62","track":"0.54","acq_date":"2026-07-28","acq_time":"253","satellite":"N20","instrument":"VIIRS","confidence":"n","version":"2.0NRT","bright_ti5":"290.31","frp":"3.6","daynight":"N","commune":"Marcheprime","code_insee":"33555","departement":"Gironde","region":"Nouvelle-Aquitaine"}},{"type":"Feature","geometry":{"type":"Point","coordinates":[-1.21998,44.77295]},"properties":{"latitude":"44.77295","longitude":"-1.21998","bright_ti4":"299.91","scan":"0.59","track":"0.53","acq_date":"2026-07-28","acq_time":"253","satellite":"N20","instrument":"VIIRS","confidence":"n","version":"2.0NRT","bright_ti5":"289.2","frp":"0.86","daynight":"N","commune":"Lège-Cap-Ferret","code_insee":"33236","departement":"Gironde","region":"Nouvelle-Aquitaine"}},{"type":"Feature","geometry":{"type":"Point","coordinates":[-1.21898,44.77364]},"properties":{"latitude":"44.77364","longitude":"-1.21898","bright_ti4":"301.07","scan":"0.59","track":"0.53","acq_date":"2026-07-28","acq_time":"253","satellite":"N20","instrument":"VIIRS","confidence":"n","version":"2.0NRT","bright_ti5":"289.58","frp":"0.8","daynight":"N","commune":"Lège-Cap-Ferret","code_insee":"33236","departement":"Gironde","region":"Nouvelle-Aquitaine"}},{"type":"Feature","geometry":{"type":"Point","coordinates":[-1.21263,44.81792]},"properties":{"latitude":"44.81792","longitude":"-1.21263","bright_ti4":"299.52","scan":"0.59","track":"0.53","acq_date":"2026-07-28","acq_time":"253","satellite":"N20","instrument":"VIIRS","confidence":"n","version":"2.0NRT","bright_ti5":"288.91","frp":"1.03","daynight":"N","commune":"Le Porge","code_insee":"33333","departement":"Gironde","region":"Nouvelle-Aquitaine"}},{"type":"Feature","geometry":{"type":"Point","coordinates":[-1.10521,44.9296]},"properties":{"latitude":"44.9296","longitude":"-1.10521","bright_ti4":"301.82","scan":"0.6","track":"0.53","acq_date":"2026-07-28","acq_time":"253","satellite":"N20","instrument":"VIIRS","confidence":"n","version":"2.0NRT","bright_ti5":"288.07","frp":"0.92","daynight":"N","commune":"Lacanau","code_insee":"33214","departement":"Gironde","region":"Nouvelle-Aquitaine"}},{"type":"Feature","geometry":{"type":"Point","coordinates":[-1.01086,44.97126]},"properties":{"latitude":"44.97126","longitude":"-1.01086","bright_ti4":"302.19","scan":"0.6","track":"0.53","acq_date":"2026-07-28","acq_time":"253","satellite":"N20","instrument":"VIIRS","confidence":"n","version":"2.0NRT","bright_ti5":"286.63","frp":"1.15","daynight":"N","commune":"Lacanau","code_insee":"33214","departement":"Gironde","region":"Nouvelle-Aquitaine"}},{"type":"Feature","geometry":{"type":"Point","coordinates":[4.89792,43.43218]},"properties":{"latitude":"43.43218","longitude":"4.89792","bright_ti4":"306.07","scan":"0.49","track":"0.4","acq_date":"2026-07-28","acq_time":"158","satellite":"N21","instrument":"VIIRS","confidence":"n","version":"2.0NRT","bright_ti5":"294.85","frp":"2.49","daynight":"N","commune":"Fos-sur-Mer","code_insee":"13039","departement":"Bouches-du-Rhône","region":"Provence-Alpes-Côte d'Azur"}},{"type":"Feature","geometry":{"type":"Point","coordinates":[4.89207,43.43338]},"properties":{"latitude":"43.43338","longitude":"4.89207","bright_ti4":"312.16","scan":"0.49","track":"0.4","acq_date":"2026-07-28","acq_time":"158","satellite":"N21","instrument":"VIIRS","confidence":"n","version":"2.0NRT","bright_ti5":"294.13","frp":"2.49","daynight":"N","commune":"Fos-sur-Mer","code_insee":"13039","departement":"Bouches-du-Rhône","region":"Provence-Alpes-Côte d'Azur"}},{"type":"Feature","geometry":{"type":"Point","coordinates":[4.88622,43.43457]},"properties":{"latitude":"43.43457","longitude":"4.88622","bright_ti4":"328.61","scan":"0.49","track":"0.4","acq_date":"2026-07-28","acq_time":"158","satellite":"N21","instrument":"VIIRS","confidence":"n","version":"2.0NRT","bright_ti5":"296.07","frp":"4.82","daynight":"N","commune":"Fos-sur-Mer","code_insee":"13039","departement":"Bouches-du-Rhône","region":"Provence-Alpes-Côte d'Azur"}},{"type":"Feature","geometry":{"type":"Point","coordinates":[4.89344,43.43697]},"properties":{"latitude":"43.43697","longitude":"4.89344","bright_ti4":"316.37","scan":"0.49","track":"0.4","acq_date":"2026-07-28","acq_time":"158","satellite":"N21","instrument":"VIIRS","confidence":"n","version":"2.0NRT","bright_ti5":"294.15","frp":"2.22","daynight":"N","commune":"Fos-sur-Mer","code_insee":"13039","departement":"Bouches-du-Rhône","region":"Provence-Alpes-Côte d'Azur"}},{"type":"Feature","geometry":{"type":"Point","coordinates":[4.88314,43.44293]},"properties":{"latitude":"43.44293","longitude":"4.88314","bright_ti4":"304.72","scan":"0.49","track":"0.4","acq_date":"2026-07-28","acq_time":"158","satellite":"N21","instrument":"VIIRS","confidence":"n","version":"2.0NRT","bright_ti5":"293.81","frp":"3.25","daynight":"N","commune":"Fos-sur-Mer","code_insee":"13039","departement":"Bouches-du-Rhône","region":"Provence-Alpes-Côte d'Azur"}},{"type":"Feature","geometry":{"type":"Point","coordinates":[4.90206,43.44295]},"properties":{"latitude":"43.44295","longitude":"4.90206","bright_ti4":"308.62","scan":"0.49","track":"0.4","acq_date":"2026-07-28","acq_time":"158","satellite":"N21","instrument":"VIIRS","confidence":"n","version":"2.0NRT","bright_ti5":"294.03","frp":"3.61","daynight":"N","commune":"Fos-sur-Mer","code_insee":"13039","departement":"Bouches-du-Rhône","region":"Provence-Alpes-Côte d'Azur"}},{"type":"Feature","geometry":{"type":"Point","coordinates":[4.8773,43.44413]},"properties":{"latitude":"43.44413","longitude":"4.8773","bright_ti4":"316.98","scan":"0.49","track":"0.4","acq_date":"2026-07-28","acq_time":"158","satellite":"N21","instrument":"VIIRS","confidence":"n","version":"2.0NRT","bright_ti5":"292.64","frp":"1.87","daynight":"N","commune":"Fos-sur-Mer","code_insee":"13039","departement":"Bouches-du-Rhône","region":"Provence-Alpes-Côte d'Azur"}},{"type":"Feature","geometry":{"type":"Point","coordinates":[4.8962,43.44414]},"properties":{"latitude":"43.44414","longitude":"4.8962","bright_ti4":"336.1","scan":"0.49","track":"0.4","acq_date":"2026-07-28","acq_time":"158","satellite":"N21","instrument":"VIIRS","confidence":"n","version":"2.0NRT","bright_ti5":"296.33","frp":"3.61","daynight":"N","commune":"Fos-sur-Mer","code_insee":"13039","departement":"Bouches-du-Rhône","region":"Provence-Alpes-Côte d'Azur"}},{"type":"Feature","geometry":{"type":"Point","coordinates":[4.89759,43.44773]},"properties":{"latitude":"43.44773","longitude":"4.89759","bright_ti4":"327.96","scan":"0.49","track":"0.4","acq_date":"2026-07-28","acq_time":"158","satellite":"N21","instrument":"VIIRS","confidence":"n","version":"2.0NRT","bright_ti5":"294.36","frp":"3.61","daynight":"N","commune":"Fos-sur-Mer","code_insee":"13039","departement":"Bouches-du-Rhône","region":"Provence-Alpes-Côte d'Azur"}},{"type":"Feature","geometry":{"type":"Point","coordinates":[6.05425,43.48204]},"properties":{"latitude":"43.48204","longitude":"6.05425","bright_ti4":"309.98","scan":"0.54","track":"0.42","acq_date":"2026-07-28","acq_time":"158","satellite":"N21","instrument":"VIIRS","confidence":"n","version":"2.0NRT","bright_ti5":"295.86","frp":"2.27","daynight":"N","commune":"Correns","code_insee":"83045","departement":"Var","region":"Provence-Alpes-Côte d'Azur"}},{"type":"Feature","geometry":{"type":"Point","coordinates":[6.05602,43.48574]},"properties":{"latitude":"43.48574","longitude":"6.05602","bright_ti4":"309.93","scan":"0.54","track":"0.42","acq_date":"2026-07-28","acq_time":"158","satellite":"N21","instrument":"VIIRS","confidence":"n","version":"2.0NRT","bright_ti5":"293.52","frp":"2.27","daynight":"N","commune":"Correns","code_insee":"83045","departement":"Var","region":"Provence-Alpes-Côte d'Azur"}},{"type":"Feature","geometry":{"type":"Point","coordinates":[-1.10931,44.37074]},"properties":{"latitude":"44.37074","longitude":"-1.10931","bright_ti4":"304.06","scan":"0.39","track":"0.36","acq_date":"2026-07-28","acq_time":"158","satellite":"N21","instrument":"VIIRS","confidence":"n","version":"2.0NRT","bright_ti5":"289.51","frp":"1.05","daynight":"N","commune":"Parentis-en-Born","code_insee":"40217","departement":"Landes","region":"Nouvelle-Aquitaine"}},{"type":"Feature","geometry":{"type":"Point","coordinates":[-0.85268,44.71942]},"properties":{"latitude":"44.71942","longitude":"-0.85268","bright_ti4":"318.15","scan":"0.39","track":"0.36","acq_date":"2026-07-28","acq_time":"158","satellite":"N21","instrument":"VIIRS","confidence":"n","version":"2.0NRT","bright_ti5":"290.62","frp":"2.03","daynight":"N","commune":"Marcheprime","code_insee":"33555","departement":"Gironde","region":"Nouvelle-Aquitaine"}},{"type":"Feature","geometry":{"type":"Point","coordinates":[-0.85174,44.7227]},"properties":{"latitude":"44.7227","longitude":"-0.85174","bright_ti4":"334.04","scan":"0.39","track":"0.36","acq_date":"2026-07-28","acq_time":"158","satellite":"N21","instrument":"VIIRS","confidence":"n","version":"2.0NRT","bright_ti5":"293.62","frp":"4.43","daynight":"N","commune":"Marcheprime","code_insee":"33555","departement":"Gironde","region":"Nouvelle-Aquitaine"}},{"type":"Feature","geometry":{"type":"Point","coordinates":[-0.86144,44.72412]},"properties":{"latitude":"44.72412","longitude":"-0.86144","bright_ti4":"302.22","scan":"0.39","track":"0.36","acq_date":"2026-07-28","acq_time":"158","satellite":"N21","instrument":"VIIRS","confidence":"n","version":"2.0NRT","bright_ti5":"290.48","frp":"1.45","daynight":"N","commune":"Audenge","code_insee":"33019","departement":"Gironde","region":"Nouvelle-Aquitaine"}},{"type":"Feature","geometry":{"type":"Point","coordinates":[-0.80436,44.72944]},"properties":{"latitude":"44.72944","longitude":"-0.80436","bright_ti4":"304.34","scan":"0.39","track":"0.36","acq_date":"2026-07-28","acq_time":"158","satellite":"N21","instrument":"VIIRS","confidence":"n","version":"2.0NRT","bright_ti5":"288.92","frp":"0.88","daynight":"N","commune":"Cestas","code_insee":"33122","departement":"Gironde","region":"Nouvelle-Aquitaine"}},{"type":"Feature","geometry":{"type":"Point","coordinates":[-0.79857,44.73201]},"properties":{"latitude":"44.73201","longitude":"-0.79857","bright_ti4":"310.28","scan":"0.39","track":"0.36","acq_date":"2026-07-28","acq_time":"158","satellite":"N21","instrument":"VIIRS","confidence":"n","version":"2.0NRT","bright_ti5":"292.94","frp":"1.66","daynight":"N","commune":"Cestas","code_insee":"33122","departement":"Gironde","region":"Nouvelle-Aquitaine"}},{"type":"Feature","geometry":{"type":"Point","coordinates":[-0.80342,44.73273]},"properties":{"latitude":"44.73273","longitude":"-0.80342","bright_ti4":"304.47","scan":"0.39","track":"0.36","acq_date":"2026-07-28","acq_time":"158","satellite":"N21","instrument":"VIIRS","confidence":"n","version":"2.0NRT","bright_ti5":"291.84","frp":"0.88","daynight":"N","commune":"Cestas","code_insee":"33122","departement":"Gironde","region":"Nouvelle-Aquitaine"}},{"type":"Feature","geometry":{"type":"Point","coordinates":[-0.80827,44.73344]},"properties":{"latitude":"44.73344","longitude":"-0.80827","bright_ti4":"302.95","scan":"0.39","track":"0.36","acq_date":"2026-07-28","acq_time":"158","satellite":"N21","instrument":"VIIRS","confidence":"n","version":"2.0NRT","bright_ti5":"292.5","frp":"0.88","daynight":"N","commune":"Cestas","code_insee":"33122","departement":"Gironde","region":"Nouvelle-Aquitaine"}},{"type":"Feature","geometry":{"type":"Point","coordinates":[-0.80248,44.73601]},"properties":{"latitude":"44.73601","longitude":"-0.80248","bright_ti4":"302.66","scan":"0.39","track":"0.36","acq_date":"2026-07-28","acq_time":"158","satellite":"N21","instrument":"VIIRS","confidence":"n","version":"2.0NRT","bright_ti5":"291.78","frp":"1.2","daynight":"N","commune":"Cestas","code_insee":"33122","departement":"Gironde","region":"Nouvelle-Aquitaine"}},{"type":"Feature","geometry":{"type":"Point","coordinates":[-0.80732,44.73672]},"properties":{"latitude":"44.73672","longitude":"-0.80732","bright_ti4":"304.52","scan":"0.39","track":"0.36","acq_date":"2026-07-28","acq_time":"158","satellite":"N21","instrument":"VIIRS","confidence":"n","version":"2.0NRT","bright_ti5":"292.49","frp":"1.2","daynight":"N","commune":"Cestas","code_insee":"33122","departement":"Gironde","region":"Nouvelle-Aquitaine"}},{"type":"Feature","geometry":{"type":"Point","coordinates":[-0.81217,44.73743]},"properties":{"latitude":"44.73743","longitude":"-0.81217","bright_ti4":"302.78","scan":"0.39","track":"0.36","acq_date":"2026-07-28","acq_time":"158","satellite":"N21","instrument":"VIIRS","confidence":"n","version":"2.0NRT","bright_ti5":"292.31","frp":"1.56","daynight":"N","commune":"Cestas","code_insee":"33122","departement":"Gironde","region":"Nouvelle-Aquitaine"}},{"type":"Feature","geometry":{"type":"Point","coordinates":[0.52821,44.7488]},"properties":{"latitude":"44.7488","longitude":"0.52821","bright_ti4":"302.39","scan":"0.38","track":"0.36","acq_date":"2026-07-28","acq_time":"158","satellite":"N21","instrument":"VIIRS","confidence":"n","version":"2.0NRT","bright_ti5":"288.2","frp":"0.76","daynight":"N","commune":"Bouniagues","code_insee":"24054","departement":"Dordogne","region":"Nouvelle-Aquitaine"}},{"type":"Feature","geometry":{"type":"Point","coordinates":[-0.99387,44.7571]},"properties":{"latitude":"44.7571","longitude":"-0.99387","bright_ti4":"303.96","scan":"0.39","track":"0.36","acq_date":"2026-07-28","acq_time":"158","satellite":"N21","instrument":"VIIRS","confidence":"n","version":"2.0NRT","bright_ti5":"290.44","frp":"1.15","daynight":"N","commune":"Lanton","code_insee":"33229","departement":"Gironde","region":"Nouvelle-Aquitaine"}},{"type":"Feature","geometry":{"type":"Point","coordinates":[-1.21863,44.77228]},"properties":{"latitude":"44.77228","longitude":"-1.21863","bright_ti4":"323.84","scan":"0.39","track":"0.36","acq_date":"2026-07-28","acq_time":"158","satellite":"N21","instrument":"VIIRS","confidence":"n","version":"2.0NRT","bright_ti5":"292.39","frp":"1.96","daynight":"N","commune":"Lège-Cap-Ferret","code_insee":"33236","departement":"Gironde","region":"Nouvelle-Aquitaine"}},{"type":"Feature","geometry":{"type":"Point","coordinates":[-0.87455,44.77707]},"properties":{"latitude":"44.77707","longitude":"-0.87455","bright_ti4":"302.4","scan":"0.39","track":"0.36","acq_date":"2026-07-28","acq_time":"158","satellite":"N21","instrument":"VIIRS","confidence":"n","version":"2.0NRT","bright_ti5":"292.11","frp":"1.59","daynight":"N","commune":"Saint-Jean-d'Illac","code_insee":"33422","departement":"Gironde","region":"Nouvelle-Aquitaine"}},{"type":"Feature","geometry":{"type":"Point","coordinates":[-0.87941,44.77777]},"properties":{"latitude":"44.77777","longitude":"-0.87941","bright_ti4":"307.61","scan":"0.39","track":"0.36","acq_date":"2026-07-28","acq_time":"158","satellite":"N21","instrument":"VIIRS","confidence":"n","version":"2.0NRT","bright_ti5":"292.62","frp":"1.59","daynight":"N","commune":"Saint-Jean-d'Illac","code_insee":"33422","departement":"Gironde","region":"Nouvelle-Aquitaine"}},{"type":"Feature","geometry":{"type":"Point","coordinates":[-0.88427,44.77847]},"properties":{"latitude":"44.77847","longitude":"-0.88427","bright_ti4":"310.75","scan":"0.39","track":"0.36","acq_date":"2026-07-28","acq_time":"158","satellite":"N21","instrument":"VIIRS","confidence":"n","version":"2.0NRT","bright_ti5":"291.98","frp":"2.65","daynight":"N","commune":"Saint-Jean-d'Illac","code_insee":"33422","departement":"Gironde","region":"Nouvelle-Aquitaine"}},{"type":"Feature","geometry":{"type":"Point","coordinates":[-0.86875,44.77964]},"properties":{"latitude":"44.77964","longitude":"-0.86875","bright_ti4":"302.24","scan":"0.39","track":"0.36","acq_date":"2026-07-28","acq_time":"158","satellite":"N21","instrument":"VIIRS","confidence":"n","version":"2.0NRT","bright_ti5":"289.15","frp":"0.71","daynight":"N","commune":"Saint-Jean-d'Illac","code_insee":"33422","departement":"Gironde","region":"Nouvelle-Aquitaine"}},{"type":"Feature","geometry":{"type":"Point","coordinates":[-0.87361,44.78035]},"properties":{"latitude":"44.78035","longitude":"-0.87361","bright_ti4":"312.54","scan":"0.39","track":"0.36","acq_date":"2026-07-28","acq_time":"158","satellite":"N21","instrument":"VIIRS","confidence":"n","version":"2.0NRT","bright_ti5":"292.02","frp":"1.8","daynight":"N","commune":"Saint-Jean-d'Illac","code_insee":"33422","departement":"Gironde","region":"Nouvelle-Aquitaine"}},{"type":"Feature","geometry":{"type":"Point","coordinates":[-1.145,44.80908]},"properties":{"latitude":"44.80908","longitude":"-1.145","bright_ti4":"309.54","scan":"0.39","track":"0.36","acq_date":"2026-07-28","acq_time":"158","satellite":"N21","instrument":"VIIRS","confidence":"n","version":"2.0NRT","bright_ti5":"287.73","frp":"1.04","daynight":"N","commune":"Lège-Cap-Ferret","code_insee":"33236","departement":"Gironde","region":"Nouvelle-Aquitaine"}},{"type":"Feature","geometry":{"type":"Point","coordinates":[-1.22051,44.81293]},"properties":{"latitude":"44.81293","longitude":"-1.22051","bright_ti4":"318.8","scan":"0.39","track":"0.36","acq_date":"2026-07-28","acq_time":"158","satellite":"N21","instrument":"VIIRS","confidence":"n","version":"2.0NRT","bright_ti5":"292.63","frp":"1.74","daynight":"N","commune":"Le Porge","code_insee":"33333","departement":"Gironde","region":"Nouvelle-Aquitaine"}},{"type":"Feature","geometry":{"type":"Point","coordinates":[-1.20974,44.81484]},"properties":{"latitude":"44.81484","longitude":"-1.20974","bright_ti4":"309.04","scan":"0.39","track":"0.36","acq_date":"2026-07-28","acq_time":"158","satellite":"N21","instrument":"VIIRS","confidence":"n","version":"2.0NRT","bright_ti5":"291.1","frp":"1.84","daynight":"N","commune":"Le Porge","code_insee":"33333","departement":"Gironde","region":"Nouvelle-Aquitaine"}},{"type":"Feature","geometry":{"type":"Point","coordinates":[-1.21467,44.81554]},"properties":{"latitude":"44.81554","longitude":"-1.21467","bright_ti4":"323.14","scan":"0.39","track":"0.36","acq_date":"2026-07-28","acq_time":"158","satellite":"N21","instrument":"VIIRS","confidence":"n","version":"2.0NRT","bright_ti5":"292.03","frp":"1.84","daynight":"N","commune":"Le Porge","code_insee":"33333","departement":"Gironde","region":"Nouvelle-Aquitaine"}},{"type":"Feature","geometry":{"type":"Point","coordinates":[-1.17006,44.84698]},"properties":{"latitude":"44.84698","longitude":"-1.17006","bright_ti4":"302.5","scan":"0.39","track":"0.36","acq_date":"2026-07-28","acq_time":"158","satellite":"N21","instrument":"VIIRS","confidence":"n","version":"2.0NRT","bright_ti5":"288.06","frp":"0.49","daynight":"N","commune":"Le Porge","code_insee":"33333","departement":"Gironde","region":"Nouvelle-Aquitaine"}},{"type":"Feature","geometry":{"type":"Point","coordinates":[-1.10375,44.86496]},"properties":{"latitude":"44.86496","longitude":"-1.10375","bright_ti4":"300.74","scan":"0.39","track":"0.36","acq_date":"2026-07-28","acq_time":"158","satellite":"N21","instrument":"VIIRS","confidence":"n","version":"2.0NRT","bright_ti5":"290.19","frp":"1.14","daynight":"N","commune":"Le Porge","code_insee":"33333","departement":"Gironde","region":"Nouvelle-Aquitaine"}},{"type":"Feature","geometry":{"type":"Point","coordinates":[-0.89443,44.87897]},"properties":{"latitude":"44.87897","longitude":"-0.89443","bright_ti4":"304.39","scan":"0.39","track":"0.36","acq_date":"2026-07-28","acq_time":"158","satellite":"N21","instrument":"VIIRS","confidence":"n","version":"2.0NRT","bright_ti5":"290.12","frp":"1.26","daynight":"N","commune":"Le Temple","code_insee":"33528","departement":"Gironde","region":"Nouvelle-Aquitaine"}},{"type":"Feature","geometry":{"type":"Point","coordinates":[-0.89349,44.88226]},"properties":{"latitude":"44.88226","longitude":"-0.89349","bright_ti4":"300.62","scan":"0.39","track":"0.36","acq_date":"2026-07-28","acq_time":"158","satellite":"N21","instrument":"VIIRS","confidence":"n","version":"2.0NRT","bright_ti5":"289.85","frp":"1.26","daynight":"N","commune":"Le Temple","code_insee":"33528","departement":"Gironde","region":"Nouvelle-Aquitaine"}},{"type":"Feature","geometry":{"type":"Point","coordinates":[-0.89837,44.88296]},"properties":{"latitude":"44.88296","longitude":"-0.89837","bright_ti4":"308.94","scan":"0.39","track":"0.36","acq_date":"2026-07-28","acq_time":"158","satellite":"N21","instrument":"VIIRS","confidence":"n","version":"2.0NRT","bright_ti5":"291.34","frp":"1.91","daynight":"N","commune":"Le Temple","code_insee":"33528","departement":"Gironde","region":"Nouvelle-Aquitaine"}},{"type":"Feature","geometry":{"type":"Point","coordinates":[-0.89256,44.88554]},"properties":{"latitude":"44.88554","longitude":"-0.89256","bright_ti4":"300.74","scan":"0.39","track":"0.36","acq_date":"2026-07-28","acq_time":"158","satellite":"N21","instrument":"VIIRS","confidence":"n","version":"2.0NRT","bright_ti5":"289.15","frp":"1.35","daynight":"N","commune":"Le Temple","code_insee":"33528","departement":"Gironde","region":"Nouvelle-Aquitaine"}},{"type":"Feature","geometry":{"type":"Point","coordinates":[-0.87417,44.89658]},"properties":{"latitude":"44.89658","longitude":"-0.87417","bright_ti4":"301.52","scan":"0.39","track":"0.36","acq_date":"2026-07-28","acq_time":"158","satellite":"N21","instrument":"VIIRS","confidence":"n","version":"2.0NRT","bright_ti5":"289.2","frp":"0.7","daynight":"N","commune":"Salaunes","code_insee":"33494","departement":"Gironde","region":"Nouvelle-Aquitaine"}},{"type":"Feature","geometry":{"type":"Point","coordinates":[-0.87905,44.89729]},"properties":{"latitude":"44.89729","longitude":"-0.87905","bright_ti4":"303.21","scan":"0.39","track":"0.36","acq_date":"2026-07-28","acq_time":"158","satellite":"N21","instrument":"VIIRS","confidence":"n","version":"2.0NRT","bright_ti5":"288.46","frp":"0.7","daynight":"N","commune":"Salaunes","code_insee":"33494","departement":"Gironde","region":"Nouvelle-Aquitaine"}},{"type":"Feature","geometry":{"type":"Point","coordinates":[-0.92297,44.90363]},"properties":{"latitude":"44.90363","longitude":"-0.92297","bright_ti4":"300.41","scan":"0.39","track":"0.36","acq_date":"2026-07-28","acq_time":"158","satellite":"N21","instrument":"VIIRS","confidence":"n","version":"2.0NRT","bright_ti5":"288.98","frp":"1.19","daynight":"N","commune":"Sainte-Hélène","code_insee":"33417","departement":"Gironde","region":"Nouvelle-Aquitaine"}},{"type":"Feature","geometry":{"type":"Point","coordinates":[-0.91226,44.90552]},"properties":{"latitude":"44.90552","longitude":"-0.91226","bright_ti4":"297.79","scan":"0.39","track":"0.36","acq_date":"2026-07-28","acq_time":"158","satellite":"N21","instrument":"VIIRS","confidence":"n","version":"2.0NRT","bright_ti5":"285.9","frp":"0.76","daynight":"N","commune":"Sainte-Hélène","code_insee":"33417","departement":"Gironde","region":"Nouvelle-Aquitaine"}},{"type":"Feature","geometry":{"type":"Point","coordinates":[-0.91715,44.90622]},"properties":{"latitude":"44.90622","longitude":"-0.91715","bright_ti4":"300.17","scan":"0.39","track":"0.36","acq_date":"2026-07-28","acq_time":"158","satellite":"N21","instrument":"VIIRS","confidence":"n","version":"2.0NRT","bright_ti5":"286.34","frp":"0.76","daynight":"N","commune":"Sainte-Hélène","code_insee":"33417","departement":"Gironde","region":"Nouvelle-Aquitaine"}},{"type":"Feature","geometry":{"type":"Point","coordinates":[-1.10427,44.92964]},"properties":{"latitude":"44.92964","longitude":"-1.10427","bright_ti4":"321.99","scan":"0.39","track":"0.36","acq_date":"2026-07-28","acq_time":"158","satellite":"N21","instrument":"VIIRS","confidence":"n","version":"2.0NRT","bright_ti5":"292.58","frp":"2.89","daynight":"N","commune":"Lacanau","code_insee":"33214","departement":"Gironde","region":"Nouvelle-Aquitaine"}},{"type":"Feature","geometry":{"type":"Point","coordinates":[-1.10826,44.93364]},"properties":{"latitude":"44.93364","longitude":"-1.10826","bright_ti4":"309.42","scan":"0.39","track":"0.36","acq_date":"2026-07-28","acq_time":"158","satellite":"N21","instrument":"VIIRS","confidence":"n","version":"2.0NRT","bright_ti5":"291.17","frp":"1.39","daynight":"N","commune":"Lacanau","code_insee":"33214","departement":"Gironde","region":"Nouvelle-Aquitaine"}},{"type":"Feature","geometry":{"type":"Point","coordinates":[-1.10241,44.93624]},"properties":{"latitude":"44.93624","longitude":"-1.10241","bright_ti4":"308.94","scan":"0.39","track":"0.36","acq_date":"2026-07-28","acq_time":"158","satellite":"N21","instrument":"VIIRS","confidence":"n","version":"2.0NRT","bright_ti5":"291.51","frp":"1.67","daynight":"N","commune":"Lacanau","code_insee":"33214","departement":"Gironde","region":"Nouvelle-Aquitaine"}},{"type":"Feature","geometry":{"type":"Point","coordinates":[-1.05751,44.95041]},"properties":{"latitude":"44.95041","longitude":"-1.05751","bright_ti4":"313.53","scan":"0.39","track":"0.36","acq_date":"2026-07-28","acq_time":"158","satellite":"N21","instrument":"VIIRS","confidence":"n","version":"2.0NRT","bright_ti5":"289","frp":"1.75","daynight":"N","commune":"Lacanau","code_insee":"33214","departement":"Gironde","region":"Nouvelle-Aquitaine"}},{"type":"Feature","geometry":{"type":"Point","coordinates":[-1.06242,44.95112]},"properties":{"latitude":"44.95112","longitude":"-1.06242","bright_ti4":"303.62","scan":"0.39","track":"0.36","acq_date":"2026-07-28","acq_time":"158","satellite":"N21","instrument":"VIIRS","confidence":"n","version":"2.0NRT","bright_ti5":"286.71","frp":"0.68","daynight":"N","commune":"Lacanau","code_insee":"33214","departement":"Gironde","region":"Nouvelle-Aquitaine"}},{"type":"Feature","geometry":{"type":"Point","coordinates":[-1.01171,44.96785]},"properties":{"latitude":"44.96785","longitude":"-1.01171","bright_ti4":"308.45","scan":"0.39","track":"0.36","acq_date":"2026-07-28","acq_time":"158","satellite":"N21","instrument":"VIIRS","confidence":"n","version":"2.0NRT","bright_ti5":"288.85","frp":"1.5","daynight":"N","commune":"Lacanau","code_insee":"33214","departement":"Gironde","region":"Nouvelle-Aquitaine"}},{"type":"Feature","geometry":{"type":"Point","coordinates":[-1.01077,44.97115]},"properties":{"latitude":"44.97115","longitude":"-1.01077","bright_ti4":"312.49","scan":"0.39","track":"0.36","acq_date":"2026-07-28","acq_time":"158","satellite":"N21","instrument":"VIIRS","confidence":"n","version":"2.0NRT","bright_ti5":"286.95","frp":"1.36","daynight":"N","commune":"Lacanau","code_insee":"33214","departement":"Gironde","region":"Nouvelle-Aquitaine"}},{"type":"Feature","geometry":{"type":"Point","coordinates":[5.66847,45.22879]},"properties":{"latitude":"45.22879","longitude":"5.66847","bright_ti4":"302.74","scan":"0.49","track":"0.4","acq_date":"2026-07-28","acq_time":"158","satellite":"N21","instrument":"VIIRS","confidence":"n","version":"2.0NRT","bright_ti5":"291.3","frp":"0.98","daynight":"N","commune":"Saint-Égrève","code_insee":"38382","departement":"Isère","region":"Auvergne-Rhône-Alpes"}},{"type":"Feature","geometry":{"type":"Point","coordinates":[4.90309,45.68555]},"properties":{"latitude":"45.68555","longitude":"4.90309","bright_ti4":"302.96","scan":"0.45","track":"0.39","acq_date":"2026-07-28","acq_time":"158","satellite":"N21","instrument":"VIIRS","confidence":"n","version":"2.0NRT","bright_ti5":"289.71","frp":"0.85","daynight":"N","commune":"Corbas","code_insee":"69273","departement":"Rhône","region":"Auvergne-Rhône-Alpes"}},{"type":"Feature","geometry":{"type":"Point","coordinates":[0.75499,46.07851]},"properties":{"latitude":"46.07851","longitude":"0.75499","bright_ti4":"301.13","scan":"0.38","track":"0.36","acq_date":"2026-07-28","acq_time":"158","satellite":"N21","instrument":"VIIRS","confidence":"n","version":"2.0NRT","bright_ti5":"287.66","frp":"0.6","daynight":"N","commune":"Brillac","code_insee":"16065","departement":"Charente","region":"Nouvelle-Aquitaine"}},{"type":"Feature","geometry":{"type":"Point","coordinates":[-0.14139,46.80573]},"properties":{"latitude":"46.80573","longitude":"-0.14139","bright_ti4":"298.9","scan":"0.39","track":"0.36","acq_date":"2026-07-28","acq_time":"158","satellite":"N21","instrument":"VIIRS","confidence":"n","version":"2.0NRT","bright_ti5":"288.45","frp":"1.23","daynight":"N","commune":"Airvault","code_insee":"79005","departement":"Deux-Sèvres","region":"Nouvelle-Aquitaine"}},{"type":"Feature","geometry":{"type":"Point","coordinates":[0.15436,46.80676]},"properties":{"latitude":"46.80676","longitude":"0.15436","bright_ti4":"328.95","scan":"0.39","track":"0.36","acq_date":"2026-07-28","acq_time":"158","satellite":"N21","instrument":"VIIRS","confidence":"n","version":"2.0NRT","bright_ti5":"292.84","frp":"6.99","daynight":"N","commune":"Chouppes","code_insee":"86075","departement":"Vienne","region":"Nouvelle-Aquitaine"}},{"type":"Feature","geometry":{"type":"Point","coordinates":[2.74836,47.0746]},"properties":{"latitude":"47.0746","longitude":"2.74836","bright_ti4":"307.3","scan":"0.39","track":"0.36","acq_date":"2026-07-28","acq_time":"158","satellite":"N21","instrument":"VIIRS","confidence":"n","version":"2.0NRT","bright_ti5":"287.42","frp":"1.14","daynight":"N","commune":"Baugy","code_insee":"18023","departement":"Cher","region":"Centre-Val de Loire"}},{"type":"Feature","geometry":{"type":"Point","coordinates":[2.74956,47.07787]},"properties":{"latitude":"47.07787","longitude":"2.74956","bright_ti4":"327.22","scan":"0.39","track":"0.36","acq_date":"2026-07-28","acq_time":"158","satellite":"N21","instrument":"VIIRS","confidence":"n","version":"2.0NRT","bright_ti5":"287.34","frp":"2.86","daynight":"N","commune":"Baugy","code_insee":"18023","departement":"Cher","region":"Centre-Val de Loire"}},{"type":"Feature","geometry":{"type":"Point","coordinates":[-0.03914,47.48783]},"properties":{"latitude":"47.48783","longitude":"-0.03914","bright_ti4":"302.6","scan":"0.39","track":"0.36","acq_date":"2026-07-28","acq_time":"158","satellite":"N21","instrument":"VIIRS","confidence":"n","version":"2.0NRT","bright_ti5":"288.66","frp":"0.68","daynight":"N","commune":"Baugé-en-Anjou","code_insee":"49018","departement":"Maine-et-Loire","region":"Pays de la Loire"}},{"type":"Feature","geometry":{"type":"Point","coordinates":[-0.04428,47.48856]},"properties":{"latitude":"47.48856","longitude":"-0.04428","bright_ti4":"303.63","scan":"0.39","track":"0.36","acq_date":"2026-07-28","acq_time":"158","satellite":"N21","instrument":"VIIRS","confidence":"n","version":"2.0NRT","bright_ti5":"288.03","frp":"0.72","daynight":"N","commune":"Baugé-en-Anjou","code_insee":"49018","departement":"Maine-et-Loire","region":"Pays de la Loire"}},{"type":"Feature","geometry":{"type":"Point","coordinates":[-1.03956,48.10705]},"properties":{"latitude":"48.10705","longitude":"-1.03956","bright_ti4":"299.51","scan":"0.41","track":"0.37","acq_date":"2026-07-28","acq_time":"158","satellite":"N21","instrument":"VIIRS","confidence":"n","version":"2.0NRT","bright_ti5":"288.43","frp":"1.3","daynight":"N","commune":"Saint-Pierre-la-Cour","code_insee":"53247","departement":"Mayenne","region":"Pays de la Loire"}},{"type":"Feature","geometry":{"type":"Point","coordinates":[-0.83726,48.12536]},"properties":{"latitude":"48.12536","longitude":"-0.83726","bright_ti4":"295.75","scan":"0.41","track":"0.37","acq_date":"2026-07-28","acq_time":"158","satellite":"N21","instrument":"VIIRS","confidence":"n","version":"2.0NRT","bright_ti5":"285.39","frp":"0.36","daynight":"N","commune":"Changé","code_insee":"53054","departement":"Mayenne","region":"Pays de la Loire"}},{"type":"Feature","geometry":{"type":"Point","coordinates":[-1.29554,48.42841]},"properties":{"latitude":"48.42841","longitude":"-1.29554","bright_ti4":"298.91","scan":"0.42","track":"0.37","acq_date":"2026-07-28","acq_time":"158","satellite":"N21","instrument":"VIIRS","confidence":"n","version":"2.0NRT","bright_ti5":"284.08","frp":"1.34","daynight":"N","commune":"Saint-Germain-en-Coglès","code_insee":"35273","departement":"Ille-et-Vilaine","region":"Bretagne"}},{"type":"Feature","geometry":{"type":"Point","coordinates":[-1.30111,48.42912]},"properties":{"latitude":"48.42912","longitude":"-1.30111","bright_ti4":"314.59","scan":"0.42","track":"0.37","acq_date":"2026-07-28","acq_time":"158","satellite":"N21","instrument":"VIIRS","confidence":"n","version":"2.0NRT","bright_ti5":"284.5","frp":"1.34","daynight":"N","commune":"Les Portes du Coglais","code_insee":"35191","departement":"Ille-et-Vilaine","region":"Bretagne"}},{"type":"Feature","geometry":{"type":"Point","coordinates":[6.11579,48.60917]},"properties":{"latitude":"48.60917","longitude":"6.11579","bright_ti4":"311.01","scan":"0.44","track":"0.39","acq_date":"2026-07-28","acq_time":"158","satellite":"N21","instrument":"VIIRS","confidence":"n","version":"2.0NRT","bright_ti5":"287.21","frp":"1.96","daynight":"N","commune":"Neuves-Maisons","code_insee":"54397","departement":"Meurthe-et-Moselle","region":"Grand Est"}},{"type":"Feature","geometry":{"type":"Point","coordinates":[6.10998,48.6103]},"properties":{"latitude":"48.6103","longitude":"6.10998","bright_ti4":"302.95","scan":"0.44","track":"0.39","acq_date":"2026-07-28","acq_time":"158","satellite":"N21","instrument":"VIIRS","confidence":"n","version":"2.0NRT","bright_ti5":"286.93","frp":"1.09","daynight":"N","commune":"Neuves-Maisons","code_insee":"54397","departement":"Meurthe-et-Moselle","region":"Grand Est"}},{"type":"Feature","geometry":{"type":"Point","coordinates":[6.96819,48.69041]},"properties":{"latitude":"48.69041","longitude":"6.96819","bright_ti4":"304.78","scan":"0.47","track":"0.4","acq_date":"2026-07-28","acq_time":"158","satellite":"N21","instrument":"VIIRS","confidence":"n","version":"2.0NRT","bright_ti5":"286.33","frp":"1.55","daynight":"N","commune":"Héming","code_insee":"57314","departement":"Moselle","region":"Grand Est"}},{"type":"Feature","geometry":{"type":"Point","coordinates":[6.9639,48.69238]},"properties":{"latitude":"48.69238","longitude":"6.9639","bright_ti4":"297.94","scan":"0.47","track":"0.4","acq_date":"2026-07-28","acq_time":"158","satellite":"N21","instrument":"VIIRS","confidence":"n","version":"2.0NRT","bright_ti5":"285.21","frp":"0.88","daynight":"N","commune":"Héming","code_insee":"57314","departement":"Moselle","region":"Grand Est"}},{"type":"Feature","geometry":{"type":"Point","coordinates":[3.12803,49.0822]},"properties":{"latitude":"49.0822","longitude":"3.12803","bright_ti4":"297.65","scan":"0.39","track":"0.36","acq_date":"2026-07-28","acq_time":"158","satellite":"N21","instrument":"VIIRS","confidence":"n","version":"2.0NRT","bright_ti5":"283.6","frp":"0.42","daynight":"N","commune":"Coulombs-en-Valois","code_insee":"77129","departement":"Seine-et-Marne","region":"Île-de-France"}},{"type":"Feature","geometry":{"type":"Point","coordinates":[6.1451,49.31927]},"properties":{"latitude":"49.31927","longitude":"6.1451","bright_ti4":"298.94","scan":"0.44","track":"0.38","acq_date":"2026-07-28","acq_time":"158","satellite":"N21","instrument":"VIIRS","confidence":"n","version":"2.0NRT","bright_ti5":"285.35","frp":"0.54","daynight":"N","commune":"Florange","code_insee":"57221","departement":"Moselle","region":"Grand Est"}},{"type":"Feature","geometry":{"type":"Point","coordinates":[0.53914,49.46976]},"properties":{"latitude":"49.46976","longitude":"0.53914","bright_ti4":"298.95","scan":"0.39","track":"0.36","acq_date":"2026-07-28","acq_time":"158","satellite":"N21","instrument":"VIIRS","confidence":"n","version":"2.0NRT","bright_ti5":"288.46","frp":"0.92","daynight":"N","commune":"Lillebonne","code_insee":"76384","departement":"Seine-Maritime","region":"Normandie"}},{"type":"Feature","geometry":{"type":"Point","coordinates":[0.53597,49.47709]},"properties":{"latitude":"49.47709","longitude":"0.53597","bright_ti4":"301.96","scan":"0.39","track":"0.36","acq_date":"2026-07-28","acq_time":"158","satellite":"N21","instrument":"VIIRS","confidence":"n","version":"2.0NRT","bright_ti5":"287.32","frp":"0.91","daynight":"N","commune":"Port-Jérôme-sur-Seine","code_insee":"76476","departement":"Seine-Maritime","region":"Normandie"}},{"type":"Feature","geometry":{"type":"Point","coordinates":[2.11072,50.69699]},"properties":{"latitude":"50.69699","longitude":"2.11072","bright_ti4":"302.88","scan":"0.39","track":"0.36","acq_date":"2026-07-28","acq_time":"158","satellite":"N21","instrument":"VIIRS","confidence":"n","version":"2.0NRT","bright_ti5":"287.08","frp":"1.02","daynight":"N","commune":"Lumbres","code_insee":"62534","departement":"Pas-de-Calais","region":"Hauts-de-France"}},{"type":"Feature","geometry":{"type":"Point","coordinates":[2.27328,51.02646]},"properties":{"latitude":"51.02646","longitude":"2.27328","bright_ti4":"305.92","scan":"0.39","track":"0.36","acq_date":"2026-07-28","acq_time":"158","satellite":"N21","instrument":"VIIRS","confidence":"n","version":"2.0NRT","bright_ti5":"287.05","frp":"1.08","daynight":"N","commune":"Grande-Synthe","code_insee":"59271","departement":"Nord","region":"Hauts-de-France"}},{"type":"Feature","geometry":{"type":"Point","coordinates":[2.26789,51.02728]},"properties":{"latitude":"51.02728","longitude":"2.26789","bright_ti4":"306.39","scan":"0.39","track":"0.36","acq_date":"2026-07-28","acq_time":"158","satellite":"N21","instrument":"VIIRS","confidence":"n","version":"2.0NRT","bright_ti5":"288.25","frp":"1.08","daynight":"N","commune":"Grande-Synthe","code_insee":"59271","departement":"Nord","region":"Hauts-de-France"}},{"type":"Feature","geometry":{"type":"Point","coordinates":[2.27574,51.03295]},"properties":{"latitude":"51.03295","longitude":"2.27574","bright_ti4":"299.26","scan":"0.39","track":"0.36","acq_date":"2026-07-28","acq_time":"158","satellite":"N21","instrument":"VIIRS","confidence":"n","version":"2.0NRT","bright_ti5":"287.43","frp":"0.88","daynight":"N","commune":"Grande-Synthe","code_insee":"59271","departement":"Nord","region":"Hauts-de-France"}},{"type":"Feature","geometry":{"type":"Point","coordinates":[2.28771,51.03458]},"properties":{"latitude":"51.03458","longitude":"2.28771","bright_ti4":"302.12","scan":"0.39","track":"0.36","acq_date":"2026-07-28","acq_time":"158","satellite":"N21","instrument":"VIIRS","confidence":"n","version":"2.0NRT","bright_ti5":"288.54","frp":"0.9","daynight":"N","commune":"Grande-Synthe","code_insee":"59271","departement":"Nord","region":"Hauts-de-France"}},{"type":"Feature","geometry":{"type":"Point","coordinates":[2.29017,51.04107]},"properties":{"latitude":"51.04107","longitude":"2.29017","bright_ti4":"305.98","scan":"0.39","track":"0.36","acq_date":"2026-07-28","acq_time":"158","satellite":"N21","instrument":"VIIRS","confidence":"n","version":"2.0NRT","bright_ti5":"289","frp":"0.79","daynight":"N","commune":"Grande-Synthe","code_insee":"59271","departement":"Nord","region":"Hauts-de-France"}},{"type":"Feature","geometry":{"type":"Point","coordinates":[2.29679,51.0435]},"properties":{"latitude":"51.0435","longitude":"2.29679","bright_ti4":"326.25","scan":"0.39","track":"0.36","acq_date":"2026-07-28","acq_time":"158","satellite":"N21","instrument":"VIIRS","confidence":"n","version":"2.0NRT","bright_ti5":"290.51","frp":"1.37","daynight":"N","commune":"Grande-Synthe","code_insee":"59271","departement":"Nord","region":"Hauts-de-France"}},{"type":"Feature","geometry":{"type":"Point","coordinates":[2.30341,51.04593]},"properties":{"latitude":"51.04593","longitude":"2.30341","bright_ti4":"302.68","scan":"0.39","track":"0.36","acq_date":"2026-07-28","acq_time":"158","satellite":"N21","instrument":"VIIRS","confidence":"n","version":"2.0NRT","bright_ti5":"287.24","frp":"1.37","daynight":"N","commune":"Grande-Synthe","code_insee":"59271","departement":"Nord","region":"Hauts-de-France"}},{"type":"Feature","geometry":{"type":"Point","coordinates":[2.32082,51.04672]},"properties":{"latitude":"51.04672","longitude":"2.32082","bright_ti4":"304.47","scan":"0.39","track":"0.36","acq_date":"2026-07-28","acq_time":"158","satellite":"N21","instrument":"VIIRS","confidence":"n","version":"2.0NRT","bright_ti5":"289.61","frp":"1.06","daynight":"N","commune":"Dunkerque","code_insee":"59183","departement":"Nord","region":"Hauts-de-France"}},{"type":"Feature","geometry":{"type":"Point","coordinates":[2.29802,51.04675]},"properties":{"latitude":"51.04675","longitude":"2.29802","bright_ti4":"300.65","scan":"0.39","track":"0.36","acq_date":"2026-07-28","acq_time":"158","satellite":"N21","instrument":"VIIRS","confidence":"n","version":"2.0NRT","bright_ti5":"288.7","frp":"1.37","daynight":"N","commune":"Grande-Synthe","code_insee":"59271","departement":"Nord","region":"Hauts-de-France"}},{"type":"Feature","geometry":{"type":"Point","coordinates":[2.31543,51.04754]},"properties":{"latitude":"51.04754","longitude":"2.31543","bright_ti4":"336.26","scan":"0.39","track":"0.36","acq_date":"2026-07-28","acq_time":"158","satellite":"N21","instrument":"VIIRS","confidence":"n","version":"2.0NRT","bright_ti5":"289.96","frp":"8.34","daynight":"N","commune":"Dunkerque","code_insee":"59183","departement":"Nord","region":"Hauts-de-France"}},{"type":"Feature","geometry":{"type":"Point","coordinates":[2.264,42.48789]},"properties":{"latitude":"42.48789","longitude":"2.264","bright_ti4":"333.34","scan":"0.42","track":"0.37","acq_date":"2026-07-28","acq_time":"200","satellite":"N21","instrument":"VIIRS","confidence":"n","version":"2.0NRT","bright_ti5":"288.02","frp":"6.67","daynight":"N","commune":"Nyer","code_insee":"66123","departement":"Pyrénées-Orientales","region":"Occitanie"}},{"type":"Feature","geometry":{"type":"Point","coordinates":[2.25924,42.48876]},"properties":{"latitude":"42.48876","longitude":"2.25924","bright_ti4":"327.02","scan":"0.42","track":"0.37","acq_date":"2026-07-28","acq_time":"200","satellite":"N21","instrument":"VIIRS","confidence":"n","version":"2.0NRT","bright_ti5":"286.92","frp":"6.67","daynight":"N","commune":"Nyer","code_insee":"66123","departement":"Pyrénées-Orientales","region":"Occitanie"}},{"type":"Feature","geometry":{"type":"Point","coordinates":[2.89742,42.77126]},"properties":{"latitude":"42.77126","longitude":"2.89742","bright_ti4":"313.7","scan":"0.43","track":"0.38","acq_date":"2026-07-28","acq_time":"200","satellite":"N21","instrument":"VIIRS","confidence":"n","version":"2.0NRT","bright_ti5":"293.28","frp":"1.89","daynight":"N","commune":"Pia","code_insee":"66141","departement":"Pyrénées-Orientales","region":"Occitanie"}},{"type":"Feature","geometry":{"type":"Point","coordinates":[0.99049,43.18674]},"properties":{"latitude":"43.18674","longitude":"0.99049","bright_ti4":"302.09","scan":"0.39","track":"0.36","acq_date":"2026-07-28","acq_time":"200","satellite":"N21","instrument":"VIIRS","confidence":"n","version":"2.0NRT","bright_ti5":"290.49","frp":"0.67","daynight":"N","commune":"Martres-Tolosane","code_insee":"31324","departement":"Haute-Garonne","region":"Occitanie"}}]}