{"type":"FeatureCollection","features":[{"type":"Feature","geometry":{"type":"Point","coordinates":[5.36485,46.57348]},"properties":{"latitude":"46.57348","longitude":"5.36485","bright_ti4":"312.3","scan":"0.43","track":"0.46","acq_date":"2026-08-01","acq_time":"117","satellite":"N","instrument":"VIIRS","confidence":"n","version":"2.0NRT","bright_ti5":"287.88","frp":"1.02","daynight":"N","commune":"Le Miroir","code_insee":"71300","departement":"Saône-et-Loire","region":"Bourgogne-Franche-Comté"}},{"type":"Feature","geometry":{"type":"Point","coordinates":[0.1539,46.80523]},"properties":{"latitude":"46.80523","longitude":"0.1539","bright_ti4":"308.7","scan":"0.38","track":"0.59","acq_date":"2026-08-01","acq_time":"117","satellite":"N","instrument":"VIIRS","confidence":"n","version":"2.0NRT","bright_ti5":"285.44","frp":"0.87","daynight":"N","commune":"Chouppes","code_insee":"86075","departement":"Vienne","region":"Nouvelle-Aquitaine"}},{"type":"Feature","geometry":{"type":"Point","coordinates":[0.15436,46.81073]},"properties":{"latitude":"46.81073","longitude":"0.15436","bright_ti4":"314.65","scan":"0.38","track":"0.59","acq_date":"2026-08-01","acq_time":"117","satellite":"N","instrument":"VIIRS","confidence":"n","version":"2.0NRT","bright_ti5":"286.1","frp":"0.87","daynight":"N","commune":"Chouppes","code_insee":"86075","departement":"Vienne","region":"Nouvelle-Aquitaine"}},{"type":"Feature","geometry":{"type":"Point","coordinates":[6.1169,48.60992]},"properties":{"latitude":"48.60992","longitude":"6.1169","bright_ti4":"303.39","scan":"0.42","track":"0.45","acq_date":"2026-08-01","acq_time":"117","satellite":"N","instrument":"VIIRS","confidence":"n","version":"2.0NRT","bright_ti5":"286.7","frp":"1.31","daynight":"N","commune":"Neuves-Maisons","code_insee":"54397","departement":"Meurthe-et-Moselle","region":"Grand Est"}},{"type":"Feature","geometry":{"type":"Point","coordinates":[6.11107,48.6104]},"properties":{"latitude":"48.6104","longitude":"6.11107","bright_ti4":"310.69","scan":"0.42","track":"0.45","acq_date":"2026-08-01","acq_time":"117","satellite":"N","instrument":"VIIRS","confidence":"n","version":"2.0NRT","bright_ti5":"287.06","frp":"2.03","daynight":"N","commune":"Neuves-Maisons","code_insee":"54397","departement":"Meurthe-et-Moselle","region":"Grand Est"}},{"type":"Feature","geometry":{"type":"Point","coordinates":[6.11706,48.61045]},"properties":{"latitude":"48.61045","longitude":"6.11706","bright_ti4":"303.62","scan":"0.42","track":"0.45","acq_date":"2026-08-01","acq_time":"117","satellite":"N","instrument":"VIIRS","confidence":"n","version":"2.0NRT","bright_ti5":"286.45","frp":"1.02","daynight":"N","commune":"Neuves-Maisons","code_insee":"54397","departement":"Meurthe-et-Moselle","region":"Grand Est"}},{"type":"Feature","geometry":{"type":"Point","coordinates":[6.11123,48.61095]},"properties":{"latitude":"48.61095","longitude":"6.11123","bright_ti4":"309.8","scan":"0.42","track":"0.45","acq_date":"2026-08-01","acq_time":"117","satellite":"N","instrument":"VIIRS","confidence":"n","version":"2.0NRT","bright_ti5":"286.83","frp":"1.02","daynight":"N","commune":"Neuves-Maisons","code_insee":"54397","departement":"Meurthe-et-Moselle","region":"Grand Est"}},{"type":"Feature","geometry":{"type":"Point","coordinates":[2.27064,51.02811]},"properties":{"latitude":"51.02811","longitude":"2.27064","bright_ti4":"305.9","scan":"0.33","track":"0.55","acq_date":"2026-08-01","acq_time":"117","satellite":"N","instrument":"VIIRS","confidence":"n","version":"2.0NRT","bright_ti5":"267.11","frp":"0.76","daynight":"N","commune":"Grande-Synthe","code_insee":"59271","departement":"Nord","region":"Hauts-de-France"}},{"type":"Feature","geometry":{"type":"Point","coordinates":[2.28561,51.03263]},"properties":{"latitude":"51.03263","longitude":"2.28561","bright_ti4":"295.15","scan":"0.33","track":"0.55","acq_date":"2026-08-01","acq_time":"117","satellite":"N","instrument":"VIIRS","confidence":"n","version":"2.0NRT","bright_ti5":"275.7","frp":"0.84","daynight":"N","commune":"Grande-Synthe","code_insee":"59271","departement":"Nord","region":"Hauts-de-France"}},{"type":"Feature","geometry":{"type":"Point","coordinates":[9.06755,42.29073]},"properties":{"latitude":"42.29073","longitude":"9.06755","bright_ti4":"309.74","scan":"0.42","track":"0.38","acq_date":"2026-08-01","acq_time":"120","satellite":"N","instrument":"VIIRS","confidence":"n","version":"2.0NRT","bright_ti5":"290.96","frp":"0.74","daynight":"N","commune":"Corte","code_insee":"2B096","departement":"Haute-Corse","region":"Corse"}},{"type":"Feature","geometry":{"type":"Point","coordinates":[9.06491,42.2922]},"properties":{"latitude":"42.2922","longitude":"9.06491","bright_ti4":"313.36","scan":"0.42","track":"0.38","acq_date":"2026-08-01","acq_time":"120","satellite":"N","instrument":"VIIRS","confidence":"n","version":"2.0NRT","bright_ti5":"290.89","frp":"1.27","daynight":"N","commune":"Corte","code_insee":"2B096","departement":"Haute-Corse","region":"Corse"}},{"type":"Feature","geometry":{"type":"Point","coordinates":[4.89073,43.43425]},"properties":{"latitude":"43.43425","longitude":"4.89073","bright_ti4":"331.4","scan":"0.42","track":"0.45","acq_date":"2026-08-01","acq_time":"120","satellite":"N","instrument":"VIIRS","confidence":"n","version":"2.0NRT","bright_ti5":"292.95","frp":"3.26","daynight":"N","commune":"Fos-sur-Mer","code_insee":"13039","departement":"Bouches-du-Rhône","region":"Provence-Alpes-Côte d'Azur"}},{"type":"Feature","geometry":{"type":"Point","coordinates":[4.88548,43.43473]},"properties":{"latitude":"43.43473","longitude":"4.88548","bright_ti4":"303.68","scan":"0.42","track":"0.45","acq_date":"2026-08-01","acq_time":"120","satellite":"N","instrument":"VIIRS","confidence":"n","version":"2.0NRT","bright_ti5":"292.11","frp":"2.51","daynight":"N","commune":"Fos-sur-Mer","code_insee":"13039","departement":"Bouches-du-Rhône","region":"Provence-Alpes-Côte d'Azur"}},{"type":"Feature","geometry":{"type":"Point","coordinates":[4.89147,43.43844]},"properties":{"latitude":"43.43844","longitude":"4.89147","bright_ti4":"309.92","scan":"0.42","track":"0.45","acq_date":"2026-08-01","acq_time":"120","satellite":"N","instrument":"VIIRS","confidence":"n","version":"2.0NRT","bright_ti5":"292.29","frp":"1.1","daynight":"N","commune":"Fos-sur-Mer","code_insee":"13039","departement":"Bouches-du-Rhône","region":"Provence-Alpes-Côte d'Azur"}},{"type":"Feature","geometry":{"type":"Point","coordinates":[4.89745,43.44216]},"properties":{"latitude":"43.44216","longitude":"4.89745","bright_ti4":"307.65","scan":"0.42","track":"0.45","acq_date":"2026-08-01","acq_time":"120","satellite":"N","instrument":"VIIRS","confidence":"n","version":"2.0NRT","bright_ti5":"292.04","frp":"1.1","daynight":"N","commune":"Fos-sur-Mer","code_insee":"13039","departement":"Bouches-du-Rhône","region":"Provence-Alpes-Côte d'Azur"}},{"type":"Feature","geometry":{"type":"Point","coordinates":[4.88167,43.44358]},"properties":{"latitude":"43.44358","longitude":"4.88167","bright_ti4":"327.76","scan":"0.42","track":"0.45","acq_date":"2026-08-01","acq_time":"120","satellite":"N","instrument":"VIIRS","confidence":"n","version":"2.0NRT","bright_ti5":"291.45","frp":"3.33","daynight":"N","commune":"Fos-sur-Mer","code_insee":"13039","departement":"Bouches-du-Rhône","region":"Provence-Alpes-Côte d'Azur"}},{"type":"Feature","geometry":{"type":"Point","coordinates":[4.87641,43.44405]},"properties":{"latitude":"43.44405","longitude":"4.87641","bright_ti4":"303.28","scan":"0.42","track":"0.45","acq_date":"2026-08-01","acq_time":"120","satellite":"N","instrument":"VIIRS","confidence":"n","version":"2.0NRT","bright_ti5":"290.96","frp":"1.69","daynight":"N","commune":"Fos-sur-Mer","code_insee":"13039","departement":"Bouches-du-Rhône","region":"Provence-Alpes-Côte d'Azur"}},{"type":"Feature","geometry":{"type":"Point","coordinates":[4.89817,43.44635]},"properties":{"latitude":"43.44635","longitude":"4.89817","bright_ti4":"326.54","scan":"0.42","track":"0.45","acq_date":"2026-08-01","acq_time":"120","satellite":"N","instrument":"VIIRS","confidence":"n","version":"2.0NRT","bright_ti5":"293.01","frp":"2.96","daynight":"N","commune":"Fos-sur-Mer","code_insee":"13039","departement":"Bouches-du-Rhône","region":"Provence-Alpes-Côte d'Azur"}},{"type":"Feature","geometry":{"type":"Point","coordinates":[6.09659,43.45463]},"properties":{"latitude":"43.45463","longitude":"6.09659","bright_ti4":"305.45","scan":"0.56","track":"0.43","acq_date":"2026-08-01","acq_time":"120","satellite":"N","instrument":"VIIRS","confidence":"n","version":"2.0NRT","bright_ti5":"290.79","frp":"11.03","daynight":"N","commune":"Le Val","code_insee":"83143","departement":"Var","region":"Provence-Alpes-Côte d'Azur"}},{"type":"Feature","geometry":{"type":"Point","coordinates":[6.10411,43.45789]},"properties":{"latitude":"43.45789","longitude":"6.10411","bright_ti4":"342.16","scan":"0.56","track":"0.43","acq_date":"2026-08-01","acq_time":"120","satellite":"N","instrument":"VIIRS","confidence":"n","version":"2.0NRT","bright_ti5":"296.42","frp":"13.04","daynight":"N","commune":"Le Val","code_insee":"83143","departement":"Var","region":"Provence-Alpes-Côte d'Azur"}},{"type":"Feature","geometry":{"type":"Point","coordinates":[6.09746,43.45856]},"properties":{"latitude":"43.45856","longitude":"6.09746","bright_ti4":"346.22","scan":"0.56","track":"0.43","acq_date":"2026-08-01","acq_time":"120","satellite":"N","instrument":"VIIRS","confidence":"n","version":"2.0NRT","bright_ti5":"297.84","frp":"11.03","daynight":"N","commune":"Le Val","code_insee":"83143","departement":"Var","region":"Provence-Alpes-Côte d'Azur"}},{"type":"Feature","geometry":{"type":"Point","coordinates":[6.09082,43.45924]},"properties":{"latitude":"43.45924","longitude":"6.09082","bright_ti4":"303.11","scan":"0.56","track":"0.43","acq_date":"2026-08-01","acq_time":"120","satellite":"N","instrument":"VIIRS","confidence":"n","version":"2.0NRT","bright_ti5":"291.51","frp":"11.03","daynight":"N","commune":"Le Val","code_insee":"83143","departement":"Var","region":"Provence-Alpes-Côte d'Azur"}},{"type":"Feature","geometry":{"type":"Point","coordinates":[6.08408,43.45993]},"properties":{"latitude":"43.45993","longitude":"6.08408","bright_ti4":"305.83","scan":"0.56","track":"0.43","acq_date":"2026-08-01","acq_time":"120","satellite":"N","instrument":"VIIRS","confidence":"n","version":"2.0NRT","bright_ti5":"291.49","frp":"1.26","daynight":"N","commune":"Le Val","code_insee":"83143","departement":"Var","region":"Provence-Alpes-Côte d'Azur"}},{"type":"Feature","geometry":{"type":"Point","coordinates":[6.07729,43.46062]},"properties":{"latitude":"43.46062","longitude":"6.07729","bright_ti4":"305.77","scan":"0.56","track":"0.43","acq_date":"2026-08-01","acq_time":"120","satellite":"N","instrument":"VIIRS","confidence":"n","version":"2.0NRT","bright_ti5":"290.7","frp":"1.26","daynight":"N","commune":"Le Val","code_insee":"83143","departement":"Var","region":"Provence-Alpes-Côte d'Azur"}},{"type":"Feature","geometry":{"type":"Point","coordinates":[6.0983,43.4625]},"properties":{"latitude":"43.4625","longitude":"6.0983","bright_ti4":"319.77","scan":"0.56","track":"0.43","acq_date":"2026-08-01","acq_time":"120","satellite":"N","instrument":"VIIRS","confidence":"n","version":"2.0NRT","bright_ti5":"294.18","frp":"2.42","daynight":"N","commune":"Le Val","code_insee":"83143","departement":"Var","region":"Provence-Alpes-Côte d'Azur"}},{"type":"Feature","geometry":{"type":"Point","coordinates":[6.09164,43.46318]},"properties":{"latitude":"43.46318","longitude":"6.09164","bright_ti4":"311.31","scan":"0.56","track":"0.43","acq_date":"2026-08-01","acq_time":"120","satellite":"N","instrument":"VIIRS","confidence":"n","version":"2.0NRT","bright_ti5":"292.21","frp":"2.42","daynight":"N","commune":"Correns","code_insee":"83045","departement":"Var","region":"Provence-Alpes-Côte d'Azur"}},{"type":"Feature","geometry":{"type":"Point","coordinates":[6.08486,43.46387]},"properties":{"latitude":"43.46387","longitude":"6.08486","bright_ti4":"304.09","scan":"0.56","track":"0.43","acq_date":"2026-08-01","acq_time":"120","satellite":"N","instrument":"VIIRS","confidence":"n","version":"2.0NRT","bright_ti5":"292.23","frp":"3.54","daynight":"N","commune":"Correns","code_insee":"83045","departement":"Var","region":"Provence-Alpes-Côte d'Azur"}},{"type":"Feature","geometry":{"type":"Point","coordinates":[6.07802,43.46457]},"properties":{"latitude":"43.46457","longitude":"6.07802","bright_ti4":"339.95","scan":"0.56","track":"0.43","acq_date":"2026-08-01","acq_time":"120","satellite":"N","instrument":"VIIRS","confidence":"n","version":"2.0NRT","bright_ti5":"293.62","frp":"3.54","daynight":"N","commune":"Correns","code_insee":"83045","departement":"Var","region":"Provence-Alpes-Côte d'Azur"}},{"type":"Feature","geometry":{"type":"Point","coordinates":[6.07175,43.46924]},"properties":{"latitude":"43.46924","longitude":"6.07175","bright_ti4":"327.61","scan":"0.56","track":"0.43","acq_date":"2026-08-01","acq_time":"120","satellite":"N","instrument":"VIIRS","confidence":"n","version":"2.0NRT","bright_ti5":"292.06","frp":"3.24","daynight":"N","commune":"Correns","code_insee":"83045","departement":"Var","region":"Provence-Alpes-Côte d'Azur"}},{"type":"Feature","geometry":{"type":"Point","coordinates":[6.06489,43.46994]},"properties":{"latitude":"43.46994","longitude":"6.06489","bright_ti4":"307.62","scan":"0.56","track":"0.43","acq_date":"2026-08-01","acq_time":"120","satellite":"N","instrument":"VIIRS","confidence":"n","version":"2.0NRT","bright_ti5":"290.58","frp":"3.24","daynight":"N","commune":"Correns","code_insee":"83045","departement":"Var","region":"Provence-Alpes-Côte d'Azur"}},{"type":"Feature","geometry":{"type":"Point","coordinates":[6.1072,43.47366]},"properties":{"latitude":"43.47366","longitude":"6.1072","bright_ti4":"308.39","scan":"0.56","track":"0.43","acq_date":"2026-08-01","acq_time":"120","satellite":"N","instrument":"VIIRS","confidence":"n","version":"2.0NRT","bright_ti5":"293.61","frp":"2.33","daynight":"N","commune":"Montfort-sur-Argens","code_insee":"83083","departement":"Var","region":"Provence-Alpes-Côte d'Azur"}},{"type":"Feature","geometry":{"type":"Point","coordinates":[6.0656,43.4739]},"properties":{"latitude":"43.4739","longitude":"6.0656","bright_ti4":"315.72","scan":"0.56","track":"0.43","acq_date":"2026-08-01","acq_time":"120","satellite":"N","instrument":"VIIRS","confidence":"n","version":"2.0NRT","bright_ti5":"292.46","frp":"3.2","daynight":"N","commune":"Correns","code_insee":"83045","departement":"Var","region":"Provence-Alpes-Côte d'Azur"}},{"type":"Feature","geometry":{"type":"Point","coordinates":[6.10029,43.47437]},"properties":{"latitude":"43.47437","longitude":"6.10029","bright_ti4":"315.46","scan":"0.56","track":"0.43","acq_date":"2026-08-01","acq_time":"120","satellite":"N","instrument":"VIIRS","confidence":"n","version":"2.0NRT","bright_ti5":"293.18","frp":"2.15","daynight":"N","commune":"Montfort-sur-Argens","code_insee":"83083","departement":"Var","region":"Provence-Alpes-Côte d'Azur"}},{"type":"Feature","geometry":{"type":"Point","coordinates":[6.09334,43.47508]},"properties":{"latitude":"43.47508","longitude":"6.09334","bright_ti4":"307.01","scan":"0.56","track":"0.43","acq_date":"2026-08-01","acq_time":"120","satellite":"N","instrument":"VIIRS","confidence":"n","version":"2.0NRT","bright_ti5":"292.6","frp":"2.15","daynight":"N","commune":"Correns","code_insee":"83045","departement":"Var","region":"Provence-Alpes-Côte d'Azur"}},{"type":"Feature","geometry":{"type":"Point","coordinates":[6.12169,43.47619]},"properties":{"latitude":"43.47619","longitude":"6.12169","bright_ti4":"312.09","scan":"0.55","track":"0.43","acq_date":"2026-08-01","acq_time":"120","satellite":"N","instrument":"VIIRS","confidence":"n","version":"2.0NRT","bright_ti5":"293.19","frp":"3.5","daynight":"N","commune":"Montfort-sur-Argens","code_insee":"83083","departement":"Var","region":"Provence-Alpes-Côte d'Azur"}},{"type":"Feature","geometry":{"type":"Point","coordinates":[6.1083,43.47757]},"properties":{"latitude":"43.47757","longitude":"6.1083","bright_ti4":"304.74","scan":"0.56","track":"0.43","acq_date":"2026-08-01","acq_time":"120","satellite":"N","instrument":"VIIRS","confidence":"n","version":"2.0NRT","bright_ti5":"292.58","frp":"2.27","daynight":"N","commune":"Montfort-sur-Argens","code_insee":"83083","departement":"Var","region":"Provence-Alpes-Côte d'Azur"}},{"type":"Feature","geometry":{"type":"Point","coordinates":[6.10128,43.47829]},"properties":{"latitude":"43.47829","longitude":"6.10128","bright_ti4":"330.86","scan":"0.56","track":"0.43","acq_date":"2026-08-01","acq_time":"120","satellite":"N","instrument":"VIIRS","confidence":"n","version":"2.0NRT","bright_ti5":"292.95","frp":"5.18","daynight":"N","commune":"Montfort-sur-Argens","code_insee":"83083","departement":"Var","region":"Provence-Alpes-Côte d'Azur"}},{"type":"Feature","geometry":{"type":"Point","coordinates":[6.13013,43.48336]},"properties":{"latitude":"43.48336","longitude":"6.13013","bright_ti4":"304.54","scan":"0.55","track":"0.43","acq_date":"2026-08-01","acq_time":"120","satellite":"N","instrument":"VIIRS","confidence":"n","version":"2.0NRT","bright_ti5":"292.49","frp":"1.27","daynight":"N","commune":"Montfort-sur-Argens","code_insee":"83083","departement":"Var","region":"Provence-Alpes-Côte d'Azur"}},{"type":"Feature","geometry":{"type":"Point","coordinates":[6.12346,43.48405]},"properties":{"latitude":"43.48405","longitude":"6.12346","bright_ti4":"304.19","scan":"0.55","track":"0.43","acq_date":"2026-08-01","acq_time":"120","satellite":"N","instrument":"VIIRS","confidence":"n","version":"2.0NRT","bright_ti5":"292.01","frp":"1.27","daynight":"N","commune":"Montfort-sur-Argens","code_insee":"83083","departement":"Var","region":"Provence-Alpes-Côte d'Azur"}},{"type":"Feature","geometry":{"type":"Point","coordinates":[6.12973,43.48549]},"properties":{"latitude":"43.48549","longitude":"6.12973","bright_ti4":"303.46","scan":"0.55","track":"0.43","acq_date":"2026-08-01","acq_time":"120","satellite":"N","instrument":"VIIRS","confidence":"n","version":"2.0NRT","bright_ti5":"292.12","frp":"1.1","daynight":"N","commune":"Montfort-sur-Argens","code_insee":"83083","departement":"Var","region":"Provence-Alpes-Côte d'Azur"}},{"type":"Feature","geometry":{"type":"Point","coordinates":[6.04686,43.48792]},"properties":{"latitude":"43.48792","longitude":"6.04686","bright_ti4":"322.3","scan":"0.56","track":"0.43","acq_date":"2026-08-01","acq_time":"120","satellite":"N","instrument":"VIIRS","confidence":"n","version":"2.0NRT","bright_ti5":"291.09","frp":"2.21","daynight":"N","commune":"Correns","code_insee":"83045","departement":"Var","region":"Provence-Alpes-Côte d'Azur"}},{"type":"Feature","geometry":{"type":"Point","coordinates":[6.10384,43.4901]},"properties":{"latitude":"43.4901","longitude":"6.10384","bright_ti4":"303.5","scan":"0.56","track":"0.43","acq_date":"2026-08-01","acq_time":"120","satellite":"N","instrument":"VIIRS","confidence":"n","version":"2.0NRT","bright_ti5":"291.34","frp":"1.57","daynight":"N","commune":"Correns","code_insee":"83045","departement":"Var","region":"Provence-Alpes-Côte d'Azur"}},{"type":"Feature","geometry":{"type":"Point","coordinates":[6.11716,43.49075]},"properties":{"latitude":"43.49075","longitude":"6.11716","bright_ti4":"311.74","scan":"0.56","track":"0.43","acq_date":"2026-08-01","acq_time":"120","satellite":"N","instrument":"VIIRS","confidence":"n","version":"2.0NRT","bright_ti5":"292.53","frp":"2.78","daynight":"N","commune":"Montfort-sur-Argens","code_insee":"83083","departement":"Var","region":"Provence-Alpes-Côte d'Azur"}},{"type":"Feature","geometry":{"type":"Point","coordinates":[6.09665,43.49085]},"properties":{"latitude":"43.49085","longitude":"6.09665","bright_ti4":"314.75","scan":"0.56","track":"0.43","acq_date":"2026-08-01","acq_time":"120","satellite":"N","instrument":"VIIRS","confidence":"n","version":"2.0NRT","bright_ti5":"291.7","frp":"1.57","daynight":"N","commune":"Correns","code_insee":"83045","departement":"Var","region":"Provence-Alpes-Côte d'Azur"}},{"type":"Feature","geometry":{"type":"Point","coordinates":[6.1104,43.49141]},"properties":{"latitude":"43.49141","longitude":"6.1104","bright_ti4":"303.84","scan":"0.56","track":"0.43","acq_date":"2026-08-01","acq_time":"120","satellite":"N","instrument":"VIIRS","confidence":"n","version":"2.0NRT","bright_ti5":"291.59","frp":"1.04","daynight":"N","commune":"Montfort-sur-Argens","code_insee":"83083","departement":"Var","region":"Provence-Alpes-Côte d'Azur"}},{"type":"Feature","geometry":{"type":"Point","coordinates":[6.10341,43.4921]},"properties":{"latitude":"43.4921","longitude":"6.10341","bright_ti4":"303.48","scan":"0.56","track":"0.43","acq_date":"2026-08-01","acq_time":"120","satellite":"N","instrument":"VIIRS","confidence":"n","version":"2.0NRT","bright_ti5":"291.53","frp":"1.04","daynight":"N","commune":"Correns","code_insee":"83045","departement":"Var","region":"Provence-Alpes-Côte d'Azur"}},{"type":"Feature","geometry":{"type":"Point","coordinates":[6.1183,43.49263]},"properties":{"latitude":"43.49263","longitude":"6.1183","bright_ti4":"308.01","scan":"0.56","track":"0.43","acq_date":"2026-08-01","acq_time":"120","satellite":"N","instrument":"VIIRS","confidence":"n","version":"2.0NRT","bright_ti5":"292.48","frp":"1.76","daynight":"N","commune":"Montfort-sur-Argens","code_insee":"83083","departement":"Var","region":"Provence-Alpes-Côte d'Azur"}},{"type":"Feature","geometry":{"type":"Point","coordinates":[6.09623,43.49281]},"properties":{"latitude":"43.49281","longitude":"6.09623","bright_ti4":"330.32","scan":"0.56","track":"0.43","acq_date":"2026-08-01","acq_time":"120","satellite":"N","instrument":"VIIRS","confidence":"n","version":"2.0NRT","bright_ti5":"293.59","frp":"4.36","daynight":"N","commune":"Correns","code_insee":"83045","departement":"Var","region":"Provence-Alpes-Côte d'Azur"}},{"type":"Feature","geometry":{"type":"Point","coordinates":[6.03993,43.49429]},"properties":{"latitude":"43.49429","longitude":"6.03993","bright_ti4":"304","scan":"0.56","track":"0.43","acq_date":"2026-08-01","acq_time":"120","satellite":"N","instrument":"VIIRS","confidence":"n","version":"2.0NRT","bright_ti5":"291.14","frp":"5.64","daynight":"N","commune":"Châteauvert","code_insee":"83039","departement":"Var","region":"Provence-Alpes-Côte d'Azur"}},{"type":"Feature","geometry":{"type":"Point","coordinates":[6.09756,43.49478]},"properties":{"latitude":"43.49478","longitude":"6.09756","bright_ti4":"314.47","scan":"0.56","track":"0.43","acq_date":"2026-08-01","acq_time":"120","satellite":"N","instrument":"VIIRS","confidence":"n","version":"2.0NRT","bright_ti5":"292.34","frp":"2.03","daynight":"N","commune":"Correns","code_insee":"83045","departement":"Var","region":"Provence-Alpes-Côte d'Azur"}},{"type":"Feature","geometry":{"type":"Point","coordinates":[6.0413,43.49656]},"properties":{"latitude":"43.49656","longitude":"6.0413","bright_ti4":"335.09","scan":"0.56","track":"0.43","acq_date":"2026-08-01","acq_time":"120","satellite":"N","instrument":"VIIRS","confidence":"n","version":"2.0NRT","bright_ti5":"294.07","frp":"9.39","daynight":"N","commune":"Châteauvert","code_insee":"83039","departement":"Var","region":"Provence-Alpes-Côte d'Azur"}},{"type":"Feature","geometry":{"type":"Point","coordinates":[6.04082,43.49824]},"properties":{"latitude":"43.49824","longitude":"6.04082","bright_ti4":"345.73","scan":"0.56","track":"0.43","acq_date":"2026-08-01","acq_time":"120","satellite":"N","instrument":"VIIRS","confidence":"n","version":"2.0NRT","bright_ti5":"296.19","frp":"5.64","daynight":"N","commune":"Châteauvert","code_insee":"83039","departement":"Var","region":"Provence-Alpes-Côte d'Azur"}},{"type":"Feature","geometry":{"type":"Point","coordinates":[6.0423,43.5005]},"properties":{"latitude":"43.5005","longitude":"6.0423","bright_ti4":"329.48","scan":"0.56","track":"0.43","acq_date":"2026-08-01","acq_time":"120","satellite":"N","instrument":"VIIRS","confidence":"n","version":"2.0NRT","bright_ti5":"292.45","frp":"5.69","daynight":"N","commune":"Correns","code_insee":"83045","departement":"Var","region":"Provence-Alpes-Côte d'Azur"}},{"type":"Feature","geometry":{"type":"Point","coordinates":[6.05557,43.50083]},"properties":{"latitude":"43.50083","longitude":"6.05557","bright_ti4":"317.72","scan":"0.56","track":"0.43","acq_date":"2026-08-01","acq_time":"120","satellite":"N","instrument":"VIIRS","confidence":"n","version":"2.0NRT","bright_ti5":"292.82","frp":"3.07","daynight":"N","commune":"Correns","code_insee":"83045","departement":"Var","region":"Provence-Alpes-Côte d'Azur"}},{"type":"Feature","geometry":{"type":"Point","coordinates":[6.05705,43.50301]},"properties":{"latitude":"43.50301","longitude":"6.05705","bright_ti4":"333.7","scan":"0.56","track":"0.43","acq_date":"2026-08-01","acq_time":"120","satellite":"N","instrument":"VIIRS","confidence":"n","version":"2.0NRT","bright_ti5":"293.42","frp":"8.1","daynight":"N","commune":"Correns","code_insee":"83045","departement":"Var","region":"Provence-Alpes-Côte d'Azur"}},{"type":"Feature","geometry":{"type":"Point","coordinates":[6.07026,43.50341]},"properties":{"latitude":"43.50341","longitude":"6.07026","bright_ti4":"311.67","scan":"0.56","track":"0.43","acq_date":"2026-08-01","acq_time":"120","satellite":"N","instrument":"VIIRS","confidence":"n","version":"2.0NRT","bright_ti5":"292.94","frp":"4.36","daynight":"N","commune":"Correns","code_insee":"83045","departement":"Var","region":"Provence-Alpes-Côte d'Azur"}},{"type":"Feature","geometry":{"type":"Point","coordinates":[6.06343,43.50409]},"properties":{"latitude":"43.50409","longitude":"6.06343","bright_ti4":"332.75","scan":"0.56","track":"0.43","acq_date":"2026-08-01","acq_time":"120","satellite":"N","instrument":"VIIRS","confidence":"n","version":"2.0NRT","bright_ti5":"293.42","frp":"4.36","daynight":"N","commune":"Correns","code_insee":"83045","departement":"Var","region":"Provence-Alpes-Côte d'Azur"}},{"type":"Feature","geometry":{"type":"Point","coordinates":[6.05663,43.50476]},"properties":{"latitude":"43.50476","longitude":"6.05663","bright_ti4":"324.96","scan":"0.56","track":"0.43","acq_date":"2026-08-01","acq_time":"120","satellite":"N","instrument":"VIIRS","confidence":"n","version":"2.0NRT","bright_ti5":"292.6","frp":"3.07","daynight":"N","commune":"Correns","code_insee":"83045","departement":"Var","region":"Provence-Alpes-Côte d'Azur"}},{"type":"Feature","geometry":{"type":"Point","coordinates":[6.07163,43.50552]},"properties":{"latitude":"43.50552","longitude":"6.07163","bright_ti4":"314.72","scan":"0.56","track":"0.43","acq_date":"2026-08-01","acq_time":"120","satellite":"N","instrument":"VIIRS","confidence":"n","version":"2.0NRT","bright_ti5":"293.47","frp":"3.01","daynight":"N","commune":"Correns","code_insee":"83045","departement":"Var","region":"Provence-Alpes-Côte d'Azur"}},{"type":"Feature","geometry":{"type":"Point","coordinates":[6.06479,43.50623]},"properties":{"latitude":"43.50623","longitude":"6.06479","bright_ti4":"341.55","scan":"0.56","track":"0.43","acq_date":"2026-08-01","acq_time":"120","satellite":"N","instrument":"VIIRS","confidence":"n","version":"2.0NRT","bright_ti5":"295.39","frp":"10.58","daynight":"N","commune":"Correns","code_insee":"83045","departement":"Var","region":"Provence-Alpes-Côte d'Azur"}},{"type":"Feature","geometry":{"type":"Point","coordinates":[6.07118,43.50735]},"properties":{"latitude":"43.50735","longitude":"6.07118","bright_ti4":"309.52","scan":"0.56","track":"0.43","acq_date":"2026-08-01","acq_time":"120","satellite":"N","instrument":"VIIRS","confidence":"n","version":"2.0NRT","bright_ti5":"292.45","frp":"2.87","daynight":"N","commune":"Correns","code_insee":"83045","departement":"Var","region":"Provence-Alpes-Côte d'Azur"}},{"type":"Feature","geometry":{"type":"Point","coordinates":[6.06433,43.50803]},"properties":{"latitude":"43.50803","longitude":"6.06433","bright_ti4":"336.37","scan":"0.56","track":"0.43","acq_date":"2026-08-01","acq_time":"120","satellite":"N","instrument":"VIIRS","confidence":"n","version":"2.0NRT","bright_ti5":"293.4","frp":"2.87","daynight":"N","commune":"Correns","code_insee":"83045","departement":"Var","region":"Provence-Alpes-Côte d'Azur"}},{"type":"Feature","geometry":{"type":"Point","coordinates":[7.37462,43.79214]},"properties":{"latitude":"43.79214","longitude":"7.37462","bright_ti4":"304.81","scan":"0.5","track":"0.41","acq_date":"2026-08-01","acq_time":"120","satellite":"N","instrument":"VIIRS","confidence":"n","version":"2.0NRT","bright_ti5":"292.86","frp":"1.88","daynight":"N","commune":"Blausasc","code_insee":"06019","departement":"Alpes-Maritimes","region":"Provence-Alpes-Côte d'Azur"}},{"type":"Feature","geometry":{"type":"Point","coordinates":[2.27045,51.0285]},"properties":{"latitude":"51.0285","longitude":"2.27045","bright_ti4":"324.44","scan":"0.54","track":"0.42","acq_date":"2026-08-01","acq_time":"137","satellite":"N20","instrument":"VIIRS","confidence":"n","version":"2.0NRT","bright_ti5":"277.22","frp":"4.51","daynight":"N","commune":"Grande-Synthe","code_insee":"59271","departement":"Nord","region":"Hauts-de-France"}},{"type":"Feature","geometry":{"type":"Point","coordinates":[2.28768,51.03471]},"properties":{"latitude":"51.03471","longitude":"2.28768","bright_ti4":"315.02","scan":"0.54","track":"0.42","acq_date":"2026-08-01","acq_time":"137","satellite":"N20","instrument":"VIIRS","confidence":"n","version":"2.0NRT","bright_ti5":"271.31","frp":"2.39","daynight":"N","commune":"Grande-Synthe","code_insee":"59271","departement":"Nord","region":"Hauts-de-France"}},{"type":"Feature","geometry":{"type":"Point","coordinates":[2.29818,51.04551]},"properties":{"latitude":"51.04551","longitude":"2.29818","bright_ti4":"335.77","scan":"0.54","track":"0.42","acq_date":"2026-08-01","acq_time":"137","satellite":"N20","instrument":"VIIRS","confidence":"n","version":"2.0NRT","bright_ti5":"275.38","frp":"7.12","daynight":"N","commune":"Grande-Synthe","code_insee":"59271","departement":"Nord","region":"Hauts-de-France"}},{"type":"Feature","geometry":{"type":"Point","coordinates":[9.06628,42.29253]},"properties":{"latitude":"42.29253","longitude":"9.06628","bright_ti4":"311.73","scan":"0.43","track":"0.38","acq_date":"2026-08-01","acq_time":"139","satellite":"N20","instrument":"VIIRS","confidence":"n","version":"2.0NRT","bright_ti5":"290.66","frp":"1.33","daynight":"N","commune":"Corte","code_insee":"2B096","departement":"Haute-Corse","region":"Corse"}},{"type":"Feature","geometry":{"type":"Point","coordinates":[4.89647,43.43278]},"properties":{"latitude":"43.43278","longitude":"4.89647","bright_ti4":"305.01","scan":"0.39","track":"0.36","acq_date":"2026-08-01","acq_time":"139","satellite":"N20","instrument":"VIIRS","confidence":"n","version":"2.0NRT","bright_ti5":"292.73","frp":"1.78","daynight":"N","commune":"Fos-sur-Mer","code_insee":"13039","departement":"Bouches-du-Rhône","region":"Provence-Alpes-Côte d'Azur"}},{"type":"Feature","geometry":{"type":"Point","coordinates":[4.88309,43.43818]},"properties":{"latitude":"43.43818","longitude":"4.88309","bright_ti4":"331.04","scan":"0.39","track":"0.36","acq_date":"2026-08-01","acq_time":"139","satellite":"N20","instrument":"VIIRS","confidence":"n","version":"2.0NRT","bright_ti5":"293.37","frp":"4.07","daynight":"N","commune":"Fos-sur-Mer","code_insee":"13039","departement":"Bouches-du-Rhône","region":"Provence-Alpes-Côte d'Azur"}},{"type":"Feature","geometry":{"type":"Point","coordinates":[4.87923,43.44217]},"properties":{"latitude":"43.44217","longitude":"4.87923","bright_ti4":"314.98","scan":"0.39","track":"0.36","acq_date":"2026-08-01","acq_time":"139","satellite":"N20","instrument":"VIIRS","confidence":"n","version":"2.0NRT","bright_ti5":"292.24","frp":"2.35","daynight":"N","commune":"Fos-sur-Mer","code_insee":"13039","departement":"Bouches-du-Rhône","region":"Provence-Alpes-Côte d'Azur"}},{"type":"Feature","geometry":{"type":"Point","coordinates":[4.88015,43.44547]},"properties":{"latitude":"43.44547","longitude":"4.88015","bright_ti4":"318.75","scan":"0.39","track":"0.36","acq_date":"2026-08-01","acq_time":"139","satellite":"N20","instrument":"VIIRS","confidence":"n","version":"2.0NRT","bright_ti5":"292.73","frp":"2.35","daynight":"N","commune":"Fos-sur-Mer","code_insee":"13039","departement":"Bouches-du-Rhône","region":"Provence-Alpes-Côte d'Azur"}},{"type":"Feature","geometry":{"type":"Point","coordinates":[6.10249,43.45688]},"properties":{"latitude":"43.45688","longitude":"6.10249","bright_ti4":"326.52","scan":"0.38","track":"0.36","acq_date":"2026-08-01","acq_time":"139","satellite":"N20","instrument":"VIIRS","confidence":"n","version":"2.0NRT","bright_ti5":"293.08","frp":"39.15","daynight":"N","commune":"Le Val","code_insee":"83143","departement":"Var","region":"Provence-Alpes-Côte d'Azur"}},{"type":"Feature","geometry":{"type":"Point","coordinates":[6.09782,43.45762]},"properties":{"latitude":"43.45762","longitude":"6.09782","bright_ti4":"340.89","scan":"0.38","track":"0.36","acq_date":"2026-08-01","acq_time":"139","satellite":"N20","instrument":"VIIRS","confidence":"n","version":"2.0NRT","bright_ti5":"314.8","frp":"39.15","daynight":"N","commune":"Le Val","code_insee":"83143","departement":"Var","region":"Provence-Alpes-Côte d'Azur"}},{"type":"Feature","geometry":{"type":"Point","coordinates":[6.10347,43.46014]},"properties":{"latitude":"43.46014","longitude":"6.10347","bright_ti4":"340.82","scan":"0.38","track":"0.36","acq_date":"2026-08-01","acq_time":"139","satellite":"N20","instrument":"VIIRS","confidence":"n","version":"2.0NRT","bright_ti5":"296.38","frp":"3.3","daynight":"N","commune":"Correns","code_insee":"83045","departement":"Var","region":"Provence-Alpes-Côte d'Azur"}},{"type":"Feature","geometry":{"type":"Point","coordinates":[6.09879,43.46088]},"properties":{"latitude":"43.46088","longitude":"6.09879","bright_ti4":"322.21","scan":"0.38","track":"0.36","acq_date":"2026-08-01","acq_time":"139","satellite":"N20","instrument":"VIIRS","confidence":"n","version":"2.0NRT","bright_ti5":"295.44","frp":"3.3","daynight":"N","commune":"Correns","code_insee":"83045","departement":"Var","region":"Provence-Alpes-Côte d'Azur"}},{"type":"Feature","geometry":{"type":"Point","coordinates":[6.09411,43.46162]},"properties":{"latitude":"43.46162","longitude":"6.09411","bright_ti4":"339.55","scan":"0.38","track":"0.36","acq_date":"2026-08-01","acq_time":"139","satellite":"N20","instrument":"VIIRS","confidence":"n","version":"2.0NRT","bright_ti5":"295.47","frp":"5.39","daynight":"N","commune":"Le Val","code_insee":"83143","departement":"Var","region":"Provence-Alpes-Côte d'Azur"}},{"type":"Feature","geometry":{"type":"Point","coordinates":[6.08475,43.4631]},"properties":{"latitude":"43.4631","longitude":"6.08475","bright_ti4":"304.7","scan":"0.38","track":"0.36","acq_date":"2026-08-01","acq_time":"139","satellite":"N20","instrument":"VIIRS","confidence":"n","version":"2.0NRT","bright_ti5":"291.96","frp":"2.89","daynight":"N","commune":"Correns","code_insee":"83045","departement":"Var","region":"Provence-Alpes-Côte d'Azur"}},{"type":"Feature","geometry":{"type":"Point","coordinates":[6.08007,43.46384]},"properties":{"latitude":"43.46384","longitude":"6.08007","bright_ti4":"340.31","scan":"0.38","track":"0.36","acq_date":"2026-08-01","acq_time":"139","satellite":"N20","instrument":"VIIRS","confidence":"n","version":"2.0NRT","bright_ti5":"293.67","frp":"2.89","daynight":"N","commune":"Correns","code_insee":"83045","departement":"Var","region":"Provence-Alpes-Côte d'Azur"}},{"type":"Feature","geometry":{"type":"Point","coordinates":[6.07539,43.46458]},"properties":{"latitude":"43.46458","longitude":"6.07539","bright_ti4":"337.53","scan":"0.38","track":"0.36","acq_date":"2026-08-01","acq_time":"139","satellite":"N20","instrument":"VIIRS","confidence":"n","version":"2.0NRT","bright_ti5":"293.75","frp":"2.41","daynight":"N","commune":"Correns","code_insee":"83045","departement":"Var","region":"Provence-Alpes-Côte d'Azur"}},{"type":"Feature","geometry":{"type":"Point","coordinates":[6.10073,43.4674]},"properties":{"latitude":"43.4674","longitude":"6.10073","bright_ti4":"304.04","scan":"0.38","track":"0.36","acq_date":"2026-08-01","acq_time":"139","satellite":"N20","instrument":"VIIRS","confidence":"n","version":"2.0NRT","bright_ti5":"292.01","frp":"1.14","daynight":"N","commune":"Correns","code_insee":"83045","departement":"Var","region":"Provence-Alpes-Côte d'Azur"}},{"type":"Feature","geometry":{"type":"Point","coordinates":[6.07636,43.46784]},"properties":{"latitude":"43.46784","longitude":"6.07636","bright_ti4":"314.72","scan":"0.38","track":"0.36","acq_date":"2026-08-01","acq_time":"139","satellite":"N20","instrument":"VIIRS","confidence":"n","version":"2.0NRT","bright_ti5":"291.23","frp":"2.41","daynight":"N","commune":"Correns","code_insee":"83045","departement":"Var","region":"Provence-Alpes-Côte d'Azur"}},{"type":"Feature","geometry":{"type":"Point","coordinates":[6.07169,43.46858]},"properties":{"latitude":"43.46858","longitude":"6.07169","bright_ti4":"318.52","scan":"0.38","track":"0.36","acq_date":"2026-08-01","acq_time":"139","satellite":"N20","instrument":"VIIRS","confidence":"n","version":"2.0NRT","bright_ti5":"285.14","frp":"2.41","daynight":"N","commune":"Le Val","code_insee":"83143","departement":"Var","region":"Provence-Alpes-Côte d'Azur"}},{"type":"Feature","geometry":{"type":"Point","coordinates":[6.06701,43.46931]},"properties":{"latitude":"43.46931","longitude":"6.06701","bright_ti4":"316.62","scan":"0.38","track":"0.36","acq_date":"2026-08-01","acq_time":"139","satellite":"N20","instrument":"VIIRS","confidence":"n","version":"2.0NRT","bright_ti5":"291.38","frp":"1.25","daynight":"N","commune":"Correns","code_insee":"83045","departement":"Var","region":"Provence-Alpes-Côte d'Azur"}},{"type":"Feature","geometry":{"type":"Point","coordinates":[6.09235,43.47214]},"properties":{"latitude":"43.47214","longitude":"6.09235","bright_ti4":"305.51","scan":"0.38","track":"0.36","acq_date":"2026-08-01","acq_time":"139","satellite":"N20","instrument":"VIIRS","confidence":"n","version":"2.0NRT","bright_ti5":"293.17","frp":"1.11","daynight":"N","commune":"Correns","code_insee":"83045","departement":"Var","region":"Provence-Alpes-Côte d'Azur"}},{"type":"Feature","geometry":{"type":"Point","coordinates":[6.10736,43.47318]},"properties":{"latitude":"43.47318","longitude":"6.10736","bright_ti4":"306.82","scan":"0.38","track":"0.36","acq_date":"2026-08-01","acq_time":"139","satellite":"N20","instrument":"VIIRS","confidence":"n","version":"2.0NRT","bright_ti5":"294.12","frp":"1.44","daynight":"N","commune":"Montfort-sur-Argens","code_insee":"83083","departement":"Var","region":"Provence-Alpes-Côte d'Azur"}},{"type":"Feature","geometry":{"type":"Point","coordinates":[6.0633,43.47331]},"properties":{"latitude":"43.47331","longitude":"6.0633","bright_ti4":"332.82","scan":"0.38","track":"0.36","acq_date":"2026-08-01","acq_time":"139","satellite":"N20","instrument":"VIIRS","confidence":"n","version":"2.0NRT","bright_ti5":"293.68","frp":"2.19","daynight":"N","commune":"Correns","code_insee":"83045","departement":"Var","region":"Provence-Alpes-Côte d'Azur"}},{"type":"Feature","geometry":{"type":"Point","coordinates":[6.10268,43.47392]},"properties":{"latitude":"43.47392","longitude":"6.10268","bright_ti4":"319.67","scan":"0.38","track":"0.36","acq_date":"2026-08-01","acq_time":"139","satellite":"N20","instrument":"VIIRS","confidence":"n","version":"2.0NRT","bright_ti5":"295.02","frp":"1.44","daynight":"N","commune":"Montfort-sur-Argens","code_insee":"83083","departement":"Var","region":"Provence-Alpes-Côte d'Azur"}},{"type":"Feature","geometry":{"type":"Point","coordinates":[6.098,43.47466]},"properties":{"latitude":"43.47466","longitude":"6.098","bright_ti4":"325.08","scan":"0.38","track":"0.36","acq_date":"2026-08-01","acq_time":"139","satellite":"N20","instrument":"VIIRS","confidence":"n","version":"2.0NRT","bright_ti5":"293.63","frp":"1.76","daynight":"N","commune":"Montfort-sur-Argens","code_insee":"83083","departement":"Var","region":"Provence-Alpes-Côte d'Azur"}},{"type":"Feature","geometry":{"type":"Point","coordinates":[6.10833,43.47644]},"properties":{"latitude":"43.47644","longitude":"6.10833","bright_ti4":"307.24","scan":"0.38","track":"0.36","acq_date":"2026-08-01","acq_time":"139","satellite":"N20","instrument":"VIIRS","confidence":"n","version":"2.0NRT","bright_ti5":"293.7","frp":"1.44","daynight":"N","commune":"Montfort-sur-Argens","code_insee":"83083","departement":"Var","region":"Provence-Alpes-Côte d'Azur"}},{"type":"Feature","geometry":{"type":"Point","coordinates":[6.06427,43.47657]},"properties":{"latitude":"43.47657","longitude":"6.06427","bright_ti4":"310.16","scan":"0.38","track":"0.36","acq_date":"2026-08-01","acq_time":"139","satellite":"N20","instrument":"VIIRS","confidence":"n","version":"2.0NRT","bright_ti5":"292.51","frp":"2.19","daynight":"N","commune":"Correns","code_insee":"83045","departement":"Var","region":"Provence-Alpes-Côte d'Azur"}},{"type":"Feature","geometry":{"type":"Point","coordinates":[6.12802,43.47674]},"properties":{"latitude":"43.47674","longitude":"6.12802","bright_ti4":"308.73","scan":"0.38","track":"0.36","acq_date":"2026-08-01","acq_time":"139","satellite":"N20","instrument":"VIIRS","confidence":"n","version":"2.0NRT","bright_ti5":"294.37","frp":"1.24","daynight":"N","commune":"Montfort-sur-Argens","code_insee":"83083","departement":"Var","region":"Provence-Alpes-Côte d'Azur"}},{"type":"Feature","geometry":{"type":"Point","coordinates":[6.10365,43.47718]},"properties":{"latitude":"43.47718","longitude":"6.10365","bright_ti4":"327.85","scan":"0.38","track":"0.36","acq_date":"2026-08-01","acq_time":"139","satellite":"N20","instrument":"VIIRS","confidence":"n","version":"2.0NRT","bright_ti5":"294.81","frp":"1.44","daynight":"N","commune":"Montfort-sur-Argens","code_insee":"83083","departement":"Var","region":"Provence-Alpes-Côte d'Azur"}},{"type":"Feature","geometry":{"type":"Point","coordinates":[6.12334,43.47749]},"properties":{"latitude":"43.47749","longitude":"6.12334","bright_ti4":"312.54","scan":"0.38","track":"0.36","acq_date":"2026-08-01","acq_time":"139","satellite":"N20","instrument":"VIIRS","confidence":"n","version":"2.0NRT","bright_ti5":"294.15","frp":"1.24","daynight":"N","commune":"Montfort-sur-Argens","code_insee":"83083","departement":"Var","region":"Provence-Alpes-Côte d'Azur"}},{"type":"Feature","geometry":{"type":"Point","coordinates":[6.09897,43.47792]},"properties":{"latitude":"43.47792","longitude":"6.09897","bright_ti4":"311.98","scan":"0.38","track":"0.36","acq_date":"2026-08-01","acq_time":"139","satellite":"N20","instrument":"VIIRS","confidence":"n","version":"2.0NRT","bright_ti5":"292.2","frp":"1.76","daynight":"N","commune":"Correns","code_insee":"83045","departement":"Var","region":"Provence-Alpes-Côte d'Azur"}},{"type":"Feature","geometry":{"type":"Point","coordinates":[6.09994,43.48119]},"properties":{"latitude":"43.48119","longitude":"6.09994","bright_ti4":"340.48","scan":"0.38","track":"0.36","acq_date":"2026-08-01","acq_time":"139","satellite":"N20","instrument":"VIIRS","confidence":"n","version":"2.0NRT","bright_ti5":"294.06","frp":"2.67","daynight":"N","commune":"Correns","code_insee":"83045","departement":"Var","region":"Provence-Alpes-Côte d'Azur"}},{"type":"Feature","geometry":{"type":"Point","coordinates":[6.12997,43.48326]},"properties":{"latitude":"43.48326","longitude":"6.12997","bright_ti4":"304.05","scan":"0.38","track":"0.36","acq_date":"2026-08-01","acq_time":"139","satellite":"N20","instrument":"VIIRS","confidence":"n","version":"2.0NRT","bright_ti5":"293.21","frp":"1.55","daynight":"N","commune":"Montfort-sur-Argens","code_insee":"83083","departement":"Var","region":"Provence-Alpes-Côte d'Azur"}},{"type":"Feature","geometry":{"type":"Point","coordinates":[6.09623,43.48518]},"properties":{"latitude":"43.48518","longitude":"6.09623","bright_ti4":"312.57","scan":"0.38","track":"0.36","acq_date":"2026-08-01","acq_time":"139","satellite":"N20","instrument":"VIIRS","confidence":"n","version":"2.0NRT","bright_ti5":"292.36","frp":"2.67","daynight":"N","commune":"Correns","code_insee":"83045","departement":"Var","region":"Provence-Alpes-Côte d'Azur"}},{"type":"Feature","geometry":{"type":"Point","coordinates":[6.04849,43.48931]},"properties":{"latitude":"43.48931","longitude":"6.04849","bright_ti4":"328.62","scan":"0.38","track":"0.36","acq_date":"2026-08-01","acq_time":"139","satellite":"N20","instrument":"VIIRS","confidence":"n","version":"2.0NRT","bright_ti5":"292.16","frp":"3.34","daynight":"N","commune":"Correns","code_insee":"83045","departement":"Var","region":"Provence-Alpes-Côte d'Azur"}},{"type":"Feature","geometry":{"type":"Point","coordinates":[6.10286,43.49097]},"properties":{"latitude":"43.49097","longitude":"6.10286","bright_ti4":"303.67","scan":"0.38","track":"0.36","acq_date":"2026-08-01","acq_time":"139","satellite":"N20","instrument":"VIIRS","confidence":"n","version":"2.0NRT","bright_ti5":"292","frp":"0.95","daynight":"N","commune":"Correns","code_insee":"83045","departement":"Var","region":"Provence-Alpes-Côte d'Azur"}},{"type":"Feature","geometry":{"type":"Point","coordinates":[6.09818,43.49171]},"properties":{"latitude":"43.49171","longitude":"6.09818","bright_ti4":"324.27","scan":"0.38","track":"0.36","acq_date":"2026-08-01","acq_time":"139","satellite":"N20","instrument":"VIIRS","confidence":"n","version":"2.0NRT","bright_ti5":"293.06","frp":"0.95","daynight":"N","commune":"Correns","code_insee":"83045","departement":"Var","region":"Provence-Alpes-Côte d'Azur"}},{"type":"Feature","geometry":{"type":"Point","coordinates":[6.11787,43.49201]},"properties":{"latitude":"43.49201","longitude":"6.11787","bright_ti4":"311.55","scan":"0.38","track":"0.36","acq_date":"2026-08-01","acq_time":"139","satellite":"N20","instrument":"VIIRS","confidence":"n","version":"2.0NRT","bright_ti5":"293.19","frp":"1.37","daynight":"N","commune":"Montfort-sur-Argens","code_insee":"83083","departement":"Var","region":"Provence-Alpes-Côte d'Azur"}},{"type":"Feature","geometry":{"type":"Point","coordinates":[6.09915,43.49497]},"properties":{"latitude":"43.49497","longitude":"6.09915","bright_ti4":"315.85","scan":"0.38","track":"0.36","acq_date":"2026-08-01","acq_time":"139","satellite":"N20","instrument":"VIIRS","confidence":"n","version":"2.0NRT","bright_ti5":"293.38","frp":"1.22","daynight":"N","commune":"Correns","code_insee":"83045","departement":"Var","region":"Provence-Alpes-Côte d'Azur"}},{"type":"Feature","geometry":{"type":"Point","coordinates":[6.04575,43.49657]},"properties":{"latitude":"43.49657","longitude":"6.04575","bright_ti4":"304.63","scan":"0.38","track":"0.36","acq_date":"2026-08-01","acq_time":"139","satellite":"N20","instrument":"VIIRS","confidence":"n","version":"2.0NRT","bright_ti5":"292.49","frp":"2.97","daynight":"N","commune":"Correns","code_insee":"83045","departement":"Var","region":"Provence-Alpes-Côte d'Azur"}},{"type":"Feature","geometry":{"type":"Point","coordinates":[6.04107,43.49731]},"properties":{"latitude":"43.49731","longitude":"6.04107","bright_ti4":"335.56","scan":"0.38","track":"0.36","acq_date":"2026-08-01","acq_time":"139","satellite":"N20","instrument":"VIIRS","confidence":"n","version":"2.0NRT","bright_ti5":"290.78","frp":"2.97","daynight":"N","commune":"Châteauvert","code_insee":"83039","departement":"Var","region":"Provence-Alpes-Côte d'Azur"}},{"type":"Feature","geometry":{"type":"Point","coordinates":[6.04672,43.49982]},"properties":{"latitude":"43.49982","longitude":"6.04672","bright_ti4":"310.11","scan":"0.38","track":"0.36","acq_date":"2026-08-01","acq_time":"139","satellite":"N20","instrument":"VIIRS","confidence":"n","version":"2.0NRT","bright_ti5":"292.35","frp":"2.97","daynight":"N","commune":"Correns","code_insee":"83045","departement":"Var","region":"Provence-Alpes-Côte d'Azur"}},{"type":"Feature","geometry":{"type":"Point","coordinates":[6.04204,43.50056]},"properties":{"latitude":"43.50056","longitude":"6.04204","bright_ti4":"332.34","scan":"0.38","track":"0.36","acq_date":"2026-08-01","acq_time":"139","satellite":"N20","instrument":"VIIRS","confidence":"n","version":"2.0NRT","bright_ti5":"292.57","frp":"2.97","daynight":"N","commune":"Correns","code_insee":"83045","departement":"Var","region":"Provence-Alpes-Côte d'Azur"}},{"type":"Feature","geometry":{"type":"Point","coordinates":[6.05702,43.50162]},"properties":{"latitude":"43.50162","longitude":"6.05702","bright_ti4":"320.02","scan":"0.38","track":"0.36","acq_date":"2026-08-01","acq_time":"139","satellite":"N20","instrument":"VIIRS","confidence":"n","version":"2.0NRT","bright_ti5":"293.16","frp":"1.64","daynight":"N","commune":"Correns","code_insee":"83045","departement":"Var","region":"Provence-Alpes-Côte d'Azur"}},{"type":"Feature","geometry":{"type":"Point","coordinates":[6.05237,43.50235]},"properties":{"latitude":"43.50235","longitude":"6.05237","bright_ti4":"311.55","scan":"0.38","track":"0.36","acq_date":"2026-08-01","acq_time":"139","satellite":"N20","instrument":"VIIRS","confidence":"n","version":"2.0NRT","bright_ti5":"291.68","frp":"1.64","daynight":"N","commune":"Correns","code_insee":"83045","departement":"Var","region":"Provence-Alpes-Côte d'Azur"}},{"type":"Feature","geometry":{"type":"Point","coordinates":[6.06267,43.50414]},"properties":{"latitude":"43.50414","longitude":"6.06267","bright_ti4":"320.65","scan":"0.38","track":"0.36","acq_date":"2026-08-01","acq_time":"139","satellite":"N20","instrument":"VIIRS","confidence":"n","version":"2.0NRT","bright_ti5":"293.81","frp":"2.77","daynight":"N","commune":"Correns","code_insee":"83045","departement":"Var","region":"Provence-Alpes-Côte d'Azur"}},{"type":"Feature","geometry":{"type":"Point","coordinates":[6.05799,43.50488]},"properties":{"latitude":"43.50488","longitude":"6.05799","bright_ti4":"328.06","scan":"0.38","track":"0.36","acq_date":"2026-08-01","acq_time":"139","satellite":"N20","instrument":"VIIRS","confidence":"n","version":"2.0NRT","bright_ti5":"293.26","frp":"1.64","daynight":"N","commune":"Correns","code_insee":"83045","departement":"Var","region":"Provence-Alpes-Côte d'Azur"}},{"type":"Feature","geometry":{"type":"Point","coordinates":[6.073,43.50593]},"properties":{"latitude":"43.50593","longitude":"6.073","bright_ti4":"310.72","scan":"0.38","track":"0.36","acq_date":"2026-08-01","acq_time":"139","satellite":"N20","instrument":"VIIRS","confidence":"n","version":"2.0NRT","bright_ti5":"293.56","frp":"1.59","daynight":"N","commune":"Correns","code_insee":"83045","departement":"Var","region":"Provence-Alpes-Côte d'Azur"}},{"type":"Feature","geometry":{"type":"Point","coordinates":[6.06832,43.50666]},"properties":{"latitude":"43.50666","longitude":"6.06832","bright_ti4":"338.39","scan":"0.38","track":"0.36","acq_date":"2026-08-01","acq_time":"139","satellite":"N20","instrument":"VIIRS","confidence":"n","version":"2.0NRT","bright_ti5":"295.91","frp":"3.64","daynight":"N","commune":"Correns","code_insee":"83045","departement":"Var","region":"Provence-Alpes-Côte d'Azur"}},{"type":"Feature","geometry":{"type":"Point","coordinates":[6.06367,43.50739]},"properties":{"latitude":"43.50739","longitude":"6.06367","bright_ti4":"329.52","scan":"0.38","track":"0.36","acq_date":"2026-08-01","acq_time":"139","satellite":"N20","instrument":"VIIRS","confidence":"n","version":"2.0NRT","bright_ti5":"294.63","frp":"3.64","daynight":"N","commune":"Correns","code_insee":"83045","departement":"Var","region":"Provence-Alpes-Côte d'Azur"}},{"type":"Feature","geometry":{"type":"Point","coordinates":[7.37349,43.79399]},"properties":{"latitude":"43.79399","longitude":"7.37349","bright_ti4":"312.47","scan":"0.39","track":"0.36","acq_date":"2026-08-01","acq_time":"139","satellite":"N20","instrument":"VIIRS","confidence":"n","version":"2.0NRT","bright_ti5":"294.78","frp":"1.44","daynight":"N","commune":"Blausasc","code_insee":"06019","departement":"Alpes-Maritimes","region":"Provence-Alpes-Côte d'Azur"}},{"type":"Feature","geometry":{"type":"Point","coordinates":[4.82417,46.16629]},"properties":{"latitude":"46.16629","longitude":"4.82417","bright_ti4":"302.15","scan":"0.4","track":"0.37","acq_date":"2026-08-01","acq_time":"139","satellite":"N20","instrument":"VIIRS","confidence":"n","version":"2.0NRT","bright_ti5":"289.37","frp":"0.5","daynight":"N","commune":"Saint-Didier-sur-Chalaronne","code_insee":"01348","departement":"Ain","region":"Auvergne-Rhône-Alpes"}},{"type":"Feature","geometry":{"type":"Point","coordinates":[5.36784,46.57468]},"properties":{"latitude":"46.57468","longitude":"5.36784","bright_ti4":"328.02","scan":"0.4","track":"0.37","acq_date":"2026-08-01","acq_time":"139","satellite":"N20","instrument":"VIIRS","confidence":"n","version":"2.0NRT","bright_ti5":"289.45","frp":"2.57","daynight":"N","commune":"Augea","code_insee":"39025","departement":"Jura","region":"Bourgogne-Franche-Comté"}},{"type":"Feature","geometry":{"type":"Point","coordinates":[0.15574,46.80722]},"properties":{"latitude":"46.80722","longitude":"0.15574","bright_ti4":"323.36","scan":"0.39","track":"0.44","acq_date":"2026-08-01","acq_time":"139","satellite":"N20","instrument":"VIIRS","confidence":"n","version":"2.0NRT","bright_ti5":"279.67","frp":"1.62","daynight":"N","commune":"Chouppes","code_insee":"86075","departement":"Vienne","region":"Nouvelle-Aquitaine"}},{"type":"Feature","geometry":{"type":"Point","coordinates":[6.11107,48.60915]},"properties":{"latitude":"48.60915","longitude":"6.11107","bright_ti4":"313.75","scan":"0.4","track":"0.37","acq_date":"2026-08-01","acq_time":"139","satellite":"N20","instrument":"VIIRS","confidence":"n","version":"2.0NRT","bright_ti5":"288.96","frp":"1.49","daynight":"N","commune":"Neuves-Maisons","code_insee":"54397","departement":"Meurthe-et-Moselle","region":"Grand Est"}},{"type":"Feature","geometry":{"type":"Point","coordinates":[6.11749,48.61172]},"properties":{"latitude":"48.61172","longitude":"6.11749","bright_ti4":"304.38","scan":"0.4","track":"0.37","acq_date":"2026-08-01","acq_time":"139","satellite":"N20","instrument":"VIIRS","confidence":"n","version":"2.0NRT","bright_ti5":"287.73","frp":"1.26","daynight":"N","commune":"Neuves-Maisons","code_insee":"54397","departement":"Meurthe-et-Moselle","region":"Grand Est"}},{"type":"Feature","geometry":{"type":"Point","coordinates":[5.6838,48.71713]},"properties":{"latitude":"48.71713","longitude":"5.6838","bright_ti4":"303.13","scan":"0.41","track":"0.37","acq_date":"2026-08-01","acq_time":"139","satellite":"N20","instrument":"VIIRS","confidence":"n","version":"2.0NRT","bright_ti5":"280.59","frp":"1.11","daynight":"N","commune":"Sorcy-Saint-Martin","code_insee":"55496","departement":"Meuse","region":"Grand Est"}},{"type":"Feature","geometry":{"type":"Point","coordinates":[0.53147,49.47627]},"properties":{"latitude":"49.47627","longitude":"0.53147","bright_ti4":"302.22","scan":"0.4","track":"0.44","acq_date":"2026-08-01","acq_time":"139","satellite":"N20","instrument":"VIIRS","confidence":"n","version":"2.0NRT","bright_ti5":"284.2","frp":"1.19","daynight":"N","commune":"Lillebonne","code_insee":"76384","departement":"Seine-Maritime","region":"Normandie"}},{"type":"Feature","geometry":{"type":"Point","coordinates":[5.36651,46.57528]},"properties":{"latitude":"46.57528","longitude":"5.36651","bright_ti4":"308.82","scan":"0.44","track":"0.62","acq_date":"2026-08-01","acq_time":"41","satellite":"N21","instrument":"VIIRS","confidence":"n","version":"2.0NRT","bright_ti5":"287.03","frp":"1.1","daynight":"N","commune":"Augea","code_insee":"39025","departement":"Jura","region":"Bourgogne-Franche-Comté"}},{"type":"Feature","geometry":{"type":"Point","coordinates":[0.15338,46.80439]},"properties":{"latitude":"46.80439","longitude":"0.15338","bright_ti4":"305.2","scan":"0.79","track":"0.78","acq_date":"2026-08-01","acq_time":"41","satellite":"N21","instrument":"VIIRS","confidence":"n","version":"2.0NRT","bright_ti5":"282.43","frp":"2.51","daynight":"N","commune":"Chouppes","code_insee":"86075","departement":"Vienne","region":"Nouvelle-Aquitaine"}},{"type":"Feature","geometry":{"type":"Point","coordinates":[0.15376,46.80967]},"properties":{"latitude":"46.80967","longitude":"0.15376","bright_ti4":"304.48","scan":"0.79","track":"0.78","acq_date":"2026-08-01","acq_time":"41","satellite":"N21","instrument":"VIIRS","confidence":"n","version":"2.0NRT","bright_ti5":"281.98","frp":"2.15","daynight":"N","commune":"Chouppes","code_insee":"86075","departement":"Vienne","region":"Nouvelle-Aquitaine"}},{"type":"Feature","geometry":{"type":"Point","coordinates":[9.06828,42.28917]},"properties":{"latitude":"42.28917","longitude":"9.06828","bright_ti4":"306.75","scan":"0.53","track":"0.5","acq_date":"2026-08-01","acq_time":"43","satellite":"N21","instrument":"VIIRS","confidence":"n","version":"2.0NRT","bright_ti5":"290.2","frp":"0.97","daynight":"N","commune":"Corte","code_insee":"2B096","departement":"Haute-Corse","region":"Corse"}},{"type":"Feature","geometry":{"type":"Point","coordinates":[9.06839,42.29303]},"properties":{"latitude":"42.29303","longitude":"9.06839","bright_ti4":"301.37","scan":"0.53","track":"0.5","acq_date":"2026-08-01","acq_time":"43","satellite":"N21","instrument":"VIIRS","confidence":"n","version":"2.0NRT","bright_ti5":"289.82","frp":"1.85","daynight":"N","commune":"Corte","code_insee":"2B096","departement":"Haute-Corse","region":"Corse"}},{"type":"Feature","geometry":{"type":"Point","coordinates":[4.8866,43.4315]},"properties":{"latitude":"43.4315","longitude":"4.8866","bright_ti4":"321.63","scan":"0.45","track":"0.63","acq_date":"2026-08-01","acq_time":"43","satellite":"N21","instrument":"VIIRS","confidence":"n","version":"2.0NRT","bright_ti5":"291.91","frp":"2.45","daynight":"N","commune":"Fos-sur-Mer","code_insee":"13039","departement":"Bouches-du-Rhône","region":"Provence-Alpes-Côte d'Azur"}},{"type":"Feature","geometry":{"type":"Point","coordinates":[4.89248,43.43708]},"properties":{"latitude":"43.43708","longitude":"4.89248","bright_ti4":"310.07","scan":"0.45","track":"0.63","acq_date":"2026-08-01","acq_time":"43","satellite":"N21","instrument":"VIIRS","confidence":"n","version":"2.0NRT","bright_ti5":"291.71","frp":"2.45","daynight":"N","commune":"Fos-sur-Mer","code_insee":"13039","departement":"Bouches-du-Rhône","region":"Provence-Alpes-Côte d'Azur"}},{"type":"Feature","geometry":{"type":"Point","coordinates":[4.88691,43.43728]},"properties":{"latitude":"43.43728","longitude":"4.88691","bright_ti4":"311.64","scan":"0.45","track":"0.63","acq_date":"2026-08-01","acq_time":"43","satellite":"N21","instrument":"VIIRS","confidence":"n","version":"2.0NRT","bright_ti5":"291.8","frp":"2.45","daynight":"N","commune":"Fos-sur-Mer","code_insee":"13039","departement":"Bouches-du-Rhône","region":"Provence-Alpes-Côte d'Azur"}},{"type":"Feature","geometry":{"type":"Point","coordinates":[4.89834,43.44267]},"properties":{"latitude":"43.44267","longitude":"4.89834","bright_ti4":"318.22","scan":"0.44","track":"0.63","acq_date":"2026-08-01","acq_time":"43","satellite":"N21","instrument":"VIIRS","confidence":"n","version":"2.0NRT","bright_ti5":"291.48","frp":"2.57","daynight":"N","commune":"Fos-sur-Mer","code_insee":"13039","departement":"Bouches-du-Rhône","region":"Provence-Alpes-Côte d'Azur"}},{"type":"Feature","geometry":{"type":"Point","coordinates":[4.88168,43.44325]},"properties":{"latitude":"43.44325","longitude":"4.88168","bright_ti4":"308.04","scan":"0.45","track":"0.63","acq_date":"2026-08-01","acq_time":"43","satellite":"N21","instrument":"VIIRS","confidence":"n","version":"2.0NRT","bright_ti5":"290.84","frp":"1.57","daynight":"N","commune":"Fos-sur-Mer","code_insee":"13039","departement":"Bouches-du-Rhône","region":"Provence-Alpes-Côte d'Azur"}},{"type":"Feature","geometry":{"type":"Point","coordinates":[4.87613,43.44344]},"properties":{"latitude":"43.44344","longitude":"4.87613","bright_ti4":"310.08","scan":"0.45","track":"0.63","acq_date":"2026-08-01","acq_time":"43","satellite":"N21","instrument":"VIIRS","confidence":"n","version":"2.0NRT","bright_ti5":"290.8","frp":"1.57","daynight":"N","commune":"Fos-sur-Mer","code_insee":"13039","departement":"Bouches-du-Rhône","region":"Provence-Alpes-Côte d'Azur"}},{"type":"Feature","geometry":{"type":"Point","coordinates":[6.10426,43.45646]},"properties":{"latitude":"43.45646","longitude":"6.10426","bright_ti4":"353.27","scan":"0.39","track":"0.59","acq_date":"2026-08-01","acq_time":"43","satellite":"N21","instrument":"VIIRS","confidence":"n","version":"2.0NRT","bright_ti5":"297.82","frp":"15.55","daynight":"N","commune":"Le Val","code_insee":"83143","departement":"Var","region":"Provence-Alpes-Côte d'Azur"}},{"type":"Feature","geometry":{"type":"Point","coordinates":[6.09978,43.45665]},"properties":{"latitude":"43.45665","longitude":"6.09978","bright_ti4":"319.78","scan":"0.39","track":"0.59","acq_date":"2026-08-01","acq_time":"43","satellite":"N21","instrument":"VIIRS","confidence":"n","version":"2.0NRT","bright_ti5":"290.79","frp":"16.25","daynight":"N","commune":"Le Val","code_insee":"83143","departement":"Var","region":"Provence-Alpes-Côte d'Azur"}},{"type":"Feature","geometry":{"type":"Point","coordinates":[6.10467,43.4619]},"properties":{"latitude":"43.4619","longitude":"6.10467","bright_ti4":"327.14","scan":"0.39","track":"0.59","acq_date":"2026-08-01","acq_time":"43","satellite":"N21","instrument":"VIIRS","confidence":"n","version":"2.0NRT","bright_ti5":"292.5","frp":"15.55","daynight":"N","commune":"Correns","code_insee":"83045","departement":"Var","region":"Provence-Alpes-Côte d'Azur"}},{"type":"Feature","geometry":{"type":"Point","coordinates":[6.09609,43.46226]},"properties":{"latitude":"43.46226","longitude":"6.09609","bright_ti4":"367","scan":"0.39","track":"0.59","acq_date":"2026-08-01","acq_time":"43","satellite":"N21","instrument":"VIIRS","confidence":"h","version":"2.0NRT","bright_ti5":"295.63","frp":"16.25","daynight":"N","commune":"Le Val","code_insee":"83143","departement":"Var","region":"Provence-Alpes-Côte d'Azur"}},{"type":"Feature","geometry":{"type":"Point","coordinates":[6.09163,43.46246]},"properties":{"latitude":"43.46246","longitude":"6.09163","bright_ti4":"325.18","scan":"0.39","track":"0.59","acq_date":"2026-08-01","acq_time":"43","satellite":"N21","instrument":"VIIRS","confidence":"n","version":"2.0NRT","bright_ti5":"291.83","frp":"9.13","daynight":"N","commune":"Correns","code_insee":"83045","departement":"Var","region":"Provence-Alpes-Côte d'Azur"}},{"type":"Feature","geometry":{"type":"Point","coordinates":[6.08248,43.46284]},"properties":{"latitude":"43.46284","longitude":"6.08248","bright_ti4":"315.76","scan":"0.39","track":"0.59","acq_date":"2026-08-01","acq_time":"43","satellite":"N21","instrument":"VIIRS","confidence":"n","version":"2.0NRT","bright_ti5":"291.39","frp":"3.31","daynight":"N","commune":"Correns","code_insee":"83045","departement":"Var","region":"Provence-Alpes-Côte d'Azur"}},{"type":"Feature","geometry":{"type":"Point","coordinates":[6.07784,43.46304]},"properties":{"latitude":"43.46304","longitude":"6.07784","bright_ti4":"321.57","scan":"0.39","track":"0.59","acq_date":"2026-08-01","acq_time":"43","satellite":"N21","instrument":"VIIRS","confidence":"n","version":"2.0NRT","bright_ti5":"290.82","frp":"3.31","daynight":"N","commune":"Le Val","code_insee":"83143","departement":"Var","region":"Provence-Alpes-Côte d'Azur"}},{"type":"Feature","geometry":{"type":"Point","coordinates":[6.07311,43.46324]},"properties":{"latitude":"43.46324","longitude":"6.07311","bright_ti4":"322.7","scan":"0.39","track":"0.59","acq_date":"2026-08-01","acq_time":"43","satellite":"N21","instrument":"VIIRS","confidence":"n","version":"2.0NRT","bright_ti5":"290.55","frp":"3.05","daynight":"N","commune":"Le Val","code_insee":"83143","departement":"Var","region":"Provence-Alpes-Côte d'Azur"}},{"type":"Feature","geometry":{"type":"Point","coordinates":[6.08713,43.46811]},"properties":{"latitude":"43.46811","longitude":"6.08713","bright_ti4":"306.57","scan":"0.39","track":"0.59","acq_date":"2026-08-01","acq_time":"43","satellite":"N21","instrument":"VIIRS","confidence":"n","version":"2.0NRT","bright_ti5":"290.49","frp":"2.04","daynight":"N","commune":"Correns","code_insee":"83045","departement":"Var","region":"Provence-Alpes-Côte d'Azur"}},{"type":"Feature","geometry":{"type":"Point","coordinates":[6.07323,43.46871]},"properties":{"latitude":"43.46871","longitude":"6.07323","bright_ti4":"306.37","scan":"0.39","track":"0.59","acq_date":"2026-08-01","acq_time":"43","satellite":"N21","instrument":"VIIRS","confidence":"n","version":"2.0NRT","bright_ti5":"290.1","frp":"2.55","daynight":"N","commune":"Correns","code_insee":"83045","departement":"Var","region":"Provence-Alpes-Côte d'Azur"}},{"type":"Feature","geometry":{"type":"Point","coordinates":[6.06851,43.46891]},"properties":{"latitude":"43.46891","longitude":"6.06851","bright_ti4":"315.92","scan":"0.39","track":"0.59","acq_date":"2026-08-01","acq_time":"43","satellite":"N21","instrument":"VIIRS","confidence":"n","version":"2.0NRT","bright_ti5":"290.13","frp":"2.55","daynight":"N","commune":"Le Val","code_insee":"83143","departement":"Var","region":"Provence-Alpes-Côte d'Azur"}},{"type":"Feature","geometry":{"type":"Point","coordinates":[6.0638,43.46911]},"properties":{"latitude":"43.46911","longitude":"6.0638","bright_ti4":"334.36","scan":"0.39","track":"0.59","acq_date":"2026-08-01","acq_time":"43","satellite":"N21","instrument":"VIIRS","confidence":"n","version":"2.0NRT","bright_ti5":"290.1","frp":"4.84","daynight":"N","commune":"Correns","code_insee":"83045","departement":"Var","region":"Provence-Alpes-Côte d'Azur"}},{"type":"Feature","geometry":{"type":"Point","coordinates":[6.11018,43.47258]},"properties":{"latitude":"43.47258","longitude":"6.11018","bright_ti4":"304.2","scan":"0.39","track":"0.59","acq_date":"2026-08-01","acq_time":"43","satellite":"N21","instrument":"VIIRS","confidence":"n","version":"2.0NRT","bright_ti5":"292.03","frp":"0.88","daynight":"N","commune":"Montfort-sur-Argens","code_insee":"83083","departement":"Var","region":"Provence-Alpes-Côte d'Azur"}},{"type":"Feature","geometry":{"type":"Point","coordinates":[6.10555,43.47278]},"properties":{"latitude":"43.47278","longitude":"6.10555","bright_ti4":"305.44","scan":"0.39","track":"0.59","acq_date":"2026-08-01","acq_time":"43","satellite":"N21","instrument":"VIIRS","confidence":"n","version":"2.0NRT","bright_ti5":"291.67","frp":"0.88","daynight":"N","commune":"Montfort-sur-Argens","code_insee":"83083","departement":"Var","region":"Provence-Alpes-Côte d'Azur"}},{"type":"Feature","geometry":{"type":"Point","coordinates":[6.10082,43.47298]},"properties":{"latitude":"43.47298","longitude":"6.10082","bright_ti4":"303.66","scan":"0.39","track":"0.59","acq_date":"2026-08-01","acq_time":"43","satellite":"N21","instrument":"VIIRS","confidence":"n","version":"2.0NRT","bright_ti5":"291.89","frp":"1.08","daynight":"N","commune":"Montfort-sur-Argens","code_insee":"83083","departement":"Var","region":"Provence-Alpes-Côte d'Azur"}},{"type":"Feature","geometry":{"type":"Point","coordinates":[6.09605,43.47319]},"properties":{"latitude":"43.47319","longitude":"6.09605","bright_ti4":"305.44","scan":"0.39","track":"0.59","acq_date":"2026-08-01","acq_time":"43","satellite":"N21","instrument":"VIIRS","confidence":"n","version":"2.0NRT","bright_ti5":"291.8","frp":"1.08","daynight":"N","commune":"Correns","code_insee":"83045","departement":"Var","region":"Provence-Alpes-Côte d'Azur"}},{"type":"Feature","geometry":{"type":"Point","coordinates":[6.06413,43.47456]},"properties":{"latitude":"43.47456","longitude":"6.06413","bright_ti4":"334","scan":"0.39","track":"0.59","acq_date":"2026-08-01","acq_time":"43","satellite":"N21","instrument":"VIIRS","confidence":"n","version":"2.0NRT","bright_ti5":"291.67","frp":"4.84","daynight":"N","commune":"Correns","code_insee":"83045","departement":"Var","region":"Provence-Alpes-Côte d'Azur"}},{"type":"Feature","geometry":{"type":"Point","coordinates":[6.12498,43.47739]},"properties":{"latitude":"43.47739","longitude":"6.12498","bright_ti4":"309.96","scan":"0.38","track":"0.59","acq_date":"2026-08-01","acq_time":"43","satellite":"N21","instrument":"VIIRS","confidence":"n","version":"2.0NRT","bright_ti5":"292.07","frp":"1.14","daynight":"N","commune":"Montfort-sur-Argens","code_insee":"83083","departement":"Var","region":"Provence-Alpes-Côte d'Azur"}},{"type":"Feature","geometry":{"type":"Point","coordinates":[6.12049,43.47759]},"properties":{"latitude":"43.47759","longitude":"6.12049","bright_ti4":"310.66","scan":"0.39","track":"0.59","acq_date":"2026-08-01","acq_time":"43","satellite":"N21","instrument":"VIIRS","confidence":"n","version":"2.0NRT","bright_ti5":"291.74","frp":"1.9","daynight":"N","commune":"Montfort-sur-Argens","code_insee":"83083","departement":"Var","region":"Provence-Alpes-Côte d'Azur"}},{"type":"Feature","geometry":{"type":"Point","coordinates":[6.10177,43.4784]},"properties":{"latitude":"43.4784","longitude":"6.10177","bright_ti4":"305.34","scan":"0.39","track":"0.59","acq_date":"2026-08-01","acq_time":"43","satellite":"N21","instrument":"VIIRS","confidence":"n","version":"2.0NRT","bright_ti5":"290.34","frp":"1.37","daynight":"N","commune":"Montfort-sur-Argens","code_insee":"83083","departement":"Var","region":"Provence-Alpes-Côte d'Azur"}},{"type":"Feature","geometry":{"type":"Point","coordinates":[6.09617,43.47865]},"properties":{"latitude":"43.47865","longitude":"6.09617","bright_ti4":"310.82","scan":"0.39","track":"0.59","acq_date":"2026-08-01","acq_time":"43","satellite":"N21","instrument":"VIIRS","confidence":"n","version":"2.0NRT","bright_ti5":"290.32","frp":"1.37","daynight":"N","commune":"Correns","code_insee":"83045","departement":"Var","region":"Provence-Alpes-Côte d'Azur"}},{"type":"Feature","geometry":{"type":"Point","coordinates":[6.13014,43.48262]},"properties":{"latitude":"43.48262","longitude":"6.13014","bright_ti4":"303.02","scan":"0.38","track":"0.59","acq_date":"2026-08-01","acq_time":"43","satellite":"N21","instrument":"VIIRS","confidence":"n","version":"2.0NRT","bright_ti5":"291.2","frp":"1.14","daynight":"N","commune":"Montfort-sur-Argens","code_insee":"83083","departement":"Var","region":"Provence-Alpes-Côte d'Azur"}},{"type":"Feature","geometry":{"type":"Point","coordinates":[6.12571,43.48282]},"properties":{"latitude":"43.48282","longitude":"6.12571","bright_ti4":"304.67","scan":"0.38","track":"0.59","acq_date":"2026-08-01","acq_time":"43","satellite":"N21","instrument":"VIIRS","confidence":"n","version":"2.0NRT","bright_ti5":"291.34","frp":"1.14","daynight":"N","commune":"Montfort-sur-Argens","code_insee":"83083","departement":"Var","region":"Provence-Alpes-Côte d'Azur"}},{"type":"Feature","geometry":{"type":"Point","coordinates":[6.1213,43.48301]},"properties":{"latitude":"43.48301","longitude":"6.1213","bright_ti4":"308.44","scan":"0.39","track":"0.59","acq_date":"2026-08-01","acq_time":"43","satellite":"N21","instrument":"VIIRS","confidence":"n","version":"2.0NRT","bright_ti5":"290.97","frp":"1.9","daynight":"N","commune":"Montfort-sur-Argens","code_insee":"83083","departement":"Var","region":"Provence-Alpes-Côte d'Azur"}},{"type":"Feature","geometry":{"type":"Point","coordinates":[6.09703,43.48407]},"properties":{"latitude":"43.48407","longitude":"6.09703","bright_ti4":"320.25","scan":"0.39","track":"0.59","acq_date":"2026-08-01","acq_time":"43","satellite":"N21","instrument":"VIIRS","confidence":"n","version":"2.0NRT","bright_ti5":"289.99","frp":"1.37","daynight":"N","commune":"Correns","code_insee":"83045","departement":"Var","region":"Provence-Alpes-Côte d'Azur"}},{"type":"Feature","geometry":{"type":"Point","coordinates":[6.12621,43.48825]},"properties":{"latitude":"43.48825","longitude":"6.12621","bright_ti4":"302.06","scan":"0.38","track":"0.59","acq_date":"2026-08-01","acq_time":"43","satellite":"N21","instrument":"VIIRS","confidence":"n","version":"2.0NRT","bright_ti5":"290.44","frp":"0.92","daynight":"N","commune":"Montfort-sur-Argens","code_insee":"83083","departement":"Var","region":"Provence-Alpes-Côte d'Azur"}},{"type":"Feature","geometry":{"type":"Point","coordinates":[6.11747,43.48864]},"properties":{"latitude":"43.48864","longitude":"6.11747","bright_ti4":"306.42","scan":"0.39","track":"0.59","acq_date":"2026-08-01","acq_time":"43","satellite":"N21","instrument":"VIIRS","confidence":"n","version":"2.0NRT","bright_ti5":"290.67","frp":"1.26","daynight":"N","commune":"Montfort-sur-Argens","code_insee":"83083","departement":"Var","region":"Provence-Alpes-Côte d'Azur"}},{"type":"Feature","geometry":{"type":"Point","coordinates":[6.05028,43.49159]},"properties":{"latitude":"43.49159","longitude":"6.05028","bright_ti4":"310.62","scan":"0.39","track":"0.59","acq_date":"2026-08-01","acq_time":"43","satellite":"N21","instrument":"VIIRS","confidence":"n","version":"2.0NRT","bright_ti5":"290.63","frp":"3.3","daynight":"N","commune":"Correns","code_insee":"83045","departement":"Var","region":"Provence-Alpes-Côte d'Azur"}},{"type":"Feature","geometry":{"type":"Point","coordinates":[6.11773,43.49408]},"properties":{"latitude":"43.49408","longitude":"6.11773","bright_ti4":"303.15","scan":"0.39","track":"0.59","acq_date":"2026-08-01","acq_time":"43","satellite":"N21","instrument":"VIIRS","confidence":"n","version":"2.0NRT","bright_ti5":"290.36","frp":"1.26","daynight":"N","commune":"Montfort-sur-Argens","code_insee":"83083","departement":"Var","region":"Provence-Alpes-Côte d'Azur"}},{"type":"Feature","geometry":{"type":"Point","coordinates":[6.09351,43.49516]},"properties":{"latitude":"43.49516","longitude":"6.09351","bright_ti4":"303.92","scan":"0.39","track":"0.59","acq_date":"2026-08-01","acq_time":"43","satellite":"N21","instrument":"VIIRS","confidence":"n","version":"2.0NRT","bright_ti5":"289.48","frp":"0.99","daynight":"N","commune":"Correns","code_insee":"83045","departement":"Var","region":"Provence-Alpes-Côte d'Azur"}},{"type":"Feature","geometry":{"type":"Point","coordinates":[6.04118,43.49747]},"properties":{"latitude":"43.49747","longitude":"6.04118","bright_ti4":"352.11","scan":"0.39","track":"0.59","acq_date":"2026-08-01","acq_time":"43","satellite":"N21","instrument":"VIIRS","confidence":"n","version":"2.0NRT","bright_ti5":"294.57","frp":"9.52","daynight":"N","commune":"Châteauvert","code_insee":"83039","departement":"Var","region":"Provence-Alpes-Côte d'Azur"}},{"type":"Feature","geometry":{"type":"Point","coordinates":[6.05649,43.50227]},"properties":{"latitude":"43.50227","longitude":"6.05649","bright_ti4":"326.38","scan":"0.39","track":"0.59","acq_date":"2026-08-01","acq_time":"43","satellite":"N21","instrument":"VIIRS","confidence":"n","version":"2.0NRT","bright_ti5":"291.79","frp":"3.28","daynight":"N","commune":"Correns","code_insee":"83045","departement":"Var","region":"Provence-Alpes-Côte d'Azur"}},{"type":"Feature","geometry":{"type":"Point","coordinates":[6.06674,43.50728]},"properties":{"latitude":"43.50728","longitude":"6.06674","bright_ti4":"318.07","scan":"0.39","track":"0.59","acq_date":"2026-08-01","acq_time":"43","satellite":"N21","instrument":"VIIRS","confidence":"n","version":"2.0NRT","bright_ti5":"291.08","frp":"2.62","daynight":"N","commune":"Correns","code_insee":"83045","departement":"Var","region":"Provence-Alpes-Côte d'Azur"}},{"type":"Feature","geometry":{"type":"Point","coordinates":[6.0621,43.50749]},"properties":{"latitude":"43.50749","longitude":"6.0621","bright_ti4":"306.83","scan":"0.39","track":"0.59","acq_date":"2026-08-01","acq_time":"43","satellite":"N21","instrument":"VIIRS","confidence":"n","version":"2.0NRT","bright_ti5":"290.27","frp":"2.62","daynight":"N","commune":"Correns","code_insee":"83045","departement":"Var","region":"Provence-Alpes-Côte d'Azur"}},{"type":"Feature","geometry":{"type":"Point","coordinates":[5.41933,45.80642]},"properties":{"latitude":"45.80642","longitude":"5.41933","bright_ti4":"300.27","scan":"0.43","track":"0.62","acq_date":"2026-08-01","acq_time":"43","satellite":"N21","instrument":"VIIRS","confidence":"n","version":"2.0NRT","bright_ti5":"288.18","frp":"1","daynight":"N","commune":"Montalieu-Vercieu","code_insee":"38247","departement":"Isère","region":"Auvergne-Rhône-Alpes"}},{"type":"Feature","geometry":{"type":"Point","coordinates":[2.21627,48.94705]},"properties":{"latitude":"48.94705","longitude":"2.21627","bright_ti4":"302.9","scan":"0.53","track":"0.42","acq_date":"2026-08-01","acq_time":"221","satellite":"N21","instrument":"VIIRS","confidence":"n","version":"2.0NRT","bright_ti5":"282.3","frp":"4.49","daynight":"N","commune":"Argenteuil","code_insee":"95018","departement":"Val-d'Oise","region":"Île-de-France"}},{"type":"Feature","geometry":{"type":"Point","coordinates":[2.20939,48.94854]},"properties":{"latitude":"48.94854","longitude":"2.20939","bright_ti4":"327.51","scan":"0.53","track":"0.42","acq_date":"2026-08-01","acq_time":"221","satellite":"N21","instrument":"VIIRS","confidence":"n","version":"2.0NRT","bright_ti5":"284.27","frp":"7.4","daynight":"N","commune":"Argenteuil","code_insee":"95018","departement":"Val-d'Oise","region":"Île-de-France"}},{"type":"Feature","geometry":{"type":"Point","coordinates":[2.16212,48.975]},"properties":{"latitude":"48.975","longitude":"2.16212","bright_ti4":"297.94","scan":"0.52","track":"0.42","acq_date":"2026-08-01","acq_time":"221","satellite":"N21","instrument":"VIIRS","confidence":"n","version":"2.0NRT","bright_ti5":"280.73","frp":"0.58","daynight":"N","commune":"Saint-Germain-en-Laye","code_insee":"78551","departement":"Yvelines","region":"Île-de-France"}},{"type":"Feature","geometry":{"type":"Point","coordinates":[1.05,49.4374]},"properties":{"latitude":"49.4374","longitude":"1.05","bright_ti4":"298.43","scan":"0.47","track":"0.4","acq_date":"2026-08-01","acq_time":"221","satellite":"N21","instrument":"VIIRS","confidence":"n","version":"2.0NRT","bright_ti5":"288.09","frp":"0.94","daynight":"N","commune":"Rouen","code_insee":"76540","departement":"Seine-Maritime","region":"Normandie"}},{"type":"Feature","geometry":{"type":"Point","coordinates":[0.53729,49.47648]},"properties":{"latitude":"49.47648","longitude":"0.53729","bright_ti4":"308.32","scan":"0.45","track":"0.39","acq_date":"2026-08-01","acq_time":"221","satellite":"N21","instrument":"VIIRS","confidence":"n","version":"2.0NRT","bright_ti5":"286.79","frp":"1.25","daynight":"N","commune":"Port-Jérôme-sur-Seine","code_insee":"76476","departement":"Seine-Maritime","region":"Normandie"}},{"type":"Feature","geometry":{"type":"Point","coordinates":[2.27092,51.02585]},"properties":{"latitude":"51.02585","longitude":"2.27092","bright_ti4":"295.73","scan":"0.48","track":"0.4","acq_date":"2026-08-01","acq_time":"221","satellite":"N21","instrument":"VIIRS","confidence":"n","version":"2.0NRT","bright_ti5":"284.39","frp":"0.71","daynight":"N","commune":"Grande-Synthe","code_insee":"59271","departement":"Nord","region":"Hauts-de-France"}},{"type":"Feature","geometry":{"type":"Point","coordinates":[2.27089,51.02588]},"properties":{"latitude":"51.02588","longitude":"2.27089","bright_ti4":"298.2","scan":"0.48","track":"0.4","acq_date":"2026-08-01","acq_time":"221","satellite":"N21","instrument":"VIIRS","confidence":"n","version":"2.0NRT","bright_ti5":"284.4","frp":"2.57","daynight":"N","commune":"Grande-Synthe","code_insee":"59271","departement":"Nord","region":"Hauts-de-France"}},{"type":"Feature","geometry":{"type":"Point","coordinates":[2.27275,51.02939]},"properties":{"latitude":"51.02939","longitude":"2.27275","bright_ti4":"325.33","scan":"0.48","track":"0.4","acq_date":"2026-08-01","acq_time":"221","satellite":"N21","instrument":"VIIRS","confidence":"n","version":"2.0NRT","bright_ti5":"285.79","frp":"2.57","daynight":"N","commune":"Grande-Synthe","code_insee":"59271","departement":"Nord","region":"Hauts-de-France"}},{"type":"Feature","geometry":{"type":"Point","coordinates":[2.2746,51.03291]},"properties":{"latitude":"51.03291","longitude":"2.2746","bright_ti4":"317.05","scan":"0.48","track":"0.4","acq_date":"2026-08-01","acq_time":"221","satellite":"N21","instrument":"VIIRS","confidence":"n","version":"2.0NRT","bright_ti5":"284.45","frp":"2.69","daynight":"N","commune":"Grande-Synthe","code_insee":"59271","departement":"Nord","region":"Hauts-de-France"}},{"type":"Feature","geometry":{"type":"Point","coordinates":[2.28958,51.03365]},"properties":{"latitude":"51.03365","longitude":"2.28958","bright_ti4":"318.39","scan":"0.48","track":"0.4","acq_date":"2026-08-01","acq_time":"221","satellite":"N21","instrument":"VIIRS","confidence":"n","version":"2.0NRT","bright_ti5":"285.49","frp":"3.44","daynight":"N","commune":"Grande-Synthe","code_insee":"59271","departement":"Nord","region":"Hauts-de-France"}},{"type":"Feature","geometry":{"type":"Point","coordinates":[2.2933,51.04067]},"properties":{"latitude":"51.04067","longitude":"2.2933","bright_ti4":"301.39","scan":"0.48","track":"0.4","acq_date":"2026-08-01","acq_time":"221","satellite":"N21","instrument":"VIIRS","confidence":"n","version":"2.0NRT","bright_ti5":"287.32","frp":"1.28","daynight":"N","commune":"Grande-Synthe","code_insee":"59271","departement":"Nord","region":"Hauts-de-France"}},{"type":"Feature","geometry":{"type":"Point","coordinates":[2.30173,51.0428]},"properties":{"latitude":"51.0428","longitude":"2.30173","bright_ti4":"308.25","scan":"0.48","track":"0.4","acq_date":"2026-08-01","acq_time":"221","satellite":"N21","instrument":"VIIRS","confidence":"n","version":"2.0NRT","bright_ti5":"285.46","frp":"1.93","daynight":"N","commune":"Grande-Synthe","code_insee":"59271","departement":"Nord","region":"Hauts-de-France"}},{"type":"Feature","geometry":{"type":"Point","coordinates":[2.29516,51.04418]},"properties":{"latitude":"51.04418","longitude":"2.29516","bright_ti4":"339.44","scan":"0.48","track":"0.4","acq_date":"2026-08-01","acq_time":"221","satellite":"N21","instrument":"VIIRS","confidence":"n","version":"2.0NRT","bright_ti5":"288.82","frp":"13.17","daynight":"N","commune":"Grande-Synthe","code_insee":"59271","departement":"Nord","region":"Hauts-de-France"}},{"type":"Feature","geometry":{"type":"Point","coordinates":[2.31859,51.04706]},"properties":{"latitude":"51.04706","longitude":"2.31859","bright_ti4":"298.42","scan":"0.48","track":"0.4","acq_date":"2026-08-01","acq_time":"221","satellite":"N21","instrument":"VIIRS","confidence":"n","version":"2.0NRT","bright_ti5":"285","frp":"1.21","daynight":"N","commune":"Dunkerque","code_insee":"59183","departement":"Nord","region":"Hauts-de-France"}},{"type":"Feature","geometry":{"type":"Point","coordinates":[4.88863,43.43569]},"properties":{"latitude":"43.43569","longitude":"4.88863","bright_ti4":"305.34","scan":"0.63","track":"0.54","acq_date":"2026-08-01","acq_time":"224","satellite":"N21","instrument":"VIIRS","confidence":"n","version":"2.0NRT","bright_ti5":"292.07","frp":"2.96","daynight":"N","commune":"Fos-sur-Mer","code_insee":"13039","departement":"Bouches-du-Rhône","region":"Provence-Alpes-Côte d'Azur"}},{"type":"Feature","geometry":{"type":"Point","coordinates":[4.89101,43.44037]},"properties":{"latitude":"43.44037","longitude":"4.89101","bright_ti4":"308.04","scan":"0.63","track":"0.54","acq_date":"2026-08-01","acq_time":"224","satellite":"N21","instrument":"VIIRS","confidence":"n","version":"2.0NRT","bright_ti5":"291.91","frp":"2.55","daynight":"N","commune":"Fos-sur-Mer","code_insee":"13039","departement":"Bouches-du-Rhône","region":"Provence-Alpes-Côte d'Azur"}},{"type":"Feature","geometry":{"type":"Point","coordinates":[4.88372,43.44229]},"properties":{"latitude":"43.44229","longitude":"4.88372","bright_ti4":"312","scan":"0.63","track":"0.54","acq_date":"2026-08-01","acq_time":"224","satellite":"N21","instrument":"VIIRS","confidence":"n","version":"2.0NRT","bright_ti5":"291.64","frp":"2.55","daynight":"N","commune":"Fos-sur-Mer","code_insee":"13039","departement":"Bouches-du-Rhône","region":"Provence-Alpes-Côte d'Azur"}},{"type":"Feature","geometry":{"type":"Point","coordinates":[4.90072,43.44313]},"properties":{"latitude":"43.44313","longitude":"4.90072","bright_ti4":"318.68","scan":"0.63","track":"0.54","acq_date":"2026-08-01","acq_time":"224","satellite":"N21","instrument":"VIIRS","confidence":"n","version":"2.0NRT","bright_ti5":"291.76","frp":"3.55","daynight":"N","commune":"Fos-sur-Mer","code_insee":"13039","departement":"Bouches-du-Rhône","region":"Provence-Alpes-Côte d'Azur"}},{"type":"Feature","geometry":{"type":"Point","coordinates":[4.87642,43.44421]},"properties":{"latitude":"43.44421","longitude":"4.87642","bright_ti4":"309","scan":"0.63","track":"0.54","acq_date":"2026-08-01","acq_time":"224","satellite":"N21","instrument":"VIIRS","confidence":"n","version":"2.0NRT","bright_ti5":"291.38","frp":"2.88","daynight":"N","commune":"Fos-sur-Mer","code_insee":"13039","departement":"Bouches-du-Rhône","region":"Provence-Alpes-Côte d'Azur"}},{"type":"Feature","geometry":{"type":"Point","coordinates":[4.89338,43.44506]},"properties":{"latitude":"43.44506","longitude":"4.89338","bright_ti4":"307.04","scan":"0.63","track":"0.54","acq_date":"2026-08-01","acq_time":"224","satellite":"N21","instrument":"VIIRS","confidence":"n","version":"2.0NRT","bright_ti5":"291.67","frp":"2.55","daynight":"N","commune":"Fos-sur-Mer","code_insee":"13039","departement":"Bouches-du-Rhône","region":"Provence-Alpes-Côte d'Azur"}},{"type":"Feature","geometry":{"type":"Point","coordinates":[4.89578,43.44974]},"properties":{"latitude":"43.44974","longitude":"4.89578","bright_ti4":"308.79","scan":"0.63","track":"0.54","acq_date":"2026-08-01","acq_time":"224","satellite":"N21","instrument":"VIIRS","confidence":"n","version":"2.0NRT","bright_ti5":"291.36","frp":"1.54","daynight":"N","commune":"Fos-sur-Mer","code_insee":"13039","departement":"Bouches-du-Rhône","region":"Provence-Alpes-Côte d'Azur"}},{"type":"Feature","geometry":{"type":"Point","coordinates":[6.09561,43.4577]},"properties":{"latitude":"43.4577","longitude":"6.09561","bright_ti4":"310.61","scan":"0.36","track":"0.57","acq_date":"2026-08-01","acq_time":"224","satellite":"N21","instrument":"VIIRS","confidence":"n","version":"2.0NRT","bright_ti5":"291.24","frp":"1.33","daynight":"N","commune":"Le Val","code_insee":"83143","departement":"Var","region":"Provence-Alpes-Côte d'Azur"}},{"type":"Feature","geometry":{"type":"Point","coordinates":[6.08223,43.46138]},"properties":{"latitude":"43.46138","longitude":"6.08223","bright_ti4":"319.74","scan":"0.36","track":"0.57","acq_date":"2026-08-01","acq_time":"224","satellite":"N21","instrument":"VIIRS","confidence":"n","version":"2.0NRT","bright_ti5":"291.87","frp":"3.25","daynight":"N","commune":"Le Val","code_insee":"83143","departement":"Var","region":"Provence-Alpes-Côte d'Azur"}},{"type":"Feature","geometry":{"type":"Point","coordinates":[6.07796,43.46255]},"properties":{"latitude":"43.46255","longitude":"6.07796","bright_ti4":"327.51","scan":"0.36","track":"0.57","acq_date":"2026-08-01","acq_time":"224","satellite":"N21","instrument":"VIIRS","confidence":"n","version":"2.0NRT","bright_ti5":"291.11","frp":"3.25","daynight":"N","commune":"Le Val","code_insee":"83143","departement":"Var","region":"Provence-Alpes-Côte d'Azur"}},{"type":"Feature","geometry":{"type":"Point","coordinates":[6.09818,43.46264]},"properties":{"latitude":"43.46264","longitude":"6.09818","bright_ti4":"304.97","scan":"0.36","track":"0.57","acq_date":"2026-08-01","acq_time":"224","satellite":"N21","instrument":"VIIRS","confidence":"n","version":"2.0NRT","bright_ti5":"291.9","frp":"1.33","daynight":"N","commune":"Le Val","code_insee":"83143","departement":"Var","region":"Provence-Alpes-Côte d'Azur"}},{"type":"Feature","geometry":{"type":"Point","coordinates":[6.07255,43.46968]},"properties":{"latitude":"43.46968","longitude":"6.07255","bright_ti4":"303.08","scan":"0.36","track":"0.57","acq_date":"2026-08-01","acq_time":"224","satellite":"N21","instrument":"VIIRS","confidence":"n","version":"2.0NRT","bright_ti5":"290.36","frp":"2.29","daynight":"N","commune":"Correns","code_insee":"83045","departement":"Var","region":"Provence-Alpes-Côte d'Azur"}},{"type":"Feature","geometry":{"type":"Point","coordinates":[6.08831,43.47099]},"properties":{"latitude":"43.47099","longitude":"6.08831","bright_ti4":"301.3","scan":"0.36","track":"0.57","acq_date":"2026-08-01","acq_time":"224","satellite":"N21","instrument":"VIIRS","confidence":"n","version":"2.0NRT","bright_ti5":"290.65","frp":"0.66","daynight":"N","commune":"Correns","code_insee":"83045","departement":"Var","region":"Provence-Alpes-Côte d'Azur"}},{"type":"Feature","geometry":{"type":"Point","coordinates":[6.0641,43.472]},"properties":{"latitude":"43.472","longitude":"6.0641","bright_ti4":"305.26","scan":"0.36","track":"0.57","acq_date":"2026-08-01","acq_time":"224","satellite":"N21","instrument":"VIIRS","confidence":"n","version":"2.0NRT","bright_ti5":"290.63","frp":"1.42","daynight":"N","commune":"Correns","code_insee":"83045","departement":"Var","region":"Provence-Alpes-Côte d'Azur"}},{"type":"Feature","geometry":{"type":"Point","coordinates":[6.09988,43.47346]},"properties":{"latitude":"43.47346","longitude":"6.09988","bright_ti4":"316.94","scan":"0.36","track":"0.57","acq_date":"2026-08-01","acq_time":"224","satellite":"N21","instrument":"VIIRS","confidence":"n","version":"2.0NRT","bright_ti5":"292.6","frp":"2.51","daynight":"N","commune":"Montfort-sur-Argens","code_insee":"83083","departement":"Var","region":"Provence-Alpes-Côte d'Azur"}},{"type":"Feature","geometry":{"type":"Point","coordinates":[6.10604,43.47741]},"properties":{"latitude":"43.47741","longitude":"6.10604","bright_ti4":"309.04","scan":"0.36","track":"0.57","acq_date":"2026-08-01","acq_time":"224","satellite":"N21","instrument":"VIIRS","confidence":"n","version":"2.0NRT","bright_ti5":"291.4","frp":"1.86","daynight":"N","commune":"Montfort-sur-Argens","code_insee":"83083","departement":"Var","region":"Provence-Alpes-Côte d'Azur"}},{"type":"Feature","geometry":{"type":"Point","coordinates":[6.10205,43.4785]},"properties":{"latitude":"43.4785","longitude":"6.10205","bright_ti4":"304.49","scan":"0.36","track":"0.57","acq_date":"2026-08-01","acq_time":"224","satellite":"N21","instrument":"VIIRS","confidence":"n","version":"2.0NRT","bright_ti5":"291.14","frp":"1.69","daynight":"N","commune":"Montfort-sur-Argens","code_insee":"83083","departement":"Var","region":"Provence-Alpes-Côte d'Azur"}},{"type":"Feature","geometry":{"type":"Point","coordinates":[6.0983,43.47953]},"properties":{"latitude":"43.47953","longitude":"6.0983","bright_ti4":"316","scan":"0.36","track":"0.57","acq_date":"2026-08-01","acq_time":"224","satellite":"N21","instrument":"VIIRS","confidence":"n","version":"2.0NRT","bright_ti5":"291.4","frp":"1.69","daynight":"N","commune":"Correns","code_insee":"83045","departement":"Var","region":"Provence-Alpes-Côte d'Azur"}},{"type":"Feature","geometry":{"type":"Point","coordinates":[6.09664,43.48563]},"properties":{"latitude":"43.48563","longitude":"6.09664","bright_ti4":"319.03","scan":"0.36","track":"0.57","acq_date":"2026-08-01","acq_time":"224","satellite":"N21","instrument":"VIIRS","confidence":"n","version":"2.0NRT","bright_ti5":"290.88","frp":"2.38","daynight":"N","commune":"Correns","code_insee":"83045","departement":"Var","region":"Provence-Alpes-Côte d'Azur"}},{"type":"Feature","geometry":{"type":"Point","coordinates":[6.04904,43.48739]},"properties":{"latitude":"43.48739","longitude":"6.04904","bright_ti4":"307.65","scan":"0.36","track":"0.57","acq_date":"2026-08-01","acq_time":"224","satellite":"N21","instrument":"VIIRS","confidence":"n","version":"2.0NRT","bright_ti5":"290.42","frp":"0.89","daynight":"N","commune":"Correns","code_insee":"83045","departement":"Var","region":"Provence-Alpes-Côte d'Azur"}},{"type":"Feature","geometry":{"type":"Point","coordinates":[6.09491,43.49174]},"properties":{"latitude":"43.49174","longitude":"6.09491","bright_ti4":"319.81","scan":"0.36","track":"0.57","acq_date":"2026-08-01","acq_time":"224","satellite":"N21","instrument":"VIIRS","confidence":"n","version":"2.0NRT","bright_ti5":"291.59","frp":"2.38","daynight":"N","commune":"Correns","code_insee":"83045","departement":"Var","region":"Provence-Alpes-Côte d'Azur"}},{"type":"Feature","geometry":{"type":"Point","coordinates":[6.0985,43.49207]},"properties":{"latitude":"43.49207","longitude":"6.0985","bright_ti4":"308.22","scan":"0.36","track":"0.57","acq_date":"2026-08-01","acq_time":"224","satellite":"N21","instrument":"VIIRS","confidence":"n","version":"2.0NRT","bright_ti5":"291.17","frp":"1.36","daynight":"N","commune":"Correns","code_insee":"83045","departement":"Var","region":"Provence-Alpes-Côte d'Azur"}},{"type":"Feature","geometry":{"type":"Point","coordinates":[6.09459,43.49316]},"properties":{"latitude":"43.49316","longitude":"6.09459","bright_ti4":"311.02","scan":"0.36","track":"0.57","acq_date":"2026-08-01","acq_time":"224","satellite":"N21","instrument":"VIIRS","confidence":"n","version":"2.0NRT","bright_ti5":"290.7","frp":"1.36","daynight":"N","commune":"Correns","code_insee":"83045","departement":"Var","region":"Provence-Alpes-Côte d'Azur"}},{"type":"Feature","geometry":{"type":"Point","coordinates":[6.03958,43.4956]},"properties":{"latitude":"43.4956","longitude":"6.03958","bright_ti4":"312.89","scan":"0.36","track":"0.57","acq_date":"2026-08-01","acq_time":"224","satellite":"N21","instrument":"VIIRS","confidence":"n","version":"2.0NRT","bright_ti5":"290.42","frp":"2.06","daynight":"N","commune":"Châteauvert","code_insee":"83039","departement":"Var","region":"Provence-Alpes-Côte d'Azur"}},{"type":"Feature","geometry":{"type":"Point","coordinates":[6.04588,43.4995]},"properties":{"latitude":"43.4995","longitude":"6.04588","bright_ti4":"314.58","scan":"0.36","track":"0.57","acq_date":"2026-08-01","acq_time":"224","satellite":"N21","instrument":"VIIRS","confidence":"n","version":"2.0NRT","bright_ti5":"290.7","frp":"2.06","daynight":"N","commune":"Correns","code_insee":"83045","departement":"Var","region":"Provence-Alpes-Côte d'Azur"}},{"type":"Feature","geometry":{"type":"Point","coordinates":[6.04168,43.50064]},"properties":{"latitude":"43.50064","longitude":"6.04168","bright_ti4":"315.61","scan":"0.36","track":"0.57","acq_date":"2026-08-01","acq_time":"224","satellite":"N21","instrument":"VIIRS","confidence":"n","version":"2.0NRT","bright_ti5":"290.05","frp":"2.06","daynight":"N","commune":"Châteauvert","code_insee":"83039","departement":"Var","region":"Provence-Alpes-Côte d'Azur"}},{"type":"Feature","geometry":{"type":"Point","coordinates":[6.06532,43.50135]},"properties":{"latitude":"43.50135","longitude":"6.06532","bright_ti4":"301.91","scan":"0.36","track":"0.57","acq_date":"2026-08-01","acq_time":"224","satellite":"N21","instrument":"VIIRS","confidence":"n","version":"2.0NRT","bright_ti5":"290.85","frp":"2.4","daynight":"N","commune":"Correns","code_insee":"83045","departement":"Var","region":"Provence-Alpes-Côte d'Azur"}},{"type":"Feature","geometry":{"type":"Point","coordinates":[6.0567,43.50217]},"properties":{"latitude":"43.50217","longitude":"6.0567","bright_ti4":"312.49","scan":"0.36","track":"0.57","acq_date":"2026-08-01","acq_time":"224","satellite":"N21","instrument":"VIIRS","confidence":"n","version":"2.0NRT","bright_ti5":"290.65","frp":"1.86","daynight":"N","commune":"Correns","code_insee":"83045","departement":"Var","region":"Provence-Alpes-Côte d'Azur"}},{"type":"Feature","geometry":{"type":"Point","coordinates":[6.06082,43.5026]},"properties":{"latitude":"43.5026","longitude":"6.06082","bright_ti4":"320.87","scan":"0.36","track":"0.57","acq_date":"2026-08-01","acq_time":"224","satellite":"N21","instrument":"VIIRS","confidence":"n","version":"2.0NRT","bright_ti5":"291.46","frp":"2.4","daynight":"N","commune":"Correns","code_insee":"83045","departement":"Var","region":"Provence-Alpes-Côte d'Azur"}},{"type":"Feature","geometry":{"type":"Point","coordinates":[6.05218,43.5034]},"properties":{"latitude":"43.5034","longitude":"6.05218","bright_ti4":"303.81","scan":"0.36","track":"0.57","acq_date":"2026-08-01","acq_time":"224","satellite":"N21","instrument":"VIIRS","confidence":"n","version":"2.0NRT","bright_ti5":"289.86","frp":"1.86","daynight":"N","commune":"Correns","code_insee":"83045","departement":"Var","region":"Provence-Alpes-Côte d'Azur"}},{"type":"Feature","geometry":{"type":"Point","coordinates":[6.05627,43.50387]},"properties":{"latitude":"43.50387","longitude":"6.05627","bright_ti4":"301.45","scan":"0.36","track":"0.57","acq_date":"2026-08-01","acq_time":"224","satellite":"N21","instrument":"VIIRS","confidence":"n","version":"2.0NRT","bright_ti5":"290.09","frp":"1.66","daynight":"N","commune":"Correns","code_insee":"83045","departement":"Var","region":"Provence-Alpes-Côte d'Azur"}},{"type":"Feature","geometry":{"type":"Point","coordinates":[6.06754,43.50484]},"properties":{"latitude":"43.50484","longitude":"6.06754","bright_ti4":"324.39","scan":"0.36","track":"0.57","acq_date":"2026-08-01","acq_time":"224","satellite":"N21","instrument":"VIIRS","confidence":"n","version":"2.0NRT","bright_ti5":"292.33","frp":"4.75","daynight":"N","commune":"Correns","code_insee":"83045","departement":"Var","region":"Provence-Alpes-Côte d'Azur"}},{"type":"Feature","geometry":{"type":"Point","coordinates":[6.06323,43.50601]},"properties":{"latitude":"43.50601","longitude":"6.06323","bright_ti4":"346.06","scan":"0.36","track":"0.57","acq_date":"2026-08-01","acq_time":"224","satellite":"N21","instrument":"VIIRS","confidence":"n","version":"2.0NRT","bright_ti5":"293.41","frp":"4.75","daynight":"N","commune":"Correns","code_insee":"83045","departement":"Var","region":"Provence-Alpes-Côte d'Azur"}},{"type":"Feature","geometry":{"type":"Point","coordinates":[6.06725,43.50644]},"properties":{"latitude":"43.50644","longitude":"6.06725","bright_ti4":"330.86","scan":"0.36","track":"0.57","acq_date":"2026-08-01","acq_time":"224","satellite":"N21","instrument":"VIIRS","confidence":"n","version":"2.0NRT","bright_ti5":"292.7","frp":"2.4","daynight":"N","commune":"Correns","code_insee":"83045","departement":"Var","region":"Provence-Alpes-Côte d'Azur"}},{"type":"Feature","geometry":{"type":"Point","coordinates":[6.06295,43.50764]},"properties":{"latitude":"43.50764","longitude":"6.06295","bright_ti4":"320.34","scan":"0.36","track":"0.57","acq_date":"2026-08-01","acq_time":"224","satellite":"N21","instrument":"VIIRS","confidence":"n","version":"2.0NRT","bright_ti5":"291.47","frp":"2.4","daynight":"N","commune":"Correns","code_insee":"83045","departement":"Var","region":"Provence-Alpes-Côte d'Azur"}},{"type":"Feature","geometry":{"type":"Point","coordinates":[-1.20464,44.77173]},"properties":{"latitude":"44.77173","longitude":"-1.20464","bright_ti4":"301.24","scan":"0.48","track":"0.4","acq_date":"2026-08-01","acq_time":"224","satellite":"N21","instrument":"VIIRS","confidence":"n","version":"2.0NRT","bright_ti5":"287.72","frp":"0.97","daynight":"N","commune":"Lège-Cap-Ferret","code_insee":"33236","departement":"Gironde","region":"Nouvelle-Aquitaine"}},{"type":"Feature","geometry":{"type":"Point","coordinates":[5.36977,46.57408]},"properties":{"latitude":"46.57408","longitude":"5.36977","bright_ti4":"312.69","scan":"0.54","track":"0.51","acq_date":"2026-08-01","acq_time":"224","satellite":"N21","instrument":"VIIRS","confidence":"n","version":"2.0NRT","bright_ti5":"287.71","frp":"1.58","daynight":"N","commune":"Augea","code_insee":"39025","departement":"Jura","region":"Bourgogne-Franche-Comté"}},{"type":"Feature","geometry":{"type":"Point","coordinates":[0.15416,46.80651]},"properties":{"latitude":"46.80651","longitude":"0.15416","bright_ti4":"327.37","scan":"0.49","track":"0.4","acq_date":"2026-08-01","acq_time":"224","satellite":"N21","instrument":"VIIRS","confidence":"n","version":"2.0NRT","bright_ti5":"287.65","frp":"4.16","daynight":"N","commune":"Chouppes","code_insee":"86075","departement":"Vienne","region":"Nouvelle-Aquitaine"}},{"type":"Feature","geometry":{"type":"Point","coordinates":[-1.03626,48.10769]},"properties":{"latitude":"48.10769","longitude":"-1.03626","bright_ti4":"305.75","scan":"0.43","track":"0.38","acq_date":"2026-08-01","acq_time":"224","satellite":"N21","instrument":"VIIRS","confidence":"n","version":"2.0NRT","bright_ti5":"287.72","frp":"1.2","daynight":"N","commune":"Saint-Pierre-la-Cour","code_insee":"53247","departement":"Mayenne","region":"Pays de la Loire"}},{"type":"Feature","geometry":{"type":"Point","coordinates":[5.82028,45.91248]},"properties":{"latitude":"45.91248","longitude":"5.82028","bright_ti4":"298.47","scan":"0.55","track":"0.68","acq_date":"2026-08-01","acq_time":"258","satellite":"N","instrument":"VIIRS","confidence":"n","version":"2.0NRT","bright_ti5":"285.94","frp":"1.49","daynight":"N","commune":"Anglefort","code_insee":"01010","departement":"Ain","region":"Auvergne-Rhône-Alpes"}},{"type":"Feature","geometry":{"type":"Point","coordinates":[5.36409,46.57353]},"properties":{"latitude":"46.57353","longitude":"5.36409","bright_ti4":"300.18","scan":"0.5","track":"0.66","acq_date":"2026-08-01","acq_time":"258","satellite":"N","instrument":"VIIRS","confidence":"n","version":"2.0NRT","bright_ti5":"285.57","frp":"0.65","daynight":"N","commune":"Le Miroir","code_insee":"71300","departement":"Saône-et-Loire","region":"Bourgogne-Franche-Comté"}},{"type":"Feature","geometry":{"type":"Point","coordinates":[5.36822,46.578]},"properties":{"latitude":"46.578","longitude":"5.36822","bright_ti4":"300.87","scan":"0.5","track":"0.66","acq_date":"2026-08-01","acq_time":"258","satellite":"N","instrument":"VIIRS","confidence":"n","version":"2.0NRT","bright_ti5":"285.69","frp":"0.92","daynight":"N","commune":"Augea","code_insee":"39025","departement":"Jura","region":"Bourgogne-Franche-Comté"}},{"type":"Feature","geometry":{"type":"Point","coordinates":[0.15579,46.80926]},"properties":{"latitude":"46.80926","longitude":"0.15579","bright_ti4":"310.12","scan":"0.59","track":"0.53","acq_date":"2026-08-01","acq_time":"258","satellite":"N","instrument":"VIIRS","confidence":"n","version":"2.0NRT","bright_ti5":"284.87","frp":"2.22","daynight":"N","commune":"Chouppes","code_insee":"86075","departement":"Vienne","region":"Nouvelle-Aquitaine"}},{"type":"Feature","geometry":{"type":"Point","coordinates":[-1.03545,48.10814]},"properties":{"latitude":"48.10814","longitude":"-1.03545","bright_ti4":"298.75","scan":"0.49","track":"0.48","acq_date":"2026-08-01","acq_time":"258","satellite":"N","instrument":"VIIRS","confidence":"n","version":"2.0NRT","bright_ti5":"286.22","frp":"1.43","daynight":"N","commune":"Saint-Pierre-la-Cour","code_insee":"53247","departement":"Mayenne","region":"Pays de la Loire"}},{"type":"Feature","geometry":{"type":"Point","coordinates":[2.21106,48.94856]},"properties":{"latitude":"48.94856","longitude":"2.21106","bright_ti4":"300.89","scan":"0.63","track":"0.54","acq_date":"2026-08-01","acq_time":"258","satellite":"N","instrument":"VIIRS","confidence":"n","version":"2.0NRT","bright_ti5":"280.57","frp":"1.08","daynight":"N","commune":"Argenteuil","code_insee":"95018","departement":"Val-d'Oise","region":"Île-de-France"}},{"type":"Feature","geometry":{"type":"Point","coordinates":[0.53295,49.47582]},"properties":{"latitude":"49.47582","longitude":"0.53295","bright_ti4":"303.27","scan":"0.52","track":"0.5","acq_date":"2026-08-01","acq_time":"258","satellite":"N","instrument":"VIIRS","confidence":"n","version":"2.0NRT","bright_ti5":"287.87","frp":"1.83","daynight":"N","commune":"Lillebonne","code_insee":"76384","departement":"Seine-Maritime","region":"Normandie"}},{"type":"Feature","geometry":{"type":"Point","coordinates":[4.89261,43.43576]},"properties":{"latitude":"43.43576","longitude":"4.89261","bright_ti4":"305.27","scan":"0.61","track":"0.71","acq_date":"2026-08-01","acq_time":"300","satellite":"N","instrument":"VIIRS","confidence":"n","version":"2.0NRT","bright_ti5":"289.32","frp":"2.22","daynight":"N","commune":"Fos-sur-Mer","code_insee":"13039","departement":"Bouches-du-Rhône","region":"Provence-Alpes-Côte d'Azur"}},{"type":"Feature","geometry":{"type":"Point","coordinates":[4.89442,43.43589]},"properties":{"latitude":"43.43589","longitude":"4.89442","bright_ti4":"301.51","scan":"0.61","track":"0.71","acq_date":"2026-08-01","acq_time":"300","satellite":"N","instrument":"VIIRS","confidence":"n","version":"2.0NRT","bright_ti5":"289.04","frp":"1.97","daynight":"N","commune":"Fos-sur-Mer","code_insee":"13039","departement":"Bouches-du-Rhône","region":"Provence-Alpes-Côte d'Azur"}},{"type":"Feature","geometry":{"type":"Point","coordinates":[4.8856,43.43813]},"properties":{"latitude":"43.43813","longitude":"4.8856","bright_ti4":"307.18","scan":"0.61","track":"0.71","acq_date":"2026-08-01","acq_time":"300","satellite":"N","instrument":"VIIRS","confidence":"n","version":"2.0NRT","bright_ti5":"289.46","frp":"1.89","daynight":"N","commune":"Fos-sur-Mer","code_insee":"13039","departement":"Bouches-du-Rhône","region":"Provence-Alpes-Côte d'Azur"}},{"type":"Feature","geometry":{"type":"Point","coordinates":[4.88741,43.43823]},"properties":{"latitude":"43.43823","longitude":"4.88741","bright_ti4":"311.25","scan":"0.61","track":"0.71","acq_date":"2026-08-01","acq_time":"300","satellite":"N","instrument":"VIIRS","confidence":"n","version":"2.0NRT","bright_ti5":"289.29","frp":"1.97","daynight":"N","commune":"Fos-sur-Mer","code_insee":"13039","departement":"Bouches-du-Rhône","region":"Provence-Alpes-Côte d'Azur"}},{"type":"Feature","geometry":{"type":"Point","coordinates":[4.87857,43.44051]},"properties":{"latitude":"43.44051","longitude":"4.87857","bright_ti4":"303.19","scan":"0.6","track":"0.71","acq_date":"2026-08-01","acq_time":"300","satellite":"N","instrument":"VIIRS","confidence":"n","version":"2.0NRT","bright_ti5":"288.83","frp":"1.89","daynight":"N","commune":"Fos-sur-Mer","code_insee":"13039","departement":"Bouches-du-Rhône","region":"Provence-Alpes-Côte d'Azur"}},{"type":"Feature","geometry":{"type":"Point","coordinates":[4.88035,43.44058]},"properties":{"latitude":"43.44058","longitude":"4.88035","bright_ti4":"304.07","scan":"0.61","track":"0.71","acq_date":"2026-08-01","acq_time":"300","satellite":"N","instrument":"VIIRS","confidence":"n","version":"2.0NRT","bright_ti5":"288.94","frp":"3","daynight":"N","commune":"Fos-sur-Mer","code_insee":"13039","departement":"Bouches-du-Rhône","region":"Provence-Alpes-Côte d'Azur"}},{"type":"Feature","geometry":{"type":"Point","coordinates":[4.89641,43.4418]},"properties":{"latitude":"43.4418","longitude":"4.89641","bright_ti4":"304.65","scan":"0.61","track":"0.71","acq_date":"2026-08-01","acq_time":"300","satellite":"N","instrument":"VIIRS","confidence":"n","version":"2.0NRT","bright_ti5":"288.58","frp":"1.07","daynight":"N","commune":"Fos-sur-Mer","code_insee":"13039","departement":"Bouches-du-Rhône","region":"Provence-Alpes-Côte d'Azur"}},{"type":"Feature","geometry":{"type":"Point","coordinates":[4.89831,43.44191]},"properties":{"latitude":"43.44191","longitude":"4.89831","bright_ti4":"303.96","scan":"0.61","track":"0.71","acq_date":"2026-08-01","acq_time":"300","satellite":"N","instrument":"VIIRS","confidence":"n","version":"2.0NRT","bright_ti5":"288.91","frp":"1.04","daynight":"N","commune":"Fos-sur-Mer","code_insee":"13039","departement":"Bouches-du-Rhône","region":"Provence-Alpes-Côte d'Azur"}},{"type":"Feature","geometry":{"type":"Point","coordinates":[4.89126,43.44426]},"properties":{"latitude":"43.44426","longitude":"4.89126","bright_ti4":"301.16","scan":"0.61","track":"0.71","acq_date":"2026-08-01","acq_time":"300","satellite":"N","instrument":"VIIRS","confidence":"n","version":"2.0NRT","bright_ti5":"288.64","frp":"1.04","daynight":"N","commune":"Fos-sur-Mer","code_insee":"13039","departement":"Bouches-du-Rhône","region":"Provence-Alpes-Côte d'Azur"}},{"type":"Feature","geometry":{"type":"Point","coordinates":[4.88242,43.44654]},"properties":{"latitude":"43.44654","longitude":"4.88242","bright_ti4":"301.9","scan":"0.6","track":"0.71","acq_date":"2026-08-01","acq_time":"300","satellite":"N","instrument":"VIIRS","confidence":"n","version":"2.0NRT","bright_ti5":"288.58","frp":"3.17","daynight":"N","commune":"Fos-sur-Mer","code_insee":"13039","departement":"Bouches-du-Rhône","region":"Provence-Alpes-Côte d'Azur"}},{"type":"Feature","geometry":{"type":"Point","coordinates":[4.9003,43.44782]},"properties":{"latitude":"43.44782","longitude":"4.9003","bright_ti4":"304.4","scan":"0.61","track":"0.71","acq_date":"2026-08-01","acq_time":"300","satellite":"N","instrument":"VIIRS","confidence":"n","version":"2.0NRT","bright_ti5":"289.06","frp":"1.07","daynight":"N","commune":"Fos-sur-Mer","code_insee":"13039","departement":"Bouches-du-Rhône","region":"Provence-Alpes-Côte d'Azur"}},{"type":"Feature","geometry":{"type":"Point","coordinates":[4.89511,43.45029]},"properties":{"latitude":"43.45029","longitude":"4.89511","bright_ti4":"300.26","scan":"0.61","track":"0.71","acq_date":"2026-08-01","acq_time":"300","satellite":"N","instrument":"VIIRS","confidence":"n","version":"2.0NRT","bright_ti5":"288.35","frp":"1.04","daynight":"N","commune":"Fos-sur-Mer","code_insee":"13039","departement":"Bouches-du-Rhône","region":"Provence-Alpes-Côte d'Azur"}},{"type":"Feature","geometry":{"type":"Point","coordinates":[6.07534,43.46058]},"properties":{"latitude":"43.46058","longitude":"6.07534","bright_ti4":"301.28","scan":"0.68","track":"0.74","acq_date":"2026-08-01","acq_time":"300","satellite":"N","instrument":"VIIRS","confidence":"n","version":"2.0NRT","bright_ti5":"288.27","frp":"1.71","daynight":"N","commune":"Le Val","code_insee":"83143","departement":"Var","region":"Provence-Alpes-Côte d'Azur"}},{"type":"Feature","geometry":{"type":"Point","coordinates":[6.07994,43.46669]},"properties":{"latitude":"43.46669","longitude":"6.07994","bright_ti4":"313.35","scan":"0.68","track":"0.74","acq_date":"2026-08-01","acq_time":"300","satellite":"N","instrument":"VIIRS","confidence":"n","version":"2.0NRT","bright_ti5":"289.42","frp":"1.71","daynight":"N","commune":"Correns","code_insee":"83045","departement":"Var","region":"Provence-Alpes-Côte d'Azur"}},{"type":"Feature","geometry":{"type":"Point","coordinates":[6.10375,43.47491]},"properties":{"latitude":"43.47491","longitude":"6.10375","bright_ti4":"301.31","scan":"0.68","track":"0.74","acq_date":"2026-08-01","acq_time":"300","satellite":"N","instrument":"VIIRS","confidence":"n","version":"2.0NRT","bright_ti5":"289.18","frp":"1.29","daynight":"N","commune":"Montfort-sur-Argens","code_insee":"83083","departement":"Var","region":"Provence-Alpes-Côte d'Azur"}},{"type":"Feature","geometry":{"type":"Point","coordinates":[6.09642,43.47749]},"properties":{"latitude":"43.47749","longitude":"6.09642","bright_ti4":"300.7","scan":"0.68","track":"0.74","acq_date":"2026-08-01","acq_time":"300","satellite":"N","instrument":"VIIRS","confidence":"n","version":"2.0NRT","bright_ti5":"289.43","frp":"1.29","daynight":"N","commune":"Correns","code_insee":"83045","departement":"Var","region":"Provence-Alpes-Côte d'Azur"}},{"type":"Feature","geometry":{"type":"Point","coordinates":[6.09467,43.48472]},"properties":{"latitude":"43.48472","longitude":"6.09467","bright_ti4":"304.56","scan":"0.68","track":"0.74","acq_date":"2026-08-01","acq_time":"300","satellite":"N","instrument":"VIIRS","confidence":"n","version":"2.0NRT","bright_ti5":"288.57","frp":"1.57","daynight":"N","commune":"Correns","code_insee":"83045","departement":"Var","region":"Provence-Alpes-Côte d'Azur"}},{"type":"Feature","geometry":{"type":"Point","coordinates":[6.09231,43.48668]},"properties":{"latitude":"43.48668","longitude":"6.09231","bright_ti4":"302.83","scan":"0.68","track":"0.74","acq_date":"2026-08-01","acq_time":"300","satellite":"N","instrument":"VIIRS","confidence":"n","version":"2.0NRT","bright_ti5":"288.86","frp":"1.27","daynight":"N","commune":"Correns","code_insee":"83045","departement":"Var","region":"Provence-Alpes-Côte d'Azur"}},{"type":"Feature","geometry":{"type":"Point","coordinates":[6.09792,43.4913]},"properties":{"latitude":"43.4913","longitude":"6.09792","bright_ti4":"308.16","scan":"0.68","track":"0.74","acq_date":"2026-08-01","acq_time":"300","satellite":"N","instrument":"VIIRS","confidence":"n","version":"2.0NRT","bright_ti5":"288.69","frp":"1.57","daynight":"N","commune":"Correns","code_insee":"83045","departement":"Var","region":"Provence-Alpes-Côte d'Azur"}},{"type":"Feature","geometry":{"type":"Point","coordinates":[6.09566,43.49324]},"properties":{"latitude":"43.49324","longitude":"6.09566","bright_ti4":"314.65","scan":"0.68","track":"0.74","acq_date":"2026-08-01","acq_time":"300","satellite":"N","instrument":"VIIRS","confidence":"n","version":"2.0NRT","bright_ti5":"289.01","frp":"2.44","daynight":"N","commune":"Correns","code_insee":"83045","departement":"Var","region":"Provence-Alpes-Côte d'Azur"}},{"type":"Feature","geometry":{"type":"Point","coordinates":[6.04171,43.49539]},"properties":{"latitude":"43.49539","longitude":"6.04171","bright_ti4":"304.69","scan":"0.68","track":"0.74","acq_date":"2026-08-01","acq_time":"300","satellite":"N","instrument":"VIIRS","confidence":"n","version":"2.0NRT","bright_ti5":"288.61","frp":"1.26","daynight":"N","commune":"Châteauvert","code_insee":"83039","departement":"Var","region":"Provence-Alpes-Côte d'Azur"}},{"type":"Feature","geometry":{"type":"Point","coordinates":[6.03935,43.49764]},"properties":{"latitude":"43.49764","longitude":"6.03935","bright_ti4":"308.39","scan":"0.68","track":"0.74","acq_date":"2026-08-01","acq_time":"300","satellite":"N","instrument":"VIIRS","confidence":"n","version":"2.0NRT","bright_ti5":"288.65","frp":"2.09","daynight":"N","commune":"Châteauvert","code_insee":"83039","departement":"Var","region":"Provence-Alpes-Côte d'Azur"}},{"type":"Feature","geometry":{"type":"Point","coordinates":[6.05359,43.49897]},"properties":{"latitude":"43.49897","longitude":"6.05359","bright_ti4":"305.22","scan":"0.68","track":"0.74","acq_date":"2026-08-01","acq_time":"300","satellite":"N","instrument":"VIIRS","confidence":"n","version":"2.0NRT","bright_ti5":"289.14","frp":"3.43","daynight":"N","commune":"Correns","code_insee":"83045","departement":"Var","region":"Provence-Alpes-Côte d'Azur"}},{"type":"Feature","geometry":{"type":"Point","coordinates":[6.05053,43.50142]},"properties":{"latitude":"43.50142","longitude":"6.05053","bright_ti4":"305.76","scan":"0.68","track":"0.74","acq_date":"2026-08-01","acq_time":"300","satellite":"N","instrument":"VIIRS","confidence":"n","version":"2.0NRT","bright_ti5":"288.54","frp":"2.25","daynight":"N","commune":"Correns","code_insee":"83045","departement":"Var","region":"Provence-Alpes-Côte d'Azur"}},{"type":"Feature","geometry":{"type":"Point","coordinates":[6.06546,43.50255]},"properties":{"latitude":"43.50255","longitude":"6.06546","bright_ti4":"306.91","scan":"0.68","track":"0.74","acq_date":"2026-08-01","acq_time":"300","satellite":"N","instrument":"VIIRS","confidence":"n","version":"2.0NRT","bright_ti5":"289.06","frp":"2.05","daynight":"N","commune":"Correns","code_insee":"83045","departement":"Var","region":"Provence-Alpes-Côte d'Azur"}},{"type":"Feature","geometry":{"type":"Point","coordinates":[6.06247,43.50493]},"properties":{"latitude":"43.50493","longitude":"6.06247","bright_ti4":"316.34","scan":"0.68","track":"0.74","acq_date":"2026-08-01","acq_time":"300","satellite":"N","instrument":"VIIRS","confidence":"n","version":"2.0NRT","bright_ti5":"289.63","frp":"3.15","daynight":"N","commune":"Correns","code_insee":"83045","departement":"Var","region":"Provence-Alpes-Côte d'Azur"}},{"type":"Feature","geometry":{"type":"Point","coordinates":[1.39313,43.64815]},"properties":{"latitude":"43.64815","longitude":"1.39313","bright_ti4":"300.24","scan":"0.42","track":"0.61","acq_date":"2026-08-01","acq_time":"300","satellite":"N","instrument":"VIIRS","confidence":"n","version":"2.0NRT","bright_ti5":"287.67","frp":"0.28","daynight":"N","commune":"Blagnac","code_insee":"31069","departement":"Haute-Garonne","region":"Occitanie"}},{"type":"Feature","geometry":{"type":"Point","coordinates":[0.15336,46.80727]},"properties":{"latitude":"46.80727","longitude":"0.15336","bright_ti4":"311.85","scan":"0.57","track":"0.69","acq_date":"2026-08-01","acq_time":"317","satellite":"N20","instrument":"VIIRS","confidence":"n","version":"2.0NRT","bright_ti5":"284.09","frp":"1.95","daynight":"N","commune":"Chouppes","code_insee":"86075","departement":"Vienne","region":"Nouvelle-Aquitaine"}},{"type":"Feature","geometry":{"type":"Point","coordinates":[0.15583,46.8096]},"properties":{"latitude":"46.8096","longitude":"0.15583","bright_ti4":"312.98","scan":"0.57","track":"0.69","acq_date":"2026-08-01","acq_time":"317","satellite":"N20","instrument":"VIIRS","confidence":"n","version":"2.0NRT","bright_ti5":"284.53","frp":"1.7","daynight":"N","commune":"Chouppes","code_insee":"86075","departement":"Vienne","region":"Nouvelle-Aquitaine"}},{"type":"Feature","geometry":{"type":"Point","coordinates":[-1.03545,48.10921]},"properties":{"latitude":"48.10921","longitude":"-1.03545","bright_ti4":"296.33","scan":"0.46","track":"0.63","acq_date":"2026-08-01","acq_time":"317","satellite":"N20","instrument":"VIIRS","confidence":"n","version":"2.0NRT","bright_ti5":"284.4","frp":"0.8","daynight":"N","commune":"Saint-Pierre-la-Cour","code_insee":"53247","departement":"Mayenne","region":"Pays de la Loire"}},{"type":"Feature","geometry":{"type":"Point","coordinates":[2.21477,48.94846]},"properties":{"latitude":"48.94846","longitude":"2.21477","bright_ti4":"296.25","scan":"0.58","track":"0.7","acq_date":"2026-08-01","acq_time":"317","satellite":"N20","instrument":"VIIRS","confidence":"n","version":"2.0NRT","bright_ti5":"283.53","frp":"0.82","daynight":"N","commune":"Argenteuil","code_insee":"95018","departement":"Val-d'Oise","region":"Île-de-France"}},{"type":"Feature","geometry":{"type":"Point","coordinates":[2.21546,48.95114]},"properties":{"latitude":"48.95114","longitude":"2.21546","bright_ti4":"295.75","scan":"0.58","track":"0.7","acq_date":"2026-08-01","acq_time":"317","satellite":"N20","instrument":"VIIRS","confidence":"n","version":"2.0NRT","bright_ti5":"282.6","frp":"0.88","daynight":"N","commune":"Argenteuil","code_insee":"95018","departement":"Val-d'Oise","region":"Île-de-France"}},{"type":"Feature","geometry":{"type":"Point","coordinates":[0.53787,49.47778]},"properties":{"latitude":"49.47778","longitude":"0.53787","bright_ti4":"299.58","scan":"0.48","track":"0.64","acq_date":"2026-08-01","acq_time":"317","satellite":"N20","instrument":"VIIRS","confidence":"n","version":"2.0NRT","bright_ti5":"284.75","frp":"1.05","daynight":"N","commune":"Port-Jérôme-sur-Seine","code_insee":"76476","departement":"Seine-Maritime","region":"Normandie"}},{"type":"Feature","geometry":{"type":"Point","coordinates":[1.14365,42.79615]},"properties":{"latitude":"42.79615","longitude":"1.14365","bright_ti4":"335.07","scan":"0.44","track":"0.38","acq_date":"2026-08-01","acq_time":"1244","satellite":"N","instrument":"VIIRS","confidence":"n","version":"2.0NRT","bright_ti5":"298.15","frp":"5.88","daynight":"D","commune":"Seix","code_insee":"09285","departement":"Ariège","region":"Occitanie"}},{"type":"Feature","geometry":{"type":"Point","coordinates":[1.14912,42.79716]},"properties":{"latitude":"42.79716","longitude":"1.14912","bright_ti4":"346.69","scan":"0.44","track":"0.38","acq_date":"2026-08-01","acq_time":"1244","satellite":"N","instrument":"VIIRS","confidence":"n","version":"2.0NRT","bright_ti5":"301.32","frp":"9.47","daynight":"D","commune":"Seix","code_insee":"09285","departement":"Ariège","region":"Occitanie"}},{"type":"Feature","geometry":{"type":"Point","coordinates":[4.88819,43.43287]},"properties":{"latitude":"43.43287","longitude":"4.88819","bright_ti4":"339.2","scan":"0.38","track":"0.36","acq_date":"2026-08-01","acq_time":"1244","satellite":"N","instrument":"VIIRS","confidence":"l","version":"2.0NRT","bright_ti5":"312.11","frp":"7.12","daynight":"D","commune":"Fos-sur-Mer","code_insee":"13039","departement":"Bouches-du-Rhône","region":"Provence-Alpes-Côte d'Azur"}},{"type":"Feature","geometry":{"type":"Point","coordinates":[4.89194,43.43686]},"properties":{"latitude":"43.43686","longitude":"4.89194","bright_ti4":"342.03","scan":"0.38","track":"0.36","acq_date":"2026-08-01","acq_time":"1244","satellite":"N","instrument":"VIIRS","confidence":"l","version":"2.0NRT","bright_ti5":"314.01","frp":"4.33","daynight":"D","commune":"Fos-sur-Mer","code_insee":"13039","departement":"Bouches-du-Rhône","region":"Provence-Alpes-Côte d'Azur"}},{"type":"Feature","geometry":{"type":"Point","coordinates":[4.891,43.44016]},"properties":{"latitude":"43.44016","longitude":"4.891","bright_ti4":"345.46","scan":"0.38","track":"0.36","acq_date":"2026-08-01","acq_time":"1244","satellite":"N","instrument":"VIIRS","confidence":"n","version":"2.0NRT","bright_ti5":"313.47","frp":"4.33","daynight":"D","commune":"Fos-sur-Mer","code_insee":"13039","departement":"Bouches-du-Rhône","region":"Provence-Alpes-Côte d'Azur"}},{"type":"Feature","geometry":{"type":"Point","coordinates":[4.89857,43.44817]},"properties":{"latitude":"43.44817","longitude":"4.89857","bright_ti4":"339.27","scan":"0.38","track":"0.36","acq_date":"2026-08-01","acq_time":"1244","satellite":"N","instrument":"VIIRS","confidence":"l","version":"2.0NRT","bright_ti5":"312.61","frp":"5.42","daynight":"D","commune":"Fos-sur-Mer","code_insee":"13039","departement":"Bouches-du-Rhône","region":"Provence-Alpes-Côte d'Azur"}},{"type":"Feature","geometry":{"type":"Point","coordinates":[6.09995,43.45712]},"properties":{"latitude":"43.45712","longitude":"6.09995","bright_ti4":"348.32","scan":"0.39","track":"0.36","acq_date":"2026-08-01","acq_time":"1244","satellite":"N","instrument":"VIIRS","confidence":"n","version":"2.0NRT","bright_ti5":"307.56","frp":"15.7","daynight":"D","commune":"Le Val","code_insee":"83143","departement":"Var","region":"Provence-Alpes-Côte d'Azur"}},{"type":"Feature","geometry":{"type":"Point","coordinates":[6.10483,43.45781]},"properties":{"latitude":"43.45781","longitude":"6.10483","bright_ti4":"342.94","scan":"0.39","track":"0.36","acq_date":"2026-08-01","acq_time":"1244","satellite":"N","instrument":"VIIRS","confidence":"n","version":"2.0NRT","bright_ti5":"313.54","frp":"15.7","daynight":"D","commune":"Le Val","code_insee":"83143","departement":"Var","region":"Provence-Alpes-Côte d'Azur"}},{"type":"Feature","geometry":{"type":"Point","coordinates":[6.09413,43.45976]},"properties":{"latitude":"43.45976","longitude":"6.09413","bright_ti4":"346.76","scan":"0.39","track":"0.36","acq_date":"2026-08-01","acq_time":"1244","satellite":"N","instrument":"VIIRS","confidence":"n","version":"2.0NRT","bright_ti5":"311.09","frp":"63.53","daynight":"D","commune":"Le Val","code_insee":"83143","departement":"Var","region":"Provence-Alpes-Côte d'Azur"}},{"type":"Feature","geometry":{"type":"Point","coordinates":[6.10393,43.46114]},"properties":{"latitude":"43.46114","longitude":"6.10393","bright_ti4":"350.13","scan":"0.39","track":"0.36","acq_date":"2026-08-01","acq_time":"1244","satellite":"N","instrument":"VIIRS","confidence":"n","version":"2.0NRT","bright_ti5":"305.1","frp":"15.7","daynight":"D","commune":"Correns","code_insee":"83045","departement":"Var","region":"Provence-Alpes-Côte d'Azur"}},{"type":"Feature","geometry":{"type":"Point","coordinates":[6.07289,43.46368]},"properties":{"latitude":"43.46368","longitude":"6.07289","bright_ti4":"367","scan":"0.39","track":"0.36","acq_date":"2026-08-01","acq_time":"1244","satellite":"N","instrument":"VIIRS","confidence":"l","version":"2.0NRT","bright_ti5":"329.59","frp":"75.45","daynight":"D","commune":"Le Val","code_insee":"83143","departement":"Var","region":"Provence-Alpes-Côte d'Azur"}},{"type":"Feature","geometry":{"type":"Point","coordinates":[6.07774,43.46437]},"properties":{"latitude":"43.46437","longitude":"6.07774","bright_ti4":"349.54","scan":"0.39","track":"0.36","acq_date":"2026-08-01","acq_time":"1244","satellite":"N","instrument":"VIIRS","confidence":"n","version":"2.0NRT","bright_ti5":"306.2","frp":"75.3","daynight":"D","commune":"Correns","code_insee":"83045","departement":"Var","region":"Provence-Alpes-Côte d'Azur"}},{"type":"Feature","geometry":{"type":"Point","coordinates":[6.10304,43.46448]},"properties":{"latitude":"43.46448","longitude":"6.10304","bright_ti4":"367","scan":"0.39","track":"0.36","acq_date":"2026-08-01","acq_time":"1244","satellite":"N","instrument":"VIIRS","confidence":"h","version":"2.0NRT","bright_ti5":"355.36","frp":"67.73","daynight":"D","commune":"Correns","code_insee":"83045","departement":"Var","region":"Provence-Alpes-Côte d'Azur"}},{"type":"Feature","geometry":{"type":"Point","coordinates":[6.10794,43.46516]},"properties":{"latitude":"43.46516","longitude":"6.10794","bright_ti4":"337.8","scan":"0.39","track":"0.36","acq_date":"2026-08-01","acq_time":"1244","satellite":"N","instrument":"VIIRS","confidence":"n","version":"2.0NRT","bright_ti5":"308.36","frp":"37.89","daynight":"D","commune":"Correns","code_insee":"83045","departement":"Var","region":"Provence-Alpes-Côte d'Azur"}},{"type":"Feature","geometry":{"type":"Point","coordinates":[6.07203,43.46702]},"properties":{"latitude":"43.46702","longitude":"6.07203","bright_ti4":"367","scan":"0.39","track":"0.36","acq_date":"2026-08-01","acq_time":"1244","satellite":"N","instrument":"VIIRS","confidence":"h","version":"2.0NRT","bright_ti5":"350.12","frp":"205.28","daynight":"D","commune":"Le Val","code_insee":"83143","departement":"Var","region":"Provence-Alpes-Côte d'Azur"}},{"type":"Feature","geometry":{"type":"Point","coordinates":[6.10217,43.46781]},"properties":{"latitude":"43.46781","longitude":"6.10217","bright_ti4":"339.29","scan":"0.39","track":"0.36","acq_date":"2026-08-01","acq_time":"1244","satellite":"N","instrument":"VIIRS","confidence":"n","version":"2.0NRT","bright_ti5":"308.98","frp":"67.73","daynight":"D","commune":"Correns","code_insee":"83045","departement":"Var","region":"Provence-Alpes-Côte d'Azur"}},{"type":"Feature","geometry":{"type":"Point","coordinates":[6.06542,43.47301]},"properties":{"latitude":"43.47301","longitude":"6.06542","bright_ti4":"350.06","scan":"0.39","track":"0.36","acq_date":"2026-08-01","acq_time":"1244","satellite":"N","instrument":"VIIRS","confidence":"n","version":"2.0NRT","bright_ti5":"313.95","frp":"20.97","daynight":"D","commune":"Correns","code_insee":"83045","departement":"Var","region":"Provence-Alpes-Côte d'Azur"}},{"type":"Feature","geometry":{"type":"Point","coordinates":[6.09949,43.47782]},"properties":{"latitude":"43.47782","longitude":"6.09949","bright_ti4":"357.22","scan":"0.39","track":"0.36","acq_date":"2026-08-01","acq_time":"1244","satellite":"N","instrument":"VIIRS","confidence":"n","version":"2.0NRT","bright_ti5":"316.03","frp":"12.34","daynight":"D","commune":"Correns","code_insee":"83045","departement":"Var","region":"Provence-Alpes-Côte d'Azur"}},{"type":"Feature","geometry":{"type":"Point","coordinates":[6.10427,43.47849]},"properties":{"latitude":"43.47849","longitude":"6.10427","bright_ti4":"350.52","scan":"0.39","track":"0.36","acq_date":"2026-08-01","acq_time":"1244","satellite":"N","instrument":"VIIRS","confidence":"n","version":"2.0NRT","bright_ti5":"318.5","frp":"25.17","daynight":"D","commune":"Montfort-sur-Argens","code_insee":"83083","departement":"Var","region":"Provence-Alpes-Côte d'Azur"}},{"type":"Feature","geometry":{"type":"Point","coordinates":[6.05879,43.47898]},"properties":{"latitude":"43.47898","longitude":"6.05879","bright_ti4":"345.56","scan":"0.39","track":"0.36","acq_date":"2026-08-01","acq_time":"1244","satellite":"N","instrument":"VIIRS","confidence":"n","version":"2.0NRT","bright_ti5":"311.18","frp":"6.99","daynight":"D","commune":"Correns","code_insee":"83045","departement":"Var","region":"Provence-Alpes-Côte d'Azur"}},{"type":"Feature","geometry":{"type":"Point","coordinates":[6.0986,43.48115]},"properties":{"latitude":"43.48115","longitude":"6.0986","bright_ti4":"351.26","scan":"0.39","track":"0.36","acq_date":"2026-08-01","acq_time":"1244","satellite":"N","instrument":"VIIRS","confidence":"n","version":"2.0NRT","bright_ti5":"317.67","frp":"12.34","daynight":"D","commune":"Correns","code_insee":"83045","departement":"Var","region":"Provence-Alpes-Côte d'Azur"}},{"type":"Feature","geometry":{"type":"Point","coordinates":[6.05135,43.48831]},"properties":{"latitude":"43.48831","longitude":"6.05135","bright_ti4":"345.06","scan":"0.39","track":"0.36","acq_date":"2026-08-01","acq_time":"1244","satellite":"N","instrument":"VIIRS","confidence":"l","version":"2.0NRT","bright_ti5":"315.32","frp":"7.1","daynight":"D","commune":"Correns","code_insee":"83045","departement":"Var","region":"Provence-Alpes-Côte d'Azur"}},{"type":"Feature","geometry":{"type":"Point","coordinates":[6.10643,43.48917]},"properties":{"latitude":"43.48917","longitude":"6.10643","bright_ti4":"346.05","scan":"0.39","track":"0.36","acq_date":"2026-08-01","acq_time":"1244","satellite":"N","instrument":"VIIRS","confidence":"n","version":"2.0NRT","bright_ti5":"315.77","frp":"5.79","daynight":"D","commune":"Correns","code_insee":"83045","departement":"Var","region":"Provence-Alpes-Côte d'Azur"}},{"type":"Feature","geometry":{"type":"Point","coordinates":[6.10554,43.49251]},"properties":{"latitude":"43.49251","longitude":"6.10554","bright_ti4":"349.86","scan":"0.39","track":"0.36","acq_date":"2026-08-01","acq_time":"1244","satellite":"N","instrument":"VIIRS","confidence":"n","version":"2.0NRT","bright_ti5":"317.89","frp":"11.64","daynight":"D","commune":"Correns","code_insee":"83045","departement":"Var","region":"Provence-Alpes-Côte d'Azur"}},{"type":"Feature","geometry":{"type":"Point","coordinates":[6.04476,43.49429]},"properties":{"latitude":"43.49429","longitude":"6.04476","bright_ti4":"344.8","scan":"0.39","track":"0.36","acq_date":"2026-08-01","acq_time":"1244","satellite":"N","instrument":"VIIRS","confidence":"l","version":"2.0NRT","bright_ti5":"317.54","frp":"5.08","daynight":"D","commune":"Correns","code_insee":"83045","departement":"Var","region":"Provence-Alpes-Côte d'Azur"}},{"type":"Feature","geometry":{"type":"Point","coordinates":[6.04385,43.49762]},"properties":{"latitude":"43.49762","longitude":"6.04385","bright_ti4":"352.08","scan":"0.39","track":"0.36","acq_date":"2026-08-01","acq_time":"1244","satellite":"N","instrument":"VIIRS","confidence":"n","version":"2.0NRT","bright_ti5":"320.66","frp":"23.07","daynight":"D","commune":"Correns","code_insee":"83045","departement":"Var","region":"Provence-Alpes-Côte d'Azur"}},{"type":"Feature","geometry":{"type":"Point","coordinates":[6.04869,43.49831]},"properties":{"latitude":"43.49831","longitude":"6.04869","bright_ti4":"353.12","scan":"0.39","track":"0.36","acq_date":"2026-08-01","acq_time":"1244","satellite":"N","instrument":"VIIRS","confidence":"l","version":"2.0NRT","bright_ti5":"332.74","frp":"57.66","daynight":"D","commune":"Correns","code_insee":"83045","departement":"Var","region":"Provence-Alpes-Côte d'Azur"}},{"type":"Feature","geometry":{"type":"Point","coordinates":[6.04292,43.50095]},"properties":{"latitude":"43.50095","longitude":"6.04292","bright_ti4":"355.32","scan":"0.39","track":"0.36","acq_date":"2026-08-01","acq_time":"1244","satellite":"N","instrument":"VIIRS","confidence":"n","version":"2.0NRT","bright_ti5":"324.63","frp":"23.07","daynight":"D","commune":"Châteauvert","code_insee":"83039","departement":"Var","region":"Provence-Alpes-Côte d'Azur"}},{"type":"Feature","geometry":{"type":"Point","coordinates":[6.04775,43.50163]},"properties":{"latitude":"43.50163","longitude":"6.04775","bright_ti4":"367","scan":"0.39","track":"0.36","acq_date":"2026-08-01","acq_time":"1244","satellite":"N","instrument":"VIIRS","confidence":"l","version":"2.0NRT","bright_ti5":"328.65","frp":"57.66","daynight":"D","commune":"Correns","code_insee":"83045","departement":"Var","region":"Provence-Alpes-Côte d'Azur"}},{"type":"Feature","geometry":{"type":"Point","coordinates":[6.07783,43.50244]},"properties":{"latitude":"43.50244","longitude":"6.07783","bright_ti4":"343.81","scan":"0.39","track":"0.36","acq_date":"2026-08-01","acq_time":"1244","satellite":"N","instrument":"VIIRS","confidence":"l","version":"2.0NRT","bright_ti5":"316.73","frp":"16.04","daynight":"D","commune":"Correns","code_insee":"83045","departement":"Var","region":"Provence-Alpes-Côte d'Azur"}},{"type":"Feature","geometry":{"type":"Point","coordinates":[6.05745,43.50301]},"properties":{"latitude":"43.50301","longitude":"6.05745","bright_ti4":"367","scan":"0.39","track":"0.36","acq_date":"2026-08-01","acq_time":"1244","satellite":"N","instrument":"VIIRS","confidence":"h","version":"2.0NRT","bright_ti5":"325.13","frp":"16.87","daynight":"D","commune":"Correns","code_insee":"83045","departement":"Var","region":"Provence-Alpes-Côte d'Azur"}},{"type":"Feature","geometry":{"type":"Point","coordinates":[6.06231,43.5037]},"properties":{"latitude":"43.5037","longitude":"6.06231","bright_ti4":"355.94","scan":"0.39","track":"0.36","acq_date":"2026-08-01","acq_time":"1244","satellite":"N","instrument":"VIIRS","confidence":"n","version":"2.0NRT","bright_ti5":"321.13","frp":"16.87","daynight":"D","commune":"Correns","code_insee":"83045","departement":"Var","region":"Provence-Alpes-Côte d'Azur"}},{"type":"Feature","geometry":{"type":"Point","coordinates":[6.06715,43.50438]},"properties":{"latitude":"43.50438","longitude":"6.06715","bright_ti4":"344.15","scan":"0.39","track":"0.36","acq_date":"2026-08-01","acq_time":"1244","satellite":"N","instrument":"VIIRS","confidence":"l","version":"2.0NRT","bright_ti5":"317.56","frp":"15.13","daynight":"D","commune":"Correns","code_insee":"83045","departement":"Var","region":"Provence-Alpes-Côte d'Azur"}},{"type":"Feature","geometry":{"type":"Point","coordinates":[6.07201,43.50507]},"properties":{"latitude":"43.50507","longitude":"6.07201","bright_ti4":"367","scan":"0.39","track":"0.36","acq_date":"2026-08-01","acq_time":"1244","satellite":"N","instrument":"VIIRS","confidence":"l","version":"2.0NRT","bright_ti5":"325.44","frp":"15.13","daynight":"D","commune":"Correns","code_insee":"83045","departement":"Var","region":"Provence-Alpes-Côte d'Azur"}},{"type":"Feature","geometry":{"type":"Point","coordinates":[6.07688,43.50576]},"properties":{"latitude":"43.50576","longitude":"6.07688","bright_ti4":"356.06","scan":"0.39","track":"0.36","acq_date":"2026-08-01","acq_time":"1244","satellite":"N","instrument":"VIIRS","confidence":"n","version":"2.0NRT","bright_ti5":"316.74","frp":"16.04","daynight":"D","commune":"Correns","code_insee":"83045","departement":"Var","region":"Provence-Alpes-Côte d'Azur"}},{"type":"Feature","geometry":{"type":"Point","coordinates":[6.05652,43.50633]},"properties":{"latitude":"43.50633","longitude":"6.05652","bright_ti4":"343.19","scan":"0.39","track":"0.36","acq_date":"2026-08-01","acq_time":"1244","satellite":"N","instrument":"VIIRS","confidence":"n","version":"2.0NRT","bright_ti5":"314.85","frp":"21.86","daynight":"D","commune":"Correns","code_insee":"83045","departement":"Var","region":"Provence-Alpes-Côte d'Azur"}},{"type":"Feature","geometry":{"type":"Point","coordinates":[6.06138,43.50702]},"properties":{"latitude":"43.50702","longitude":"6.06138","bright_ti4":"353.44","scan":"0.39","track":"0.36","acq_date":"2026-08-01","acq_time":"1244","satellite":"N","instrument":"VIIRS","confidence":"l","version":"2.0NRT","bright_ti5":"345.72","frp":"21.86","daynight":"D","commune":"Correns","code_insee":"83045","departement":"Var","region":"Provence-Alpes-Côte d'Azur"}},{"type":"Feature","geometry":{"type":"Point","coordinates":[6.06624,43.50771]},"properties":{"latitude":"43.50771","longitude":"6.06624","bright_ti4":"354.21","scan":"0.39","track":"0.36","acq_date":"2026-08-01","acq_time":"1244","satellite":"N","instrument":"VIIRS","confidence":"l","version":"2.0NRT","bright_ti5":"335.26","frp":"38.29","daynight":"D","commune":"Correns","code_insee":"83045","departement":"Var","region":"Provence-Alpes-Côte d'Azur"}},{"type":"Feature","geometry":{"type":"Point","coordinates":[6.0711,43.5084]},"properties":{"latitude":"43.5084","longitude":"6.0711","bright_ti4":"367","scan":"0.39","track":"0.36","acq_date":"2026-08-01","acq_time":"1244","satellite":"N","instrument":"VIIRS","confidence":"l","version":"2.0NRT","bright_ti5":"332.65","frp":"38.29","daynight":"D","commune":"Correns","code_insee":"83045","departement":"Var","region":"Provence-Alpes-Côte d'Azur"}},{"type":"Feature","geometry":{"type":"Point","coordinates":[6.06047,43.51035]},"properties":{"latitude":"43.51035","longitude":"6.06047","bright_ti4":"346.13","scan":"0.39","track":"0.36","acq_date":"2026-08-01","acq_time":"1244","satellite":"N","instrument":"VIIRS","confidence":"n","version":"2.0NRT","bright_ti5":"312.66","frp":"21.86","daynight":"D","commune":"Correns","code_insee":"83045","departement":"Var","region":"Provence-Alpes-Côte d'Azur"}},{"type":"Feature","geometry":{"type":"Point","coordinates":[6.06533,43.51104]},"properties":{"latitude":"43.51104","longitude":"6.06533","bright_ti4":"345.23","scan":"0.39","track":"0.36","acq_date":"2026-08-01","acq_time":"1244","satellite":"N","instrument":"VIIRS","confidence":"n","version":"2.0NRT","bright_ti5":"314.34","frp":"38.29","daynight":"D","commune":"Correns","code_insee":"83045","departement":"Var","region":"Provence-Alpes-Côte d'Azur"}},{"type":"Feature","geometry":{"type":"Point","coordinates":[6.12023,44.32605]},"properties":{"latitude":"44.32605","longitude":"6.12023","bright_ti4":"342.92","scan":"0.4","track":"0.37","acq_date":"2026-08-01","acq_time":"1244","satellite":"N","instrument":"VIIRS","confidence":"l","version":"2.0NRT","bright_ti5":"313.28","frp":"12.42","daynight":"D","commune":"Bayons","code_insee":"04023","departement":"Alpes-de-Haute-Provence","region":"Provence-Alpes-Côte d'Azur"}},{"type":"Feature","geometry":{"type":"Point","coordinates":[6.12523,44.32674]},"properties":{"latitude":"44.32674","longitude":"6.12523","bright_ti4":"334.62","scan":"0.4","track":"0.37","acq_date":"2026-08-01","acq_time":"1244","satellite":"N","instrument":"VIIRS","confidence":"l","version":"2.0NRT","bright_ti5":"309.2","frp":"12.42","daynight":"D","commune":"Bayons","code_insee":"04023","departement":"Alpes-de-Haute-Provence","region":"Provence-Alpes-Côte d'Azur"}},{"type":"Feature","geometry":{"type":"Point","coordinates":[6.11931,44.3294]},"properties":{"latitude":"44.3294","longitude":"6.11931","bright_ti4":"355.92","scan":"0.4","track":"0.37","acq_date":"2026-08-01","acq_time":"1244","satellite":"N","instrument":"VIIRS","confidence":"n","version":"2.0NRT","bright_ti5":"318.81","frp":"12.42","daynight":"D","commune":"Bayons","code_insee":"04023","departement":"Alpes-de-Haute-Provence","region":"Provence-Alpes-Côte d'Azur"}},{"type":"Feature","geometry":{"type":"Point","coordinates":[6.1183,44.33273]},"properties":{"latitude":"44.33273","longitude":"6.1183","bright_ti4":"337.15","scan":"0.4","track":"0.37","acq_date":"2026-08-01","acq_time":"1244","satellite":"N","instrument":"VIIRS","confidence":"n","version":"2.0NRT","bright_ti5":"305.56","frp":"2.81","daynight":"D","commune":"Bayons","code_insee":"04023","departement":"Alpes-de-Haute-Provence","region":"Provence-Alpes-Côte d'Azur"}},{"type":"Feature","geometry":{"type":"Point","coordinates":[-1.15971,44.84473]},"properties":{"latitude":"44.84473","longitude":"-1.15971","bright_ti4":"332.63","scan":"0.49","track":"0.4","acq_date":"2026-08-01","acq_time":"1244","satellite":"N","instrument":"VIIRS","confidence":"n","version":"2.0NRT","bright_ti5":"299.45","frp":"3.64","daynight":"D","commune":"Le Porge","code_insee":"33333","departement":"Gironde","region":"Nouvelle-Aquitaine"}},{"type":"Feature","geometry":{"type":"Point","coordinates":[2.54838,46.76318]},"properties":{"latitude":"46.76318","longitude":"2.54838","bright_ti4":"357.01","scan":"0.39","track":"0.36","acq_date":"2026-08-01","acq_time":"1244","satellite":"N","instrument":"VIIRS","confidence":"l","version":"2.0NRT","bright_ti5":"305.96","frp":"7.71","daynight":"D","commune":"Arpheuilles","code_insee":"18013","departement":"Cher","region":"Centre-Val de Loire"}},{"type":"Feature","geometry":{"type":"Point","coordinates":[2.55337,46.76399]},"properties":{"latitude":"46.76399","longitude":"2.55337","bright_ti4":"349.26","scan":"0.39","track":"0.36","acq_date":"2026-08-01","acq_time":"1244","satellite":"N","instrument":"VIIRS","confidence":"n","version":"2.0NRT","bright_ti5":"310.5","frp":"21.67","daynight":"D","commune":"Arpheuilles","code_insee":"18013","departement":"Cher","region":"Centre-Val de Loire"}},{"type":"Feature","geometry":{"type":"Point","coordinates":[2.55836,46.7648]},"properties":{"latitude":"46.7648","longitude":"2.55836","bright_ti4":"345.3","scan":"0.39","track":"0.36","acq_date":"2026-08-01","acq_time":"1244","satellite":"N","instrument":"VIIRS","confidence":"n","version":"2.0NRT","bright_ti5":"307.03","frp":"21.67","daynight":"D","commune":"Arpheuilles","code_insee":"18013","departement":"Cher","region":"Centre-Val de Loire"}},{"type":"Feature","geometry":{"type":"Point","coordinates":[2.54226,46.76565]},"properties":{"latitude":"46.76565","longitude":"2.54226","bright_ti4":"335.42","scan":"0.39","track":"0.36","acq_date":"2026-08-01","acq_time":"1244","satellite":"N","instrument":"VIIRS","confidence":"l","version":"2.0NRT","bright_ti5":"306.58","frp":"7.71","daynight":"D","commune":"Meillant","code_insee":"18142","departement":"Cher","region":"Centre-Val de Loire"}},{"type":"Feature","geometry":{"type":"Point","coordinates":[2.54725,46.76646]},"properties":{"latitude":"46.76646","longitude":"2.54725","bright_ti4":"356.35","scan":"0.39","track":"0.36","acq_date":"2026-08-01","acq_time":"1244","satellite":"N","instrument":"VIIRS","confidence":"n","version":"2.0NRT","bright_ti5":"308.31","frp":"7.71","daynight":"D","commune":"Arpheuilles","code_insee":"18013","departement":"Cher","region":"Centre-Val de Loire"}},{"type":"Feature","geometry":{"type":"Point","coordinates":[2.54612,46.76974]},"properties":{"latitude":"46.76974","longitude":"2.54612","bright_ti4":"357.62","scan":"0.39","track":"0.36","acq_date":"2026-08-01","acq_time":"1244","satellite":"N","instrument":"VIIRS","confidence":"l","version":"2.0NRT","bright_ti5":"308.09","frp":"10.11","daynight":"D","commune":"Arpheuilles","code_insee":"18013","departement":"Cher","region":"Centre-Val de Loire"}},{"type":"Feature","geometry":{"type":"Point","coordinates":[2.54,46.77221]},"properties":{"latitude":"46.77221","longitude":"2.54","bright_ti4":"335.96","scan":"0.39","track":"0.36","acq_date":"2026-08-01","acq_time":"1244","satellite":"N","instrument":"VIIRS","confidence":"l","version":"2.0NRT","bright_ti5":"306.93","frp":"10.11","daynight":"D","commune":"Meillant","code_insee":"18142","departement":"Cher","region":"Centre-Val de Loire"}},{"type":"Feature","geometry":{"type":"Point","coordinates":[2.545,46.77301]},"properties":{"latitude":"46.77301","longitude":"2.545","bright_ti4":"347.35","scan":"0.39","track":"0.36","acq_date":"2026-08-01","acq_time":"1244","satellite":"N","instrument":"VIIRS","confidence":"n","version":"2.0NRT","bright_ti5":"307.27","frp":"10.11","daynight":"D","commune":"Arpheuilles","code_insee":"18013","departement":"Cher","region":"Centre-Val de Loire"}},{"type":"Feature","geometry":{"type":"Point","coordinates":[1.19179,46.77621]},"properties":{"latitude":"46.77621","longitude":"1.19179","bright_ti4":"353.55","scan":"0.4","track":"0.37","acq_date":"2026-08-01","acq_time":"1244","satellite":"N","instrument":"VIIRS","confidence":"n","version":"2.0NRT","bright_ti5":"312.59","frp":"19.73","daynight":"D","commune":"Saint-Michel-en-Brenne","code_insee":"36204","departement":"Indre","region":"Centre-Val de Loire"}},{"type":"Feature","geometry":{"type":"Point","coordinates":[1.19056,46.77953]},"properties":{"latitude":"46.77953","longitude":"1.19056","bright_ti4":"344.69","scan":"0.4","track":"0.37","acq_date":"2026-08-01","acq_time":"1244","satellite":"N","instrument":"VIIRS","confidence":"n","version":"2.0NRT","bright_ti5":"316.84","frp":"19.73","daynight":"D","commune":"Saint-Michel-en-Brenne","code_insee":"36204","departement":"Indre","region":"Centre-Val de Loire"}},{"type":"Feature","geometry":{"type":"Point","coordinates":[1.18804,46.7797]},"properties":{"latitude":"46.7797","longitude":"1.18804","bright_ti4":"336.93","scan":"0.4","track":"0.37","acq_date":"2026-08-01","acq_time":"1244","satellite":"N","instrument":"VIIRS","confidence":"n","version":"2.0NRT","bright_ti5":"305.25","frp":"4.22","daynight":"D","commune":"Saint-Michel-en-Brenne","code_insee":"36204","departement":"Indre","region":"Centre-Val de Loire"}},{"type":"Feature","geometry":{"type":"Point","coordinates":[1.19572,46.78042]},"properties":{"latitude":"46.78042","longitude":"1.19572","bright_ti4":"332.79","scan":"0.4","track":"0.37","acq_date":"2026-08-01","acq_time":"1244","satellite":"N","instrument":"VIIRS","confidence":"n","version":"2.0NRT","bright_ti5":"300.82","frp":"19.73","daynight":"D","commune":"Saint-Michel-en-Brenne","code_insee":"36204","departement":"Indre","region":"Centre-Val de Loire"}},{"type":"Feature","geometry":{"type":"Point","coordinates":[1.1932,46.78061]},"properties":{"latitude":"46.78061","longitude":"1.1932","bright_ti4":"342.39","scan":"0.4","track":"0.37","acq_date":"2026-08-01","acq_time":"1244","satellite":"N","instrument":"VIIRS","confidence":"n","version":"2.0NRT","bright_ti5":"309.97","frp":"27.17","daynight":"D","commune":"Saint-Michel-en-Brenne","code_insee":"36204","departement":"Indre","region":"Centre-Val de Loire"}},{"type":"Feature","geometry":{"type":"Point","coordinates":[2.82165,47.58211]},"properties":{"latitude":"47.58211","longitude":"2.82165","bright_ti4":"344.94","scan":"0.38","track":"0.36","acq_date":"2026-08-01","acq_time":"1246","satellite":"N","instrument":"VIIRS","confidence":"n","version":"2.0NRT","bright_ti5":"307.86","frp":"3.37","daynight":"D","commune":"Bonny-sur-Loire","code_insee":"45040","departement":"Loiret","region":"Centre-Val de Loire"}},{"type":"Feature","geometry":{"type":"Point","coordinates":[0.21002,47.61396]},"properties":{"latitude":"47.61396","longitude":"0.21002","bright_ti4":"335.98","scan":"0.41","track":"0.37","acq_date":"2026-08-01","acq_time":"1246","satellite":"N","instrument":"VIIRS","confidence":"n","version":"2.0NRT","bright_ti5":"293.41","frp":"2.12","daynight":"D","commune":"La Chapelle-aux-Choux","code_insee":"72060","departement":"Sarthe","region":"Pays de la Loire"}},{"type":"Feature","geometry":{"type":"Point","coordinates":[1.71666,48.21461]},"properties":{"latitude":"48.21461","longitude":"1.71666","bright_ti4":"337.04","scan":"0.39","track":"0.36","acq_date":"2026-08-01","acq_time":"1246","satellite":"N","instrument":"VIIRS","confidence":"n","version":"2.0NRT","bright_ti5":"310.36","frp":"2.31","daynight":"D","commune":"Éole-en-Beauce","code_insee":"28406","departement":"Eure-et-Loir","region":"Centre-Val de Loire"}},{"type":"Feature","geometry":{"type":"Point","coordinates":[2.88272,50.39673]},"properties":{"latitude":"50.39673","longitude":"2.88272","bright_ti4":"335.05","scan":"0.39","track":"0.36","acq_date":"2026-08-01","acq_time":"1246","satellite":"N","instrument":"VIIRS","confidence":"n","version":"2.0NRT","bright_ti5":"306.33","frp":"1.1","daynight":"D","commune":"Méricourt","code_insee":"62570","departement":"Pas-de-Calais","region":"Hauts-de-France"}},{"type":"Feature","geometry":{"type":"Point","coordinates":[2.27174,51.02877]},"properties":{"latitude":"51.02877","longitude":"2.27174","bright_ti4":"337.59","scan":"0.39","track":"0.36","acq_date":"2026-08-01","acq_time":"1246","satellite":"N","instrument":"VIIRS","confidence":"n","version":"2.0NRT","bright_ti5":"306.71","frp":"2.06","daynight":"D","commune":"Grande-Synthe","code_insee":"59271","departement":"Nord","region":"Hauts-de-France"}},{"type":"Feature","geometry":{"type":"Point","coordinates":[2.27597,51.03286]},"properties":{"latitude":"51.03286","longitude":"2.27597","bright_ti4":"334.33","scan":"0.39","track":"0.36","acq_date":"2026-08-01","acq_time":"1246","satellite":"N","instrument":"VIIRS","confidence":"l","version":"2.0NRT","bright_ti5":"307.15","frp":"2.06","daynight":"D","commune":"Grande-Synthe","code_insee":"59271","departement":"Nord","region":"Hauts-de-France"}},{"type":"Feature","geometry":{"type":"Point","coordinates":[2.28687,51.03447]},"properties":{"latitude":"51.03447","longitude":"2.28687","bright_ti4":"337.83","scan":"0.39","track":"0.36","acq_date":"2026-08-01","acq_time":"1246","satellite":"N","instrument":"VIIRS","confidence":"l","version":"2.0NRT","bright_ti5":"309.79","frp":"6.79","daynight":"D","commune":"Grande-Synthe","code_insee":"59271","departement":"Nord","region":"Hauts-de-France"}},{"type":"Feature","geometry":{"type":"Point","coordinates":[2.30079,51.04345]},"properties":{"latitude":"51.04345","longitude":"2.30079","bright_ti4":"340.9","scan":"0.39","track":"0.36","acq_date":"2026-08-01","acq_time":"1246","satellite":"N","instrument":"VIIRS","confidence":"n","version":"2.0NRT","bright_ti5":"307.2","frp":"5.52","daynight":"D","commune":"Grande-Synthe","code_insee":"59271","departement":"Nord","region":"Hauts-de-France"}},{"type":"Feature","geometry":{"type":"Point","coordinates":[4.90181,43.44473]},"properties":{"latitude":"43.44473","longitude":"4.90181","bright_ti4":"333.47","scan":"0.69","track":"0.74","acq_date":"2026-08-01","acq_time":"1121","satellite":"N20","instrument":"VIIRS","confidence":"n","version":"2.0NRT","bright_ti5":"300.18","frp":"6.29","daynight":"D","commune":"Fos-sur-Mer","code_insee":"13039","departement":"Bouches-du-Rhône","region":"Provence-Alpes-Côte d'Azur"}},{"type":"Feature","geometry":{"type":"Point","coordinates":[6.09602,43.457]},"properties":{"latitude":"43.457","longitude":"6.09602","bright_ti4":"330.77","scan":"0.61","track":"0.71","acq_date":"2026-08-01","acq_time":"1121","satellite":"N20","instrument":"VIIRS","confidence":"l","version":"2.0NRT","bright_ti5":"303.37","frp":"3.88","daynight":"D","commune":"Le Val","code_insee":"83143","departement":"Var","region":"Provence-Alpes-Côte d'Azur"}},{"type":"Feature","geometry":{"type":"Point","coordinates":[6.07655,43.46495]},"properties":{"latitude":"43.46495","longitude":"6.07655","bright_ti4":"346.14","scan":"0.61","track":"0.71","acq_date":"2026-08-01","acq_time":"1121","satellite":"N20","instrument":"VIIRS","confidence":"n","version":"2.0NRT","bright_ti5":"304.4","frp":"13.43","daynight":"D","commune":"Correns","code_insee":"83045","departement":"Var","region":"Provence-Alpes-Côte d'Azur"}},{"type":"Feature","geometry":{"type":"Point","coordinates":[6.09866,43.49376]},"properties":{"latitude":"43.49376","longitude":"6.09866","bright_ti4":"354.12","scan":"0.6","track":"0.71","acq_date":"2026-08-01","acq_time":"1121","satellite":"N20","instrument":"VIIRS","confidence":"n","version":"2.0NRT","bright_ti5":"303.82","frp":"7.84","daynight":"D","commune":"Correns","code_insee":"83045","departement":"Var","region":"Provence-Alpes-Côte d'Azur"}},{"type":"Feature","geometry":{"type":"Point","coordinates":[6.04676,43.49828]},"properties":{"latitude":"43.49828","longitude":"6.04676","bright_ti4":"367","scan":"0.61","track":"0.71","acq_date":"2026-08-01","acq_time":"1121","satellite":"N20","instrument":"VIIRS","confidence":"h","version":"2.0NRT","bright_ti5":"305.34","frp":"17.77","daynight":"D","commune":"Correns","code_insee":"83045","departement":"Var","region":"Provence-Alpes-Côte d'Azur"}},{"type":"Feature","geometry":{"type":"Point","coordinates":[6.0532,43.50128]},"properties":{"latitude":"43.50128","longitude":"6.0532","bright_ti4":"332.59","scan":"0.61","track":"0.71","acq_date":"2026-08-01","acq_time":"1121","satellite":"N20","instrument":"VIIRS","confidence":"n","version":"2.0NRT","bright_ti5":"304.44","frp":"12.16","daynight":"D","commune":"Correns","code_insee":"83045","departement":"Var","region":"Provence-Alpes-Côte d'Azur"}},{"type":"Feature","geometry":{"type":"Point","coordinates":[6.06077,43.50288]},"properties":{"latitude":"43.50288","longitude":"6.06077","bright_ti4":"367","scan":"0.61","track":"0.71","acq_date":"2026-08-01","acq_time":"1121","satellite":"N20","instrument":"VIIRS","confidence":"h","version":"2.0NRT","bright_ti5":"305.88","frp":"11.79","daynight":"D","commune":"Correns","code_insee":"83045","departement":"Var","region":"Provence-Alpes-Côte d'Azur"}},{"type":"Feature","geometry":{"type":"Point","coordinates":[6.06016,43.5036]},"properties":{"latitude":"43.5036","longitude":"6.06016","bright_ti4":"367","scan":"0.61","track":"0.71","acq_date":"2026-08-01","acq_time":"1121","satellite":"N20","instrument":"VIIRS","confidence":"h","version":"2.0NRT","bright_ti5":"305.15","frp":"10.51","daynight":"D","commune":"Correns","code_insee":"83045","departement":"Var","region":"Provence-Alpes-Côte d'Azur"}},{"type":"Feature","geometry":{"type":"Point","coordinates":[6.06789,43.5052]},"properties":{"latitude":"43.5052","longitude":"6.06789","bright_ti4":"335.43","scan":"0.61","track":"0.71","acq_date":"2026-08-01","acq_time":"1121","satellite":"N20","instrument":"VIIRS","confidence":"n","version":"2.0NRT","bright_ti5":"304.05","frp":"6.13","daynight":"D","commune":"Correns","code_insee":"83045","departement":"Var","region":"Provence-Alpes-Côte d'Azur"}},{"type":"Feature","geometry":{"type":"Point","coordinates":[6.07458,43.50739]},"properties":{"latitude":"43.50739","longitude":"6.07458","bright_ti4":"336.57","scan":"0.6","track":"0.71","acq_date":"2026-08-01","acq_time":"1121","satellite":"N20","instrument":"VIIRS","confidence":"n","version":"2.0NRT","bright_ti5":"302.85","frp":"6.13","daynight":"D","commune":"Correns","code_insee":"83045","departement":"Var","region":"Provence-Alpes-Côte d'Azur"}},{"type":"Feature","geometry":{"type":"Point","coordinates":[6.0738,43.50815]},"properties":{"latitude":"43.50815","longitude":"6.0738","bright_ti4":"330.93","scan":"0.6","track":"0.71","acq_date":"2026-08-01","acq_time":"1121","satellite":"N20","instrument":"VIIRS","confidence":"l","version":"2.0NRT","bright_ti5":"302.84","frp":"3.75","daynight":"D","commune":"Correns","code_insee":"83045","departement":"Var","region":"Provence-Alpes-Côte d'Azur"}},{"type":"Feature","geometry":{"type":"Point","coordinates":[6.12093,44.32517]},"properties":{"latitude":"44.32517","longitude":"6.12093","bright_ti4":"333.14","scan":"0.57","track":"0.69","acq_date":"2026-08-01","acq_time":"1121","satellite":"N20","instrument":"VIIRS","confidence":"n","version":"2.0NRT","bright_ti5":"300.81","frp":"9.26","daynight":"D","commune":"Bayons","code_insee":"04023","departement":"Alpes-de-Haute-Provence","region":"Provence-Alpes-Côte d'Azur"}},{"type":"Feature","geometry":{"type":"Point","coordinates":[6.12692,44.32715]},"properties":{"latitude":"44.32715","longitude":"6.12692","bright_ti4":"367","scan":"0.57","track":"0.69","acq_date":"2026-08-01","acq_time":"1121","satellite":"N20","instrument":"VIIRS","confidence":"h","version":"2.0NRT","bright_ti5":"301.65","frp":"9.26","daynight":"D","commune":"Bayons","code_insee":"04023","departement":"Alpes-de-Haute-Provence","region":"Provence-Alpes-Côte d'Azur"}},{"type":"Feature","geometry":{"type":"Point","coordinates":[6.1247,44.32893]},"properties":{"latitude":"44.32893","longitude":"6.1247","bright_ti4":"367","scan":"0.57","track":"0.69","acq_date":"2026-08-01","acq_time":"1121","satellite":"N20","instrument":"VIIRS","confidence":"h","version":"2.0NRT","bright_ti5":"302.47","frp":"15.78","daynight":"D","commune":"Bayons","code_insee":"04023","departement":"Alpes-de-Haute-Provence","region":"Provence-Alpes-Côte d'Azur"}},{"type":"Feature","geometry":{"type":"Point","coordinates":[1.19595,46.77962]},"properties":{"latitude":"46.77962","longitude":"1.19595","bright_ti4":"367","scan":"0.76","track":"0.77","acq_date":"2026-08-01","acq_time":"1123","satellite":"N20","instrument":"VIIRS","confidence":"h","version":"2.0NRT","bright_ti5":"292.58","frp":"21.65","daynight":"D","commune":"Saint-Michel-en-Brenne","code_insee":"36204","departement":"Indre","region":"Centre-Val de Loire"}},{"type":"Feature","geometry":{"type":"Point","coordinates":[1.1928,46.78041]},"properties":{"latitude":"46.78041","longitude":"1.1928","bright_ti4":"356.51","scan":"0.76","track":"0.77","acq_date":"2026-08-01","acq_time":"1123","satellite":"N20","instrument":"VIIRS","confidence":"n","version":"2.0NRT","bright_ti5":"292.98","frp":"20.43","daynight":"D","commune":"Saint-Michel-en-Brenne","code_insee":"36204","departement":"Indre","region":"Centre-Val de Loire"}},{"type":"Feature","geometry":{"type":"Point","coordinates":[-0.12831,48.92411]},"properties":{"latitude":"48.92411","longitude":"-0.12831","bright_ti4":"334.28","scan":"0.71","track":"0.75","acq_date":"2026-08-01","acq_time":"1123","satellite":"N20","instrument":"VIIRS","confidence":"n","version":"2.0NRT","bright_ti5":"292.2","frp":"5.46","daynight":"D","commune":"Damblainville","code_insee":"14216","departement":"Calvados","region":"Normandie"}},{"type":"Feature","geometry":{"type":"Point","coordinates":[-0.12589,48.93223]},"properties":{"latitude":"48.93223","longitude":"-0.12589","bright_ti4":"332.54","scan":"0.71","track":"0.75","acq_date":"2026-08-01","acq_time":"1123","satellite":"N20","instrument":"VIIRS","confidence":"n","version":"2.0NRT","bright_ti5":"291.98","frp":"8.95","daynight":"D","commune":"Bernières-d'Ailly","code_insee":"14064","departement":"Calvados","region":"Normandie"}},{"type":"Feature","geometry":{"type":"Point","coordinates":[2.30072,51.04263]},"properties":{"latitude":"51.04263","longitude":"2.30072","bright_ti4":"344.06","scan":"0.48","track":"0.65","acq_date":"2026-08-01","acq_time":"1125","satellite":"N20","instrument":"VIIRS","confidence":"n","version":"2.0NRT","bright_ti5":"299.68","frp":"5.11","daynight":"D","commune":"Grande-Synthe","code_insee":"59271","departement":"Nord","region":"Hauts-de-France"}},{"type":"Feature","geometry":{"type":"Point","coordinates":[1.14522,42.7955]},"properties":{"latitude":"42.7955","longitude":"1.14522","bright_ti4":"338.06","scan":"0.41","track":"0.37","acq_date":"2026-08-01","acq_time":"1301","satellite":"N20","instrument":"VIIRS","confidence":"n","version":"2.0NRT","bright_ti5":"307.84","frp":"10.86","daynight":"D","commune":"Seix","code_insee":"09285","departement":"Ariège","region":"Occitanie"}},{"type":"Feature","geometry":{"type":"Point","coordinates":[1.15022,42.79615]},"properties":{"latitude":"42.79615","longitude":"1.15022","bright_ti4":"346.48","scan":"0.41","track":"0.37","acq_date":"2026-08-01","acq_time":"1301","satellite":"N20","instrument":"VIIRS","confidence":"n","version":"2.0NRT","bright_ti5":"306.06","frp":"9.06","daynight":"D","commune":"Seix","code_insee":"09285","departement":"Ariège","region":"Occitanie"}},{"type":"Feature","geometry":{"type":"Point","coordinates":[4.89232,43.43743]},"properties":{"latitude":"43.43743","longitude":"4.89232","bright_ti4":"337.28","scan":"0.57","track":"0.43","acq_date":"2026-08-01","acq_time":"1301","satellite":"N20","instrument":"VIIRS","confidence":"l","version":"2.0NRT","bright_ti5":"311.74","frp":"10.69","daynight":"D","commune":"Fos-sur-Mer","code_insee":"13039","departement":"Bouches-du-Rhône","region":"Provence-Alpes-Côte d'Azur"}},{"type":"Feature","geometry":{"type":"Point","coordinates":[4.89801,43.44608]},"properties":{"latitude":"43.44608","longitude":"4.89801","bright_ti4":"346.09","scan":"0.57","track":"0.43","acq_date":"2026-08-01","acq_time":"1301","satellite":"N20","instrument":"VIIRS","confidence":"n","version":"2.0NRT","bright_ti5":"310.25","frp":"15.31","daynight":"D","commune":"Fos-sur-Mer","code_insee":"13039","departement":"Bouches-du-Rhône","region":"Provence-Alpes-Côte d'Azur"}},{"type":"Feature","geometry":{"type":"Point","coordinates":[6.09064,43.4546]},"properties":{"latitude":"43.4546","longitude":"6.09064","bright_ti4":"338.79","scan":"0.43","track":"0.46","acq_date":"2026-08-01","acq_time":"1301","satellite":"N20","instrument":"VIIRS","confidence":"l","version":"2.0NRT","bright_ti5":"310.56","frp":"12.12","daynight":"D","commune":"Le Val","code_insee":"83143","departement":"Var","region":"Provence-Alpes-Côte d'Azur"}},{"type":"Feature","geometry":{"type":"Point","coordinates":[6.09622,43.45507]},"properties":{"latitude":"43.45507","longitude":"6.09622","bright_ti4":"356.16","scan":"0.43","track":"0.46","acq_date":"2026-08-01","acq_time":"1301","satellite":"N20","instrument":"VIIRS","confidence":"n","version":"2.0NRT","bright_ti5":"314.62","frp":"12.12","daynight":"D","commune":"Le Val","code_insee":"83143","departement":"Var","region":"Provence-Alpes-Côte d'Azur"}},{"type":"Feature","geometry":{"type":"Point","coordinates":[6.07864,43.45786]},"properties":{"latitude":"43.45786","longitude":"6.07864","bright_ti4":"345.85","scan":"0.43","track":"0.46","acq_date":"2026-08-01","acq_time":"1301","satellite":"N20","instrument":"VIIRS","confidence":"n","version":"2.0NRT","bright_ti5":"312.71","frp":"101.21","daynight":"D","commune":"Le Val","code_insee":"83143","departement":"Var","region":"Provence-Alpes-Côte d'Azur"}},{"type":"Feature","geometry":{"type":"Point","coordinates":[6.10666,43.46025]},"properties":{"latitude":"43.46025","longitude":"6.10666","bright_ti4":"337.32","scan":"0.43","track":"0.46","acq_date":"2026-08-01","acq_time":"1301","satellite":"N20","instrument":"VIIRS","confidence":"n","version":"2.0NRT","bright_ti5":"306.49","frp":"38.45","daynight":"D","commune":"Correns","code_insee":"83045","departement":"Var","region":"Provence-Alpes-Côte d'Azur"}},{"type":"Feature","geometry":{"type":"Point","coordinates":[6.07243,43.46162]},"properties":{"latitude":"43.46162","longitude":"6.07243","bright_ti4":"367","scan":"0.43","track":"0.46","acq_date":"2026-08-01","acq_time":"1301","satellite":"N20","instrument":"VIIRS","confidence":"h","version":"2.0NRT","bright_ti5":"327.98","frp":"141.68","daynight":"D","commune":"Le Val","code_insee":"83143","departement":"Var","region":"Provence-Alpes-Côte d'Azur"}},{"type":"Feature","geometry":{"type":"Point","coordinates":[6.07788,43.46209]},"properties":{"latitude":"43.46209","longitude":"6.07788","bright_ti4":"367","scan":"0.43","track":"0.46","acq_date":"2026-08-01","acq_time":"1301","satellite":"N20","instrument":"VIIRS","confidence":"h","version":"2.0NRT","bright_ti5":"343.67","frp":"101.21","daynight":"D","commune":"Le Val","code_insee":"83143","departement":"Var","region":"Provence-Alpes-Côte d'Azur"}},{"type":"Feature","geometry":{"type":"Point","coordinates":[6.08337,43.46255]},"properties":{"latitude":"43.46255","longitude":"6.08337","bright_ti4":"339.26","scan":"0.43","track":"0.46","acq_date":"2026-08-01","acq_time":"1301","satellite":"N20","instrument":"VIIRS","confidence":"n","version":"2.0NRT","bright_ti5":"306","frp":"101.21","daynight":"D","commune":"Le Val","code_insee":"83143","departement":"Var","region":"Provence-Alpes-Côte d'Azur"}},{"type":"Feature","geometry":{"type":"Point","coordinates":[6.106,43.46449]},"properties":{"latitude":"43.46449","longitude":"6.106","bright_ti4":"342.59","scan":"0.43","track":"0.46","acq_date":"2026-08-01","acq_time":"1301","satellite":"N20","instrument":"VIIRS","confidence":"n","version":"2.0NRT","bright_ti5":"309.43","frp":"38.45","daynight":"D","commune":"Correns","code_insee":"83045","departement":"Var","region":"Provence-Alpes-Côte d'Azur"}},{"type":"Feature","geometry":{"type":"Point","coordinates":[6.06648,43.46539]},"properties":{"latitude":"43.46539","longitude":"6.06648","bright_ti4":"337.57","scan":"0.43","track":"0.46","acq_date":"2026-08-01","acq_time":"1301","satellite":"N20","instrument":"VIIRS","confidence":"n","version":"2.0NRT","bright_ti5":"311.07","frp":"42.32","daynight":"D","commune":"Le Val","code_insee":"83143","departement":"Var","region":"Provence-Alpes-Côte d'Azur"}},{"type":"Feature","geometry":{"type":"Point","coordinates":[6.07187,43.46585]},"properties":{"latitude":"43.46585","longitude":"6.07187","bright_ti4":"367","scan":"0.43","track":"0.46","acq_date":"2026-08-01","acq_time":"1301","satellite":"N20","instrument":"VIIRS","confidence":"l","version":"2.0NRT","bright_ti5":"331.14","frp":"42.32","daynight":"D","commune":"Le Val","code_insee":"83143","departement":"Var","region":"Provence-Alpes-Côte d'Azur"}},{"type":"Feature","geometry":{"type":"Point","coordinates":[6.0773,43.46632]},"properties":{"latitude":"43.46632","longitude":"6.0773","bright_ti4":"336.81","scan":"0.43","track":"0.46","acq_date":"2026-08-01","acq_time":"1301","satellite":"N20","instrument":"VIIRS","confidence":"n","version":"2.0NRT","bright_ti5":"307.35","frp":"11.43","daynight":"D","commune":"Correns","code_insee":"83045","departement":"Var","region":"Provence-Alpes-Côte d'Azur"}},{"type":"Feature","geometry":{"type":"Point","coordinates":[6.06586,43.46962]},"properties":{"latitude":"43.46962","longitude":"6.06586","bright_ti4":"367","scan":"0.43","track":"0.46","acq_date":"2026-08-01","acq_time":"1301","satellite":"N20","instrument":"VIIRS","confidence":"h","version":"2.0NRT","bright_ti5":"312.68","frp":"42.32","daynight":"D","commune":"Correns","code_insee":"83045","departement":"Var","region":"Provence-Alpes-Côte d'Azur"}},{"type":"Feature","geometry":{"type":"Point","coordinates":[6.09915,43.47248]},"properties":{"latitude":"43.47248","longitude":"6.09915","bright_ti4":"339.27","scan":"0.43","track":"0.46","acq_date":"2026-08-01","acq_time":"1301","satellite":"N20","instrument":"VIIRS","confidence":"n","version":"2.0NRT","bright_ti5":"308.51","frp":"6.24","daynight":"D","commune":"Montfort-sur-Argens","code_insee":"83083","departement":"Var","region":"Provence-Alpes-Côte d'Azur"}},{"type":"Feature","geometry":{"type":"Point","coordinates":[6.05976,43.47338]},"properties":{"latitude":"43.47338","longitude":"6.05976","bright_ti4":"343.77","scan":"0.43","track":"0.46","acq_date":"2026-08-01","acq_time":"1301","satellite":"N20","instrument":"VIIRS","confidence":"n","version":"2.0NRT","bright_ti5":"314.35","frp":"10.64","daynight":"D","commune":"Correns","code_insee":"83045","departement":"Var","region":"Provence-Alpes-Côte d'Azur"}},{"type":"Feature","geometry":{"type":"Point","coordinates":[6.06523,43.47385]},"properties":{"latitude":"43.47385","longitude":"6.06523","bright_ti4":"342.13","scan":"0.43","track":"0.46","acq_date":"2026-08-01","acq_time":"1301","satellite":"N20","instrument":"VIIRS","confidence":"n","version":"2.0NRT","bright_ti5":"311.57","frp":"12.99","daynight":"D","commune":"Correns","code_insee":"83045","departement":"Var","region":"Provence-Alpes-Côte d'Azur"}},{"type":"Feature","geometry":{"type":"Point","coordinates":[6.09847,43.47671]},"properties":{"latitude":"43.47671","longitude":"6.09847","bright_ti4":"355.74","scan":"0.43","track":"0.46","acq_date":"2026-08-01","acq_time":"1301","satellite":"N20","instrument":"VIIRS","confidence":"n","version":"2.0NRT","bright_ti5":"312.95","frp":"20.75","daynight":"D","commune":"Montfort-sur-Argens","code_insee":"83083","departement":"Var","region":"Provence-Alpes-Côte d'Azur"}},{"type":"Feature","geometry":{"type":"Point","coordinates":[6.10357,43.47715]},"properties":{"latitude":"43.47715","longitude":"6.10357","bright_ti4":"352.41","scan":"0.43","track":"0.46","acq_date":"2026-08-01","acq_time":"1301","satellite":"N20","instrument":"VIIRS","confidence":"n","version":"2.0NRT","bright_ti5":"320.96","frp":"20.75","daynight":"D","commune":"Montfort-sur-Argens","code_insee":"83083","departement":"Var","region":"Provence-Alpes-Côte d'Azur"}},{"type":"Feature","geometry":{"type":"Point","coordinates":[6.05906,43.4776]},"properties":{"latitude":"43.4776","longitude":"6.05906","bright_ti4":"345.94","scan":"0.43","track":"0.46","acq_date":"2026-08-01","acq_time":"1301","satellite":"N20","instrument":"VIIRS","confidence":"n","version":"2.0NRT","bright_ti5":"310.14","frp":"10.64","daynight":"D","commune":"Correns","code_insee":"83045","departement":"Var","region":"Provence-Alpes-Côte d'Azur"}},{"type":"Feature","geometry":{"type":"Point","coordinates":[6.09779,43.48095]},"properties":{"latitude":"43.48095","longitude":"6.09779","bright_ti4":"343.75","scan":"0.43","track":"0.46","acq_date":"2026-08-01","acq_time":"1301","satellite":"N20","instrument":"VIIRS","confidence":"l","version":"2.0NRT","bright_ti5":"314.55","frp":"20.75","daynight":"D","commune":"Correns","code_insee":"83045","departement":"Var","region":"Provence-Alpes-Côte d'Azur"}},{"type":"Feature","geometry":{"type":"Point","coordinates":[6.09625,43.4894]},"properties":{"latitude":"43.4894","longitude":"6.09625","bright_ti4":"341.4","scan":"0.43","track":"0.46","acq_date":"2026-08-01","acq_time":"1301","satellite":"N20","instrument":"VIIRS","confidence":"l","version":"2.0NRT","bright_ti5":"313.6","frp":"5.5","daynight":"D","commune":"Correns","code_insee":"83045","departement":"Var","region":"Provence-Alpes-Côte d'Azur"}},{"type":"Feature","geometry":{"type":"Point","coordinates":[6.10138,43.48984]},"properties":{"latitude":"43.48984","longitude":"6.10138","bright_ti4":"339.18","scan":"0.43","track":"0.46","acq_date":"2026-08-01","acq_time":"1301","satellite":"N20","instrument":"VIIRS","confidence":"l","version":"2.0NRT","bright_ti5":"313.93","frp":"5.5","daynight":"D","commune":"Correns","code_insee":"83045","departement":"Var","region":"Provence-Alpes-Côte d'Azur"}},{"type":"Feature","geometry":{"type":"Point","coordinates":[6.10656,43.49029]},"properties":{"latitude":"43.49029","longitude":"6.10656","bright_ti4":"345.14","scan":"0.43","track":"0.46","acq_date":"2026-08-01","acq_time":"1301","satellite":"N20","instrument":"VIIRS","confidence":"l","version":"2.0NRT","bright_ti5":"315.88","frp":"8.33","daynight":"D","commune":"Correns","code_insee":"83045","departement":"Var","region":"Provence-Alpes-Côte d'Azur"}},{"type":"Feature","geometry":{"type":"Point","coordinates":[6.11758,43.49124]},"properties":{"latitude":"43.49124","longitude":"6.11758","bright_ti4":"338.85","scan":"0.44","track":"0.46","acq_date":"2026-08-01","acq_time":"1301","satellite":"N20","instrument":"VIIRS","confidence":"l","version":"2.0NRT","bright_ti5":"313.15","frp":"5.71","daynight":"D","commune":"Montfort-sur-Argens","code_insee":"83083","departement":"Var","region":"Provence-Alpes-Côte d'Azur"}},{"type":"Feature","geometry":{"type":"Point","coordinates":[6.04082,43.49315]},"properties":{"latitude":"43.49315","longitude":"6.04082","bright_ti4":"345.57","scan":"0.43","track":"0.46","acq_date":"2026-08-01","acq_time":"1301","satellite":"N20","instrument":"VIIRS","confidence":"n","version":"2.0NRT","bright_ti5":"311.73","frp":"13.44","daynight":"D","commune":"Châteauvert","code_insee":"83039","departement":"Var","region":"Provence-Alpes-Côte d'Azur"}},{"type":"Feature","geometry":{"type":"Point","coordinates":[6.04618,43.49361]},"properties":{"latitude":"43.49361","longitude":"6.04618","bright_ti4":"339.82","scan":"0.43","track":"0.46","acq_date":"2026-08-01","acq_time":"1301","satellite":"N20","instrument":"VIIRS","confidence":"l","version":"2.0NRT","bright_ti5":"311.16","frp":"13.44","daynight":"D","commune":"Correns","code_insee":"83045","departement":"Var","region":"Provence-Alpes-Côte d'Azur"}},{"type":"Feature","geometry":{"type":"Point","coordinates":[6.10581,43.49451]},"properties":{"latitude":"43.49451","longitude":"6.10581","bright_ti4":"344.29","scan":"0.43","track":"0.46","acq_date":"2026-08-01","acq_time":"1301","satellite":"N20","instrument":"VIIRS","confidence":"l","version":"2.0NRT","bright_ti5":"315.2","frp":"5.72","daynight":"D","commune":"Correns","code_insee":"83045","departement":"Var","region":"Provence-Alpes-Côte d'Azur"}},{"type":"Feature","geometry":{"type":"Point","coordinates":[6.04009,43.49736]},"properties":{"latitude":"43.49736","longitude":"6.04009","bright_ti4":"344.23","scan":"0.43","track":"0.46","acq_date":"2026-08-01","acq_time":"1301","satellite":"N20","instrument":"VIIRS","confidence":"n","version":"2.0NRT","bright_ti5":"313.51","frp":"24.38","daynight":"D","commune":"Châteauvert","code_insee":"83039","departement":"Var","region":"Provence-Alpes-Côte d'Azur"}},{"type":"Feature","geometry":{"type":"Point","coordinates":[6.04539,43.49783]},"properties":{"latitude":"43.49783","longitude":"6.04539","bright_ti4":"352.94","scan":"0.43","track":"0.46","acq_date":"2026-08-01","acq_time":"1301","satellite":"N20","instrument":"VIIRS","confidence":"n","version":"2.0NRT","bright_ti5":"319.69","frp":"24.38","daynight":"D","commune":"Correns","code_insee":"83045","departement":"Var","region":"Provence-Alpes-Côte d'Azur"}},{"type":"Feature","geometry":{"type":"Point","coordinates":[6.05081,43.4983]},"properties":{"latitude":"43.4983","longitude":"6.05081","bright_ti4":"349.47","scan":"0.43","track":"0.46","acq_date":"2026-08-01","acq_time":"1301","satellite":"N20","instrument":"VIIRS","confidence":"n","version":"2.0NRT","bright_ti5":"316.75","frp":"20.76","daynight":"D","commune":"Correns","code_insee":"83045","departement":"Var","region":"Provence-Alpes-Côte d'Azur"}},{"type":"Feature","geometry":{"type":"Point","coordinates":[6.05631,43.49878]},"properties":{"latitude":"43.49878","longitude":"6.05631","bright_ti4":"340.98","scan":"0.43","track":"0.46","acq_date":"2026-08-01","acq_time":"1301","satellite":"N20","instrument":"VIIRS","confidence":"l","version":"2.0NRT","bright_ti5":"314.22","frp":"20.76","daynight":"D","commune":"Correns","code_insee":"83045","departement":"Var","region":"Provence-Alpes-Côte d'Azur"}},{"type":"Feature","geometry":{"type":"Point","coordinates":[6.05516,43.50297]},"properties":{"latitude":"43.50297","longitude":"6.05516","bright_ti4":"355.2","scan":"0.43","track":"0.46","acq_date":"2026-08-01","acq_time":"1301","satellite":"N20","instrument":"VIIRS","confidence":"n","version":"2.0NRT","bright_ti5":"315.95","frp":"20.76","daynight":"D","commune":"Correns","code_insee":"83045","departement":"Var","region":"Provence-Alpes-Côte d'Azur"}},{"type":"Feature","geometry":{"type":"Point","coordinates":[6.06065,43.50345]},"properties":{"latitude":"43.50345","longitude":"6.06065","bright_ti4":"356.05","scan":"0.43","track":"0.46","acq_date":"2026-08-01","acq_time":"1301","satellite":"N20","instrument":"VIIRS","confidence":"n","version":"2.0NRT","bright_ti5":"318.79","frp":"13.86","daynight":"D","commune":"Correns","code_insee":"83045","departement":"Var","region":"Provence-Alpes-Côte d'Azur"}},{"type":"Feature","geometry":{"type":"Point","coordinates":[6.06606,43.50392]},"properties":{"latitude":"43.50392","longitude":"6.06606","bright_ti4":"340.27","scan":"0.43","track":"0.46","acq_date":"2026-08-01","acq_time":"1301","satellite":"N20","instrument":"VIIRS","confidence":"l","version":"2.0NRT","bright_ti5":"312.12","frp":"13.86","daynight":"D","commune":"Correns","code_insee":"83045","departement":"Var","region":"Provence-Alpes-Côte d'Azur"}},{"type":"Feature","geometry":{"type":"Point","coordinates":[6.07148,43.50439]},"properties":{"latitude":"43.50439","longitude":"6.07148","bright_ti4":"355.96","scan":"0.43","track":"0.46","acq_date":"2026-08-01","acq_time":"1301","satellite":"N20","instrument":"VIIRS","confidence":"n","version":"2.0NRT","bright_ti5":"314.34","frp":"15.35","daynight":"D","commune":"Correns","code_insee":"83045","departement":"Var","region":"Provence-Alpes-Côte d'Azur"}},{"type":"Feature","geometry":{"type":"Point","coordinates":[6.07705,43.50488]},"properties":{"latitude":"43.50488","longitude":"6.07705","bright_ti4":"367","scan":"0.43","track":"0.46","acq_date":"2026-08-01","acq_time":"1301","satellite":"N20","instrument":"VIIRS","confidence":"h","version":"2.0NRT","bright_ti5":"309.87","frp":"15.35","daynight":"D","commune":"Correns","code_insee":"83045","departement":"Var","region":"Provence-Alpes-Côte d'Azur"}},{"type":"Feature","geometry":{"type":"Point","coordinates":[6.05972,43.50765]},"properties":{"latitude":"43.50765","longitude":"6.05972","bright_ti4":"352.13","scan":"0.43","track":"0.46","acq_date":"2026-08-01","acq_time":"1301","satellite":"N20","instrument":"VIIRS","confidence":"n","version":"2.0NRT","bright_ti5":"317.2","frp":"50.33","daynight":"D","commune":"Correns","code_insee":"83045","departement":"Var","region":"Provence-Alpes-Côte d'Azur"}},{"type":"Feature","geometry":{"type":"Point","coordinates":[6.0652,43.50813]},"properties":{"latitude":"43.50813","longitude":"6.0652","bright_ti4":"367","scan":"0.43","track":"0.46","acq_date":"2026-08-01","acq_time":"1301","satellite":"N20","instrument":"VIIRS","confidence":"l","version":"2.0NRT","bright_ti5":"328.76","frp":"50.33","daynight":"D","commune":"Correns","code_insee":"83045","departement":"Var","region":"Provence-Alpes-Côte d'Azur"}},{"type":"Feature","geometry":{"type":"Point","coordinates":[6.07067,43.50861]},"properties":{"latitude":"43.50861","longitude":"6.07067","bright_ti4":"355.51","scan":"0.43","track":"0.46","acq_date":"2026-08-01","acq_time":"1301","satellite":"N20","instrument":"VIIRS","confidence":"n","version":"2.0NRT","bright_ti5":"312.64","frp":"49.5","daynight":"D","commune":"Correns","code_insee":"83045","departement":"Var","region":"Provence-Alpes-Côte d'Azur"}},{"type":"Feature","geometry":{"type":"Point","coordinates":[6.11577,44.32694]},"properties":{"latitude":"44.32694","longitude":"6.11577","bright_ti4":"339.99","scan":"0.44","track":"0.46","acq_date":"2026-08-01","acq_time":"1304","satellite":"N20","instrument":"VIIRS","confidence":"n","version":"2.0NRT","bright_ti5":"309.8","frp":"9.82","daynight":"D","commune":"Bayons","code_insee":"04023","departement":"Alpes-de-Haute-Provence","region":"Provence-Alpes-Côte d'Azur"}},{"type":"Feature","geometry":{"type":"Point","coordinates":[6.12141,44.32741]},"properties":{"latitude":"44.32741","longitude":"6.12141","bright_ti4":"367","scan":"0.45","track":"0.47","acq_date":"2026-08-01","acq_time":"1304","satellite":"N20","instrument":"VIIRS","confidence":"h","version":"2.0NRT","bright_ti5":"314.26","frp":"9.82","daynight":"D","commune":"Bayons","code_insee":"04023","departement":"Alpes-de-Haute-Provence","region":"Provence-Alpes-Côte d'Azur"}},{"type":"Feature","geometry":{"type":"Point","coordinates":[0.57978,44.40062]},"properties":{"latitude":"44.40062","longitude":"0.57978","bright_ti4":"340.23","scan":"0.41","track":"0.37","acq_date":"2026-08-01","acq_time":"1304","satellite":"N20","instrument":"VIIRS","confidence":"n","version":"2.0NRT","bright_ti5":"305.38","frp":"1.94","daynight":"D","commune":"Sainte-Livrade-sur-Lot","code_insee":"47252","departement":"Lot-et-Garonne","region":"Nouvelle-Aquitaine"}},{"type":"Feature","geometry":{"type":"Point","coordinates":[1.19257,46.77803]},"properties":{"latitude":"46.77803","longitude":"1.19257","bright_ti4":"347.19","scan":"0.45","track":"0.39","acq_date":"2026-08-01","acq_time":"1304","satellite":"N20","instrument":"VIIRS","confidence":"n","version":"2.0NRT","bright_ti5":"309.21","frp":"16.27","daynight":"D","commune":"Saint-Michel-en-Brenne","code_insee":"36204","departement":"Indre","region":"Centre-Val de Loire"}},{"type":"Feature","geometry":{"type":"Point","coordinates":[1.18827,46.779]},"properties":{"latitude":"46.779","longitude":"1.18827","bright_ti4":"335.7","scan":"0.45","track":"0.39","acq_date":"2026-08-01","acq_time":"1304","satellite":"N20","instrument":"VIIRS","confidence":"n","version":"2.0NRT","bright_ti5":"303.55","frp":"8.64","daynight":"D","commune":"Saint-Michel-en-Brenne","code_insee":"36204","departement":"Indre","region":"Centre-Val de Loire"}},{"type":"Feature","geometry":{"type":"Point","coordinates":[1.19414,46.77969]},"properties":{"latitude":"46.77969","longitude":"1.19414","bright_ti4":"338.71","scan":"0.45","track":"0.39","acq_date":"2026-08-01","acq_time":"1304","satellite":"N20","instrument":"VIIRS","confidence":"n","version":"2.0NRT","bright_ti5":"304.44","frp":"8.64","daynight":"D","commune":"Saint-Michel-en-Brenne","code_insee":"36204","departement":"Indre","region":"Centre-Val de Loire"}},{"type":"Feature","geometry":{"type":"Point","coordinates":[0.15416,46.80804]},"properties":{"latitude":"46.80804","longitude":"0.15416","bright_ti4":"338.86","scan":"0.42","track":"0.38","acq_date":"2026-08-01","acq_time":"1304","satellite":"N20","instrument":"VIIRS","confidence":"n","version":"2.0NRT","bright_ti5":"306.01","frp":"1.66","daynight":"D","commune":"Chouppes","code_insee":"86075","departement":"Vienne","region":"Nouvelle-Aquitaine"}},{"type":"Feature","geometry":{"type":"Point","coordinates":[3.72888,49.61265]},"properties":{"latitude":"49.61265","longitude":"3.72888","bright_ti4":"355.51","scan":"0.4","track":"0.44","acq_date":"2026-08-01","acq_time":"1304","satellite":"N20","instrument":"VIIRS","confidence":"n","version":"2.0NRT","bright_ti5":"309.14","frp":"9.11","daynight":"D","commune":"Samoussy","code_insee":"02697","departement":"Aisne","region":"Hauts-de-France"}},{"type":"Feature","geometry":{"type":"Point","coordinates":[3.73121,49.61377]},"properties":{"latitude":"49.61377","longitude":"3.73121","bright_ti4":"342.82","scan":"0.4","track":"0.44","acq_date":"2026-08-01","acq_time":"1304","satellite":"N20","instrument":"VIIRS","confidence":"n","version":"2.0NRT","bright_ti5":"309.01","frp":"7.28","daynight":"D","commune":"Samoussy","code_insee":"02697","departement":"Aisne","region":"Hauts-de-France"}},{"type":"Feature","geometry":{"type":"Point","coordinates":[2.27143,51.02674]},"properties":{"latitude":"51.02674","longitude":"2.27143","bright_ti4":"338.61","scan":"0.55","track":"0.42","acq_date":"2026-08-01","acq_time":"1304","satellite":"N20","instrument":"VIIRS","confidence":"n","version":"2.0NRT","bright_ti5":"305.43","frp":"7.32","daynight":"D","commune":"Grande-Synthe","code_insee":"59271","departement":"Nord","region":"Hauts-de-France"}},{"type":"Feature","geometry":{"type":"Point","coordinates":[2.27832,51.03136]},"properties":{"latitude":"51.03136","longitude":"2.27832","bright_ti4":"334.61","scan":"0.55","track":"0.42","acq_date":"2026-08-01","acq_time":"1304","satellite":"N20","instrument":"VIIRS","confidence":"l","version":"2.0NRT","bright_ti5":"305.82","frp":"4.06","daynight":"D","commune":"Grande-Synthe","code_insee":"59271","departement":"Nord","region":"Hauts-de-France"}},{"type":"Feature","geometry":{"type":"Point","coordinates":[2.28612,51.03208]},"properties":{"latitude":"51.03208","longitude":"2.28612","bright_ti4":"336.53","scan":"0.55","track":"0.42","acq_date":"2026-08-01","acq_time":"1304","satellite":"N20","instrument":"VIIRS","confidence":"l","version":"2.0NRT","bright_ti5":"307.63","frp":"8.26","daynight":"D","commune":"Grande-Synthe","code_insee":"59271","departement":"Nord","region":"Hauts-de-France"}},{"type":"Feature","geometry":{"type":"Point","coordinates":[2.29906,51.04522]},"properties":{"latitude":"51.04522","longitude":"2.29906","bright_ti4":"340.51","scan":"0.55","track":"0.42","acq_date":"2026-08-01","acq_time":"1304","satellite":"N20","instrument":"VIIRS","confidence":"n","version":"2.0NRT","bright_ti5":"304.88","frp":"10.25","daynight":"D","commune":"Grande-Synthe","code_insee":"59271","departement":"Nord","region":"Hauts-de-France"}},{"type":"Feature","geometry":{"type":"Point","coordinates":[1.14486,42.79338]},"properties":{"latitude":"42.79338","longitude":"1.14486","bright_ti4":"344.51","scan":"0.56","track":"0.52","acq_date":"2026-08-01","acq_time":"1208","satellite":"N21","instrument":"VIIRS","confidence":"n","version":"2.0NRT","bright_ti5":"304.3","frp":"19.82","daynight":"D","commune":"Seix","code_insee":"09285","departement":"Ariège","region":"Occitanie"}},{"type":"Feature","geometry":{"type":"Point","coordinates":[4.89144,43.43585]},"properties":{"latitude":"43.43585","longitude":"4.89144","bright_ti4":"341.61","scan":"0.55","track":"0.42","acq_date":"2026-08-01","acq_time":"1208","satellite":"N21","instrument":"VIIRS","confidence":"l","version":"2.0NRT","bright_ti5":"312.11","frp":"12.74","daynight":"D","commune":"Fos-sur-Mer","code_insee":"13039","departement":"Bouches-du-Rhône","region":"Provence-Alpes-Côte d'Azur"}},{"type":"Feature","geometry":{"type":"Point","coordinates":[4.90146,43.44611]},"properties":{"latitude":"43.44611","longitude":"4.90146","bright_ti4":"337.74","scan":"0.54","track":"0.42","acq_date":"2026-08-01","acq_time":"1208","satellite":"N21","instrument":"VIIRS","confidence":"l","version":"2.0NRT","bright_ti5":"312.06","frp":"6.81","daynight":"D","commune":"Fos-sur-Mer","code_insee":"13039","departement":"Bouches-du-Rhône","region":"Provence-Alpes-Côte d'Azur"}},{"type":"Feature","geometry":{"type":"Point","coordinates":[4.89348,43.4485]},"properties":{"latitude":"43.4485","longitude":"4.89348","bright_ti4":"336.24","scan":"0.55","track":"0.42","acq_date":"2026-08-01","acq_time":"1208","satellite":"N21","instrument":"VIIRS","confidence":"l","version":"2.0NRT","bright_ti5":"310.66","frp":"11.11","daynight":"D","commune":"Fos-sur-Mer","code_insee":"13039","departement":"Bouches-du-Rhône","region":"Provence-Alpes-Côte d'Azur"}},{"type":"Feature","geometry":{"type":"Point","coordinates":[6.09097,43.45526]},"properties":{"latitude":"43.45526","longitude":"6.09097","bright_ti4":"336.88","scan":"0.49","track":"0.4","acq_date":"2026-08-01","acq_time":"1208","satellite":"N21","instrument":"VIIRS","confidence":"l","version":"2.0NRT","bright_ti5":"309.27","frp":"8.21","daynight":"D","commune":"Le Val","code_insee":"83143","departement":"Var","region":"Provence-Alpes-Côte d'Azur"}},{"type":"Feature","geometry":{"type":"Point","coordinates":[6.09674,43.45641]},"properties":{"latitude":"43.45641","longitude":"6.09674","bright_ti4":"337.33","scan":"0.49","track":"0.4","acq_date":"2026-08-01","acq_time":"1208","satellite":"N21","instrument":"VIIRS","confidence":"l","version":"2.0NRT","bright_ti5":"308.96","frp":"22.83","daynight":"D","commune":"Le Val","code_insee":"83143","departement":"Var","region":"Provence-Alpes-Côte d'Azur"}},{"type":"Feature","geometry":{"type":"Point","coordinates":[6.08977,43.45887]},"properties":{"latitude":"43.45887","longitude":"6.08977","bright_ti4":"345.57","scan":"0.49","track":"0.4","acq_date":"2026-08-01","acq_time":"1208","satellite":"N21","instrument":"VIIRS","confidence":"l","version":"2.0NRT","bright_ti5":"315.73","frp":"8.21","daynight":"D","commune":"Le Val","code_insee":"83143","departement":"Var","region":"Provence-Alpes-Côte d'Azur"}},{"type":"Feature","geometry":{"type":"Point","coordinates":[6.07421,43.46735]},"properties":{"latitude":"43.46735","longitude":"6.07421","bright_ti4":"350.14","scan":"0.49","track":"0.4","acq_date":"2026-08-01","acq_time":"1208","satellite":"N21","instrument":"VIIRS","confidence":"n","version":"2.0NRT","bright_ti5":"313.42","frp":"16.95","daynight":"D","commune":"Le Val","code_insee":"83143","departement":"Var","region":"Provence-Alpes-Côte d'Azur"}},{"type":"Feature","geometry":{"type":"Point","coordinates":[6.06702,43.46977]},"properties":{"latitude":"43.46977","longitude":"6.06702","bright_ti4":"340.57","scan":"0.49","track":"0.4","acq_date":"2026-08-01","acq_time":"1208","satellite":"N21","instrument":"VIIRS","confidence":"n","version":"2.0NRT","bright_ti5":"309.52","frp":"16.95","daynight":"D","commune":"Correns","code_insee":"83045","departement":"Var","region":"Provence-Alpes-Côte d'Azur"}},{"type":"Feature","geometry":{"type":"Point","coordinates":[6.1004,43.48026]},"properties":{"latitude":"43.48026","longitude":"6.1004","bright_ti4":"353.85","scan":"0.49","track":"0.4","acq_date":"2026-08-01","acq_time":"1208","satellite":"N21","instrument":"VIIRS","confidence":"n","version":"2.0NRT","bright_ti5":"316.74","frp":"20.6","daynight":"D","commune":"Correns","code_insee":"83045","departement":"Var","region":"Provence-Alpes-Côte d'Azur"}},{"type":"Feature","geometry":{"type":"Point","coordinates":[6.07181,43.48561]},"properties":{"latitude":"43.48561","longitude":"6.07181","bright_ti4":"337.83","scan":"0.49","track":"0.4","acq_date":"2026-08-01","acq_time":"1208","satellite":"N21","instrument":"VIIRS","confidence":"l","version":"2.0NRT","bright_ti5":"312.54","frp":"8.11","daynight":"D","commune":"Correns","code_insee":"83045","departement":"Var","region":"Provence-Alpes-Côte d'Azur"}},{"type":"Feature","geometry":{"type":"Point","coordinates":[6.05194,43.48931]},"properties":{"latitude":"43.48931","longitude":"6.05194","bright_ti4":"339.05","scan":"0.49","track":"0.4","acq_date":"2026-08-01","acq_time":"1208","satellite":"N21","instrument":"VIIRS","confidence":"l","version":"2.0NRT","bright_ti5":"313.93","frp":"7.48","daynight":"D","commune":"Correns","code_insee":"83045","departement":"Var","region":"Provence-Alpes-Côte d'Azur"}},{"type":"Feature","geometry":{"type":"Point","coordinates":[6.09532,43.49038]},"properties":{"latitude":"43.49038","longitude":"6.09532","bright_ti4":"338.72","scan":"0.49","track":"0.4","acq_date":"2026-08-01","acq_time":"1208","satellite":"N21","instrument":"VIIRS","confidence":"n","version":"2.0NRT","bright_ti5":"308.87","frp":"5.58","daynight":"D","commune":"Correns","code_insee":"83045","departement":"Var","region":"Provence-Alpes-Côte d'Azur"}},{"type":"Feature","geometry":{"type":"Point","coordinates":[6.09637,43.49102]},"properties":{"latitude":"43.49102","longitude":"6.09637","bright_ti4":"347.17","scan":"0.49","track":"0.4","acq_date":"2026-08-01","acq_time":"1208","satellite":"N21","instrument":"VIIRS","confidence":"n","version":"2.0NRT","bright_ti5":"310.32","frp":"11.8","daynight":"D","commune":"Correns","code_insee":"83045","departement":"Var","region":"Provence-Alpes-Côte d'Azur"}},{"type":"Feature","geometry":{"type":"Point","coordinates":[6.10135,43.49161]},"properties":{"latitude":"43.49161","longitude":"6.10135","bright_ti4":"337.3","scan":"0.49","track":"0.4","acq_date":"2026-08-01","acq_time":"1208","satellite":"N21","instrument":"VIIRS","confidence":"l","version":"2.0NRT","bright_ti5":"309.25","frp":"7.05","daynight":"D","commune":"Correns","code_insee":"83045","departement":"Var","region":"Provence-Alpes-Côte d'Azur"}},{"type":"Feature","geometry":{"type":"Point","coordinates":[6.04213,43.49891]},"properties":{"latitude":"43.49891","longitude":"6.04213","bright_ti4":"367","scan":"0.49","track":"0.4","acq_date":"2026-08-01","acq_time":"1208","satellite":"N21","instrument":"VIIRS","confidence":"l","version":"2.0NRT","bright_ti5":"329.87","frp":"72.33","daynight":"D","commune":"Châteauvert","code_insee":"83039","departement":"Var","region":"Provence-Alpes-Côte d'Azur"}},{"type":"Feature","geometry":{"type":"Point","coordinates":[6.04805,43.50011]},"properties":{"latitude":"43.50011","longitude":"6.04805","bright_ti4":"351.53","scan":"0.49","track":"0.4","acq_date":"2026-08-01","acq_time":"1208","satellite":"N21","instrument":"VIIRS","confidence":"n","version":"2.0NRT","bright_ti5":"315.7","frp":"26.75","daynight":"D","commune":"Correns","code_insee":"83045","departement":"Var","region":"Provence-Alpes-Côte d'Azur"}},{"type":"Feature","geometry":{"type":"Point","coordinates":[6.05389,43.50129]},"properties":{"latitude":"43.50129","longitude":"6.05389","bright_ti4":"346.82","scan":"0.49","track":"0.4","acq_date":"2026-08-01","acq_time":"1208","satellite":"N21","instrument":"VIIRS","confidence":"n","version":"2.0NRT","bright_ti5":"317","frp":"26.75","daynight":"D","commune":"Correns","code_insee":"83045","departement":"Var","region":"Provence-Alpes-Côte d'Azur"}},{"type":"Feature","geometry":{"type":"Point","coordinates":[6.05971,43.50247]},"properties":{"latitude":"43.50247","longitude":"6.05971","bright_ti4":"367","scan":"0.49","track":"0.4","acq_date":"2026-08-01","acq_time":"1208","satellite":"N21","instrument":"VIIRS","confidence":"h","version":"2.0NRT","bright_ti5":"320.59","frp":"20.53","daynight":"D","commune":"Correns","code_insee":"83045","departement":"Var","region":"Provence-Alpes-Côte d'Azur"}},{"type":"Feature","geometry":{"type":"Point","coordinates":[6.07145,43.50485]},"properties":{"latitude":"43.50485","longitude":"6.07145","bright_ti4":"343.1","scan":"0.49","track":"0.4","acq_date":"2026-08-01","acq_time":"1208","satellite":"N21","instrument":"VIIRS","confidence":"n","version":"2.0NRT","bright_ti5":"316.15","frp":"19.42","daynight":"D","commune":"Correns","code_insee":"83045","departement":"Var","region":"Provence-Alpes-Côte d'Azur"}},{"type":"Feature","geometry":{"type":"Point","coordinates":[6.07718,43.506]},"properties":{"latitude":"43.506","longitude":"6.07718","bright_ti4":"338.8","scan":"0.49","track":"0.4","acq_date":"2026-08-01","acq_time":"1208","satellite":"N21","instrument":"VIIRS","confidence":"l","version":"2.0NRT","bright_ti5":"309.38","frp":"19.42","daynight":"D","commune":"Correns","code_insee":"83045","departement":"Var","region":"Provence-Alpes-Côte d'Azur"}},{"type":"Feature","geometry":{"type":"Point","coordinates":[6.05856,43.5061]},"properties":{"latitude":"43.5061","longitude":"6.05856","bright_ti4":"367","scan":"0.49","track":"0.4","acq_date":"2026-08-01","acq_time":"1208","satellite":"N21","instrument":"VIIRS","confidence":"h","version":"2.0NRT","bright_ti5":"353.12","frp":"74.28","daynight":"D","commune":"Correns","code_insee":"83045","departement":"Var","region":"Provence-Alpes-Côte d'Azur"}},{"type":"Feature","geometry":{"type":"Point","coordinates":[6.06437,43.50727]},"properties":{"latitude":"43.50727","longitude":"6.06437","bright_ti4":"367","scan":"0.49","track":"0.4","acq_date":"2026-08-01","acq_time":"1208","satellite":"N21","instrument":"VIIRS","confidence":"h","version":"2.0NRT","bright_ti5":"344.92","frp":"74.28","daynight":"D","commune":"Correns","code_insee":"83045","departement":"Var","region":"Provence-Alpes-Côte d'Azur"}},{"type":"Feature","geometry":{"type":"Point","coordinates":[6.07018,43.50845]},"properties":{"latitude":"43.50845","longitude":"6.07018","bright_ti4":"346.13","scan":"0.49","track":"0.4","acq_date":"2026-08-01","acq_time":"1208","satellite":"N21","instrument":"VIIRS","confidence":"n","version":"2.0NRT","bright_ti5":"312.87","frp":"34.78","daynight":"D","commune":"Correns","code_insee":"83045","departement":"Var","region":"Provence-Alpes-Côte d'Azur"}},{"type":"Feature","geometry":{"type":"Point","coordinates":[6.05733,43.50972]},"properties":{"latitude":"43.50972","longitude":"6.05733","bright_ti4":"336.27","scan":"0.49","track":"0.4","acq_date":"2026-08-01","acq_time":"1208","satellite":"N21","instrument":"VIIRS","confidence":"n","version":"2.0NRT","bright_ti5":"309.55","frp":"74.28","daynight":"D","commune":"Correns","code_insee":"83045","departement":"Var","region":"Provence-Alpes-Côte d'Azur"}},{"type":"Feature","geometry":{"type":"Point","coordinates":[6.06313,43.51089]},"properties":{"latitude":"43.51089","longitude":"6.06313","bright_ti4":"345.73","scan":"0.49","track":"0.4","acq_date":"2026-08-01","acq_time":"1208","satellite":"N21","instrument":"VIIRS","confidence":"n","version":"2.0NRT","bright_ti5":"311.15","frp":"74.28","daynight":"D","commune":"Correns","code_insee":"83045","departement":"Var","region":"Provence-Alpes-Côte d'Azur"}},{"type":"Feature","geometry":{"type":"Point","coordinates":[6.11769,44.33141]},"properties":{"latitude":"44.33141","longitude":"6.11769","bright_ti4":"345.09","scan":"0.47","track":"0.4","acq_date":"2026-08-01","acq_time":"1208","satellite":"N21","instrument":"VIIRS","confidence":"l","version":"2.0NRT","bright_ti5":"316.8","frp":"123.05","daynight":"D","commune":"Bayons","code_insee":"04023","departement":"Alpes-de-Haute-Provence","region":"Provence-Alpes-Côte d'Azur"}},{"type":"Feature","geometry":{"type":"Point","coordinates":[1.19209,46.77834]},"properties":{"latitude":"46.77834","longitude":"1.19209","bright_ti4":"354.27","scan":"0.44","track":"0.46","acq_date":"2026-08-01","acq_time":"1210","satellite":"N21","instrument":"VIIRS","confidence":"n","version":"2.0NRT","bright_ti5":"302.17","frp":"212.75","daynight":"D","commune":"Saint-Michel-en-Brenne","code_insee":"36204","departement":"Indre","region":"Centre-Val de Loire"}},{"type":"Feature","geometry":{"type":"Point","coordinates":[7.56567,48.05033]},"properties":{"latitude":"48.05033","longitude":"7.56567","bright_ti4":"335.02","scan":"0.39","track":"0.37","acq_date":"2026-08-01","acq_time":"1210","satellite":"N21","instrument":"VIIRS","confidence":"n","version":"2.0NRT","bright_ti5":"302.55","frp":"3.93","daynight":"D","commune":"Biesheim","code_insee":"68036","departement":"Haut-Rhin","region":"Grand Est"}},{"type":"Feature","geometry":{"type":"Point","coordinates":[7.37295,48.10003]},"properties":{"latitude":"48.10003","longitude":"7.37295","bright_ti4":"335.54","scan":"0.4","track":"0.37","acq_date":"2026-08-01","acq_time":"1210","satellite":"N21","instrument":"VIIRS","confidence":"n","version":"2.0NRT","bright_ti5":"299.79","frp":"5.49","daynight":"D","commune":"Colmar","code_insee":"68066","departement":"Haut-Rhin","region":"Grand Est"}},{"type":"Feature","geometry":{"type":"Point","coordinates":[2.29069,51.03529]},"properties":{"latitude":"51.03529","longitude":"2.29069","bright_ti4":"334.51","scan":"0.48","track":"0.4","acq_date":"2026-08-01","acq_time":"1210","satellite":"N21","instrument":"VIIRS","confidence":"l","version":"2.0NRT","bright_ti5":"307.52","frp":"11.36","daynight":"D","commune":"Grande-Synthe","code_insee":"59271","departement":"Nord","region":"Hauts-de-France"}},{"type":"Feature","geometry":{"type":"Point","coordinates":[2.29362,51.0437]},"properties":{"latitude":"51.0437","longitude":"2.29362","bright_ti4":"336.76","scan":"0.48","track":"0.4","acq_date":"2026-08-01","acq_time":"1210","satellite":"N21","instrument":"VIIRS","confidence":"n","version":"2.0NRT","bright_ti5":"307.13","frp":"5.77","daynight":"D","commune":"Grande-Synthe","code_insee":"59271","departement":"Nord","region":"Hauts-de-France"}},{"type":"Feature","geometry":{"type":"Point","coordinates":[2.3002,51.04507]},"properties":{"latitude":"51.04507","longitude":"2.3002","bright_ti4":"336.29","scan":"0.48","track":"0.4","acq_date":"2026-08-01","acq_time":"1210","satellite":"N21","instrument":"VIIRS","confidence":"n","version":"2.0NRT","bright_ti5":"306.36","frp":"5.77","daynight":"D","commune":"Grande-Synthe","code_insee":"59271","departement":"Nord","region":"Hauts-de-France"}},{"type":"Feature","geometry":{"type":"Point","coordinates":[2.32174,51.04566]},"properties":{"latitude":"51.04566","longitude":"2.32174","bright_ti4":"332.39","scan":"0.48","track":"0.4","acq_date":"2026-08-01","acq_time":"1210","satellite":"N21","instrument":"VIIRS","confidence":"l","version":"2.0NRT","bright_ti5":"305.17","frp":"5.52","daynight":"D","commune":"Dunkerque","code_insee":"59183","departement":"Nord","region":"Hauts-de-France"}},{"type":"Feature","geometry":{"type":"Point","coordinates":[3.42103,49.91389]},"properties":{"latitude":"49.91389","longitude":"3.42103","bright_ti4":"339.94","scan":"0.8","track":"0.78","acq_date":"2026-08-01","acq_time":"1106","satellite":"N","instrument":"VIIRS","confidence":"n","version":"2.0NRT","bright_ti5":"294.68","frp":"6.85","daynight":"D","commune":"Étaves-et-Bocquiaux","code_insee":"02293","departement":"Aisne","region":"Hauts-de-France"}},{"type":"Feature","geometry":{"type":"Point","coordinates":[4.8995,43.44488]},"properties":{"latitude":"43.44488","longitude":"4.8995","bright_ti4":"350.06","scan":"0.38","track":"0.36","acq_date":"2026-08-01","acq_time":"1244","satellite":"N","instrument":"VIIRS","confidence":"n","version":"2.0NRT","bright_ti5":"315.07","frp":"5.42","daynight":"D","commune":"Fos-sur-Mer","code_insee":"13039","departement":"Bouches-du-Rhône","region":"Provence-Alpes-Côte d'Azur"}},{"type":"Feature","geometry":{"type":"Point","coordinates":[2.29533,51.04264]},"properties":{"latitude":"51.04264","longitude":"2.29533","bright_ti4":"338.98","scan":"0.39","track":"0.36","acq_date":"2026-08-01","acq_time":"1246","satellite":"N","instrument":"VIIRS","confidence":"n","version":"2.0NRT","bright_ti5":"308.55","frp":"5.12","daynight":"D","commune":"Grande-Synthe","code_insee":"59271","departement":"Nord","region":"Hauts-de-France"}},{"type":"Feature","geometry":{"type":"Point","coordinates":[2.3226,51.04667]},"properties":{"latitude":"51.04667","longitude":"2.3226","bright_ti4":"337.26","scan":"0.39","track":"0.36","acq_date":"2026-08-01","acq_time":"1246","satellite":"N","instrument":"VIIRS","confidence":"n","version":"2.0NRT","bright_ti5":"306.66","frp":"3.5","daynight":"D","commune":"Dunkerque","code_insee":"59183","departement":"Nord","region":"Hauts-de-France"}},{"type":"Feature","geometry":{"type":"Point","coordinates":[6.04609,43.49891]},"properties":{"latitude":"43.49891","longitude":"6.04609","bright_ti4":"367","scan":"0.61","track":"0.71","acq_date":"2026-08-01","acq_time":"1121","satellite":"N20","instrument":"VIIRS","confidence":"h","version":"2.0NRT","bright_ti5":"304.75","frp":"12.16","daynight":"D","commune":"Correns","code_insee":"83045","departement":"Var","region":"Provence-Alpes-Côte d'Azur"}},{"type":"Feature","geometry":{"type":"Point","coordinates":[6.0538,43.50059]},"properties":{"latitude":"43.50059","longitude":"6.0538","bright_ti4":"332.51","scan":"0.61","track":"0.71","acq_date":"2026-08-01","acq_time":"1121","satellite":"N20","instrument":"VIIRS","confidence":"n","version":"2.0NRT","bright_ti5":"305.12","frp":"11.79","daynight":"D","commune":"Correns","code_insee":"83045","departement":"Var","region":"Provence-Alpes-Côte d'Azur"}},{"type":"Feature","geometry":{"type":"Point","coordinates":[6.06708,43.50591]},"properties":{"latitude":"43.50591","longitude":"6.06708","bright_ti4":"334.72","scan":"0.6","track":"0.71","acq_date":"2026-08-01","acq_time":"1121","satellite":"N20","instrument":"VIIRS","confidence":"n","version":"2.0NRT","bright_ti5":"303.63","frp":"10.51","daynight":"D","commune":"Correns","code_insee":"83045","departement":"Var","region":"Provence-Alpes-Côte d'Azur"}},{"type":"Feature","geometry":{"type":"Point","coordinates":[-0.87756,44.86248]},"properties":{"latitude":"44.86248","longitude":"-0.87756","bright_ti4":"331.46","scan":"0.42","track":"0.61","acq_date":"2026-08-01","acq_time":"1350","satellite":"N21","instrument":"VIIRS","confidence":"l","version":"2.0NRT","bright_ti5":"305.8","frp":"11.02","daynight":"D","commune":"Saint-Médard-en-Jalles","code_insee":"33449","departement":"Gironde","region":"Nouvelle-Aquitaine"}},{"type":"Feature","geometry":{"type":"Point","coordinates":[1.19182,46.77913]},"properties":{"latitude":"46.77913","longitude":"1.19182","bright_ti4":"340.51","scan":"0.55","track":"0.68","acq_date":"2026-08-01","acq_time":"1350","satellite":"N21","instrument":"VIIRS","confidence":"n","version":"2.0NRT","bright_ti5":"299.72","frp":"4.86","daynight":"D","commune":"Saint-Michel-en-Brenne","code_insee":"36204","departement":"Indre","region":"Centre-Val de Loire"}},{"type":"Feature","geometry":{"type":"Point","coordinates":[1.19312,46.78196]},"properties":{"latitude":"46.78196","longitude":"1.19312","bright_ti4":"330.84","scan":"0.55","track":"0.68","acq_date":"2026-08-01","acq_time":"1350","satellite":"N21","instrument":"VIIRS","confidence":"n","version":"2.0NRT","bright_ti5":"297.27","frp":"5.34","daynight":"D","commune":"Saint-Michel-en-Brenne","code_insee":"36204","departement":"Indre","region":"Centre-Val de Loire"}}]}