{"type":"FeatureCollection","features":[{"type":"Feature","geometry":{"type":"Point","coordinates":[7.3754,43.79348]},"properties":{"latitude":"43.79348","longitude":"7.3754","bright_ti4":"307.13","scan":"0.41","track":"0.37","acq_date":"2026-08-10","acq_time":"149","satellite":"N","instrument":"VIIRS","confidence":"n","version":"2.0NRT","bright_ti5":"289.48","frp":"0.92","daynight":"N","commune":"Blausasc","code_insee":"06019","departement":"Alpes-Maritimes","region":"Provence-Alpes-Côte d'Azur"}},{"type":"Feature","geometry":{"type":"Point","coordinates":[5.49106,44.53619]},"properties":{"latitude":"44.53619","longitude":"5.49106","bright_ti4":"301.65","scan":"0.39","track":"0.36","acq_date":"2026-08-10","acq_time":"149","satellite":"N","instrument":"VIIRS","confidence":"n","version":"2.0NRT","bright_ti5":"289.14","frp":"0.87","daynight":"N","commune":"Charens","code_insee":"26076","departement":"Drôme","region":"Auvergne-Rhône-Alpes"}},{"type":"Feature","geometry":{"type":"Point","coordinates":[5.49213,44.53946]},"properties":{"latitude":"44.53946","longitude":"5.49213","bright_ti4":"307.79","scan":"0.39","track":"0.36","acq_date":"2026-08-10","acq_time":"149","satellite":"N","instrument":"VIIRS","confidence":"n","version":"2.0NRT","bright_ti5":"293.39","frp":"0.87","daynight":"N","commune":"Beaumont-en-Diois","code_insee":"26036","departement":"Drôme","region":"Auvergne-Rhône-Alpes"}},{"type":"Feature","geometry":{"type":"Point","coordinates":[5.48736,44.54023]},"properties":{"latitude":"44.54023","longitude":"5.48736","bright_ti4":"302.96","scan":"0.39","track":"0.36","acq_date":"2026-08-10","acq_time":"149","satellite":"N","instrument":"VIIRS","confidence":"n","version":"2.0NRT","bright_ti5":"291.29","frp":"1.22","daynight":"N","commune":"Beaumont-en-Diois","code_insee":"26036","departement":"Drôme","region":"Auvergne-Rhône-Alpes"}},{"type":"Feature","geometry":{"type":"Point","coordinates":[5.4932,44.54272]},"properties":{"latitude":"44.54272","longitude":"5.4932","bright_ti4":"318.22","scan":"0.39","track":"0.36","acq_date":"2026-08-10","acq_time":"149","satellite":"N","instrument":"VIIRS","confidence":"n","version":"2.0NRT","bright_ti5":"293.39","frp":"3.42","daynight":"N","commune":"Beaumont-en-Diois","code_insee":"26036","departement":"Drôme","region":"Auvergne-Rhône-Alpes"}},{"type":"Feature","geometry":{"type":"Point","coordinates":[5.48845,44.5435]},"properties":{"latitude":"44.5435","longitude":"5.48845","bright_ti4":"348.75","scan":"0.39","track":"0.36","acq_date":"2026-08-10","acq_time":"149","satellite":"N","instrument":"VIIRS","confidence":"n","version":"2.0NRT","bright_ti5":"297.44","frp":"8.75","daynight":"N","commune":"Beaumont-en-Diois","code_insee":"26036","departement":"Drôme","region":"Auvergne-Rhône-Alpes"}},{"type":"Feature","geometry":{"type":"Point","coordinates":[5.49906,44.5452]},"properties":{"latitude":"44.5452","longitude":"5.49906","bright_ti4":"313.71","scan":"0.39","track":"0.36","acq_date":"2026-08-10","acq_time":"149","satellite":"N","instrument":"VIIRS","confidence":"n","version":"2.0NRT","bright_ti5":"291.23","frp":"3.42","daynight":"N","commune":"Charens","code_insee":"26076","departement":"Drôme","region":"Auvergne-Rhône-Alpes"}},{"type":"Feature","geometry":{"type":"Point","coordinates":[5.49427,44.54599]},"properties":{"latitude":"44.54599","longitude":"5.49427","bright_ti4":"344.86","scan":"0.39","track":"0.36","acq_date":"2026-08-10","acq_time":"149","satellite":"N","instrument":"VIIRS","confidence":"n","version":"2.0NRT","bright_ti5":"301.48","frp":"3.42","daynight":"N","commune":"Charens","code_insee":"26076","departement":"Drôme","region":"Auvergne-Rhône-Alpes"}},{"type":"Feature","geometry":{"type":"Point","coordinates":[5.48953,44.54676]},"properties":{"latitude":"44.54676","longitude":"5.48953","bright_ti4":"345.72","scan":"0.39","track":"0.36","acq_date":"2026-08-10","acq_time":"149","satellite":"N","instrument":"VIIRS","confidence":"n","version":"2.0NRT","bright_ti5":"295.64","frp":"8.75","daynight":"N","commune":"Beaumont-en-Diois","code_insee":"26036","departement":"Drôme","region":"Auvergne-Rhône-Alpes"}},{"type":"Feature","geometry":{"type":"Point","coordinates":[5.49534,44.54925]},"properties":{"latitude":"44.54925","longitude":"5.49534","bright_ti4":"314.8","scan":"0.39","track":"0.36","acq_date":"2026-08-10","acq_time":"149","satellite":"N","instrument":"VIIRS","confidence":"n","version":"2.0NRT","bright_ti5":"291.64","frp":"1.39","daynight":"N","commune":"Charens","code_insee":"26076","departement":"Drôme","region":"Auvergne-Rhône-Alpes"}},{"type":"Feature","geometry":{"type":"Point","coordinates":[7.23452,47.62916]},"properties":{"latitude":"47.62916","longitude":"7.23452","bright_ti4":"299.88","scan":"0.39","track":"0.36","acq_date":"2026-08-10","acq_time":"149","satellite":"N","instrument":"VIIRS","confidence":"n","version":"2.0NRT","bright_ti5":"286.56","frp":"0.37","daynight":"N","commune":"Altkirch","code_insee":"68004","departement":"Haut-Rhin","region":"Grand Est"}},{"type":"Feature","geometry":{"type":"Point","coordinates":[6.11722,48.61049]},"properties":{"latitude":"48.61049","longitude":"6.11722","bright_ti4":"310.78","scan":"0.38","track":"0.36","acq_date":"2026-08-10","acq_time":"149","satellite":"N","instrument":"VIIRS","confidence":"n","version":"2.0NRT","bright_ti5":"288.14","frp":"1.03","daynight":"N","commune":"Neuves-Maisons","code_insee":"54397","departement":"Meurthe-et-Moselle","region":"Grand Est"}},{"type":"Feature","geometry":{"type":"Point","coordinates":[6.11206,48.61128]},"properties":{"latitude":"48.61128","longitude":"6.11206","bright_ti4":"306.74","scan":"0.38","track":"0.36","acq_date":"2026-08-10","acq_time":"149","satellite":"N","instrument":"VIIRS","confidence":"n","version":"2.0NRT","bright_ti5":"288.72","frp":"1.03","daynight":"N","commune":"Neuves-Maisons","code_insee":"54397","departement":"Meurthe-et-Moselle","region":"Grand Est"}},{"type":"Feature","geometry":{"type":"Point","coordinates":[6.96948,48.69112]},"properties":{"latitude":"48.69112","longitude":"6.96948","bright_ti4":"298.87","scan":"0.38","track":"0.36","acq_date":"2026-08-10","acq_time":"149","satellite":"N","instrument":"VIIRS","confidence":"n","version":"2.0NRT","bright_ti5":"288.76","frp":"0.52","daynight":"N","commune":"Héming","code_insee":"57314","departement":"Moselle","region":"Grand Est"}},{"type":"Feature","geometry":{"type":"Point","coordinates":[5.68184,48.71732]},"properties":{"latitude":"48.71732","longitude":"5.68184","bright_ti4":"303.4","scan":"0.39","track":"0.36","acq_date":"2026-08-10","acq_time":"149","satellite":"N","instrument":"VIIRS","confidence":"n","version":"2.0NRT","bright_ti5":"288.48","frp":"0.95","daynight":"N","commune":"Sorcy-Saint-Martin","code_insee":"55496","departement":"Meuse","region":"Grand Est"}},{"type":"Feature","geometry":{"type":"Point","coordinates":[2.73712,48.94825]},"properties":{"latitude":"48.94825","longitude":"2.73712","bright_ti4":"299.56","scan":"0.44","track":"0.38","acq_date":"2026-08-10","acq_time":"149","satellite":"N","instrument":"VIIRS","confidence":"n","version":"2.0NRT","bright_ti5":"288.38","frp":"0.54","daynight":"N","commune":"Fresnes-sur-Marne","code_insee":"77196","departement":"Seine-et-Marne","region":"Île-de-France"}},{"type":"Feature","geometry":{"type":"Point","coordinates":[0.61452,49.01665]},"properties":{"latitude":"49.01665","longitude":"0.61452","bright_ti4":"333.96","scan":"0.51","track":"0.41","acq_date":"2026-08-10","acq_time":"149","satellite":"N","instrument":"VIIRS","confidence":"n","version":"2.0NRT","bright_ti5":"298.9","frp":"43.49","daynight":"N","commune":"Mesnil-en-Ouche","code_insee":"27049","departement":"Eure","region":"Normandie"}},{"type":"Feature","geometry":{"type":"Point","coordinates":[0.61543,49.02045]},"properties":{"latitude":"49.02045","longitude":"0.61543","bright_ti4":"319.33","scan":"0.51","track":"0.41","acq_date":"2026-08-10","acq_time":"149","satellite":"N","instrument":"VIIRS","confidence":"n","version":"2.0NRT","bright_ti5":"285.8","frp":"43.49","daynight":"N","commune":"Mesnil-en-Ouche","code_insee":"27049","departement":"Eure","region":"Normandie"}},{"type":"Feature","geometry":{"type":"Point","coordinates":[6.10146,49.3261]},"properties":{"latitude":"49.3261","longitude":"6.10146","bright_ti4":"299.7","scan":"0.39","track":"0.36","acq_date":"2026-08-10","acq_time":"149","satellite":"N","instrument":"VIIRS","confidence":"n","version":"2.0NRT","bright_ti5":"288.05","frp":"0.68","daynight":"N","commune":"Serémange-Erzange","code_insee":"57647","departement":"Moselle","region":"Grand Est"}},{"type":"Feature","geometry":{"type":"Point","coordinates":[0.40615,49.35494]},"properties":{"latitude":"49.35494","longitude":"0.40615","bright_ti4":"341.59","scan":"0.53","track":"0.42","acq_date":"2026-08-10","acq_time":"149","satellite":"N","instrument":"VIIRS","confidence":"n","version":"2.0NRT","bright_ti5":"286.34","frp":"9.76","daynight":"N","commune":"Saint-Maclou","code_insee":"27561","departement":"Eure","region":"Normandie"}},{"type":"Feature","geometry":{"type":"Point","coordinates":[0.4071,49.35878]},"properties":{"latitude":"49.35878","longitude":"0.4071","bright_ti4":"341.43","scan":"0.53","track":"0.42","acq_date":"2026-08-10","acq_time":"149","satellite":"N","instrument":"VIIRS","confidence":"n","version":"2.0NRT","bright_ti5":"291.44","frp":"20.87","daynight":"N","commune":"Saint-Maclou","code_insee":"27561","departement":"Eure","region":"Normandie"}},{"type":"Feature","geometry":{"type":"Point","coordinates":[0.53719,49.47619]},"properties":{"latitude":"49.47619","longitude":"0.53719","bright_ti4":"301.24","scan":"0.52","track":"0.42","acq_date":"2026-08-10","acq_time":"149","satellite":"N","instrument":"VIIRS","confidence":"n","version":"2.0NRT","bright_ti5":"288.25","frp":"1.12","daynight":"N","commune":"Port-Jérôme-sur-Seine","code_insee":"76476","departement":"Seine-Maritime","region":"Normandie"}},{"type":"Feature","geometry":{"type":"Point","coordinates":[2.27272,51.02742]},"properties":{"latitude":"51.02742","longitude":"2.27272","bright_ti4":"334.17","scan":"0.47","track":"0.4","acq_date":"2026-08-10","acq_time":"149","satellite":"N","instrument":"VIIRS","confidence":"n","version":"2.0NRT","bright_ti5":"290.84","frp":"4.04","daynight":"N","commune":"Grande-Synthe","code_insee":"59271","departement":"Nord","region":"Hauts-de-France"}},{"type":"Feature","geometry":{"type":"Point","coordinates":[2.28832,51.0332]},"properties":{"latitude":"51.0332","longitude":"2.28832","bright_ti4":"319.94","scan":"0.47","track":"0.4","acq_date":"2026-08-10","acq_time":"149","satellite":"N","instrument":"VIIRS","confidence":"n","version":"2.0NRT","bright_ti5":"289.7","frp":"2.03","daynight":"N","commune":"Grande-Synthe","code_insee":"59271","departement":"Nord","region":"Hauts-de-France"}},{"type":"Feature","geometry":{"type":"Point","coordinates":[2.2534,51.03333]},"properties":{"latitude":"51.03333","longitude":"2.2534","bright_ti4":"306.64","scan":"0.48","track":"0.4","acq_date":"2026-08-10","acq_time":"149","satellite":"N","instrument":"VIIRS","confidence":"n","version":"2.0NRT","bright_ti5":"289.37","frp":"1.14","daynight":"N","commune":"Dunkerque","code_insee":"59183","departement":"Nord","region":"Hauts-de-France"}},{"type":"Feature","geometry":{"type":"Point","coordinates":[2.28934,51.03685]},"properties":{"latitude":"51.03685","longitude":"2.28934","bright_ti4":"312.02","scan":"0.47","track":"0.4","acq_date":"2026-08-10","acq_time":"149","satellite":"N","instrument":"VIIRS","confidence":"n","version":"2.0NRT","bright_ti5":"289.93","frp":"1.48","daynight":"N","commune":"Grande-Synthe","code_insee":"59271","departement":"Nord","region":"Hauts-de-France"}},{"type":"Feature","geometry":{"type":"Point","coordinates":[2.28257,51.03761]},"properties":{"latitude":"51.03761","longitude":"2.28257","bright_ti4":"317.17","scan":"0.47","track":"0.4","acq_date":"2026-08-10","acq_time":"149","satellite":"N","instrument":"VIIRS","confidence":"n","version":"2.0NRT","bright_ti5":"289.5","frp":"1.1","daynight":"N","commune":"Grande-Synthe","code_insee":"59271","departement":"Nord","region":"Hauts-de-France"}},{"type":"Feature","geometry":{"type":"Point","coordinates":[2.3039,51.03898]},"properties":{"latitude":"51.03898","longitude":"2.3039","bright_ti4":"328.45","scan":"0.47","track":"0.4","acq_date":"2026-08-10","acq_time":"149","satellite":"N","instrument":"VIIRS","confidence":"n","version":"2.0NRT","bright_ti5":"288.97","frp":"2.52","daynight":"N","commune":"Grande-Synthe","code_insee":"59271","departement":"Nord","region":"Hauts-de-France"}},{"type":"Feature","geometry":{"type":"Point","coordinates":[2.29714,51.03974]},"properties":{"latitude":"51.03974","longitude":"2.29714","bright_ti4":"317.36","scan":"0.47","track":"0.4","acq_date":"2026-08-10","acq_time":"149","satellite":"N","instrument":"VIIRS","confidence":"n","version":"2.0NRT","bright_ti5":"290.37","frp":"1.48","daynight":"N","commune":"Grande-Synthe","code_insee":"59271","departement":"Nord","region":"Hauts-de-France"}},{"type":"Feature","geometry":{"type":"Point","coordinates":[2.29037,51.0405]},"properties":{"latitude":"51.0405","longitude":"2.29037","bright_ti4":"300.15","scan":"0.47","track":"0.4","acq_date":"2026-08-10","acq_time":"149","satellite":"N","instrument":"VIIRS","confidence":"n","version":"2.0NRT","bright_ti5":"289.84","frp":"1.48","daynight":"N","commune":"Grande-Synthe","code_insee":"59271","departement":"Nord","region":"Hauts-de-France"}},{"type":"Feature","geometry":{"type":"Point","coordinates":[2.29817,51.04338]},"properties":{"latitude":"51.04338","longitude":"2.29817","bright_ti4":"344.11","scan":"0.47","track":"0.4","acq_date":"2026-08-10","acq_time":"149","satellite":"N","instrument":"VIIRS","confidence":"n","version":"2.0NRT","bright_ti5":"292.55","frp":"12.19","daynight":"N","commune":"Grande-Synthe","code_insee":"59271","departement":"Nord","region":"Hauts-de-France"}},{"type":"Feature","geometry":{"type":"Point","coordinates":[2.29919,51.04703]},"properties":{"latitude":"51.04703","longitude":"2.29919","bright_ti4":"334.39","scan":"0.47","track":"0.4","acq_date":"2026-08-10","acq_time":"149","satellite":"N","instrument":"VIIRS","confidence":"n","version":"2.0NRT","bright_ti5":"292.08","frp":"12.19","daynight":"N","commune":"Grande-Synthe","code_insee":"59271","departement":"Nord","region":"Hauts-de-France"}},{"type":"Feature","geometry":{"type":"Point","coordinates":[4.89163,43.43223]},"properties":{"latitude":"43.43223","longitude":"4.89163","bright_ti4":"306.23","scan":"0.38","track":"0.36","acq_date":"2026-08-10","acq_time":"152","satellite":"N","instrument":"VIIRS","confidence":"n","version":"2.0NRT","bright_ti5":"293.97","frp":"1.96","daynight":"N","commune":"Fos-sur-Mer","code_insee":"13039","departement":"Bouches-du-Rhône","region":"Provence-Alpes-Côte d'Azur"}},{"type":"Feature","geometry":{"type":"Point","coordinates":[4.88694,43.43299]},"properties":{"latitude":"43.43299","longitude":"4.88694","bright_ti4":"330.25","scan":"0.38","track":"0.36","acq_date":"2026-08-10","acq_time":"152","satellite":"N","instrument":"VIIRS","confidence":"n","version":"2.0NRT","bright_ti5":"294.27","frp":"2.17","daynight":"N","commune":"Fos-sur-Mer","code_insee":"13039","departement":"Bouches-du-Rhône","region":"Provence-Alpes-Côte d'Azur"}},{"type":"Feature","geometry":{"type":"Point","coordinates":[4.8926,43.43551]},"properties":{"latitude":"43.43551","longitude":"4.8926","bright_ti4":"315.91","scan":"0.38","track":"0.36","acq_date":"2026-08-10","acq_time":"152","satellite":"N","instrument":"VIIRS","confidence":"n","version":"2.0NRT","bright_ti5":"294.01","frp":"1.96","daynight":"N","commune":"Fos-sur-Mer","code_insee":"13039","departement":"Bouches-du-Rhône","region":"Provence-Alpes-Côte d'Azur"}},{"type":"Feature","geometry":{"type":"Point","coordinates":[4.88791,43.43627]},"properties":{"latitude":"43.43627","longitude":"4.88791","bright_ti4":"306.06","scan":"0.38","track":"0.36","acq_date":"2026-08-10","acq_time":"152","satellite":"N","instrument":"VIIRS","confidence":"n","version":"2.0NRT","bright_ti5":"293.5","frp":"2.17","daynight":"N","commune":"Fos-sur-Mer","code_insee":"13039","departement":"Bouches-du-Rhône","region":"Provence-Alpes-Côte d'Azur"}},{"type":"Feature","geometry":{"type":"Point","coordinates":[4.87852,43.43778]},"properties":{"latitude":"43.43778","longitude":"4.87852","bright_ti4":"310.27","scan":"0.38","track":"0.36","acq_date":"2026-08-10","acq_time":"152","satellite":"N","instrument":"VIIRS","confidence":"n","version":"2.0NRT","bright_ti5":"293.71","frp":"1.05","daynight":"N","commune":"Fos-sur-Mer","code_insee":"13039","departement":"Bouches-du-Rhône","region":"Provence-Alpes-Côte d'Azur"}},{"type":"Feature","geometry":{"type":"Point","coordinates":[4.90029,43.44457]},"properties":{"latitude":"43.44457","longitude":"4.90029","bright_ti4":"319.05","scan":"0.38","track":"0.36","acq_date":"2026-08-10","acq_time":"152","satellite":"N","instrument":"VIIRS","confidence":"n","version":"2.0NRT","bright_ti5":"293.47","frp":"2.08","daynight":"N","commune":"Fos-sur-Mer","code_insee":"13039","departement":"Bouches-du-Rhône","region":"Provence-Alpes-Côte d'Azur"}},{"type":"Feature","geometry":{"type":"Point","coordinates":[4.89559,43.44533]},"properties":{"latitude":"43.44533","longitude":"4.89559","bright_ti4":"324.94","scan":"0.38","track":"0.36","acq_date":"2026-08-10","acq_time":"152","satellite":"N","instrument":"VIIRS","confidence":"n","version":"2.0NRT","bright_ti5":"293.54","frp":"2.08","daynight":"N","commune":"Fos-sur-Mer","code_insee":"13039","departement":"Bouches-du-Rhône","region":"Provence-Alpes-Côte d'Azur"}},{"type":"Feature","geometry":{"type":"Point","coordinates":[4.89659,43.4486]},"properties":{"latitude":"43.4486","longitude":"4.89659","bright_ti4":"328","scan":"0.38","track":"0.36","acq_date":"2026-08-10","acq_time":"152","satellite":"N","instrument":"VIIRS","confidence":"n","version":"2.0NRT","bright_ti5":"293.33","frp":"2.08","daynight":"N","commune":"Fos-sur-Mer","code_insee":"13039","departement":"Bouches-du-Rhône","region":"Provence-Alpes-Côte d'Azur"}},{"type":"Feature","geometry":{"type":"Point","coordinates":[4.85336,43.45214]},"properties":{"latitude":"43.45214","longitude":"4.85336","bright_ti4":"308.83","scan":"0.38","track":"0.36","acq_date":"2026-08-10","acq_time":"152","satellite":"N","instrument":"VIIRS","confidence":"n","version":"2.0NRT","bright_ti5":"293.27","frp":"0.86","daynight":"N","commune":"Fos-sur-Mer","code_insee":"13039","departement":"Bouches-du-Rhône","region":"Provence-Alpes-Côte d'Azur"}},{"type":"Feature","geometry":{"type":"Point","coordinates":[2.4876,49.0132]},"properties":{"latitude":"49.0132","longitude":"2.4876","bright_ti4":"298.43","scan":"0.66","track":"0.73","acq_date":"2026-08-10","acq_time":"330","satellite":"N","instrument":"VIIRS","confidence":"n","version":"2.0NRT","bright_ti5":"284.25","frp":"0.94","daynight":"N","commune":"Goussainville","code_insee":"95280","departement":"Val-d'Oise","region":"Île-de-France"}},{"type":"Feature","geometry":{"type":"Point","coordinates":[0.61231,49.01422]},"properties":{"latitude":"49.01422","longitude":"0.61231","bright_ti4":"319.26","scan":"0.56","track":"0.69","acq_date":"2026-08-10","acq_time":"330","satellite":"N","instrument":"VIIRS","confidence":"n","version":"2.0NRT","bright_ti5":"283.63","frp":"3.19","daynight":"N","commune":"Mesnil-en-Ouche","code_insee":"27049","departement":"Eure","region":"Normandie"}},{"type":"Feature","geometry":{"type":"Point","coordinates":[0.61941,49.01461]},"properties":{"latitude":"49.01461","longitude":"0.61941","bright_ti4":"330.59","scan":"0.56","track":"0.69","acq_date":"2026-08-10","acq_time":"330","satellite":"N","instrument":"VIIRS","confidence":"n","version":"2.0NRT","bright_ti5":"283.99","frp":"12.87","daynight":"N","commune":"Mesnil-en-Ouche","code_insee":"27049","departement":"Eure","region":"Normandie"}},{"type":"Feature","geometry":{"type":"Point","coordinates":[0.61241,49.0171]},"properties":{"latitude":"49.0171","longitude":"0.61241","bright_ti4":"367","scan":"0.56","track":"0.69","acq_date":"2026-08-10","acq_time":"330","satellite":"N","instrument":"VIIRS","confidence":"h","version":"2.0NRT","bright_ti5":"286.02","frp":"24.66","daynight":"N","commune":"Mesnil-en-Ouche","code_insee":"27049","departement":"Eure","region":"Normandie"}},{"type":"Feature","geometry":{"type":"Point","coordinates":[0.6241,49.0174]},"properties":{"latitude":"49.0174","longitude":"0.6241","bright_ti4":"300.66","scan":"0.56","track":"0.69","acq_date":"2026-08-10","acq_time":"330","satellite":"N","instrument":"VIIRS","confidence":"n","version":"2.0NRT","bright_ti5":"283.89","frp":"10.71","daynight":"N","commune":"Mesnil-en-Ouche","code_insee":"27049","departement":"Eure","region":"Normandie"}},{"type":"Feature","geometry":{"type":"Point","coordinates":[0.61709,49.01985]},"properties":{"latitude":"49.01985","longitude":"0.61709","bright_ti4":"367","scan":"0.56","track":"0.69","acq_date":"2026-08-10","acq_time":"330","satellite":"N","instrument":"VIIRS","confidence":"h","version":"2.0NRT","bright_ti5":"286.9","frp":"10.71","daynight":"N","commune":"Mesnil-en-Ouche","code_insee":"27049","departement":"Eure","region":"Normandie"}},{"type":"Feature","geometry":{"type":"Point","coordinates":[0.411,49.35711]},"properties":{"latitude":"49.35711","longitude":"0.411","bright_ti4":"351.63","scan":"0.53","track":"0.67","acq_date":"2026-08-10","acq_time":"330","satellite":"N","instrument":"VIIRS","confidence":"n","version":"2.0NRT","bright_ti5":"286.38","frp":"5.25","daynight":"N","commune":"Saint-Maclou","code_insee":"27561","departement":"Eure","region":"Normandie"}},{"type":"Feature","geometry":{"type":"Point","coordinates":[0.40401,49.35956]},"properties":{"latitude":"49.35956","longitude":"0.40401","bright_ti4":"301.02","scan":"0.53","track":"0.67","acq_date":"2026-08-10","acq_time":"330","satellite":"N","instrument":"VIIRS","confidence":"n","version":"2.0NRT","bright_ti5":"285.13","frp":"5.25","daynight":"N","commune":"Boulleville","code_insee":"27100","departement":"Eure","region":"Normandie"}},{"type":"Feature","geometry":{"type":"Point","coordinates":[2.26841,51.02488]},"properties":{"latitude":"51.02488","longitude":"2.26841","bright_ti4":"297.37","scan":"0.55","track":"0.68","acq_date":"2026-08-10","acq_time":"330","satellite":"N","instrument":"VIIRS","confidence":"n","version":"2.0NRT","bright_ti5":"285.16","frp":"0.97","daynight":"N","commune":"Grande-Synthe","code_insee":"59271","departement":"Nord","region":"Hauts-de-France"}},{"type":"Feature","geometry":{"type":"Point","coordinates":[2.27353,51.0304]},"properties":{"latitude":"51.0304","longitude":"2.27353","bright_ti4":"310.18","scan":"0.55","track":"0.68","acq_date":"2026-08-10","acq_time":"330","satellite":"N","instrument":"VIIRS","confidence":"n","version":"2.0NRT","bright_ti5":"286.29","frp":"0.97","daynight":"N","commune":"Grande-Synthe","code_insee":"59271","departement":"Nord","region":"Hauts-de-France"}},{"type":"Feature","geometry":{"type":"Point","coordinates":[2.28561,51.03341]},"properties":{"latitude":"51.03341","longitude":"2.28561","bright_ti4":"311.52","scan":"0.55","track":"0.68","acq_date":"2026-08-10","acq_time":"330","satellite":"N","instrument":"VIIRS","confidence":"n","version":"2.0NRT","bright_ti5":"286.04","frp":"1.32","daynight":"N","commune":"Grande-Synthe","code_insee":"59271","departement":"Nord","region":"Hauts-de-France"}},{"type":"Feature","geometry":{"type":"Point","coordinates":[2.29363,51.03464]},"properties":{"latitude":"51.03464","longitude":"2.29363","bright_ti4":"301.56","scan":"0.55","track":"0.68","acq_date":"2026-08-10","acq_time":"330","satellite":"N","instrument":"VIIRS","confidence":"n","version":"2.0NRT","bright_ti5":"285.96","frp":"1.6","daynight":"N","commune":"Grande-Synthe","code_insee":"59271","departement":"Nord","region":"Hauts-de-France"}},{"type":"Feature","geometry":{"type":"Point","coordinates":[2.2786,51.03593]},"properties":{"latitude":"51.03593","longitude":"2.2786","bright_ti4":"299.64","scan":"0.55","track":"0.68","acq_date":"2026-08-10","acq_time":"330","satellite":"N","instrument":"VIIRS","confidence":"n","version":"2.0NRT","bright_ti5":"285.57","frp":"1.32","daynight":"N","commune":"Grande-Synthe","code_insee":"59271","departement":"Nord","region":"Hauts-de-France"}},{"type":"Feature","geometry":{"type":"Point","coordinates":[2.28662,51.0372]},"properties":{"latitude":"51.0372","longitude":"2.28662","bright_ti4":"319.51","scan":"0.55","track":"0.68","acq_date":"2026-08-10","acq_time":"330","satellite":"N","instrument":"VIIRS","confidence":"n","version":"2.0NRT","bright_ti5":"286.79","frp":"1.6","daynight":"N","commune":"Grande-Synthe","code_insee":"59271","departement":"Nord","region":"Hauts-de-France"}},{"type":"Feature","geometry":{"type":"Point","coordinates":[2.29076,51.03892]},"properties":{"latitude":"51.03892","longitude":"2.29076","bright_ti4":"303.62","scan":"0.55","track":"0.68","acq_date":"2026-08-10","acq_time":"330","satellite":"N","instrument":"VIIRS","confidence":"n","version":"2.0NRT","bright_ti5":"286.19","frp":"1.32","daynight":"N","commune":"Grande-Synthe","code_insee":"59271","departement":"Nord","region":"Hauts-de-France"}},{"type":"Feature","geometry":{"type":"Point","coordinates":[2.2987,51.04018]},"properties":{"latitude":"51.04018","longitude":"2.2987","bright_ti4":"310.02","scan":"0.55","track":"0.68","acq_date":"2026-08-10","acq_time":"330","satellite":"N","instrument":"VIIRS","confidence":"n","version":"2.0NRT","bright_ti5":"286.45","frp":"1.6","daynight":"N","commune":"Grande-Synthe","code_insee":"59271","departement":"Nord","region":"Hauts-de-France"}},{"type":"Feature","geometry":{"type":"Point","coordinates":[2.3029,51.04191]},"properties":{"latitude":"51.04191","longitude":"2.3029","bright_ti4":"306.47","scan":"0.55","track":"0.68","acq_date":"2026-08-10","acq_time":"330","satellite":"N","instrument":"VIIRS","confidence":"n","version":"2.0NRT","bright_ti5":"286.37","frp":"2.98","daynight":"N","commune":"Grande-Synthe","code_insee":"59271","departement":"Nord","region":"Hauts-de-France"}},{"type":"Feature","geometry":{"type":"Point","coordinates":[2.29169,51.04274]},"properties":{"latitude":"51.04274","longitude":"2.29169","bright_ti4":"305.17","scan":"0.55","track":"0.68","acq_date":"2026-08-10","acq_time":"330","satellite":"N","instrument":"VIIRS","confidence":"n","version":"2.0NRT","bright_ti5":"286.76","frp":"1.6","daynight":"N","commune":"Grande-Synthe","code_insee":"59271","departement":"Nord","region":"Hauts-de-France"}},{"type":"Feature","geometry":{"type":"Point","coordinates":[2.29584,51.04445]},"properties":{"latitude":"51.04445","longitude":"2.29584","bright_ti4":"343.61","scan":"0.55","track":"0.68","acq_date":"2026-08-10","acq_time":"330","satellite":"N","instrument":"VIIRS","confidence":"n","version":"2.0NRT","bright_ti5":"288.41","frp":"8.02","daynight":"N","commune":"Grande-Synthe","code_insee":"59271","departement":"Nord","region":"Hauts-de-France"}},{"type":"Feature","geometry":{"type":"Point","coordinates":[2.29679,51.04826]},"properties":{"latitude":"51.04826","longitude":"2.29679","bright_ti4":"333.86","scan":"0.55","track":"0.68","acq_date":"2026-08-10","acq_time":"330","satellite":"N","instrument":"VIIRS","confidence":"n","version":"2.0NRT","bright_ti5":"287.27","frp":"5.14","daynight":"N","commune":"Grande-Synthe","code_insee":"59271","departement":"Nord","region":"Hauts-de-France"}},{"type":"Feature","geometry":{"type":"Point","coordinates":[5.48458,44.5443]},"properties":{"latitude":"44.5443","longitude":"5.48458","bright_ti4":"307.8","scan":"0.72","track":"0.75","acq_date":"2026-08-10","acq_time":"30","satellite":"N20","instrument":"VIIRS","confidence":"n","version":"2.0NRT","bright_ti5":"289.25","frp":"2.91","daynight":"N","commune":"Beaumont-en-Diois","code_insee":"26036","departement":"Drôme","region":"Auvergne-Rhône-Alpes"}},{"type":"Feature","geometry":{"type":"Point","coordinates":[5.49618,44.54441]},"properties":{"latitude":"44.54441","longitude":"5.49618","bright_ti4":"304.72","scan":"0.72","track":"0.75","acq_date":"2026-08-10","acq_time":"30","satellite":"N20","instrument":"VIIRS","confidence":"n","version":"2.0NRT","bright_ti5":"288.62","frp":"3.57","daynight":"N","commune":"Charens","code_insee":"26076","departement":"Drôme","region":"Auvergne-Rhône-Alpes"}},{"type":"Feature","geometry":{"type":"Point","coordinates":[5.47782,44.54646]},"properties":{"latitude":"44.54646","longitude":"5.47782","bright_ti4":"300.22","scan":"0.72","track":"0.75","acq_date":"2026-08-10","acq_time":"30","satellite":"N20","instrument":"VIIRS","confidence":"n","version":"2.0NRT","bright_ti5":"288.6","frp":"4.41","daynight":"N","commune":"Beaumont-en-Diois","code_insee":"26036","departement":"Drôme","region":"Auvergne-Rhône-Alpes"}},{"type":"Feature","geometry":{"type":"Point","coordinates":[5.48896,44.54651]},"properties":{"latitude":"44.54651","longitude":"5.48896","bright_ti4":"322.97","scan":"0.72","track":"0.75","acq_date":"2026-08-10","acq_time":"30","satellite":"N20","instrument":"VIIRS","confidence":"n","version":"2.0NRT","bright_ti5":"290.24","frp":"7.1","daynight":"N","commune":"Beaumont-en-Diois","code_insee":"26036","departement":"Drôme","region":"Auvergne-Rhône-Alpes"}},{"type":"Feature","geometry":{"type":"Point","coordinates":[5.47853,44.55124]},"properties":{"latitude":"44.55124","longitude":"5.47853","bright_ti4":"306.28","scan":"0.72","track":"0.75","acq_date":"2026-08-10","acq_time":"30","satellite":"N20","instrument":"VIIRS","confidence":"n","version":"2.0NRT","bright_ti5":"288.64","frp":"2.91","daynight":"N","commune":"Beaumont-en-Diois","code_insee":"26036","departement":"Drôme","region":"Auvergne-Rhône-Alpes"}},{"type":"Feature","geometry":{"type":"Point","coordinates":[6.11295,48.60915]},"properties":{"latitude":"48.60915","longitude":"6.11295","bright_ti4":"300.96","scan":"0.5","track":"0.41","acq_date":"2026-08-10","acq_time":"209","satellite":"N20","instrument":"VIIRS","confidence":"n","version":"2.0NRT","bright_ti5":"288.49","frp":"0.7","daynight":"N","commune":"Neuves-Maisons","code_insee":"54397","departement":"Meurthe-et-Moselle","region":"Grand Est"}},{"type":"Feature","geometry":{"type":"Point","coordinates":[5.68367,48.71569]},"properties":{"latitude":"48.71569","longitude":"5.68367","bright_ti4":"301.23","scan":"0.48","track":"0.4","acq_date":"2026-08-10","acq_time":"209","satellite":"N20","instrument":"VIIRS","confidence":"n","version":"2.0NRT","bright_ti5":"287.77","frp":"0.61","daynight":"N","commune":"Sorcy-Saint-Martin","code_insee":"55496","departement":"Meuse","region":"Grand Est"}},{"type":"Feature","geometry":{"type":"Point","coordinates":[4.56518,48.76812]},"properties":{"latitude":"48.76812","longitude":"4.56518","bright_ti4":"303.06","scan":"0.45","track":"0.39","acq_date":"2026-08-10","acq_time":"209","satellite":"N20","instrument":"VIIRS","confidence":"n","version":"2.0NRT","bright_ti5":"290.72","frp":"0.79","daynight":"N","commune":"Couvrot","code_insee":"51195","departement":"Marne","region":"Grand Est"}},{"type":"Feature","geometry":{"type":"Point","coordinates":[2.73507,48.94778]},"properties":{"latitude":"48.94778","longitude":"2.73507","bright_ti4":"299.5","scan":"0.4","track":"0.37","acq_date":"2026-08-10","acq_time":"209","satellite":"N20","instrument":"VIIRS","confidence":"n","version":"2.0NRT","bright_ti5":"288.39","frp":"0.23","daynight":"N","commune":"Fresnes-sur-Marne","code_insee":"77196","departement":"Seine-et-Marne","region":"Île-de-France"}},{"type":"Feature","geometry":{"type":"Point","coordinates":[0.61821,49.0158]},"properties":{"latitude":"49.0158","longitude":"0.61821","bright_ti4":"321.38","scan":"0.38","track":"0.36","acq_date":"2026-08-10","acq_time":"209","satellite":"N20","instrument":"VIIRS","confidence":"n","version":"2.0NRT","bright_ti5":"287.09","frp":"12.98","daynight":"N","commune":"Mesnil-en-Ouche","code_insee":"27049","departement":"Eure","region":"Normandie"}},{"type":"Feature","geometry":{"type":"Point","coordinates":[0.61306,49.01663]},"properties":{"latitude":"49.01663","longitude":"0.61306","bright_ti4":"325.04","scan":"0.38","track":"0.36","acq_date":"2026-08-10","acq_time":"209","satellite":"N20","instrument":"VIIRS","confidence":"n","version":"2.0NRT","bright_ti5":"295.79","frp":"28.65","daynight":"N","commune":"Mesnil-en-Ouche","code_insee":"27049","departement":"Eure","region":"Normandie"}},{"type":"Feature","geometry":{"type":"Point","coordinates":[0.61942,49.01905]},"properties":{"latitude":"49.01905","longitude":"0.61942","bright_ti4":"320.83","scan":"0.38","track":"0.36","acq_date":"2026-08-10","acq_time":"209","satellite":"N20","instrument":"VIIRS","confidence":"n","version":"2.0NRT","bright_ti5":"287.78","frp":"12.98","daynight":"N","commune":"Mesnil-en-Ouche","code_insee":"27049","departement":"Eure","region":"Normandie"}},{"type":"Feature","geometry":{"type":"Point","coordinates":[0.61426,49.01987]},"properties":{"latitude":"49.01987","longitude":"0.61426","bright_ti4":"338.73","scan":"0.38","track":"0.36","acq_date":"2026-08-10","acq_time":"209","satellite":"N20","instrument":"VIIRS","confidence":"n","version":"2.0NRT","bright_ti5":"290.5","frp":"28.65","daynight":"N","commune":"Mesnil-en-Ouche","code_insee":"27049","departement":"Eure","region":"Normandie"}},{"type":"Feature","geometry":{"type":"Point","coordinates":[6.14732,49.31975]},"properties":{"latitude":"49.31975","longitude":"6.14732","bright_ti4":"299","scan":"0.49","track":"0.4","acq_date":"2026-08-10","acq_time":"209","satellite":"N20","instrument":"VIIRS","confidence":"n","version":"2.0NRT","bright_ti5":"287.7","frp":"0.57","daynight":"N","commune":"Florange","code_insee":"57221","departement":"Moselle","region":"Grand Est"}},{"type":"Feature","geometry":{"type":"Point","coordinates":[6.10036,49.32569]},"properties":{"latitude":"49.32569","longitude":"6.10036","bright_ti4":"300.89","scan":"0.49","track":"0.4","acq_date":"2026-08-10","acq_time":"209","satellite":"N20","instrument":"VIIRS","confidence":"n","version":"2.0NRT","bright_ti5":"287.87","frp":"0.87","daynight":"N","commune":"Serémange-Erzange","code_insee":"57647","departement":"Moselle","region":"Grand Est"}},{"type":"Feature","geometry":{"type":"Point","coordinates":[0.40825,49.35502]},"properties":{"latitude":"49.35502","longitude":"0.40825","bright_ti4":"307.42","scan":"0.38","track":"0.36","acq_date":"2026-08-10","acq_time":"209","satellite":"N20","instrument":"VIIRS","confidence":"n","version":"2.0NRT","bright_ti5":"285.9","frp":"0.86","daynight":"N","commune":"Saint-Maclou","code_insee":"27561","departement":"Eure","region":"Normandie"}},{"type":"Feature","geometry":{"type":"Point","coordinates":[0.40306,49.35584]},"properties":{"latitude":"49.35584","longitude":"0.40306","bright_ti4":"302.37","scan":"0.38","track":"0.36","acq_date":"2026-08-10","acq_time":"209","satellite":"N20","instrument":"VIIRS","confidence":"n","version":"2.0NRT","bright_ti5":"287.65","frp":"0.86","daynight":"N","commune":"Saint-Maclou","code_insee":"27561","departement":"Eure","region":"Normandie"}},{"type":"Feature","geometry":{"type":"Point","coordinates":[0.40945,49.35826]},"properties":{"latitude":"49.35826","longitude":"0.40945","bright_ti4":"338.69","scan":"0.38","track":"0.36","acq_date":"2026-08-10","acq_time":"209","satellite":"N20","instrument":"VIIRS","confidence":"n","version":"2.0NRT","bright_ti5":"294.11","frp":"16.24","daynight":"N","commune":"Saint-Maclou","code_insee":"27561","departement":"Eure","region":"Normandie"}},{"type":"Feature","geometry":{"type":"Point","coordinates":[0.40425,49.35909]},"properties":{"latitude":"49.35909","longitude":"0.40425","bright_ti4":"326.38","scan":"0.38","track":"0.36","acq_date":"2026-08-10","acq_time":"209","satellite":"N20","instrument":"VIIRS","confidence":"n","version":"2.0NRT","bright_ti5":"287.86","frp":"16.24","daynight":"N","commune":"Saint-Maclou","code_insee":"27561","departement":"Eure","region":"Normandie"}},{"type":"Feature","geometry":{"type":"Point","coordinates":[0.53229,49.47637]},"properties":{"latitude":"49.47637","longitude":"0.53229","bright_ti4":"302.35","scan":"0.38","track":"0.36","acq_date":"2026-08-10","acq_time":"209","satellite":"N20","instrument":"VIIRS","confidence":"n","version":"2.0NRT","bright_ti5":"289.68","frp":"1.03","daynight":"N","commune":"Lillebonne","code_insee":"76384","departement":"Seine-Maritime","region":"Normandie"}},{"type":"Feature","geometry":{"type":"Point","coordinates":[2.26855,51.02644]},"properties":{"latitude":"51.02644","longitude":"2.26855","bright_ti4":"327.04","scan":"0.39","track":"0.36","acq_date":"2026-08-10","acq_time":"209","satellite":"N20","instrument":"VIIRS","confidence":"n","version":"2.0NRT","bright_ti5":"289.51","frp":"2.17","daynight":"N","commune":"Grande-Synthe","code_insee":"59271","departement":"Nord","region":"Hauts-de-France"}},{"type":"Feature","geometry":{"type":"Point","coordinates":[2.26992,51.02968]},"properties":{"latitude":"51.02968","longitude":"2.26992","bright_ti4":"324.61","scan":"0.39","track":"0.36","acq_date":"2026-08-10","acq_time":"209","satellite":"N20","instrument":"VIIRS","confidence":"n","version":"2.0NRT","bright_ti5":"291.01","frp":"2.17","daynight":"N","commune":"Grande-Synthe","code_insee":"59271","departement":"Nord","region":"Hauts-de-France"}},{"type":"Feature","geometry":{"type":"Point","coordinates":[2.25375,51.03239]},"properties":{"latitude":"51.03239","longitude":"2.25375","bright_ti4":"306.31","scan":"0.39","track":"0.36","acq_date":"2026-08-10","acq_time":"209","satellite":"N20","instrument":"VIIRS","confidence":"n","version":"2.0NRT","bright_ti5":"288.83","frp":"0.84","daynight":"N","commune":"Dunkerque","code_insee":"59183","departement":"Nord","region":"Hauts-de-France"}},{"type":"Feature","geometry":{"type":"Point","coordinates":[2.28882,51.03344]},"properties":{"latitude":"51.03344","longitude":"2.28882","bright_ti4":"310.29","scan":"0.39","track":"0.36","acq_date":"2026-08-10","acq_time":"209","satellite":"N20","instrument":"VIIRS","confidence":"n","version":"2.0NRT","bright_ti5":"289.99","frp":"1.56","daynight":"N","commune":"Grande-Synthe","code_insee":"59271","departement":"Nord","region":"Hauts-de-France"}},{"type":"Feature","geometry":{"type":"Point","coordinates":[2.29557,51.03577]},"properties":{"latitude":"51.03577","longitude":"2.29557","bright_ti4":"327.72","scan":"0.39","track":"0.36","acq_date":"2026-08-10","acq_time":"209","satellite":"N20","instrument":"VIIRS","confidence":"n","version":"2.0NRT","bright_ti5":"290","frp":"1.43","daynight":"N","commune":"Grande-Synthe","code_insee":"59271","departement":"Nord","region":"Hauts-de-France"}},{"type":"Feature","geometry":{"type":"Point","coordinates":[2.29018,51.03668]},"properties":{"latitude":"51.03668","longitude":"2.29018","bright_ti4":"314.56","scan":"0.39","track":"0.36","acq_date":"2026-08-10","acq_time":"209","satellite":"N20","instrument":"VIIRS","confidence":"n","version":"2.0NRT","bright_ti5":"290.01","frp":"2.05","daynight":"N","commune":"Grande-Synthe","code_insee":"59271","departement":"Nord","region":"Hauts-de-France"}},{"type":"Feature","geometry":{"type":"Point","coordinates":[2.28479,51.03759]},"properties":{"latitude":"51.03759","longitude":"2.28479","bright_ti4":"328.81","scan":"0.39","track":"0.36","acq_date":"2026-08-10","acq_time":"209","satellite":"N20","instrument":"VIIRS","confidence":"n","version":"2.0NRT","bright_ti5":"291.07","frp":"2.05","daynight":"N","commune":"Grande-Synthe","code_insee":"59271","departement":"Nord","region":"Hauts-de-France"}},{"type":"Feature","geometry":{"type":"Point","coordinates":[2.29694,51.03901]},"properties":{"latitude":"51.03901","longitude":"2.29694","bright_ti4":"309.36","scan":"0.39","track":"0.36","acq_date":"2026-08-10","acq_time":"209","satellite":"N20","instrument":"VIIRS","confidence":"n","version":"2.0NRT","bright_ti5":"289.1","frp":"1.43","daynight":"N","commune":"Grande-Synthe","code_insee":"59271","departement":"Nord","region":"Hauts-de-France"}},{"type":"Feature","geometry":{"type":"Point","coordinates":[2.29831,51.04225]},"properties":{"latitude":"51.04225","longitude":"2.29831","bright_ti4":"307.62","scan":"0.39","track":"0.36","acq_date":"2026-08-10","acq_time":"209","satellite":"N20","instrument":"VIIRS","confidence":"n","version":"2.0NRT","bright_ti5":"292.4","frp":"2.18","daynight":"N","commune":"Grande-Synthe","code_insee":"59271","departement":"Nord","region":"Hauts-de-France"}},{"type":"Feature","geometry":{"type":"Point","coordinates":[2.29292,51.04316]},"properties":{"latitude":"51.04316","longitude":"2.29292","bright_ti4":"308.51","scan":"0.39","track":"0.36","acq_date":"2026-08-10","acq_time":"209","satellite":"N20","instrument":"VIIRS","confidence":"n","version":"2.0NRT","bright_ti5":"290.59","frp":"2.71","daynight":"N","commune":"Grande-Synthe","code_insee":"59271","departement":"Nord","region":"Hauts-de-France"}},{"type":"Feature","geometry":{"type":"Point","coordinates":[2.30507,51.04458]},"properties":{"latitude":"51.04458","longitude":"2.30507","bright_ti4":"305.97","scan":"0.39","track":"0.36","acq_date":"2026-08-10","acq_time":"209","satellite":"N20","instrument":"VIIRS","confidence":"n","version":"2.0NRT","bright_ti5":"289.79","frp":"2.18","daynight":"N","commune":"Dunkerque","code_insee":"59183","departement":"Nord","region":"Hauts-de-France"}},{"type":"Feature","geometry":{"type":"Point","coordinates":[2.32262,51.0451]},"properties":{"latitude":"51.0451","longitude":"2.32262","bright_ti4":"302.38","scan":"0.39","track":"0.36","acq_date":"2026-08-10","acq_time":"209","satellite":"N20","instrument":"VIIRS","confidence":"n","version":"2.0NRT","bright_ti5":"290.04","frp":"0.62","daynight":"N","commune":"Dunkerque","code_insee":"59183","departement":"Nord","region":"Hauts-de-France"}},{"type":"Feature","geometry":{"type":"Point","coordinates":[2.29968,51.04549]},"properties":{"latitude":"51.04549","longitude":"2.29968","bright_ti4":"327.64","scan":"0.39","track":"0.36","acq_date":"2026-08-10","acq_time":"209","satellite":"N20","instrument":"VIIRS","confidence":"n","version":"2.0NRT","bright_ti5":"293.25","frp":"2.18","daynight":"N","commune":"Grande-Synthe","code_insee":"59271","departement":"Nord","region":"Hauts-de-France"}},{"type":"Feature","geometry":{"type":"Point","coordinates":[2.29429,51.04639]},"properties":{"latitude":"51.04639","longitude":"2.29429","bright_ti4":"328.29","scan":"0.39","track":"0.36","acq_date":"2026-08-10","acq_time":"209","satellite":"N20","instrument":"VIIRS","confidence":"n","version":"2.0NRT","bright_ti5":"290.85","frp":"2.71","daynight":"N","commune":"Grande-Synthe","code_insee":"59271","departement":"Nord","region":"Hauts-de-France"}},{"type":"Feature","geometry":{"type":"Point","coordinates":[2.31183,51.04691]},"properties":{"latitude":"51.04691","longitude":"2.31183","bright_ti4":"301.88","scan":"0.39","track":"0.36","acq_date":"2026-08-10","acq_time":"209","satellite":"N20","instrument":"VIIRS","confidence":"n","version":"2.0NRT","bright_ti5":"289.19","frp":"1.25","daynight":"N","commune":"Dunkerque","code_insee":"59183","departement":"Nord","region":"Hauts-de-France"}},{"type":"Feature","geometry":{"type":"Point","coordinates":[4.89307,43.43289]},"properties":{"latitude":"43.43289","longitude":"4.89307","bright_ti4":"302.22","scan":"0.57","track":"0.43","acq_date":"2026-08-10","acq_time":"211","satellite":"N20","instrument":"VIIRS","confidence":"n","version":"2.0NRT","bright_ti5":"287.9","frp":"1.44","daynight":"N","commune":"Fos-sur-Mer","code_insee":"13039","departement":"Bouches-du-Rhône","region":"Provence-Alpes-Côte d'Azur"}},{"type":"Feature","geometry":{"type":"Point","coordinates":[4.88626,43.43438]},"properties":{"latitude":"43.43438","longitude":"4.88626","bright_ti4":"315.57","scan":"0.57","track":"0.43","acq_date":"2026-08-10","acq_time":"211","satellite":"N20","instrument":"VIIRS","confidence":"n","version":"2.0NRT","bright_ti5":"288.61","frp":"2.82","daynight":"N","commune":"Fos-sur-Mer","code_insee":"13039","departement":"Bouches-du-Rhône","region":"Provence-Alpes-Côte d'Azur"}},{"type":"Feature","geometry":{"type":"Point","coordinates":[4.89465,43.43673]},"properties":{"latitude":"43.43673","longitude":"4.89465","bright_ti4":"303.24","scan":"0.57","track":"0.43","acq_date":"2026-08-10","acq_time":"211","satellite":"N20","instrument":"VIIRS","confidence":"n","version":"2.0NRT","bright_ti5":"289.12","frp":"1.44","daynight":"N","commune":"Fos-sur-Mer","code_insee":"13039","departement":"Bouches-du-Rhône","region":"Provence-Alpes-Côte d'Azur"}},{"type":"Feature","geometry":{"type":"Point","coordinates":[4.89789,43.44332]},"properties":{"latitude":"43.44332","longitude":"4.89789","bright_ti4":"313.71","scan":"0.57","track":"0.43","acq_date":"2026-08-10","acq_time":"211","satellite":"N20","instrument":"VIIRS","confidence":"n","version":"2.0NRT","bright_ti5":"289.46","frp":"2.99","daynight":"N","commune":"Fos-sur-Mer","code_insee":"13039","departement":"Bouches-du-Rhône","region":"Provence-Alpes-Côte d'Azur"}},{"type":"Feature","geometry":{"type":"Point","coordinates":[4.89785,43.4444]},"properties":{"latitude":"43.4444","longitude":"4.89785","bright_ti4":"316.95","scan":"0.57","track":"0.43","acq_date":"2026-08-10","acq_time":"211","satellite":"N20","instrument":"VIIRS","confidence":"n","version":"2.0NRT","bright_ti5":"290.16","frp":"2.91","daynight":"N","commune":"Fos-sur-Mer","code_insee":"13039","departement":"Bouches-du-Rhône","region":"Provence-Alpes-Côte d'Azur"}},{"type":"Feature","geometry":{"type":"Point","coordinates":[4.8995,43.44715]},"properties":{"latitude":"43.44715","longitude":"4.8995","bright_ti4":"329.56","scan":"0.57","track":"0.43","acq_date":"2026-08-10","acq_time":"211","satellite":"N20","instrument":"VIIRS","confidence":"n","version":"2.0NRT","bright_ti5":"290.42","frp":"2.99","daynight":"N","commune":"Fos-sur-Mer","code_insee":"13039","departement":"Bouches-du-Rhône","region":"Provence-Alpes-Côte d'Azur"}},{"type":"Feature","geometry":{"type":"Point","coordinates":[4.89946,43.44823]},"properties":{"latitude":"43.44823","longitude":"4.89946","bright_ti4":"331.96","scan":"0.57","track":"0.43","acq_date":"2026-08-10","acq_time":"211","satellite":"N20","instrument":"VIIRS","confidence":"n","version":"2.0NRT","bright_ti5":"289.89","frp":"4.31","daynight":"N","commune":"Fos-sur-Mer","code_insee":"13039","departement":"Bouches-du-Rhône","region":"Provence-Alpes-Côte d'Azur"}},{"type":"Feature","geometry":{"type":"Point","coordinates":[4.89271,43.44867]},"properties":{"latitude":"43.44867","longitude":"4.89271","bright_ti4":"309.52","scan":"0.57","track":"0.43","acq_date":"2026-08-10","acq_time":"211","satellite":"N20","instrument":"VIIRS","confidence":"n","version":"2.0NRT","bright_ti5":"286.01","frp":"2.99","daynight":"N","commune":"Fos-sur-Mer","code_insee":"13039","departement":"Bouches-du-Rhône","region":"Provence-Alpes-Côte d'Azur"}},{"type":"Feature","geometry":{"type":"Point","coordinates":[4.84873,43.45093]},"properties":{"latitude":"43.45093","longitude":"4.84873","bright_ti4":"298.48","scan":"0.57","track":"0.43","acq_date":"2026-08-10","acq_time":"211","satellite":"N20","instrument":"VIIRS","confidence":"n","version":"2.0NRT","bright_ti5":"285.04","frp":"0.36","daynight":"N","commune":"Fos-sur-Mer","code_insee":"13039","departement":"Bouches-du-Rhône","region":"Provence-Alpes-Côte d'Azur"}},{"type":"Feature","geometry":{"type":"Point","coordinates":[4.85048,43.45392]},"properties":{"latitude":"43.45392","longitude":"4.85048","bright_ti4":"298.87","scan":"0.57","track":"0.43","acq_date":"2026-08-10","acq_time":"211","satellite":"N20","instrument":"VIIRS","confidence":"n","version":"2.0NRT","bright_ti5":"285.4","frp":"0.76","daynight":"N","commune":"Fos-sur-Mer","code_insee":"13039","departement":"Bouches-du-Rhône","region":"Provence-Alpes-Côte d'Azur"}},{"type":"Feature","geometry":{"type":"Point","coordinates":[1.22957,43.98657]},"properties":{"latitude":"43.98657","longitude":"1.22957","bright_ti4":"301.48","scan":"0.42","track":"0.37","acq_date":"2026-08-10","acq_time":"211","satellite":"N20","instrument":"VIIRS","confidence":"n","version":"2.0NRT","bright_ti5":"289.39","frp":"0.56","daynight":"N","commune":"Montech","code_insee":"82125","departement":"Tarn-et-Garonne","region":"Occitanie"}},{"type":"Feature","geometry":{"type":"Point","coordinates":[5.48797,44.54134]},"properties":{"latitude":"44.54134","longitude":"5.48797","bright_ti4":"303.64","scan":"0.38","track":"0.43","acq_date":"2026-08-10","acq_time":"211","satellite":"N20","instrument":"VIIRS","confidence":"n","version":"2.0NRT","bright_ti5":"287.21","frp":"5.67","daynight":"N","commune":"Beaumont-en-Diois","code_insee":"26036","departement":"Drôme","region":"Auvergne-Rhône-Alpes"}},{"type":"Feature","geometry":{"type":"Point","coordinates":[5.49444,44.54412]},"properties":{"latitude":"44.54412","longitude":"5.49444","bright_ti4":"332.49","scan":"0.38","track":"0.43","acq_date":"2026-08-10","acq_time":"211","satellite":"N20","instrument":"VIIRS","confidence":"n","version":"2.0NRT","bright_ti5":"296.31","frp":"5.67","daynight":"N","commune":"Charens","code_insee":"26076","departement":"Drôme","region":"Auvergne-Rhône-Alpes"}},{"type":"Feature","geometry":{"type":"Point","coordinates":[5.49018,44.54505]},"properties":{"latitude":"44.54505","longitude":"5.49018","bright_ti4":"367","scan":"0.38","track":"0.43","acq_date":"2026-08-10","acq_time":"211","satellite":"N20","instrument":"VIIRS","confidence":"h","version":"2.0NRT","bright_ti5":"296.88","frp":"5.67","daynight":"N","commune":"Beaumont-en-Diois","code_insee":"26036","departement":"Drôme","region":"Auvergne-Rhône-Alpes"}},{"type":"Feature","geometry":{"type":"Point","coordinates":[5.48607,44.54596]},"properties":{"latitude":"44.54596","longitude":"5.48607","bright_ti4":"310.86","scan":"0.38","track":"0.43","acq_date":"2026-08-10","acq_time":"211","satellite":"N20","instrument":"VIIRS","confidence":"n","version":"2.0NRT","bright_ti5":"283.66","frp":"4.11","daynight":"N","commune":"Beaumont-en-Diois","code_insee":"26036","departement":"Drôme","region":"Auvergne-Rhône-Alpes"}},{"type":"Feature","geometry":{"type":"Point","coordinates":[5.49649,44.54786]},"properties":{"latitude":"44.54786","longitude":"5.49649","bright_ti4":"325.62","scan":"0.38","track":"0.43","acq_date":"2026-08-10","acq_time":"211","satellite":"N20","instrument":"VIIRS","confidence":"n","version":"2.0NRT","bright_ti5":"292.54","frp":"2.54","daynight":"N","commune":"Charens","code_insee":"26076","departement":"Drôme","region":"Auvergne-Rhône-Alpes"}},{"type":"Feature","geometry":{"type":"Point","coordinates":[5.49218,44.54882]},"properties":{"latitude":"44.54882","longitude":"5.49218","bright_ti4":"316.55","scan":"0.38","track":"0.43","acq_date":"2026-08-10","acq_time":"211","satellite":"N20","instrument":"VIIRS","confidence":"n","version":"2.0NRT","bright_ti5":"287.76","frp":"2.54","daynight":"N","commune":"Beaumont-en-Diois","code_insee":"26036","departement":"Drôme","region":"Auvergne-Rhône-Alpes"}},{"type":"Feature","geometry":{"type":"Point","coordinates":[5.49173,44.53889]},"properties":{"latitude":"44.53889","longitude":"5.49173","bright_ti4":"310.15","scan":"0.52","track":"0.42","acq_date":"2026-08-10","acq_time":"113","satellite":"N21","instrument":"VIIRS","confidence":"n","version":"2.0NRT","bright_ti5":"293.79","frp":"2.74","daynight":"N","commune":"Beaumont-en-Diois","code_insee":"26036","departement":"Drôme","region":"Auvergne-Rhône-Alpes"}},{"type":"Feature","geometry":{"type":"Point","coordinates":[5.49208,44.54178]},"properties":{"latitude":"44.54178","longitude":"5.49208","bright_ti4":"315.27","scan":"0.52","track":"0.42","acq_date":"2026-08-10","acq_time":"113","satellite":"N21","instrument":"VIIRS","confidence":"n","version":"2.0NRT","bright_ti5":"293.96","frp":"4.71","daynight":"N","commune":"Beaumont-en-Diois","code_insee":"26036","departement":"Drôme","region":"Auvergne-Rhône-Alpes"}},{"type":"Feature","geometry":{"type":"Point","coordinates":[5.49838,44.54207]},"properties":{"latitude":"44.54207","longitude":"5.49838","bright_ti4":"302.31","scan":"0.52","track":"0.42","acq_date":"2026-08-10","acq_time":"113","satellite":"N21","instrument":"VIIRS","confidence":"n","version":"2.0NRT","bright_ti5":"290.95","frp":"1.62","daynight":"N","commune":"Charens","code_insee":"26076","departement":"Drôme","region":"Auvergne-Rhône-Alpes"}},{"type":"Feature","geometry":{"type":"Point","coordinates":[5.49213,44.54273]},"properties":{"latitude":"44.54273","longitude":"5.49213","bright_ti4":"322.85","scan":"0.52","track":"0.42","acq_date":"2026-08-10","acq_time":"113","satellite":"N21","instrument":"VIIRS","confidence":"n","version":"2.0NRT","bright_ti5":"295.11","frp":"6.9","daynight":"N","commune":"Beaumont-en-Diois","code_insee":"26036","departement":"Drôme","region":"Auvergne-Rhône-Alpes"}},{"type":"Feature","geometry":{"type":"Point","coordinates":[5.49894,44.54495]},"properties":{"latitude":"44.54495","longitude":"5.49894","bright_ti4":"323.09","scan":"0.52","track":"0.42","acq_date":"2026-08-10","acq_time":"113","satellite":"N21","instrument":"VIIRS","confidence":"n","version":"2.0NRT","bright_ti5":"291.9","frp":"4.71","daynight":"N","commune":"Charens","code_insee":"26076","departement":"Drôme","region":"Auvergne-Rhône-Alpes"}},{"type":"Feature","geometry":{"type":"Point","coordinates":[5.49251,44.54561]},"properties":{"latitude":"44.54561","longitude":"5.49251","bright_ti4":"342.58","scan":"0.52","track":"0.42","acq_date":"2026-08-10","acq_time":"113","satellite":"N21","instrument":"VIIRS","confidence":"n","version":"2.0NRT","bright_ti5":"297.82","frp":"4.71","daynight":"N","commune":"Beaumont-en-Diois","code_insee":"26036","departement":"Drôme","region":"Auvergne-Rhône-Alpes"}},{"type":"Feature","geometry":{"type":"Point","coordinates":[5.49901,44.54589]},"properties":{"latitude":"44.54589","longitude":"5.49901","bright_ti4":"321.68","scan":"0.52","track":"0.42","acq_date":"2026-08-10","acq_time":"113","satellite":"N21","instrument":"VIIRS","confidence":"n","version":"2.0NRT","bright_ti5":"291.57","frp":"1.62","daynight":"N","commune":"Charens","code_insee":"26076","departement":"Drôme","region":"Auvergne-Rhône-Alpes"}},{"type":"Feature","geometry":{"type":"Point","coordinates":[5.49252,44.54658]},"properties":{"latitude":"44.54658","longitude":"5.49252","bright_ti4":"340.93","scan":"0.52","track":"0.42","acq_date":"2026-08-10","acq_time":"113","satellite":"N21","instrument":"VIIRS","confidence":"n","version":"2.0NRT","bright_ti5":"296.87","frp":"6.9","daynight":"N","commune":"Beaumont-en-Diois","code_insee":"26036","departement":"Drôme","region":"Auvergne-Rhône-Alpes"}},{"type":"Feature","geometry":{"type":"Point","coordinates":[5.49278,44.54946]},"properties":{"latitude":"44.54946","longitude":"5.49278","bright_ti4":"302.62","scan":"0.52","track":"0.42","acq_date":"2026-08-10","acq_time":"113","satellite":"N21","instrument":"VIIRS","confidence":"n","version":"2.0NRT","bright_ti5":"290.99","frp":"1.14","daynight":"N","commune":"Beaumont-en-Diois","code_insee":"26036","departement":"Drôme","region":"Auvergne-Rhône-Alpes"}},{"type":"Feature","geometry":{"type":"Point","coordinates":[7.23514,47.62795]},"properties":{"latitude":"47.62795","longitude":"7.23514","bright_ti4":"301.23","scan":"0.48","track":"0.4","acq_date":"2026-08-10","acq_time":"113","satellite":"N21","instrument":"VIIRS","confidence":"n","version":"2.0NRT","bright_ti5":"290.87","frp":"0.68","daynight":"N","commune":"Altkirch","code_insee":"68004","departement":"Haut-Rhin","region":"Grand Est"}},{"type":"Feature","geometry":{"type":"Point","coordinates":[6.11335,48.60704]},"properties":{"latitude":"48.60704","longitude":"6.11335","bright_ti4":"305.5","scan":"0.55","track":"0.43","acq_date":"2026-08-10","acq_time":"113","satellite":"N21","instrument":"VIIRS","confidence":"n","version":"2.0NRT","bright_ti5":"289.72","frp":"0.76","daynight":"N","commune":"Neuves-Maisons","code_insee":"54397","departement":"Meurthe-et-Moselle","region":"Grand Est"}},{"type":"Feature","geometry":{"type":"Point","coordinates":[6.11421,48.61093]},"properties":{"latitude":"48.61093","longitude":"6.11421","bright_ti4":"307.38","scan":"0.55","track":"0.43","acq_date":"2026-08-10","acq_time":"113","satellite":"N21","instrument":"VIIRS","confidence":"n","version":"2.0NRT","bright_ti5":"290.6","frp":"1.41","daynight":"N","commune":"Neuves-Maisons","code_insee":"54397","departement":"Meurthe-et-Moselle","region":"Grand Est"}},{"type":"Feature","geometry":{"type":"Point","coordinates":[6.96525,48.69176]},"properties":{"latitude":"48.69176","longitude":"6.96525","bright_ti4":"301.5","scan":"0.51","track":"0.41","acq_date":"2026-08-10","acq_time":"113","satellite":"N21","instrument":"VIIRS","confidence":"n","version":"2.0NRT","bright_ti5":"289.49","frp":"1.34","daynight":"N","commune":"Héming","code_insee":"57314","departement":"Moselle","region":"Grand Est"}},{"type":"Feature","geometry":{"type":"Point","coordinates":[0.61567,49.01371]},"properties":{"latitude":"49.01371","longitude":"0.61567","bright_ti4":"324.48","scan":"0.32","track":"0.55","acq_date":"2026-08-10","acq_time":"113","satellite":"N21","instrument":"VIIRS","confidence":"n","version":"2.0NRT","bright_ti5":"286.11","frp":"2.71","daynight":"N","commune":"Mesnil-en-Ouche","code_insee":"27049","departement":"Eure","region":"Normandie"}},{"type":"Feature","geometry":{"type":"Point","coordinates":[0.61127,49.01392]},"properties":{"latitude":"49.01392","longitude":"0.61127","bright_ti4":"307.44","scan":"0.32","track":"0.55","acq_date":"2026-08-10","acq_time":"113","satellite":"N21","instrument":"VIIRS","confidence":"n","version":"2.0NRT","bright_ti5":"285.69","frp":"2.28","daynight":"N","commune":"Mesnil-en-Ouche","code_insee":"27049","departement":"Eure","region":"Normandie"}},{"type":"Feature","geometry":{"type":"Point","coordinates":[0.62058,49.01855]},"properties":{"latitude":"49.01855","longitude":"0.62058","bright_ti4":"295.49","scan":"0.32","track":"0.55","acq_date":"2026-08-10","acq_time":"113","satellite":"N21","instrument":"VIIRS","confidence":"n","version":"2.0NRT","bright_ti5":"285.05","frp":"41.35","daynight":"N","commune":"Mesnil-en-Ouche","code_insee":"27049","departement":"Eure","region":"Normandie"}},{"type":"Feature","geometry":{"type":"Point","coordinates":[0.61175,49.01897]},"properties":{"latitude":"49.01897","longitude":"0.61175","bright_ti4":"367","scan":"0.32","track":"0.55","acq_date":"2026-08-10","acq_time":"113","satellite":"N21","instrument":"VIIRS","confidence":"h","version":"2.0NRT","bright_ti5":"288.23","frp":"38.87","daynight":"N","commune":"Mesnil-en-Ouche","code_insee":"27049","departement":"Eure","region":"Normandie"}},{"type":"Feature","geometry":{"type":"Point","coordinates":[0.40891,49.35463]},"properties":{"latitude":"49.35463","longitude":"0.40891","bright_ti4":"353.67","scan":"0.33","track":"0.55","acq_date":"2026-08-10","acq_time":"113","satellite":"N21","instrument":"VIIRS","confidence":"n","version":"2.0NRT","bright_ti5":"280.57","frp":"8.66","daynight":"N","commune":"Saint-Maclou","code_insee":"27561","departement":"Eure","region":"Normandie"}},{"type":"Feature","geometry":{"type":"Point","coordinates":[0.40447,49.35483]},"properties":{"latitude":"49.35483","longitude":"0.40447","bright_ti4":"367","scan":"0.33","track":"0.55","acq_date":"2026-08-10","acq_time":"113","satellite":"N21","instrument":"VIIRS","confidence":"h","version":"2.0NRT","bright_ti5":"282.03","frp":"9.33","daynight":"N","commune":"Saint-Maclou","code_insee":"27561","departement":"Eure","region":"Normandie"}},{"type":"Feature","geometry":{"type":"Point","coordinates":[0.40956,49.35973]},"properties":{"latitude":"49.35973","longitude":"0.40956","bright_ti4":"331.68","scan":"0.33","track":"0.55","acq_date":"2026-08-10","acq_time":"113","satellite":"N21","instrument":"VIIRS","confidence":"n","version":"2.0NRT","bright_ti5":"281.16","frp":"8.66","daynight":"N","commune":"Saint-Maclou","code_insee":"27561","departement":"Eure","region":"Normandie"}},{"type":"Feature","geometry":{"type":"Point","coordinates":[0.40504,49.35994]},"properties":{"latitude":"49.35994","longitude":"0.40504","bright_ti4":"317.89","scan":"0.33","track":"0.55","acq_date":"2026-08-10","acq_time":"113","satellite":"N21","instrument":"VIIRS","confidence":"n","version":"2.0NRT","bright_ti5":"281.69","frp":"9.33","daynight":"N","commune":"Saint-Maclou","code_insee":"27561","departement":"Eure","region":"Normandie"}},{"type":"Feature","geometry":{"type":"Point","coordinates":[2.26836,51.02837]},"properties":{"latitude":"51.02837","longitude":"2.26836","bright_ti4":"322.34","scan":"0.56","track":"0.52","acq_date":"2026-08-10","acq_time":"113","satellite":"N21","instrument":"VIIRS","confidence":"n","version":"2.0NRT","bright_ti5":"282.83","frp":"5.8","daynight":"N","commune":"Grande-Synthe","code_insee":"59271","departement":"Nord","region":"Hauts-de-France"}},{"type":"Feature","geometry":{"type":"Point","coordinates":[2.28519,51.03225]},"properties":{"latitude":"51.03225","longitude":"2.28519","bright_ti4":"309.08","scan":"0.56","track":"0.52","acq_date":"2026-08-10","acq_time":"113","satellite":"N21","instrument":"VIIRS","confidence":"n","version":"2.0NRT","bright_ti5":"284","frp":"2.1","daynight":"N","commune":"Grande-Synthe","code_insee":"59271","departement":"Nord","region":"Hauts-de-France"}},{"type":"Feature","geometry":{"type":"Point","coordinates":[2.25278,51.034]},"properties":{"latitude":"51.034","longitude":"2.25278","bright_ti4":"295.88","scan":"0.57","track":"0.52","acq_date":"2026-08-10","acq_time":"113","satellite":"N21","instrument":"VIIRS","confidence":"n","version":"2.0NRT","bright_ti5":"276.98","frp":"1.13","daynight":"N","commune":"Dunkerque","code_insee":"59183","departement":"Nord","region":"Hauts-de-France"}},{"type":"Feature","geometry":{"type":"Point","coordinates":[2.28581,51.03701]},"properties":{"latitude":"51.03701","longitude":"2.28581","bright_ti4":"317.09","scan":"0.56","track":"0.52","acq_date":"2026-08-10","acq_time":"113","satellite":"N21","instrument":"VIIRS","confidence":"n","version":"2.0NRT","bright_ti5":"283.83","frp":"3.57","daynight":"N","commune":"Grande-Synthe","code_insee":"59271","departement":"Nord","region":"Hauts-de-France"}},{"type":"Feature","geometry":{"type":"Point","coordinates":[2.27772,51.03746]},"properties":{"latitude":"51.03746","longitude":"2.27772","bright_ti4":"302.11","scan":"0.56","track":"0.52","acq_date":"2026-08-10","acq_time":"113","satellite":"N21","instrument":"VIIRS","confidence":"n","version":"2.0NRT","bright_ti5":"282.97","frp":"1.85","daynight":"N","commune":"Grande-Synthe","code_insee":"59271","departement":"Nord","region":"Hauts-de-France"}},{"type":"Feature","geometry":{"type":"Point","coordinates":[2.3026,51.04089]},"properties":{"latitude":"51.04089","longitude":"2.3026","bright_ti4":"310.5","scan":"0.56","track":"0.52","acq_date":"2026-08-10","acq_time":"113","satellite":"N21","instrument":"VIIRS","confidence":"n","version":"2.0NRT","bright_ti5":"284.35","frp":"1.7","daynight":"N","commune":"Grande-Synthe","code_insee":"59271","departement":"Nord","region":"Hauts-de-France"}},{"type":"Feature","geometry":{"type":"Point","coordinates":[2.29453,51.04133]},"properties":{"latitude":"51.04133","longitude":"2.29453","bright_ti4":"314.69","scan":"0.56","track":"0.52","acq_date":"2026-08-10","acq_time":"113","satellite":"N21","instrument":"VIIRS","confidence":"n","version":"2.0NRT","bright_ti5":"286.09","frp":"3.57","daynight":"N","commune":"Grande-Synthe","code_insee":"59271","departement":"Nord","region":"Hauts-de-France"}},{"type":"Feature","geometry":{"type":"Point","coordinates":[2.29514,51.04609]},"properties":{"latitude":"51.04609","longitude":"2.29514","bright_ti4":"329.27","scan":"0.56","track":"0.52","acq_date":"2026-08-10","acq_time":"113","satellite":"N21","instrument":"VIIRS","confidence":"n","version":"2.0NRT","bright_ti5":"284.01","frp":"5.23","daynight":"N","commune":"Grande-Synthe","code_insee":"59271","departement":"Nord","region":"Hauts-de-France"}},{"type":"Feature","geometry":{"type":"Point","coordinates":[4.88669,43.42822]},"properties":{"latitude":"43.42822","longitude":"4.88669","bright_ti4":"305.76","scan":"0.54","track":"0.42","acq_date":"2026-08-10","acq_time":"115","satellite":"N21","instrument":"VIIRS","confidence":"n","version":"2.0NRT","bright_ti5":"294.17","frp":"3.85","daynight":"N","commune":"Fos-sur-Mer","code_insee":"13039","departement":"Bouches-du-Rhône","region":"Provence-Alpes-Côte d'Azur"}},{"type":"Feature","geometry":{"type":"Point","coordinates":[4.88743,43.43208]},"properties":{"latitude":"43.43208","longitude":"4.88743","bright_ti4":"328.11","scan":"0.54","track":"0.42","acq_date":"2026-08-10","acq_time":"115","satellite":"N21","instrument":"VIIRS","confidence":"n","version":"2.0NRT","bright_ti5":"294.88","frp":"3.85","daynight":"N","commune":"Fos-sur-Mer","code_insee":"13039","departement":"Bouches-du-Rhône","region":"Provence-Alpes-Côte d'Azur"}},{"type":"Feature","geometry":{"type":"Point","coordinates":[4.89423,43.43417]},"properties":{"latitude":"43.43417","longitude":"4.89423","bright_ti4":"315.25","scan":"0.54","track":"0.42","acq_date":"2026-08-10","acq_time":"115","satellite":"N21","instrument":"VIIRS","confidence":"n","version":"2.0NRT","bright_ti5":"294.1","frp":"4.2","daynight":"N","commune":"Fos-sur-Mer","code_insee":"13039","departement":"Bouches-du-Rhône","region":"Provence-Alpes-Côte d'Azur"}},{"type":"Feature","geometry":{"type":"Point","coordinates":[4.88761,43.43487]},"properties":{"latitude":"43.43487","longitude":"4.88761","bright_ti4":"329.86","scan":"0.54","track":"0.42","acq_date":"2026-08-10","acq_time":"115","satellite":"N21","instrument":"VIIRS","confidence":"n","version":"2.0NRT","bright_ti5":"294.66","frp":"6.1","daynight":"N","commune":"Fos-sur-Mer","code_insee":"13039","departement":"Bouches-du-Rhône","region":"Provence-Alpes-Côte d'Azur"}},{"type":"Feature","geometry":{"type":"Point","coordinates":[4.89481,43.43528]},"properties":{"latitude":"43.43528","longitude":"4.89481","bright_ti4":"315.64","scan":"0.54","track":"0.42","acq_date":"2026-08-10","acq_time":"115","satellite":"N21","instrument":"VIIRS","confidence":"n","version":"2.0NRT","bright_ti5":"294.1","frp":"3.6","daynight":"N","commune":"Fos-sur-Mer","code_insee":"13039","departement":"Bouches-du-Rhône","region":"Provence-Alpes-Côte d'Azur"}},{"type":"Feature","geometry":{"type":"Point","coordinates":[4.89629,43.44299]},"properties":{"latitude":"43.44299","longitude":"4.89629","bright_ti4":"315.26","scan":"0.54","track":"0.42","acq_date":"2026-08-10","acq_time":"115","satellite":"N21","instrument":"VIIRS","confidence":"n","version":"2.0NRT","bright_ti5":"293.97","frp":"4.18","daynight":"N","commune":"Fos-sur-Mer","code_insee":"13039","departement":"Bouches-du-Rhône","region":"Provence-Alpes-Côte d'Azur"}},{"type":"Feature","geometry":{"type":"Point","coordinates":[4.89702,43.44685]},"properties":{"latitude":"43.44685","longitude":"4.89702","bright_ti4":"327.11","scan":"0.54","track":"0.42","acq_date":"2026-08-10","acq_time":"115","satellite":"N21","instrument":"VIIRS","confidence":"n","version":"2.0NRT","bright_ti5":"294.81","frp":"4.18","daynight":"N","commune":"Fos-sur-Mer","code_insee":"13039","departement":"Bouches-du-Rhône","region":"Provence-Alpes-Côte d'Azur"}},{"type":"Feature","geometry":{"type":"Point","coordinates":[7.37243,43.79225]},"properties":{"latitude":"43.79225","longitude":"7.37243","bright_ti4":"308.02","scan":"0.44","track":"0.38","acq_date":"2026-08-10","acq_time":"115","satellite":"N21","instrument":"VIIRS","confidence":"n","version":"2.0NRT","bright_ti5":"294.23","frp":"1.25","daynight":"N","commune":"Blausasc","code_insee":"06019","departement":"Alpes-Maritimes","region":"Provence-Alpes-Côte d'Azur"}},{"type":"Feature","geometry":{"type":"Point","coordinates":[7.37395,43.79237]},"properties":{"latitude":"43.79237","longitude":"7.37395","bright_ti4":"310.07","scan":"0.44","track":"0.38","acq_date":"2026-08-10","acq_time":"115","satellite":"N21","instrument":"VIIRS","confidence":"n","version":"2.0NRT","bright_ti5":"294.83","frp":"1.41","daynight":"N","commune":"Blausasc","code_insee":"06019","departement":"Alpes-Maritimes","region":"Provence-Alpes-Côte d'Azur"}},{"type":"Feature","geometry":{"type":"Point","coordinates":[0.61666,49.0166]},"properties":{"latitude":"49.0166","longitude":"0.61666","bright_ti4":"341.08","scan":"0.63","track":"0.54","acq_date":"2026-08-10","acq_time":"253","satellite":"N21","instrument":"VIIRS","confidence":"n","version":"2.0NRT","bright_ti5":"292.78","frp":"32.7","daynight":"N","commune":"Mesnil-en-Ouche","code_insee":"27049","departement":"Eure","region":"Normandie"}},{"type":"Feature","geometry":{"type":"Point","coordinates":[0.60864,49.01886]},"properties":{"latitude":"49.01886","longitude":"0.60864","bright_ti4":"297.25","scan":"0.63","track":"0.54","acq_date":"2026-08-10","acq_time":"253","satellite":"N21","instrument":"VIIRS","confidence":"n","version":"2.0NRT","bright_ti5":"285.31","frp":"32.7","daynight":"N","commune":"Mesnil-en-Ouche","code_insee":"27049","departement":"Eure","region":"Normandie"}},{"type":"Feature","geometry":{"type":"Point","coordinates":[6.10139,49.32471]},"properties":{"latitude":"49.32471","longitude":"6.10139","bright_ti4":"301.9","scan":"0.52","track":"0.67","acq_date":"2026-08-10","acq_time":"253","satellite":"N21","instrument":"VIIRS","confidence":"n","version":"2.0NRT","bright_ti5":"286.93","frp":"1.05","daynight":"N","commune":"Serémange-Erzange","code_insee":"57647","departement":"Moselle","region":"Grand Est"}},{"type":"Feature","geometry":{"type":"Point","coordinates":[0.40864,49.35531]},"properties":{"latitude":"49.35531","longitude":"0.40864","bright_ti4":"338.13","scan":"0.61","track":"0.53","acq_date":"2026-08-10","acq_time":"253","satellite":"N21","instrument":"VIIRS","confidence":"n","version":"2.0NRT","bright_ti5":"288.78","frp":"26.15","daynight":"N","commune":"Saint-Maclou","code_insee":"27561","departement":"Eure","region":"Normandie"}},{"type":"Feature","geometry":{"type":"Point","coordinates":[2.27134,51.02505]},"properties":{"latitude":"51.02505","longitude":"2.27134","bright_ti4":"320.51","scan":"0.32","track":"0.55","acq_date":"2026-08-10","acq_time":"253","satellite":"N21","instrument":"VIIRS","confidence":"n","version":"2.0NRT","bright_ti5":"288.01","frp":"1.91","daynight":"N","commune":"Grande-Synthe","code_insee":"59271","departement":"Nord","region":"Hauts-de-France"}},{"type":"Feature","geometry":{"type":"Point","coordinates":[2.26715,51.02626]},"properties":{"latitude":"51.02626","longitude":"2.26715","bright_ti4":"309.06","scan":"0.32","track":"0.55","acq_date":"2026-08-10","acq_time":"253","satellite":"N21","instrument":"VIIRS","confidence":"n","version":"2.0NRT","bright_ti5":"288.17","frp":"1.91","daynight":"N","commune":"Grande-Synthe","code_insee":"59271","departement":"Nord","region":"Hauts-de-France"}},{"type":"Feature","geometry":{"type":"Point","coordinates":[2.28642,51.0318]},"properties":{"latitude":"51.0318","longitude":"2.28642","bright_ti4":"309.47","scan":"0.32","track":"0.55","acq_date":"2026-08-10","acq_time":"253","satellite":"N21","instrument":"VIIRS","confidence":"n","version":"2.0NRT","bright_ti5":"288.3","frp":"1.86","daynight":"N","commune":"Grande-Synthe","code_insee":"59271","departement":"Nord","region":"Hauts-de-France"}},{"type":"Feature","geometry":{"type":"Point","coordinates":[2.294,51.03516]},"properties":{"latitude":"51.03516","longitude":"2.294","bright_ti4":"313.85","scan":"0.32","track":"0.55","acq_date":"2026-08-10","acq_time":"253","satellite":"N21","instrument":"VIIRS","confidence":"n","version":"2.0NRT","bright_ti5":"288.27","frp":"1.67","daynight":"N","commune":"Grande-Synthe","code_insee":"59271","departement":"Nord","region":"Hauts-de-France"}},{"type":"Feature","geometry":{"type":"Point","coordinates":[2.28982,51.03637]},"properties":{"latitude":"51.03637","longitude":"2.28982","bright_ti4":"319.53","scan":"0.32","track":"0.55","acq_date":"2026-08-10","acq_time":"253","satellite":"N21","instrument":"VIIRS","confidence":"n","version":"2.0NRT","bright_ti5":"289.07","frp":"1.86","daynight":"N","commune":"Grande-Synthe","code_insee":"59271","departement":"Nord","region":"Hauts-de-France"}},{"type":"Feature","geometry":{"type":"Point","coordinates":[2.28565,51.03756]},"properties":{"latitude":"51.03756","longitude":"2.28565","bright_ti4":"321.96","scan":"0.32","track":"0.55","acq_date":"2026-08-10","acq_time":"253","satellite":"N21","instrument":"VIIRS","confidence":"n","version":"2.0NRT","bright_ti5":"288.94","frp":"1.86","daynight":"N","commune":"Grande-Synthe","code_insee":"59271","departement":"Nord","region":"Hauts-de-France"}},{"type":"Feature","geometry":{"type":"Point","coordinates":[2.30158,51.03853]},"properties":{"latitude":"51.03853","longitude":"2.30158","bright_ti4":"302.05","scan":"0.32","track":"0.55","acq_date":"2026-08-10","acq_time":"253","satellite":"N21","instrument":"VIIRS","confidence":"n","version":"2.0NRT","bright_ti5":"287.49","frp":"1.74","daynight":"N","commune":"Grande-Synthe","code_insee":"59271","departement":"Nord","region":"Hauts-de-France"}},{"type":"Feature","geometry":{"type":"Point","coordinates":[2.28148,51.03876]},"properties":{"latitude":"51.03876","longitude":"2.28148","bright_ti4":"302.58","scan":"0.32","track":"0.55","acq_date":"2026-08-10","acq_time":"253","satellite":"N21","instrument":"VIIRS","confidence":"n","version":"2.0NRT","bright_ti5":"287.49","frp":"1.49","daynight":"N","commune":"Grande-Synthe","code_insee":"59271","departement":"Nord","region":"Hauts-de-France"}},{"type":"Feature","geometry":{"type":"Point","coordinates":[2.29738,51.03974]},"properties":{"latitude":"51.03974","longitude":"2.29738","bright_ti4":"310.12","scan":"0.32","track":"0.55","acq_date":"2026-08-10","acq_time":"253","satellite":"N21","instrument":"VIIRS","confidence":"n","version":"2.0NRT","bright_ti5":"289.44","frp":"1.74","daynight":"N","commune":"Grande-Synthe","code_insee":"59271","departement":"Nord","region":"Hauts-de-France"}},{"type":"Feature","geometry":{"type":"Point","coordinates":[2.2932,51.04094]},"properties":{"latitude":"51.04094","longitude":"2.2932","bright_ti4":"303.25","scan":"0.32","track":"0.55","acq_date":"2026-08-10","acq_time":"253","satellite":"N21","instrument":"VIIRS","confidence":"n","version":"2.0NRT","bright_ti5":"289.77","frp":"3.52","daynight":"N","commune":"Grande-Synthe","code_insee":"59271","departement":"Nord","region":"Hauts-de-France"}},{"type":"Feature","geometry":{"type":"Point","coordinates":[2.30077,51.04431]},"properties":{"latitude":"51.04431","longitude":"2.30077","bright_ti4":"300.34","scan":"0.32","track":"0.55","acq_date":"2026-08-10","acq_time":"253","satellite":"N21","instrument":"VIIRS","confidence":"n","version":"2.0NRT","bright_ti5":"289.14","frp":"1.74","daynight":"N","commune":"Grande-Synthe","code_insee":"59271","departement":"Nord","region":"Hauts-de-France"}},{"type":"Feature","geometry":{"type":"Point","coordinates":[2.29659,51.04551]},"properties":{"latitude":"51.04551","longitude":"2.29659","bright_ti4":"353.95","scan":"0.32","track":"0.55","acq_date":"2026-08-10","acq_time":"253","satellite":"N21","instrument":"VIIRS","confidence":"n","version":"2.0NRT","bright_ti5":"291.64","frp":"3.52","daynight":"N","commune":"Grande-Synthe","code_insee":"59271","departement":"Nord","region":"Hauts-de-France"}},{"type":"Feature","geometry":{"type":"Point","coordinates":[4.89288,43.43226]},"properties":{"latitude":"43.43226","longitude":"4.89288","bright_ti4":"305.55","scan":"0.74","track":"0.76","acq_date":"2026-08-10","acq_time":"256","satellite":"N21","instrument":"VIIRS","confidence":"n","version":"2.0NRT","bright_ti5":"289.35","frp":"4.67","daynight":"N","commune":"Fos-sur-Mer","code_insee":"13039","departement":"Bouches-du-Rhône","region":"Provence-Alpes-Côte d'Azur"}},{"type":"Feature","geometry":{"type":"Point","coordinates":[4.89932,43.44518]},"properties":{"latitude":"43.44518","longitude":"4.89932","bright_ti4":"303.31","scan":"0.74","track":"0.76","acq_date":"2026-08-10","acq_time":"256","satellite":"N21","instrument":"VIIRS","confidence":"n","version":"2.0NRT","bright_ti5":"289.08","frp":"3.26","daynight":"N","commune":"Fos-sur-Mer","code_insee":"13039","departement":"Bouches-du-Rhône","region":"Provence-Alpes-Côte d'Azur"}},{"type":"Feature","geometry":{"type":"Point","coordinates":[5.49272,44.5368]},"properties":{"latitude":"44.5368","longitude":"5.49272","bright_ti4":"347.18","scan":"0.49","track":"0.65","acq_date":"2026-08-10","acq_time":"1136","satellite":"N","instrument":"VIIRS","confidence":"n","version":"2.0NRT","bright_ti5":"295.74","frp":"10.27","daynight":"D","commune":"Charens","code_insee":"26076","departement":"Drôme","region":"Auvergne-Rhône-Alpes"}},{"type":"Feature","geometry":{"type":"Point","coordinates":[4.79808,44.69022]},"properties":{"latitude":"44.69022","longitude":"4.79808","bright_ti4":"333.13","scan":"0.52","track":"0.67","acq_date":"2026-08-10","acq_time":"1136","satellite":"N","instrument":"VIIRS","confidence":"n","version":"2.0NRT","bright_ti5":"298.79","frp":"5.12","daynight":"D","commune":"Saulce-sur-Rhône","code_insee":"26337","departement":"Drôme","region":"Auvergne-Rhône-Alpes"}},{"type":"Feature","geometry":{"type":"Point","coordinates":[0.61253,49.01837]},"properties":{"latitude":"49.01837","longitude":"0.61253","bright_ti4":"349.07","scan":"0.56","track":"0.69","acq_date":"2026-08-10","acq_time":"1138","satellite":"N","instrument":"VIIRS","confidence":"n","version":"2.0NRT","bright_ti5":"296.51","frp":"6.03","daynight":"D","commune":"Mesnil-en-Ouche","code_insee":"27049","departement":"Eure","region":"Normandie"}},{"type":"Feature","geometry":{"type":"Point","coordinates":[1.95432,49.36609]},"properties":{"latitude":"49.36609","longitude":"1.95432","bright_ti4":"367","scan":"0.48","track":"0.65","acq_date":"2026-08-10","acq_time":"1138","satellite":"N","instrument":"VIIRS","confidence":"h","version":"2.0NRT","bright_ti5":"302.13","frp":"35.67","daynight":"D","commune":"Auneuil","code_insee":"60029","departement":"Oise","region":"Hauts-de-France"}},{"type":"Feature","geometry":{"type":"Point","coordinates":[1.95008,49.37149]},"properties":{"latitude":"49.37149","longitude":"1.95008","bright_ti4":"356.28","scan":"0.48","track":"0.65","acq_date":"2026-08-10","acq_time":"1138","satellite":"N","instrument":"VIIRS","confidence":"n","version":"2.0NRT","bright_ti5":"303.13","frp":"35.67","daynight":"D","commune":"Auneuil","code_insee":"60029","departement":"Oise","region":"Hauts-de-France"}},{"type":"Feature","geometry":{"type":"Point","coordinates":[2.28441,51.03578]},"properties":{"latitude":"51.03578","longitude":"2.28441","bright_ti4":"328.46","scan":"0.41","track":"0.61","acq_date":"2026-08-10","acq_time":"1138","satellite":"N","instrument":"VIIRS","confidence":"n","version":"2.0NRT","bright_ti5":"288.67","frp":"3.15","daynight":"D","commune":"Grande-Synthe","code_insee":"59271","departement":"Nord","region":"Hauts-de-France"}},{"type":"Feature","geometry":{"type":"Point","coordinates":[6.07009,43.46186]},"properties":{"latitude":"43.46186","longitude":"6.07009","bright_ti4":"339.15","scan":"0.51","track":"0.5","acq_date":"2026-08-10","acq_time":"1153","satellite":"N20","instrument":"VIIRS","confidence":"n","version":"2.0NRT","bright_ti5":"303.98","frp":"2.72","daynight":"D","commune":"Le Val","code_insee":"83143","departement":"Var","region":"Provence-Alpes-Côte d'Azur"}},{"type":"Feature","geometry":{"type":"Point","coordinates":[5.49278,44.53721]},"properties":{"latitude":"44.53721","longitude":"5.49278","bright_ti4":"349.04","scan":"0.51","track":"0.5","acq_date":"2026-08-10","acq_time":"1153","satellite":"N20","instrument":"VIIRS","confidence":"n","version":"2.0NRT","bright_ti5":"302.66","frp":"14.11","daynight":"D","commune":"Charens","code_insee":"26076","departement":"Drôme","region":"Auvergne-Rhône-Alpes"}},{"type":"Feature","geometry":{"type":"Point","coordinates":[4.7997,44.69232]},"properties":{"latitude":"44.69232","longitude":"4.7997","bright_ti4":"330.44","scan":"0.55","track":"0.51","acq_date":"2026-08-10","acq_time":"1153","satellite":"N20","instrument":"VIIRS","confidence":"n","version":"2.0NRT","bright_ti5":"303.62","frp":"3.83","daynight":"D","commune":"Saulce-sur-Rhône","code_insee":"26337","departement":"Drôme","region":"Auvergne-Rhône-Alpes"}},{"type":"Feature","geometry":{"type":"Point","coordinates":[1.29673,45.84248]},"properties":{"latitude":"45.84248","longitude":"1.29673","bright_ti4":"330.97","scan":"0.37","track":"0.58","acq_date":"2026-08-10","acq_time":"1155","satellite":"N20","instrument":"VIIRS","confidence":"n","version":"2.0NRT","bright_ti5":"296.63","frp":"2.57","daynight":"D","commune":"Panazol","code_insee":"87114","departement":"Haute-Vienne","region":"Nouvelle-Aquitaine"}},{"type":"Feature","geometry":{"type":"Point","coordinates":[1.30119,45.84375]},"properties":{"latitude":"45.84375","longitude":"1.30119","bright_ti4":"337.54","scan":"0.37","track":"0.58","acq_date":"2026-08-10","acq_time":"1155","satellite":"N20","instrument":"VIIRS","confidence":"n","version":"2.0NRT","bright_ti5":"295.89","frp":"2.57","daynight":"D","commune":"Panazol","code_insee":"87114","departement":"Haute-Vienne","region":"Nouvelle-Aquitaine"}},{"type":"Feature","geometry":{"type":"Point","coordinates":[0.62084,49.01646]},"properties":{"latitude":"49.01646","longitude":"0.62084","bright_ti4":"341.07","scan":"0.63","track":"0.54","acq_date":"2026-08-10","acq_time":"1155","satellite":"N20","instrument":"VIIRS","confidence":"n","version":"2.0NRT","bright_ti5":"301.71","frp":"12.8","daynight":"D","commune":"Mesnil-en-Ouche","code_insee":"27049","departement":"Eure","region":"Normandie"}},{"type":"Feature","geometry":{"type":"Point","coordinates":[1.95878,49.36918]},"properties":{"latitude":"49.36918","longitude":"1.95878","bright_ti4":"335.24","scan":"0.54","track":"0.51","acq_date":"2026-08-10","acq_time":"1155","satellite":"N20","instrument":"VIIRS","confidence":"n","version":"2.0NRT","bright_ti5":"300.27","frp":"2.75","daynight":"D","commune":"Auneuil","code_insee":"60029","departement":"Oise","region":"Hauts-de-France"}},{"type":"Feature","geometry":{"type":"Point","coordinates":[1.29856,45.84405]},"properties":{"latitude":"45.84405","longitude":"1.29856","bright_ti4":"333.13","scan":"0.33","track":"0.55","acq_date":"2026-08-10","acq_time":"1336","satellite":"N20","instrument":"VIIRS","confidence":"n","version":"2.0NRT","bright_ti5":"297.12","frp":"2.44","daynight":"D","commune":"Panazol","code_insee":"87114","departement":"Haute-Vienne","region":"Nouvelle-Aquitaine"}},{"type":"Feature","geometry":{"type":"Point","coordinates":[1.23002,46.37263]},"properties":{"latitude":"46.37263","longitude":"1.23002","bright_ti4":"350.06","scan":"0.33","track":"0.55","acq_date":"2026-08-10","acq_time":"1336","satellite":"N20","instrument":"VIIRS","confidence":"n","version":"2.0NRT","bright_ti5":"302.11","frp":"6.23","daynight":"D","commune":"Bonneuil","code_insee":"36020","departement":"Indre","region":"Centre-Val de Loire"}},{"type":"Feature","geometry":{"type":"Point","coordinates":[2.6603,43.20703]},"properties":{"latitude":"43.20703","longitude":"2.6603","bright_ti4":"335.42","scan":"0.39","track":"0.36","acq_date":"2026-08-10","acq_time":"1240","satellite":"N21","instrument":"VIIRS","confidence":"l","version":"2.0NRT","bright_ti5":"309.86","frp":"3.02","daynight":"D","commune":"Roquecourbe-Minervois","code_insee":"11318","departement":"Aude","region":"Occitanie"}},{"type":"Feature","geometry":{"type":"Point","coordinates":[2.63776,43.21709]},"properties":{"latitude":"43.21709","longitude":"2.63776","bright_ti4":"335.01","scan":"0.39","track":"0.36","acq_date":"2026-08-10","acq_time":"1240","satellite":"N21","instrument":"VIIRS","confidence":"l","version":"2.0NRT","bright_ti5":"309.53","frp":"2.32","daynight":"D","commune":"Roquecourbe-Minervois","code_insee":"11318","departement":"Aude","region":"Occitanie"}},{"type":"Feature","geometry":{"type":"Point","coordinates":[4.89206,43.43587]},"properties":{"latitude":"43.43587","longitude":"4.89206","bright_ti4":"330.36","scan":"0.4","track":"0.37","acq_date":"2026-08-10","acq_time":"1240","satellite":"N21","instrument":"VIIRS","confidence":"l","version":"2.0NRT","bright_ti5":"301.19","frp":"9.49","daynight":"D","commune":"Fos-sur-Mer","code_insee":"13039","departement":"Bouches-du-Rhône","region":"Provence-Alpes-Côte d'Azur"}},{"type":"Feature","geometry":{"type":"Point","coordinates":[4.9,43.44384]},"properties":{"latitude":"43.44384","longitude":"4.9","bright_ti4":"335.36","scan":"0.4","track":"0.37","acq_date":"2026-08-10","acq_time":"1240","satellite":"N21","instrument":"VIIRS","confidence":"n","version":"2.0NRT","bright_ti5":"296.21","frp":"4.39","daynight":"D","commune":"Fos-sur-Mer","code_insee":"13039","departement":"Bouches-du-Rhône","region":"Provence-Alpes-Côte d'Azur"}},{"type":"Feature","geometry":{"type":"Point","coordinates":[5.46927,43.65413]},"properties":{"latitude":"43.65413","longitude":"5.46927","bright_ti4":"338.15","scan":"0.41","track":"0.37","acq_date":"2026-08-10","acq_time":"1240","satellite":"N21","instrument":"VIIRS","confidence":"n","version":"2.0NRT","bright_ti5":"307.38","frp":"3.94","daynight":"D","commune":"Le Puy-Sainte-Réparade","code_insee":"13080","departement":"Bouches-du-Rhône","region":"Provence-Alpes-Côte d'Azur"}},{"type":"Feature","geometry":{"type":"Point","coordinates":[-0.98941,44.70048]},"properties":{"latitude":"44.70048","longitude":"-0.98941","bright_ti4":"339.15","scan":"0.44","track":"0.38","acq_date":"2026-08-10","acq_time":"1240","satellite":"N21","instrument":"VIIRS","confidence":"n","version":"2.0NRT","bright_ti5":"301.6","frp":"7.11","daynight":"D","commune":"Audenge","code_insee":"33019","departement":"Gironde","region":"Nouvelle-Aquitaine"}},{"type":"Feature","geometry":{"type":"Point","coordinates":[1.7828,44.84732]},"properties":{"latitude":"44.84732","longitude":"1.7828","bright_ti4":"337.66","scan":"0.39","track":"0.36","acq_date":"2026-08-10","acq_time":"1240","satellite":"N21","instrument":"VIIRS","confidence":"n","version":"2.0NRT","bright_ti5":"302.29","frp":"3.29","daynight":"D","commune":"Loubressac","code_insee":"46177","departement":"Lot","region":"Occitanie"}},{"type":"Feature","geometry":{"type":"Point","coordinates":[1.78761,44.84809]},"properties":{"latitude":"44.84809","longitude":"1.78761","bright_ti4":"341.48","scan":"0.39","track":"0.36","acq_date":"2026-08-10","acq_time":"1240","satellite":"N21","instrument":"VIIRS","confidence":"n","version":"2.0NRT","bright_ti5":"301.98","frp":"3.29","daynight":"D","commune":"Loubressac","code_insee":"46177","departement":"Lot","region":"Occitanie"}},{"type":"Feature","geometry":{"type":"Point","coordinates":[1.78176,44.85057]},"properties":{"latitude":"44.85057","longitude":"1.78176","bright_ti4":"336.44","scan":"0.39","track":"0.36","acq_date":"2026-08-10","acq_time":"1240","satellite":"N21","instrument":"VIIRS","confidence":"n","version":"2.0NRT","bright_ti5":"301.68","frp":"3.29","daynight":"D","commune":"Loubressac","code_insee":"46177","departement":"Lot","region":"Occitanie"}},{"type":"Feature","geometry":{"type":"Point","coordinates":[0.55434,45.81758]},"properties":{"latitude":"45.81758","longitude":"0.55434","bright_ti4":"350.2","scan":"0.4","track":"0.37","acq_date":"2026-08-10","acq_time":"1240","satellite":"N21","instrument":"VIIRS","confidence":"n","version":"2.0NRT","bright_ti5":"303.66","frp":"5.95","daynight":"D","commune":"Cherves-Châtelars","code_insee":"16096","departement":"Charente","region":"Nouvelle-Aquitaine"}},{"type":"Feature","geometry":{"type":"Point","coordinates":[0.55322,45.82086]},"properties":{"latitude":"45.82086","longitude":"0.55322","bright_ti4":"349.23","scan":"0.4","track":"0.37","acq_date":"2026-08-10","acq_time":"1240","satellite":"N21","instrument":"VIIRS","confidence":"n","version":"2.0NRT","bright_ti5":"304.14","frp":"6.54","daynight":"D","commune":"Cherves-Châtelars","code_insee":"16096","departement":"Charente","region":"Nouvelle-Aquitaine"}},{"type":"Feature","geometry":{"type":"Point","coordinates":[0.11805,45.87408]},"properties":{"latitude":"45.87408","longitude":"0.11805","bright_ti4":"335.31","scan":"0.4","track":"0.37","acq_date":"2026-08-10","acq_time":"1240","satellite":"N21","instrument":"VIIRS","confidence":"l","version":"2.0NRT","bright_ti5":"308.47","frp":"3.79","daynight":"D","commune":"Villognon","code_insee":"16414","departement":"Charente","region":"Nouvelle-Aquitaine"}},{"type":"Feature","geometry":{"type":"Point","coordinates":[0.3453,45.94098]},"properties":{"latitude":"45.94098","longitude":"0.3453","bright_ti4":"335.58","scan":"0.4","track":"0.37","acq_date":"2026-08-10","acq_time":"1240","satellite":"N21","instrument":"VIIRS","confidence":"l","version":"2.0NRT","bright_ti5":"307","frp":"4.36","daynight":"D","commune":"Chassiecq","code_insee":"16087","departement":"Charente","region":"Nouvelle-Aquitaine"}},{"type":"Feature","geometry":{"type":"Point","coordinates":[0.35532,45.94268]},"properties":{"latitude":"45.94268","longitude":"0.35532","bright_ti4":"346.11","scan":"0.4","track":"0.37","acq_date":"2026-08-10","acq_time":"1240","satellite":"N21","instrument":"VIIRS","confidence":"n","version":"2.0NRT","bright_ti5":"307.29","frp":"5.16","daynight":"D","commune":"Chassiecq","code_insee":"16087","departement":"Charente","region":"Nouvelle-Aquitaine"}},{"type":"Feature","geometry":{"type":"Point","coordinates":[0.35418,45.94596]},"properties":{"latitude":"45.94596","longitude":"0.35418","bright_ti4":"338.01","scan":"0.4","track":"0.37","acq_date":"2026-08-10","acq_time":"1240","satellite":"N21","instrument":"VIIRS","confidence":"n","version":"2.0NRT","bright_ti5":"306.73","frp":"3.95","daynight":"D","commune":"Chassiecq","code_insee":"16087","departement":"Charente","region":"Nouvelle-Aquitaine"}},{"type":"Feature","geometry":{"type":"Point","coordinates":[1.03514,46.09416]},"properties":{"latitude":"46.09416","longitude":"1.03514","bright_ti4":"342.22","scan":"0.39","track":"0.36","acq_date":"2026-08-10","acq_time":"1240","satellite":"N21","instrument":"VIIRS","confidence":"n","version":"2.0NRT","bright_ti5":"304.8","frp":"4.29","daynight":"D","commune":"Bellac","code_insee":"87011","departement":"Haute-Vienne","region":"Nouvelle-Aquitaine"}},{"type":"Feature","geometry":{"type":"Point","coordinates":[1.03895,46.09822]},"properties":{"latitude":"46.09822","longitude":"1.03895","bright_ti4":"345.78","scan":"0.39","track":"0.36","acq_date":"2026-08-10","acq_time":"1240","satellite":"N21","instrument":"VIIRS","confidence":"n","version":"2.0NRT","bright_ti5":"307.96","frp":"4.29","daynight":"D","commune":"Bellac","code_insee":"87011","departement":"Haute-Vienne","region":"Nouvelle-Aquitaine"}},{"type":"Feature","geometry":{"type":"Point","coordinates":[1.03785,46.10147]},"properties":{"latitude":"46.10147","longitude":"1.03785","bright_ti4":"336.8","scan":"0.39","track":"0.36","acq_date":"2026-08-10","acq_time":"1240","satellite":"N21","instrument":"VIIRS","confidence":"l","version":"2.0NRT","bright_ti5":"308.9","frp":"2.45","daynight":"D","commune":"Bellac","code_insee":"87011","departement":"Haute-Vienne","region":"Nouvelle-Aquitaine"}},{"type":"Feature","geometry":{"type":"Point","coordinates":[0.17353,46.13941]},"properties":{"latitude":"46.13941","longitude":"0.17353","bright_ti4":"335.26","scan":"0.4","track":"0.37","acq_date":"2026-08-10","acq_time":"1240","satellite":"N21","instrument":"VIIRS","confidence":"n","version":"2.0NRT","bright_ti5":"304.74","frp":"2.17","daynight":"D","commune":"Limalonges","code_insee":"79150","departement":"Deux-Sèvres","region":"Nouvelle-Aquitaine"}},{"type":"Feature","geometry":{"type":"Point","coordinates":[0.17857,46.14027]},"properties":{"latitude":"46.14027","longitude":"0.17857","bright_ti4":"335.94","scan":"0.4","track":"0.37","acq_date":"2026-08-10","acq_time":"1240","satellite":"N21","instrument":"VIIRS","confidence":"n","version":"2.0NRT","bright_ti5":"305.38","frp":"2.02","daynight":"D","commune":"Limalonges","code_insee":"79150","departement":"Deux-Sèvres","region":"Nouvelle-Aquitaine"}},{"type":"Feature","geometry":{"type":"Point","coordinates":[-0.32616,46.34943]},"properties":{"latitude":"46.34943","longitude":"-0.32616","bright_ti4":"335.24","scan":"0.41","track":"0.37","acq_date":"2026-08-10","acq_time":"1240","satellite":"N21","instrument":"VIIRS","confidence":"n","version":"2.0NRT","bright_ti5":"305.22","frp":"1.98","daynight":"D","commune":"La Crèche","code_insee":"79048","departement":"Deux-Sèvres","region":"Nouvelle-Aquitaine"}},{"type":"Feature","geometry":{"type":"Point","coordinates":[-0.32103,46.35034]},"properties":{"latitude":"46.35034","longitude":"-0.32103","bright_ti4":"338.49","scan":"0.41","track":"0.37","acq_date":"2026-08-10","acq_time":"1240","satellite":"N21","instrument":"VIIRS","confidence":"n","version":"2.0NRT","bright_ti5":"306.61","frp":"3.36","daynight":"D","commune":"La Crèche","code_insee":"79048","departement":"Deux-Sèvres","region":"Nouvelle-Aquitaine"}},{"type":"Feature","geometry":{"type":"Point","coordinates":[0.16185,46.35471]},"properties":{"latitude":"46.35471","longitude":"0.16185","bright_ti4":"335.47","scan":"0.4","track":"0.37","acq_date":"2026-08-10","acq_time":"1240","satellite":"N21","instrument":"VIIRS","confidence":"l","version":"2.0NRT","bright_ti5":"306.96","frp":"3.66","daynight":"D","commune":"Valence-en-Poitou","code_insee":"86082","departement":"Vienne","region":"Nouvelle-Aquitaine"}},{"type":"Feature","geometry":{"type":"Point","coordinates":[0.96026,46.39842]},"properties":{"latitude":"46.39842","longitude":"0.96026","bright_ti4":"340.54","scan":"0.39","track":"0.36","acq_date":"2026-08-10","acq_time":"1240","satellite":"N21","instrument":"VIIRS","confidence":"n","version":"2.0NRT","bright_ti5":"307.99","frp":"2.09","daynight":"D","commune":"Montmorillon","code_insee":"86165","departement":"Vienne","region":"Nouvelle-Aquitaine"}},{"type":"Feature","geometry":{"type":"Point","coordinates":[0.24101,46.40912]},"properties":{"latitude":"46.40912","longitude":"0.24101","bright_ti4":"337.09","scan":"0.4","track":"0.37","acq_date":"2026-08-10","acq_time":"1240","satellite":"N21","instrument":"VIIRS","confidence":"l","version":"2.0NRT","bright_ti5":"308.93","frp":"3.65","daynight":"D","commune":"Vivonne","code_insee":"86293","departement":"Vienne","region":"Nouvelle-Aquitaine"}},{"type":"Feature","geometry":{"type":"Point","coordinates":[1.29702,46.41166]},"properties":{"latitude":"46.41166","longitude":"1.29702","bright_ti4":"347.04","scan":"0.39","track":"0.36","acq_date":"2026-08-10","acq_time":"1240","satellite":"N21","instrument":"VIIRS","confidence":"n","version":"2.0NRT","bright_ti5":"306.6","frp":"3.01","daynight":"D","commune":"Chaillac","code_insee":"36035","departement":"Indre","region":"Centre-Val de Loire"}},{"type":"Feature","geometry":{"type":"Point","coordinates":[1.30195,46.41245]},"properties":{"latitude":"46.41245","longitude":"1.30195","bright_ti4":"344.77","scan":"0.39","track":"0.36","acq_date":"2026-08-10","acq_time":"1240","satellite":"N21","instrument":"VIIRS","confidence":"n","version":"2.0NRT","bright_ti5":"307.04","frp":"3.01","daynight":"D","commune":"Chaillac","code_insee":"36035","departement":"Indre","region":"Centre-Val de Loire"}},{"type":"Feature","geometry":{"type":"Point","coordinates":[1.30085,46.4157]},"properties":{"latitude":"46.4157","longitude":"1.30085","bright_ti4":"340.25","scan":"0.39","track":"0.36","acq_date":"2026-08-10","acq_time":"1240","satellite":"N21","instrument":"VIIRS","confidence":"n","version":"2.0NRT","bright_ti5":"306.66","frp":"3.01","daynight":"D","commune":"Chaillac","code_insee":"36035","departement":"Indre","region":"Centre-Val de Loire"}},{"type":"Feature","geometry":{"type":"Point","coordinates":[0.21205,46.50061]},"properties":{"latitude":"46.50061","longitude":"0.21205","bright_ti4":"347.2","scan":"0.4","track":"0.37","acq_date":"2026-08-10","acq_time":"1240","satellite":"N21","instrument":"VIIRS","confidence":"n","version":"2.0NRT","bright_ti5":"306.46","frp":"7.83","daynight":"D","commune":"Coulombiers","code_insee":"86083","departement":"Vienne","region":"Nouvelle-Aquitaine"}},{"type":"Feature","geometry":{"type":"Point","coordinates":[0.60506,46.53617]},"properties":{"latitude":"46.53617","longitude":"0.60506","bright_ti4":"335.2","scan":"0.39","track":"0.36","acq_date":"2026-08-10","acq_time":"1240","satellite":"N21","instrument":"VIIRS","confidence":"n","version":"2.0NRT","bright_ti5":"304.38","frp":"1.52","daynight":"D","commune":"Pouillé","code_insee":"86198","departement":"Vienne","region":"Nouvelle-Aquitaine"}},{"type":"Feature","geometry":{"type":"Point","coordinates":[0.26237,46.55433]},"properties":{"latitude":"46.55433","longitude":"0.26237","bright_ti4":"347.34","scan":"0.39","track":"0.37","acq_date":"2026-08-10","acq_time":"1240","satellite":"N21","instrument":"VIIRS","confidence":"n","version":"2.0NRT","bright_ti5":"305.63","frp":"4.88","daynight":"D","commune":"Vouneuil-sous-Biard","code_insee":"86297","departement":"Vienne","region":"Nouvelle-Aquitaine"}},{"type":"Feature","geometry":{"type":"Point","coordinates":[-0.12509,46.67403]},"properties":{"latitude":"46.67403","longitude":"-0.12509","bright_ti4":"335.09","scan":"0.4","track":"0.37","acq_date":"2026-08-10","acq_time":"1240","satellite":"N21","instrument":"VIIRS","confidence":"l","version":"2.0NRT","bright_ti5":"305.24","frp":"0.94","daynight":"D","commune":"La Peyratte","code_insee":"79208","departement":"Deux-Sèvres","region":"Nouvelle-Aquitaine"}},{"type":"Feature","geometry":{"type":"Point","coordinates":[-0.25569,46.75851]},"properties":{"latitude":"46.75851","longitude":"-0.25569","bright_ti4":"344.71","scan":"0.4","track":"0.37","acq_date":"2026-08-10","acq_time":"1240","satellite":"N21","instrument":"VIIRS","confidence":"n","version":"2.0NRT","bright_ti5":"306.83","frp":"3.94","daynight":"D","commune":"Maisontiers","code_insee":"79165","departement":"Deux-Sèvres","region":"Nouvelle-Aquitaine"}},{"type":"Feature","geometry":{"type":"Point","coordinates":[0.92309,46.8569]},"properties":{"latitude":"46.8569","longitude":"0.92309","bright_ti4":"338.2","scan":"0.39","track":"0.36","acq_date":"2026-08-10","acq_time":"1240","satellite":"N21","instrument":"VIIRS","confidence":"n","version":"2.0NRT","bright_ti5":"306.84","frp":"2.94","daynight":"D","commune":"Preuilly-sur-Claise","code_insee":"37189","departement":"Indre-et-Loire","region":"Centre-Val de Loire"}},{"type":"Feature","geometry":{"type":"Point","coordinates":[-0.309,46.94027]},"properties":{"latitude":"46.94027","longitude":"-0.309","bright_ti4":"336.16","scan":"0.4","track":"0.37","acq_date":"2026-08-10","acq_time":"1240","satellite":"N21","instrument":"VIIRS","confidence":"n","version":"2.0NRT","bright_ti5":"305.55","frp":"4.5","daynight":"D","commune":"Coulonges-Thouarsais","code_insee":"79102","departement":"Deux-Sèvres","region":"Nouvelle-Aquitaine"}},{"type":"Feature","geometry":{"type":"Point","coordinates":[-0.31245,46.94181]},"properties":{"latitude":"46.94181","longitude":"-0.31245","bright_ti4":"339.15","scan":"0.4","track":"0.37","acq_date":"2026-08-10","acq_time":"1240","satellite":"N21","instrument":"VIIRS","confidence":"n","version":"2.0NRT","bright_ti5":"305.16","frp":"1.13","daynight":"D","commune":"Coulonges-Thouarsais","code_insee":"79102","departement":"Deux-Sèvres","region":"Nouvelle-Aquitaine"}},{"type":"Feature","geometry":{"type":"Point","coordinates":[0.13584,47.0126]},"properties":{"latitude":"47.0126","longitude":"0.13584","bright_ti4":"335.6","scan":"0.39","track":"0.36","acq_date":"2026-08-10","acq_time":"1240","satellite":"N21","instrument":"VIIRS","confidence":"l","version":"2.0NRT","bright_ti5":"307.35","frp":"3.26","daynight":"D","commune":"Messemé","code_insee":"86156","departement":"Vienne","region":"Nouvelle-Aquitaine"}},{"type":"Feature","geometry":{"type":"Point","coordinates":[0.14092,47.01346]},"properties":{"latitude":"47.01346","longitude":"0.14092","bright_ti4":"336.45","scan":"0.39","track":"0.36","acq_date":"2026-08-10","acq_time":"1240","satellite":"N21","instrument":"VIIRS","confidence":"l","version":"2.0NRT","bright_ti5":"307.3","frp":"3.26","daynight":"D","commune":"Messemé","code_insee":"86156","departement":"Vienne","region":"Nouvelle-Aquitaine"}},{"type":"Feature","geometry":{"type":"Point","coordinates":[0.13974,47.01673]},"properties":{"latitude":"47.01673","longitude":"0.13974","bright_ti4":"337.49","scan":"0.39","track":"0.36","acq_date":"2026-08-10","acq_time":"1240","satellite":"N21","instrument":"VIIRS","confidence":"n","version":"2.0NRT","bright_ti5":"307.15","frp":"3.26","daynight":"D","commune":"Sammarçolles","code_insee":"86252","departement":"Vienne","region":"Nouvelle-Aquitaine"}},{"type":"Feature","geometry":{"type":"Point","coordinates":[-1.30525,47.18232]},"properties":{"latitude":"47.18232","longitude":"-1.30525","bright_ti4":"335.05","scan":"0.42","track":"0.37","acq_date":"2026-08-10","acq_time":"1240","satellite":"N21","instrument":"VIIRS","confidence":"n","version":"2.0NRT","bright_ti5":"304.54","frp":"1.68","daynight":"D","commune":"Vallet","code_insee":"44212","departement":"Loire-Atlantique","region":"Pays de la Loire"}},{"type":"Feature","geometry":{"type":"Point","coordinates":[-0.07804,47.2383]},"properties":{"latitude":"47.2383","longitude":"-0.07804","bright_ti4":"337.94","scan":"0.4","track":"0.37","acq_date":"2026-08-10","acq_time":"1240","satellite":"N21","instrument":"VIIRS","confidence":"n","version":"2.0NRT","bright_ti5":"306.6","frp":"4.42","daynight":"D","commune":"Saumur","code_insee":"49328","departement":"Maine-et-Loire","region":"Pays de la Loire"}},{"type":"Feature","geometry":{"type":"Point","coordinates":[-0.07925,47.24157]},"properties":{"latitude":"47.24157","longitude":"-0.07925","bright_ti4":"337.5","scan":"0.4","track":"0.37","acq_date":"2026-08-10","acq_time":"1240","satellite":"N21","instrument":"VIIRS","confidence":"l","version":"2.0NRT","bright_ti5":"308.54","frp":"4.42","daynight":"D","commune":"Saumur","code_insee":"49328","departement":"Maine-et-Loire","region":"Pays de la Loire"}},{"type":"Feature","geometry":{"type":"Point","coordinates":[0.24016,47.26787]},"properties":{"latitude":"47.26787","longitude":"0.24016","bright_ti4":"349.47","scan":"0.39","track":"0.36","acq_date":"2026-08-10","acq_time":"1240","satellite":"N21","instrument":"VIIRS","confidence":"n","version":"2.0NRT","bright_ti5":"306.78","frp":"4.41","daynight":"D","commune":"Restigné","code_insee":"37193","departement":"Indre-et-Loire","region":"Centre-Val de Loire"}},{"type":"Feature","geometry":{"type":"Point","coordinates":[0.3751,47.32492]},"properties":{"latitude":"47.32492","longitude":"0.3751","bright_ti4":"338.18","scan":"0.39","track":"0.36","acq_date":"2026-08-10","acq_time":"1240","satellite":"N21","instrument":"VIIRS","confidence":"n","version":"2.0NRT","bright_ti5":"303.04","frp":"2.38","daynight":"D","commune":"Langeais","code_insee":"37123","departement":"Indre-et-Loire","region":"Centre-Val de Loire"}},{"type":"Feature","geometry":{"type":"Point","coordinates":[-0.47199,47.43358]},"properties":{"latitude":"47.43358","longitude":"-0.47199","bright_ti4":"348.85","scan":"0.4","track":"0.37","acq_date":"2026-08-10","acq_time":"1240","satellite":"N21","instrument":"VIIRS","confidence":"n","version":"2.0NRT","bright_ti5":"305.12","frp":"6.71","daynight":"D","commune":"Les Ponts-de-Cé","code_insee":"49246","departement":"Maine-et-Loire","region":"Pays de la Loire"}},{"type":"Feature","geometry":{"type":"Point","coordinates":[0.29543,47.44954]},"properties":{"latitude":"47.44954","longitude":"0.29543","bright_ti4":"343.93","scan":"0.39","track":"0.36","acq_date":"2026-08-10","acq_time":"1240","satellite":"N21","instrument":"VIIRS","confidence":"n","version":"2.0NRT","bright_ti5":"307.38","frp":"8.95","daynight":"D","commune":"Hommes","code_insee":"37117","departement":"Indre-et-Loire","region":"Centre-Val de Loire"}},{"type":"Feature","geometry":{"type":"Point","coordinates":[0.30049,47.45038]},"properties":{"latitude":"47.45038","longitude":"0.30049","bright_ti4":"347","scan":"0.39","track":"0.36","acq_date":"2026-08-10","acq_time":"1240","satellite":"N21","instrument":"VIIRS","confidence":"n","version":"2.0NRT","bright_ti5":"308","frp":"4.76","daynight":"D","commune":"Hommes","code_insee":"37117","departement":"Indre-et-Loire","region":"Centre-Val de Loire"}},{"type":"Feature","geometry":{"type":"Point","coordinates":[0.46501,47.48441]},"properties":{"latitude":"47.48441","longitude":"0.46501","bright_ti4":"336.66","scan":"0.39","track":"0.36","acq_date":"2026-08-10","acq_time":"1240","satellite":"N21","instrument":"VIIRS","confidence":"l","version":"2.0NRT","bright_ti5":"307.91","frp":"5.4","daynight":"D","commune":"Sonzay","code_insee":"37249","departement":"Indre-et-Loire","region":"Centre-Val de Loire"}},{"type":"Feature","geometry":{"type":"Point","coordinates":[0.06073,47.54159]},"properties":{"latitude":"47.54159","longitude":"0.06073","bright_ti4":"337.11","scan":"0.39","track":"0.36","acq_date":"2026-08-10","acq_time":"1240","satellite":"N21","instrument":"VIIRS","confidence":"l","version":"2.0NRT","bright_ti5":"310.43","frp":"106.88","daynight":"D","commune":"Noyant-Villages","code_insee":"49228","departement":"Maine-et-Loire","region":"Pays de la Loire"}},{"type":"Feature","geometry":{"type":"Point","coordinates":[0.58528,47.5456]},"properties":{"latitude":"47.5456","longitude":"0.58528","bright_ti4":"338.63","scan":"0.39","track":"0.36","acq_date":"2026-08-10","acq_time":"1240","satellite":"N21","instrument":"VIIRS","confidence":"n","version":"2.0NRT","bright_ti5":"305.65","frp":"1.99","daynight":"D","commune":"Neuillé-Pont-Pierre","code_insee":"37167","departement":"Indre-et-Loire","region":"Centre-Val de Loire"}},{"type":"Feature","geometry":{"type":"Point","coordinates":[0.58412,47.54885]},"properties":{"latitude":"47.54885","longitude":"0.58412","bright_ti4":"345.66","scan":"0.39","track":"0.36","acq_date":"2026-08-10","acq_time":"1240","satellite":"N21","instrument":"VIIRS","confidence":"n","version":"2.0NRT","bright_ti5":"305.44","frp":"2.7","daynight":"D","commune":"Neuillé-Pont-Pierre","code_insee":"37167","departement":"Indre-et-Loire","region":"Centre-Val de Loire"}},{"type":"Feature","geometry":{"type":"Point","coordinates":[0.12799,47.64584]},"properties":{"latitude":"47.64584","longitude":"0.12799","bright_ti4":"335.01","scan":"0.39","track":"0.36","acq_date":"2026-08-10","acq_time":"1240","satellite":"N21","instrument":"VIIRS","confidence":"n","version":"2.0NRT","bright_ti5":"303.91","frp":"7.81","daynight":"D","commune":"Le Lude","code_insee":"72176","departement":"Sarthe","region":"Pays de la Loire"}},{"type":"Feature","geometry":{"type":"Point","coordinates":[-0.23723,47.65666]},"properties":{"latitude":"47.65666","longitude":"-0.23723","bright_ti4":"346.93","scan":"0.4","track":"0.37","acq_date":"2026-08-10","acq_time":"1240","satellite":"N21","instrument":"VIIRS","confidence":"n","version":"2.0NRT","bright_ti5":"306.1","frp":"6.7","daynight":"D","commune":"Durtal","code_insee":"49127","departement":"Maine-et-Loire","region":"Pays de la Loire"}},{"type":"Feature","geometry":{"type":"Point","coordinates":[-0.25386,47.6573]},"properties":{"latitude":"47.6573","longitude":"-0.25386","bright_ti4":"334.93","scan":"0.4","track":"0.37","acq_date":"2026-08-10","acq_time":"1240","satellite":"N21","instrument":"VIIRS","confidence":"n","version":"2.0NRT","bright_ti5":"304.54","frp":"20.92","daynight":"D","commune":"Huillé-Lézigné","code_insee":"49174","departement":"Maine-et-Loire","region":"Pays de la Loire"}},{"type":"Feature","geometry":{"type":"Point","coordinates":[-0.25509,47.66058]},"properties":{"latitude":"47.66058","longitude":"-0.25509","bright_ti4":"336.5","scan":"0.4","track":"0.37","acq_date":"2026-08-10","acq_time":"1240","satellite":"N21","instrument":"VIIRS","confidence":"n","version":"2.0NRT","bright_ti5":"306.24","frp":"20.92","daynight":"D","commune":"Huillé-Lézigné","code_insee":"49174","departement":"Maine-et-Loire","region":"Pays de la Loire"}},{"type":"Feature","geometry":{"type":"Point","coordinates":[-1.07907,47.74194]},"properties":{"latitude":"47.74194","longitude":"-1.07907","bright_ti4":"346.48","scan":"0.41","track":"0.37","acq_date":"2026-08-10","acq_time":"1240","satellite":"N21","instrument":"VIIRS","confidence":"n","version":"2.0NRT","bright_ti5":"304.56","frp":"8.03","daynight":"D","commune":"Ombrée d'Anjou","code_insee":"49248","departement":"Maine-et-Loire","region":"Pays de la Loire"}},{"type":"Feature","geometry":{"type":"Point","coordinates":[1.04829,47.87783]},"properties":{"latitude":"47.87783","longitude":"1.04829","bright_ti4":"332.79","scan":"0.38","track":"0.36","acq_date":"2026-08-10","acq_time":"1240","satellite":"N21","instrument":"VIIRS","confidence":"l","version":"2.0NRT","bright_ti5":"304.61","frp":"2.39","daynight":"D","commune":"Danzé","code_insee":"41073","departement":"Loir-et-Cher","region":"Centre-Val de Loire"}},{"type":"Feature","geometry":{"type":"Point","coordinates":[1.05333,47.87862]},"properties":{"latitude":"47.87862","longitude":"1.05333","bright_ti4":"337.17","scan":"0.38","track":"0.36","acq_date":"2026-08-10","acq_time":"1240","satellite":"N21","instrument":"VIIRS","confidence":"n","version":"2.0NRT","bright_ti5":"307.19","frp":"3.69","daynight":"D","commune":"Rahart","code_insee":"41186","departement":"Loir-et-Cher","region":"Centre-Val de Loire"}},{"type":"Feature","geometry":{"type":"Point","coordinates":[0.47448,48.0509]},"properties":{"latitude":"48.0509","longitude":"0.47448","bright_ti4":"342.84","scan":"0.39","track":"0.36","acq_date":"2026-08-10","acq_time":"1240","satellite":"N21","instrument":"VIIRS","confidence":"n","version":"2.0NRT","bright_ti5":"307.69","frp":"5.32","daynight":"D","commune":"Connerré","code_insee":"72090","departement":"Sarthe","region":"Pays de la Loire"}},{"type":"Feature","geometry":{"type":"Point","coordinates":[0.47839,48.05496]},"properties":{"latitude":"48.05496","longitude":"0.47839","bright_ti4":"336.76","scan":"0.39","track":"0.36","acq_date":"2026-08-10","acq_time":"1240","satellite":"N21","instrument":"VIIRS","confidence":"n","version":"2.0NRT","bright_ti5":"306.48","frp":"2.42","daynight":"D","commune":"Connerré","code_insee":"72090","departement":"Sarthe","region":"Pays de la Loire"}},{"type":"Feature","geometry":{"type":"Point","coordinates":[0.44947,48.06059]},"properties":{"latitude":"48.06059","longitude":"0.44947","bright_ti4":"340.79","scan":"0.39","track":"0.36","acq_date":"2026-08-10","acq_time":"1240","satellite":"N21","instrument":"VIIRS","confidence":"n","version":"2.0NRT","bright_ti5":"307.73","frp":"3.12","daynight":"D","commune":"Lombron","code_insee":"72165","departement":"Sarthe","region":"Pays de la Loire"}},{"type":"Feature","geometry":{"type":"Point","coordinates":[-0.63717,48.06536]},"properties":{"latitude":"48.06536","longitude":"-0.63717","bright_ti4":"342.61","scan":"0.4","track":"0.37","acq_date":"2026-08-10","acq_time":"1240","satellite":"N21","instrument":"VIIRS","confidence":"n","version":"2.0NRT","bright_ti5":"308.45","frp":"17.45","daynight":"D","commune":"Argentré","code_insee":"53007","departement":"Mayenne","region":"Pays de la Loire"}},{"type":"Feature","geometry":{"type":"Point","coordinates":[-0.63195,48.06626]},"properties":{"latitude":"48.06626","longitude":"-0.63195","bright_ti4":"337.86","scan":"0.4","track":"0.37","acq_date":"2026-08-10","acq_time":"1240","satellite":"N21","instrument":"VIIRS","confidence":"n","version":"2.0NRT","bright_ti5":"309","frp":"17.45","daynight":"D","commune":"Louvigné","code_insee":"53141","departement":"Mayenne","region":"Pays de la Loire"}},{"type":"Feature","geometry":{"type":"Point","coordinates":[-0.63843,48.06864]},"properties":{"latitude":"48.06864","longitude":"-0.63843","bright_ti4":"338.71","scan":"0.4","track":"0.37","acq_date":"2026-08-10","acq_time":"1240","satellite":"N21","instrument":"VIIRS","confidence":"n","version":"2.0NRT","bright_ti5":"308.44","frp":"3.72","daynight":"D","commune":"Argentré","code_insee":"53007","departement":"Mayenne","region":"Pays de la Loire"}},{"type":"Feature","geometry":{"type":"Point","coordinates":[-0.63969,48.07191]},"properties":{"latitude":"48.07191","longitude":"-0.63969","bright_ti4":"336.49","scan":"0.4","track":"0.37","acq_date":"2026-08-10","acq_time":"1240","satellite":"N21","instrument":"VIIRS","confidence":"n","version":"2.0NRT","bright_ti5":"306.34","frp":"3.72","daynight":"D","commune":"Argentré","code_insee":"53007","departement":"Mayenne","region":"Pays de la Loire"}},{"type":"Feature","geometry":{"type":"Point","coordinates":[-0.41138,48.09702]},"properties":{"latitude":"48.09702","longitude":"-0.41138","bright_ti4":"342.55","scan":"0.39","track":"0.37","acq_date":"2026-08-10","acq_time":"1240","satellite":"N21","instrument":"VIIRS","confidence":"n","version":"2.0NRT","bright_ti5":"306.33","frp":"2.95","daynight":"D","commune":"Sainte-Suzanne-et-Chammes","code_insee":"53255","departement":"Mayenne","region":"Pays de la Loire"}},{"type":"Feature","geometry":{"type":"Point","coordinates":[-0.0602,48.30794]},"properties":{"latitude":"48.30794","longitude":"-0.0602","bright_ti4":"347.71","scan":"0.39","track":"0.36","acq_date":"2026-08-10","acq_time":"1240","satellite":"N21","instrument":"VIIRS","confidence":"n","version":"2.0NRT","bright_ti5":"310.82","frp":"4.24","daynight":"D","commune":"Sougé-le-Ganelon","code_insee":"72337","departement":"Sarthe","region":"Pays de la Loire"}},{"type":"Feature","geometry":{"type":"Point","coordinates":[-1.23039,48.35215]},"properties":{"latitude":"48.35215","longitude":"-1.23039","bright_ti4":"334.96","scan":"0.4","track":"0.37","acq_date":"2026-08-10","acq_time":"1240","satellite":"N21","instrument":"VIIRS","confidence":"n","version":"2.0NRT","bright_ti5":"308.48","frp":"4.15","daynight":"D","commune":"Lécousse","code_insee":"35150","departement":"Ille-et-Vilaine","region":"Bretagne"}},{"type":"Feature","geometry":{"type":"Point","coordinates":[-1.22507,48.3531]},"properties":{"latitude":"48.3531","longitude":"-1.22507","bright_ti4":"333.63","scan":"0.4","track":"0.37","acq_date":"2026-08-10","acq_time":"1240","satellite":"N21","instrument":"VIIRS","confidence":"l","version":"2.0NRT","bright_ti5":"306.69","frp":"4.15","daynight":"D","commune":"Lécousse","code_insee":"35150","departement":"Ille-et-Vilaine","region":"Bretagne"}},{"type":"Feature","geometry":{"type":"Point","coordinates":[0.13803,48.42685]},"properties":{"latitude":"48.42685","longitude":"0.13803","bright_ti4":"337.38","scan":"0.39","track":"0.36","acq_date":"2026-08-10","acq_time":"1240","satellite":"N21","instrument":"VIIRS","confidence":"n","version":"2.0NRT","bright_ti5":"305.89","frp":"4.13","daynight":"D","commune":"Saint-Paterne - Le Chevain","code_insee":"72308","departement":"Sarthe","region":"Pays de la Loire"}},{"type":"Feature","geometry":{"type":"Point","coordinates":[0.13683,48.4301]},"properties":{"latitude":"48.4301","longitude":"0.13683","bright_ti4":"347.01","scan":"0.39","track":"0.36","acq_date":"2026-08-10","acq_time":"1240","satellite":"N21","instrument":"VIIRS","confidence":"n","version":"2.0NRT","bright_ti5":"308.33","frp":"4.13","daynight":"D","commune":"Saint-Paterne - Le Chevain","code_insee":"72308","departement":"Sarthe","region":"Pays de la Loire"}},{"type":"Feature","geometry":{"type":"Point","coordinates":[2.57054,49.13194]},"properties":{"latitude":"49.13194","longitude":"2.57054","bright_ti4":"333.75","scan":"0.39","track":"0.36","acq_date":"2026-08-10","acq_time":"1240","satellite":"N21","instrument":"VIIRS","confidence":"l","version":"2.0NRT","bright_ti5":"304.47","frp":"5.5","daynight":"D","commune":"Plailly","code_insee":"60494","departement":"Oise","region":"Hauts-de-France"}},{"type":"Feature","geometry":{"type":"Point","coordinates":[-1.45049,48.76393]},"properties":{"latitude":"48.76393","longitude":"-1.45049","bright_ti4":"341.32","scan":"0.41","track":"0.37","acq_date":"2026-08-10","acq_time":"1242","satellite":"N21","instrument":"VIIRS","confidence":"n","version":"2.0NRT","bright_ti5":"303.43","frp":"2.63","daynight":"D","commune":"Sartilly-Baie-Bocage","code_insee":"50565","departement":"Manche","region":"Normandie"}},{"type":"Feature","geometry":{"type":"Point","coordinates":[0.61677,49.01691]},"properties":{"latitude":"49.01691","longitude":"0.61677","bright_ti4":"346.76","scan":"0.38","track":"0.36","acq_date":"2026-08-10","acq_time":"1242","satellite":"N21","instrument":"VIIRS","confidence":"n","version":"2.0NRT","bright_ti5":"311.64","frp":"10.28","daynight":"D","commune":"Mesnil-en-Ouche","code_insee":"27049","departement":"Eure","region":"Normandie"}},{"type":"Feature","geometry":{"type":"Point","coordinates":[-0.58931,49.16227]},"properties":{"latitude":"49.16227","longitude":"-0.58931","bright_ti4":"343.47","scan":"0.39","track":"0.36","acq_date":"2026-08-10","acq_time":"1242","satellite":"N21","instrument":"VIIRS","confidence":"n","version":"2.0NRT","bright_ti5":"306.66","frp":"6.1","daynight":"D","commune":"Fontenay-le-Pesnel","code_insee":"14278","departement":"Calvados","region":"Normandie"}},{"type":"Feature","geometry":{"type":"Point","coordinates":[-0.24404,49.18857]},"properties":{"latitude":"49.18857","longitude":"-0.24404","bright_ti4":"347.57","scan":"0.39","track":"0.36","acq_date":"2026-08-10","acq_time":"1242","satellite":"N21","instrument":"VIIRS","confidence":"n","version":"2.0NRT","bright_ti5":"306","frp":"3.38","daynight":"D","commune":"Touffréville","code_insee":"14698","departement":"Calvados","region":"Normandie"}},{"type":"Feature","geometry":{"type":"Point","coordinates":[-0.24528,49.19181]},"properties":{"latitude":"49.19181","longitude":"-0.24528","bright_ti4":"350.15","scan":"0.39","track":"0.36","acq_date":"2026-08-10","acq_time":"1242","satellite":"N21","instrument":"VIIRS","confidence":"n","version":"2.0NRT","bright_ti5":"305.89","frp":"4.39","daynight":"D","commune":"Touffréville","code_insee":"14698","departement":"Calvados","region":"Normandie"}},{"type":"Feature","geometry":{"type":"Point","coordinates":[1.95411,49.36934]},"properties":{"latitude":"49.36934","longitude":"1.95411","bright_ti4":"337.29","scan":"0.39","track":"0.36","acq_date":"2026-08-10","acq_time":"1242","satellite":"N21","instrument":"VIIRS","confidence":"n","version":"2.0NRT","bright_ti5":"308.89","frp":"2.46","daynight":"D","commune":"Auneuil","code_insee":"60029","departement":"Oise","region":"Hauts-de-France"}},{"type":"Feature","geometry":{"type":"Point","coordinates":[4.77519,49.51601]},"properties":{"latitude":"49.51601","longitude":"4.77519","bright_ti4":"333.78","scan":"0.44","track":"0.38","acq_date":"2026-08-10","acq_time":"1242","satellite":"N21","instrument":"VIIRS","confidence":"l","version":"2.0NRT","bright_ti5":"307.63","frp":"4.11","daynight":"D","commune":"Bairon et ses environs","code_insee":"08116","departement":"Ardennes","region":"Grand Est"}},{"type":"Feature","geometry":{"type":"Point","coordinates":[-1.63078,49.61304]},"properties":{"latitude":"49.61304","longitude":"-1.63078","bright_ti4":"334.28","scan":"0.4","track":"0.37","acq_date":"2026-08-10","acq_time":"1242","satellite":"N21","instrument":"VIIRS","confidence":"n","version":"2.0NRT","bright_ti5":"297.28","frp":"3","daynight":"D","commune":"Cherbourg-en-Cotentin","code_insee":"50129","departement":"Manche","region":"Normandie"}},{"type":"Feature","geometry":{"type":"Point","coordinates":[2.27124,51.02715]},"properties":{"latitude":"51.02715","longitude":"2.27124","bright_ti4":"346.31","scan":"0.4","track":"0.37","acq_date":"2026-08-10","acq_time":"1242","satellite":"N21","instrument":"VIIRS","confidence":"n","version":"2.0NRT","bright_ti5":"305.9","frp":"6.79","daynight":"D","commune":"Grande-Synthe","code_insee":"59271","departement":"Nord","region":"Hauts-de-France"}},{"type":"Feature","geometry":{"type":"Point","coordinates":[2.29256,51.03349]},"properties":{"latitude":"51.03349","longitude":"2.29256","bright_ti4":"338.79","scan":"0.4","track":"0.37","acq_date":"2026-08-10","acq_time":"1242","satellite":"N21","instrument":"VIIRS","confidence":"n","version":"2.0NRT","bright_ti5":"304.88","frp":"5.76","daynight":"D","commune":"Grande-Synthe","code_insee":"59271","departement":"Nord","region":"Hauts-de-France"}},{"type":"Feature","geometry":{"type":"Point","coordinates":[2.29479,51.04419]},"properties":{"latitude":"51.04419","longitude":"2.29479","bright_ti4":"331.44","scan":"0.4","track":"0.37","acq_date":"2026-08-10","acq_time":"1242","satellite":"N21","instrument":"VIIRS","confidence":"l","version":"2.0NRT","bright_ti5":"306.2","frp":"10.92","daynight":"D","commune":"Grande-Synthe","code_insee":"59271","departement":"Nord","region":"Hauts-de-France"}},{"type":"Feature","geometry":{"type":"Point","coordinates":[2.3004,51.04494]},"properties":{"latitude":"51.04494","longitude":"2.3004","bright_ti4":"332.15","scan":"0.4","track":"0.37","acq_date":"2026-08-10","acq_time":"1242","satellite":"N21","instrument":"VIIRS","confidence":"l","version":"2.0NRT","bright_ti5":"304.8","frp":"9.28","daynight":"D","commune":"Grande-Synthe","code_insee":"59271","departement":"Nord","region":"Hauts-de-France"}}]}