{"type":"FeatureCollection","features":[{"type":"Feature","geometry":{"type":"Point","coordinates":[6.10115,49.32397]},"properties":{"latitude":"49.32397","longitude":"6.10115","bright_ti4":"295.74","scan":"0.4","track":"0.37","acq_date":"2026-07-20","acq_time":"141","satellite":"N","instrument":"VIIRS","confidence":"n","version":"2.0NRT","bright_ti5":"285.09","frp":"0.34","daynight":"N","commune":"Serémange-Erzange","code_insee":"57647","departement":"Moselle","region":"Grand Est"}},{"type":"Feature","geometry":{"type":"Point","coordinates":[1.61155,49.9268]},"properties":{"latitude":"49.9268","longitude":"1.61155","bright_ti4":"321.72","scan":"0.55","track":"0.43","acq_date":"2026-07-20","acq_time":"141","satellite":"N","instrument":"VIIRS","confidence":"n","version":"2.0NRT","bright_ti5":"281.61","frp":"2.49","daynight":"N","commune":"Blangy-sur-Bresle","code_insee":"76101","departement":"Seine-Maritime","region":"Normandie"}},{"type":"Feature","geometry":{"type":"Point","coordinates":[2.26759,51.01091]},"properties":{"latitude":"51.01091","longitude":"2.26759","bright_ti4":"303.73","scan":"0.54","track":"0.42","acq_date":"2026-07-20","acq_time":"141","satellite":"N","instrument":"VIIRS","confidence":"n","version":"2.0NRT","bright_ti5":"285.71","frp":"1.37","daynight":"N","commune":"Dunkerque","code_insee":"59183","departement":"Nord","region":"Hauts-de-France"}},{"type":"Feature","geometry":{"type":"Point","coordinates":[2.27146,51.02642]},"properties":{"latitude":"51.02642","longitude":"2.27146","bright_ti4":"302.84","scan":"0.54","track":"0.42","acq_date":"2026-07-20","acq_time":"141","satellite":"N","instrument":"VIIRS","confidence":"n","version":"2.0NRT","bright_ti5":"285.52","frp":"2.18","daynight":"N","commune":"Grande-Synthe","code_insee":"59271","departement":"Nord","region":"Hauts-de-France"}},{"type":"Feature","geometry":{"type":"Point","coordinates":[2.28012,51.02953]},"properties":{"latitude":"51.02953","longitude":"2.28012","bright_ti4":"320.64","scan":"0.53","track":"0.42","acq_date":"2026-07-20","acq_time":"141","satellite":"N","instrument":"VIIRS","confidence":"n","version":"2.0NRT","bright_ti5":"288.47","frp":"2.18","daynight":"N","commune":"Grande-Synthe","code_insee":"59271","departement":"Nord","region":"Hauts-de-France"}},{"type":"Feature","geometry":{"type":"Point","coordinates":[2.28877,51.03265]},"properties":{"latitude":"51.03265","longitude":"2.28877","bright_ti4":"297.34","scan":"0.53","track":"0.42","acq_date":"2026-07-20","acq_time":"141","satellite":"N","instrument":"VIIRS","confidence":"n","version":"2.0NRT","bright_ti5":"284.11","frp":"0.68","daynight":"N","commune":"Grande-Synthe","code_insee":"59271","departement":"Nord","region":"Hauts-de-France"}},{"type":"Feature","geometry":{"type":"Point","coordinates":[2.28108,51.03341]},"properties":{"latitude":"51.03341","longitude":"2.28108","bright_ti4":"300.54","scan":"0.53","track":"0.42","acq_date":"2026-07-20","acq_time":"141","satellite":"N","instrument":"VIIRS","confidence":"n","version":"2.0NRT","bright_ti5":"286.02","frp":"0.86","daynight":"N","commune":"Grande-Synthe","code_insee":"59271","departement":"Nord","region":"Hauts-de-France"}},{"type":"Feature","geometry":{"type":"Point","coordinates":[2.27337,51.03417]},"properties":{"latitude":"51.03417","longitude":"2.27337","bright_ti4":"299.36","scan":"0.54","track":"0.42","acq_date":"2026-07-20","acq_time":"141","satellite":"N","instrument":"VIIRS","confidence":"n","version":"2.0NRT","bright_ti5":"285.98","frp":"0.86","daynight":"N","commune":"Grande-Synthe","code_insee":"59271","departement":"Nord","region":"Hauts-de-France"}},{"type":"Feature","geometry":{"type":"Point","coordinates":[2.29932,51.04352]},"properties":{"latitude":"51.04352","longitude":"2.29932","bright_ti4":"316.7","scan":"0.53","track":"0.42","acq_date":"2026-07-20","acq_time":"141","satellite":"N","instrument":"VIIRS","confidence":"n","version":"2.0NRT","bright_ti5":"288.5","frp":"3.09","daynight":"N","commune":"Grande-Synthe","code_insee":"59271","departement":"Nord","region":"Hauts-de-France"}},{"type":"Feature","geometry":{"type":"Point","coordinates":[2.29163,51.04428]},"properties":{"latitude":"51.04428","longitude":"2.29163","bright_ti4":"323.75","scan":"0.53","track":"0.42","acq_date":"2026-07-20","acq_time":"141","satellite":"N","instrument":"VIIRS","confidence":"n","version":"2.0NRT","bright_ti5":"287.05","frp":"3.09","daynight":"N","commune":"Grande-Synthe","code_insee":"59271","departement":"Nord","region":"Hauts-de-France"}},{"type":"Feature","geometry":{"type":"Point","coordinates":[9.07343,42.26849]},"properties":{"latitude":"42.26849","longitude":"9.07343","bright_ti4":"307.69","scan":"0.43","track":"0.38","acq_date":"2026-07-20","acq_time":"143","satellite":"N","instrument":"VIIRS","confidence":"n","version":"2.0NRT","bright_ti5":"293.95","frp":"17.49","daynight":"N","commune":"Corte","code_insee":"2B096","departement":"Haute-Corse","region":"Corse"}},{"type":"Feature","geometry":{"type":"Point","coordinates":[9.06764,42.26957]},"properties":{"latitude":"42.26957","longitude":"9.06764","bright_ti4":"351.08","scan":"0.43","track":"0.38","acq_date":"2026-07-20","acq_time":"143","satellite":"N","instrument":"VIIRS","confidence":"n","version":"2.0NRT","bright_ti5":"293.71","frp":"17.49","daynight":"N","commune":"Corte","code_insee":"2B096","departement":"Haute-Corse","region":"Corse"}},{"type":"Feature","geometry":{"type":"Point","coordinates":[9.07413,42.27201]},"properties":{"latitude":"42.27201","longitude":"9.07413","bright_ti4":"334.04","scan":"0.43","track":"0.38","acq_date":"2026-07-20","acq_time":"143","satellite":"N","instrument":"VIIRS","confidence":"n","version":"2.0NRT","bright_ti5":"295.62","frp":"17.49","daynight":"N","commune":"Corte","code_insee":"2B096","departement":"Haute-Corse","region":"Corse"}},{"type":"Feature","geometry":{"type":"Point","coordinates":[9.06865,42.27303]},"properties":{"latitude":"42.27303","longitude":"9.06865","bright_ti4":"349.45","scan":"0.43","track":"0.38","acq_date":"2026-07-20","acq_time":"143","satellite":"N","instrument":"VIIRS","confidence":"n","version":"2.0NRT","bright_ti5":"310.4","frp":"17.49","daynight":"N","commune":"Corte","code_insee":"2B096","departement":"Haute-Corse","region":"Corse"}},{"type":"Feature","geometry":{"type":"Point","coordinates":[9.09578,42.27897]},"properties":{"latitude":"42.27897","longitude":"9.09578","bright_ti4":"319.83","scan":"0.43","track":"0.38","acq_date":"2026-07-20","acq_time":"143","satellite":"N","instrument":"VIIRS","confidence":"n","version":"2.0NRT","bright_ti5":"294.42","frp":"1.69","daynight":"N","commune":"Corte","code_insee":"2B096","departement":"Haute-Corse","region":"Corse"}},{"type":"Feature","geometry":{"type":"Point","coordinates":[9.09231,42.28696]},"properties":{"latitude":"42.28696","longitude":"9.09231","bright_ti4":"304.36","scan":"0.43","track":"0.38","acq_date":"2026-07-20","acq_time":"143","satellite":"N","instrument":"VIIRS","confidence":"n","version":"2.0NRT","bright_ti5":"292.84","frp":"0.25","daynight":"N","commune":"Corte","code_insee":"2B096","departement":"Haute-Corse","region":"Corse"}},{"type":"Feature","geometry":{"type":"Point","coordinates":[9.08713,42.28796]},"properties":{"latitude":"42.28796","longitude":"9.08713","bright_ti4":"308.8","scan":"0.43","track":"0.38","acq_date":"2026-07-20","acq_time":"143","satellite":"N","instrument":"VIIRS","confidence":"n","version":"2.0NRT","bright_ti5":"294.15","frp":"0.93","daynight":"N","commune":"Corte","code_insee":"2B096","departement":"Haute-Corse","region":"Corse"}},{"type":"Feature","geometry":{"type":"Point","coordinates":[9.50312,42.49863]},"properties":{"latitude":"42.49863","longitude":"9.50312","bright_ti4":"330.65","scan":"0.44","track":"0.39","acq_date":"2026-07-20","acq_time":"143","satellite":"N","instrument":"VIIRS","confidence":"n","version":"2.0NRT","bright_ti5":"293.65","frp":"3.35","daynight":"N","commune":"Venzolasca","code_insee":"2B343","departement":"Haute-Corse","region":"Corse"}},{"type":"Feature","geometry":{"type":"Point","coordinates":[9.50435,42.50209]},"properties":{"latitude":"42.50209","longitude":"9.50435","bright_ti4":"321.95","scan":"0.44","track":"0.39","acq_date":"2026-07-20","acq_time":"143","satellite":"N","instrument":"VIIRS","confidence":"n","version":"2.0NRT","bright_ti5":"293.77","frp":"1.99","daynight":"N","commune":"Venzolasca","code_insee":"2B343","departement":"Haute-Corse","region":"Corse"}},{"type":"Feature","geometry":{"type":"Point","coordinates":[4.89451,43.4338]},"properties":{"latitude":"43.4338","longitude":"4.89451","bright_ti4":"310.63","scan":"0.39","track":"0.36","acq_date":"2026-07-20","acq_time":"143","satellite":"N","instrument":"VIIRS","confidence":"n","version":"2.0NRT","bright_ti5":"294.79","frp":"1.17","daynight":"N","commune":"Fos-sur-Mer","code_insee":"13039","departement":"Bouches-du-Rhône","region":"Provence-Alpes-Côte d'Azur"}},{"type":"Feature","geometry":{"type":"Point","coordinates":[4.88972,43.4345]},"properties":{"latitude":"43.4345","longitude":"4.88972","bright_ti4":"335.18","scan":"0.39","track":"0.36","acq_date":"2026-07-20","acq_time":"143","satellite":"N","instrument":"VIIRS","confidence":"n","version":"2.0NRT","bright_ti5":"297.79","frp":"2.51","daynight":"N","commune":"Fos-sur-Mer","code_insee":"13039","departement":"Bouches-du-Rhône","region":"Provence-Alpes-Côte d'Azur"}},{"type":"Feature","geometry":{"type":"Point","coordinates":[4.88493,43.4352]},"properties":{"latitude":"43.4352","longitude":"4.88493","bright_ti4":"315.8","scan":"0.39","track":"0.36","acq_date":"2026-07-20","acq_time":"143","satellite":"N","instrument":"VIIRS","confidence":"n","version":"2.0NRT","bright_ti5":"294.7","frp":"2.51","daynight":"N","commune":"Fos-sur-Mer","code_insee":"13039","departement":"Bouches-du-Rhône","region":"Provence-Alpes-Côte d'Azur"}},{"type":"Feature","geometry":{"type":"Point","coordinates":[4.89543,43.43711]},"properties":{"latitude":"43.43711","longitude":"4.89543","bright_ti4":"313.1","scan":"0.39","track":"0.36","acq_date":"2026-07-20","acq_time":"143","satellite":"N","instrument":"VIIRS","confidence":"n","version":"2.0NRT","bright_ti5":"294.38","frp":"1.17","daynight":"N","commune":"Fos-sur-Mer","code_insee":"13039","departement":"Bouches-du-Rhône","region":"Provence-Alpes-Côte d'Azur"}},{"type":"Feature","geometry":{"type":"Point","coordinates":[4.89064,43.43781]},"properties":{"latitude":"43.43781","longitude":"4.89064","bright_ti4":"307.78","scan":"0.39","track":"0.36","acq_date":"2026-07-20","acq_time":"143","satellite":"N","instrument":"VIIRS","confidence":"n","version":"2.0NRT","bright_ti5":"294.23","frp":"2.51","daynight":"N","commune":"Fos-sur-Mer","code_insee":"13039","departement":"Bouches-du-Rhône","region":"Provence-Alpes-Côte d'Azur"}},{"type":"Feature","geometry":{"type":"Point","coordinates":[4.88585,43.43852]},"properties":{"latitude":"43.43852","longitude":"4.88585","bright_ti4":"309.66","scan":"0.39","track":"0.36","acq_date":"2026-07-20","acq_time":"143","satellite":"N","instrument":"VIIRS","confidence":"n","version":"2.0NRT","bright_ti5":"294.81","frp":"2.51","daynight":"N","commune":"Fos-sur-Mer","code_insee":"13039","departement":"Bouches-du-Rhône","region":"Provence-Alpes-Côte d'Azur"}},{"type":"Feature","geometry":{"type":"Point","coordinates":[4.88106,43.43922]},"properties":{"latitude":"43.43922","longitude":"4.88106","bright_ti4":"307.74","scan":"0.39","track":"0.36","acq_date":"2026-07-20","acq_time":"143","satellite":"N","instrument":"VIIRS","confidence":"n","version":"2.0NRT","bright_ti5":"295.61","frp":"1.53","daynight":"N","commune":"Fos-sur-Mer","code_insee":"13039","departement":"Bouches-du-Rhône","region":"Provence-Alpes-Côte d'Azur"}},{"type":"Feature","geometry":{"type":"Point","coordinates":[4.88198,43.44254]},"properties":{"latitude":"43.44254","longitude":"4.88198","bright_ti4":"308.79","scan":"0.39","track":"0.36","acq_date":"2026-07-20","acq_time":"143","satellite":"N","instrument":"VIIRS","confidence":"n","version":"2.0NRT","bright_ti5":"296.37","frp":"9.54","daynight":"N","commune":"Fos-sur-Mer","code_insee":"13039","departement":"Bouches-du-Rhône","region":"Provence-Alpes-Côte d'Azur"}},{"type":"Feature","geometry":{"type":"Point","coordinates":[4.87719,43.44324]},"properties":{"latitude":"43.44324","longitude":"4.87719","bright_ti4":"329.62","scan":"0.39","track":"0.36","acq_date":"2026-07-20","acq_time":"143","satellite":"N","instrument":"VIIRS","confidence":"n","version":"2.0NRT","bright_ti5":"294.55","frp":"9.54","daynight":"N","commune":"Fos-sur-Mer","code_insee":"13039","departement":"Bouches-du-Rhône","region":"Provence-Alpes-Côte d'Azur"}},{"type":"Feature","geometry":{"type":"Point","coordinates":[4.89727,43.44374]},"properties":{"latitude":"43.44374","longitude":"4.89727","bright_ti4":"330.86","scan":"0.39","track":"0.36","acq_date":"2026-07-20","acq_time":"143","satellite":"N","instrument":"VIIRS","confidence":"n","version":"2.0NRT","bright_ti5":"294.93","frp":"3.54","daynight":"N","commune":"Fos-sur-Mer","code_insee":"13039","departement":"Bouches-du-Rhône","region":"Provence-Alpes-Côte d'Azur"}},{"type":"Feature","geometry":{"type":"Point","coordinates":[4.8829,43.44585]},"properties":{"latitude":"43.44585","longitude":"4.8829","bright_ti4":"314.83","scan":"0.39","track":"0.36","acq_date":"2026-07-20","acq_time":"143","satellite":"N","instrument":"VIIRS","confidence":"n","version":"2.0NRT","bright_ti5":"293.55","frp":"9.54","daynight":"N","commune":"Fos-sur-Mer","code_insee":"13039","departement":"Bouches-du-Rhône","region":"Provence-Alpes-Côte d'Azur"}},{"type":"Feature","geometry":{"type":"Point","coordinates":[4.89819,43.44705]},"properties":{"latitude":"43.44705","longitude":"4.89819","bright_ti4":"336.1","scan":"0.39","track":"0.36","acq_date":"2026-07-20","acq_time":"143","satellite":"N","instrument":"VIIRS","confidence":"n","version":"2.0NRT","bright_ti5":"296.51","frp":"2.9","daynight":"N","commune":"Fos-sur-Mer","code_insee":"13039","departement":"Bouches-du-Rhône","region":"Provence-Alpes-Côte d'Azur"}},{"type":"Feature","geometry":{"type":"Point","coordinates":[2.34522,43.87385]},"properties":{"latitude":"43.87385","longitude":"2.34522","bright_ti4":"302.67","scan":"0.45","track":"0.39","acq_date":"2026-07-20","acq_time":"143","satellite":"N","instrument":"VIIRS","confidence":"n","version":"2.0NRT","bright_ti5":"289.83","frp":"0.65","daynight":"N","commune":"Villefranche-d'Albigeois","code_insee":"81317","departement":"Tarn","region":"Occitanie"}},{"type":"Feature","geometry":{"type":"Point","coordinates":[-1.10841,44.80055]},"properties":{"latitude":"44.80055","longitude":"-1.10841","bright_ti4":"351.93","scan":"0.42","track":"0.45","acq_date":"2026-07-20","acq_time":"143","satellite":"N","instrument":"VIIRS","confidence":"n","version":"2.0NRT","bright_ti5":"294.69","frp":"13.7","daynight":"N","commune":"Arès","code_insee":"33011","departement":"Gironde","region":"Nouvelle-Aquitaine"}},{"type":"Feature","geometry":{"type":"Point","coordinates":[-1.10765,44.80473]},"properties":{"latitude":"44.80473","longitude":"-1.10765","bright_ti4":"306.69","scan":"0.42","track":"0.45","acq_date":"2026-07-20","acq_time":"143","satellite":"N","instrument":"VIIRS","confidence":"n","version":"2.0NRT","bright_ti5":"290.19","frp":"0.59","daynight":"N","commune":"Lège-Cap-Ferret","code_insee":"33236","departement":"Gironde","region":"Nouvelle-Aquitaine"}},{"type":"Feature","geometry":{"type":"Point","coordinates":[3.82716,44.97121]},"properties":{"latitude":"44.97121","longitude":"3.82716","bright_ti4":"317.04","scan":"0.42","track":"0.37","acq_date":"2026-07-20","acq_time":"143","satellite":"N","instrument":"VIIRS","confidence":"n","version":"2.0NRT","bright_ti5":"282.84","frp":"0.08","daynight":"N","commune":"Saint-Christophe-sur-Dolaizon","code_insee":"43174","departement":"Haute-Loire","region":"Auvergne-Rhône-Alpes"}},{"type":"Feature","geometry":{"type":"Point","coordinates":[1.90696,45.45554]},"properties":{"latitude":"45.45554","longitude":"1.90696","bright_ti4":"301.43","scan":"0.48","track":"0.4","acq_date":"2026-07-20","acq_time":"143","satellite":"N","instrument":"VIIRS","confidence":"n","version":"2.0NRT","bright_ti5":"290.25","frp":"0.94","daynight":"N","commune":"Chaumeil","code_insee":"19051","departement":"Corrèze","region":"Nouvelle-Aquitaine"}},{"type":"Feature","geometry":{"type":"Point","coordinates":[2.9805,48.38614]},"properties":{"latitude":"48.38614","longitude":"2.9805","bright_ti4":"307.95","scan":"0.47","track":"0.4","acq_date":"2026-07-20","acq_time":"143","satellite":"N","instrument":"VIIRS","confidence":"n","version":"2.0NRT","bright_ti5":"287.77","frp":"1.33","daynight":"N","commune":"Montereau-Fault-Yonne","code_insee":"77305","departement":"Seine-et-Marne","region":"Île-de-France"}},{"type":"Feature","geometry":{"type":"Point","coordinates":[6.96414,48.69221]},"properties":{"latitude":"48.69221","longitude":"6.96414","bright_ti4":"300.22","scan":"0.39","track":"0.36","acq_date":"2026-07-20","acq_time":"143","satellite":"N","instrument":"VIIRS","confidence":"n","version":"2.0NRT","bright_ti5":"284.91","frp":"1.22","daynight":"N","commune":"Héming","code_insee":"57314","departement":"Moselle","region":"Grand Est"}},{"type":"Feature","geometry":{"type":"Point","coordinates":[6.05223,48.88579]},"properties":{"latitude":"48.88579","longitude":"6.05223","bright_ti4":"299.18","scan":"0.4","track":"0.37","acq_date":"2026-07-20","acq_time":"143","satellite":"N","instrument":"VIIRS","confidence":"n","version":"2.0NRT","bright_ti5":"285.17","frp":"0.56","daynight":"N","commune":"Blénod-lès-Pont-à-Mousson","code_insee":"54079","departement":"Meurthe-et-Moselle","region":"Grand Est"}},{"type":"Feature","geometry":{"type":"Point","coordinates":[2.2704,51.02716]},"properties":{"latitude":"51.02716","longitude":"2.2704","bright_ti4":"296.82","scan":"0.48","track":"0.65","acq_date":"2026-07-20","acq_time":"321","satellite":"N","instrument":"VIIRS","confidence":"n","version":"2.0NRT","bright_ti5":"284.59","frp":"1.04","daynight":"N","commune":"Grande-Synthe","code_insee":"59271","departement":"Nord","region":"Hauts-de-France"}},{"type":"Feature","geometry":{"type":"Point","coordinates":[2.28124,51.03036]},"properties":{"latitude":"51.03036","longitude":"2.28124","bright_ti4":"300.55","scan":"0.48","track":"0.65","acq_date":"2026-07-20","acq_time":"321","satellite":"N","instrument":"VIIRS","confidence":"n","version":"2.0NRT","bright_ti5":"285.39","frp":"1.04","daynight":"N","commune":"Grande-Synthe","code_insee":"59271","departement":"Nord","region":"Hauts-de-France"}},{"type":"Feature","geometry":{"type":"Point","coordinates":[2.28231,51.03322]},"properties":{"latitude":"51.03322","longitude":"2.28231","bright_ti4":"300.49","scan":"0.48","track":"0.65","acq_date":"2026-07-20","acq_time":"321","satellite":"N","instrument":"VIIRS","confidence":"n","version":"2.0NRT","bright_ti5":"284.51","frp":"1.46","daynight":"N","commune":"Grande-Synthe","code_insee":"59271","departement":"Nord","region":"Hauts-de-France"}},{"type":"Feature","geometry":{"type":"Point","coordinates":[2.28591,51.03566]},"properties":{"latitude":"51.03566","longitude":"2.28591","bright_ti4":"306.74","scan":"0.48","track":"0.65","acq_date":"2026-07-20","acq_time":"321","satellite":"N","instrument":"VIIRS","confidence":"n","version":"2.0NRT","bright_ti5":"284.8","frp":"0.95","daynight":"N","commune":"Grande-Synthe","code_insee":"59271","departement":"Nord","region":"Hauts-de-France"}},{"type":"Feature","geometry":{"type":"Point","coordinates":[2.28698,51.03852]},"properties":{"latitude":"51.03852","longitude":"2.28698","bright_ti4":"299.06","scan":"0.48","track":"0.65","acq_date":"2026-07-20","acq_time":"321","satellite":"N","instrument":"VIIRS","confidence":"n","version":"2.0NRT","bright_ti5":"285.28","frp":"1.46","daynight":"N","commune":"Grande-Synthe","code_insee":"59271","departement":"Nord","region":"Hauts-de-France"}},{"type":"Feature","geometry":{"type":"Point","coordinates":[2.29059,51.04097]},"properties":{"latitude":"51.04097","longitude":"2.29059","bright_ti4":"296.7","scan":"0.48","track":"0.65","acq_date":"2026-07-20","acq_time":"321","satellite":"N","instrument":"VIIRS","confidence":"n","version":"2.0NRT","bright_ti5":"285.96","frp":"0.95","daynight":"N","commune":"Grande-Synthe","code_insee":"59271","departement":"Nord","region":"Hauts-de-France"}},{"type":"Feature","geometry":{"type":"Point","coordinates":[2.29159,51.04385]},"properties":{"latitude":"51.04385","longitude":"2.29159","bright_ti4":"314.57","scan":"0.48","track":"0.65","acq_date":"2026-07-20","acq_time":"321","satellite":"N","instrument":"VIIRS","confidence":"n","version":"2.0NRT","bright_ti5":"285.6","frp":"3.29","daynight":"N","commune":"Grande-Synthe","code_insee":"59271","departement":"Nord","region":"Hauts-de-France"}},{"type":"Feature","geometry":{"type":"Point","coordinates":[2.29526,51.04627]},"properties":{"latitude":"51.04627","longitude":"2.29526","bright_ti4":"317.86","scan":"0.48","track":"0.65","acq_date":"2026-07-20","acq_time":"321","satellite":"N","instrument":"VIIRS","confidence":"n","version":"2.0NRT","bright_ti5":"285.11","frp":"2.22","daynight":"N","commune":"Grande-Synthe","code_insee":"59271","departement":"Nord","region":"Hauts-de-France"}},{"type":"Feature","geometry":{"type":"Point","coordinates":[-1.03558,48.10764]},"properties":{"latitude":"48.10764","longitude":"-1.03558","bright_ti4":"295.62","scan":"0.45","track":"0.63","acq_date":"2026-07-20","acq_time":"323","satellite":"N","instrument":"VIIRS","confidence":"n","version":"2.0NRT","bright_ti5":"284.97","frp":"0.94","daynight":"N","commune":"Saint-Pierre-la-Cour","code_insee":"53247","departement":"Mayenne","region":"Pays de la Loire"}},{"type":"Feature","geometry":{"type":"Point","coordinates":[9.07099,42.26615]},"properties":{"latitude":"42.26615","longitude":"9.07099","bright_ti4":"340.84","scan":"0.47","track":"0.64","acq_date":"2026-07-20","acq_time":"1128","satellite":"N","instrument":"VIIRS","confidence":"n","version":"2.0NRT","bright_ti5":"293.96","frp":"10.89","daynight":"D","commune":"Corte","code_insee":"2B096","departement":"Haute-Corse","region":"Corse"}},{"type":"Feature","geometry":{"type":"Point","coordinates":[5.00738,43.37717]},"properties":{"latitude":"43.37717","longitude":"5.00738","bright_ti4":"356.23","scan":"0.66","track":"0.73","acq_date":"2026-07-20","acq_time":"1128","satellite":"N","instrument":"VIIRS","confidence":"n","version":"2.0NRT","bright_ti5":"299.77","frp":"20.13","daynight":"D","commune":"Martigues","code_insee":"13056","departement":"Bouches-du-Rhône","region":"Provence-Alpes-Côte d'Azur"}},{"type":"Feature","geometry":{"type":"Point","coordinates":[5.0154,43.37991]},"properties":{"latitude":"43.37991","longitude":"5.0154","bright_ti4":"337.32","scan":"0.65","track":"0.73","acq_date":"2026-07-20","acq_time":"1128","satellite":"N","instrument":"VIIRS","confidence":"n","version":"2.0NRT","bright_ti5":"299.55","frp":"20.13","daynight":"D","commune":"Martigues","code_insee":"13056","departement":"Bouches-du-Rhône","region":"Provence-Alpes-Côte d'Azur"}},{"type":"Feature","geometry":{"type":"Point","coordinates":[6.43479,43.45595]},"properties":{"latitude":"43.45595","longitude":"6.43479","bright_ti4":"336.28","scan":"0.56","track":"0.69","acq_date":"2026-07-20","acq_time":"1128","satellite":"N","instrument":"VIIRS","confidence":"n","version":"2.0NRT","bright_ti5":"300.85","frp":"9.46","daynight":"D","commune":"Taradeau","code_insee":"83134","departement":"Var","region":"Provence-Alpes-Côte d'Azur"}},{"type":"Feature","geometry":{"type":"Point","coordinates":[6.43956,43.45631]},"properties":{"latitude":"43.45631","longitude":"6.43956","bright_ti4":"345.7","scan":"0.56","track":"0.69","acq_date":"2026-07-20","acq_time":"1128","satellite":"N","instrument":"VIIRS","confidence":"n","version":"2.0NRT","bright_ti5":"302.41","frp":"8.96","daynight":"D","commune":"Taradeau","code_insee":"83134","departement":"Var","region":"Provence-Alpes-Côte d'Azur"}},{"type":"Feature","geometry":{"type":"Point","coordinates":[4.78988,43.64338]},"properties":{"latitude":"43.64338","longitude":"4.78988","bright_ti4":"330.75","scan":"0.66","track":"0.73","acq_date":"2026-07-20","acq_time":"1128","satellite":"N","instrument":"VIIRS","confidence":"n","version":"2.0NRT","bright_ti5":"296.47","frp":"5.14","daynight":"D","commune":"Saint-Martin-de-Crau","code_insee":"13097","departement":"Bouches-du-Rhône","region":"Provence-Alpes-Côte d'Azur"}},{"type":"Feature","geometry":{"type":"Point","coordinates":[6.54771,44.75893]},"properties":{"latitude":"44.75893","longitude":"6.54771","bright_ti4":"328.68","scan":"0.51","track":"0.66","acq_date":"2026-07-20","acq_time":"1128","satellite":"N","instrument":"VIIRS","confidence":"n","version":"2.0NRT","bright_ti5":"296.2","frp":"8.92","daynight":"D","commune":"Freissinières","code_insee":"05058","departement":"Hautes-Alpes","region":"Provence-Alpes-Côte d'Azur"}},{"type":"Feature","geometry":{"type":"Point","coordinates":[6.55095,44.7604]},"properties":{"latitude":"44.7604","longitude":"6.55095","bright_ti4":"354.61","scan":"0.51","track":"0.66","acq_date":"2026-07-20","acq_time":"1128","satellite":"N","instrument":"VIIRS","confidence":"n","version":"2.0NRT","bright_ti5":"298.66","frp":"36.8","daynight":"D","commune":"Freissinières","code_insee":"05058","departement":"Hautes-Alpes","region":"Provence-Alpes-Côte d'Azur"}},{"type":"Feature","geometry":{"type":"Point","coordinates":[6.55271,44.76051]},"properties":{"latitude":"44.76051","longitude":"6.55271","bright_ti4":"348.5","scan":"0.51","track":"0.66","acq_date":"2026-07-20","acq_time":"1128","satellite":"N","instrument":"VIIRS","confidence":"n","version":"2.0NRT","bright_ti5":"302.54","frp":"74.4","daynight":"D","commune":"L'Argentière-la-Bessée","code_insee":"05006","departement":"Hautes-Alpes","region":"Provence-Alpes-Côte d'Azur"}},{"type":"Feature","geometry":{"type":"Point","coordinates":[6.55656,44.76174]},"properties":{"latitude":"44.76174","longitude":"6.55656","bright_ti4":"344.45","scan":"0.51","track":"0.66","acq_date":"2026-07-20","acq_time":"1128","satellite":"N","instrument":"VIIRS","confidence":"n","version":"2.0NRT","bright_ti5":"315.79","frp":"74.4","daynight":"D","commune":"L'Argentière-la-Bessée","code_insee":"05006","departement":"Hautes-Alpes","region":"Provence-Alpes-Côte d'Azur"}},{"type":"Feature","geometry":{"type":"Point","coordinates":[6.55834,44.76279]},"properties":{"latitude":"44.76279","longitude":"6.55834","bright_ti4":"367","scan":"0.51","track":"0.66","acq_date":"2026-07-20","acq_time":"1128","satellite":"N","instrument":"VIIRS","confidence":"h","version":"2.0NRT","bright_ti5":"307.79","frp":"163.48","daynight":"D","commune":"L'Argentière-la-Bessée","code_insee":"05006","departement":"Hautes-Alpes","region":"Provence-Alpes-Côte d'Azur"}},{"type":"Feature","geometry":{"type":"Point","coordinates":[6.56,44.76283]},"properties":{"latitude":"44.76283","longitude":"6.56","bright_ti4":"367","scan":"0.51","track":"0.66","acq_date":"2026-07-20","acq_time":"1128","satellite":"N","instrument":"VIIRS","confidence":"h","version":"2.0NRT","bright_ti5":"302.28","frp":"66.22","daynight":"D","commune":"L'Argentière-la-Bessée","code_insee":"05006","departement":"Hautes-Alpes","region":"Provence-Alpes-Côte d'Azur"}},{"type":"Feature","geometry":{"type":"Point","coordinates":[1.90377,45.4571]},"properties":{"latitude":"45.4571","longitude":"1.90377","bright_ti4":"333.56","scan":"0.76","track":"0.77","acq_date":"2026-07-20","acq_time":"1130","satellite":"N","instrument":"VIIRS","confidence":"n","version":"2.0NRT","bright_ti5":"282.23","frp":"9.02","daynight":"D","commune":"Chaumeil","code_insee":"19051","departement":"Corrèze","region":"Nouvelle-Aquitaine"}},{"type":"Feature","geometry":{"type":"Point","coordinates":[2.29788,51.04332]},"properties":{"latitude":"51.04332","longitude":"2.29788","bright_ti4":"340.31","scan":"0.47","track":"0.64","acq_date":"2026-07-20","acq_time":"1130","satellite":"N","instrument":"VIIRS","confidence":"n","version":"2.0NRT","bright_ti5":"295.09","frp":"5.08","daynight":"D","commune":"Grande-Synthe","code_insee":"59271","departement":"Nord","region":"Hauts-de-France"}},{"type":"Feature","geometry":{"type":"Point","coordinates":[9.07223,42.27114]},"properties":{"latitude":"42.27114","longitude":"9.07223","bright_ti4":"347.84","scan":"0.59","track":"0.53","acq_date":"2026-07-20","acq_time":"1308","satellite":"N","instrument":"VIIRS","confidence":"n","version":"2.0NRT","bright_ti5":"303.38","frp":"16.9","daynight":"D","commune":"Corte","code_insee":"2B096","departement":"Haute-Corse","region":"Corse"}},{"type":"Feature","geometry":{"type":"Point","coordinates":[9.08184,42.27176]},"properties":{"latitude":"42.27176","longitude":"9.08184","bright_ti4":"335.33","scan":"0.59","track":"0.53","acq_date":"2026-07-20","acq_time":"1308","satellite":"N","instrument":"VIIRS","confidence":"n","version":"2.0NRT","bright_ti5":"298.78","frp":"8.68","daynight":"D","commune":"Corte","code_insee":"2B096","departement":"Haute-Corse","region":"Corse"}},{"type":"Feature","geometry":{"type":"Point","coordinates":[9.08725,42.28696]},"properties":{"latitude":"42.28696","longitude":"9.08725","bright_ti4":"334.85","scan":"0.59","track":"0.53","acq_date":"2026-07-20","acq_time":"1308","satellite":"N","instrument":"VIIRS","confidence":"n","version":"2.0NRT","bright_ti5":"297.64","frp":"2.77","daynight":"D","commune":"Corte","code_insee":"2B096","departement":"Haute-Corse","region":"Corse"}},{"type":"Feature","geometry":{"type":"Point","coordinates":[0.08983,42.87182]},"properties":{"latitude":"42.87182","longitude":"0.08983","bright_ti4":"347.57","scan":"0.4","track":"0.37","acq_date":"2026-07-20","acq_time":"1308","satellite":"N","instrument":"VIIRS","confidence":"n","version":"2.0NRT","bright_ti5":"310.49","frp":"7.05","daynight":"D","commune":"Barèges","code_insee":"65481","departement":"Hautes-Pyrénées","region":"Occitanie"}},{"type":"Feature","geometry":{"type":"Point","coordinates":[4.89851,43.44484]},"properties":{"latitude":"43.44484","longitude":"4.89851","bright_ti4":"343.43","scan":"0.57","track":"0.43","acq_date":"2026-07-20","acq_time":"1308","satellite":"N","instrument":"VIIRS","confidence":"n","version":"2.0NRT","bright_ti5":"313.06","frp":"10.26","daynight":"D","commune":"Fos-sur-Mer","code_insee":"13039","departement":"Bouches-du-Rhône","region":"Provence-Alpes-Côte d'Azur"}},{"type":"Feature","geometry":{"type":"Point","coordinates":[6.43747,43.45624]},"properties":{"latitude":"43.45624","longitude":"6.43747","bright_ti4":"333.48","scan":"0.45","track":"0.47","acq_date":"2026-07-20","acq_time":"1308","satellite":"N","instrument":"VIIRS","confidence":"l","version":"2.0NRT","bright_ti5":"306.73","frp":"1.9","daynight":"D","commune":"Taradeau","code_insee":"83134","departement":"Var","region":"Provence-Alpes-Côte d'Azur"}},{"type":"Feature","geometry":{"type":"Point","coordinates":[6.56032,44.75639]},"properties":{"latitude":"44.75639","longitude":"6.56032","bright_ti4":"344.27","scan":"0.47","track":"0.48","acq_date":"2026-07-20","acq_time":"1310","satellite":"N","instrument":"VIIRS","confidence":"n","version":"2.0NRT","bright_ti5":"309.5","frp":"32.83","daynight":"D","commune":"Freissinières","code_insee":"05058","departement":"Hautes-Alpes","region":"Provence-Alpes-Côte d'Azur"}},{"type":"Feature","geometry":{"type":"Point","coordinates":[6.55256,44.76025]},"properties":{"latitude":"44.76025","longitude":"6.55256","bright_ti4":"353.72","scan":"0.47","track":"0.48","acq_date":"2026-07-20","acq_time":"1310","satellite":"N","instrument":"VIIRS","confidence":"n","version":"2.0NRT","bright_ti5":"301.88","frp":"32.83","daynight":"D","commune":"Freissinières","code_insee":"05058","departement":"Hautes-Alpes","region":"Provence-Alpes-Côte d'Azur"}},{"type":"Feature","geometry":{"type":"Point","coordinates":[6.56127,44.76095]},"properties":{"latitude":"44.76095","longitude":"6.56127","bright_ti4":"367","scan":"0.47","track":"0.48","acq_date":"2026-07-20","acq_time":"1310","satellite":"N","instrument":"VIIRS","confidence":"h","version":"2.0NRT","bright_ti5":"300.39","frp":"32.83","daynight":"D","commune":"L'Argentière-la-Bessée","code_insee":"05006","departement":"Hautes-Alpes","region":"Provence-Alpes-Côte d'Azur"}},{"type":"Feature","geometry":{"type":"Point","coordinates":[-1.01001,45.66043]},"properties":{"latitude":"45.66043","longitude":"-1.01001","bright_ti4":"338.06","scan":"0.39","track":"0.36","acq_date":"2026-07-20","acq_time":"1310","satellite":"N","instrument":"VIIRS","confidence":"l","version":"2.0NRT","bright_ti5":"308.9","frp":"2.62","daynight":"D","commune":"Saint-Sulpice-de-Royan","code_insee":"17409","departement":"Charente-Maritime","region":"Nouvelle-Aquitaine"}},{"type":"Feature","geometry":{"type":"Point","coordinates":[1.34221,46.64585]},"properties":{"latitude":"46.64585","longitude":"1.34221","bright_ti4":"346.91","scan":"0.45","track":"0.39","acq_date":"2026-07-20","acq_time":"1310","satellite":"N","instrument":"VIIRS","confidence":"n","version":"2.0NRT","bright_ti5":"314.06","frp":"14.04","daynight":"D","commune":"Chitray","code_insee":"36051","departement":"Indre","region":"Centre-Val de Loire"}},{"type":"Feature","geometry":{"type":"Point","coordinates":[1.34814,46.64653]},"properties":{"latitude":"46.64653","longitude":"1.34814","bright_ti4":"336.31","scan":"0.45","track":"0.39","acq_date":"2026-07-20","acq_time":"1310","satellite":"N","instrument":"VIIRS","confidence":"l","version":"2.0NRT","bright_ti5":"309.69","frp":"14.04","daynight":"D","commune":"Chitray","code_insee":"36051","departement":"Indre","region":"Centre-Val de Loire"}},{"type":"Feature","geometry":{"type":"Point","coordinates":[1.9853,47.3335]},"properties":{"latitude":"47.3335","longitude":"1.9853","bright_ti4":"345.64","scan":"0.48","track":"0.4","acq_date":"2026-07-20","acq_time":"1310","satellite":"N","instrument":"VIIRS","confidence":"n","version":"2.0NRT","bright_ti5":"306.91","frp":"6.14","daynight":"D","commune":"Theillay","code_insee":"41256","departement":"Loir-et-Cher","region":"Centre-Val de Loire"}},{"type":"Feature","geometry":{"type":"Point","coordinates":[1.9836,47.33413]},"properties":{"latitude":"47.33413","longitude":"1.9836","bright_ti4":"340.91","scan":"0.48","track":"0.4","acq_date":"2026-07-20","acq_time":"1310","satellite":"N","instrument":"VIIRS","confidence":"n","version":"2.0NRT","bright_ti5":"308.9","frp":"13.15","daynight":"D","commune":"Theillay","code_insee":"41256","departement":"Loir-et-Cher","region":"Centre-Val de Loire"}},{"type":"Feature","geometry":{"type":"Point","coordinates":[1.98443,47.33719]},"properties":{"latitude":"47.33719","longitude":"1.98443","bright_ti4":"338.29","scan":"0.48","track":"0.4","acq_date":"2026-07-20","acq_time":"1310","satellite":"N","instrument":"VIIRS","confidence":"n","version":"2.0NRT","bright_ti5":"303.96","frp":"6.14","daynight":"D","commune":"Theillay","code_insee":"41256","departement":"Loir-et-Cher","region":"Centre-Val de Loire"}},{"type":"Feature","geometry":{"type":"Point","coordinates":[-3.09012,47.67913]},"properties":{"latitude":"47.67913","longitude":"-3.09012","bright_ti4":"342.65","scan":"0.38","track":"0.36","acq_date":"2026-07-20","acq_time":"1310","satellite":"N","instrument":"VIIRS","confidence":"n","version":"2.0NRT","bright_ti5":"308.86","frp":"4.36","daynight":"D","commune":"Locoal-Mendon","code_insee":"56119","departement":"Morbihan","region":"Bretagne"}},{"type":"Feature","geometry":{"type":"Point","coordinates":[-3.09121,47.68241]},"properties":{"latitude":"47.68241","longitude":"-3.09121","bright_ti4":"343.23","scan":"0.38","track":"0.36","acq_date":"2026-07-20","acq_time":"1310","satellite":"N","instrument":"VIIRS","confidence":"n","version":"2.0NRT","bright_ti5":"308.29","frp":"4.83","daynight":"D","commune":"Locoal-Mendon","code_insee":"56119","departement":"Morbihan","region":"Bretagne"}},{"type":"Feature","geometry":{"type":"Point","coordinates":[-2.71178,47.70602]},"properties":{"latitude":"47.70602","longitude":"-2.71178","bright_ti4":"336.8","scan":"0.39","track":"0.36","acq_date":"2026-07-20","acq_time":"1310","satellite":"N","instrument":"VIIRS","confidence":"n","version":"2.0NRT","bright_ti5":"301.4","frp":"1.09","daynight":"D","commune":"Saint-Avé","code_insee":"56206","departement":"Morbihan","region":"Bretagne"}},{"type":"Feature","geometry":{"type":"Point","coordinates":[-3.80274,47.79757]},"properties":{"latitude":"47.79757","longitude":"-3.80274","bright_ti4":"336.78","scan":"0.38","track":"0.36","acq_date":"2026-07-20","acq_time":"1310","satellite":"N","instrument":"VIIRS","confidence":"n","version":"2.0NRT","bright_ti5":"307.09","frp":"11.1","daynight":"D","commune":"Névez","code_insee":"29153","departement":"Finistère","region":"Bretagne"}},{"type":"Feature","geometry":{"type":"Point","coordinates":[-3.80388,47.80085]},"properties":{"latitude":"47.80085","longitude":"-3.80388","bright_ti4":"348.86","scan":"0.38","track":"0.36","acq_date":"2026-07-20","acq_time":"1310","satellite":"N","instrument":"VIIRS","confidence":"n","version":"2.0NRT","bright_ti5":"309.24","frp":"11.1","daynight":"D","commune":"Névez","code_insee":"29153","departement":"Finistère","region":"Bretagne"}},{"type":"Feature","geometry":{"type":"Point","coordinates":[-3.171,47.80331]},"properties":{"latitude":"47.80331","longitude":"-3.171","bright_ti4":"340.27","scan":"0.38","track":"0.36","acq_date":"2026-07-20","acq_time":"1310","satellite":"N","instrument":"VIIRS","confidence":"n","version":"2.0NRT","bright_ti5":"306.55","frp":"9.49","daynight":"D","commune":"Languidic","code_insee":"56101","departement":"Morbihan","region":"Bretagne"}},{"type":"Feature","geometry":{"type":"Point","coordinates":[-3.1721,47.80659]},"properties":{"latitude":"47.80659","longitude":"-3.1721","bright_ti4":"333.78","scan":"0.38","track":"0.36","acq_date":"2026-07-20","acq_time":"1310","satellite":"N","instrument":"VIIRS","confidence":"n","version":"2.0NRT","bright_ti5":"305.02","frp":"3.34","daynight":"D","commune":"Languidic","code_insee":"56101","departement":"Morbihan","region":"Bretagne"}},{"type":"Feature","geometry":{"type":"Point","coordinates":[0.36534,48.8791]},"properties":{"latitude":"48.8791","longitude":"0.36534","bright_ti4":"341.1","scan":"0.45","track":"0.39","acq_date":"2026-07-20","acq_time":"1310","satellite":"N","instrument":"VIIRS","confidence":"n","version":"2.0NRT","bright_ti5":"299.62","frp":"9.33","daynight":"D","commune":"La Ferté-en-Ouche","code_insee":"61167","departement":"Orne","region":"Normandie"}},{"type":"Feature","geometry":{"type":"Point","coordinates":[0.3694,48.8808]},"properties":{"latitude":"48.8808","longitude":"0.3694","bright_ti4":"351.5","scan":"0.45","track":"0.39","acq_date":"2026-07-20","acq_time":"1310","satellite":"N","instrument":"VIIRS","confidence":"n","version":"2.0NRT","bright_ti5":"307.25","frp":"25.53","daynight":"D","commune":"La Ferté-en-Ouche","code_insee":"61167","departement":"Orne","region":"Normandie"}},{"type":"Feature","geometry":{"type":"Point","coordinates":[0.36847,48.88436]},"properties":{"latitude":"48.88436","longitude":"0.36847","bright_ti4":"348.14","scan":"0.45","track":"0.39","acq_date":"2026-07-20","acq_time":"1310","satellite":"N","instrument":"VIIRS","confidence":"n","version":"2.0NRT","bright_ti5":"305.63","frp":"25.53","daynight":"D","commune":"La Ferté-en-Ouche","code_insee":"61167","departement":"Orne","region":"Normandie"}},{"type":"Feature","geometry":{"type":"Point","coordinates":[4.25133,49.19441]},"properties":{"latitude":"49.19441","longitude":"4.25133","bright_ti4":"345.43","scan":"0.42","track":"0.45","acq_date":"2026-07-20","acq_time":"1310","satellite":"N","instrument":"VIIRS","confidence":"n","version":"2.0NRT","bright_ti5":"295.43","frp":"11.27","daynight":"D","commune":"Val-de-Vesle","code_insee":"51571","departement":"Marne","region":"Grand Est"}},{"type":"Feature","geometry":{"type":"Point","coordinates":[2.28682,51.03358]},"properties":{"latitude":"51.03358","longitude":"2.28682","bright_ti4":"335.47","scan":"0.55","track":"0.42","acq_date":"2026-07-20","acq_time":"1310","satellite":"N","instrument":"VIIRS","confidence":"n","version":"2.0NRT","bright_ti5":"302.72","frp":"6.2","daynight":"D","commune":"Grande-Synthe","code_insee":"59271","departement":"Nord","region":"Hauts-de-France"}},{"type":"Feature","geometry":{"type":"Point","coordinates":[2.30078,51.04288]},"properties":{"latitude":"51.04288","longitude":"2.30078","bright_ti4":"334.64","scan":"0.55","track":"0.42","acq_date":"2026-07-20","acq_time":"1310","satellite":"N","instrument":"VIIRS","confidence":"n","version":"2.0NRT","bright_ti5":"298.63","frp":"2.39","daynight":"D","commune":"Grande-Synthe","code_insee":"59271","departement":"Nord","region":"Hauts-de-France"}},{"type":"Feature","geometry":{"type":"Point","coordinates":[9.07104,42.27081]},"properties":{"latitude":"42.27081","longitude":"9.07104","bright_ti4":"301.77","scan":"0.56","track":"0.69","acq_date":"2026-07-20","acq_time":"22","satellite":"N20","instrument":"VIIRS","confidence":"n","version":"2.0NRT","bright_ti5":"283.95","frp":"2.53","daynight":"N","commune":"Corte","code_insee":"2B096","departement":"Haute-Corse","region":"Corse"}},{"type":"Feature","geometry":{"type":"Point","coordinates":[9.0661,42.27089]},"properties":{"latitude":"42.27089","longitude":"9.0661","bright_ti4":"331.68","scan":"0.56","track":"0.69","acq_date":"2026-07-20","acq_time":"22","satellite":"N20","instrument":"VIIRS","confidence":"n","version":"2.0NRT","bright_ti5":"285.13","frp":"2.53","daynight":"N","commune":"Corte","code_insee":"2B096","departement":"Haute-Corse","region":"Corse"}},{"type":"Feature","geometry":{"type":"Point","coordinates":[9.0739,42.27521]},"properties":{"latitude":"42.27521","longitude":"9.0739","bright_ti4":"299.21","scan":"0.56","track":"0.69","acq_date":"2026-07-20","acq_time":"22","satellite":"N20","instrument":"VIIRS","confidence":"n","version":"2.0NRT","bright_ti5":"283.29","frp":"3.68","daynight":"N","commune":"Corte","code_insee":"2B096","departement":"Haute-Corse","region":"Corse"}},{"type":"Feature","geometry":{"type":"Point","coordinates":[9.06774,42.27534]},"properties":{"latitude":"42.27534","longitude":"9.06774","bright_ti4":"333.57","scan":"0.56","track":"0.69","acq_date":"2026-07-20","acq_time":"22","satellite":"N20","instrument":"VIIRS","confidence":"n","version":"2.0NRT","bright_ti5":"286.32","frp":"4.29","daynight":"N","commune":"Corte","code_insee":"2B096","departement":"Haute-Corse","region":"Corse"}},{"type":"Feature","geometry":{"type":"Point","coordinates":[9.06178,42.27547]},"properties":{"latitude":"42.27547","longitude":"9.06178","bright_ti4":"305.89","scan":"0.56","track":"0.69","acq_date":"2026-07-20","acq_time":"22","satellite":"N20","instrument":"VIIRS","confidence":"n","version":"2.0NRT","bright_ti5":"283.46","frp":"4.29","daynight":"N","commune":"Corte","code_insee":"2B096","departement":"Haute-Corse","region":"Corse"}},{"type":"Feature","geometry":{"type":"Point","coordinates":[9.06647,42.27726]},"properties":{"latitude":"42.27726","longitude":"9.06647","bright_ti4":"304.69","scan":"0.56","track":"0.69","acq_date":"2026-07-20","acq_time":"22","satellite":"N20","instrument":"VIIRS","confidence":"n","version":"2.0NRT","bright_ti5":"284.29","frp":"2.53","daynight":"N","commune":"Corte","code_insee":"2B096","departement":"Haute-Corse","region":"Corse"}},{"type":"Feature","geometry":{"type":"Point","coordinates":[9.0943,42.28112]},"properties":{"latitude":"42.28112","longitude":"9.0943","bright_ti4":"315.02","scan":"0.56","track":"0.69","acq_date":"2026-07-20","acq_time":"22","satellite":"N20","instrument":"VIIRS","confidence":"n","version":"2.0NRT","bright_ti5":"285.43","frp":"3.23","daynight":"N","commune":"Corte","code_insee":"2B096","departement":"Haute-Corse","region":"Corse"}},{"type":"Feature","geometry":{"type":"Point","coordinates":[9.094,42.28315]},"properties":{"latitude":"42.28315","longitude":"9.094","bright_ti4":"304.97","scan":"0.56","track":"0.69","acq_date":"2026-07-20","acq_time":"22","satellite":"N20","instrument":"VIIRS","confidence":"n","version":"2.0NRT","bright_ti5":"284.64","frp":"1.78","daynight":"N","commune":"Corte","code_insee":"2B096","departement":"Haute-Corse","region":"Corse"}},{"type":"Feature","geometry":{"type":"Point","coordinates":[5.66879,45.23184]},"properties":{"latitude":"45.23184","longitude":"5.66879","bright_ti4":"302.45","scan":"0.49","track":"0.4","acq_date":"2026-07-20","acq_time":"202","satellite":"N20","instrument":"VIIRS","confidence":"n","version":"2.0NRT","bright_ti5":"290.44","frp":"0.85","daynight":"N","commune":"Saint-Égrève","code_insee":"38382","departement":"Isère","region":"Auvergne-Rhône-Alpes"}},{"type":"Feature","geometry":{"type":"Point","coordinates":[1.90642,45.45639]},"properties":{"latitude":"45.45639","longitude":"1.90642","bright_ti4":"307.25","scan":"0.39","track":"0.36","acq_date":"2026-07-20","acq_time":"202","satellite":"N20","instrument":"VIIRS","confidence":"n","version":"2.0NRT","bright_ti5":"291.74","frp":"0.97","daynight":"N","commune":"Chaumeil","code_insee":"19051","departement":"Corrèze","region":"Nouvelle-Aquitaine"}},{"type":"Feature","geometry":{"type":"Point","coordinates":[-1.03671,48.10666]},"properties":{"latitude":"48.10666","longitude":"-1.03671","bright_ti4":"306.29","scan":"0.41","track":"0.37","acq_date":"2026-07-20","acq_time":"202","satellite":"N20","instrument":"VIIRS","confidence":"n","version":"2.0NRT","bright_ti5":"288.32","frp":"1.03","daynight":"N","commune":"Saint-Pierre-la-Cour","code_insee":"53247","departement":"Mayenne","region":"Pays de la Loire"}},{"type":"Feature","geometry":{"type":"Point","coordinates":[2.98058,48.38735]},"properties":{"latitude":"48.38735","longitude":"2.98058","bright_ti4":"320.54","scan":"0.39","track":"0.36","acq_date":"2026-07-20","acq_time":"202","satellite":"N20","instrument":"VIIRS","confidence":"n","version":"2.0NRT","bright_ti5":"288.69","frp":"1.87","daynight":"N","commune":"Montereau-Fault-Yonne","code_insee":"77305","departement":"Seine-et-Marne","region":"Île-de-France"}},{"type":"Feature","geometry":{"type":"Point","coordinates":[2.94341,48.58707]},"properties":{"latitude":"48.58707","longitude":"2.94341","bright_ti4":"296.97","scan":"0.39","track":"0.36","acq_date":"2026-07-20","acq_time":"202","satellite":"N20","instrument":"VIIRS","confidence":"n","version":"2.0NRT","bright_ti5":"285.03","frp":"0.65","daynight":"N","commune":"Grandpuits-Bailly-Carrois","code_insee":"77211","departement":"Seine-et-Marne","region":"Île-de-France"}},{"type":"Feature","geometry":{"type":"Point","coordinates":[6.96605,48.69264]},"properties":{"latitude":"48.69264","longitude":"6.96605","bright_ti4":"299","scan":"0.47","track":"0.4","acq_date":"2026-07-20","acq_time":"202","satellite":"N20","instrument":"VIIRS","confidence":"n","version":"2.0NRT","bright_ti5":"283.85","frp":"0.96","daynight":"N","commune":"Héming","code_insee":"57314","departement":"Moselle","region":"Grand Est"}},{"type":"Feature","geometry":{"type":"Point","coordinates":[4.56528,48.76719]},"properties":{"latitude":"48.76719","longitude":"4.56528","bright_ti4":"304.42","scan":"0.41","track":"0.37","acq_date":"2026-07-20","acq_time":"202","satellite":"N20","instrument":"VIIRS","confidence":"n","version":"2.0NRT","bright_ti5":"286.58","frp":"1.05","daynight":"N","commune":"Couvrot","code_insee":"51195","departement":"Marne","region":"Grand Est"}},{"type":"Feature","geometry":{"type":"Point","coordinates":[6.05609,48.88293]},"properties":{"latitude":"48.88293","longitude":"6.05609","bright_ti4":"295.54","scan":"0.44","track":"0.38","acq_date":"2026-07-20","acq_time":"202","satellite":"N20","instrument":"VIIRS","confidence":"n","version":"2.0NRT","bright_ti5":"284.79","frp":"0.47","daynight":"N","commune":"Blénod-lès-Pont-à-Mousson","code_insee":"54079","departement":"Meurthe-et-Moselle","region":"Grand Est"}},{"type":"Feature","geometry":{"type":"Point","coordinates":[-0.25525,49.10038]},"properties":{"latitude":"49.10038","longitude":"-0.25525","bright_ti4":"302.47","scan":"0.4","track":"0.37","acq_date":"2026-07-20","acq_time":"202","satellite":"N20","instrument":"VIIRS","confidence":"n","version":"2.0NRT","bright_ti5":"281.93","frp":"0.72","daynight":"N","commune":"Le Castelet","code_insee":"14554","departement":"Calvados","region":"Normandie"}},{"type":"Feature","geometry":{"type":"Point","coordinates":[6.10293,49.32405]},"properties":{"latitude":"49.32405","longitude":"6.10293","bright_ti4":"297.91","scan":"0.44","track":"0.38","acq_date":"2026-07-20","acq_time":"202","satellite":"N20","instrument":"VIIRS","confidence":"n","version":"2.0NRT","bright_ti5":"284.82","frp":"0.7","daynight":"N","commune":"Serémange-Erzange","code_insee":"57647","departement":"Moselle","region":"Grand Est"}},{"type":"Feature","geometry":{"type":"Point","coordinates":[0.54303,49.46996]},"properties":{"latitude":"49.46996","longitude":"0.54303","bright_ti4":"299.73","scan":"0.39","track":"0.36","acq_date":"2026-07-20","acq_time":"202","satellite":"N20","instrument":"VIIRS","confidence":"n","version":"2.0NRT","bright_ti5":"285.75","frp":"0.87","daynight":"N","commune":"Port-Jérôme-sur-Seine","code_insee":"76476","departement":"Seine-Maritime","region":"Normandie"}},{"type":"Feature","geometry":{"type":"Point","coordinates":[0.53455,49.4781]},"properties":{"latitude":"49.4781","longitude":"0.53455","bright_ti4":"301.92","scan":"0.39","track":"0.36","acq_date":"2026-07-20","acq_time":"202","satellite":"N20","instrument":"VIIRS","confidence":"n","version":"2.0NRT","bright_ti5":"285.91","frp":"0.75","daynight":"N","commune":"Port-Jérôme-sur-Seine","code_insee":"76476","departement":"Seine-Maritime","region":"Normandie"}},{"type":"Feature","geometry":{"type":"Point","coordinates":[1.61269,49.92786]},"properties":{"latitude":"49.92786","longitude":"1.61269","bright_ti4":"302.14","scan":"0.39","track":"0.36","acq_date":"2026-07-20","acq_time":"202","satellite":"N20","instrument":"VIIRS","confidence":"n","version":"2.0NRT","bright_ti5":"281.35","frp":"0.72","daynight":"N","commune":"Blangy-sur-Bresle","code_insee":"76101","departement":"Seine-Maritime","region":"Normandie"}},{"type":"Feature","geometry":{"type":"Point","coordinates":[3.49114,50.33049]},"properties":{"latitude":"50.33049","longitude":"3.49114","bright_ti4":"298.36","scan":"0.39","track":"0.36","acq_date":"2026-07-20","acq_time":"202","satellite":"N20","instrument":"VIIRS","confidence":"n","version":"2.0NRT","bright_ti5":"283.92","frp":"0.81","daynight":"N","commune":"Trith-Saint-Léger","code_insee":"59603","departement":"Nord","region":"Hauts-de-France"}},{"type":"Feature","geometry":{"type":"Point","coordinates":[3.49378,50.33698]},"properties":{"latitude":"50.33698","longitude":"3.49378","bright_ti4":"305.1","scan":"0.39","track":"0.36","acq_date":"2026-07-20","acq_time":"202","satellite":"N20","instrument":"VIIRS","confidence":"n","version":"2.0NRT","bright_ti5":"284.49","frp":"0.96","daynight":"N","commune":"Trith-Saint-Léger","code_insee":"59603","departement":"Nord","region":"Hauts-de-France"}},{"type":"Feature","geometry":{"type":"Point","coordinates":[2.26874,51.01178]},"properties":{"latitude":"51.01178","longitude":"2.26874","bright_ti4":"302.53","scan":"0.39","track":"0.36","acq_date":"2026-07-20","acq_time":"202","satellite":"N20","instrument":"VIIRS","confidence":"n","version":"2.0NRT","bright_ti5":"285.84","frp":"0.68","daynight":"N","commune":"Dunkerque","code_insee":"59183","departement":"Nord","region":"Hauts-de-France"}},{"type":"Feature","geometry":{"type":"Point","coordinates":[2.27056,51.02837]},"properties":{"latitude":"51.02837","longitude":"2.27056","bright_ti4":"300.17","scan":"0.39","track":"0.36","acq_date":"2026-07-20","acq_time":"202","satellite":"N20","instrument":"VIIRS","confidence":"n","version":"2.0NRT","bright_ti5":"286.07","frp":"0.61","daynight":"N","commune":"Grande-Synthe","code_insee":"59271","departement":"Nord","region":"Hauts-de-France"}},{"type":"Feature","geometry":{"type":"Point","coordinates":[2.2826,51.02997]},"properties":{"latitude":"51.02997","longitude":"2.2826","bright_ti4":"309.95","scan":"0.39","track":"0.36","acq_date":"2026-07-20","acq_time":"202","satellite":"N20","instrument":"VIIRS","confidence":"n","version":"2.0NRT","bright_ti5":"286.11","frp":"1.5","daynight":"N","commune":"Grande-Synthe","code_insee":"59271","departement":"Nord","region":"Hauts-de-France"}},{"type":"Feature","geometry":{"type":"Point","coordinates":[2.27721,51.0308]},"properties":{"latitude":"51.0308","longitude":"2.27721","bright_ti4":"317.57","scan":"0.39","track":"0.36","acq_date":"2026-07-20","acq_time":"202","satellite":"N20","instrument":"VIIRS","confidence":"n","version":"2.0NRT","bright_ti5":"284.9","frp":"1.5","daynight":"N","commune":"Grande-Synthe","code_insee":"59271","departement":"Nord","region":"Hauts-de-France"}},{"type":"Feature","geometry":{"type":"Point","coordinates":[2.28925,51.0324]},"properties":{"latitude":"51.0324","longitude":"2.28925","bright_ti4":"295.53","scan":"0.39","track":"0.36","acq_date":"2026-07-20","acq_time":"202","satellite":"N20","instrument":"VIIRS","confidence":"n","version":"2.0NRT","bright_ti5":"284.87","frp":"0.4","daynight":"N","commune":"Grande-Synthe","code_insee":"59271","departement":"Nord","region":"Hauts-de-France"}},{"type":"Feature","geometry":{"type":"Point","coordinates":[2.27846,51.03405]},"properties":{"latitude":"51.03405","longitude":"2.27846","bright_ti4":"314.58","scan":"0.39","track":"0.36","acq_date":"2026-07-20","acq_time":"202","satellite":"N20","instrument":"VIIRS","confidence":"n","version":"2.0NRT","bright_ti5":"285.53","frp":"1.74","daynight":"N","commune":"Grande-Synthe","code_insee":"59271","departement":"Nord","region":"Hauts-de-France"}},{"type":"Feature","geometry":{"type":"Point","coordinates":[2.29051,51.03564]},"properties":{"latitude":"51.03564","longitude":"2.29051","bright_ti4":"309.5","scan":"0.39","track":"0.36","acq_date":"2026-07-20","acq_time":"202","satellite":"N20","instrument":"VIIRS","confidence":"n","version":"2.0NRT","bright_ti5":"286.56","frp":"0.4","daynight":"N","commune":"Grande-Synthe","code_insee":"59271","departement":"Nord","region":"Hauts-de-France"}},{"type":"Feature","geometry":{"type":"Point","coordinates":[2.29302,51.04214]},"properties":{"latitude":"51.04214","longitude":"2.29302","bright_ti4":"305.42","scan":"0.39","track":"0.36","acq_date":"2026-07-20","acq_time":"202","satellite":"N20","instrument":"VIIRS","confidence":"n","version":"2.0NRT","bright_ti5":"288.02","frp":"1.08","daynight":"N","commune":"Grande-Synthe","code_insee":"59271","departement":"Nord","region":"Hauts-de-France"}},{"type":"Feature","geometry":{"type":"Point","coordinates":[2.30506,51.04374]},"properties":{"latitude":"51.04374","longitude":"2.30506","bright_ti4":"302.04","scan":"0.39","track":"0.36","acq_date":"2026-07-20","acq_time":"202","satellite":"N20","instrument":"VIIRS","confidence":"n","version":"2.0NRT","bright_ti5":"285.4","frp":"1","daynight":"N","commune":"Grande-Synthe","code_insee":"59271","departement":"Nord","region":"Hauts-de-France"}},{"type":"Feature","geometry":{"type":"Point","coordinates":[2.29967,51.04457]},"properties":{"latitude":"51.04457","longitude":"2.29967","bright_ti4":"308.42","scan":"0.39","track":"0.36","acq_date":"2026-07-20","acq_time":"202","satellite":"N20","instrument":"VIIRS","confidence":"n","version":"2.0NRT","bright_ti5":"287.39","frp":"1.96","daynight":"N","commune":"Grande-Synthe","code_insee":"59271","departement":"Nord","region":"Hauts-de-France"}},{"type":"Feature","geometry":{"type":"Point","coordinates":[2.29427,51.04539]},"properties":{"latitude":"51.04539","longitude":"2.29427","bright_ti4":"327.7","scan":"0.39","track":"0.36","acq_date":"2026-07-20","acq_time":"202","satellite":"N20","instrument":"VIIRS","confidence":"n","version":"2.0NRT","bright_ti5":"286.88","frp":"1.96","daynight":"N","commune":"Grande-Synthe","code_insee":"59271","departement":"Nord","region":"Hauts-de-France"}},{"type":"Feature","geometry":{"type":"Point","coordinates":[9.07027,42.26937]},"properties":{"latitude":"42.26937","longitude":"9.07027","bright_ti4":"354.74","scan":"0.53","track":"0.5","acq_date":"2026-07-20","acq_time":"204","satellite":"N20","instrument":"VIIRS","confidence":"n","version":"2.0NRT","bright_ti5":"295.06","frp":"6.26","daynight":"N","commune":"Corte","code_insee":"2B096","departement":"Haute-Corse","region":"Corse"}},{"type":"Feature","geometry":{"type":"Point","coordinates":[9.07895,42.27213]},"properties":{"latitude":"42.27213","longitude":"9.07895","bright_ti4":"304.83","scan":"0.53","track":"0.5","acq_date":"2026-07-20","acq_time":"204","satellite":"N20","instrument":"VIIRS","confidence":"n","version":"2.0NRT","bright_ti5":"292.45","frp":"6.26","daynight":"N","commune":"Corte","code_insee":"2B096","departement":"Haute-Corse","region":"Corse"}},{"type":"Feature","geometry":{"type":"Point","coordinates":[9.07122,42.27404]},"properties":{"latitude":"42.27404","longitude":"9.07122","bright_ti4":"324.96","scan":"0.53","track":"0.5","acq_date":"2026-07-20","acq_time":"204","satellite":"N20","instrument":"VIIRS","confidence":"n","version":"2.0NRT","bright_ti5":"292.25","frp":"6.26","daynight":"N","commune":"Corte","code_insee":"2B096","departement":"Haute-Corse","region":"Corse"}},{"type":"Feature","geometry":{"type":"Point","coordinates":[9.50472,42.49905]},"properties":{"latitude":"42.49905","longitude":"9.50472","bright_ti4":"315.08","scan":"0.55","track":"0.51","acq_date":"2026-07-20","acq_time":"204","satellite":"N20","instrument":"VIIRS","confidence":"n","version":"2.0NRT","bright_ti5":"292.73","frp":"1.79","daynight":"N","commune":"Venzolasca","code_insee":"2B343","departement":"Haute-Corse","region":"Corse"}},{"type":"Feature","geometry":{"type":"Point","coordinates":[0.09631,42.87446]},"properties":{"latitude":"42.87446","longitude":"0.09631","bright_ti4":"297.08","scan":"0.39","track":"0.36","acq_date":"2026-07-20","acq_time":"204","satellite":"N20","instrument":"VIIRS","confidence":"n","version":"2.0NRT","bright_ti5":"283.92","frp":"0.45","daynight":"N","commune":"Barèges","code_insee":"65481","departement":"Hautes-Pyrénées","region":"Occitanie"}},{"type":"Feature","geometry":{"type":"Point","coordinates":[4.89773,43.4319]},"properties":{"latitude":"43.4319","longitude":"4.89773","bright_ti4":"308.74","scan":"0.49","track":"0.4","acq_date":"2026-07-20","acq_time":"204","satellite":"N20","instrument":"VIIRS","confidence":"n","version":"2.0NRT","bright_ti5":"294.62","frp":"2.84","daynight":"N","commune":"Fos-sur-Mer","code_insee":"13039","departement":"Bouches-du-Rhône","region":"Provence-Alpes-Côte d'Azur"}},{"type":"Feature","geometry":{"type":"Point","coordinates":[4.89184,43.43311]},"properties":{"latitude":"43.43311","longitude":"4.89184","bright_ti4":"329.41","scan":"0.49","track":"0.4","acq_date":"2026-07-20","acq_time":"204","satellite":"N20","instrument":"VIIRS","confidence":"n","version":"2.0NRT","bright_ti5":"296.12","frp":"2.84","daynight":"N","commune":"Fos-sur-Mer","code_insee":"13039","departement":"Bouches-du-Rhône","region":"Provence-Alpes-Côte d'Azur"}},{"type":"Feature","geometry":{"type":"Point","coordinates":[4.88596,43.43431]},"properties":{"latitude":"43.43431","longitude":"4.88596","bright_ti4":"310.44","scan":"0.49","track":"0.4","acq_date":"2026-07-20","acq_time":"204","satellite":"N20","instrument":"VIIRS","confidence":"n","version":"2.0NRT","bright_ti5":"293.67","frp":"3.06","daynight":"N","commune":"Fos-sur-Mer","code_insee":"13039","departement":"Bouches-du-Rhône","region":"Provence-Alpes-Côte d'Azur"}},{"type":"Feature","geometry":{"type":"Point","coordinates":[4.89322,43.43671]},"properties":{"latitude":"43.43671","longitude":"4.89322","bright_ti4":"315.61","scan":"0.49","track":"0.4","acq_date":"2026-07-20","acq_time":"204","satellite":"N20","instrument":"VIIRS","confidence":"n","version":"2.0NRT","bright_ti5":"294.33","frp":"3.26","daynight":"N","commune":"Fos-sur-Mer","code_insee":"13039","departement":"Bouches-du-Rhône","region":"Provence-Alpes-Côte d'Azur"}},{"type":"Feature","geometry":{"type":"Point","coordinates":[4.88735,43.43791]},"properties":{"latitude":"43.43791","longitude":"4.88735","bright_ti4":"318.11","scan":"0.49","track":"0.4","acq_date":"2026-07-20","acq_time":"204","satellite":"N20","instrument":"VIIRS","confidence":"n","version":"2.0NRT","bright_ti5":"295.02","frp":"7.49","daynight":"N","commune":"Fos-sur-Mer","code_insee":"13039","departement":"Bouches-du-Rhône","region":"Provence-Alpes-Côte d'Azur"}},{"type":"Feature","geometry":{"type":"Point","coordinates":[4.90191,43.4427]},"properties":{"latitude":"43.4427","longitude":"4.90191","bright_ti4":"308.21","scan":"0.49","track":"0.4","acq_date":"2026-07-20","acq_time":"204","satellite":"N20","instrument":"VIIRS","confidence":"n","version":"2.0NRT","bright_ti5":"293.58","frp":"1.94","daynight":"N","commune":"Fos-sur-Mer","code_insee":"13039","departement":"Bouches-du-Rhône","region":"Provence-Alpes-Côte d'Azur"}},{"type":"Feature","geometry":{"type":"Point","coordinates":[4.88287,43.44271]},"properties":{"latitude":"43.44271","longitude":"4.88287","bright_ti4":"326.47","scan":"0.49","track":"0.4","acq_date":"2026-07-20","acq_time":"204","satellite":"N20","instrument":"VIIRS","confidence":"n","version":"2.0NRT","bright_ti5":"298.12","frp":"7.49","daynight":"N","commune":"Fos-sur-Mer","code_insee":"13039","departement":"Bouches-du-Rhône","region":"Provence-Alpes-Côte d'Azur"}},{"type":"Feature","geometry":{"type":"Point","coordinates":[4.877,43.4439]},"properties":{"latitude":"43.4439","longitude":"4.877","bright_ti4":"305.05","scan":"0.49","track":"0.4","acq_date":"2026-07-20","acq_time":"204","satellite":"N20","instrument":"VIIRS","confidence":"n","version":"2.0NRT","bright_ti5":"291.59","frp":"5.56","daynight":"N","commune":"Fos-sur-Mer","code_insee":"13039","departement":"Bouches-du-Rhône","region":"Provence-Alpes-Côte d'Azur"}},{"type":"Feature","geometry":{"type":"Point","coordinates":[4.89601,43.4439]},"properties":{"latitude":"43.4439","longitude":"4.89601","bright_ti4":"327.38","scan":"0.49","track":"0.4","acq_date":"2026-07-20","acq_time":"204","satellite":"N20","instrument":"VIIRS","confidence":"n","version":"2.0NRT","bright_ti5":"294.11","frp":"1.94","daynight":"N","commune":"Fos-sur-Mer","code_insee":"13039","departement":"Bouches-du-Rhône","region":"Provence-Alpes-Côte d'Azur"}},{"type":"Feature","geometry":{"type":"Point","coordinates":[4.9033,43.44631]},"properties":{"latitude":"43.44631","longitude":"4.9033","bright_ti4":"308.95","scan":"0.49","track":"0.4","acq_date":"2026-07-20","acq_time":"204","satellite":"N20","instrument":"VIIRS","confidence":"n","version":"2.0NRT","bright_ti5":"293.69","frp":"1.94","daynight":"N","commune":"Fos-sur-Mer","code_insee":"13039","departement":"Bouches-du-Rhône","region":"Provence-Alpes-Côte d'Azur"}},{"type":"Feature","geometry":{"type":"Point","coordinates":[4.89741,43.44751]},"properties":{"latitude":"43.44751","longitude":"4.89741","bright_ti4":"322.17","scan":"0.49","track":"0.4","acq_date":"2026-07-20","acq_time":"204","satellite":"N20","instrument":"VIIRS","confidence":"n","version":"2.0NRT","bright_ti5":"295.2","frp":"1.94","daynight":"N","commune":"Fos-sur-Mer","code_insee":"13039","departement":"Bouches-du-Rhône","region":"Provence-Alpes-Côte d'Azur"}},{"type":"Feature","geometry":{"type":"Point","coordinates":[2.34898,43.87229]},"properties":{"latitude":"43.87229","longitude":"2.34898","bright_ti4":"309.08","scan":"0.41","track":"0.37","acq_date":"2026-07-20","acq_time":"204","satellite":"N20","instrument":"VIIRS","confidence":"n","version":"2.0NRT","bright_ti5":"289.72","frp":"0.4","daynight":"N","commune":"Villefranche-d'Albigeois","code_insee":"81317","departement":"Tarn","region":"Occitanie"}},{"type":"Feature","geometry":{"type":"Point","coordinates":[-1.10994,44.79636]},"properties":{"latitude":"44.79636","longitude":"-1.10994","bright_ti4":"330.13","scan":"0.39","track":"0.36","acq_date":"2026-07-20","acq_time":"204","satellite":"N20","instrument":"VIIRS","confidence":"n","version":"2.0NRT","bright_ti5":"290.4","frp":"4.32","daynight":"N","commune":"Arès","code_insee":"33011","departement":"Gironde","region":"Nouvelle-Aquitaine"}},{"type":"Feature","geometry":{"type":"Point","coordinates":[-1.10899,44.79966]},"properties":{"latitude":"44.79966","longitude":"-1.10899","bright_ti4":"341.23","scan":"0.39","track":"0.36","acq_date":"2026-07-20","acq_time":"204","satellite":"N20","instrument":"VIIRS","confidence":"n","version":"2.0NRT","bright_ti5":"291.95","frp":"4.32","daynight":"N","commune":"Arès","code_insee":"33011","departement":"Gironde","region":"Nouvelle-Aquitaine"}},{"type":"Feature","geometry":{"type":"Point","coordinates":[-1.10314,44.80225]},"properties":{"latitude":"44.80225","longitude":"-1.10314","bright_ti4":"306.08","scan":"0.39","track":"0.36","acq_date":"2026-07-20","acq_time":"204","satellite":"N20","instrument":"VIIRS","confidence":"n","version":"2.0NRT","bright_ti5":"290.95","frp":"0.79","daynight":"N","commune":"Arès","code_insee":"33011","departement":"Gironde","region":"Nouvelle-Aquitaine"}},{"type":"Feature","geometry":{"type":"Point","coordinates":[-1.10804,44.80296]},"properties":{"latitude":"44.80296","longitude":"-1.10804","bright_ti4":"312.89","scan":"0.39","track":"0.36","acq_date":"2026-07-20","acq_time":"204","satellite":"N20","instrument":"VIIRS","confidence":"n","version":"2.0NRT","bright_ti5":"290.64","frp":"0.79","daynight":"N","commune":"Lège-Cap-Ferret","code_insee":"33236","departement":"Gironde","region":"Nouvelle-Aquitaine"}},{"type":"Feature","geometry":{"type":"Point","coordinates":[9.07037,42.26573]},"properties":{"latitude":"42.26573","longitude":"9.07037","bright_ti4":"333.6","scan":"0.47","track":"0.48","acq_date":"2026-07-20","acq_time":"1147","satellite":"N20","instrument":"VIIRS","confidence":"n","version":"2.0NRT","bright_ti5":"302.66","frp":"12.44","daynight":"D","commune":"Corte","code_insee":"2B096","departement":"Haute-Corse","region":"Corse"}},{"type":"Feature","geometry":{"type":"Point","coordinates":[9.06741,42.26895]},"properties":{"latitude":"42.26895","longitude":"9.06741","bright_ti4":"355.37","scan":"0.47","track":"0.48","acq_date":"2026-07-20","acq_time":"1147","satellite":"N20","instrument":"VIIRS","confidence":"n","version":"2.0NRT","bright_ti5":"308.92","frp":"24.33","daynight":"D","commune":"Corte","code_insee":"2B096","departement":"Haute-Corse","region":"Corse"}},{"type":"Feature","geometry":{"type":"Point","coordinates":[9.0658,42.26928]},"properties":{"latitude":"42.26928","longitude":"9.0658","bright_ti4":"350.92","scan":"0.47","track":"0.48","acq_date":"2026-07-20","acq_time":"1147","satellite":"N20","instrument":"VIIRS","confidence":"n","version":"2.0NRT","bright_ti5":"308.64","frp":"12.44","daynight":"D","commune":"Corte","code_insee":"2B096","departement":"Haute-Corse","region":"Corse"}},{"type":"Feature","geometry":{"type":"Point","coordinates":[9.07247,42.27013]},"properties":{"latitude":"42.27013","longitude":"9.07247","bright_ti4":"356.25","scan":"0.47","track":"0.48","acq_date":"2026-07-20","acq_time":"1147","satellite":"N20","instrument":"VIIRS","confidence":"n","version":"2.0NRT","bright_ti5":"307.56","frp":"10.84","daynight":"D","commune":"Corte","code_insee":"2B096","departement":"Haute-Corse","region":"Corse"}},{"type":"Feature","geometry":{"type":"Point","coordinates":[9.07077,42.27047]},"properties":{"latitude":"42.27047","longitude":"9.07077","bright_ti4":"354.44","scan":"0.47","track":"0.48","acq_date":"2026-07-20","acq_time":"1147","satellite":"N20","instrument":"VIIRS","confidence":"n","version":"2.0NRT","bright_ti5":"304.84","frp":"12.44","daynight":"D","commune":"Corte","code_insee":"2B096","departement":"Haute-Corse","region":"Corse"}},{"type":"Feature","geometry":{"type":"Point","coordinates":[9.07758,42.27131]},"properties":{"latitude":"42.27131","longitude":"9.07758","bright_ti4":"336.15","scan":"0.47","track":"0.48","acq_date":"2026-07-20","acq_time":"1147","satellite":"N20","instrument":"VIIRS","confidence":"n","version":"2.0NRT","bright_ti5":"296.62","frp":"10.84","daynight":"D","commune":"Corte","code_insee":"2B096","departement":"Haute-Corse","region":"Corse"}},{"type":"Feature","geometry":{"type":"Point","coordinates":[9.07579,42.27167]},"properties":{"latitude":"42.27167","longitude":"9.07579","bright_ti4":"342.71","scan":"0.47","track":"0.48","acq_date":"2026-07-20","acq_time":"1147","satellite":"N20","instrument":"VIIRS","confidence":"n","version":"2.0NRT","bright_ti5":"297.49","frp":"11.3","daynight":"D","commune":"Corte","code_insee":"2B096","departement":"Haute-Corse","region":"Corse"}},{"type":"Feature","geometry":{"type":"Point","coordinates":[3.5033,48.39479]},"properties":{"latitude":"48.39479","longitude":"3.5033","bright_ti4":"349.54","scan":"0.58","track":"0.52","acq_date":"2026-07-20","acq_time":"1147","satellite":"N20","instrument":"VIIRS","confidence":"n","version":"2.0NRT","bright_ti5":"303.38","frp":"12.97","daynight":"D","commune":"Soligny-les-Étangs","code_insee":"10370","departement":"Aube","region":"Grand Est"}},{"type":"Feature","geometry":{"type":"Point","coordinates":[5.01007,43.37699]},"properties":{"latitude":"43.37699","longitude":"5.01007","bright_ti4":"350.93","scan":"0.35","track":"0.56","acq_date":"2026-07-20","acq_time":"1149","satellite":"N20","instrument":"VIIRS","confidence":"n","version":"2.0NRT","bright_ti5":"305.5","frp":"9.98","daynight":"D","commune":"Martigues","code_insee":"13056","departement":"Bouches-du-Rhône","region":"Provence-Alpes-Côte d'Azur"}},{"type":"Feature","geometry":{"type":"Point","coordinates":[5.01423,43.37812]},"properties":{"latitude":"43.37812","longitude":"5.01423","bright_ti4":"348.86","scan":"0.35","track":"0.56","acq_date":"2026-07-20","acq_time":"1149","satellite":"N20","instrument":"VIIRS","confidence":"n","version":"2.0NRT","bright_ti5":"303.78","frp":"9.98","daynight":"D","commune":"Martigues","code_insee":"13056","departement":"Bouches-du-Rhône","region":"Provence-Alpes-Côte d'Azur"}},{"type":"Feature","geometry":{"type":"Point","coordinates":[5.00667,43.37842]},"properties":{"latitude":"43.37842","longitude":"5.00667","bright_ti4":"330.2","scan":"0.35","track":"0.56","acq_date":"2026-07-20","acq_time":"1149","satellite":"N20","instrument":"VIIRS","confidence":"n","version":"2.0NRT","bright_ti5":"302.51","frp":"7.26","daynight":"D","commune":"Martigues","code_insee":"13056","departement":"Bouches-du-Rhône","region":"Provence-Alpes-Côte d'Azur"}},{"type":"Feature","geometry":{"type":"Point","coordinates":[5.01083,43.37957]},"properties":{"latitude":"43.37957","longitude":"5.01083","bright_ti4":"367","scan":"0.35","track":"0.56","acq_date":"2026-07-20","acq_time":"1149","satellite":"N20","instrument":"VIIRS","confidence":"h","version":"2.0NRT","bright_ti5":"303.81","frp":"13.47","daynight":"D","commune":"Martigues","code_insee":"13056","departement":"Bouches-du-Rhône","region":"Provence-Alpes-Côte d'Azur"}},{"type":"Feature","geometry":{"type":"Point","coordinates":[4.88937,43.43571]},"properties":{"latitude":"43.43571","longitude":"4.88937","bright_ti4":"346.31","scan":"0.35","track":"0.57","acq_date":"2026-07-20","acq_time":"1149","satellite":"N20","instrument":"VIIRS","confidence":"n","version":"2.0NRT","bright_ti5":"307.22","frp":"9.19","daynight":"D","commune":"Fos-sur-Mer","code_insee":"13039","departement":"Bouches-du-Rhône","region":"Provence-Alpes-Côte d'Azur"}},{"type":"Feature","geometry":{"type":"Point","coordinates":[6.43586,43.45808]},"properties":{"latitude":"43.45808","longitude":"6.43586","bright_ti4":"340.44","scan":"0.59","track":"0.53","acq_date":"2026-07-20","acq_time":"1149","satellite":"N20","instrument":"VIIRS","confidence":"n","version":"2.0NRT","bright_ti5":"304.27","frp":"6.26","daynight":"D","commune":"Taradeau","code_insee":"83134","departement":"Var","region":"Provence-Alpes-Côte d'Azur"}},{"type":"Feature","geometry":{"type":"Point","coordinates":[4.78879,43.64146]},"properties":{"latitude":"43.64146","longitude":"4.78879","bright_ti4":"332.56","scan":"0.35","track":"0.57","acq_date":"2026-07-20","acq_time":"1149","satellite":"N20","instrument":"VIIRS","confidence":"n","version":"2.0NRT","bright_ti5":"302.76","frp":"1.53","daynight":"D","commune":"Saint-Martin-de-Crau","code_insee":"13097","departement":"Bouches-du-Rhône","region":"Provence-Alpes-Côte d'Azur"}},{"type":"Feature","geometry":{"type":"Point","coordinates":[6.55516,44.7554]},"properties":{"latitude":"44.7554","longitude":"6.55516","bright_ti4":"340.52","scan":"0.54","track":"0.51","acq_date":"2026-07-20","acq_time":"1149","satellite":"N20","instrument":"VIIRS","confidence":"n","version":"2.0NRT","bright_ti5":"296.82","frp":"6.38","daynight":"D","commune":"Freissinières","code_insee":"05058","departement":"Hautes-Alpes","region":"Provence-Alpes-Côte d'Azur"}},{"type":"Feature","geometry":{"type":"Point","coordinates":[6.54732,44.75838]},"properties":{"latitude":"44.75838","longitude":"6.54732","bright_ti4":"311.5","scan":"0.54","track":"0.51","acq_date":"2026-07-20","acq_time":"1149","satellite":"N20","instrument":"VIIRS","confidence":"l","version":"2.0NRT","bright_ti5":"311.83","frp":"143.27","daynight":"D","commune":"Freissinières","code_insee":"05058","departement":"Hautes-Alpes","region":"Provence-Alpes-Côte d'Azur"}},{"type":"Feature","geometry":{"type":"Point","coordinates":[6.55325,44.75987]},"properties":{"latitude":"44.75987","longitude":"6.55325","bright_ti4":"367","scan":"0.54","track":"0.51","acq_date":"2026-07-20","acq_time":"1149","satellite":"N20","instrument":"VIIRS","confidence":"l","version":"2.0NRT","bright_ti5":"336.63","frp":"143.27","daynight":"D","commune":"Freissinières","code_insee":"05058","departement":"Hautes-Alpes","region":"Provence-Alpes-Côte d'Azur"}},{"type":"Feature","geometry":{"type":"Point","coordinates":[6.55809,44.7611]},"properties":{"latitude":"44.7611","longitude":"6.55809","bright_ti4":"350.81","scan":"0.54","track":"0.51","acq_date":"2026-07-20","acq_time":"1149","satellite":"N20","instrument":"VIIRS","confidence":"n","version":"2.0NRT","bright_ti5":"306.91","frp":"96.27","daynight":"D","commune":"L'Argentière-la-Bessée","code_insee":"05006","departement":"Hautes-Alpes","region":"Provence-Alpes-Côte d'Azur"}},{"type":"Feature","geometry":{"type":"Point","coordinates":[2.28749,51.0318]},"properties":{"latitude":"51.0318","longitude":"2.28749","bright_ti4":"332.37","scan":"0.54","track":"0.51","acq_date":"2026-07-20","acq_time":"1149","satellite":"N20","instrument":"VIIRS","confidence":"n","version":"2.0NRT","bright_ti5":"301.55","frp":"6.96","daynight":"D","commune":"Grande-Synthe","code_insee":"59271","departement":"Nord","region":"Hauts-de-France"}},{"type":"Feature","geometry":{"type":"Point","coordinates":[2.29349,51.03518]},"properties":{"latitude":"51.03518","longitude":"2.29349","bright_ti4":"330.27","scan":"0.54","track":"0.51","acq_date":"2026-07-20","acq_time":"1149","satellite":"N20","instrument":"VIIRS","confidence":"n","version":"2.0NRT","bright_ti5":"297.72","frp":"8.29","daynight":"D","commune":"Grande-Synthe","code_insee":"59271","departement":"Nord","region":"Hauts-de-France"}},{"type":"Feature","geometry":{"type":"Point","coordinates":[2.29596,51.04436]},"properties":{"latitude":"51.04436","longitude":"2.29596","bright_ti4":"337.13","scan":"0.54","track":"0.51","acq_date":"2026-07-20","acq_time":"1149","satellite":"N20","instrument":"VIIRS","confidence":"n","version":"2.0NRT","bright_ti5":"297.95","frp":"2.53","daynight":"D","commune":"Grande-Synthe","code_insee":"59271","departement":"Nord","region":"Hauts-de-France"}},{"type":"Feature","geometry":{"type":"Point","coordinates":[2.29479,51.04573]},"properties":{"latitude":"51.04573","longitude":"2.29479","bright_ti4":"331.87","scan":"0.54","track":"0.51","acq_date":"2026-07-20","acq_time":"1149","satellite":"N20","instrument":"VIIRS","confidence":"n","version":"2.0NRT","bright_ti5":"295.73","frp":"6.2","daynight":"D","commune":"Grande-Synthe","code_insee":"59271","departement":"Nord","region":"Hauts-de-France"}},{"type":"Feature","geometry":{"type":"Point","coordinates":[0.08713,42.86934]},"properties":{"latitude":"42.86934","longitude":"0.08713","bright_ti4":"340.75","scan":"0.44","track":"0.46","acq_date":"2026-07-20","acq_time":"1327","satellite":"N20","instrument":"VIIRS","confidence":"n","version":"2.0NRT","bright_ti5":"306.78","frp":"6.08","daynight":"D","commune":"Barèges","code_insee":"65481","departement":"Hautes-Pyrénées","region":"Occitanie"}},{"type":"Feature","geometry":{"type":"Point","coordinates":[0.08713,42.87366]},"properties":{"latitude":"42.87366","longitude":"0.08713","bright_ti4":"338.29","scan":"0.44","track":"0.46","acq_date":"2026-07-20","acq_time":"1327","satellite":"N20","instrument":"VIIRS","confidence":"n","version":"2.0NRT","bright_ti5":"306.79","frp":"5.11","daynight":"D","commune":"Barèges","code_insee":"65481","departement":"Hautes-Pyrénées","region":"Occitanie"}},{"type":"Feature","geometry":{"type":"Point","coordinates":[4.89851,43.44184]},"properties":{"latitude":"43.44184","longitude":"4.89851","bright_ti4":"340.59","scan":"0.39","track":"0.59","acq_date":"2026-07-20","acq_time":"1327","satellite":"N20","instrument":"VIIRS","confidence":"n","version":"2.0NRT","bright_ti5":"305.98","frp":"5.7","daynight":"D","commune":"Fos-sur-Mer","code_insee":"13039","departement":"Bouches-du-Rhône","region":"Provence-Alpes-Côte d'Azur"}},{"type":"Feature","geometry":{"type":"Point","coordinates":[4.9005,43.44198]},"properties":{"latitude":"43.44198","longitude":"4.9005","bright_ti4":"340.84","scan":"0.39","track":"0.59","acq_date":"2026-07-20","acq_time":"1327","satellite":"N20","instrument":"VIIRS","confidence":"n","version":"2.0NRT","bright_ti5":"306.15","frp":"8.24","daynight":"D","commune":"Fos-sur-Mer","code_insee":"13039","departement":"Bouches-du-Rhône","region":"Provence-Alpes-Côte d'Azur"}},{"type":"Feature","geometry":{"type":"Point","coordinates":[6.55901,44.75601]},"properties":{"latitude":"44.75601","longitude":"6.55901","bright_ti4":"356.3","scan":"0.49","track":"0.65","acq_date":"2026-07-20","acq_time":"1327","satellite":"N20","instrument":"VIIRS","confidence":"n","version":"2.0NRT","bright_ti5":"297.62","frp":"9.13","daynight":"D","commune":"Freissinières","code_insee":"05058","departement":"Hautes-Alpes","region":"Provence-Alpes-Côte d'Azur"}},{"type":"Feature","geometry":{"type":"Point","coordinates":[6.57218,44.75637]},"properties":{"latitude":"44.75637","longitude":"6.57218","bright_ti4":"367","scan":"0.49","track":"0.65","acq_date":"2026-07-20","acq_time":"1327","satellite":"N20","instrument":"VIIRS","confidence":"h","version":"2.0NRT","bright_ti5":"299.3","frp":"9.13","daynight":"D","commune":"La Roche-de-Rame","code_insee":"05122","departement":"Hautes-Alpes","region":"Provence-Alpes-Côte d'Azur"}},{"type":"Feature","geometry":{"type":"Point","coordinates":[6.5597,44.75789]},"properties":{"latitude":"44.75789","longitude":"6.5597","bright_ti4":"367","scan":"0.49","track":"0.65","acq_date":"2026-07-20","acq_time":"1327","satellite":"N20","instrument":"VIIRS","confidence":"h","version":"2.0NRT","bright_ti5":"299.84","frp":"16.95","daynight":"D","commune":"Freissinières","code_insee":"05058","departement":"Hautes-Alpes","region":"Provence-Alpes-Côte d'Azur"}},{"type":"Feature","geometry":{"type":"Point","coordinates":[6.57206,44.75816]},"properties":{"latitude":"44.75816","longitude":"6.57206","bright_ti4":"367","scan":"0.49","track":"0.65","acq_date":"2026-07-20","acq_time":"1327","satellite":"N20","instrument":"VIIRS","confidence":"h","version":"2.0NRT","bright_ti5":"300.11","frp":"17.52","daynight":"D","commune":"La Roche-de-Rame","code_insee":"05122","departement":"Hautes-Alpes","region":"Provence-Alpes-Côte d'Azur"}},{"type":"Feature","geometry":{"type":"Point","coordinates":[1.34468,46.64557]},"properties":{"latitude":"46.64557","longitude":"1.34468","bright_ti4":"344.47","scan":"0.56","track":"0.51","acq_date":"2026-07-20","acq_time":"1327","satellite":"N20","instrument":"VIIRS","confidence":"n","version":"2.0NRT","bright_ti5":"309.03","frp":"12.47","daynight":"D","commune":"Chitray","code_insee":"36051","departement":"Indre","region":"Centre-Val de Loire"}},{"type":"Feature","geometry":{"type":"Point","coordinates":[2.36417,46.7023]},"properties":{"latitude":"46.7023","longitude":"2.36417","bright_ti4":"331.79","scan":"0.62","track":"0.54","acq_date":"2026-07-20","acq_time":"1327","satellite":"N20","instrument":"VIIRS","confidence":"n","version":"2.0NRT","bright_ti5":"300.54","frp":"2.21","daynight":"D","commune":"Marçais","code_insee":"18136","departement":"Cher","region":"Centre-Val de Loire"}},{"type":"Feature","geometry":{"type":"Point","coordinates":[-0.36068,46.91542]},"properties":{"latitude":"46.91542","longitude":"-0.36068","bright_ti4":"341.43","scan":"0.47","track":"0.47","acq_date":"2026-07-20","acq_time":"1327","satellite":"N20","instrument":"VIIRS","confidence":"n","version":"2.0NRT","bright_ti5":"306.03","frp":"8.74","daynight":"D","commune":"Argentonnay","code_insee":"79013","departement":"Deux-Sèvres","region":"Nouvelle-Aquitaine"}},{"type":"Feature","geometry":{"type":"Point","coordinates":[-3.09585,47.68074]},"properties":{"latitude":"47.68074","longitude":"-3.09585","bright_ti4":"344.97","scan":"0.54","track":"0.42","acq_date":"2026-07-20","acq_time":"1329","satellite":"N20","instrument":"VIIRS","confidence":"n","version":"2.0NRT","bright_ti5":"308.71","frp":"12.26","daynight":"D","commune":"Locoal-Mendon","code_insee":"56119","departement":"Morbihan","region":"Bretagne"}},{"type":"Feature","geometry":{"type":"Point","coordinates":[-3.80638,47.80252]},"properties":{"latitude":"47.80252","longitude":"-3.80638","bright_ti4":"336.25","scan":"0.51","track":"0.41","acq_date":"2026-07-20","acq_time":"1329","satellite":"N20","instrument":"VIIRS","confidence":"n","version":"2.0NRT","bright_ti5":"301.81","frp":"87.07","daynight":"D","commune":"Névez","code_insee":"29153","departement":"Finistère","region":"Bretagne"}},{"type":"Feature","geometry":{"type":"Point","coordinates":[0.88321,47.87764]},"properties":{"latitude":"47.87764","longitude":"0.88321","bright_ti4":"339.48","scan":"0.54","track":"0.51","acq_date":"2026-07-20","acq_time":"1329","satellite":"N20","instrument":"VIIRS","confidence":"n","version":"2.0NRT","bright_ti5":"303.04","frp":"8.59","daynight":"D","commune":"Savigny-sur-Braye","code_insee":"41238","departement":"Loir-et-Cher","region":"Centre-Val de Loire"}},{"type":"Feature","geometry":{"type":"Point","coordinates":[0.89064,47.87808]},"properties":{"latitude":"47.87808","longitude":"0.89064","bright_ti4":"341.18","scan":"0.54","track":"0.51","acq_date":"2026-07-20","acq_time":"1329","satellite":"N20","instrument":"VIIRS","confidence":"n","version":"2.0NRT","bright_ti5":"304.97","frp":"10.45","daynight":"D","commune":"Savigny-sur-Braye","code_insee":"41238","departement":"Loir-et-Cher","region":"Centre-Val de Loire"}},{"type":"Feature","geometry":{"type":"Point","coordinates":[0.62679,48.50179]},"properties":{"latitude":"48.50179","longitude":"0.62679","bright_ti4":"330.95","scan":"0.54","track":"0.51","acq_date":"2026-07-20","acq_time":"1329","satellite":"N20","instrument":"VIIRS","confidence":"n","version":"2.0NRT","bright_ti5":"299.66","frp":"3.14","daynight":"D","commune":"Saint-Mard-de-Réno","code_insee":"61418","departement":"Orne","region":"Normandie"}},{"type":"Feature","geometry":{"type":"Point","coordinates":[3.46998,48.6533]},"properties":{"latitude":"48.6533","longitude":"3.46998","bright_ti4":"347.06","scan":"0.36","track":"0.58","acq_date":"2026-07-20","acq_time":"1329","satellite":"N20","instrument":"VIIRS","confidence":"n","version":"2.0NRT","bright_ti5":"300.38","frp":"3.87","daynight":"D","commune":"Bouchy-Saint-Genest","code_insee":"51071","departement":"Marne","region":"Grand Est"}},{"type":"Feature","geometry":{"type":"Point","coordinates":[0.37235,48.88165]},"properties":{"latitude":"48.88165","longitude":"0.37235","bright_ti4":"337.43","scan":"0.53","track":"0.5","acq_date":"2026-07-20","acq_time":"1329","satellite":"N20","instrument":"VIIRS","confidence":"n","version":"2.0NRT","bright_ti5":"291.67","frp":"7.49","daynight":"D","commune":"La Ferté-en-Ouche","code_insee":"61167","departement":"Orne","region":"Normandie"}},{"type":"Feature","geometry":{"type":"Point","coordinates":[0.37209,48.88313]},"properties":{"latitude":"48.88313","longitude":"0.37209","bright_ti4":"338.38","scan":"0.53","track":"0.5","acq_date":"2026-07-20","acq_time":"1329","satellite":"N20","instrument":"VIIRS","confidence":"n","version":"2.0NRT","bright_ti5":"292.14","frp":"2.4","daynight":"D","commune":"La Ferté-en-Ouche","code_insee":"61167","departement":"Orne","region":"Normandie"}},{"type":"Feature","geometry":{"type":"Point","coordinates":[2.27944,51.03285]},"properties":{"latitude":"51.03285","longitude":"2.27944","bright_ti4":"345.98","scan":"0.33","track":"0.56","acq_date":"2026-07-20","acq_time":"1329","satellite":"N20","instrument":"VIIRS","confidence":"n","version":"2.0NRT","bright_ti5":"299.09","frp":"5.27","daynight":"D","commune":"Grande-Synthe","code_insee":"59271","departement":"Nord","region":"Hauts-de-France"}},{"type":"Feature","geometry":{"type":"Point","coordinates":[2.28914,51.03323]},"properties":{"latitude":"51.03323","longitude":"2.28914","bright_ti4":"339.44","scan":"0.34","track":"0.56","acq_date":"2026-07-20","acq_time":"1329","satellite":"N20","instrument":"VIIRS","confidence":"n","version":"2.0NRT","bright_ti5":"300.67","frp":"3.68","daynight":"D","commune":"Grande-Synthe","code_insee":"59271","departement":"Nord","region":"Hauts-de-France"}},{"type":"Feature","geometry":{"type":"Point","coordinates":[2.29793,51.04394]},"properties":{"latitude":"51.04394","longitude":"2.29793","bright_ti4":"349.8","scan":"0.34","track":"0.56","acq_date":"2026-07-20","acq_time":"1329","satellite":"N20","instrument":"VIIRS","confidence":"n","version":"2.0NRT","bright_ti5":"297.06","frp":"2.25","daynight":"D","commune":"Grande-Synthe","code_insee":"59271","departement":"Nord","region":"Hauts-de-France"}},{"type":"Feature","geometry":{"type":"Point","coordinates":[3.48981,50.33411]},"properties":{"latitude":"50.33411","longitude":"3.48981","bright_ti4":"298.86","scan":"0.58","track":"0.52","acq_date":"2026-07-20","acq_time":"105","satellite":"N21","instrument":"VIIRS","confidence":"n","version":"2.0NRT","bright_ti5":"282.67","frp":"1.15","daynight":"N","commune":"Trith-Saint-Léger","code_insee":"59603","departement":"Nord","region":"Hauts-de-France"}},{"type":"Feature","geometry":{"type":"Point","coordinates":[2.11066,50.6969]},"properties":{"latitude":"50.6969","longitude":"2.11066","bright_ti4":"298","scan":"0.34","track":"0.56","acq_date":"2026-07-20","acq_time":"105","satellite":"N21","instrument":"VIIRS","confidence":"n","version":"2.0NRT","bright_ti5":"284.09","frp":"0.7","daynight":"N","commune":"Lumbres","code_insee":"62534","departement":"Pas-de-Calais","region":"Hauts-de-France"}},{"type":"Feature","geometry":{"type":"Point","coordinates":[2.26857,51.01138]},"properties":{"latitude":"51.01138","longitude":"2.26857","bright_ti4":"311.44","scan":"0.34","track":"0.56","acq_date":"2026-07-20","acq_time":"105","satellite":"N21","instrument":"VIIRS","confidence":"n","version":"2.0NRT","bright_ti5":"285.28","frp":"0.92","daynight":"N","commune":"Dunkerque","code_insee":"59183","departement":"Nord","region":"Hauts-de-France"}},{"type":"Feature","geometry":{"type":"Point","coordinates":[2.27012,51.02676]},"properties":{"latitude":"51.02676","longitude":"2.27012","bright_ti4":"318.92","scan":"0.34","track":"0.56","acq_date":"2026-07-20","acq_time":"105","satellite":"N21","instrument":"VIIRS","confidence":"n","version":"2.0NRT","bright_ti5":"286.82","frp":"3.89","daynight":"N","commune":"Grande-Synthe","code_insee":"59271","departement":"Nord","region":"Hauts-de-France"}},{"type":"Feature","geometry":{"type":"Point","coordinates":[2.28161,51.0287]},"properties":{"latitude":"51.0287","longitude":"2.28161","bright_ti4":"305.92","scan":"0.34","track":"0.56","acq_date":"2026-07-20","acq_time":"105","satellite":"N21","instrument":"VIIRS","confidence":"n","version":"2.0NRT","bright_ti5":"280.55","frp":"1.64","daynight":"N","commune":"Grande-Synthe","code_insee":"59271","departement":"Nord","region":"Hauts-de-France"}},{"type":"Feature","geometry":{"type":"Point","coordinates":[2.2768,51.02888]},"properties":{"latitude":"51.02888","longitude":"2.2768","bright_ti4":"315.31","scan":"0.34","track":"0.56","acq_date":"2026-07-20","acq_time":"105","satellite":"N21","instrument":"VIIRS","confidence":"n","version":"2.0NRT","bright_ti5":"285.47","frp":"1.64","daynight":"N","commune":"Grande-Synthe","code_insee":"59271","departement":"Nord","region":"Hauts-de-France"}},{"type":"Feature","geometry":{"type":"Point","coordinates":[2.27196,51.02907]},"properties":{"latitude":"51.02907","longitude":"2.27196","bright_ti4":"309.81","scan":"0.34","track":"0.56","acq_date":"2026-07-20","acq_time":"105","satellite":"N21","instrument":"VIIRS","confidence":"n","version":"2.0NRT","bright_ti5":"286.13","frp":"2.79","daynight":"N","commune":"Grande-Synthe","code_insee":"59271","departement":"Nord","region":"Hauts-de-France"}},{"type":"Feature","geometry":{"type":"Point","coordinates":[2.28024,51.03147]},"properties":{"latitude":"51.03147","longitude":"2.28024","bright_ti4":"326.81","scan":"0.33","track":"0.56","acq_date":"2026-07-20","acq_time":"105","satellite":"N21","instrument":"VIIRS","confidence":"n","version":"2.0NRT","bright_ti5":"284.03","frp":"2.41","daynight":"N","commune":"Grande-Synthe","code_insee":"59271","departement":"Nord","region":"Hauts-de-France"}},{"type":"Feature","geometry":{"type":"Point","coordinates":[9.06911,42.26863]},"properties":{"latitude":"42.26863","longitude":"9.06911","bright_ti4":"318.98","scan":"0.43","track":"0.38","acq_date":"2026-07-20","acq_time":"107","satellite":"N21","instrument":"VIIRS","confidence":"n","version":"2.0NRT","bright_ti5":"293.65","frp":"11.82","daynight":"N","commune":"Corte","code_insee":"2B096","departement":"Haute-Corse","region":"Corse"}},{"type":"Feature","geometry":{"type":"Point","coordinates":[9.06448,42.26922]},"properties":{"latitude":"42.26922","longitude":"9.06448","bright_ti4":"303.98","scan":"0.43","track":"0.38","acq_date":"2026-07-20","acq_time":"107","satellite":"N21","instrument":"VIIRS","confidence":"n","version":"2.0NRT","bright_ti5":"291.79","frp":"14.69","daynight":"N","commune":"Corte","code_insee":"2B096","departement":"Haute-Corse","region":"Corse"}},{"type":"Feature","geometry":{"type":"Point","coordinates":[9.07503,42.2714]},"properties":{"latitude":"42.2714","longitude":"9.07503","bright_ti4":"311.9","scan":"0.43","track":"0.38","acq_date":"2026-07-20","acq_time":"107","satellite":"N21","instrument":"VIIRS","confidence":"n","version":"2.0NRT","bright_ti5":"294.12","frp":"11.82","daynight":"N","commune":"Corte","code_insee":"2B096","departement":"Haute-Corse","region":"Corse"}},{"type":"Feature","geometry":{"type":"Point","coordinates":[9.07022,42.27202]},"properties":{"latitude":"42.27202","longitude":"9.07022","bright_ti4":"346.2","scan":"0.43","track":"0.38","acq_date":"2026-07-20","acq_time":"107","satellite":"N21","instrument":"VIIRS","confidence":"n","version":"2.0NRT","bright_ti5":"303.01","frp":"11.82","daynight":"N","commune":"Corte","code_insee":"2B096","departement":"Haute-Corse","region":"Corse"}},{"type":"Feature","geometry":{"type":"Point","coordinates":[9.06538,42.27264]},"properties":{"latitude":"42.27264","longitude":"9.06538","bright_ti4":"330.42","scan":"0.43","track":"0.38","acq_date":"2026-07-20","acq_time":"107","satellite":"N21","instrument":"VIIRS","confidence":"n","version":"2.0NRT","bright_ti5":"302.82","frp":"14.69","daynight":"N","commune":"Corte","code_insee":"2B096","departement":"Haute-Corse","region":"Corse"}},{"type":"Feature","geometry":{"type":"Point","coordinates":[9.09554,42.27584]},"properties":{"latitude":"42.27584","longitude":"9.09554","bright_ti4":"310.78","scan":"0.42","track":"0.38","acq_date":"2026-07-20","acq_time":"107","satellite":"N21","instrument":"VIIRS","confidence":"n","version":"2.0NRT","bright_ti5":"293.86","frp":"1.49","daynight":"N","commune":"Corte","code_insee":"2B096","departement":"Haute-Corse","region":"Corse"}},{"type":"Feature","geometry":{"type":"Point","coordinates":[9.09659,42.27924]},"properties":{"latitude":"42.27924","longitude":"9.09659","bright_ti4":"318.47","scan":"0.42","track":"0.38","acq_date":"2026-07-20","acq_time":"107","satellite":"N21","instrument":"VIIRS","confidence":"n","version":"2.0NRT","bright_ti5":"294.87","frp":"1.98","daynight":"N","commune":"Corte","code_insee":"2B096","departement":"Haute-Corse","region":"Corse"}},{"type":"Feature","geometry":{"type":"Point","coordinates":[9.08876,42.28731]},"properties":{"latitude":"42.28731","longitude":"9.08876","bright_ti4":"316.82","scan":"0.42","track":"0.38","acq_date":"2026-07-20","acq_time":"107","satellite":"N21","instrument":"VIIRS","confidence":"n","version":"2.0NRT","bright_ti5":"294.23","frp":"2.15","daynight":"N","commune":"Corte","code_insee":"2B096","departement":"Haute-Corse","region":"Corse"}},{"type":"Feature","geometry":{"type":"Point","coordinates":[4.88858,43.43171]},"properties":{"latitude":"43.43171","longitude":"4.88858","bright_ti4":"339.71","scan":"0.43","track":"0.46","acq_date":"2026-07-20","acq_time":"107","satellite":"N21","instrument":"VIIRS","confidence":"n","version":"2.0NRT","bright_ti5":"295.69","frp":"3.29","daynight":"N","commune":"Fos-sur-Mer","code_insee":"13039","departement":"Bouches-du-Rhône","region":"Provence-Alpes-Côte d'Azur"}},{"type":"Feature","geometry":{"type":"Point","coordinates":[4.89454,43.43541]},"properties":{"latitude":"43.43541","longitude":"4.89454","bright_ti4":"308.96","scan":"0.43","track":"0.46","acq_date":"2026-07-20","acq_time":"107","satellite":"N21","instrument":"VIIRS","confidence":"n","version":"2.0NRT","bright_ti5":"294.04","frp":"3.29","daynight":"N","commune":"Fos-sur-Mer","code_insee":"13039","departement":"Bouches-du-Rhône","region":"Provence-Alpes-Côte d'Azur"}},{"type":"Feature","geometry":{"type":"Point","coordinates":[4.88925,43.43589]},"properties":{"latitude":"43.43589","longitude":"4.88925","bright_ti4":"321.26","scan":"0.43","track":"0.46","acq_date":"2026-07-20","acq_time":"107","satellite":"N21","instrument":"VIIRS","confidence":"n","version":"2.0NRT","bright_ti5":"294.97","frp":"3.29","daynight":"N","commune":"Fos-sur-Mer","code_insee":"13039","departement":"Bouches-du-Rhône","region":"Provence-Alpes-Côte d'Azur"}},{"type":"Feature","geometry":{"type":"Point","coordinates":[4.89127,43.43671]},"properties":{"latitude":"43.43671","longitude":"4.89127","bright_ti4":"307.96","scan":"0.43","track":"0.46","acq_date":"2026-07-20","acq_time":"107","satellite":"N21","instrument":"VIIRS","confidence":"n","version":"2.0NRT","bright_ti5":"294.13","frp":"4.8","daynight":"N","commune":"Fos-sur-Mer","code_insee":"13039","departement":"Bouches-du-Rhône","region":"Provence-Alpes-Côte d'Azur"}},{"type":"Feature","geometry":{"type":"Point","coordinates":[4.8807,43.43761]},"properties":{"latitude":"43.43761","longitude":"4.8807","bright_ti4":"305.9","scan":"0.43","track":"0.46","acq_date":"2026-07-20","acq_time":"107","satellite":"N21","instrument":"VIIRS","confidence":"n","version":"2.0NRT","bright_ti5":"294.04","frp":"11.21","daynight":"N","commune":"Fos-sur-Mer","code_insee":"13039","departement":"Bouches-du-Rhône","region":"Provence-Alpes-Côte d'Azur"}},{"type":"Feature","geometry":{"type":"Point","coordinates":[4.88993,43.44008]},"properties":{"latitude":"43.44008","longitude":"4.88993","bright_ti4":"305.69","scan":"0.43","track":"0.46","acq_date":"2026-07-20","acq_time":"107","satellite":"N21","instrument":"VIIRS","confidence":"n","version":"2.0NRT","bright_ti5":"294.12","frp":"2.64","daynight":"N","commune":"Fos-sur-Mer","code_insee":"13039","departement":"Bouches-du-Rhône","region":"Provence-Alpes-Côte d'Azur"}},{"type":"Feature","geometry":{"type":"Point","coordinates":[4.87936,43.44104]},"properties":{"latitude":"43.44104","longitude":"4.87936","bright_ti4":"350.26","scan":"0.43","track":"0.46","acq_date":"2026-07-20","acq_time":"107","satellite":"N21","instrument":"VIIRS","confidence":"n","version":"2.0NRT","bright_ti5":"293.35","frp":"14.8","daynight":"N","commune":"Fos-sur-Mer","code_insee":"13039","departement":"Bouches-du-Rhône","region":"Provence-Alpes-Côte d'Azur"}},{"type":"Feature","geometry":{"type":"Point","coordinates":[4.88137,43.44179]},"properties":{"latitude":"43.44179","longitude":"4.88137","bright_ti4":"328.81","scan":"0.43","track":"0.46","acq_date":"2026-07-20","acq_time":"107","satellite":"N21","instrument":"VIIRS","confidence":"n","version":"2.0NRT","bright_ti5":"298.01","frp":"11.21","daynight":"N","commune":"Fos-sur-Mer","code_insee":"13039","departement":"Bouches-du-Rhône","region":"Provence-Alpes-Côte d'Azur"}},{"type":"Feature","geometry":{"type":"Point","coordinates":[4.87608,43.44225]},"properties":{"latitude":"43.44225","longitude":"4.87608","bright_ti4":"303.47","scan":"0.43","track":"0.46","acq_date":"2026-07-20","acq_time":"107","satellite":"N21","instrument":"VIIRS","confidence":"n","version":"2.0NRT","bright_ti5":"290.65","frp":"11.21","daynight":"N","commune":"Fos-sur-Mer","code_insee":"13039","departement":"Bouches-du-Rhône","region":"Provence-Alpes-Côte d'Azur"}},{"type":"Feature","geometry":{"type":"Point","coordinates":[4.90114,43.44331]},"properties":{"latitude":"43.44331","longitude":"4.90114","bright_ti4":"324.87","scan":"0.43","track":"0.46","acq_date":"2026-07-20","acq_time":"107","satellite":"N21","instrument":"VIIRS","confidence":"n","version":"2.0NRT","bright_ti5":"294.37","frp":"3.29","daynight":"N","commune":"Fos-sur-Mer","code_insee":"13039","departement":"Bouches-du-Rhône","region":"Provence-Alpes-Côte d'Azur"}},{"type":"Feature","geometry":{"type":"Point","coordinates":[4.89589,43.44378]},"properties":{"latitude":"43.44378","longitude":"4.89589","bright_ti4":"327.89","scan":"0.43","track":"0.46","acq_date":"2026-07-20","acq_time":"107","satellite":"N21","instrument":"VIIRS","confidence":"n","version":"2.0NRT","bright_ti5":"294.77","frp":"2.64","daynight":"N","commune":"Fos-sur-Mer","code_insee":"13039","departement":"Bouches-du-Rhône","region":"Provence-Alpes-Côte d'Azur"}},{"type":"Feature","geometry":{"type":"Point","coordinates":[4.89792,43.44463]},"properties":{"latitude":"43.44463","longitude":"4.89792","bright_ti4":"340.27","scan":"0.43","track":"0.46","acq_date":"2026-07-20","acq_time":"107","satellite":"N21","instrument":"VIIRS","confidence":"n","version":"2.0NRT","bright_ti5":"295.99","frp":"4.28","daynight":"N","commune":"Fos-sur-Mer","code_insee":"13039","departement":"Bouches-du-Rhône","region":"Provence-Alpes-Côte d'Azur"}},{"type":"Feature","geometry":{"type":"Point","coordinates":[4.88004,43.44522]},"properties":{"latitude":"43.44522","longitude":"4.88004","bright_ti4":"344.95","scan":"0.43","track":"0.46","acq_date":"2026-07-20","acq_time":"107","satellite":"N21","instrument":"VIIRS","confidence":"n","version":"2.0NRT","bright_ti5":"291.88","frp":"14.8","daynight":"N","commune":"Fos-sur-Mer","code_insee":"13039","departement":"Bouches-du-Rhône","region":"Provence-Alpes-Côte d'Azur"}},{"type":"Feature","geometry":{"type":"Point","coordinates":[4.89859,43.44881]},"properties":{"latitude":"43.44881","longitude":"4.89859","bright_ti4":"325.83","scan":"0.43","track":"0.46","acq_date":"2026-07-20","acq_time":"107","satellite":"N21","instrument":"VIIRS","confidence":"n","version":"2.0NRT","bright_ti5":"293.41","frp":"4.28","daynight":"N","commune":"Fos-sur-Mer","code_insee":"13039","departement":"Bouches-du-Rhône","region":"Provence-Alpes-Côte d'Azur"}},{"type":"Feature","geometry":{"type":"Point","coordinates":[4.74391,43.79957]},"properties":{"latitude":"43.79957","longitude":"4.74391","bright_ti4":"303.68","scan":"0.44","track":"0.46","acq_date":"2026-07-20","acq_time":"107","satellite":"N21","instrument":"VIIRS","confidence":"n","version":"2.0NRT","bright_ti5":"291.23","frp":"0.4","daynight":"N","commune":"Saint-Étienne-du-Grès","code_insee":"13094","departement":"Bouches-du-Rhône","region":"Provence-Alpes-Côte d'Azur"}},{"type":"Feature","geometry":{"type":"Point","coordinates":[-1.10839,44.79877]},"properties":{"latitude":"44.79877","longitude":"-1.10839","bright_ti4":"318.23","scan":"0.44","track":"0.62","acq_date":"2026-07-20","acq_time":"107","satellite":"N21","instrument":"VIIRS","confidence":"n","version":"2.0NRT","bright_ti5":"290","frp":"2.82","daynight":"N","commune":"Arès","code_insee":"33011","departement":"Gironde","region":"Nouvelle-Aquitaine"}},{"type":"Feature","geometry":{"type":"Point","coordinates":[5.66859,45.22971]},"properties":{"latitude":"45.22971","longitude":"5.66859","bright_ti4":"306.76","scan":"0.41","track":"0.45","acq_date":"2026-07-20","acq_time":"107","satellite":"N21","instrument":"VIIRS","confidence":"n","version":"2.0NRT","bright_ti5":"291.14","frp":"0.78","daynight":"N","commune":"Saint-Égrève","code_insee":"38382","departement":"Isère","region":"Auvergne-Rhône-Alpes"}},{"type":"Feature","geometry":{"type":"Point","coordinates":[5.82187,45.91278]},"properties":{"latitude":"45.91278","longitude":"5.82187","bright_ti4":"303.62","scan":"0.41","track":"0.45","acq_date":"2026-07-20","acq_time":"107","satellite":"N21","instrument":"VIIRS","confidence":"n","version":"2.0NRT","bright_ti5":"290.79","frp":"0.85","daynight":"N","commune":"Anglefort","code_insee":"01010","departement":"Ain","region":"Auvergne-Rhône-Alpes"}},{"type":"Feature","geometry":{"type":"Point","coordinates":[0.12772,46.8335]},"properties":{"latitude":"46.8335","longitude":"0.12772","bright_ti4":"295.79","scan":"0.39","track":"0.6","acq_date":"2026-07-20","acq_time":"107","satellite":"N21","instrument":"VIIRS","confidence":"n","version":"2.0NRT","bright_ti5":"285.78","frp":"0.22","daynight":"N","commune":"Saint-Jean-de-Sauves","code_insee":"86225","departement":"Vienne","region":"Nouvelle-Aquitaine"}},{"type":"Feature","geometry":{"type":"Point","coordinates":[6.96585,48.69004]},"properties":{"latitude":"48.69004","longitude":"6.96585","bright_ti4":"302.27","scan":"0.4","track":"0.44","acq_date":"2026-07-20","acq_time":"107","satellite":"N21","instrument":"VIIRS","confidence":"n","version":"2.0NRT","bright_ti5":"285.33","frp":"1.3","daynight":"N","commune":"Héming","code_insee":"57314","departement":"Moselle","region":"Grand Est"}},{"type":"Feature","geometry":{"type":"Point","coordinates":[6.05511,48.8834]},"properties":{"latitude":"48.8834","longitude":"6.05511","bright_ti4":"330.49","scan":"0.43","track":"0.46","acq_date":"2026-07-20","acq_time":"107","satellite":"N21","instrument":"VIIRS","confidence":"n","version":"2.0NRT","bright_ti5":"285.83","frp":"3.83","daynight":"N","commune":"Blénod-lès-Pont-à-Mousson","code_insee":"54079","departement":"Meurthe-et-Moselle","region":"Grand Est"}},{"type":"Feature","geometry":{"type":"Point","coordinates":[-0.25565,49.10196]},"properties":{"latitude":"49.10196","longitude":"-0.25565","bright_ti4":"296.88","scan":"0.42","track":"0.61","acq_date":"2026-07-20","acq_time":"107","satellite":"N21","instrument":"VIIRS","confidence":"n","version":"2.0NRT","bright_ti5":"281.19","frp":"0.66","daynight":"N","commune":"Bellengreville","code_insee":"14057","departement":"Calvados","region":"Normandie"}},{"type":"Feature","geometry":{"type":"Point","coordinates":[6.222,49.118]},"properties":{"latitude":"49.118","longitude":"6.222","bright_ti4":"298.57","scan":"0.43","track":"0.46","acq_date":"2026-07-20","acq_time":"107","satellite":"N21","instrument":"VIIRS","confidence":"n","version":"2.0NRT","bright_ti5":"284.37","frp":"0.7","daynight":"N","commune":"Metz","code_insee":"57463","departement":"Moselle","region":"Grand Est"}},{"type":"Feature","geometry":{"type":"Point","coordinates":[6.09809,49.32396]},"properties":{"latitude":"49.32396","longitude":"6.09809","bright_ti4":"300.18","scan":"0.44","track":"0.46","acq_date":"2026-07-20","acq_time":"107","satellite":"N21","instrument":"VIIRS","confidence":"n","version":"2.0NRT","bright_ti5":"285.06","frp":"1.01","daynight":"N","commune":"Serémange-Erzange","code_insee":"57647","departement":"Moselle","region":"Grand Est"}},{"type":"Feature","geometry":{"type":"Point","coordinates":[6.09772,49.3244]},"properties":{"latitude":"49.3244","longitude":"6.09772","bright_ti4":"297.18","scan":"0.44","track":"0.46","acq_date":"2026-07-20","acq_time":"107","satellite":"N21","instrument":"VIIRS","confidence":"n","version":"2.0NRT","bright_ti5":"285.07","frp":"0.92","daynight":"N","commune":"Serémange-Erzange","code_insee":"57647","departement":"Moselle","region":"Grand Est"}},{"type":"Feature","geometry":{"type":"Point","coordinates":[0.55293,49.47586]},"properties":{"latitude":"49.47586","longitude":"0.55293","bright_ti4":"297.18","scan":"0.39","track":"0.59","acq_date":"2026-07-20","acq_time":"107","satellite":"N21","instrument":"VIIRS","confidence":"n","version":"2.0NRT","bright_ti5":"287.15","frp":"1.35","daynight":"N","commune":"Port-Jérôme-sur-Seine","code_insee":"76476","departement":"Seine-Maritime","region":"Normandie"}},{"type":"Feature","geometry":{"type":"Point","coordinates":[1.61086,49.92752]},"properties":{"latitude":"49.92752","longitude":"1.61086","bright_ti4":"328.85","scan":"0.35","track":"0.57","acq_date":"2026-07-20","acq_time":"107","satellite":"N21","instrument":"VIIRS","confidence":"n","version":"2.0NRT","bright_ti5":"281.45","frp":"2.75","daynight":"N","commune":"Blangy-sur-Bresle","code_insee":"76101","departement":"Seine-Maritime","region":"Normandie"}},{"type":"Feature","geometry":{"type":"Point","coordinates":[1.60589,49.9277]},"properties":{"latitude":"49.9277","longitude":"1.60589","bright_ti4":"312.83","scan":"0.35","track":"0.57","acq_date":"2026-07-20","acq_time":"107","satellite":"N21","instrument":"VIIRS","confidence":"n","version":"2.0NRT","bright_ti5":"280.33","frp":"2.75","daynight":"N","commune":"Blangy-sur-Bresle","code_insee":"76101","departement":"Seine-Maritime","region":"Normandie"}},{"type":"Feature","geometry":{"type":"Point","coordinates":[8.69875,41.96889]},"properties":{"latitude":"41.96889","longitude":"8.69875","bright_ti4":"321.12","scan":"0.43","track":"0.38","acq_date":"2026-07-20","acq_time":"109","satellite":"N21","instrument":"VIIRS","confidence":"n","version":"2.0NRT","bright_ti5":"295.07","frp":"2.72","daynight":"N","commune":"Alata","code_insee":"2A006","departement":"Corse-du-Sud","region":"Corse"}},{"type":"Feature","geometry":{"type":"Point","coordinates":[6.9671,48.69138]},"properties":{"latitude":"48.69138","longitude":"6.9671","bright_ti4":"295.32","scan":"0.51","track":"0.66","acq_date":"2026-07-20","acq_time":"247","satellite":"N21","instrument":"VIIRS","confidence":"n","version":"2.0NRT","bright_ti5":"281.8","frp":"0.88","daynight":"N","commune":"Héming","code_insee":"57314","departement":"Moselle","region":"Grand Est"}},{"type":"Feature","geometry":{"type":"Point","coordinates":[0.53259,49.47512]},"properties":{"latitude":"49.47512","longitude":"0.53259","bright_ti4":"299.23","scan":"0.52","track":"0.5","acq_date":"2026-07-20","acq_time":"247","satellite":"N21","instrument":"VIIRS","confidence":"n","version":"2.0NRT","bright_ti5":"286.6","frp":"1.99","daynight":"N","commune":"Lillebonne","code_insee":"76384","departement":"Seine-Maritime","region":"Normandie"}},{"type":"Feature","geometry":{"type":"Point","coordinates":[3.49108,50.33531]},"properties":{"latitude":"50.33531","longitude":"3.49108","bright_ti4":"296.65","scan":"0.32","track":"0.55","acq_date":"2026-07-20","acq_time":"247","satellite":"N21","instrument":"VIIRS","confidence":"n","version":"2.0NRT","bright_ti5":"282.19","frp":"0.67","daynight":"N","commune":"Trith-Saint-Léger","code_insee":"59603","departement":"Nord","region":"Hauts-de-France"}},{"type":"Feature","geometry":{"type":"Point","coordinates":[4.8974,43.42997]},"properties":{"latitude":"43.42997","longitude":"4.8974","bright_ti4":"303.11","scan":"0.62","track":"0.72","acq_date":"2026-07-20","acq_time":"249","satellite":"N21","instrument":"VIIRS","confidence":"n","version":"2.0NRT","bright_ti5":"291.03","frp":"2.6","daynight":"N","commune":"Fos-sur-Mer","code_insee":"13039","departement":"Bouches-du-Rhône","region":"Provence-Alpes-Côte d'Azur"}},{"type":"Feature","geometry":{"type":"Point","coordinates":[4.89035,43.4323]},"properties":{"latitude":"43.4323","longitude":"4.89035","bright_ti4":"310.15","scan":"0.62","track":"0.72","acq_date":"2026-07-20","acq_time":"249","satellite":"N21","instrument":"VIIRS","confidence":"n","version":"2.0NRT","bright_ti5":"291.58","frp":"2.6","daynight":"N","commune":"Fos-sur-Mer","code_insee":"13039","departement":"Bouches-du-Rhône","region":"Provence-Alpes-Côte d'Azur"}},{"type":"Feature","geometry":{"type":"Point","coordinates":[4.88338,43.4346]},"properties":{"latitude":"43.4346","longitude":"4.88338","bright_ti4":"315.24","scan":"0.62","track":"0.72","acq_date":"2026-07-20","acq_time":"249","satellite":"N21","instrument":"VIIRS","confidence":"n","version":"2.0NRT","bright_ti5":"291.3","frp":"4.57","daynight":"N","commune":"Fos-sur-Mer","code_insee":"13039","departement":"Bouches-du-Rhône","region":"Provence-Alpes-Côte d'Azur"}},{"type":"Feature","geometry":{"type":"Point","coordinates":[4.88027,43.44286]},"properties":{"latitude":"43.44286","longitude":"4.88027","bright_ti4":"348.61","scan":"0.62","track":"0.71","acq_date":"2026-07-20","acq_time":"249","satellite":"N21","instrument":"VIIRS","confidence":"n","version":"2.0NRT","bright_ti5":"291.97","frp":"14.26","daynight":"N","commune":"Fos-sur-Mer","code_insee":"13039","departement":"Bouches-du-Rhône","region":"Provence-Alpes-Côte d'Azur"}},{"type":"Feature","geometry":{"type":"Point","coordinates":[4.89802,43.44423]},"properties":{"latitude":"43.44423","longitude":"4.89802","bright_ti4":"322.93","scan":"0.62","track":"0.72","acq_date":"2026-07-20","acq_time":"249","satellite":"N21","instrument":"VIIRS","confidence":"n","version":"2.0NRT","bright_ti5":"291.45","frp":"5.28","daynight":"N","commune":"Fos-sur-Mer","code_insee":"13039","departement":"Bouches-du-Rhône","region":"Provence-Alpes-Côte d'Azur"}},{"type":"Feature","geometry":{"type":"Point","coordinates":[9.06493,42.27003]},"properties":{"latitude":"42.27003","longitude":"9.06493","bright_ti4":"342.21","scan":"0.45","track":"0.39","acq_date":"2026-07-20","acq_time":"1232","satellite":"N21","instrument":"VIIRS","confidence":"n","version":"2.0NRT","bright_ti5":"309.69","frp":"10.6","daynight":"D","commune":"Corte","code_insee":"2B096","departement":"Haute-Corse","region":"Corse"}},{"type":"Feature","geometry":{"type":"Point","coordinates":[9.07073,42.27073]},"properties":{"latitude":"42.27073","longitude":"9.07073","bright_ti4":"348.38","scan":"0.45","track":"0.39","acq_date":"2026-07-20","acq_time":"1232","satellite":"N21","instrument":"VIIRS","confidence":"n","version":"2.0NRT","bright_ti5":"307.33","frp":"10.6","daynight":"D","commune":"Corte","code_insee":"2B096","departement":"Haute-Corse","region":"Corse"}},{"type":"Feature","geometry":{"type":"Point","coordinates":[0.0905,42.87338]},"properties":{"latitude":"42.87338","longitude":"0.0905","bright_ti4":"335.81","scan":"0.49","track":"0.4","acq_date":"2026-07-20","acq_time":"1234","satellite":"N21","instrument":"VIIRS","confidence":"l","version":"2.0NRT","bright_ti5":"309.57","frp":"4.25","daynight":"D","commune":"Barèges","code_insee":"65481","departement":"Hautes-Pyrénées","region":"Occitanie"}},{"type":"Feature","geometry":{"type":"Point","coordinates":[4.88351,43.44342]},"properties":{"latitude":"43.44342","longitude":"4.88351","bright_ti4":"339.03","scan":"0.38","track":"0.36","acq_date":"2026-07-20","acq_time":"1234","satellite":"N21","instrument":"VIIRS","confidence":"l","version":"2.0NRT","bright_ti5":"313.84","frp":"7.14","daynight":"D","commune":"Fos-sur-Mer","code_insee":"13039","departement":"Bouches-du-Rhône","region":"Provence-Alpes-Côte d'Azur"}},{"type":"Feature","geometry":{"type":"Point","coordinates":[4.89753,43.44557]},"properties":{"latitude":"43.44557","longitude":"4.89753","bright_ti4":"340.5","scan":"0.38","track":"0.36","acq_date":"2026-07-20","acq_time":"1234","satellite":"N21","instrument":"VIIRS","confidence":"l","version":"2.0NRT","bright_ti5":"315.28","frp":"11.13","daynight":"D","commune":"Fos-sur-Mer","code_insee":"13039","departement":"Bouches-du-Rhône","region":"Provence-Alpes-Côte d'Azur"}},{"type":"Feature","geometry":{"type":"Point","coordinates":[6.43921,43.4559]},"properties":{"latitude":"43.4559","longitude":"6.43921","bright_ti4":"344.01","scan":"0.39","track":"0.37","acq_date":"2026-07-20","acq_time":"1234","satellite":"N21","instrument":"VIIRS","confidence":"l","version":"2.0NRT","bright_ti5":"317.66","frp":"14.97","daynight":"D","commune":"Taradeau","code_insee":"83134","departement":"Var","region":"Provence-Alpes-Côte d'Azur"}},{"type":"Feature","geometry":{"type":"Point","coordinates":[6.43827,43.45919]},"properties":{"latitude":"43.45919","longitude":"6.43827","bright_ti4":"346.29","scan":"0.39","track":"0.37","acq_date":"2026-07-20","acq_time":"1234","satellite":"N21","instrument":"VIIRS","confidence":"n","version":"2.0NRT","bright_ti5":"312.36","frp":"11.76","daynight":"D","commune":"Taradeau","code_insee":"83134","departement":"Var","region":"Provence-Alpes-Côte d'Azur"}},{"type":"Feature","geometry":{"type":"Point","coordinates":[6.55225,44.75749]},"properties":{"latitude":"44.75749","longitude":"6.55225","bright_ti4":"337.05","scan":"0.4","track":"0.37","acq_date":"2026-07-20","acq_time":"1234","satellite":"N21","instrument":"VIIRS","confidence":"n","version":"2.0NRT","bright_ti5":"303.7","frp":"42.94","daynight":"D","commune":"Freissinières","code_insee":"05058","departement":"Hautes-Alpes","region":"Provence-Alpes-Côte d'Azur"}},{"type":"Feature","geometry":{"type":"Point","coordinates":[6.5512,44.76081]},"properties":{"latitude":"44.76081","longitude":"6.5512","bright_ti4":"367","scan":"0.4","track":"0.37","acq_date":"2026-07-20","acq_time":"1234","satellite":"N21","instrument":"VIIRS","confidence":"h","version":"2.0NRT","bright_ti5":"343.41","frp":"78.14","daynight":"D","commune":"Freissinières","code_insee":"05058","departement":"Hautes-Alpes","region":"Provence-Alpes-Côte d'Azur"}},{"type":"Feature","geometry":{"type":"Point","coordinates":[6.55027,44.76414]},"properties":{"latitude":"44.76414","longitude":"6.55027","bright_ti4":"338.82","scan":"0.4","track":"0.37","acq_date":"2026-07-20","acq_time":"1234","satellite":"N21","instrument":"VIIRS","confidence":"n","version":"2.0NRT","bright_ti5":"307.35","frp":"78.14","daynight":"D","commune":"L'Argentière-la-Bessée","code_insee":"05006","departement":"Hautes-Alpes","region":"Provence-Alpes-Côte d'Azur"}},{"type":"Feature","geometry":{"type":"Point","coordinates":[-0.87224,45.89146]},"properties":{"latitude":"45.89146","longitude":"-0.87224","bright_ti4":"332.64","scan":"0.47","track":"0.4","acq_date":"2026-07-20","acq_time":"1234","satellite":"N21","instrument":"VIIRS","confidence":"l","version":"2.0NRT","bright_ti5":"307.3","frp":"3.57","daynight":"D","commune":"La Vallée","code_insee":"17455","departement":"Charente-Maritime","region":"Nouvelle-Aquitaine"}},{"type":"Feature","geometry":{"type":"Point","coordinates":[4.02166,46.59177]},"properties":{"latitude":"46.59177","longitude":"4.02166","bright_ti4":"338.35","scan":"0.38","track":"0.36","acq_date":"2026-07-20","acq_time":"1234","satellite":"N21","instrument":"VIIRS","confidence":"n","version":"2.0NRT","bright_ti5":"311.17","frp":"3.1","daynight":"D","commune":"Gueugnon","code_insee":"71230","departement":"Saône-et-Loire","region":"Bourgogne-Franche-Comté"}},{"type":"Feature","geometry":{"type":"Point","coordinates":[3.11354,46.81575]},"properties":{"latitude":"46.81575","longitude":"3.11354","bright_ti4":"337.25","scan":"0.38","track":"0.36","acq_date":"2026-07-20","acq_time":"1234","satellite":"N21","instrument":"VIIRS","confidence":"l","version":"2.0NRT","bright_ti5":"310.56","frp":"1.85","daynight":"D","commune":"Langeron","code_insee":"58138","departement":"Nièvre","region":"Bourgogne-Franche-Comté"}},{"type":"Feature","geometry":{"type":"Point","coordinates":[-2.70597,47.75723]},"properties":{"latitude":"47.75723","longitude":"-2.70597","bright_ti4":"335.67","scan":"0.5","track":"0.41","acq_date":"2026-07-20","acq_time":"1234","satellite":"N21","instrument":"VIIRS","confidence":"n","version":"2.0NRT","bright_ti5":"304.15","frp":"21.18","daynight":"D","commune":"Plaudren","code_insee":"56157","departement":"Morbihan","region":"Bretagne"}},{"type":"Feature","geometry":{"type":"Point","coordinates":[1.93367,47.78793]},"properties":{"latitude":"47.78793","longitude":"1.93367","bright_ti4":"335.26","scan":"0.39","track":"0.36","acq_date":"2026-07-20","acq_time":"1234","satellite":"N21","instrument":"VIIRS","confidence":"n","version":"2.0NRT","bright_ti5":"304.04","frp":"3.47","daynight":"D","commune":"Saint-Cyr-en-Val","code_insee":"45272","departement":"Loiret","region":"Centre-Val de Loire"}},{"type":"Feature","geometry":{"type":"Point","coordinates":[1.9274,47.79034]},"properties":{"latitude":"47.79034","longitude":"1.9274","bright_ti4":"336.02","scan":"0.39","track":"0.36","acq_date":"2026-07-20","acq_time":"1234","satellite":"N21","instrument":"VIIRS","confidence":"n","version":"2.0NRT","bright_ti5":"302.5","frp":"3.47","daynight":"D","commune":"Saint-Cyr-en-Val","code_insee":"45272","departement":"Loiret","region":"Centre-Val de Loire"}},{"type":"Feature","geometry":{"type":"Point","coordinates":[1.93249,47.79118]},"properties":{"latitude":"47.79118","longitude":"1.93249","bright_ti4":"338.99","scan":"0.39","track":"0.36","acq_date":"2026-07-20","acq_time":"1234","satellite":"N21","instrument":"VIIRS","confidence":"n","version":"2.0NRT","bright_ti5":"305.02","frp":"3.47","daynight":"D","commune":"Saint-Cyr-en-Val","code_insee":"45272","departement":"Loiret","region":"Centre-Val de Loire"}},{"type":"Feature","geometry":{"type":"Point","coordinates":[1.9313,47.79444]},"properties":{"latitude":"47.79444","longitude":"1.9313","bright_ti4":"337.47","scan":"0.39","track":"0.36","acq_date":"2026-07-20","acq_time":"1234","satellite":"N21","instrument":"VIIRS","confidence":"n","version":"2.0NRT","bright_ti5":"303.46","frp":"4.73","daynight":"D","commune":"Saint-Cyr-en-Val","code_insee":"45272","departement":"Loiret","region":"Centre-Val de Loire"}},{"type":"Feature","geometry":{"type":"Point","coordinates":[3.64362,47.79917]},"properties":{"latitude":"47.79917","longitude":"3.64362","bright_ti4":"339.79","scan":"0.38","track":"0.36","acq_date":"2026-07-20","acq_time":"1234","satellite":"N21","instrument":"VIIRS","confidence":"n","version":"2.0NRT","bright_ti5":"304.39","frp":"1.89","daynight":"D","commune":"Venoy","code_insee":"89438","departement":"Yonne","region":"Bourgogne-Franche-Comté"}},{"type":"Feature","geometry":{"type":"Point","coordinates":[1.95081,47.81489]},"properties":{"latitude":"47.81489","longitude":"1.95081","bright_ti4":"335.1","scan":"0.39","track":"0.36","acq_date":"2026-07-20","acq_time":"1234","satellite":"N21","instrument":"VIIRS","confidence":"l","version":"2.0NRT","bright_ti5":"309.3","frp":"4.06","daynight":"D","commune":"Saint-Cyr-en-Val","code_insee":"45272","departement":"Loiret","region":"Centre-Val de Loire"}},{"type":"Feature","geometry":{"type":"Point","coordinates":[2.24143,48.1824]},"properties":{"latitude":"48.1824","longitude":"2.24143","bright_ti4":"340.54","scan":"0.39","track":"0.36","acq_date":"2026-07-20","acq_time":"1234","satellite":"N21","instrument":"VIIRS","confidence":"n","version":"2.0NRT","bright_ti5":"306.35","frp":"3.39","daynight":"D","commune":"Pithiviers","code_insee":"45252","departement":"Loiret","region":"Centre-Val de Loire"}},{"type":"Feature","geometry":{"type":"Point","coordinates":[3.0384,48.89109]},"properties":{"latitude":"48.89109","longitude":"3.0384","bright_ti4":"331.8","scan":"0.38","track":"0.36","acq_date":"2026-07-20","acq_time":"1234","satellite":"N21","instrument":"VIIRS","confidence":"n","version":"2.0NRT","bright_ti5":"295.21","frp":"10.34","daynight":"D","commune":"Pierre-Levée","code_insee":"77361","departement":"Seine-et-Marne","region":"Île-de-France"}},{"type":"Feature","geometry":{"type":"Point","coordinates":[3.04356,48.89187]},"properties":{"latitude":"48.89187","longitude":"3.04356","bright_ti4":"336.24","scan":"0.38","track":"0.36","acq_date":"2026-07-20","acq_time":"1234","satellite":"N21","instrument":"VIIRS","confidence":"n","version":"2.0NRT","bright_ti5":"299.4","frp":"10.34","daynight":"D","commune":"Pierre-Levée","code_insee":"77361","departement":"Seine-et-Marne","region":"Île-de-France"}},{"type":"Feature","geometry":{"type":"Point","coordinates":[3.04243,48.89512]},"properties":{"latitude":"48.89512","longitude":"3.04243","bright_ti4":"342.42","scan":"0.38","track":"0.36","acq_date":"2026-07-20","acq_time":"1234","satellite":"N21","instrument":"VIIRS","confidence":"n","version":"2.0NRT","bright_ti5":"296.15","frp":"10.34","daynight":"D","commune":"Pierre-Levée","code_insee":"77361","departement":"Seine-et-Marne","region":"Île-de-France"}},{"type":"Feature","geometry":{"type":"Point","coordinates":[2.2869,51.03346]},"properties":{"latitude":"51.03346","longitude":"2.2869","bright_ti4":"336.06","scan":"0.38","track":"0.36","acq_date":"2026-07-20","acq_time":"1236","satellite":"N21","instrument":"VIIRS","confidence":"l","version":"2.0NRT","bright_ti5":"307.81","frp":"5.7","daynight":"D","commune":"Grande-Synthe","code_insee":"59271","departement":"Nord","region":"Hauts-de-France"}},{"type":"Feature","geometry":{"type":"Point","coordinates":[2.29523,51.04156]},"properties":{"latitude":"51.04156","longitude":"2.29523","bright_ti4":"338","scan":"0.38","track":"0.36","acq_date":"2026-07-20","acq_time":"1236","satellite":"N21","instrument":"VIIRS","confidence":"n","version":"2.0NRT","bright_ti5":"306.1","frp":"6.26","daynight":"D","commune":"Grande-Synthe","code_insee":"59271","departement":"Nord","region":"Hauts-de-France"}},{"type":"Feature","geometry":{"type":"Point","coordinates":[2.29401,51.0448]},"properties":{"latitude":"51.0448","longitude":"2.29401","bright_ti4":"334.06","scan":"0.38","track":"0.36","acq_date":"2026-07-20","acq_time":"1236","satellite":"N21","instrument":"VIIRS","confidence":"n","version":"2.0NRT","bright_ti5":"303.5","frp":"2.67","daynight":"D","commune":"Grande-Synthe","code_insee":"59271","departement":"Nord","region":"Hauts-de-France"}},{"type":"Feature","geometry":{"type":"Point","coordinates":[2.2994,51.04561]},"properties":{"latitude":"51.04561","longitude":"2.2994","bright_ti4":"334.44","scan":"0.39","track":"0.36","acq_date":"2026-07-20","acq_time":"1236","satellite":"N21","instrument":"VIIRS","confidence":"n","version":"2.0NRT","bright_ti5":"304.39","frp":"2.67","daynight":"D","commune":"Grande-Synthe","code_insee":"59271","departement":"Nord","region":"Hauts-de-France"}},{"type":"Feature","geometry":{"type":"Point","coordinates":[-3.81057,47.79696]},"properties":{"latitude":"47.79696","longitude":"-3.81057","bright_ti4":"334.41","scan":"0.64","track":"0.72","acq_date":"2026-07-20","acq_time":"1416","satellite":"N21","instrument":"VIIRS","confidence":"n","version":"2.0NRT","bright_ti5":"296.6","frp":"7.98","daynight":"D","commune":"Trégunc","code_insee":"29293","departement":"Finistère","region":"Bretagne"}},{"type":"Feature","geometry":{"type":"Point","coordinates":[-3.80336,47.80025]},"properties":{"latitude":"47.80025","longitude":"-3.80336","bright_ti4":"333.44","scan":"0.64","track":"0.72","acq_date":"2026-07-20","acq_time":"1416","satellite":"N21","instrument":"VIIRS","confidence":"n","version":"2.0NRT","bright_ti5":"299.55","frp":"6.95","daynight":"D","commune":"Névez","code_insee":"29153","departement":"Finistère","region":"Bretagne"}},{"type":"Feature","geometry":{"type":"Point","coordinates":[-3.17223,47.80288]},"properties":{"latitude":"47.80288","longitude":"-3.17223","bright_ti4":"328.87","scan":"0.69","track":"0.74","acq_date":"2026-07-20","acq_time":"1416","satellite":"N21","instrument":"VIIRS","confidence":"n","version":"2.0NRT","bright_ti5":"291.51","frp":"4.11","daynight":"D","commune":"Languidic","code_insee":"56101","departement":"Morbihan","region":"Bretagne"}}]}