{"type":"FeatureCollection","features":[{"type":"Feature","geometry":{"type":"Point","coordinates":[3.4308,46.18892]},"properties":{"latitude":"46.18892","longitude":"3.4308","bright_ti4":"318.07","scan":"0.39","track":"0.36","acq_date":"2026-08-15","acq_time":"156","satellite":"N","instrument":"VIIRS","confidence":"n","version":"2.0NRT","bright_ti5":"292.18","frp":"1.77","daynight":"N","commune":"Saint-Germain-des-Fossés","code_insee":"03236","departement":"Allier","region":"Auvergne-Rhône-Alpes"}},{"type":"Feature","geometry":{"type":"Point","coordinates":[2.17603,47.25217]},"properties":{"latitude":"47.25217","longitude":"2.17603","bright_ti4":"301.63","scan":"0.4","track":"0.37","acq_date":"2026-08-15","acq_time":"156","satellite":"N","instrument":"VIIRS","confidence":"n","version":"2.0NRT","bright_ti5":"289.99","frp":"1.13","daynight":"N","commune":"Saint-Laurent","code_insee":"18219","departement":"Cher","region":"Centre-Val de Loire"}},{"type":"Feature","geometry":{"type":"Point","coordinates":[2.17072,47.2529]},"properties":{"latitude":"47.2529","longitude":"2.17072","bright_ti4":"302.75","scan":"0.4","track":"0.37","acq_date":"2026-08-15","acq_time":"156","satellite":"N","instrument":"VIIRS","confidence":"n","version":"2.0NRT","bright_ti5":"289.86","frp":"0.8","daynight":"N","commune":"Saint-Laurent","code_insee":"18219","departement":"Cher","region":"Centre-Val de Loire"}},{"type":"Feature","geometry":{"type":"Point","coordinates":[2.16543,47.25364]},"properties":{"latitude":"47.25364","longitude":"2.16543","bright_ti4":"307.3","scan":"0.4","track":"0.37","acq_date":"2026-08-15","acq_time":"156","satellite":"N","instrument":"VIIRS","confidence":"n","version":"2.0NRT","bright_ti5":"290.71","frp":"0.8","daynight":"N","commune":"Saint-Laurent","code_insee":"18219","departement":"Cher","region":"Centre-Val de Loire"}},{"type":"Feature","geometry":{"type":"Point","coordinates":[2.17704,47.25552]},"properties":{"latitude":"47.25552","longitude":"2.17704","bright_ti4":"319.11","scan":"0.4","track":"0.37","acq_date":"2026-08-15","acq_time":"156","satellite":"N","instrument":"VIIRS","confidence":"n","version":"2.0NRT","bright_ti5":"293.87","frp":"1.13","daynight":"N","commune":"Saint-Laurent","code_insee":"18219","departement":"Cher","region":"Centre-Val de Loire"}},{"type":"Feature","geometry":{"type":"Point","coordinates":[2.16643,47.257]},"properties":{"latitude":"47.257","longitude":"2.16643","bright_ti4":"300.96","scan":"0.4","track":"0.37","acq_date":"2026-08-15","acq_time":"156","satellite":"N","instrument":"VIIRS","confidence":"n","version":"2.0NRT","bright_ti5":"289.99","frp":"0.8","daynight":"N","commune":"Saint-Laurent","code_insee":"18219","departement":"Cher","region":"Centre-Val de Loire"}},{"type":"Feature","geometry":{"type":"Point","coordinates":[4.17734,47.45762]},"properties":{"latitude":"47.45762","longitude":"4.17734","bright_ti4":"295.92","scan":"0.38","track":"0.36","acq_date":"2026-08-15","acq_time":"156","satellite":"N","instrument":"VIIRS","confidence":"n","version":"2.0NRT","bright_ti5":"280.17","frp":"0.31","daynight":"N","commune":"Courcelles-Frémoy","code_insee":"21203","departement":"Côte-d'Or","region":"Bourgogne-Franche-Comté"}},{"type":"Feature","geometry":{"type":"Point","coordinates":[5.6845,48.71559]},"properties":{"latitude":"48.71559","longitude":"5.6845","bright_ti4":"302.41","scan":"0.39","track":"0.36","acq_date":"2026-08-15","acq_time":"156","satellite":"N","instrument":"VIIRS","confidence":"n","version":"2.0NRT","bright_ti5":"283.03","frp":"0.49","daynight":"N","commune":"Sorcy-Saint-Martin","code_insee":"55496","departement":"Meuse","region":"Grand Est"}},{"type":"Feature","geometry":{"type":"Point","coordinates":[4.56426,48.77045]},"properties":{"latitude":"48.77045","longitude":"4.56426","bright_ti4":"304.71","scan":"0.38","track":"0.36","acq_date":"2026-08-15","acq_time":"156","satellite":"N","instrument":"VIIRS","confidence":"n","version":"2.0NRT","bright_ti5":"292.82","frp":"1.15","daynight":"N","commune":"Couvrot","code_insee":"51195","departement":"Marne","region":"Grand Est"}},{"type":"Feature","geometry":{"type":"Point","coordinates":[4.89596,43.43534]},"properties":{"latitude":"43.43534","longitude":"4.89596","bright_ti4":"304.85","scan":"0.4","track":"0.37","acq_date":"2026-08-15","acq_time":"158","satellite":"N","instrument":"VIIRS","confidence":"n","version":"2.0NRT","bright_ti5":"293.71","frp":"1.24","daynight":"N","commune":"Fos-sur-Mer","code_insee":"13039","departement":"Bouches-du-Rhône","region":"Provence-Alpes-Côte d'Azur"}},{"type":"Feature","geometry":{"type":"Point","coordinates":[4.89111,43.43619]},"properties":{"latitude":"43.43619","longitude":"4.89111","bright_ti4":"311.43","scan":"0.4","track":"0.37","acq_date":"2026-08-15","acq_time":"158","satellite":"N","instrument":"VIIRS","confidence":"n","version":"2.0NRT","bright_ti5":"294.8","frp":"1.24","daynight":"N","commune":"Fos-sur-Mer","code_insee":"13039","departement":"Bouches-du-Rhône","region":"Provence-Alpes-Côte d'Azur"}},{"type":"Feature","geometry":{"type":"Point","coordinates":[4.88142,43.43789]},"properties":{"latitude":"43.43789","longitude":"4.88142","bright_ti4":"306.39","scan":"0.4","track":"0.37","acq_date":"2026-08-15","acq_time":"158","satellite":"N","instrument":"VIIRS","confidence":"n","version":"2.0NRT","bright_ti5":"295.28","frp":"1.8","daynight":"N","commune":"Fos-sur-Mer","code_insee":"13039","departement":"Bouches-du-Rhône","region":"Provence-Alpes-Côte d'Azur"}},{"type":"Feature","geometry":{"type":"Point","coordinates":[4.89221,43.43951]},"properties":{"latitude":"43.43951","longitude":"4.89221","bright_ti4":"321.69","scan":"0.4","track":"0.37","acq_date":"2026-08-15","acq_time":"158","satellite":"N","instrument":"VIIRS","confidence":"n","version":"2.0NRT","bright_ti5":"295.83","frp":"1.24","daynight":"N","commune":"Fos-sur-Mer","code_insee":"13039","departement":"Bouches-du-Rhône","region":"Provence-Alpes-Côte d'Azur"}},{"type":"Feature","geometry":{"type":"Point","coordinates":[4.89926,43.44528]},"properties":{"latitude":"43.44528","longitude":"4.89926","bright_ti4":"307.12","scan":"0.4","track":"0.37","acq_date":"2026-08-15","acq_time":"158","satellite":"N","instrument":"VIIRS","confidence":"n","version":"2.0NRT","bright_ti5":"294.67","frp":"0.9","daynight":"N","commune":"Fos-sur-Mer","code_insee":"13039","departement":"Bouches-du-Rhône","region":"Provence-Alpes-Côte d'Azur"}},{"type":"Feature","geometry":{"type":"Point","coordinates":[4.89441,43.44614]},"properties":{"latitude":"43.44614","longitude":"4.89441","bright_ti4":"305.02","scan":"0.4","track":"0.37","acq_date":"2026-08-15","acq_time":"158","satellite":"N","instrument":"VIIRS","confidence":"n","version":"2.0NRT","bright_ti5":"294.25","frp":"0.9","daynight":"N","commune":"Fos-sur-Mer","code_insee":"13039","departement":"Bouches-du-Rhône","region":"Provence-Alpes-Côte d'Azur"}},{"type":"Feature","geometry":{"type":"Point","coordinates":[4.89551,43.44945]},"properties":{"latitude":"43.44945","longitude":"4.89551","bright_ti4":"314.62","scan":"0.4","track":"0.37","acq_date":"2026-08-15","acq_time":"158","satellite":"N","instrument":"VIIRS","confidence":"n","version":"2.0NRT","bright_ti5":"293.19","frp":"1.23","daynight":"N","commune":"Fos-sur-Mer","code_insee":"13039","departement":"Bouches-du-Rhône","region":"Provence-Alpes-Côte d'Azur"}},{"type":"Feature","geometry":{"type":"Point","coordinates":[7.37224,43.79503]},"properties":{"latitude":"43.79503","longitude":"7.37224","bright_ti4":"303.84","scan":"0.46","track":"0.39","acq_date":"2026-08-15","acq_time":"158","satellite":"N","instrument":"VIIRS","confidence":"n","version":"2.0NRT","bright_ti5":"289.33","frp":"0.83","daynight":"N","commune":"Blausasc","code_insee":"06019","departement":"Alpes-Maritimes","region":"Provence-Alpes-Côte d'Azur"}},{"type":"Feature","geometry":{"type":"Point","coordinates":[-0.7044,44.04829]},"properties":{"latitude":"44.04829","longitude":"-0.7044","bright_ti4":"321.47","scan":"0.45","track":"0.39","acq_date":"2026-08-15","acq_time":"158","satellite":"N","instrument":"VIIRS","confidence":"n","version":"2.0NRT","bright_ti5":"290.64","frp":"2.09","daynight":"N","commune":"Garein","code_insee":"40105","departement":"Landes","region":"Nouvelle-Aquitaine"}},{"type":"Feature","geometry":{"type":"Point","coordinates":[-0.70998,44.04898]},"properties":{"latitude":"44.04898","longitude":"-0.70998","bright_ti4":"335.26","scan":"0.45","track":"0.39","acq_date":"2026-08-15","acq_time":"158","satellite":"N","instrument":"VIIRS","confidence":"n","version":"2.0NRT","bright_ti5":"295.35","frp":"3.26","daynight":"N","commune":"Luglon","code_insee":"40165","departement":"Landes","region":"Nouvelle-Aquitaine"}},{"type":"Feature","geometry":{"type":"Point","coordinates":[-0.68135,44.04908]},"properties":{"latitude":"44.04908","longitude":"-0.68135","bright_ti4":"314.95","scan":"0.45","track":"0.39","acq_date":"2026-08-15","acq_time":"158","satellite":"N","instrument":"VIIRS","confidence":"n","version":"2.0NRT","bright_ti5":"287.9","frp":"2.48","daynight":"N","commune":"Garein","code_insee":"40105","departement":"Landes","region":"Nouvelle-Aquitaine"}},{"type":"Feature","geometry":{"type":"Point","coordinates":[-0.71555,44.04966]},"properties":{"latitude":"44.04966","longitude":"-0.71555","bright_ti4":"319.21","scan":"0.45","track":"0.39","acq_date":"2026-08-15","acq_time":"158","satellite":"N","instrument":"VIIRS","confidence":"n","version":"2.0NRT","bright_ti5":"291.6","frp":"3.26","daynight":"N","commune":"Luglon","code_insee":"40165","departement":"Landes","region":"Nouvelle-Aquitaine"}},{"type":"Feature","geometry":{"type":"Point","coordinates":[-0.68689,44.04977]},"properties":{"latitude":"44.04977","longitude":"-0.68689","bright_ti4":"311.88","scan":"0.45","track":"0.39","acq_date":"2026-08-15","acq_time":"158","satellite":"N","instrument":"VIIRS","confidence":"n","version":"2.0NRT","bright_ti5":"286.54","frp":"2.27","daynight":"N","commune":"Garein","code_insee":"40105","departement":"Landes","region":"Nouvelle-Aquitaine"}},{"type":"Feature","geometry":{"type":"Point","coordinates":[-0.72113,44.05035]},"properties":{"latitude":"44.05035","longitude":"-0.72113","bright_ti4":"312.92","scan":"0.45","track":"0.39","acq_date":"2026-08-15","acq_time":"158","satellite":"N","instrument":"VIIRS","confidence":"n","version":"2.0NRT","bright_ti5":"289.61","frp":"2.14","daynight":"N","commune":"Luglon","code_insee":"40165","departement":"Landes","region":"Nouvelle-Aquitaine"}},{"type":"Feature","geometry":{"type":"Point","coordinates":[-0.69244,44.05045]},"properties":{"latitude":"44.05045","longitude":"-0.69244","bright_ti4":"318.15","scan":"0.45","track":"0.39","acq_date":"2026-08-15","acq_time":"158","satellite":"N","instrument":"VIIRS","confidence":"n","version":"2.0NRT","bright_ti5":"288.67","frp":"2.27","daynight":"N","commune":"Garein","code_insee":"40105","departement":"Landes","region":"Nouvelle-Aquitaine"}},{"type":"Feature","geometry":{"type":"Point","coordinates":[-0.698,44.05114]},"properties":{"latitude":"44.05114","longitude":"-0.698","bright_ti4":"314.23","scan":"0.45","track":"0.39","acq_date":"2026-08-15","acq_time":"158","satellite":"N","instrument":"VIIRS","confidence":"n","version":"2.0NRT","bright_ti5":"288.03","frp":"2.09","daynight":"N","commune":"Garein","code_insee":"40105","departement":"Landes","region":"Nouvelle-Aquitaine"}},{"type":"Feature","geometry":{"type":"Point","coordinates":[-0.70356,44.05183]},"properties":{"latitude":"44.05183","longitude":"-0.70356","bright_ti4":"308.61","scan":"0.45","track":"0.39","acq_date":"2026-08-15","acq_time":"158","satellite":"N","instrument":"VIIRS","confidence":"n","version":"2.0NRT","bright_ti5":"289.32","frp":"2.09","daynight":"N","commune":"Luglon","code_insee":"40165","departement":"Landes","region":"Nouvelle-Aquitaine"}},{"type":"Feature","geometry":{"type":"Point","coordinates":[-0.67497,44.05193]},"properties":{"latitude":"44.05193","longitude":"-0.67497","bright_ti4":"311.13","scan":"0.45","track":"0.39","acq_date":"2026-08-15","acq_time":"158","satellite":"N","instrument":"VIIRS","confidence":"n","version":"2.0NRT","bright_ti5":"288.55","frp":"1.94","daynight":"N","commune":"Garein","code_insee":"40105","departement":"Landes","region":"Nouvelle-Aquitaine"}},{"type":"Feature","geometry":{"type":"Point","coordinates":[-0.70914,44.05252]},"properties":{"latitude":"44.05252","longitude":"-0.70914","bright_ti4":"319.29","scan":"0.45","track":"0.39","acq_date":"2026-08-15","acq_time":"158","satellite":"N","instrument":"VIIRS","confidence":"n","version":"2.0NRT","bright_ti5":"292.99","frp":"3.26","daynight":"N","commune":"Luglon","code_insee":"40165","departement":"Landes","region":"Nouvelle-Aquitaine"}},{"type":"Feature","geometry":{"type":"Point","coordinates":[-0.6805,44.05262]},"properties":{"latitude":"44.05262","longitude":"-0.6805","bright_ti4":"313.79","scan":"0.45","track":"0.39","acq_date":"2026-08-15","acq_time":"158","satellite":"N","instrument":"VIIRS","confidence":"n","version":"2.0NRT","bright_ti5":"289.29","frp":"1.94","daynight":"N","commune":"Garein","code_insee":"40105","departement":"Landes","region":"Nouvelle-Aquitaine"}},{"type":"Feature","geometry":{"type":"Point","coordinates":[-0.71472,44.05321]},"properties":{"latitude":"44.05321","longitude":"-0.71472","bright_ti4":"320.6","scan":"0.45","track":"0.39","acq_date":"2026-08-15","acq_time":"158","satellite":"N","instrument":"VIIRS","confidence":"n","version":"2.0NRT","bright_ti5":"292.76","frp":"3.26","daynight":"N","commune":"Luglon","code_insee":"40165","departement":"Landes","region":"Nouvelle-Aquitaine"}},{"type":"Feature","geometry":{"type":"Point","coordinates":[-0.68604,44.05331]},"properties":{"latitude":"44.05331","longitude":"-0.68604","bright_ti4":"310.14","scan":"0.45","track":"0.39","acq_date":"2026-08-15","acq_time":"158","satellite":"N","instrument":"VIIRS","confidence":"n","version":"2.0NRT","bright_ti5":"288.09","frp":"1.89","daynight":"N","commune":"Garein","code_insee":"40105","departement":"Landes","region":"Nouvelle-Aquitaine"}},{"type":"Feature","geometry":{"type":"Point","coordinates":[-0.72029,44.0539]},"properties":{"latitude":"44.0539","longitude":"-0.72029","bright_ti4":"314.68","scan":"0.45","track":"0.39","acq_date":"2026-08-15","acq_time":"158","satellite":"N","instrument":"VIIRS","confidence":"n","version":"2.0NRT","bright_ti5":"291.72","frp":"2.14","daynight":"N","commune":"Luglon","code_insee":"40165","departement":"Landes","region":"Nouvelle-Aquitaine"}},{"type":"Feature","geometry":{"type":"Point","coordinates":[-0.69159,44.054]},"properties":{"latitude":"44.054","longitude":"-0.69159","bright_ti4":"315.07","scan":"0.45","track":"0.39","acq_date":"2026-08-15","acq_time":"158","satellite":"N","instrument":"VIIRS","confidence":"n","version":"2.0NRT","bright_ti5":"288.27","frp":"1.89","daynight":"N","commune":"Garein","code_insee":"40105","departement":"Landes","region":"Nouvelle-Aquitaine"}},{"type":"Feature","geometry":{"type":"Point","coordinates":[-0.69715,44.05468]},"properties":{"latitude":"44.05468","longitude":"-0.69715","bright_ti4":"307.49","scan":"0.45","track":"0.39","acq_date":"2026-08-15","acq_time":"158","satellite":"N","instrument":"VIIRS","confidence":"n","version":"2.0NRT","bright_ti5":"288.45","frp":"1.32","daynight":"N","commune":"Garein","code_insee":"40105","departement":"Landes","region":"Nouvelle-Aquitaine"}},{"type":"Feature","geometry":{"type":"Point","coordinates":[-0.73146,44.05527]},"properties":{"latitude":"44.05527","longitude":"-0.73146","bright_ti4":"307.1","scan":"0.45","track":"0.39","acq_date":"2026-08-15","acq_time":"158","satellite":"N","instrument":"VIIRS","confidence":"n","version":"2.0NRT","bright_ti5":"290.11","frp":"4.1","daynight":"N","commune":"Luglon","code_insee":"40165","departement":"Landes","region":"Nouvelle-Aquitaine"}},{"type":"Feature","geometry":{"type":"Point","coordinates":[-0.70272,44.05537]},"properties":{"latitude":"44.05537","longitude":"-0.70272","bright_ti4":"308.59","scan":"0.45","track":"0.39","acq_date":"2026-08-15","acq_time":"158","satellite":"N","instrument":"VIIRS","confidence":"n","version":"2.0NRT","bright_ti5":"290.01","frp":"1.32","daynight":"N","commune":"Luglon","code_insee":"40165","departement":"Landes","region":"Nouvelle-Aquitaine"}},{"type":"Feature","geometry":{"type":"Point","coordinates":[-0.73704,44.05597]},"properties":{"latitude":"44.05597","longitude":"-0.73704","bright_ti4":"342.04","scan":"0.45","track":"0.39","acq_date":"2026-08-15","acq_time":"158","satellite":"N","instrument":"VIIRS","confidence":"n","version":"2.0NRT","bright_ti5":"296.67","frp":"4.1","daynight":"N","commune":"Luglon","code_insee":"40165","departement":"Landes","region":"Nouvelle-Aquitaine"}},{"type":"Feature","geometry":{"type":"Point","coordinates":[-0.7083,44.05606]},"properties":{"latitude":"44.05606","longitude":"-0.7083","bright_ti4":"308.09","scan":"0.45","track":"0.39","acq_date":"2026-08-15","acq_time":"158","satellite":"N","instrument":"VIIRS","confidence":"n","version":"2.0NRT","bright_ti5":"291.61","frp":"1.88","daynight":"N","commune":"Luglon","code_insee":"40165","departement":"Landes","region":"Nouvelle-Aquitaine"}},{"type":"Feature","geometry":{"type":"Point","coordinates":[-0.74263,44.05665]},"properties":{"latitude":"44.05665","longitude":"-0.74263","bright_ti4":"326.31","scan":"0.45","track":"0.39","acq_date":"2026-08-15","acq_time":"158","satellite":"N","instrument":"VIIRS","confidence":"n","version":"2.0NRT","bright_ti5":"291.98","frp":"3.27","daynight":"N","commune":"Arengosse","code_insee":"40006","departement":"Landes","region":"Nouvelle-Aquitaine"}},{"type":"Feature","geometry":{"type":"Point","coordinates":[-0.71388,44.05676]},"properties":{"latitude":"44.05676","longitude":"-0.71388","bright_ti4":"309.86","scan":"0.45","track":"0.39","acq_date":"2026-08-15","acq_time":"158","satellite":"N","instrument":"VIIRS","confidence":"n","version":"2.0NRT","bright_ti5":"291.52","frp":"1.88","daynight":"N","commune":"Luglon","code_insee":"40165","departement":"Landes","region":"Nouvelle-Aquitaine"}},{"type":"Feature","geometry":{"type":"Point","coordinates":[-0.68519,44.05685]},"properties":{"latitude":"44.05685","longitude":"-0.68519","bright_ti4":"307.94","scan":"0.45","track":"0.39","acq_date":"2026-08-15","acq_time":"158","satellite":"N","instrument":"VIIRS","confidence":"n","version":"2.0NRT","bright_ti5":"288","frp":"1.89","daynight":"N","commune":"Garein","code_insee":"40105","departement":"Landes","region":"Nouvelle-Aquitaine"}},{"type":"Feature","geometry":{"type":"Point","coordinates":[-0.74822,44.05734]},"properties":{"latitude":"44.05734","longitude":"-0.74822","bright_ti4":"317.83","scan":"0.45","track":"0.39","acq_date":"2026-08-15","acq_time":"158","satellite":"N","instrument":"VIIRS","confidence":"n","version":"2.0NRT","bright_ti5":"289.43","frp":"3.27","daynight":"N","commune":"Arengosse","code_insee":"40006","departement":"Landes","region":"Nouvelle-Aquitaine"}},{"type":"Feature","geometry":{"type":"Point","coordinates":[-0.71946,44.05745]},"properties":{"latitude":"44.05745","longitude":"-0.71946","bright_ti4":"310.75","scan":"0.45","track":"0.39","acq_date":"2026-08-15","acq_time":"158","satellite":"N","instrument":"VIIRS","confidence":"n","version":"2.0NRT","bright_ti5":"290.75","frp":"2.44","daynight":"N","commune":"Luglon","code_insee":"40165","departement":"Landes","region":"Nouvelle-Aquitaine"}},{"type":"Feature","geometry":{"type":"Point","coordinates":[-0.69075,44.05754]},"properties":{"latitude":"44.05754","longitude":"-0.69075","bright_ti4":"323.73","scan":"0.45","track":"0.39","acq_date":"2026-08-15","acq_time":"158","satellite":"N","instrument":"VIIRS","confidence":"n","version":"2.0NRT","bright_ti5":"292.18","frp":"1.89","daynight":"N","commune":"Garein","code_insee":"40105","departement":"Landes","region":"Nouvelle-Aquitaine"}},{"type":"Feature","geometry":{"type":"Point","coordinates":[-0.72503,44.05813]},"properties":{"latitude":"44.05813","longitude":"-0.72503","bright_ti4":"313.77","scan":"0.45","track":"0.39","acq_date":"2026-08-15","acq_time":"158","satellite":"N","instrument":"VIIRS","confidence":"n","version":"2.0NRT","bright_ti5":"290.26","frp":"2.44","daynight":"N","commune":"Luglon","code_insee":"40165","departement":"Landes","region":"Nouvelle-Aquitaine"}},{"type":"Feature","geometry":{"type":"Point","coordinates":[-0.69631,44.05823]},"properties":{"latitude":"44.05823","longitude":"-0.69631","bright_ti4":"307.49","scan":"0.45","track":"0.39","acq_date":"2026-08-15","acq_time":"158","satellite":"N","instrument":"VIIRS","confidence":"n","version":"2.0NRT","bright_ti5":"289.51","frp":"1.32","daynight":"N","commune":"Garein","code_insee":"40105","departement":"Landes","region":"Nouvelle-Aquitaine"}},{"type":"Feature","geometry":{"type":"Point","coordinates":[-0.73062,44.05883]},"properties":{"latitude":"44.05883","longitude":"-0.73062","bright_ti4":"308.61","scan":"0.45","track":"0.39","acq_date":"2026-08-15","acq_time":"158","satellite":"N","instrument":"VIIRS","confidence":"n","version":"2.0NRT","bright_ti5":"290.4","frp":"3.09","daynight":"N","commune":"Luglon","code_insee":"40165","departement":"Landes","region":"Nouvelle-Aquitaine"}},{"type":"Feature","geometry":{"type":"Point","coordinates":[-0.70188,44.05892]},"properties":{"latitude":"44.05892","longitude":"-0.70188","bright_ti4":"306.19","scan":"0.45","track":"0.39","acq_date":"2026-08-15","acq_time":"158","satellite":"N","instrument":"VIIRS","confidence":"n","version":"2.0NRT","bright_ti5":"290.33","frp":"1.32","daynight":"N","commune":"Luglon","code_insee":"40165","departement":"Landes","region":"Nouvelle-Aquitaine"}},{"type":"Feature","geometry":{"type":"Point","coordinates":[-0.7362,44.05951]},"properties":{"latitude":"44.05951","longitude":"-0.7362","bright_ti4":"338.49","scan":"0.45","track":"0.39","acq_date":"2026-08-15","acq_time":"158","satellite":"N","instrument":"VIIRS","confidence":"n","version":"2.0NRT","bright_ti5":"296.63","frp":"3.09","daynight":"N","commune":"Arengosse","code_insee":"40006","departement":"Landes","region":"Nouvelle-Aquitaine"}},{"type":"Feature","geometry":{"type":"Point","coordinates":[-0.74179,44.0602]},"properties":{"latitude":"44.0602","longitude":"-0.74179","bright_ti4":"327.06","scan":"0.45","track":"0.39","acq_date":"2026-08-15","acq_time":"158","satellite":"N","instrument":"VIIRS","confidence":"n","version":"2.0NRT","bright_ti5":"293.7","frp":"3.03","daynight":"N","commune":"Arengosse","code_insee":"40006","departement":"Landes","region":"Nouvelle-Aquitaine"}},{"type":"Feature","geometry":{"type":"Point","coordinates":[-0.71303,44.0603]},"properties":{"latitude":"44.0603","longitude":"-0.71303","bright_ti4":"311.44","scan":"0.45","track":"0.39","acq_date":"2026-08-15","acq_time":"158","satellite":"N","instrument":"VIIRS","confidence":"n","version":"2.0NRT","bright_ti5":"291.82","frp":"1.88","daynight":"N","commune":"Luglon","code_insee":"40165","departement":"Landes","region":"Nouvelle-Aquitaine"}},{"type":"Feature","geometry":{"type":"Point","coordinates":[-0.74738,44.06089]},"properties":{"latitude":"44.06089","longitude":"-0.74738","bright_ti4":"309.73","scan":"0.45","track":"0.39","acq_date":"2026-08-15","acq_time":"158","satellite":"N","instrument":"VIIRS","confidence":"n","version":"2.0NRT","bright_ti5":"290.26","frp":"3.03","daynight":"N","commune":"Arengosse","code_insee":"40006","departement":"Landes","region":"Nouvelle-Aquitaine"}},{"type":"Feature","geometry":{"type":"Point","coordinates":[-0.71861,44.06099]},"properties":{"latitude":"44.06099","longitude":"-0.71861","bright_ti4":"309.45","scan":"0.45","track":"0.39","acq_date":"2026-08-15","acq_time":"158","satellite":"N","instrument":"VIIRS","confidence":"n","version":"2.0NRT","bright_ti5":"289.94","frp":"2.44","daynight":"N","commune":"Luglon","code_insee":"40165","departement":"Landes","region":"Nouvelle-Aquitaine"}},{"type":"Feature","geometry":{"type":"Point","coordinates":[-0.6899,44.06108]},"properties":{"latitude":"44.06108","longitude":"-0.6899","bright_ti4":"305.36","scan":"0.45","track":"0.39","acq_date":"2026-08-15","acq_time":"158","satellite":"N","instrument":"VIIRS","confidence":"n","version":"2.0NRT","bright_ti5":"288.76","frp":"1.76","daynight":"N","commune":"Garein","code_insee":"40105","departement":"Landes","region":"Nouvelle-Aquitaine"}},{"type":"Feature","geometry":{"type":"Point","coordinates":[-0.72419,44.06168]},"properties":{"latitude":"44.06168","longitude":"-0.72419","bright_ti4":"332.2","scan":"0.45","track":"0.39","acq_date":"2026-08-15","acq_time":"158","satellite":"N","instrument":"VIIRS","confidence":"n","version":"2.0NRT","bright_ti5":"296.38","frp":"2.44","daynight":"N","commune":"Luglon","code_insee":"40165","departement":"Landes","region":"Nouvelle-Aquitaine"}},{"type":"Feature","geometry":{"type":"Point","coordinates":[-0.69547,44.06177]},"properties":{"latitude":"44.06177","longitude":"-0.69547","bright_ti4":"299.63","scan":"0.45","track":"0.39","acq_date":"2026-08-15","acq_time":"158","satellite":"N","instrument":"VIIRS","confidence":"n","version":"2.0NRT","bright_ti5":"285.85","frp":"1.6","daynight":"N","commune":"Garein","code_insee":"40105","departement":"Landes","region":"Nouvelle-Aquitaine"}},{"type":"Feature","geometry":{"type":"Point","coordinates":[-0.72978,44.06237]},"properties":{"latitude":"44.06237","longitude":"-0.72978","bright_ti4":"321.5","scan":"0.45","track":"0.39","acq_date":"2026-08-15","acq_time":"158","satellite":"N","instrument":"VIIRS","confidence":"n","version":"2.0NRT","bright_ti5":"292.9","frp":"3.09","daynight":"N","commune":"Luglon","code_insee":"40165","departement":"Landes","region":"Nouvelle-Aquitaine"}},{"type":"Feature","geometry":{"type":"Point","coordinates":[-0.73536,44.06306]},"properties":{"latitude":"44.06306","longitude":"-0.73536","bright_ti4":"315.51","scan":"0.45","track":"0.39","acq_date":"2026-08-15","acq_time":"158","satellite":"N","instrument":"VIIRS","confidence":"n","version":"2.0NRT","bright_ti5":"291.13","frp":"3.09","daynight":"N","commune":"Luglon","code_insee":"40165","departement":"Landes","region":"Nouvelle-Aquitaine"}},{"type":"Feature","geometry":{"type":"Point","coordinates":[-0.70661,44.06315]},"properties":{"latitude":"44.06315","longitude":"-0.70661","bright_ti4":"307","scan":"0.45","track":"0.39","acq_date":"2026-08-15","acq_time":"158","satellite":"N","instrument":"VIIRS","confidence":"n","version":"2.0NRT","bright_ti5":"289.7","frp":"1.38","daynight":"N","commune":"Luglon","code_insee":"40165","departement":"Landes","region":"Nouvelle-Aquitaine"}},{"type":"Feature","geometry":{"type":"Point","coordinates":[-0.71219,44.06385]},"properties":{"latitude":"44.06385","longitude":"-0.71219","bright_ti4":"311.94","scan":"0.45","track":"0.39","acq_date":"2026-08-15","acq_time":"158","satellite":"N","instrument":"VIIRS","confidence":"n","version":"2.0NRT","bright_ti5":"291.04","frp":"1.38","daynight":"N","commune":"Luglon","code_insee":"40165","departement":"Landes","region":"Nouvelle-Aquitaine"}},{"type":"Feature","geometry":{"type":"Point","coordinates":[-0.71777,44.06454]},"properties":{"latitude":"44.06454","longitude":"-0.71777","bright_ti4":"310.1","scan":"0.45","track":"0.39","acq_date":"2026-08-15","acq_time":"158","satellite":"N","instrument":"VIIRS","confidence":"n","version":"2.0NRT","bright_ti5":"288.5","frp":"1.96","daynight":"N","commune":"Luglon","code_insee":"40165","departement":"Landes","region":"Nouvelle-Aquitaine"}},{"type":"Feature","geometry":{"type":"Point","coordinates":[-0.72335,44.06523]},"properties":{"latitude":"44.06523","longitude":"-0.72335","bright_ti4":"304.01","scan":"0.45","track":"0.39","acq_date":"2026-08-15","acq_time":"158","satellite":"N","instrument":"VIIRS","confidence":"n","version":"2.0NRT","bright_ti5":"287.72","frp":"1.96","daynight":"N","commune":"Luglon","code_insee":"40165","departement":"Landes","region":"Nouvelle-Aquitaine"}},{"type":"Feature","geometry":{"type":"Point","coordinates":[-0.71135,44.06739]},"properties":{"latitude":"44.06739","longitude":"-0.71135","bright_ti4":"304.56","scan":"0.45","track":"0.39","acq_date":"2026-08-15","acq_time":"158","satellite":"N","instrument":"VIIRS","confidence":"n","version":"2.0NRT","bright_ti5":"285.03","frp":"1.38","daynight":"N","commune":"Luglon","code_insee":"40165","departement":"Landes","region":"Nouvelle-Aquitaine"}},{"type":"Feature","geometry":{"type":"Point","coordinates":[-0.73285,44.07371]},"properties":{"latitude":"44.07371","longitude":"-0.73285","bright_ti4":"301.47","scan":"0.45","track":"0.39","acq_date":"2026-08-15","acq_time":"158","satellite":"N","instrument":"VIIRS","confidence":"n","version":"2.0NRT","bright_ti5":"287.37","frp":"1.6","daynight":"N","commune":"Luglon","code_insee":"40165","departement":"Landes","region":"Nouvelle-Aquitaine"}},{"type":"Feature","geometry":{"type":"Point","coordinates":[4.6955,44.08981]},"properties":{"latitude":"44.08981","longitude":"4.6955","bright_ti4":"304.7","scan":"0.39","track":"0.36","acq_date":"2026-08-15","acq_time":"158","satellite":"N","instrument":"VIIRS","confidence":"n","version":"2.0NRT","bright_ti5":"293.5","frp":"0.61","daynight":"N","commune":"Laudun-l'Ardoise","code_insee":"30141","departement":"Gard","region":"Occitanie"}},{"type":"Feature","geometry":{"type":"Point","coordinates":[2.29405,51.03431]},"properties":{"latitude":"51.03431","longitude":"2.29405","bright_ti4":"307.97","scan":"0.41","track":"0.45","acq_date":"2026-08-16","acq_time":"134","satellite":"N","instrument":"VIIRS","confidence":"n","version":"2.0NRT","bright_ti5":"288.4","frp":"1.62","daynight":"N","commune":"Grande-Synthe","code_insee":"59271","departement":"Nord","region":"Hauts-de-France"}},{"type":"Feature","geometry":{"type":"Point","coordinates":[2.29574,51.03465]},"properties":{"latitude":"51.03465","longitude":"2.29574","bright_ti4":"303.53","scan":"0.41","track":"0.45","acq_date":"2026-08-16","acq_time":"134","satellite":"N","instrument":"VIIRS","confidence":"n","version":"2.0NRT","bright_ti5":"288.07","frp":"1.58","daynight":"N","commune":"Dunkerque","code_insee":"59183","departement":"Nord","region":"Hauts-de-France"}},{"type":"Feature","geometry":{"type":"Point","coordinates":[2.2881,51.03482]},"properties":{"latitude":"51.03482","longitude":"2.2881","bright_ti4":"318.12","scan":"0.41","track":"0.45","acq_date":"2026-08-16","acq_time":"134","satellite":"N","instrument":"VIIRS","confidence":"n","version":"2.0NRT","bright_ti5":"289.16","frp":"1.46","daynight":"N","commune":"Grande-Synthe","code_insee":"59271","departement":"Nord","region":"Hauts-de-France"}},{"type":"Feature","geometry":{"type":"Point","coordinates":[2.28979,51.03513]},"properties":{"latitude":"51.03513","longitude":"2.28979","bright_ti4":"319.57","scan":"0.41","track":"0.45","acq_date":"2026-08-16","acq_time":"134","satellite":"N","instrument":"VIIRS","confidence":"n","version":"2.0NRT","bright_ti5":"289.96","frp":"1.58","daynight":"N","commune":"Grande-Synthe","code_insee":"59271","departement":"Nord","region":"Hauts-de-France"}},{"type":"Feature","geometry":{"type":"Point","coordinates":[2.28216,51.03533]},"properties":{"latitude":"51.03533","longitude":"2.28216","bright_ti4":"314.08","scan":"0.41","track":"0.45","acq_date":"2026-08-16","acq_time":"134","satellite":"N","instrument":"VIIRS","confidence":"n","version":"2.0NRT","bright_ti5":"288.57","frp":"1.46","daynight":"N","commune":"Grande-Synthe","code_insee":"59271","departement":"Nord","region":"Hauts-de-France"}},{"type":"Feature","geometry":{"type":"Point","coordinates":[2.28384,51.03561]},"properties":{"latitude":"51.03561","longitude":"2.28384","bright_ti4":"316.68","scan":"0.41","track":"0.45","acq_date":"2026-08-16","acq_time":"134","satellite":"N","instrument":"VIIRS","confidence":"n","version":"2.0NRT","bright_ti5":"289.3","frp":"2.91","daynight":"N","commune":"Grande-Synthe","code_insee":"59271","departement":"Nord","region":"Hauts-de-France"}},{"type":"Feature","geometry":{"type":"Point","coordinates":[2.28897,51.03897]},"properties":{"latitude":"51.03897","longitude":"2.28897","bright_ti4":"298.97","scan":"0.41","track":"0.45","acq_date":"2026-08-16","acq_time":"134","satellite":"N","instrument":"VIIRS","confidence":"n","version":"2.0NRT","bright_ti5":"288.66","frp":"1.46","daynight":"N","commune":"Grande-Synthe","code_insee":"59271","departement":"Nord","region":"Hauts-de-France"}},{"type":"Feature","geometry":{"type":"Point","coordinates":[2.29752,51.04295]},"properties":{"latitude":"51.04295","longitude":"2.29752","bright_ti4":"317.53","scan":"0.41","track":"0.45","acq_date":"2026-08-16","acq_time":"134","satellite":"N","instrument":"VIIRS","confidence":"n","version":"2.0NRT","bright_ti5":"289.77","frp":"1.61","daynight":"N","commune":"Grande-Synthe","code_insee":"59271","departement":"Nord","region":"Hauts-de-France"}},{"type":"Feature","geometry":{"type":"Point","coordinates":[2.29155,51.04343]},"properties":{"latitude":"51.04343","longitude":"2.29155","bright_ti4":"301.9","scan":"0.41","track":"0.45","acq_date":"2026-08-16","acq_time":"134","satellite":"N","instrument":"VIIRS","confidence":"n","version":"2.0NRT","bright_ti5":"288.82","frp":"1.61","daynight":"N","commune":"Grande-Synthe","code_insee":"59271","departement":"Nord","region":"Hauts-de-France"}},{"type":"Feature","geometry":{"type":"Point","coordinates":[2.2984,51.0471]},"properties":{"latitude":"51.0471","longitude":"2.2984","bright_ti4":"313.23","scan":"0.41","track":"0.45","acq_date":"2026-08-16","acq_time":"134","satellite":"N","instrument":"VIIRS","confidence":"n","version":"2.0NRT","bright_ti5":"289.5","frp":"2.17","daynight":"N","commune":"Grande-Synthe","code_insee":"59271","departement":"Nord","region":"Hauts-de-France"}},{"type":"Feature","geometry":{"type":"Point","coordinates":[4.8955,43.43168]},"properties":{"latitude":"43.43168","longitude":"4.8955","bright_ti4":"310.01","scan":"0.42","track":"0.37","acq_date":"2026-08-16","acq_time":"137","satellite":"N","instrument":"VIIRS","confidence":"n","version":"2.0NRT","bright_ti5":"296.09","frp":"2.13","daynight":"N","commune":"Fos-sur-Mer","code_insee":"13039","departement":"Bouches-du-Rhône","region":"Provence-Alpes-Côte d'Azur"}},{"type":"Feature","geometry":{"type":"Point","coordinates":[4.88608,43.43648]},"properties":{"latitude":"43.43648","longitude":"4.88608","bright_ti4":"330.04","scan":"0.42","track":"0.37","acq_date":"2026-08-16","acq_time":"137","satellite":"N","instrument":"VIIRS","confidence":"n","version":"2.0NRT","bright_ti5":"296.68","frp":"4.44","daynight":"N","commune":"Fos-sur-Mer","code_insee":"13039","departement":"Bouches-du-Rhône","region":"Provence-Alpes-Côte d'Azur"}},{"type":"Feature","geometry":{"type":"Point","coordinates":[7.375,43.79347]},"properties":{"latitude":"43.79347","longitude":"7.375","bright_ti4":"309.61","scan":"0.39","track":"0.36","acq_date":"2026-08-16","acq_time":"137","satellite":"N","instrument":"VIIRS","confidence":"n","version":"2.0NRT","bright_ti5":"290.38","frp":"1.02","daynight":"N","commune":"Blausasc","code_insee":"06019","departement":"Alpes-Maritimes","region":"Provence-Alpes-Côte d'Azur"}},{"type":"Feature","geometry":{"type":"Point","coordinates":[-0.68906,44.04788]},"properties":{"latitude":"44.04788","longitude":"-0.68906","bright_ti4":"304.51","scan":"0.47","track":"0.48","acq_date":"2026-08-16","acq_time":"137","satellite":"N","instrument":"VIIRS","confidence":"n","version":"2.0NRT","bright_ti5":"285.51","frp":"1.6","daynight":"N","commune":"Garein","code_insee":"40105","departement":"Landes","region":"Nouvelle-Aquitaine"}},{"type":"Feature","geometry":{"type":"Point","coordinates":[-0.68273,44.05058]},"properties":{"latitude":"44.05058","longitude":"-0.68273","bright_ti4":"301.96","scan":"0.47","track":"0.48","acq_date":"2026-08-16","acq_time":"137","satellite":"N","instrument":"VIIRS","confidence":"n","version":"2.0NRT","bright_ti5":"285.87","frp":"1.81","daynight":"N","commune":"Garein","code_insee":"40105","departement":"Landes","region":"Nouvelle-Aquitaine"}},{"type":"Feature","geometry":{"type":"Point","coordinates":[-0.68862,44.05104]},"properties":{"latitude":"44.05104","longitude":"-0.68862","bright_ti4":"306.88","scan":"0.47","track":"0.48","acq_date":"2026-08-16","acq_time":"137","satellite":"N","instrument":"VIIRS","confidence":"n","version":"2.0NRT","bright_ti5":"286.56","frp":"1.81","daynight":"N","commune":"Garein","code_insee":"40105","departement":"Landes","region":"Nouvelle-Aquitaine"}},{"type":"Feature","geometry":{"type":"Point","coordinates":[-0.69454,44.0515]},"properties":{"latitude":"44.0515","longitude":"-0.69454","bright_ti4":"301.44","scan":"0.47","track":"0.48","acq_date":"2026-08-16","acq_time":"137","satellite":"N","instrument":"VIIRS","confidence":"n","version":"2.0NRT","bright_ti5":"286.26","frp":"1.74","daynight":"N","commune":"Garein","code_insee":"40105","departement":"Landes","region":"Nouvelle-Aquitaine"}},{"type":"Feature","geometry":{"type":"Point","coordinates":[-0.68834,44.05228]},"properties":{"latitude":"44.05228","longitude":"-0.68834","bright_ti4":"301.18","scan":"0.47","track":"0.48","acq_date":"2026-08-16","acq_time":"137","satellite":"N","instrument":"VIIRS","confidence":"n","version":"2.0NRT","bright_ti5":"285.92","frp":"2.05","daynight":"N","commune":"Garein","code_insee":"40105","departement":"Landes","region":"Nouvelle-Aquitaine"}},{"type":"Feature","geometry":{"type":"Point","coordinates":[-0.67614,44.05453]},"properties":{"latitude":"44.05453","longitude":"-0.67614","bright_ti4":"301.61","scan":"0.47","track":"0.48","acq_date":"2026-08-16","acq_time":"137","satellite":"N","instrument":"VIIRS","confidence":"n","version":"2.0NRT","bright_ti5":"285.05","frp":"2.48","daynight":"N","commune":"Garein","code_insee":"40105","departement":"Landes","region":"Nouvelle-Aquitaine"}},{"type":"Feature","geometry":{"type":"Point","coordinates":[-0.69383,44.05591]},"properties":{"latitude":"44.05591","longitude":"-0.69383","bright_ti4":"310.55","scan":"0.47","track":"0.48","acq_date":"2026-08-16","acq_time":"137","satellite":"N","instrument":"VIIRS","confidence":"n","version":"2.0NRT","bright_ti5":"287.31","frp":"1.74","daynight":"N","commune":"Garein","code_insee":"40105","departement":"Landes","region":"Nouvelle-Aquitaine"}},{"type":"Feature","geometry":{"type":"Point","coordinates":[-0.69356,44.05719]},"properties":{"latitude":"44.05719","longitude":"-0.69356","bright_ti4":"310.66","scan":"0.47","track":"0.48","acq_date":"2026-08-16","acq_time":"137","satellite":"N","instrument":"VIIRS","confidence":"n","version":"2.0NRT","bright_ti5":"287.65","frp":"2.05","daynight":"N","commune":"Garein","code_insee":"40105","departement":"Landes","region":"Nouvelle-Aquitaine"}},{"type":"Feature","geometry":{"type":"Point","coordinates":[-0.70433,44.06566]},"properties":{"latitude":"44.06566","longitude":"-0.70433","bright_ti4":"301.97","scan":"0.47","track":"0.48","acq_date":"2026-08-16","acq_time":"137","satellite":"N","instrument":"VIIRS","confidence":"n","version":"2.0NRT","bright_ti5":"285.94","frp":"1.68","daynight":"N","commune":"Luglon","code_insee":"40165","departement":"Landes","region":"Nouvelle-Aquitaine"}},{"type":"Feature","geometry":{"type":"Point","coordinates":[5.82026,45.91101]},"properties":{"latitude":"45.91101","longitude":"5.82026","bright_ti4":"303.22","scan":"0.41","track":"0.37","acq_date":"2026-08-16","acq_time":"137","satellite":"N","instrument":"VIIRS","confidence":"n","version":"2.0NRT","bright_ti5":"291.55","frp":"0.87","daynight":"N","commune":"Anglefort","code_insee":"01010","departement":"Ain","region":"Auvergne-Rhône-Alpes"}},{"type":"Feature","geometry":{"type":"Point","coordinates":[-2.05933,47.31728]},"properties":{"latitude":"47.31728","longitude":"-2.05933","bright_ti4":"301.69","scan":"0.59","track":"0.53","acq_date":"2026-08-16","acq_time":"137","satellite":"N","instrument":"VIIRS","confidence":"n","version":"2.0NRT","bright_ti5":"288.59","frp":"1.24","daynight":"N","commune":"Donges","code_insee":"44052","departement":"Loire-Atlantique","region":"Pays de la Loire"}},{"type":"Feature","geometry":{"type":"Point","coordinates":[5.6795,48.71595]},"properties":{"latitude":"48.71595","longitude":"5.6795","bright_ti4":"302.52","scan":"0.44","track":"0.39","acq_date":"2026-08-16","acq_time":"137","satellite":"N","instrument":"VIIRS","confidence":"n","version":"2.0NRT","bright_ti5":"288.8","frp":"0.88","daynight":"N","commune":"Sorcy-Saint-Martin","code_insee":"55496","departement":"Meuse","region":"Grand Est"}},{"type":"Feature","geometry":{"type":"Point","coordinates":[4.32021,49.72387]},"properties":{"latitude":"49.72387","longitude":"4.32021","bright_ti4":"321.17","scan":"0.5","track":"0.41","acq_date":"2026-08-16","acq_time":"137","satellite":"N","instrument":"VIIRS","confidence":"n","version":"2.0NRT","bright_ti5":"288.33","frp":"1.2","daynight":"N","commune":"Saint-Jean-aux-Bois","code_insee":"08382","departement":"Ardennes","region":"Grand Est"}},{"type":"Feature","geometry":{"type":"Point","coordinates":[4.74359,49.90808]},"properties":{"latitude":"49.90808","longitude":"4.74359","bright_ti4":"310.01","scan":"0.49","track":"0.4","acq_date":"2026-08-16","acq_time":"137","satellite":"N","instrument":"VIIRS","confidence":"n","version":"2.0NRT","bright_ti5":"289.71","frp":"1.63","daynight":"N","commune":"Monthermé","code_insee":"08302","departement":"Ardennes","region":"Grand Est"}},{"type":"Feature","geometry":{"type":"Point","coordinates":[4.7366,49.90885]},"properties":{"latitude":"49.90885","longitude":"4.7366","bright_ti4":"301.66","scan":"0.49","track":"0.4","acq_date":"2026-08-16","acq_time":"137","satellite":"N","instrument":"VIIRS","confidence":"n","version":"2.0NRT","bright_ti5":"289.07","frp":"1.63","daynight":"N","commune":"Revin","code_insee":"08363","departement":"Ardennes","region":"Grand Est"}},{"type":"Feature","geometry":{"type":"Point","coordinates":[4.75162,49.91101]},"properties":{"latitude":"49.91101","longitude":"4.75162","bright_ti4":"301.24","scan":"0.49","track":"0.4","acq_date":"2026-08-16","acq_time":"137","satellite":"N","instrument":"VIIRS","confidence":"n","version":"2.0NRT","bright_ti5":"290","frp":"1.34","daynight":"N","commune":"Monthermé","code_insee":"08302","departement":"Ardennes","region":"Grand Est"}},{"type":"Feature","geometry":{"type":"Point","coordinates":[4.74462,49.91178]},"properties":{"latitude":"49.91178","longitude":"4.74462","bright_ti4":"320.47","scan":"0.49","track":"0.4","acq_date":"2026-08-16","acq_time":"137","satellite":"N","instrument":"VIIRS","confidence":"n","version":"2.0NRT","bright_ti5":"293.11","frp":"1.63","daynight":"N","commune":"Monthermé","code_insee":"08302","departement":"Ardennes","region":"Grand Est"}},{"type":"Feature","geometry":{"type":"Point","coordinates":[4.73767,49.91254]},"properties":{"latitude":"49.91254","longitude":"4.73767","bright_ti4":"307.8","scan":"0.49","track":"0.4","acq_date":"2026-08-16","acq_time":"137","satellite":"N","instrument":"VIIRS","confidence":"n","version":"2.0NRT","bright_ti5":"290.43","frp":"1.63","daynight":"N","commune":"Monthermé","code_insee":"08302","departement":"Ardennes","region":"Grand Est"}},{"type":"Feature","geometry":{"type":"Point","coordinates":[4.74581,49.91545]},"properties":{"latitude":"49.91545","longitude":"4.74581","bright_ti4":"303.77","scan":"0.49","track":"0.4","acq_date":"2026-08-16","acq_time":"137","satellite":"N","instrument":"VIIRS","confidence":"n","version":"2.0NRT","bright_ti5":"290.25","frp":"1.14","daynight":"N","commune":"Monthermé","code_insee":"08302","departement":"Ardennes","region":"Grand Est"}},{"type":"Feature","geometry":{"type":"Point","coordinates":[-2.05485,47.31756]},"properties":{"latitude":"47.31756","longitude":"-2.05485","bright_ti4":"298.88","scan":"0.37","track":"0.58","acq_date":"2026-08-16","acq_time":"317","satellite":"N","instrument":"VIIRS","confidence":"n","version":"2.0NRT","bright_ti5":"286.84","frp":"0.9","daynight":"N","commune":"Donges","code_insee":"44052","departement":"Loire-Atlantique","region":"Pays de la Loire"}},{"type":"Feature","geometry":{"type":"Point","coordinates":[4.74495,49.90963]},"properties":{"latitude":"49.90963","longitude":"4.74495","bright_ti4":"306.88","scan":"0.57","track":"0.69","acq_date":"2026-08-16","acq_time":"317","satellite":"N","instrument":"VIIRS","confidence":"n","version":"2.0NRT","bright_ti5":"286.43","frp":"1.78","daynight":"N","commune":"Monthermé","code_insee":"08302","departement":"Ardennes","region":"Grand Est"}},{"type":"Feature","geometry":{"type":"Point","coordinates":[0.17049,47.21641]},"properties":{"latitude":"47.21641","longitude":"0.17049","bright_ti4":"336.8","scan":"0.4","track":"0.37","acq_date":"2026-08-16","acq_time":"1304","satellite":"N","instrument":"VIIRS","confidence":"n","version":"2.0NRT","bright_ti5":"303.27","frp":"1.7","daynight":"D","commune":"Avoine","code_insee":"37011","departement":"Indre-et-Loire","region":"Centre-Val de Loire"}},{"type":"Feature","geometry":{"type":"Point","coordinates":[-2.0569,47.31633]},"properties":{"latitude":"47.31633","longitude":"-2.0569","bright_ti4":"297.96","scan":"0.49","track":"0.65","acq_date":"2026-08-17","acq_time":"117","satellite":"N","instrument":"VIIRS","confidence":"n","version":"2.0NRT","bright_ti5":"279.43","frp":"0.88","daynight":"N","commune":"Donges","code_insee":"44052","departement":"Loire-Atlantique","region":"Pays de la Loire"}},{"type":"Feature","geometry":{"type":"Point","coordinates":[6.1161,48.60865]},"properties":{"latitude":"48.60865","longitude":"6.1161","bright_ti4":"303.55","scan":"0.42","track":"0.46","acq_date":"2026-08-17","acq_time":"117","satellite":"N","instrument":"VIIRS","confidence":"n","version":"2.0NRT","bright_ti5":"283.69","frp":"1.18","daynight":"N","commune":"Neuves-Maisons","code_insee":"54397","departement":"Meurthe-et-Moselle","region":"Grand Est"}},{"type":"Feature","geometry":{"type":"Point","coordinates":[6.11026,48.60913]},"properties":{"latitude":"48.60913","longitude":"6.11026","bright_ti4":"301.79","scan":"0.42","track":"0.46","acq_date":"2026-08-17","acq_time":"117","satellite":"N","instrument":"VIIRS","confidence":"n","version":"2.0NRT","bright_ti5":"284.15","frp":"1","daynight":"N","commune":"Neuves-Maisons","code_insee":"54397","departement":"Meurthe-et-Moselle","region":"Grand Est"}},{"type":"Feature","geometry":{"type":"Point","coordinates":[1.5196,42.90186]},"properties":{"latitude":"42.90186","longitude":"1.5196","bright_ti4":"315.37","scan":"0.61","track":"0.54","acq_date":"2026-08-17","acq_time":"120","satellite":"N","instrument":"VIIRS","confidence":"n","version":"2.0NRT","bright_ti5":"284.76","frp":"2.46","daynight":"N","commune":"Saurat","code_insee":"09280","departement":"Ariège","region":"Occitanie"}},{"type":"Feature","geometry":{"type":"Point","coordinates":[1.51304,42.90226]},"properties":{"latitude":"42.90226","longitude":"1.51304","bright_ti4":"302.22","scan":"0.61","track":"0.54","acq_date":"2026-08-17","acq_time":"120","satellite":"N","instrument":"VIIRS","confidence":"n","version":"2.0NRT","bright_ti5":"283.53","frp":"2","daynight":"N","commune":"Saurat","code_insee":"09280","departement":"Ariège","region":"Occitanie"}},{"type":"Feature","geometry":{"type":"Point","coordinates":[1.52066,42.9068]},"properties":{"latitude":"42.9068","longitude":"1.52066","bright_ti4":"316.38","scan":"0.61","track":"0.54","acq_date":"2026-08-17","acq_time":"120","satellite":"N","instrument":"VIIRS","confidence":"n","version":"2.0NRT","bright_ti5":"284.89","frp":"2.5","daynight":"N","commune":"Saurat","code_insee":"09280","departement":"Ariège","region":"Occitanie"}},{"type":"Feature","geometry":{"type":"Point","coordinates":[1.51369,42.90723]},"properties":{"latitude":"42.90723","longitude":"1.51369","bright_ti4":"307.54","scan":"0.61","track":"0.54","acq_date":"2026-08-17","acq_time":"120","satellite":"N","instrument":"VIIRS","confidence":"n","version":"2.0NRT","bright_ti5":"283.68","frp":"2.76","daynight":"N","commune":"Brassac","code_insee":"09066","departement":"Ariège","region":"Occitanie"}},{"type":"Feature","geometry":{"type":"Point","coordinates":[0.98936,43.1841]},"properties":{"latitude":"43.1841","longitude":"0.98936","bright_ti4":"299.7","scan":"0.33","track":"0.55","acq_date":"2026-08-17","acq_time":"120","satellite":"N","instrument":"VIIRS","confidence":"n","version":"2.0NRT","bright_ti5":"288.11","frp":"0.43","daynight":"N","commune":"Martres-Tolosane","code_insee":"31324","departement":"Haute-Garonne","region":"Occitanie"}},{"type":"Feature","geometry":{"type":"Point","coordinates":[4.89678,43.43191]},"properties":{"latitude":"43.43191","longitude":"4.89678","bright_ti4":"305.9","scan":"0.42","track":"0.45","acq_date":"2026-08-17","acq_time":"120","satellite":"N","instrument":"VIIRS","confidence":"n","version":"2.0NRT","bright_ti5":"290.35","frp":"2.18","daynight":"N","commune":"Fos-sur-Mer","code_insee":"13039","departement":"Bouches-du-Rhône","region":"Provence-Alpes-Côte d'Azur"}},{"type":"Feature","geometry":{"type":"Point","coordinates":[4.89226,43.43658]},"properties":{"latitude":"43.43658","longitude":"4.89226","bright_ti4":"309.18","scan":"0.42","track":"0.45","acq_date":"2026-08-17","acq_time":"120","satellite":"N","instrument":"VIIRS","confidence":"n","version":"2.0NRT","bright_ti5":"289.52","frp":"1.37","daynight":"N","commune":"Fos-sur-Mer","code_insee":"13039","departement":"Bouches-du-Rhône","region":"Provence-Alpes-Côte d'Azur"}},{"type":"Feature","geometry":{"type":"Point","coordinates":[4.89298,43.44078]},"properties":{"latitude":"43.44078","longitude":"4.89298","bright_ti4":"320.35","scan":"0.42","track":"0.45","acq_date":"2026-08-17","acq_time":"120","satellite":"N","instrument":"VIIRS","confidence":"n","version":"2.0NRT","bright_ti5":"289.83","frp":"1.37","daynight":"N","commune":"Fos-sur-Mer","code_insee":"13039","departement":"Bouches-du-Rhône","region":"Provence-Alpes-Côte d'Azur"}},{"type":"Feature","geometry":{"type":"Point","coordinates":[4.89897,43.44449]},"properties":{"latitude":"43.44449","longitude":"4.89897","bright_ti4":"313.62","scan":"0.42","track":"0.45","acq_date":"2026-08-17","acq_time":"120","satellite":"N","instrument":"VIIRS","confidence":"n","version":"2.0NRT","bright_ti5":"290.08","frp":"2.51","daynight":"N","commune":"Fos-sur-Mer","code_insee":"13039","departement":"Bouches-du-Rhône","region":"Provence-Alpes-Côte d'Azur"}},{"type":"Feature","geometry":{"type":"Point","coordinates":[4.87786,43.44642]},"properties":{"latitude":"43.44642","longitude":"4.87786","bright_ti4":"302.12","scan":"0.42","track":"0.45","acq_date":"2026-08-17","acq_time":"120","satellite":"N","instrument":"VIIRS","confidence":"n","version":"2.0NRT","bright_ti5":"287.82","frp":"0.55","daynight":"N","commune":"Fos-sur-Mer","code_insee":"13039","departement":"Bouches-du-Rhône","region":"Provence-Alpes-Côte d'Azur"}},{"type":"Feature","geometry":{"type":"Point","coordinates":[7.37378,43.79498]},"properties":{"latitude":"43.79498","longitude":"7.37378","bright_ti4":"307.66","scan":"0.5","track":"0.41","acq_date":"2026-08-17","acq_time":"120","satellite":"N","instrument":"VIIRS","confidence":"n","version":"2.0NRT","bright_ti5":"291.69","frp":"1.27","daynight":"N","commune":"Blausasc","code_insee":"06019","departement":"Alpes-Maritimes","region":"Provence-Alpes-Côte d'Azur"}},{"type":"Feature","geometry":{"type":"Point","coordinates":[-0.69401,44.05479]},"properties":{"latitude":"44.05479","longitude":"-0.69401","bright_ti4":"299.79","scan":"0.4","track":"0.6","acq_date":"2026-08-17","acq_time":"120","satellite":"N","instrument":"VIIRS","confidence":"n","version":"2.0NRT","bright_ti5":"286.95","frp":"1.69","daynight":"N","commune":"Garein","code_insee":"40105","departement":"Landes","region":"Nouvelle-Aquitaine"}},{"type":"Feature","geometry":{"type":"Point","coordinates":[-0.69259,44.05782]},"properties":{"latitude":"44.05782","longitude":"-0.69259","bright_ti4":"300.23","scan":"0.4","track":"0.6","acq_date":"2026-08-17","acq_time":"120","satellite":"N","instrument":"VIIRS","confidence":"n","version":"2.0NRT","bright_ti5":"287.67","frp":"1.34","daynight":"N","commune":"Garein","code_insee":"40105","departement":"Landes","region":"Nouvelle-Aquitaine"}},{"type":"Feature","geometry":{"type":"Point","coordinates":[4.69464,44.08804]},"properties":{"latitude":"44.08804","longitude":"4.69464","bright_ti4":"300.58","scan":"0.44","track":"0.46","acq_date":"2026-08-17","acq_time":"120","satellite":"N","instrument":"VIIRS","confidence":"n","version":"2.0NRT","bright_ti5":"289.28","frp":"0.46","daynight":"N","commune":"Laudun-l'Ardoise","code_insee":"30141","departement":"Gard","region":"Occitanie"}},{"type":"Feature","geometry":{"type":"Point","coordinates":[5.81875,45.91107]},"properties":{"latitude":"45.91107","longitude":"5.81875","bright_ti4":"307.95","scan":"0.41","track":"0.45","acq_date":"2026-08-17","acq_time":"120","satellite":"N","instrument":"VIIRS","confidence":"n","version":"2.0NRT","bright_ti5":"289.82","frp":"0.74","daynight":"N","commune":"Anglefort","code_insee":"01010","departement":"Ain","region":"Auvergne-Rhône-Alpes"}},{"type":"Feature","geometry":{"type":"Point","coordinates":[4.84476,46.17275]},"properties":{"latitude":"46.17275","longitude":"4.84476","bright_ti4":"308.01","scan":"0.45","track":"0.47","acq_date":"2026-08-17","acq_time":"120","satellite":"N","instrument":"VIIRS","confidence":"n","version":"2.0NRT","bright_ti5":"278.98","frp":"2.01","daynight":"N","commune":"Saint-Didier-sur-Chalaronne","code_insee":"01348","departement":"Ain","region":"Auvergne-Rhône-Alpes"}},{"type":"Feature","geometry":{"type":"Point","coordinates":[1.51996,42.90503]},"properties":{"latitude":"42.90503","longitude":"1.51996","bright_ti4":"298.18","scan":"0.44","track":"0.63","acq_date":"2026-08-17","acq_time":"300","satellite":"N","instrument":"VIIRS","confidence":"n","version":"2.0NRT","bright_ti5":"283.78","frp":"0.49","daynight":"N","commune":"Saurat","code_insee":"09280","departement":"Ariège","region":"Occitanie"}},{"type":"Feature","geometry":{"type":"Point","coordinates":[4.89384,43.43488]},"properties":{"latitude":"43.43488","longitude":"4.89384","bright_ti4":"301.87","scan":"0.6","track":"0.71","acq_date":"2026-08-17","acq_time":"300","satellite":"N","instrument":"VIIRS","confidence":"n","version":"2.0NRT","bright_ti5":"288.05","frp":"2.65","daynight":"N","commune":"Fos-sur-Mer","code_insee":"13039","departement":"Bouches-du-Rhône","region":"Provence-Alpes-Côte d'Azur"}},{"type":"Feature","geometry":{"type":"Point","coordinates":[4.8884,43.43713]},"properties":{"latitude":"43.43713","longitude":"4.8884","bright_ti4":"323.1","scan":"0.6","track":"0.71","acq_date":"2026-08-17","acq_time":"300","satellite":"N","instrument":"VIIRS","confidence":"n","version":"2.0NRT","bright_ti5":"288.71","frp":"4.45","daynight":"N","commune":"Fos-sur-Mer","code_insee":"13039","departement":"Bouches-du-Rhône","region":"Provence-Alpes-Côte d'Azur"}},{"type":"Feature","geometry":{"type":"Point","coordinates":[4.88684,43.43724]},"properties":{"latitude":"43.43724","longitude":"4.88684","bright_ti4":"319.87","scan":"0.6","track":"0.71","acq_date":"2026-08-17","acq_time":"300","satellite":"N","instrument":"VIIRS","confidence":"n","version":"2.0NRT","bright_ti5":"288.67","frp":"2.45","daynight":"N","commune":"Fos-sur-Mer","code_insee":"13039","departement":"Bouches-du-Rhône","region":"Provence-Alpes-Côte d'Azur"}},{"type":"Feature","geometry":{"type":"Point","coordinates":[4.88138,43.43945]},"properties":{"latitude":"43.43945","longitude":"4.88138","bright_ti4":"304.59","scan":"0.6","track":"0.71","acq_date":"2026-08-17","acq_time":"300","satellite":"N","instrument":"VIIRS","confidence":"n","version":"2.0NRT","bright_ti5":"288.45","frp":"1.9","daynight":"N","commune":"Fos-sur-Mer","code_insee":"13039","departement":"Bouches-du-Rhône","region":"Provence-Alpes-Côte d'Azur"}},{"type":"Feature","geometry":{"type":"Point","coordinates":[4.87982,43.43961]},"properties":{"latitude":"43.43961","longitude":"4.87982","bright_ti4":"306.3","scan":"0.6","track":"0.71","acq_date":"2026-08-17","acq_time":"300","satellite":"N","instrument":"VIIRS","confidence":"n","version":"2.0NRT","bright_ti5":"288.53","frp":"2.45","daynight":"N","commune":"Fos-sur-Mer","code_insee":"13039","departement":"Bouches-du-Rhône","region":"Provence-Alpes-Côte d'Azur"}},{"type":"Feature","geometry":{"type":"Point","coordinates":[4.87433,43.44178]},"properties":{"latitude":"43.44178","longitude":"4.87433","bright_ti4":"303.3","scan":"0.6","track":"0.71","acq_date":"2026-08-17","acq_time":"300","satellite":"N","instrument":"VIIRS","confidence":"n","version":"2.0NRT","bright_ti5":"287.66","frp":"1.9","daynight":"N","commune":"Fos-sur-Mer","code_insee":"13039","departement":"Bouches-du-Rhône","region":"Provence-Alpes-Côte d'Azur"}},{"type":"Feature","geometry":{"type":"Point","coordinates":[4.88366,43.44563]},"properties":{"latitude":"43.44563","longitude":"4.88366","bright_ti4":"301.43","scan":"0.6","track":"0.71","acq_date":"2026-08-17","acq_time":"300","satellite":"N","instrument":"VIIRS","confidence":"n","version":"2.0NRT","bright_ti5":"287.89","frp":"1.82","daynight":"N","commune":"Fos-sur-Mer","code_insee":"13039","departement":"Bouches-du-Rhône","region":"Provence-Alpes-Côte d'Azur"}},{"type":"Feature","geometry":{"type":"Point","coordinates":[-2.05464,47.31564]},"properties":{"latitude":"47.31564","longitude":"-2.05464","bright_ti4":"296.58","scan":"0.46","track":"0.47","acq_date":"2026-08-17","acq_time":"300","satellite":"N","instrument":"VIIRS","confidence":"n","version":"2.0NRT","bright_ti5":"282.38","frp":"0.49","daynight":"N","commune":"Donges","code_insee":"44052","departement":"Loire-Atlantique","region":"Pays de la Loire"}},{"type":"Feature","geometry":{"type":"Point","coordinates":[2.83284,42.61593]},"properties":{"latitude":"42.61593","longitude":"2.83284","bright_ti4":"349.38","scan":"0.4","track":"0.37","acq_date":"2026-08-17","acq_time":"1244","satellite":"N","instrument":"VIIRS","confidence":"n","version":"2.0NRT","bright_ti5":"302.29","frp":"3.11","daynight":"D","commune":"Trouillas","code_insee":"66217","departement":"Pyrénées-Orientales","region":"Occitanie"}},{"type":"Feature","geometry":{"type":"Point","coordinates":[2.83767,42.61678]},"properties":{"latitude":"42.61678","longitude":"2.83767","bright_ti4":"347.49","scan":"0.4","track":"0.37","acq_date":"2026-08-17","acq_time":"1244","satellite":"N","instrument":"VIIRS","confidence":"n","version":"2.0NRT","bright_ti5":"301.84","frp":"3.11","daynight":"D","commune":"Trouillas","code_insee":"66217","departement":"Pyrénées-Orientales","region":"Occitanie"}},{"type":"Feature","geometry":{"type":"Point","coordinates":[2.8425,42.61761]},"properties":{"latitude":"42.61761","longitude":"2.8425","bright_ti4":"353.68","scan":"0.4","track":"0.37","acq_date":"2026-08-17","acq_time":"1244","satellite":"N","instrument":"VIIRS","confidence":"n","version":"2.0NRT","bright_ti5":"301.87","frp":"3.02","daynight":"D","commune":"Ponteilla","code_insee":"66145","departement":"Pyrénées-Orientales","region":"Occitanie"}},{"type":"Feature","geometry":{"type":"Point","coordinates":[2.83177,42.61927]},"properties":{"latitude":"42.61927","longitude":"2.83177","bright_ti4":"345.89","scan":"0.4","track":"0.37","acq_date":"2026-08-17","acq_time":"1244","satellite":"N","instrument":"VIIRS","confidence":"n","version":"2.0NRT","bright_ti5":"300.56","frp":"2.53","daynight":"D","commune":"Trouillas","code_insee":"66217","departement":"Pyrénées-Orientales","region":"Occitanie"}},{"type":"Feature","geometry":{"type":"Point","coordinates":[2.8366,42.62011]},"properties":{"latitude":"42.62011","longitude":"2.8366","bright_ti4":"341.47","scan":"0.4","track":"0.37","acq_date":"2026-08-17","acq_time":"1244","satellite":"N","instrument":"VIIRS","confidence":"n","version":"2.0NRT","bright_ti5":"301.27","frp":"2.53","daynight":"D","commune":"Trouillas","code_insee":"66217","departement":"Pyrénées-Orientales","region":"Occitanie"}},{"type":"Feature","geometry":{"type":"Point","coordinates":[2.84143,42.62095]},"properties":{"latitude":"42.62095","longitude":"2.84143","bright_ti4":"335.82","scan":"0.4","track":"0.37","acq_date":"2026-08-17","acq_time":"1244","satellite":"N","instrument":"VIIRS","confidence":"n","version":"2.0NRT","bright_ti5":"301.58","frp":"1.79","daynight":"D","commune":"Trouillas","code_insee":"66217","departement":"Pyrénées-Orientales","region":"Occitanie"}},{"type":"Feature","geometry":{"type":"Point","coordinates":[4.87814,43.44403]},"properties":{"latitude":"43.44403","longitude":"4.87814","bright_ti4":"336.62","scan":"0.38","track":"0.36","acq_date":"2026-08-17","acq_time":"1244","satellite":"N","instrument":"VIIRS","confidence":"n","version":"2.0NRT","bright_ti5":"276.48","frp":"4.97","daynight":"D","commune":"Fos-sur-Mer","code_insee":"13039","departement":"Bouches-du-Rhône","region":"Provence-Alpes-Côte d'Azur"}},{"type":"Feature","geometry":{"type":"Point","coordinates":[0.92336,46.85592]},"properties":{"latitude":"46.85592","longitude":"0.92336","bright_ti4":"340.99","scan":"0.4","track":"0.37","acq_date":"2026-08-17","acq_time":"1246","satellite":"N","instrument":"VIIRS","confidence":"n","version":"2.0NRT","bright_ti5":"298.22","frp":"3.45","daynight":"D","commune":"Preuilly-sur-Claise","code_insee":"37189","departement":"Indre-et-Loire","region":"Centre-Val de Loire"}},{"type":"Feature","geometry":{"type":"Point","coordinates":[0.99662,46.96431]},"properties":{"latitude":"46.96431","longitude":"0.99662","bright_ti4":"336.45","scan":"0.4","track":"0.37","acq_date":"2026-08-17","acq_time":"1246","satellite":"N","instrument":"VIIRS","confidence":"n","version":"2.0NRT","bright_ti5":"297.72","frp":"2.12","daynight":"D","commune":"Saint-Flovier","code_insee":"37218","departement":"Indre-et-Loire","region":"Centre-Val de Loire"}},{"type":"Feature","geometry":{"type":"Point","coordinates":[1.62881,46.97749]},"properties":{"latitude":"46.97749","longitude":"1.62881","bright_ti4":"346.49","scan":"0.39","track":"0.36","acq_date":"2026-08-17","acq_time":"1246","satellite":"N","instrument":"VIIRS","confidence":"n","version":"2.0NRT","bright_ti5":"297.93","frp":"3.83","daynight":"D","commune":"Levroux","code_insee":"36093","departement":"Indre","region":"Centre-Val de Loire"}},{"type":"Feature","geometry":{"type":"Point","coordinates":[1.69059,47.27847]},"properties":{"latitude":"47.27847","longitude":"1.69059","bright_ti4":"338.51","scan":"0.39","track":"0.36","acq_date":"2026-08-17","acq_time":"1246","satellite":"N","instrument":"VIIRS","confidence":"n","version":"2.0NRT","bright_ti5":"300.19","frp":"3.19","daynight":"D","commune":"Gièvres","code_insee":"41097","departement":"Loir-et-Cher","region":"Centre-Val de Loire"}},{"type":"Feature","geometry":{"type":"Point","coordinates":[0.63577,47.2876]},"properties":{"latitude":"47.2876","longitude":"0.63577","bright_ti4":"347.47","scan":"0.41","track":"0.37","acq_date":"2026-08-17","acq_time":"1246","satellite":"N","instrument":"VIIRS","confidence":"n","version":"2.0NRT","bright_ti5":"300.32","frp":"3.95","daynight":"D","commune":"Monts","code_insee":"37159","departement":"Indre-et-Loire","region":"Centre-Val de Loire"}},{"type":"Feature","geometry":{"type":"Point","coordinates":[1.03393,47.41415]},"properties":{"latitude":"47.41415","longitude":"1.03393","bright_ti4":"354.85","scan":"0.4","track":"0.37","acq_date":"2026-08-17","acq_time":"1246","satellite":"N","instrument":"VIIRS","confidence":"n","version":"2.0NRT","bright_ti5":"300.73","frp":"3.17","daynight":"D","commune":"Saint-Règle","code_insee":"37236","departement":"Indre-et-Loire","region":"Centre-Val de Loire"}},{"type":"Feature","geometry":{"type":"Point","coordinates":[0.29627,47.45056]},"properties":{"latitude":"47.45056","longitude":"0.29627","bright_ti4":"336.98","scan":"0.41","track":"0.37","acq_date":"2026-08-17","acq_time":"1246","satellite":"N","instrument":"VIIRS","confidence":"n","version":"2.0NRT","bright_ti5":"301.69","frp":"2.32","daynight":"D","commune":"Hommes","code_insee":"37117","departement":"Indre-et-Loire","region":"Centre-Val de Loire"}},{"type":"Feature","geometry":{"type":"Point","coordinates":[0.30161,47.45152]},"properties":{"latitude":"47.45152","longitude":"0.30161","bright_ti4":"336.36","scan":"0.41","track":"0.37","acq_date":"2026-08-17","acq_time":"1246","satellite":"N","instrument":"VIIRS","confidence":"n","version":"2.0NRT","bright_ti5":"304.97","frp":"2.32","daynight":"D","commune":"Savigné-sur-Lathan","code_insee":"37241","departement":"Indre-et-Loire","region":"Centre-Val de Loire"}},{"type":"Feature","geometry":{"type":"Point","coordinates":[0.58732,47.54893]},"properties":{"latitude":"47.54893","longitude":"0.58732","bright_ti4":"338.88","scan":"0.4","track":"0.37","acq_date":"2026-08-17","acq_time":"1246","satellite":"N","instrument":"VIIRS","confidence":"n","version":"2.0NRT","bright_ti5":"303.63","frp":"3.2","daynight":"D","commune":"Neuillé-Pont-Pierre","code_insee":"37167","departement":"Indre-et-Loire","region":"Centre-Val de Loire"}},{"type":"Feature","geometry":{"type":"Point","coordinates":[0.59659,47.55412]},"properties":{"latitude":"47.55412","longitude":"0.59659","bright_ti4":"343.65","scan":"0.4","track":"0.37","acq_date":"2026-08-17","acq_time":"1246","satellite":"N","instrument":"VIIRS","confidence":"n","version":"2.0NRT","bright_ti5":"303.21","frp":"1.69","daynight":"D","commune":"Neuillé-Pont-Pierre","code_insee":"37167","departement":"Indre-et-Loire","region":"Centre-Val de Loire"}},{"type":"Feature","geometry":{"type":"Point","coordinates":[0.12882,47.64448]},"properties":{"latitude":"47.64448","longitude":"0.12882","bright_ti4":"335.19","scan":"0.41","track":"0.37","acq_date":"2026-08-17","acq_time":"1246","satellite":"N","instrument":"VIIRS","confidence":"n","version":"2.0NRT","bright_ti5":"301.06","frp":"2.51","daynight":"D","commune":"Le Lude","code_insee":"72176","departement":"Sarthe","region":"Pays de la Loire"}},{"type":"Feature","geometry":{"type":"Point","coordinates":[0.27904,48.00289]},"properties":{"latitude":"48.00289","longitude":"0.27904","bright_ti4":"346.13","scan":"0.41","track":"0.37","acq_date":"2026-08-17","acq_time":"1246","satellite":"N","instrument":"VIIRS","confidence":"n","version":"2.0NRT","bright_ti5":"299.54","frp":"4.11","daynight":"D","commune":"Yvré-l'Évêque","code_insee":"72386","departement":"Sarthe","region":"Pays de la Loire"}},{"type":"Feature","geometry":{"type":"Point","coordinates":[0.28438,48.00385]},"properties":{"latitude":"48.00385","longitude":"0.28438","bright_ti4":"351.93","scan":"0.41","track":"0.37","acq_date":"2026-08-17","acq_time":"1246","satellite":"N","instrument":"VIIRS","confidence":"n","version":"2.0NRT","bright_ti5":"301.04","frp":"4.11","daynight":"D","commune":"Yvré-l'Évêque","code_insee":"72386","departement":"Sarthe","region":"Pays de la Loire"}},{"type":"Feature","geometry":{"type":"Point","coordinates":[0.27771,48.00622]},"properties":{"latitude":"48.00622","longitude":"0.27771","bright_ti4":"335.43","scan":"0.41","track":"0.37","acq_date":"2026-08-17","acq_time":"1246","satellite":"N","instrument":"VIIRS","confidence":"n","version":"2.0NRT","bright_ti5":"298.67","frp":"3.47","daynight":"D","commune":"Yvré-l'Évêque","code_insee":"72386","departement":"Sarthe","region":"Pays de la Loire"}},{"type":"Feature","geometry":{"type":"Point","coordinates":[0.28306,48.00718]},"properties":{"latitude":"48.00718","longitude":"0.28306","bright_ti4":"347.99","scan":"0.41","track":"0.37","acq_date":"2026-08-17","acq_time":"1246","satellite":"N","instrument":"VIIRS","confidence":"n","version":"2.0NRT","bright_ti5":"301.31","frp":"3.47","daynight":"D","commune":"Yvré-l'Évêque","code_insee":"72386","departement":"Sarthe","region":"Pays de la Loire"}},{"type":"Feature","geometry":{"type":"Point","coordinates":[0.39631,48.03799]},"properties":{"latitude":"48.03799","longitude":"0.39631","bright_ti4":"341.35","scan":"0.4","track":"0.37","acq_date":"2026-08-17","acq_time":"1246","satellite":"N","instrument":"VIIRS","confidence":"n","version":"2.0NRT","bright_ti5":"300.33","frp":"3.25","daynight":"D","commune":"Saint-Mars-la-Brière","code_insee":"72300","departement":"Sarthe","region":"Pays de la Loire"}},{"type":"Feature","geometry":{"type":"Point","coordinates":[-0.64183,48.06999]},"properties":{"latitude":"48.06999","longitude":"-0.64183","bright_ti4":"340.12","scan":"0.42","track":"0.38","acq_date":"2026-08-17","acq_time":"1246","satellite":"N","instrument":"VIIRS","confidence":"n","version":"2.0NRT","bright_ti5":"297.53","frp":"3.01","daynight":"D","commune":"Argentré","code_insee":"53007","departement":"Mayenne","region":"Pays de la Loire"}},{"type":"Feature","geometry":{"type":"Point","coordinates":[-0.64325,48.07338]},"properties":{"latitude":"48.07338","longitude":"-0.64325","bright_ti4":"337.66","scan":"0.42","track":"0.38","acq_date":"2026-08-17","acq_time":"1246","satellite":"N","instrument":"VIIRS","confidence":"n","version":"2.0NRT","bright_ti5":"298.98","frp":"1.99","daynight":"D","commune":"Argentré","code_insee":"53007","departement":"Mayenne","region":"Pays de la Loire"}},{"type":"Feature","geometry":{"type":"Point","coordinates":[-0.63765,48.07442]},"properties":{"latitude":"48.07442","longitude":"-0.63765","bright_ti4":"335.72","scan":"0.42","track":"0.38","acq_date":"2026-08-17","acq_time":"1246","satellite":"N","instrument":"VIIRS","confidence":"n","version":"2.0NRT","bright_ti5":"295.91","frp":"1.99","daynight":"D","commune":"Argentré","code_insee":"53007","departement":"Mayenne","region":"Pays de la Loire"}},{"type":"Feature","geometry":{"type":"Point","coordinates":[2.22217,48.65921]},"properties":{"latitude":"48.65921","longitude":"2.22217","bright_ti4":"334.54","scan":"0.38","track":"0.36","acq_date":"2026-08-17","acq_time":"1246","satellite":"N","instrument":"VIIRS","confidence":"n","version":"2.0NRT","bright_ti5":"301.15","frp":"2.34","daynight":"D","commune":"Nozay","code_insee":"91458","departement":"Essonne","region":"Île-de-France"}},{"type":"Feature","geometry":{"type":"Point","coordinates":[2.2701,51.02885]},"properties":{"latitude":"51.02885","longitude":"2.2701","bright_ti4":"309.68","scan":"0.53","track":"0.67","acq_date":"2026-08-18","acq_time":"58","satellite":"N","instrument":"VIIRS","confidence":"n","version":"2.0NRT","bright_ti5":"271.1","frp":"1.84","daynight":"N","commune":"Grande-Synthe","code_insee":"59271","departement":"Nord","region":"Hauts-de-France"}},{"type":"Feature","geometry":{"type":"Point","coordinates":[2.2697,51.03091]},"properties":{"latitude":"51.03091","longitude":"2.2697","bright_ti4":"298.98","scan":"0.53","track":"0.67","acq_date":"2026-08-18","acq_time":"58","satellite":"N","instrument":"VIIRS","confidence":"n","version":"2.0NRT","bright_ti5":"271.16","frp":"1.99","daynight":"N","commune":"Grande-Synthe","code_insee":"59271","departement":"Nord","region":"Hauts-de-France"}},{"type":"Feature","geometry":{"type":"Point","coordinates":[7.37337,43.7943]},"properties":{"latitude":"43.7943","longitude":"7.37337","bright_ti4":"302.8","scan":"0.55","track":"0.51","acq_date":"2026-08-18","acq_time":"100","satellite":"N","instrument":"VIIRS","confidence":"n","version":"2.0NRT","bright_ti5":"290.74","frp":"1.03","daynight":"N","commune":"Blausasc","code_insee":"06019","departement":"Alpes-Maritimes","region":"Provence-Alpes-Côte d'Azur"}},{"type":"Feature","geometry":{"type":"Point","coordinates":[5.82053,45.91245]},"properties":{"latitude":"45.91245","longitude":"5.82053","bright_ti4":"301.43","scan":"0.34","track":"0.56","acq_date":"2026-08-18","acq_time":"100","satellite":"N","instrument":"VIIRS","confidence":"n","version":"2.0NRT","bright_ti5":"287.22","frp":"0.6","daynight":"N","commune":"Anglefort","code_insee":"01010","departement":"Ain","region":"Auvergne-Rhône-Alpes"}},{"type":"Feature","geometry":{"type":"Point","coordinates":[1.511,42.90285]},"properties":{"latitude":"42.90285","longitude":"1.511","bright_ti4":"301.84","scan":"0.54","track":"0.68","acq_date":"2026-08-18","acq_time":"102","satellite":"N","instrument":"VIIRS","confidence":"n","version":"2.0NRT","bright_ti5":"283.95","frp":"1.69","daynight":"N","commune":"Saurat","code_insee":"09280","departement":"Ariège","region":"Occitanie"}},{"type":"Feature","geometry":{"type":"Point","coordinates":[1.50845,42.90651]},"properties":{"latitude":"42.90651","longitude":"1.50845","bright_ti4":"307.55","scan":"0.54","track":"0.67","acq_date":"2026-08-18","acq_time":"102","satellite":"N","instrument":"VIIRS","confidence":"n","version":"2.0NRT","bright_ti5":"284.45","frp":"2.45","daynight":"N","commune":"Brassac","code_insee":"09066","departement":"Ariège","region":"Occitanie"}},{"type":"Feature","geometry":{"type":"Point","coordinates":[4.89032,43.4377]},"properties":{"latitude":"43.4377","longitude":"4.89032","bright_ti4":"327.63","scan":"0.36","track":"0.58","acq_date":"2026-08-18","acq_time":"102","satellite":"N","instrument":"VIIRS","confidence":"n","version":"2.0NRT","bright_ti5":"290.27","frp":"3.98","daynight":"N","commune":"Fos-sur-Mer","code_insee":"13039","departement":"Bouches-du-Rhône","region":"Provence-Alpes-Côte d'Azur"}},{"type":"Feature","geometry":{"type":"Point","coordinates":[4.877,43.44374]},"properties":{"latitude":"43.44374","longitude":"4.877","bright_ti4":"320.1","scan":"0.36","track":"0.58","acq_date":"2026-08-18","acq_time":"102","satellite":"N","instrument":"VIIRS","confidence":"n","version":"2.0NRT","bright_ti5":"284.04","frp":"4.7","daynight":"N","commune":"Fos-sur-Mer","code_insee":"13039","departement":"Bouches-du-Rhône","region":"Provence-Alpes-Côte d'Azur"}},{"type":"Feature","geometry":{"type":"Point","coordinates":[0.4785,46.6629]},"properties":{"latitude":"46.6629","longitude":"0.4785","bright_ti4":"299.59","scan":"0.39","track":"0.44","acq_date":"2026-08-18","acq_time":"241","satellite":"N","instrument":"VIIRS","confidence":"n","version":"2.0NRT","bright_ti5":"287.55","frp":"0.74","daynight":"N","commune":"Saint-Georges-lès-Baillargeaux","code_insee":"86222","departement":"Vienne","region":"Nouvelle-Aquitaine"}},{"type":"Feature","geometry":{"type":"Point","coordinates":[6.96728,48.69323]},"properties":{"latitude":"48.69323","longitude":"6.96728","bright_ti4":"299.42","scan":"0.32","track":"0.54","acq_date":"2026-08-18","acq_time":"241","satellite":"N","instrument":"VIIRS","confidence":"n","version":"2.0NRT","bright_ti5":"286.3","frp":"0.83","daynight":"N","commune":"Héming","code_insee":"57314","departement":"Moselle","region":"Grand Est"}},{"type":"Feature","geometry":{"type":"Point","coordinates":[6.14643,49.31722]},"properties":{"latitude":"49.31722","longitude":"6.14643","bright_ti4":"297.34","scan":"0.56","track":"0.52","acq_date":"2026-08-18","acq_time":"241","satellite":"N","instrument":"VIIRS","confidence":"n","version":"2.0NRT","bright_ti5":"285.37","frp":"0.49","daynight":"N","commune":"Florange","code_insee":"57221","departement":"Moselle","region":"Grand Est"}},{"type":"Feature","geometry":{"type":"Point","coordinates":[0.53484,49.47675]},"properties":{"latitude":"49.47675","longitude":"0.53484","bright_ti4":"302.12","scan":"0.51","track":"0.41","acq_date":"2026-08-18","acq_time":"241","satellite":"N","instrument":"VIIRS","confidence":"n","version":"2.0NRT","bright_ti5":"283.74","frp":"0.71","daynight":"N","commune":"Lillebonne","code_insee":"76384","departement":"Seine-Maritime","region":"Normandie"}},{"type":"Feature","geometry":{"type":"Point","coordinates":[4.88782,43.43142]},"properties":{"latitude":"43.43142","longitude":"4.88782","bright_ti4":"309.15","scan":"0.37","track":"0.58","acq_date":"2026-08-18","acq_time":"243","satellite":"N","instrument":"VIIRS","confidence":"n","version":"2.0NRT","bright_ti5":"292.38","frp":"1.05","daynight":"N","commune":"Fos-sur-Mer","code_insee":"13039","departement":"Bouches-du-Rhône","region":"Provence-Alpes-Côte d'Azur"}},{"type":"Feature","geometry":{"type":"Point","coordinates":[4.89485,43.43523]},"properties":{"latitude":"43.43523","longitude":"4.89485","bright_ti4":"303.84","scan":"0.37","track":"0.58","acq_date":"2026-08-18","acq_time":"243","satellite":"N","instrument":"VIIRS","confidence":"n","version":"2.0NRT","bright_ti5":"292.21","frp":"1.05","daynight":"N","commune":"Fos-sur-Mer","code_insee":"13039","departement":"Bouches-du-Rhône","region":"Provence-Alpes-Côte d'Azur"}},{"type":"Feature","geometry":{"type":"Point","coordinates":[4.89051,43.43647]},"properties":{"latitude":"43.43647","longitude":"4.89051","bright_ti4":"315.82","scan":"0.37","track":"0.58","acq_date":"2026-08-18","acq_time":"243","satellite":"N","instrument":"VIIRS","confidence":"n","version":"2.0NRT","bright_ti5":"292.81","frp":"1.05","daynight":"N","commune":"Fos-sur-Mer","code_insee":"13039","departement":"Bouches-du-Rhône","region":"Provence-Alpes-Côte d'Azur"}},{"type":"Feature","geometry":{"type":"Point","coordinates":[4.8862,43.4377]},"properties":{"latitude":"43.4377","longitude":"4.8862","bright_ti4":"304.92","scan":"0.37","track":"0.58","acq_date":"2026-08-18","acq_time":"243","satellite":"N","instrument":"VIIRS","confidence":"n","version":"2.0NRT","bright_ti5":"292.46","frp":"1.39","daynight":"N","commune":"Fos-sur-Mer","code_insee":"13039","departement":"Bouches-du-Rhône","region":"Provence-Alpes-Côte d'Azur"}},{"type":"Feature","geometry":{"type":"Point","coordinates":[4.88188,43.43893]},"properties":{"latitude":"43.43893","longitude":"4.88188","bright_ti4":"313.27","scan":"0.37","track":"0.58","acq_date":"2026-08-18","acq_time":"243","satellite":"N","instrument":"VIIRS","confidence":"n","version":"2.0NRT","bright_ti5":"292.41","frp":"1.39","daynight":"N","commune":"Fos-sur-Mer","code_insee":"13039","departement":"Bouches-du-Rhône","region":"Provence-Alpes-Côte d'Azur"}},{"type":"Feature","geometry":{"type":"Point","coordinates":[4.89322,43.44151]},"properties":{"latitude":"43.44151","longitude":"4.89322","bright_ti4":"311.72","scan":"0.37","track":"0.58","acq_date":"2026-08-18","acq_time":"243","satellite":"N","instrument":"VIIRS","confidence":"n","version":"2.0NRT","bright_ti5":"292.25","frp":"2.22","daynight":"N","commune":"Fos-sur-Mer","code_insee":"13039","departement":"Bouches-du-Rhône","region":"Provence-Alpes-Côte d'Azur"}},{"type":"Feature","geometry":{"type":"Point","coordinates":[4.8846,43.44396]},"properties":{"latitude":"43.44396","longitude":"4.8846","bright_ti4":"319.35","scan":"0.37","track":"0.58","acq_date":"2026-08-18","acq_time":"243","satellite":"N","instrument":"VIIRS","confidence":"n","version":"2.0NRT","bright_ti5":"291.53","frp":"3.24","daynight":"N","commune":"Fos-sur-Mer","code_insee":"13039","departement":"Bouches-du-Rhône","region":"Provence-Alpes-Côte d'Azur"}},{"type":"Feature","geometry":{"type":"Point","coordinates":[4.88026,43.4452]},"properties":{"latitude":"43.4452","longitude":"4.88026","bright_ti4":"320.9","scan":"0.37","track":"0.58","acq_date":"2026-08-18","acq_time":"243","satellite":"N","instrument":"VIIRS","confidence":"n","version":"2.0NRT","bright_ti5":"292.82","frp":"2.34","daynight":"N","commune":"Fos-sur-Mer","code_insee":"13039","departement":"Bouches-du-Rhône","region":"Provence-Alpes-Côte d'Azur"}},{"type":"Feature","geometry":{"type":"Point","coordinates":[4.90026,43.4453]},"properties":{"latitude":"43.4453","longitude":"4.90026","bright_ti4":"333.97","scan":"0.37","track":"0.58","acq_date":"2026-08-18","acq_time":"243","satellite":"N","instrument":"VIIRS","confidence":"n","version":"2.0NRT","bright_ti5":"293.69","frp":"2.22","daynight":"N","commune":"Fos-sur-Mer","code_insee":"13039","departement":"Bouches-du-Rhône","region":"Provence-Alpes-Côte d'Azur"}},{"type":"Feature","geometry":{"type":"Point","coordinates":[4.89591,43.44654]},"properties":{"latitude":"43.44654","longitude":"4.89591","bright_ti4":"325.65","scan":"0.37","track":"0.58","acq_date":"2026-08-18","acq_time":"243","satellite":"N","instrument":"VIIRS","confidence":"n","version":"2.0NRT","bright_ti5":"292.97","frp":"2.22","daynight":"N","commune":"Fos-sur-Mer","code_insee":"13039","departement":"Bouches-du-Rhône","region":"Provence-Alpes-Côte d'Azur"}},{"type":"Feature","geometry":{"type":"Point","coordinates":[4.69441,44.09066]},"properties":{"latitude":"44.09066","longitude":"4.69441","bright_ti4":"303.85","scan":"0.34","track":"0.56","acq_date":"2026-08-18","acq_time":"243","satellite":"N","instrument":"VIIRS","confidence":"n","version":"2.0NRT","bright_ti5":"291.74","frp":"0.43","daynight":"N","commune":"Laudun-l'Ardoise","code_insee":"30141","departement":"Gard","region":"Occitanie"}},{"type":"Feature","geometry":{"type":"Point","coordinates":[1.51745,42.89949]},"properties":{"latitude":"42.89949","longitude":"1.51745","bright_ti4":"334.55","scan":"0.44","track":"0.46","acq_date":"2026-08-18","acq_time":"1225","satellite":"N","instrument":"VIIRS","confidence":"n","version":"2.0NRT","bright_ti5":"299.76","frp":"3.5","daynight":"D","commune":"Saurat","code_insee":"09280","departement":"Ariège","region":"Occitanie"}},{"type":"Feature","geometry":{"type":"Point","coordinates":[4.33035,43.80704]},"properties":{"latitude":"43.80704","longitude":"4.33035","bright_ti4":"339.38","scan":"0.48","track":"0.4","acq_date":"2026-08-18","acq_time":"1225","satellite":"N","instrument":"VIIRS","confidence":"n","version":"2.0NRT","bright_ti5":"310.49","frp":"3.65","daynight":"D","commune":"Nîmes","code_insee":"30189","departement":"Gard","region":"Occitanie"}},{"type":"Feature","geometry":{"type":"Point","coordinates":[4.63618,45.92868]},"properties":{"latitude":"45.92868","longitude":"4.63618","bright_ti4":"330.56","scan":"0.44","track":"0.38","acq_date":"2026-08-18","acq_time":"1225","satellite":"N","instrument":"VIIRS","confidence":"n","version":"2.0NRT","bright_ti5":"295.88","frp":"2.11","daynight":"D","commune":"Theizé","code_insee":"69246","departement":"Rhône","region":"Auvergne-Rhône-Alpes"}},{"type":"Feature","geometry":{"type":"Point","coordinates":[1.51796,42.89871]},"properties":{"latitude":"42.89871","longitude":"1.51796","bright_ti4":"333.59","scan":"0.65","track":"0.73","acq_date":"2026-08-18","acq_time":"1405","satellite":"N","instrument":"VIIRS","confidence":"n","version":"2.0NRT","bright_ti5":"297.41","frp":"4.69","daynight":"D","commune":"Saurat","code_insee":"09280","departement":"Ariège","region":"Occitanie"}},{"type":"Feature","geometry":{"type":"Point","coordinates":[4.83357,49.35317]},"properties":{"latitude":"49.35317","longitude":"4.83357","bright_ti4":"300.61","scan":"0.66","track":"0.73","acq_date":"2026-08-19","acq_time":"39","satellite":"N","instrument":"VIIRS","confidence":"n","version":"2.0NRT","bright_ti5":"284.44","frp":"2.04","daynight":"N","commune":"Grandpré","code_insee":"08198","departement":"Ardennes","region":"Grand Est"}},{"type":"Feature","geometry":{"type":"Point","coordinates":[4.84313,49.35329]},"properties":{"latitude":"49.35329","longitude":"4.84313","bright_ti4":"314.82","scan":"0.66","track":"0.73","acq_date":"2026-08-19","acq_time":"39","satellite":"N","instrument":"VIIRS","confidence":"n","version":"2.0NRT","bright_ti5":"285.02","frp":"2.04","daynight":"N","commune":"Grandpré","code_insee":"08198","departement":"Ardennes","region":"Grand Est"}},{"type":"Feature","geometry":{"type":"Point","coordinates":[7.37402,43.79567]},"properties":{"latitude":"43.79567","longitude":"7.37402","bright_ti4":"305.06","scan":"0.48","track":"0.64","acq_date":"2026-08-19","acq_time":"41","satellite":"N","instrument":"VIIRS","confidence":"n","version":"2.0NRT","bright_ti5":"290.97","frp":"0.84","daynight":"N","commune":"Blausasc","code_insee":"06019","departement":"Alpes-Maritimes","region":"Provence-Alpes-Côte d'Azur"}},{"type":"Feature","geometry":{"type":"Point","coordinates":[0.9914,43.18677]},"properties":{"latitude":"43.18677","longitude":"0.9914","bright_ti4":"302.1","scan":"0.46","track":"0.39","acq_date":"2026-08-19","acq_time":"221","satellite":"N","instrument":"VIIRS","confidence":"n","version":"2.0NRT","bright_ti5":"291.71","frp":"0.93","daynight":"N","commune":"Martres-Tolosane","code_insee":"31324","departement":"Haute-Garonne","region":"Occitanie"}},{"type":"Feature","geometry":{"type":"Point","coordinates":[4.89414,43.43359]},"properties":{"latitude":"43.43359","longitude":"4.89414","bright_ti4":"305.74","scan":"0.44","track":"0.46","acq_date":"2026-08-19","acq_time":"221","satellite":"N","instrument":"VIIRS","confidence":"n","version":"2.0NRT","bright_ti5":"294.88","frp":"2.17","daynight":"N","commune":"Fos-sur-Mer","code_insee":"13039","departement":"Bouches-du-Rhône","region":"Provence-Alpes-Côte d'Azur"}},{"type":"Feature","geometry":{"type":"Point","coordinates":[4.89961,43.44591]},"properties":{"latitude":"43.44591","longitude":"4.89961","bright_ti4":"330","scan":"0.44","track":"0.46","acq_date":"2026-08-19","acq_time":"221","satellite":"N","instrument":"VIIRS","confidence":"n","version":"2.0NRT","bright_ti5":"295.52","frp":"2.64","daynight":"N","commune":"Fos-sur-Mer","code_insee":"13039","departement":"Bouches-du-Rhône","region":"Provence-Alpes-Côte d'Azur"}},{"type":"Feature","geometry":{"type":"Point","coordinates":[4.89434,43.44716]},"properties":{"latitude":"43.44716","longitude":"4.89434","bright_ti4":"308.92","scan":"0.44","track":"0.46","acq_date":"2026-08-19","acq_time":"221","satellite":"N","instrument":"VIIRS","confidence":"n","version":"2.0NRT","bright_ti5":"294.55","frp":"1.8","daynight":"N","commune":"Fos-sur-Mer","code_insee":"13039","departement":"Bouches-du-Rhône","region":"Provence-Alpes-Côte d'Azur"}},{"type":"Feature","geometry":{"type":"Point","coordinates":[0.48061,46.66346]},"properties":{"latitude":"46.66346","longitude":"0.48061","bright_ti4":"301.87","scan":"0.41","track":"0.37","acq_date":"2026-08-19","acq_time":"221","satellite":"N","instrument":"VIIRS","confidence":"n","version":"2.0NRT","bright_ti5":"289.08","frp":"0.61","daynight":"N","commune":"Saint-Georges-lès-Baillargeaux","code_insee":"86222","departement":"Vienne","region":"Nouvelle-Aquitaine"}},{"type":"Feature","geometry":{"type":"Point","coordinates":[-0.14151,46.8071]},"properties":{"latitude":"46.8071","longitude":"-0.14151","bright_ti4":"304.3","scan":"0.4","track":"0.37","acq_date":"2026-08-19","acq_time":"221","satellite":"N","instrument":"VIIRS","confidence":"n","version":"2.0NRT","bright_ti5":"289.57","frp":"0.58","daynight":"N","commune":"Airvault","code_insee":"79005","departement":"Deux-Sèvres","region":"Nouvelle-Aquitaine"}},{"type":"Feature","geometry":{"type":"Point","coordinates":[4.841,49.35067]},"properties":{"latitude":"49.35067","longitude":"4.841","bright_ti4":"296.23","scan":"0.49","track":"0.4","acq_date":"2026-08-19","acq_time":"221","satellite":"N","instrument":"VIIRS","confidence":"n","version":"2.0NRT","bright_ti5":"285.89","frp":"0.83","daynight":"N","commune":"Grandpré","code_insee":"08198","departement":"Ardennes","region":"Grand Est"}},{"type":"Feature","geometry":{"type":"Point","coordinates":[4.89286,43.43968]},"properties":{"latitude":"43.43968","longitude":"4.89286","bright_ti4":"303.79","scan":"0.63","track":"0.72","acq_date":"2026-08-15","acq_time":"35","satellite":"N20","instrument":"VIIRS","confidence":"n","version":"2.0NRT","bright_ti5":"290.51","frp":"1.88","daynight":"N","commune":"Fos-sur-Mer","code_insee":"13039","departement":"Bouches-du-Rhône","region":"Provence-Alpes-Côte d'Azur"}},{"type":"Feature","geometry":{"type":"Point","coordinates":[4.88481,43.43975]},"properties":{"latitude":"43.43975","longitude":"4.88481","bright_ti4":"306.43","scan":"0.63","track":"0.72","acq_date":"2026-08-15","acq_time":"35","satellite":"N20","instrument":"VIIRS","confidence":"n","version":"2.0NRT","bright_ti5":"290.66","frp":"1.88","daynight":"N","commune":"Fos-sur-Mer","code_insee":"13039","departement":"Bouches-du-Rhône","region":"Provence-Alpes-Côte d'Azur"}},{"type":"Feature","geometry":{"type":"Point","coordinates":[2.26872,51.02695]},"properties":{"latitude":"51.02695","longitude":"2.26872","bright_ti4":"317.88","scan":"0.4","track":"0.37","acq_date":"2026-08-15","acq_time":"213","satellite":"N20","instrument":"VIIRS","confidence":"n","version":"2.0NRT","bright_ti5":"276.39","frp":"0.91","daynight":"N","commune":"Grande-Synthe","code_insee":"59271","departement":"Nord","region":"Hauts-de-France"}},{"type":"Feature","geometry":{"type":"Point","coordinates":[2.29001,51.03374]},"properties":{"latitude":"51.03374","longitude":"2.29001","bright_ti4":"312.76","scan":"0.4","track":"0.37","acq_date":"2026-08-15","acq_time":"213","satellite":"N20","instrument":"VIIRS","confidence":"n","version":"2.0NRT","bright_ti5":"279.81","frp":"1.48","daynight":"N","commune":"Grande-Synthe","code_insee":"59271","departement":"Nord","region":"Hauts-de-France"}},{"type":"Feature","geometry":{"type":"Point","coordinates":[2.28593,51.03805]},"properties":{"latitude":"51.03805","longitude":"2.28593","bright_ti4":"299.42","scan":"0.4","track":"0.37","acq_date":"2026-08-15","acq_time":"213","satellite":"N20","instrument":"VIIRS","confidence":"n","version":"2.0NRT","bright_ti5":"278.49","frp":"1.73","daynight":"N","commune":"Grande-Synthe","code_insee":"59271","departement":"Nord","region":"Hauts-de-France"}},{"type":"Feature","geometry":{"type":"Point","coordinates":[2.29862,51.0393]},"properties":{"latitude":"51.0393","longitude":"2.29862","bright_ti4":"295.77","scan":"0.4","track":"0.37","acq_date":"2026-08-15","acq_time":"213","satellite":"N20","instrument":"VIIRS","confidence":"n","version":"2.0NRT","bright_ti5":"275.13","frp":"0.46","daynight":"N","commune":"Grande-Synthe","code_insee":"59271","departement":"Nord","region":"Hauts-de-France"}},{"type":"Feature","geometry":{"type":"Point","coordinates":[2.29303,51.04032]},"properties":{"latitude":"51.04032","longitude":"2.29303","bright_ti4":"297.79","scan":"0.4","track":"0.37","acq_date":"2026-08-15","acq_time":"213","satellite":"N20","instrument":"VIIRS","confidence":"n","version":"2.0NRT","bright_ti5":"278.67","frp":"0.46","daynight":"N","commune":"Grande-Synthe","code_insee":"59271","departement":"Nord","region":"Hauts-de-France"}},{"type":"Feature","geometry":{"type":"Point","coordinates":[2.30013,51.04258]},"properties":{"latitude":"51.04258","longitude":"2.30013","bright_ti4":"300.02","scan":"0.4","track":"0.37","acq_date":"2026-08-15","acq_time":"213","satellite":"N20","instrument":"VIIRS","confidence":"n","version":"2.0NRT","bright_ti5":"278.58","frp":"0.46","daynight":"N","commune":"Grande-Synthe","code_insee":"59271","departement":"Nord","region":"Hauts-de-France"}},{"type":"Feature","geometry":{"type":"Point","coordinates":[2.29453,51.0436]},"properties":{"latitude":"51.0436","longitude":"2.29453","bright_ti4":"298.82","scan":"0.4","track":"0.37","acq_date":"2026-08-15","acq_time":"213","satellite":"N20","instrument":"VIIRS","confidence":"n","version":"2.0NRT","bright_ti5":"279.59","frp":"0.46","daynight":"N","commune":"Grande-Synthe","code_insee":"59271","departement":"Nord","region":"Hauts-de-France"}},{"type":"Feature","geometry":{"type":"Point","coordinates":[4.89617,43.43449]},"properties":{"latitude":"43.43449","longitude":"4.89617","bright_ti4":"310.34","scan":"0.45","track":"0.47","acq_date":"2026-08-15","acq_time":"215","satellite":"N20","instrument":"VIIRS","confidence":"n","version":"2.0NRT","bright_ti5":"293.07","frp":"2.89","daynight":"N","commune":"Fos-sur-Mer","code_insee":"13039","departement":"Bouches-du-Rhône","region":"Provence-Alpes-Côte d'Azur"}},{"type":"Feature","geometry":{"type":"Point","coordinates":[4.89269,43.43985]},"properties":{"latitude":"43.43985","longitude":"4.89269","bright_ti4":"317.18","scan":"0.45","track":"0.47","acq_date":"2026-08-15","acq_time":"215","satellite":"N20","instrument":"VIIRS","confidence":"n","version":"2.0NRT","bright_ti5":"294.26","frp":"2.51","daynight":"N","commune":"Fos-sur-Mer","code_insee":"13039","departement":"Bouches-du-Rhône","region":"Provence-Alpes-Côte d'Azur"}},{"type":"Feature","geometry":{"type":"Point","coordinates":[-0.70927,44.04673]},"properties":{"latitude":"44.04673","longitude":"-0.70927","bright_ti4":"324.29","scan":"0.41","track":"0.37","acq_date":"2026-08-15","acq_time":"215","satellite":"N20","instrument":"VIIRS","confidence":"n","version":"2.0NRT","bright_ti5":"293.39","frp":"3.45","daynight":"N","commune":"Luglon","code_insee":"40165","departement":"Landes","region":"Nouvelle-Aquitaine"}},{"type":"Feature","geometry":{"type":"Point","coordinates":[-0.71426,44.04763]},"properties":{"latitude":"44.04763","longitude":"-0.71426","bright_ti4":"316.47","scan":"0.41","track":"0.37","acq_date":"2026-08-15","acq_time":"215","satellite":"N20","instrument":"VIIRS","confidence":"n","version":"2.0NRT","bright_ti5":"291.85","frp":"1.98","daynight":"N","commune":"Luglon","code_insee":"40165","departement":"Landes","region":"Nouvelle-Aquitaine"}},{"type":"Feature","geometry":{"type":"Point","coordinates":[-0.67693,44.04797]},"properties":{"latitude":"44.04797","longitude":"-0.67693","bright_ti4":"298.7","scan":"0.41","track":"0.37","acq_date":"2026-08-15","acq_time":"215","satellite":"N20","instrument":"VIIRS","confidence":"n","version":"2.0NRT","bright_ti5":"287.06","frp":"0.8","daynight":"N","commune":"Garein","code_insee":"40105","departement":"Landes","region":"Nouvelle-Aquitaine"}},{"type":"Feature","geometry":{"type":"Point","coordinates":[-0.71925,44.04853]},"properties":{"latitude":"44.04853","longitude":"-0.71925","bright_ti4":"316.65","scan":"0.41","track":"0.37","acq_date":"2026-08-15","acq_time":"215","satellite":"N20","instrument":"VIIRS","confidence":"n","version":"2.0NRT","bright_ti5":"292.12","frp":"1.98","daynight":"N","commune":"Luglon","code_insee":"40165","departement":"Landes","region":"Nouvelle-Aquitaine"}},{"type":"Feature","geometry":{"type":"Point","coordinates":[-0.68194,44.04888]},"properties":{"latitude":"44.04888","longitude":"-0.68194","bright_ti4":"300.91","scan":"0.41","track":"0.37","acq_date":"2026-08-15","acq_time":"215","satellite":"N20","instrument":"VIIRS","confidence":"n","version":"2.0NRT","bright_ti5":"287.94","frp":"3.72","daynight":"N","commune":"Garein","code_insee":"40105","departement":"Landes","region":"Nouvelle-Aquitaine"}},{"type":"Feature","geometry":{"type":"Point","coordinates":[-0.70311,44.04916]},"properties":{"latitude":"44.04916","longitude":"-0.70311","bright_ti4":"326.55","scan":"0.41","track":"0.37","acq_date":"2026-08-15","acq_time":"215","satellite":"N20","instrument":"VIIRS","confidence":"n","version":"2.0NRT","bright_ti5":"295.03","frp":"2.8","daynight":"N","commune":"Garein","code_insee":"40105","departement":"Landes","region":"Nouvelle-Aquitaine"}},{"type":"Feature","geometry":{"type":"Point","coordinates":[-0.68695,44.04979]},"properties":{"latitude":"44.04979","longitude":"-0.68695","bright_ti4":"338.52","scan":"0.41","track":"0.37","acq_date":"2026-08-15","acq_time":"215","satellite":"N20","instrument":"VIIRS","confidence":"n","version":"2.0NRT","bright_ti5":"295.36","frp":"3.72","daynight":"N","commune":"Garein","code_insee":"40105","departement":"Landes","region":"Nouvelle-Aquitaine"}},{"type":"Feature","geometry":{"type":"Point","coordinates":[-0.70811,44.05006]},"properties":{"latitude":"44.05006","longitude":"-0.70811","bright_ti4":"335.95","scan":"0.41","track":"0.37","acq_date":"2026-08-15","acq_time":"215","satellite":"N20","instrument":"VIIRS","confidence":"n","version":"2.0NRT","bright_ti5":"297.13","frp":"2.8","daynight":"N","commune":"Luglon","code_insee":"40165","departement":"Landes","region":"Nouvelle-Aquitaine"}},{"type":"Feature","geometry":{"type":"Point","coordinates":[-0.71309,44.05096]},"properties":{"latitude":"44.05096","longitude":"-0.71309","bright_ti4":"317.53","scan":"0.41","track":"0.37","acq_date":"2026-08-15","acq_time":"215","satellite":"N20","instrument":"VIIRS","confidence":"n","version":"2.0NRT","bright_ti5":"292.46","frp":"1.55","daynight":"N","commune":"Luglon","code_insee":"40165","departement":"Landes","region":"Nouvelle-Aquitaine"}},{"type":"Feature","geometry":{"type":"Point","coordinates":[-0.71808,44.05186]},"properties":{"latitude":"44.05186","longitude":"-0.71808","bright_ti4":"313.45","scan":"0.41","track":"0.37","acq_date":"2026-08-15","acq_time":"215","satellite":"N20","instrument":"VIIRS","confidence":"n","version":"2.0NRT","bright_ti5":"292.9","frp":"1.55","daynight":"N","commune":"Luglon","code_insee":"40165","departement":"Landes","region":"Nouvelle-Aquitaine"}},{"type":"Feature","geometry":{"type":"Point","coordinates":[-0.70195,44.05249]},"properties":{"latitude":"44.05249","longitude":"-0.70195","bright_ti4":"306.9","scan":"0.41","track":"0.37","acq_date":"2026-08-15","acq_time":"215","satellite":"N20","instrument":"VIIRS","confidence":"n","version":"2.0NRT","bright_ti5":"291.68","frp":"2.8","daynight":"N","commune":"Garein","code_insee":"40105","departement":"Landes","region":"Nouvelle-Aquitaine"}},{"type":"Feature","geometry":{"type":"Point","coordinates":[-0.72307,44.05276]},"properties":{"latitude":"44.05276","longitude":"-0.72307","bright_ti4":"301.35","scan":"0.41","track":"0.37","acq_date":"2026-08-15","acq_time":"215","satellite":"N20","instrument":"VIIRS","confidence":"n","version":"2.0NRT","bright_ti5":"290.03","frp":"1.41","daynight":"N","commune":"Luglon","code_insee":"40165","departement":"Landes","region":"Nouvelle-Aquitaine"}},{"type":"Feature","geometry":{"type":"Point","coordinates":[-0.70695,44.05339]},"properties":{"latitude":"44.05339","longitude":"-0.70695","bright_ti4":"312.15","scan":"0.41","track":"0.37","acq_date":"2026-08-15","acq_time":"215","satellite":"N20","instrument":"VIIRS","confidence":"n","version":"2.0NRT","bright_ti5":"293.14","frp":"2.8","daynight":"N","commune":"Luglon","code_insee":"40165","departement":"Landes","region":"Nouvelle-Aquitaine"}},{"type":"Feature","geometry":{"type":"Point","coordinates":[-0.6908,44.05402]},"properties":{"latitude":"44.05402","longitude":"-0.6908","bright_ti4":"300.15","scan":"0.41","track":"0.37","acq_date":"2026-08-15","acq_time":"215","satellite":"N20","instrument":"VIIRS","confidence":"n","version":"2.0NRT","bright_ti5":"288.26","frp":"1.27","daynight":"N","commune":"Garein","code_insee":"40105","departement":"Landes","region":"Nouvelle-Aquitaine"}},{"type":"Feature","geometry":{"type":"Point","coordinates":[-0.71193,44.05429]},"properties":{"latitude":"44.05429","longitude":"-0.71193","bright_ti4":"309.91","scan":"0.41","track":"0.37","acq_date":"2026-08-15","acq_time":"215","satellite":"N20","instrument":"VIIRS","confidence":"n","version":"2.0NRT","bright_ti5":"292.37","frp":"1.55","daynight":"N","commune":"Luglon","code_insee":"40165","departement":"Landes","region":"Nouvelle-Aquitaine"}},{"type":"Feature","geometry":{"type":"Point","coordinates":[-0.73304,44.05456]},"properties":{"latitude":"44.05456","longitude":"-0.73304","bright_ti4":"311.7","scan":"0.41","track":"0.37","acq_date":"2026-08-15","acq_time":"215","satellite":"N20","instrument":"VIIRS","confidence":"n","version":"2.0NRT","bright_ti5":"292.23","frp":"4.01","daynight":"N","commune":"Luglon","code_insee":"40165","departement":"Landes","region":"Nouvelle-Aquitaine"}},{"type":"Feature","geometry":{"type":"Point","coordinates":[-0.6958,44.05492]},"properties":{"latitude":"44.05492","longitude":"-0.6958","bright_ti4":"311.07","scan":"0.41","track":"0.37","acq_date":"2026-08-15","acq_time":"215","satellite":"N20","instrument":"VIIRS","confidence":"n","version":"2.0NRT","bright_ti5":"292.26","frp":"1.27","daynight":"N","commune":"Garein","code_insee":"40105","departement":"Landes","region":"Nouvelle-Aquitaine"}},{"type":"Feature","geometry":{"type":"Point","coordinates":[-0.71692,44.05519]},"properties":{"latitude":"44.05519","longitude":"-0.71692","bright_ti4":"308.7","scan":"0.41","track":"0.37","acq_date":"2026-08-15","acq_time":"215","satellite":"N20","instrument":"VIIRS","confidence":"n","version":"2.0NRT","bright_ti5":"291.97","frp":"1.55","daynight":"N","commune":"Luglon","code_insee":"40165","departement":"Landes","region":"Nouvelle-Aquitaine"}},{"type":"Feature","geometry":{"type":"Point","coordinates":[-0.73803,44.05545]},"properties":{"latitude":"44.05545","longitude":"-0.73803","bright_ti4":"340.99","scan":"0.41","track":"0.37","acq_date":"2026-08-15","acq_time":"215","satellite":"N20","instrument":"VIIRS","confidence":"n","version":"2.0NRT","bright_ti5":"296.86","frp":"4.01","daynight":"N","commune":"Luglon","code_insee":"40165","departement":"Landes","region":"Nouvelle-Aquitaine"}},{"type":"Feature","geometry":{"type":"Point","coordinates":[-0.70079,44.05582]},"properties":{"latitude":"44.05582","longitude":"-0.70079","bright_ti4":"304.81","scan":"0.41","track":"0.37","acq_date":"2026-08-15","acq_time":"215","satellite":"N20","instrument":"VIIRS","confidence":"n","version":"2.0NRT","bright_ti5":"291.69","frp":"1.6","daynight":"N","commune":"Garein","code_insee":"40105","departement":"Landes","region":"Nouvelle-Aquitaine"}},{"type":"Feature","geometry":{"type":"Point","coordinates":[-0.74301,44.05635]},"properties":{"latitude":"44.05635","longitude":"-0.74301","bright_ti4":"328.56","scan":"0.41","track":"0.37","acq_date":"2026-08-15","acq_time":"215","satellite":"N20","instrument":"VIIRS","confidence":"n","version":"2.0NRT","bright_ti5":"293.59","frp":"2.8","daynight":"N","commune":"Arengosse","code_insee":"40006","departement":"Landes","region":"Nouvelle-Aquitaine"}},{"type":"Feature","geometry":{"type":"Point","coordinates":[-0.70579,44.05672]},"properties":{"latitude":"44.05672","longitude":"-0.70579","bright_ti4":"308.49","scan":"0.41","track":"0.37","acq_date":"2026-08-15","acq_time":"215","satellite":"N20","instrument":"VIIRS","confidence":"n","version":"2.0NRT","bright_ti5":"292.82","frp":"1.6","daynight":"N","commune":"Luglon","code_insee":"40165","departement":"Landes","region":"Nouvelle-Aquitaine"}},{"type":"Feature","geometry":{"type":"Point","coordinates":[-0.74799,44.05725]},"properties":{"latitude":"44.05725","longitude":"-0.74799","bright_ti4":"319.66","scan":"0.41","track":"0.37","acq_date":"2026-08-15","acq_time":"215","satellite":"N20","instrument":"VIIRS","confidence":"n","version":"2.0NRT","bright_ti5":"291.39","frp":"2.8","daynight":"N","commune":"Arengosse","code_insee":"40006","departement":"Landes","region":"Nouvelle-Aquitaine"}},{"type":"Feature","geometry":{"type":"Point","coordinates":[-0.71077,44.05762]},"properties":{"latitude":"44.05762","longitude":"-0.71077","bright_ti4":"306.73","scan":"0.41","track":"0.37","acq_date":"2026-08-15","acq_time":"215","satellite":"N20","instrument":"VIIRS","confidence":"n","version":"2.0NRT","bright_ti5":"292.49","frp":"1.35","daynight":"N","commune":"Luglon","code_insee":"40165","departement":"Landes","region":"Nouvelle-Aquitaine"}},{"type":"Feature","geometry":{"type":"Point","coordinates":[-0.73188,44.05788]},"properties":{"latitude":"44.05788","longitude":"-0.73188","bright_ti4":"319.22","scan":"0.41","track":"0.37","acq_date":"2026-08-15","acq_time":"215","satellite":"N20","instrument":"VIIRS","confidence":"n","version":"2.0NRT","bright_ti5":"294.11","frp":"4.01","daynight":"N","commune":"Luglon","code_insee":"40165","departement":"Landes","region":"Nouvelle-Aquitaine"}},{"type":"Feature","geometry":{"type":"Point","coordinates":[-0.71576,44.05852]},"properties":{"latitude":"44.05852","longitude":"-0.71576","bright_ti4":"302.83","scan":"0.41","track":"0.37","acq_date":"2026-08-15","acq_time":"215","satellite":"N20","instrument":"VIIRS","confidence":"n","version":"2.0NRT","bright_ti5":"290.76","frp":"1.35","daynight":"N","commune":"Luglon","code_insee":"40165","departement":"Landes","region":"Nouvelle-Aquitaine"}},{"type":"Feature","geometry":{"type":"Point","coordinates":[-0.73687,44.05878]},"properties":{"latitude":"44.05878","longitude":"-0.73687","bright_ti4":"343.95","scan":"0.41","track":"0.37","acq_date":"2026-08-15","acq_time":"215","satellite":"N20","instrument":"VIIRS","confidence":"n","version":"2.0NRT","bright_ti5":"299.17","frp":"4.01","daynight":"N","commune":"Arengosse","code_insee":"40006","departement":"Landes","region":"Nouvelle-Aquitaine"}},{"type":"Feature","geometry":{"type":"Point","coordinates":[-0.74185,44.05968]},"properties":{"latitude":"44.05968","longitude":"-0.74185","bright_ti4":"332.24","scan":"0.41","track":"0.37","acq_date":"2026-08-15","acq_time":"215","satellite":"N20","instrument":"VIIRS","confidence":"n","version":"2.0NRT","bright_ti5":"295.74","frp":"2.8","daynight":"N","commune":"Arengosse","code_insee":"40006","departement":"Landes","region":"Nouvelle-Aquitaine"}},{"type":"Feature","geometry":{"type":"Point","coordinates":[-0.74683,44.06058]},"properties":{"latitude":"44.06058","longitude":"-0.74683","bright_ti4":"315.46","scan":"0.41","track":"0.37","acq_date":"2026-08-15","acq_time":"215","satellite":"N20","instrument":"VIIRS","confidence":"n","version":"2.0NRT","bright_ti5":"292.9","frp":"2.8","daynight":"N","commune":"Arengosse","code_insee":"40006","departement":"Landes","region":"Nouvelle-Aquitaine"}},{"type":"Feature","geometry":{"type":"Point","coordinates":[-0.7146,44.06186]},"properties":{"latitude":"44.06186","longitude":"-0.7146","bright_ti4":"311.94","scan":"0.41","track":"0.37","acq_date":"2026-08-15","acq_time":"215","satellite":"N20","instrument":"VIIRS","confidence":"n","version":"2.0NRT","bright_ti5":"292.25","frp":"1.35","daynight":"N","commune":"Luglon","code_insee":"40165","departement":"Landes","region":"Nouvelle-Aquitaine"}},{"type":"Feature","geometry":{"type":"Point","coordinates":[-0.73571,44.06211]},"properties":{"latitude":"44.06211","longitude":"-0.73571","bright_ti4":"310.69","scan":"0.41","track":"0.37","acq_date":"2026-08-15","acq_time":"215","satellite":"N20","instrument":"VIIRS","confidence":"n","version":"2.0NRT","bright_ti5":"292.03","frp":"2.2","daynight":"N","commune":"Luglon","code_insee":"40165","departement":"Landes","region":"Nouvelle-Aquitaine"}},{"type":"Feature","geometry":{"type":"Point","coordinates":[-0.74069,44.06301]},"properties":{"latitude":"44.06301","longitude":"-0.74069","bright_ti4":"305.38","scan":"0.41","track":"0.37","acq_date":"2026-08-15","acq_time":"215","satellite":"N20","instrument":"VIIRS","confidence":"n","version":"2.0NRT","bright_ti5":"291.46","frp":"1.42","daynight":"N","commune":"Arengosse","code_insee":"40006","departement":"Landes","region":"Nouvelle-Aquitaine"}},{"type":"Feature","geometry":{"type":"Point","coordinates":[-0.70845,44.06429]},"properties":{"latitude":"44.06429","longitude":"-0.70845","bright_ti4":"307.28","scan":"0.41","track":"0.37","acq_date":"2026-08-15","acq_time":"215","satellite":"N20","instrument":"VIIRS","confidence":"n","version":"2.0NRT","bright_ti5":"291.36","frp":"2.41","daynight":"N","commune":"Luglon","code_insee":"40165","departement":"Landes","region":"Nouvelle-Aquitaine"}},{"type":"Feature","geometry":{"type":"Point","coordinates":[-0.71344,44.06519]},"properties":{"latitude":"44.06519","longitude":"-0.71344","bright_ti4":"313.56","scan":"0.41","track":"0.37","acq_date":"2026-08-15","acq_time":"215","satellite":"N20","instrument":"VIIRS","confidence":"n","version":"2.0NRT","bright_ti5":"291.59","frp":"2.41","daynight":"N","commune":"Luglon","code_insee":"40165","departement":"Landes","region":"Nouvelle-Aquitaine"}},{"type":"Feature","geometry":{"type":"Point","coordinates":[-0.71228,44.06852]},"properties":{"latitude":"44.06852","longitude":"-0.71228","bright_ti4":"335.58","scan":"0.41","track":"0.37","acq_date":"2026-08-15","acq_time":"215","satellite":"N20","instrument":"VIIRS","confidence":"n","version":"2.0NRT","bright_ti5":"291.72","frp":"2.41","daynight":"N","commune":"Luglon","code_insee":"40165","departement":"Landes","region":"Nouvelle-Aquitaine"}},{"type":"Feature","geometry":{"type":"Point","coordinates":[-0.73074,44.08657]},"properties":{"latitude":"44.08657","longitude":"-0.73074","bright_ti4":"302.44","scan":"0.41","track":"0.37","acq_date":"2026-08-15","acq_time":"215","satellite":"N20","instrument":"VIIRS","confidence":"n","version":"2.0NRT","bright_ti5":"290.76","frp":"1.06","daynight":"N","commune":"Luglon","code_insee":"40165","departement":"Landes","region":"Nouvelle-Aquitaine"}},{"type":"Feature","geometry":{"type":"Point","coordinates":[-0.73572,44.08748]},"properties":{"latitude":"44.08748","longitude":"-0.73572","bright_ti4":"304.73","scan":"0.41","track":"0.37","acq_date":"2026-08-15","acq_time":"215","satellite":"N20","instrument":"VIIRS","confidence":"n","version":"2.0NRT","bright_ti5":"291.69","frp":"1.18","daynight":"N","commune":"Luglon","code_insee":"40165","departement":"Landes","region":"Nouvelle-Aquitaine"}},{"type":"Feature","geometry":{"type":"Point","coordinates":[-0.7407,44.08839]},"properties":{"latitude":"44.08839","longitude":"-0.7407","bright_ti4":"304.55","scan":"0.41","track":"0.37","acq_date":"2026-08-15","acq_time":"215","satellite":"N20","instrument":"VIIRS","confidence":"n","version":"2.0NRT","bright_ti5":"291.7","frp":"1.18","daynight":"N","commune":"Luglon","code_insee":"40165","departement":"Landes","region":"Nouvelle-Aquitaine"}},{"type":"Feature","geometry":{"type":"Point","coordinates":[5.82169,45.91066]},"properties":{"latitude":"45.91066","longitude":"5.82169","bright_ti4":"305.11","scan":"0.43","track":"0.46","acq_date":"2026-08-15","acq_time":"215","satellite":"N20","instrument":"VIIRS","confidence":"n","version":"2.0NRT","bright_ti5":"291.21","frp":"0.92","daynight":"N","commune":"Anglefort","code_insee":"01010","departement":"Ain","region":"Auvergne-Rhône-Alpes"}},{"type":"Feature","geometry":{"type":"Point","coordinates":[2.16799,47.25221]},"properties":{"latitude":"47.25221","longitude":"2.16799","bright_ti4":"302.03","scan":"0.44","track":"0.39","acq_date":"2026-08-15","acq_time":"215","satellite":"N20","instrument":"VIIRS","confidence":"n","version":"2.0NRT","bright_ti5":"290.46","frp":"0.35","daynight":"N","commune":"Saint-Laurent","code_insee":"18219","departement":"Cher","region":"Centre-Val de Loire"}},{"type":"Feature","geometry":{"type":"Point","coordinates":[2.1751,47.25453]},"properties":{"latitude":"47.25453","longitude":"2.1751","bright_ti4":"313.56","scan":"0.44","track":"0.39","acq_date":"2026-08-15","acq_time":"215","satellite":"N20","instrument":"VIIRS","confidence":"n","version":"2.0NRT","bright_ti5":"291.1","frp":"1.17","daynight":"N","commune":"Saint-Laurent","code_insee":"18219","departement":"Cher","region":"Centre-Val de Loire"}},{"type":"Feature","geometry":{"type":"Point","coordinates":[2.16945,47.25564]},"properties":{"latitude":"47.25564","longitude":"2.16945","bright_ti4":"310.76","scan":"0.44","track":"0.39","acq_date":"2026-08-15","acq_time":"215","satellite":"N20","instrument":"VIIRS","confidence":"n","version":"2.0NRT","bright_ti5":"290.69","frp":"1.17","daynight":"N","commune":"Saint-Laurent","code_insee":"18219","departement":"Cher","region":"Centre-Val de Loire"}},{"type":"Feature","geometry":{"type":"Point","coordinates":[2.17654,47.25797]},"properties":{"latitude":"47.25797","longitude":"2.17654","bright_ti4":"309.52","scan":"0.44","track":"0.39","acq_date":"2026-08-15","acq_time":"215","satellite":"N20","instrument":"VIIRS","confidence":"n","version":"2.0NRT","bright_ti5":"291.2","frp":"1.17","daynight":"N","commune":"Saint-Laurent","code_insee":"18219","departement":"Cher","region":"Centre-Val de Loire"}},{"type":"Feature","geometry":{"type":"Point","coordinates":[4.56099,48.76897]},"properties":{"latitude":"48.76897","longitude":"4.56099","bright_ti4":"301.94","scan":"0.5","track":"0.41","acq_date":"2026-08-15","acq_time":"215","satellite":"N20","instrument":"VIIRS","confidence":"n","version":"2.0NRT","bright_ti5":"291","frp":"1.06","daynight":"N","commune":"Couvrot","code_insee":"51195","departement":"Marne","region":"Grand Est"}},{"type":"Feature","geometry":{"type":"Point","coordinates":[-1.03806,48.10721]},"properties":{"latitude":"48.10721","longitude":"-1.03806","bright_ti4":"303.62","scan":"0.45","track":"0.39","acq_date":"2026-08-16","acq_time":"156","satellite":"N20","instrument":"VIIRS","confidence":"n","version":"2.0NRT","bright_ti5":"290.43","frp":"1.21","daynight":"N","commune":"Saint-Pierre-la-Cour","code_insee":"53247","departement":"Mayenne","region":"Pays de la Loire"}},{"type":"Feature","geometry":{"type":"Point","coordinates":[6.10949,48.56413]},"properties":{"latitude":"48.56413","longitude":"6.10949","bright_ti4":"303.3","scan":"0.41","track":"0.37","acq_date":"2026-08-16","acq_time":"156","satellite":"N20","instrument":"VIIRS","confidence":"n","version":"2.0NRT","bright_ti5":"290.7","frp":"0.55","daynight":"N","commune":"Xeuilley","code_insee":"54596","departement":"Meurthe-et-Moselle","region":"Grand Est"}},{"type":"Feature","geometry":{"type":"Point","coordinates":[6.11264,48.61026]},"properties":{"latitude":"48.61026","longitude":"6.11264","bright_ti4":"316.23","scan":"0.41","track":"0.37","acq_date":"2026-08-16","acq_time":"156","satellite":"N20","instrument":"VIIRS","confidence":"n","version":"2.0NRT","bright_ti5":"292.55","frp":"1.87","daynight":"N","commune":"Neuves-Maisons","code_insee":"54397","departement":"Meurthe-et-Moselle","region":"Grand Est"}},{"type":"Feature","geometry":{"type":"Point","coordinates":[5.68442,48.71655]},"properties":{"latitude":"48.71655","longitude":"5.68442","bright_ti4":"307.67","scan":"0.4","track":"0.37","acq_date":"2026-08-16","acq_time":"156","satellite":"N20","instrument":"VIIRS","confidence":"n","version":"2.0NRT","bright_ti5":"290.01","frp":"0.99","daynight":"N","commune":"Sorcy-Saint-Martin","code_insee":"55496","departement":"Meuse","region":"Grand Est"}},{"type":"Feature","geometry":{"type":"Point","coordinates":[4.56354,48.77005]},"properties":{"latitude":"48.77005","longitude":"4.56354","bright_ti4":"304.87","scan":"0.39","track":"0.36","acq_date":"2026-08-16","acq_time":"156","satellite":"N20","instrument":"VIIRS","confidence":"n","version":"2.0NRT","bright_ti5":"291.02","frp":"0.93","daynight":"N","commune":"Couvrot","code_insee":"51195","departement":"Marne","region":"Grand Est"}},{"type":"Feature","geometry":{"type":"Point","coordinates":[4.32046,49.72388]},"properties":{"latitude":"49.72388","longitude":"4.32046","bright_ti4":"321.2","scan":"0.38","track":"0.36","acq_date":"2026-08-16","acq_time":"156","satellite":"N20","instrument":"VIIRS","confidence":"n","version":"2.0NRT","bright_ti5":"289.06","frp":"2.06","daynight":"N","commune":"Saint-Jean-aux-Bois","code_insee":"08382","departement":"Ardennes","region":"Grand Est"}},{"type":"Feature","geometry":{"type":"Point","coordinates":[4.74708,49.90877]},"properties":{"latitude":"49.90877","longitude":"4.74708","bright_ti4":"328.4","scan":"0.39","track":"0.36","acq_date":"2026-08-16","acq_time":"156","satellite":"N20","instrument":"VIIRS","confidence":"n","version":"2.0NRT","bright_ti5":"291.2","frp":"2.45","daynight":"N","commune":"Monthermé","code_insee":"08302","departement":"Ardennes","region":"Grand Est"}},{"type":"Feature","geometry":{"type":"Point","coordinates":[4.74185,49.90965]},"properties":{"latitude":"49.90965","longitude":"4.74185","bright_ti4":"322.67","scan":"0.39","track":"0.36","acq_date":"2026-08-16","acq_time":"156","satellite":"N20","instrument":"VIIRS","confidence":"n","version":"2.0NRT","bright_ti5":"294.5","frp":"1.64","daynight":"N","commune":"Monthermé","code_insee":"08302","departement":"Ardennes","region":"Grand Est"}},{"type":"Feature","geometry":{"type":"Point","coordinates":[4.7366,49.91051]},"properties":{"latitude":"49.91051","longitude":"4.7366","bright_ti4":"301.63","scan":"0.39","track":"0.36","acq_date":"2026-08-16","acq_time":"156","satellite":"N20","instrument":"VIIRS","confidence":"n","version":"2.0NRT","bright_ti5":"289.35","frp":"1.64","daynight":"N","commune":"Monthermé","code_insee":"08302","departement":"Ardennes","region":"Grand Est"}},{"type":"Feature","geometry":{"type":"Point","coordinates":[4.75361,49.91115]},"properties":{"latitude":"49.91115","longitude":"4.75361","bright_ti4":"307.92","scan":"0.39","track":"0.36","acq_date":"2026-08-16","acq_time":"156","satellite":"N20","instrument":"VIIRS","confidence":"n","version":"2.0NRT","bright_ti5":"291","frp":"0.85","daynight":"N","commune":"Monthermé","code_insee":"08302","departement":"Ardennes","region":"Grand Est"}},{"type":"Feature","geometry":{"type":"Point","coordinates":[4.74837,49.91201]},"properties":{"latitude":"49.91201","longitude":"4.74837","bright_ti4":"304.39","scan":"0.39","track":"0.36","acq_date":"2026-08-16","acq_time":"156","satellite":"N20","instrument":"VIIRS","confidence":"n","version":"2.0NRT","bright_ti5":"290.78","frp":"0.85","daynight":"N","commune":"Monthermé","code_insee":"08302","departement":"Ardennes","region":"Grand Est"}},{"type":"Feature","geometry":{"type":"Point","coordinates":[4.74312,49.91288]},"properties":{"latitude":"49.91288","longitude":"4.74312","bright_ti4":"321.74","scan":"0.39","track":"0.36","acq_date":"2026-08-16","acq_time":"156","satellite":"N20","instrument":"VIIRS","confidence":"n","version":"2.0NRT","bright_ti5":"293.62","frp":"2.6","daynight":"N","commune":"Monthermé","code_insee":"08302","departement":"Ardennes","region":"Grand Est"}},{"type":"Feature","geometry":{"type":"Point","coordinates":[4.7549,49.91438]},"properties":{"latitude":"49.91438","longitude":"4.7549","bright_ti4":"309.7","scan":"0.39","track":"0.36","acq_date":"2026-08-16","acq_time":"156","satellite":"N20","instrument":"VIIRS","confidence":"n","version":"2.0NRT","bright_ti5":"290.52","frp":"0.85","daynight":"N","commune":"Monthermé","code_insee":"08302","departement":"Ardennes","region":"Grand Est"}},{"type":"Feature","geometry":{"type":"Point","coordinates":[4.74964,49.91526]},"properties":{"latitude":"49.91526","longitude":"4.74964","bright_ti4":"301.38","scan":"0.39","track":"0.36","acq_date":"2026-08-16","acq_time":"156","satellite":"N20","instrument":"VIIRS","confidence":"n","version":"2.0NRT","bright_ti5":"289.87","frp":"0.85","daynight":"N","commune":"Monthermé","code_insee":"08302","departement":"Ardennes","region":"Grand Est"}},{"type":"Feature","geometry":{"type":"Point","coordinates":[2.29556,51.035]},"properties":{"latitude":"51.035","longitude":"2.29556","bright_ti4":"305.05","scan":"0.4","track":"0.37","acq_date":"2026-08-16","acq_time":"156","satellite":"N20","instrument":"VIIRS","confidence":"n","version":"2.0NRT","bright_ti5":"288.16","frp":"0.85","daynight":"N","commune":"Dunkerque","code_insee":"59183","departement":"Nord","region":"Hauts-de-France"}},{"type":"Feature","geometry":{"type":"Point","coordinates":[2.28996,51.03578]},"properties":{"latitude":"51.03578","longitude":"2.28996","bright_ti4":"303.56","scan":"0.4","track":"0.37","acq_date":"2026-08-16","acq_time":"156","satellite":"N20","instrument":"VIIRS","confidence":"n","version":"2.0NRT","bright_ti5":"287.62","frp":"0.85","daynight":"N","commune":"Grande-Synthe","code_insee":"59271","departement":"Nord","region":"Hauts-de-France"}},{"type":"Feature","geometry":{"type":"Point","coordinates":[2.28434,51.03657]},"properties":{"latitude":"51.03657","longitude":"2.28434","bright_ti4":"297.44","scan":"0.4","track":"0.37","acq_date":"2026-08-16","acq_time":"156","satellite":"N20","instrument":"VIIRS","confidence":"n","version":"2.0NRT","bright_ti5":"287.21","frp":"1.04","daynight":"N","commune":"Grande-Synthe","code_insee":"59271","departement":"Nord","region":"Hauts-de-France"}},{"type":"Feature","geometry":{"type":"Point","coordinates":[2.30467,51.04416]},"properties":{"latitude":"51.04416","longitude":"2.30467","bright_ti4":"303.26","scan":"0.4","track":"0.37","acq_date":"2026-08-16","acq_time":"156","satellite":"N20","instrument":"VIIRS","confidence":"n","version":"2.0NRT","bright_ti5":"287.95","frp":"1.08","daynight":"N","commune":"Grande-Synthe","code_insee":"59271","departement":"Nord","region":"Hauts-de-France"}},{"type":"Feature","geometry":{"type":"Point","coordinates":[2.29906,51.04495]},"properties":{"latitude":"51.04495","longitude":"2.29906","bright_ti4":"320.92","scan":"0.4","track":"0.37","acq_date":"2026-08-16","acq_time":"156","satellite":"N20","instrument":"VIIRS","confidence":"n","version":"2.0NRT","bright_ti5":"288.76","frp":"1.41","daynight":"N","commune":"Grande-Synthe","code_insee":"59271","departement":"Nord","region":"Hauts-de-France"}},{"type":"Feature","geometry":{"type":"Point","coordinates":[2.29345,51.04573]},"properties":{"latitude":"51.04573","longitude":"2.29345","bright_ti4":"301.33","scan":"0.4","track":"0.37","acq_date":"2026-08-16","acq_time":"156","satellite":"N20","instrument":"VIIRS","confidence":"n","version":"2.0NRT","bright_ti5":"286.67","frp":"1.41","daynight":"N","commune":"Grande-Synthe","code_insee":"59271","departement":"Nord","region":"Hauts-de-France"}},{"type":"Feature","geometry":{"type":"Point","coordinates":[4.89868,43.43371]},"properties":{"latitude":"43.43371","longitude":"4.89868","bright_ti4":"309.34","scan":"0.44","track":"0.38","acq_date":"2026-08-16","acq_time":"158","satellite":"N20","instrument":"VIIRS","confidence":"n","version":"2.0NRT","bright_ti5":"295.68","frp":"2.77","daynight":"N","commune":"Fos-sur-Mer","code_insee":"13039","departement":"Bouches-du-Rhône","region":"Provence-Alpes-Côte d'Azur"}},{"type":"Feature","geometry":{"type":"Point","coordinates":[-0.69129,44.04768]},"properties":{"latitude":"44.04768","longitude":"-0.69129","bright_ti4":"305.8","scan":"0.4","track":"0.37","acq_date":"2026-08-16","acq_time":"158","satellite":"N20","instrument":"VIIRS","confidence":"n","version":"2.0NRT","bright_ti5":"288.95","frp":"1.56","daynight":"N","commune":"Garein","code_insee":"40105","departement":"Landes","region":"Nouvelle-Aquitaine"}},{"type":"Feature","geometry":{"type":"Point","coordinates":[-0.6804,44.04965]},"properties":{"latitude":"44.04965","longitude":"-0.6804","bright_ti4":"309.23","scan":"0.4","track":"0.37","acq_date":"2026-08-16","acq_time":"158","satellite":"N20","instrument":"VIIRS","confidence":"n","version":"2.0NRT","bright_ti5":"290.8","frp":"1.51","daynight":"N","commune":"Garein","code_insee":"40105","departement":"Landes","region":"Nouvelle-Aquitaine"}},{"type":"Feature","geometry":{"type":"Point","coordinates":[-0.7063,44.04975]},"properties":{"latitude":"44.04975","longitude":"-0.7063","bright_ti4":"306.53","scan":"0.4","track":"0.37","acq_date":"2026-08-16","acq_time":"158","satellite":"N20","instrument":"VIIRS","confidence":"n","version":"2.0NRT","bright_ti5":"289.56","frp":"2.52","daynight":"N","commune":"Luglon","code_insee":"40165","departement":"Landes","region":"Nouvelle-Aquitaine"}},{"type":"Feature","geometry":{"type":"Point","coordinates":[-0.68539,44.05034]},"properties":{"latitude":"44.05034","longitude":"-0.68539","bright_ti4":"309.76","scan":"0.4","track":"0.37","acq_date":"2026-08-16","acq_time":"158","satellite":"N20","instrument":"VIIRS","confidence":"n","version":"2.0NRT","bright_ti5":"290.72","frp":"1.51","daynight":"N","commune":"Garein","code_insee":"40105","departement":"Landes","region":"Nouvelle-Aquitaine"}},{"type":"Feature","geometry":{"type":"Point","coordinates":[-0.71131,44.05045]},"properties":{"latitude":"44.05045","longitude":"-0.71131","bright_ti4":"306.39","scan":"0.4","track":"0.37","acq_date":"2026-08-16","acq_time":"158","satellite":"N20","instrument":"VIIRS","confidence":"n","version":"2.0NRT","bright_ti5":"288.48","frp":"2.56","daynight":"N","commune":"Luglon","code_insee":"40165","departement":"Landes","region":"Nouvelle-Aquitaine"}},{"type":"Feature","geometry":{"type":"Point","coordinates":[-0.69039,44.05103]},"properties":{"latitude":"44.05103","longitude":"-0.69039","bright_ti4":"319.55","scan":"0.4","track":"0.37","acq_date":"2026-08-16","acq_time":"158","satellite":"N20","instrument":"VIIRS","confidence":"n","version":"2.0NRT","bright_ti5":"292.45","frp":"1.56","daynight":"N","commune":"Garein","code_insee":"40105","departement":"Landes","region":"Nouvelle-Aquitaine"}},{"type":"Feature","geometry":{"type":"Point","coordinates":[-0.69539,44.05172]},"properties":{"latitude":"44.05172","longitude":"-0.69539","bright_ti4":"309.76","scan":"0.4","track":"0.37","acq_date":"2026-08-16","acq_time":"158","satellite":"N20","instrument":"VIIRS","confidence":"n","version":"2.0NRT","bright_ti5":"291.02","frp":"1.56","daynight":"N","commune":"Garein","code_insee":"40105","departement":"Landes","region":"Nouvelle-Aquitaine"}},{"type":"Feature","geometry":{"type":"Point","coordinates":[-0.67452,44.05231]},"properties":{"latitude":"44.05231","longitude":"-0.67452","bright_ti4":"308.91","scan":"0.4","track":"0.37","acq_date":"2026-08-16","acq_time":"158","satellite":"N20","instrument":"VIIRS","confidence":"n","version":"2.0NRT","bright_ti5":"290.56","frp":"2.18","daynight":"N","commune":"Garein","code_insee":"40105","departement":"Landes","region":"Nouvelle-Aquitaine"}},{"type":"Feature","geometry":{"type":"Point","coordinates":[-0.67951,44.05301]},"properties":{"latitude":"44.05301","longitude":"-0.67951","bright_ti4":"304.72","scan":"0.4","track":"0.37","acq_date":"2026-08-16","acq_time":"158","satellite":"N20","instrument":"VIIRS","confidence":"n","version":"2.0NRT","bright_ti5":"290.02","frp":"1.06","daynight":"N","commune":"Garein","code_insee":"40105","departement":"Landes","region":"Nouvelle-Aquitaine"}},{"type":"Feature","geometry":{"type":"Point","coordinates":[-0.6845,44.0537]},"properties":{"latitude":"44.0537","longitude":"-0.6845","bright_ti4":"303.36","scan":"0.4","track":"0.37","acq_date":"2026-08-16","acq_time":"158","satellite":"N20","instrument":"VIIRS","confidence":"n","version":"2.0NRT","bright_ti5":"289.49","frp":"1.06","daynight":"N","commune":"Garein","code_insee":"40105","departement":"Landes","region":"Nouvelle-Aquitaine"}},{"type":"Feature","geometry":{"type":"Point","coordinates":[-0.6895,44.05439]},"properties":{"latitude":"44.05439","longitude":"-0.6895","bright_ti4":"306.4","scan":"0.4","track":"0.37","acq_date":"2026-08-16","acq_time":"158","satellite":"N20","instrument":"VIIRS","confidence":"n","version":"2.0NRT","bright_ti5":"290.07","frp":"1.21","daynight":"N","commune":"Garein","code_insee":"40105","departement":"Landes","region":"Nouvelle-Aquitaine"}},{"type":"Feature","geometry":{"type":"Point","coordinates":[-0.6945,44.05508]},"properties":{"latitude":"44.05508","longitude":"-0.6945","bright_ti4":"314.15","scan":"0.4","track":"0.37","acq_date":"2026-08-16","acq_time":"158","satellite":"N20","instrument":"VIIRS","confidence":"n","version":"2.0NRT","bright_ti5":"290.95","frp":"1.21","daynight":"N","commune":"Garein","code_insee":"40105","departement":"Landes","region":"Nouvelle-Aquitaine"}},{"type":"Feature","geometry":{"type":"Point","coordinates":[-0.7355,44.05728]},"properties":{"latitude":"44.05728","longitude":"-0.7355","bright_ti4":"305.81","scan":"0.41","track":"0.37","acq_date":"2026-08-16","acq_time":"158","satellite":"N20","instrument":"VIIRS","confidence":"n","version":"2.0NRT","bright_ti5":"288.95","frp":"1.52","daynight":"N","commune":"Luglon","code_insee":"40165","departement":"Landes","region":"Nouvelle-Aquitaine"}},{"type":"Feature","geometry":{"type":"Point","coordinates":[-0.6886,44.05775]},"properties":{"latitude":"44.05775","longitude":"-0.6886","bright_ti4":"304.56","scan":"0.4","track":"0.37","acq_date":"2026-08-16","acq_time":"158","satellite":"N20","instrument":"VIIRS","confidence":"n","version":"2.0NRT","bright_ti5":"290.14","frp":"1.21","daynight":"N","commune":"Garein","code_insee":"40105","departement":"Landes","region":"Nouvelle-Aquitaine"}},{"type":"Feature","geometry":{"type":"Point","coordinates":[-0.74052,44.05797]},"properties":{"latitude":"44.05797","longitude":"-0.74052","bright_ti4":"307.88","scan":"0.41","track":"0.37","acq_date":"2026-08-16","acq_time":"158","satellite":"N20","instrument":"VIIRS","confidence":"n","version":"2.0NRT","bright_ti5":"289.65","frp":"1.16","daynight":"N","commune":"Arengosse","code_insee":"40006","departement":"Landes","region":"Nouvelle-Aquitaine"}},{"type":"Feature","geometry":{"type":"Point","coordinates":[-0.69361,44.05844]},"properties":{"latitude":"44.05844","longitude":"-0.69361","bright_ti4":"309.57","scan":"0.4","track":"0.37","acq_date":"2026-08-16","acq_time":"158","satellite":"N20","instrument":"VIIRS","confidence":"n","version":"2.0NRT","bright_ti5":"290.37","frp":"1.21","daynight":"N","commune":"Garein","code_insee":"40105","departement":"Landes","region":"Nouvelle-Aquitaine"}},{"type":"Feature","geometry":{"type":"Point","coordinates":[-0.74554,44.05867]},"properties":{"latitude":"44.05867","longitude":"-0.74554","bright_ti4":"304.57","scan":"0.41","track":"0.37","acq_date":"2026-08-16","acq_time":"158","satellite":"N20","instrument":"VIIRS","confidence":"n","version":"2.0NRT","bright_ti5":"289.31","frp":"1.16","daynight":"N","commune":"Arengosse","code_insee":"40006","departement":"Landes","region":"Nouvelle-Aquitaine"}},{"type":"Feature","geometry":{"type":"Point","coordinates":[-0.73461,44.06064]},"properties":{"latitude":"44.06064","longitude":"-0.73461","bright_ti4":"302.34","scan":"0.41","track":"0.37","acq_date":"2026-08-16","acq_time":"158","satellite":"N20","instrument":"VIIRS","confidence":"n","version":"2.0NRT","bright_ti5":"288.62","frp":"1.4","daynight":"N","commune":"Luglon","code_insee":"40165","departement":"Landes","region":"Nouvelle-Aquitaine"}},{"type":"Feature","geometry":{"type":"Point","coordinates":[-0.70273,44.06319]},"properties":{"latitude":"44.06319","longitude":"-0.70273","bright_ti4":"303.63","scan":"0.4","track":"0.37","acq_date":"2026-08-16","acq_time":"158","satellite":"N20","instrument":"VIIRS","confidence":"n","version":"2.0NRT","bright_ti5":"289.07","frp":"1.28","daynight":"N","commune":"Luglon","code_insee":"40165","departement":"Landes","region":"Nouvelle-Aquitaine"}},{"type":"Feature","geometry":{"type":"Point","coordinates":[-0.70184,44.06655]},"properties":{"latitude":"44.06655","longitude":"-0.70184","bright_ti4":"311.94","scan":"0.4","track":"0.37","acq_date":"2026-08-16","acq_time":"158","satellite":"N20","instrument":"VIIRS","confidence":"n","version":"2.0NRT","bright_ti5":"289.02","frp":"1.28","daynight":"N","commune":"Luglon","code_insee":"40165","departement":"Landes","region":"Nouvelle-Aquitaine"}},{"type":"Feature","geometry":{"type":"Point","coordinates":[5.82225,45.91053]},"properties":{"latitude":"45.91053","longitude":"5.82225","bright_ti4":"306.2","scan":"0.43","track":"0.38","acq_date":"2026-08-16","acq_time":"158","satellite":"N20","instrument":"VIIRS","confidence":"n","version":"2.0NRT","bright_ti5":"291.66","frp":"0.72","daynight":"N","commune":"Anglefort","code_insee":"01010","departement":"Ain","region":"Auvergne-Rhône-Alpes"}},{"type":"Feature","geometry":{"type":"Point","coordinates":[-0.14023,46.8062]},"properties":{"latitude":"46.8062","longitude":"-0.14023","bright_ti4":"301.98","scan":"0.41","track":"0.37","acq_date":"2026-08-16","acq_time":"158","satellite":"N20","instrument":"VIIRS","confidence":"n","version":"2.0NRT","bright_ti5":"286.57","frp":"0.77","daynight":"N","commune":"Airvault","code_insee":"79005","departement":"Deux-Sèvres","region":"Nouvelle-Aquitaine"}},{"type":"Feature","geometry":{"type":"Point","coordinates":[-2.05564,47.31823]},"properties":{"latitude":"47.31823","longitude":"-2.05564","bright_ti4":"305.84","scan":"0.47","track":"0.4","acq_date":"2026-08-16","acq_time":"158","satellite":"N20","instrument":"VIIRS","confidence":"n","version":"2.0NRT","bright_ti5":"289.12","frp":"0.63","daynight":"N","commune":"Donges","code_insee":"44052","departement":"Loire-Atlantique","region":"Pays de la Loire"}},{"type":"Feature","geometry":{"type":"Point","coordinates":[-2.60072,47.66649]},"properties":{"latitude":"47.66649","longitude":"-2.60072","bright_ti4":"299.58","scan":"0.5","track":"0.41","acq_date":"2026-08-16","acq_time":"158","satellite":"N20","instrument":"VIIRS","confidence":"n","version":"2.0NRT","bright_ti5":"288.85","frp":"0.54","daynight":"N","commune":"Treffléan","code_insee":"56255","departement":"Morbihan","region":"Bretagne"}},{"type":"Feature","geometry":{"type":"Point","coordinates":[2.285,51.03445]},"properties":{"latitude":"51.03445","longitude":"2.285","bright_ti4":"329.04","scan":"0.74","track":"0.76","acq_date":"2026-08-16","acq_time":"336","satellite":"N20","instrument":"VIIRS","confidence":"n","version":"2.0NRT","bright_ti5":"286.33","frp":"4.51","daynight":"N","commune":"Grande-Synthe","code_insee":"59271","departement":"Nord","region":"Hauts-de-France"}},{"type":"Feature","geometry":{"type":"Point","coordinates":[2.28332,51.03481]},"properties":{"latitude":"51.03481","longitude":"2.28332","bright_ti4":"325.25","scan":"0.74","track":"0.76","acq_date":"2026-08-16","acq_time":"336","satellite":"N20","instrument":"VIIRS","confidence":"n","version":"2.0NRT","bright_ti5":"286.2","frp":"4.84","daynight":"N","commune":"Grande-Synthe","code_insee":"59271","departement":"Nord","region":"Hauts-de-France"}},{"type":"Feature","geometry":{"type":"Point","coordinates":[2.29829,51.03713]},"properties":{"latitude":"51.03713","longitude":"2.29829","bright_ti4":"303.94","scan":"0.74","track":"0.76","acq_date":"2026-08-16","acq_time":"336","satellite":"N20","instrument":"VIIRS","confidence":"n","version":"2.0NRT","bright_ti5":"286.16","frp":"4","daynight":"N","commune":"Grande-Synthe","code_insee":"59271","departement":"Nord","region":"Hauts-de-France"}},{"type":"Feature","geometry":{"type":"Point","coordinates":[2.29109,51.04037]},"properties":{"latitude":"51.04037","longitude":"2.29109","bright_ti4":"315.58","scan":"0.74","track":"0.76","acq_date":"2026-08-16","acq_time":"336","satellite":"N20","instrument":"VIIRS","confidence":"n","version":"2.0NRT","bright_ti5":"286.17","frp":"4.51","daynight":"N","commune":"Grande-Synthe","code_insee":"59271","departement":"Nord","region":"Hauts-de-France"}},{"type":"Feature","geometry":{"type":"Point","coordinates":[2.28939,51.04074]},"properties":{"latitude":"51.04074","longitude":"2.28939","bright_ti4":"315.92","scan":"0.74","track":"0.76","acq_date":"2026-08-16","acq_time":"336","satellite":"N20","instrument":"VIIRS","confidence":"n","version":"2.0NRT","bright_ti5":"286.05","frp":"4","daynight":"N","commune":"Grande-Synthe","code_insee":"59271","departement":"Nord","region":"Hauts-de-France"}},{"type":"Feature","geometry":{"type":"Point","coordinates":[2.29541,51.04669]},"properties":{"latitude":"51.04669","longitude":"2.29541","bright_ti4":"336.54","scan":"0.74","track":"0.76","acq_date":"2026-08-16","acq_time":"336","satellite":"N20","instrument":"VIIRS","confidence":"n","version":"2.0NRT","bright_ti5":"286.18","frp":"4","daynight":"N","commune":"Grande-Synthe","code_insee":"59271","departement":"Nord","region":"Hauts-de-France"}},{"type":"Feature","geometry":{"type":"Point","coordinates":[4.88116,43.44254]},"properties":{"latitude":"43.44254","longitude":"4.88116","bright_ti4":"340.31","scan":"0.41","track":"0.61","acq_date":"2026-08-16","acq_time":"1142","satellite":"N20","instrument":"VIIRS","confidence":"n","version":"2.0NRT","bright_ti5":"297.4","frp":"2.37","daynight":"D","commune":"Fos-sur-Mer","code_insee":"13039","departement":"Bouches-du-Rhône","region":"Provence-Alpes-Côte d'Azur"}},{"type":"Feature","geometry":{"type":"Point","coordinates":[2.95824,43.17704]},"properties":{"latitude":"43.17704","longitude":"2.95824","bright_ti4":"338.46","scan":"0.52","track":"0.5","acq_date":"2026-08-16","acq_time":"1323","satellite":"N20","instrument":"VIIRS","confidence":"n","version":"2.0NRT","bright_ti5":"291.71","frp":"3.97","daynight":"D","commune":"Narbonne","code_insee":"11262","departement":"Aude","region":"Occitanie"}},{"type":"Feature","geometry":{"type":"Point","coordinates":[-0.31124,46.53043]},"properties":{"latitude":"46.53043","longitude":"-0.31124","bright_ti4":"332.42","scan":"0.4","track":"0.44","acq_date":"2026-08-16","acq_time":"1325","satellite":"N20","instrument":"VIIRS","confidence":"n","version":"2.0NRT","bright_ti5":"301.75","frp":"0.5","daynight":"D","commune":"Mazières-en-Gâtine","code_insee":"79172","departement":"Deux-Sèvres","region":"Nouvelle-Aquitaine"}},{"type":"Feature","geometry":{"type":"Point","coordinates":[7.37395,43.79554]},"properties":{"latitude":"43.79554","longitude":"7.37395","bright_ti4":"303.64","scan":"0.39","track":"0.36","acq_date":"2026-08-17","acq_time":"139","satellite":"N20","instrument":"VIIRS","confidence":"n","version":"2.0NRT","bright_ti5":"285.42","frp":"0.64","daynight":"N","commune":"Blausasc","code_insee":"06019","departement":"Alpes-Maritimes","region":"Provence-Alpes-Côte d'Azur"}},{"type":"Feature","geometry":{"type":"Point","coordinates":[4.69438,44.09121]},"properties":{"latitude":"44.09121","longitude":"4.69438","bright_ti4":"302.92","scan":"0.39","track":"0.37","acq_date":"2026-08-17","acq_time":"139","satellite":"N20","instrument":"VIIRS","confidence":"n","version":"2.0NRT","bright_ti5":"291.85","frp":"0.49","daynight":"N","commune":"Laudun-l'Ardoise","code_insee":"30141","departement":"Gard","region":"Occitanie"}},{"type":"Feature","geometry":{"type":"Point","coordinates":[5.81952,45.91102]},"properties":{"latitude":"45.91102","longitude":"5.81952","bright_ti4":"301.27","scan":"0.39","track":"0.36","acq_date":"2026-08-17","acq_time":"139","satellite":"N20","instrument":"VIIRS","confidence":"n","version":"2.0NRT","bright_ti5":"289.45","frp":"0.83","daynight":"N","commune":"Anglefort","code_insee":"01010","departement":"Ain","region":"Auvergne-Rhône-Alpes"}},{"type":"Feature","geometry":{"type":"Point","coordinates":[5.82109,45.91347]},"properties":{"latitude":"45.91347","longitude":"5.82109","bright_ti4":"304.48","scan":"0.39","track":"0.36","acq_date":"2026-08-17","acq_time":"139","satellite":"N20","instrument":"VIIRS","confidence":"n","version":"2.0NRT","bright_ti5":"290.58","frp":"0.52","daynight":"N","commune":"Anglefort","code_insee":"01010","departement":"Ain","region":"Auvergne-Rhône-Alpes"}},{"type":"Feature","geometry":{"type":"Point","coordinates":[4.84492,46.17131]},"properties":{"latitude":"46.17131","longitude":"4.84492","bright_ti4":"320","scan":"0.4","track":"0.37","acq_date":"2026-08-17","acq_time":"139","satellite":"N20","instrument":"VIIRS","confidence":"n","version":"2.0NRT","bright_ti5":"278.33","frp":"1.8","daynight":"N","commune":"Saint-Didier-sur-Chalaronne","code_insee":"01348","departement":"Ain","region":"Auvergne-Rhône-Alpes"}},{"type":"Feature","geometry":{"type":"Point","coordinates":[-2.05698,47.31894]},"properties":{"latitude":"47.31894","longitude":"-2.05698","bright_ti4":"296.23","scan":"0.49","track":"0.49","acq_date":"2026-08-17","acq_time":"139","satellite":"N20","instrument":"VIIRS","confidence":"n","version":"2.0NRT","bright_ti5":"281.3","frp":"0.68","daynight":"N","commune":"Donges","code_insee":"44052","departement":"Loire-Atlantique","region":"Pays de la Loire"}},{"type":"Feature","geometry":{"type":"Point","coordinates":[2.26132,47.54478]},"properties":{"latitude":"47.54478","longitude":"2.26132","bright_ti4":"304.48","scan":"0.49","track":"0.4","acq_date":"2026-08-17","acq_time":"139","satellite":"N20","instrument":"VIIRS","confidence":"n","version":"2.0NRT","bright_ti5":"282.79","frp":"1.07","daynight":"N","commune":"Brinon-sur-Sauldre","code_insee":"18037","departement":"Cher","region":"Centre-Val de Loire"}},{"type":"Feature","geometry":{"type":"Point","coordinates":[6.10996,48.56363]},"properties":{"latitude":"48.56363","longitude":"6.10996","bright_ti4":"301.14","scan":"0.4","track":"0.37","acq_date":"2026-08-17","acq_time":"139","satellite":"N20","instrument":"VIIRS","confidence":"n","version":"2.0NRT","bright_ti5":"290.08","frp":"0.75","daynight":"N","commune":"Xeuilley","code_insee":"54596","departement":"Meurthe-et-Moselle","region":"Grand Est"}},{"type":"Feature","geometry":{"type":"Point","coordinates":[6.11531,48.60962]},"properties":{"latitude":"48.60962","longitude":"6.11531","bright_ti4":"309.53","scan":"0.4","track":"0.37","acq_date":"2026-08-17","acq_time":"139","satellite":"N20","instrument":"VIIRS","confidence":"n","version":"2.0NRT","bright_ti5":"291.23","frp":"1.56","daynight":"N","commune":"Neuves-Maisons","code_insee":"54397","departement":"Meurthe-et-Moselle","region":"Grand Est"}},{"type":"Feature","geometry":{"type":"Point","coordinates":[6.96588,48.69287]},"properties":{"latitude":"48.69287","longitude":"6.96588","bright_ti4":"304.14","scan":"0.39","track":"0.36","acq_date":"2026-08-17","acq_time":"139","satellite":"N20","instrument":"VIIRS","confidence":"n","version":"2.0NRT","bright_ti5":"288.73","frp":"1.09","daynight":"N","commune":"Héming","code_insee":"57314","departement":"Moselle","region":"Grand Est"}},{"type":"Feature","geometry":{"type":"Point","coordinates":[5.68284,48.718]},"properties":{"latitude":"48.718","longitude":"5.68284","bright_ti4":"305.05","scan":"0.4","track":"0.37","acq_date":"2026-08-17","acq_time":"139","satellite":"N20","instrument":"VIIRS","confidence":"n","version":"2.0NRT","bright_ti5":"288.43","frp":"1.1","daynight":"N","commune":"Sorcy-Saint-Martin","code_insee":"55496","departement":"Meuse","region":"Grand Est"}},{"type":"Feature","geometry":{"type":"Point","coordinates":[1.51964,42.90252]},"properties":{"latitude":"42.90252","longitude":"1.51964","bright_ti4":"311.55","scan":"0.47","track":"0.39","acq_date":"2026-08-17","acq_time":"141","satellite":"N20","instrument":"VIIRS","confidence":"n","version":"2.0NRT","bright_ti5":"286.28","frp":"2.48","daynight":"N","commune":"Saurat","code_insee":"09280","departement":"Ariège","region":"Occitanie"}},{"type":"Feature","geometry":{"type":"Point","coordinates":[1.51439,42.90315]},"properties":{"latitude":"42.90315","longitude":"1.51439","bright_ti4":"309.48","scan":"0.47","track":"0.39","acq_date":"2026-08-17","acq_time":"141","satellite":"N20","instrument":"VIIRS","confidence":"n","version":"2.0NRT","bright_ti5":"284.23","frp":"1.73","daynight":"N","commune":"Saurat","code_insee":"09280","departement":"Ariège","region":"Occitanie"}},{"type":"Feature","geometry":{"type":"Point","coordinates":[1.52132,42.90325]},"properties":{"latitude":"42.90325","longitude":"1.52132","bright_ti4":"295.71","scan":"0.47","track":"0.39","acq_date":"2026-08-17","acq_time":"141","satellite":"N20","instrument":"VIIRS","confidence":"n","version":"2.0NRT","bright_ti5":"284.93","frp":"3.67","daynight":"N","commune":"Saurat","code_insee":"09280","departement":"Ariège","region":"Occitanie"}},{"type":"Feature","geometry":{"type":"Point","coordinates":[1.51607,42.90387]},"properties":{"latitude":"42.90387","longitude":"1.51607","bright_ti4":"337.63","scan":"0.47","track":"0.39","acq_date":"2026-08-17","acq_time":"141","satellite":"N20","instrument":"VIIRS","confidence":"n","version":"2.0NRT","bright_ti5":"289.13","frp":"3.67","daynight":"N","commune":"Saurat","code_insee":"09280","departement":"Ariège","region":"Occitanie"}},{"type":"Feature","geometry":{"type":"Point","coordinates":[1.52057,42.9061]},"properties":{"latitude":"42.9061","longitude":"1.52057","bright_ti4":"325.58","scan":"0.47","track":"0.39","acq_date":"2026-08-17","acq_time":"141","satellite":"N20","instrument":"VIIRS","confidence":"n","version":"2.0NRT","bright_ti5":"287.76","frp":"2.48","daynight":"N","commune":"Saurat","code_insee":"09280","departement":"Ariège","region":"Occitanie"}},{"type":"Feature","geometry":{"type":"Point","coordinates":[1.51509,42.90676]},"properties":{"latitude":"42.90676","longitude":"1.51509","bright_ti4":"309.27","scan":"0.47","track":"0.39","acq_date":"2026-08-17","acq_time":"141","satellite":"N20","instrument":"VIIRS","confidence":"n","version":"2.0NRT","bright_ti5":"283.08","frp":"1.73","daynight":"N","commune":"Brassac","code_insee":"09066","departement":"Ariège","region":"Occitanie"}},{"type":"Feature","geometry":{"type":"Point","coordinates":[1.51669,42.90749]},"properties":{"latitude":"42.90749","longitude":"1.51669","bright_ti4":"308.55","scan":"0.47","track":"0.39","acq_date":"2026-08-17","acq_time":"141","satellite":"N20","instrument":"VIIRS","confidence":"n","version":"2.0NRT","bright_ti5":"283.49","frp":"1.1","daynight":"N","commune":"Brassac","code_insee":"09066","departement":"Ariège","region":"Occitanie"}},{"type":"Feature","geometry":{"type":"Point","coordinates":[4.89802,43.43405]},"properties":{"latitude":"43.43405","longitude":"4.89802","bright_ti4":"306.97","scan":"0.39","track":"0.36","acq_date":"2026-08-17","acq_time":"141","satellite":"N20","instrument":"VIIRS","confidence":"n","version":"2.0NRT","bright_ti5":"292.87","frp":"1.22","daynight":"N","commune":"Fos-sur-Mer","code_insee":"13039","departement":"Bouches-du-Rhône","region":"Provence-Alpes-Côte d'Azur"}},{"type":"Feature","geometry":{"type":"Point","coordinates":[4.87895,43.43685]},"properties":{"latitude":"43.43685","longitude":"4.87895","bright_ti4":"305.21","scan":"0.39","track":"0.36","acq_date":"2026-08-17","acq_time":"141","satellite":"N20","instrument":"VIIRS","confidence":"n","version":"2.0NRT","bright_ti5":"292.87","frp":"1.75","daynight":"N","commune":"Fos-sur-Mer","code_insee":"13039","departement":"Bouches-du-Rhône","region":"Provence-Alpes-Côte d'Azur"}},{"type":"Feature","geometry":{"type":"Point","coordinates":[4.8894,43.43875]},"properties":{"latitude":"43.43875","longitude":"4.8894","bright_ti4":"332.31","scan":"0.39","track":"0.36","acq_date":"2026-08-17","acq_time":"141","satellite":"N20","instrument":"VIIRS","confidence":"n","version":"2.0NRT","bright_ti5":"293.16","frp":"4.03","daynight":"N","commune":"Fos-sur-Mer","code_insee":"13039","departement":"Bouches-du-Rhône","region":"Provence-Alpes-Côte d'Azur"}},{"type":"Feature","geometry":{"type":"Point","coordinates":[4.896,43.44463]},"properties":{"latitude":"43.44463","longitude":"4.896","bright_ti4":"329.71","scan":"0.39","track":"0.36","acq_date":"2026-08-17","acq_time":"141","satellite":"N20","instrument":"VIIRS","confidence":"n","version":"2.0NRT","bright_ti5":"293.27","frp":"1.59","daynight":"N","commune":"Fos-sur-Mer","code_insee":"13039","departement":"Bouches-du-Rhône","region":"Provence-Alpes-Côte d'Azur"}},{"type":"Feature","geometry":{"type":"Point","coordinates":[4.89692,43.44793]},"properties":{"latitude":"43.44793","longitude":"4.89692","bright_ti4":"309.11","scan":"0.39","track":"0.36","acq_date":"2026-08-17","acq_time":"141","satellite":"N20","instrument":"VIIRS","confidence":"n","version":"2.0NRT","bright_ti5":"292.74","frp":"1.59","daynight":"N","commune":"Fos-sur-Mer","code_insee":"13039","departement":"Bouches-du-Rhône","region":"Provence-Alpes-Côte d'Azur"}},{"type":"Feature","geometry":{"type":"Point","coordinates":[4.90132,43.44478]},"properties":{"latitude":"43.44478","longitude":"4.90132","bright_ti4":"329.35","scan":"0.38","track":"0.43","acq_date":"2026-08-17","acq_time":"1304","satellite":"N20","instrument":"VIIRS","confidence":"n","version":"2.0NRT","bright_ti5":"287.57","frp":"3.66","daynight":"D","commune":"Fos-sur-Mer","code_insee":"13039","departement":"Bouches-du-Rhône","region":"Provence-Alpes-Côte d'Azur"}},{"type":"Feature","geometry":{"type":"Point","coordinates":[0.77631,46.80259]},"properties":{"latitude":"46.80259","longitude":"0.77631","bright_ti4":"333.9","scan":"0.44","track":"0.38","acq_date":"2026-08-17","acq_time":"1304","satellite":"N20","instrument":"VIIRS","confidence":"n","version":"2.0NRT","bright_ti5":"294.89","frp":"4.07","daynight":"D","commune":"La Roche-Posay","code_insee":"86207","departement":"Vienne","region":"Nouvelle-Aquitaine"}},{"type":"Feature","geometry":{"type":"Point","coordinates":[6.10916,48.61031]},"properties":{"latitude":"48.61031","longitude":"6.10916","bright_ti4":"328","scan":"0.54","track":"0.42","acq_date":"2026-08-18","acq_time":"117","satellite":"N20","instrument":"VIIRS","confidence":"n","version":"2.0NRT","bright_ti5":"288.19","frp":"4.49","daynight":"N","commune":"Neuves-Maisons","code_insee":"54397","departement":"Meurthe-et-Moselle","region":"Grand Est"}},{"type":"Feature","geometry":{"type":"Point","coordinates":[2.73629,48.94923]},"properties":{"latitude":"48.94923","longitude":"2.73629","bright_ti4":"300.09","scan":"0.51","track":"0.49","acq_date":"2026-08-18","acq_time":"117","satellite":"N20","instrument":"VIIRS","confidence":"n","version":"2.0NRT","bright_ti5":"287","frp":"0.99","daynight":"N","commune":"Fresnes-sur-Marne","code_insee":"77196","departement":"Seine-et-Marne","region":"Île-de-France"}},{"type":"Feature","geometry":{"type":"Point","coordinates":[6.14654,49.31755]},"properties":{"latitude":"49.31755","longitude":"6.14654","bright_ti4":"297.49","scan":"0.55","track":"0.43","acq_date":"2026-08-18","acq_time":"117","satellite":"N20","instrument":"VIIRS","confidence":"n","version":"2.0NRT","bright_ti5":"286.7","frp":"1.71","daynight":"N","commune":"Florange","code_insee":"57221","departement":"Moselle","region":"Grand Est"}},{"type":"Feature","geometry":{"type":"Point","coordinates":[2.27198,51.02704]},"properties":{"latitude":"51.02704","longitude":"2.27198","bright_ti4":"295.9","scan":"0.56","track":"0.51","acq_date":"2026-08-18","acq_time":"117","satellite":"N20","instrument":"VIIRS","confidence":"n","version":"2.0NRT","bright_ti5":"274.22","frp":"1.27","daynight":"N","commune":"Grande-Synthe","code_insee":"59271","departement":"Nord","region":"Hauts-de-France"}},{"type":"Feature","geometry":{"type":"Point","coordinates":[2.28148,51.03608]},"properties":{"latitude":"51.03608","longitude":"2.28148","bright_ti4":"304.37","scan":"0.56","track":"0.51","acq_date":"2026-08-18","acq_time":"117","satellite":"N20","instrument":"VIIRS","confidence":"n","version":"2.0NRT","bright_ti5":"274.05","frp":"1.24","daynight":"N","commune":"Grande-Synthe","code_insee":"59271","departement":"Nord","region":"Hauts-de-France"}},{"type":"Feature","geometry":{"type":"Point","coordinates":[2.29899,51.04465]},"properties":{"latitude":"51.04465","longitude":"2.29899","bright_ti4":"299.33","scan":"0.56","track":"0.51","acq_date":"2026-08-18","acq_time":"117","satellite":"N20","instrument":"VIIRS","confidence":"n","version":"2.0NRT","bright_ti5":"269.49","frp":"0.64","daynight":"N","commune":"Grande-Synthe","code_insee":"59271","departement":"Nord","region":"Hauts-de-France"}},{"type":"Feature","geometry":{"type":"Point","coordinates":[2.29692,51.04492]},"properties":{"latitude":"51.04492","longitude":"2.29692","bright_ti4":"301.05","scan":"0.56","track":"0.51","acq_date":"2026-08-18","acq_time":"117","satellite":"N20","instrument":"VIIRS","confidence":"n","version":"2.0NRT","bright_ti5":"269.44","frp":"1.9","daynight":"N","commune":"Grande-Synthe","code_insee":"59271","departement":"Nord","region":"Hauts-de-France"}},{"type":"Feature","geometry":{"type":"Point","coordinates":[1.51084,42.903]},"properties":{"latitude":"42.903","longitude":"1.51084","bright_ti4":"298.28","scan":"0.51","track":"0.49","acq_date":"2026-08-18","acq_time":"120","satellite":"N20","instrument":"VIIRS","confidence":"n","version":"2.0NRT","bright_ti5":"284.44","frp":"1.26","daynight":"N","commune":"Saurat","code_insee":"09280","departement":"Ariège","region":"Occitanie"}},{"type":"Feature","geometry":{"type":"Point","coordinates":[4.89454,43.43415]},"properties":{"latitude":"43.43415","longitude":"4.89454","bright_ti4":"307.9","scan":"0.53","track":"0.42","acq_date":"2026-08-18","acq_time":"120","satellite":"N20","instrument":"VIIRS","confidence":"n","version":"2.0NRT","bright_ti5":"292.02","frp":"4.56","daynight":"N","commune":"Fos-sur-Mer","code_insee":"13039","departement":"Bouches-du-Rhône","region":"Provence-Alpes-Côte d'Azur"}},{"type":"Feature","geometry":{"type":"Point","coordinates":[4.88869,43.43869]},"properties":{"latitude":"43.43869","longitude":"4.88869","bright_ti4":"325.76","scan":"0.53","track":"0.42","acq_date":"2026-08-18","acq_time":"120","satellite":"N20","instrument":"VIIRS","confidence":"n","version":"2.0NRT","bright_ti5":"284.5","frp":"3.32","daynight":"N","commune":"Fos-sur-Mer","code_insee":"13039","departement":"Bouches-du-Rhône","region":"Provence-Alpes-Côte d'Azur"}},{"type":"Feature","geometry":{"type":"Point","coordinates":[4.88285,43.44323]},"properties":{"latitude":"43.44323","longitude":"4.88285","bright_ti4":"320.87","scan":"0.53","track":"0.42","acq_date":"2026-08-18","acq_time":"120","satellite":"N20","instrument":"VIIRS","confidence":"n","version":"2.0NRT","bright_ti5":"279.03","frp":"3.32","daynight":"N","commune":"Fos-sur-Mer","code_insee":"13039","departement":"Bouches-du-Rhône","region":"Provence-Alpes-Côte d'Azur"}},{"type":"Feature","geometry":{"type":"Point","coordinates":[4.87623,43.44393]},"properties":{"latitude":"43.44393","longitude":"4.87623","bright_ti4":"313.11","scan":"0.53","track":"0.42","acq_date":"2026-08-18","acq_time":"120","satellite":"N20","instrument":"VIIRS","confidence":"n","version":"2.0NRT","bright_ti5":"269.73","frp":"1.18","daynight":"N","commune":"Fos-sur-Mer","code_insee":"13039","departement":"Bouches-du-Rhône","region":"Provence-Alpes-Côte d'Azur"}},{"type":"Feature","geometry":{"type":"Point","coordinates":[4.89686,43.4457]},"properties":{"latitude":"43.4457","longitude":"4.89686","bright_ti4":"323.88","scan":"0.53","track":"0.42","acq_date":"2026-08-18","acq_time":"120","satellite":"N20","instrument":"VIIRS","confidence":"n","version":"2.0NRT","bright_ti5":"281.88","frp":"3.99","daynight":"N","commune":"Fos-sur-Mer","code_insee":"13039","departement":"Bouches-du-Rhône","region":"Provence-Alpes-Côte d'Azur"}},{"type":"Feature","geometry":{"type":"Point","coordinates":[7.3753,43.79222]},"properties":{"latitude":"43.79222","longitude":"7.3753","bright_ti4":"306.82","scan":"0.44","track":"0.38","acq_date":"2026-08-18","acq_time":"120","satellite":"N20","instrument":"VIIRS","confidence":"n","version":"2.0NRT","bright_ti5":"291.81","frp":"0.97","daynight":"N","commune":"Blausasc","code_insee":"06019","departement":"Alpes-Maritimes","region":"Provence-Alpes-Côte d'Azur"}},{"type":"Feature","geometry":{"type":"Point","coordinates":[-2.05587,47.31817]},"properties":{"latitude":"47.31817","longitude":"-2.05587","bright_ti4":"299.8","scan":"0.41","track":"0.61","acq_date":"2026-08-18","acq_time":"120","satellite":"N20","instrument":"VIIRS","confidence":"n","version":"2.0NRT","bright_ti5":"286.51","frp":"0.78","daynight":"N","commune":"Donges","code_insee":"44052","departement":"Loire-Atlantique","region":"Pays de la Loire"}},{"type":"Feature","geometry":{"type":"Point","coordinates":[6.11706,48.61037]},"properties":{"latitude":"48.61037","longitude":"6.11706","bright_ti4":"297.85","scan":"0.55","track":"0.68","acq_date":"2026-08-18","acq_time":"258","satellite":"N20","instrument":"VIIRS","confidence":"n","version":"2.0NRT","bright_ti5":"281.81","frp":"1.02","daynight":"N","commune":"Neuves-Maisons","code_insee":"54397","departement":"Meurthe-et-Moselle","region":"Grand Est"}},{"type":"Feature","geometry":{"type":"Point","coordinates":[6.96523,48.69344]},"properties":{"latitude":"48.69344","longitude":"6.96523","bright_ti4":"296.4","scan":"0.59","track":"0.7","acq_date":"2026-08-18","acq_time":"258","satellite":"N20","instrument":"VIIRS","confidence":"n","version":"2.0NRT","bright_ti5":"284.01","frp":"1.1","daynight":"N","commune":"Héming","code_insee":"57314","departement":"Moselle","region":"Grand Est"}},{"type":"Feature","geometry":{"type":"Point","coordinates":[4.8925,43.43449]},"properties":{"latitude":"43.43449","longitude":"4.8925","bright_ti4":"304.57","scan":"0.74","track":"0.76","acq_date":"2026-08-18","acq_time":"300","satellite":"N20","instrument":"VIIRS","confidence":"n","version":"2.0NRT","bright_ti5":"290.1","frp":"3.27","daynight":"N","commune":"Fos-sur-Mer","code_insee":"13039","departement":"Bouches-du-Rhône","region":"Provence-Alpes-Côte d'Azur"}},{"type":"Feature","geometry":{"type":"Point","coordinates":[4.89099,43.4356]},"properties":{"latitude":"43.4356","longitude":"4.89099","bright_ti4":"304.62","scan":"0.74","track":"0.76","acq_date":"2026-08-18","acq_time":"300","satellite":"N20","instrument":"VIIRS","confidence":"n","version":"2.0NRT","bright_ti5":"290.49","frp":"3.24","daynight":"N","commune":"Fos-sur-Mer","code_insee":"13039","departement":"Bouches-du-Rhône","region":"Provence-Alpes-Côte d'Azur"}},{"type":"Feature","geometry":{"type":"Point","coordinates":[4.8952,43.44195]},"properties":{"latitude":"43.44195","longitude":"4.8952","bright_ti4":"303.55","scan":"0.74","track":"0.76","acq_date":"2026-08-18","acq_time":"300","satellite":"N20","instrument":"VIIRS","confidence":"n","version":"2.0NRT","bright_ti5":"289.77","frp":"1.91","daynight":"N","commune":"Fos-sur-Mer","code_insee":"13039","departement":"Bouches-du-Rhône","region":"Provence-Alpes-Côte d'Azur"}},{"type":"Feature","geometry":{"type":"Point","coordinates":[4.88853,43.44375]},"properties":{"latitude":"43.44375","longitude":"4.88853","bright_ti4":"305.56","scan":"0.74","track":"0.76","acq_date":"2026-08-18","acq_time":"300","satellite":"N20","instrument":"VIIRS","confidence":"n","version":"2.0NRT","bright_ti5":"289.8","frp":"2.32","daynight":"N","commune":"Fos-sur-Mer","code_insee":"13039","departement":"Bouches-du-Rhône","region":"Provence-Alpes-Côte d'Azur"}},{"type":"Feature","geometry":{"type":"Point","coordinates":[4.88705,43.44481]},"properties":{"latitude":"43.44481","longitude":"4.88705","bright_ti4":"311.64","scan":"0.74","track":"0.76","acq_date":"2026-08-18","acq_time":"300","satellite":"N20","instrument":"VIIRS","confidence":"n","version":"2.0NRT","bright_ti5":"289.72","frp":"3.8","daynight":"N","commune":"Fos-sur-Mer","code_insee":"13039","departement":"Bouches-du-Rhône","region":"Provence-Alpes-Côte d'Azur"}},{"type":"Feature","geometry":{"type":"Point","coordinates":[4.88032,43.44667]},"properties":{"latitude":"43.44667","longitude":"4.88032","bright_ti4":"309.15","scan":"0.74","track":"0.76","acq_date":"2026-08-18","acq_time":"300","satellite":"N20","instrument":"VIIRS","confidence":"n","version":"2.0NRT","bright_ti5":"289.84","frp":"2.32","daynight":"N","commune":"Fos-sur-Mer","code_insee":"13039","departement":"Bouches-du-Rhône","region":"Provence-Alpes-Côte d'Azur"}},{"type":"Feature","geometry":{"type":"Point","coordinates":[4.90095,43.44718]},"properties":{"latitude":"43.44718","longitude":"4.90095","bright_ti4":"308.31","scan":"0.74","track":"0.76","acq_date":"2026-08-18","acq_time":"300","satellite":"N20","instrument":"VIIRS","confidence":"n","version":"2.0NRT","bright_ti5":"289.91","frp":"1.73","daynight":"N","commune":"Fos-sur-Mer","code_insee":"13039","departement":"Bouches-du-Rhône","region":"Provence-Alpes-Côte d'Azur"}},{"type":"Feature","geometry":{"type":"Point","coordinates":[4.89951,43.44827]},"properties":{"latitude":"43.44827","longitude":"4.89951","bright_ti4":"309.48","scan":"0.74","track":"0.76","acq_date":"2026-08-18","acq_time":"300","satellite":"N20","instrument":"VIIRS","confidence":"n","version":"2.0NRT","bright_ti5":"290.06","frp":"1.91","daynight":"N","commune":"Fos-sur-Mer","code_insee":"13039","departement":"Bouches-du-Rhône","region":"Provence-Alpes-Côte d'Azur"}},{"type":"Feature","geometry":{"type":"Point","coordinates":[1.13128,43.291]},"properties":{"latitude":"43.291","longitude":"1.13128","bright_ti4":"340.7","scan":"0.4","track":"0.37","acq_date":"2026-08-18","acq_time":"1244","satellite":"N20","instrument":"VIIRS","confidence":"n","version":"2.0NRT","bright_ti5":"304.31","frp":"2.59","daynight":"D","commune":"Saint-Élix-le-Château","code_insee":"31476","departement":"Haute-Garonne","region":"Occitanie"}},{"type":"Feature","geometry":{"type":"Point","coordinates":[1.15598,43.30914]},"properties":{"latitude":"43.30914","longitude":"1.15598","bright_ti4":"336.19","scan":"0.4","track":"0.37","acq_date":"2026-08-18","acq_time":"1244","satellite":"N20","instrument":"VIIRS","confidence":"l","version":"2.0NRT","bright_ti5":"307.38","frp":"2.75","daynight":"D","commune":"Lafitte-Vigordane","code_insee":"31261","departement":"Haute-Garonne","region":"Occitanie"}},{"type":"Feature","geometry":{"type":"Point","coordinates":[1.15268,43.3104]},"properties":{"latitude":"43.3104","longitude":"1.15268","bright_ti4":"335.97","scan":"0.4","track":"0.37","acq_date":"2026-08-18","acq_time":"1244","satellite":"N20","instrument":"VIIRS","confidence":"l","version":"2.0NRT","bright_ti5":"308.13","frp":"2.23","daynight":"D","commune":"Lafitte-Vigordane","code_insee":"31261","departement":"Haute-Garonne","region":"Occitanie"}},{"type":"Feature","geometry":{"type":"Point","coordinates":[1.86279,43.40988]},"properties":{"latitude":"43.40988","longitude":"1.86279","bright_ti4":"344.87","scan":"0.39","track":"0.36","acq_date":"2026-08-18","acq_time":"1244","satellite":"N20","instrument":"VIIRS","confidence":"n","version":"2.0NRT","bright_ti5":"305.71","frp":"3.22","daynight":"D","commune":"Saint-Paulet","code_insee":"11362","departement":"Aude","region":"Occitanie"}},{"type":"Feature","geometry":{"type":"Point","coordinates":[5.16171,43.52296]},"properties":{"latitude":"43.52296","longitude":"5.16171","bright_ti4":"338.37","scan":"0.4","track":"0.37","acq_date":"2026-08-18","acq_time":"1244","satellite":"N20","instrument":"VIIRS","confidence":"n","version":"2.0NRT","bright_ti5":"309.77","frp":"3.03","daynight":"D","commune":"Berre-l'Étang","code_insee":"13014","departement":"Bouches-du-Rhône","region":"Provence-Alpes-Côte d'Azur"}},{"type":"Feature","geometry":{"type":"Point","coordinates":[1.42777,43.55045]},"properties":{"latitude":"43.55045","longitude":"1.42777","bright_ti4":"336.85","scan":"0.39","track":"0.36","acq_date":"2026-08-18","acq_time":"1244","satellite":"N20","instrument":"VIIRS","confidence":"n","version":"2.0NRT","bright_ti5":"302.05","frp":"2.78","daynight":"D","commune":"Toulouse","code_insee":"31555","departement":"Haute-Garonne","region":"Occitanie"}},{"type":"Feature","geometry":{"type":"Point","coordinates":[1.8696,43.62691]},"properties":{"latitude":"43.62691","longitude":"1.8696","bright_ti4":"335.64","scan":"0.39","track":"0.36","acq_date":"2026-08-18","acq_time":"1244","satellite":"N20","instrument":"VIIRS","confidence":"l","version":"2.0NRT","bright_ti5":"306.77","frp":"2.36","daynight":"D","commune":"Roquevidal","code_insee":"81229","departement":"Tarn","region":"Occitanie"}},{"type":"Feature","geometry":{"type":"Point","coordinates":[1.42579,43.64255]},"properties":{"latitude":"43.64255","longitude":"1.42579","bright_ti4":"336.46","scan":"0.39","track":"0.36","acq_date":"2026-08-18","acq_time":"1244","satellite":"N20","instrument":"VIIRS","confidence":"l","version":"2.0NRT","bright_ti5":"307","frp":"1.94","daynight":"D","commune":"Toulouse","code_insee":"31555","departement":"Haute-Garonne","region":"Occitanie"}},{"type":"Feature","geometry":{"type":"Point","coordinates":[2.21685,43.77881]},"properties":{"latitude":"43.77881","longitude":"2.21685","bright_ti4":"342.51","scan":"0.39","track":"0.36","acq_date":"2026-08-18","acq_time":"1244","satellite":"N20","instrument":"VIIRS","confidence":"n","version":"2.0NRT","bright_ti5":"303.14","frp":"2.26","daynight":"D","commune":"Réalmont","code_insee":"81222","departement":"Tarn","region":"Occitanie"}},{"type":"Feature","geometry":{"type":"Point","coordinates":[0.51241,43.96842]},"properties":{"latitude":"43.96842","longitude":"0.51241","bright_ti4":"347.78","scan":"0.41","track":"0.37","acq_date":"2026-08-18","acq_time":"1244","satellite":"N20","instrument":"VIIRS","confidence":"n","version":"2.0NRT","bright_ti5":"304.7","frp":"3.34","daynight":"D","commune":"La Romieu","code_insee":"32345","departement":"Gers","region":"Occitanie"}},{"type":"Feature","geometry":{"type":"Point","coordinates":[0.71596,43.9826]},"properties":{"latitude":"43.9826","longitude":"0.71596","bright_ti4":"340.86","scan":"0.4","track":"0.37","acq_date":"2026-08-18","acq_time":"1244","satellite":"N20","instrument":"VIIRS","confidence":"n","version":"2.0NRT","bright_ti5":"304.68","frp":"2.63","daynight":"D","commune":"Castet-Arrouy","code_insee":"32085","departement":"Gers","region":"Occitanie"}},{"type":"Feature","geometry":{"type":"Point","coordinates":[0.71486,43.98591]},"properties":{"latitude":"43.98591","longitude":"0.71486","bright_ti4":"347.56","scan":"0.4","track":"0.37","acq_date":"2026-08-18","acq_time":"1244","satellite":"N20","instrument":"VIIRS","confidence":"n","version":"2.0NRT","bright_ti5":"304.61","frp":"4.72","daynight":"D","commune":"Castet-Arrouy","code_insee":"32085","departement":"Gers","region":"Occitanie"}},{"type":"Feature","geometry":{"type":"Point","coordinates":[5.15504,44.01201]},"properties":{"latitude":"44.01201","longitude":"5.15504","bright_ti4":"336.58","scan":"0.41","track":"0.37","acq_date":"2026-08-18","acq_time":"1244","satellite":"N20","instrument":"VIIRS","confidence":"n","version":"2.0NRT","bright_ti5":"303.66","frp":"2.35","daynight":"D","commune":"Malemort-du-Comtat","code_insee":"84070","departement":"Vaucluse","region":"Provence-Alpes-Côte d'Azur"}},{"type":"Feature","geometry":{"type":"Point","coordinates":[1.86408,44.34897]},"properties":{"latitude":"44.34897","longitude":"1.86408","bright_ti4":"330.21","scan":"0.39","track":"0.36","acq_date":"2026-08-18","acq_time":"1244","satellite":"N20","instrument":"VIIRS","confidence":"n","version":"2.0NRT","bright_ti5":"298.92","frp":"1.53","daynight":"D","commune":"Laramière","code_insee":"46154","departement":"Lot","region":"Occitanie"}},{"type":"Feature","geometry":{"type":"Point","coordinates":[0.82154,44.48126]},"properties":{"latitude":"44.48126","longitude":"0.82154","bright_ti4":"337.71","scan":"0.4","track":"0.37","acq_date":"2026-08-18","acq_time":"1244","satellite":"N20","instrument":"VIIRS","confidence":"n","version":"2.0NRT","bright_ti5":"302.4","frp":"2.69","daynight":"D","commune":"Saint-Aubin","code_insee":"47230","departement":"Lot-et-Garonne","region":"Nouvelle-Aquitaine"}},{"type":"Feature","geometry":{"type":"Point","coordinates":[0.82643,44.48209]},"properties":{"latitude":"44.48209","longitude":"0.82643","bright_ti4":"337.45","scan":"0.4","track":"0.37","acq_date":"2026-08-18","acq_time":"1244","satellite":"N20","instrument":"VIIRS","confidence":"n","version":"2.0NRT","bright_ti5":"302.33","frp":"2.69","daynight":"D","commune":"Saint-Aubin","code_insee":"47230","departement":"Lot-et-Garonne","region":"Nouvelle-Aquitaine"}},{"type":"Feature","geometry":{"type":"Point","coordinates":[4.78422,44.49139]},"properties":{"latitude":"44.49139","longitude":"4.78422","bright_ti4":"332.47","scan":"0.4","track":"0.37","acq_date":"2026-08-18","acq_time":"1244","satellite":"N20","instrument":"VIIRS","confidence":"n","version":"2.0NRT","bright_ti5":"281","frp":"3.29","daynight":"D","commune":"Allan","code_insee":"26005","departement":"Drôme","region":"Auvergne-Rhône-Alpes"}},{"type":"Feature","geometry":{"type":"Point","coordinates":[4.77835,44.49406]},"properties":{"latitude":"44.49406","longitude":"4.77835","bright_ti4":"335.49","scan":"0.4","track":"0.37","acq_date":"2026-08-18","acq_time":"1244","satellite":"N20","instrument":"VIIRS","confidence":"n","version":"2.0NRT","bright_ti5":"278.78","frp":"2.73","daynight":"D","commune":"Allan","code_insee":"26005","departement":"Drôme","region":"Auvergne-Rhône-Alpes"}},{"type":"Feature","geometry":{"type":"Point","coordinates":[-0.98845,44.69752]},"properties":{"latitude":"44.69752","longitude":"-0.98845","bright_ti4":"345.38","scan":"0.43","track":"0.38","acq_date":"2026-08-18","acq_time":"1246","satellite":"N20","instrument":"VIIRS","confidence":"n","version":"2.0NRT","bright_ti5":"304.16","frp":"4.83","daynight":"D","commune":"Audenge","code_insee":"33019","departement":"Gironde","region":"Nouvelle-Aquitaine"}},{"type":"Feature","geometry":{"type":"Point","coordinates":[-0.54797,44.89719]},"properties":{"latitude":"44.89719","longitude":"-0.54797","bright_ti4":"336.97","scan":"0.42","track":"0.38","acq_date":"2026-08-18","acq_time":"1246","satellite":"N20","instrument":"VIIRS","confidence":"n","version":"2.0NRT","bright_ti5":"305.53","frp":"2.35","daynight":"D","commune":"Bordeaux","code_insee":"33063","departement":"Gironde","region":"Nouvelle-Aquitaine"}},{"type":"Feature","geometry":{"type":"Point","coordinates":[-0.54918,44.90055]},"properties":{"latitude":"44.90055","longitude":"-0.54918","bright_ti4":"340.72","scan":"0.42","track":"0.38","acq_date":"2026-08-18","acq_time":"1246","satellite":"N20","instrument":"VIIRS","confidence":"n","version":"2.0NRT","bright_ti5":"305.64","frp":"2.35","daynight":"D","commune":"Bordeaux","code_insee":"33063","departement":"Gironde","region":"Nouvelle-Aquitaine"}},{"type":"Feature","geometry":{"type":"Point","coordinates":[-0.55039,44.90392]},"properties":{"latitude":"44.90392","longitude":"-0.55039","bright_ti4":"341.13","scan":"0.42","track":"0.38","acq_date":"2026-08-18","acq_time":"1246","satellite":"N20","instrument":"VIIRS","confidence":"n","version":"2.0NRT","bright_ti5":"305.66","frp":"2.59","daynight":"D","commune":"Bordeaux","code_insee":"33063","departement":"Gironde","region":"Nouvelle-Aquitaine"}},{"type":"Feature","geometry":{"type":"Point","coordinates":[-0.5516,44.90728]},"properties":{"latitude":"44.90728","longitude":"-0.5516","bright_ti4":"340.91","scan":"0.42","track":"0.38","acq_date":"2026-08-18","acq_time":"1246","satellite":"N20","instrument":"VIIRS","confidence":"n","version":"2.0NRT","bright_ti5":"303.04","frp":"2.59","daynight":"D","commune":"Bordeaux","code_insee":"33063","departement":"Gironde","region":"Nouvelle-Aquitaine"}},{"type":"Feature","geometry":{"type":"Point","coordinates":[1.46478,44.92873]},"properties":{"latitude":"44.92873","longitude":"1.46478","bright_ti4":"342.36","scan":"0.39","track":"0.36","acq_date":"2026-08-18","acq_time":"1246","satellite":"N20","instrument":"VIIRS","confidence":"n","version":"2.0NRT","bright_ti5":"286.5","frp":"2.44","daynight":"D","commune":"Souillac","code_insee":"46309","departement":"Lot","region":"Occitanie"}},{"type":"Feature","geometry":{"type":"Point","coordinates":[0.18618,44.98508]},"properties":{"latitude":"44.98508","longitude":"0.18618","bright_ti4":"344.24","scan":"0.4","track":"0.37","acq_date":"2026-08-18","acq_time":"1246","satellite":"N20","instrument":"VIIRS","confidence":"n","version":"2.0NRT","bright_ti5":"302.98","frp":"2.98","daynight":"D","commune":"Montpon-Ménestérol","code_insee":"24294","departement":"Dordogne","region":"Nouvelle-Aquitaine"}},{"type":"Feature","geometry":{"type":"Point","coordinates":[0.10104,45.02425]},"properties":{"latitude":"45.02425","longitude":"0.10104","bright_ti4":"345.11","scan":"0.4","track":"0.37","acq_date":"2026-08-18","acq_time":"1246","satellite":"N20","instrument":"VIIRS","confidence":"n","version":"2.0NRT","bright_ti5":"304.74","frp":"2.3","daynight":"D","commune":"Montpon-Ménestérol","code_insee":"24294","departement":"Dordogne","region":"Nouvelle-Aquitaine"}},{"type":"Feature","geometry":{"type":"Point","coordinates":[0.42523,45.06675]},"properties":{"latitude":"45.06675","longitude":"0.42523","bright_ti4":"337.89","scan":"0.4","track":"0.37","acq_date":"2026-08-18","acq_time":"1246","satellite":"N20","instrument":"VIIRS","confidence":"n","version":"2.0NRT","bright_ti5":"289.72","frp":"2.43","daynight":"D","commune":"Sourzac","code_insee":"24543","departement":"Dordogne","region":"Nouvelle-Aquitaine"}},{"type":"Feature","geometry":{"type":"Point","coordinates":[-0.44939,45.18965]},"properties":{"latitude":"45.18965","longitude":"-0.44939","bright_ti4":"340.47","scan":"0.41","track":"0.37","acq_date":"2026-08-18","acq_time":"1246","satellite":"N20","instrument":"VIIRS","confidence":"n","version":"2.0NRT","bright_ti5":"309","frp":"3.9","daynight":"D","commune":"Saint-Savin","code_insee":"33473","departement":"Gironde","region":"Nouvelle-Aquitaine"}},{"type":"Feature","geometry":{"type":"Point","coordinates":[0.15292,45.8259]},"properties":{"latitude":"45.8259","longitude":"0.15292","bright_ti4":"342.76","scan":"0.4","track":"0.37","acq_date":"2026-08-18","acq_time":"1246","satellite":"N20","instrument":"VIIRS","confidence":"n","version":"2.0NRT","bright_ti5":"302.15","frp":"4.66","daynight":"D","commune":"Saint-Amant-de-Boixe","code_insee":"16295","departement":"Charente","region":"Nouvelle-Aquitaine"}},{"type":"Feature","geometry":{"type":"Point","coordinates":[0.10719,45.84949]},"properties":{"latitude":"45.84949","longitude":"0.10719","bright_ti4":"347.54","scan":"0.4","track":"0.37","acq_date":"2026-08-18","acq_time":"1246","satellite":"N20","instrument":"VIIRS","confidence":"n","version":"2.0NRT","bright_ti5":"303.32","frp":"4.95","daynight":"D","commune":"Villognon","code_insee":"16414","departement":"Charente","region":"Nouvelle-Aquitaine"}},{"type":"Feature","geometry":{"type":"Point","coordinates":[0.10602,45.85278]},"properties":{"latitude":"45.85278","longitude":"0.10602","bright_ti4":"356.37","scan":"0.4","track":"0.37","acq_date":"2026-08-18","acq_time":"1246","satellite":"N20","instrument":"VIIRS","confidence":"l","version":"2.0NRT","bright_ti5":"303.02","frp":"4.95","daynight":"D","commune":"Villognon","code_insee":"16414","departement":"Charente","region":"Nouvelle-Aquitaine"}},{"type":"Feature","geometry":{"type":"Point","coordinates":[0.11261,45.8644]},"properties":{"latitude":"45.8644","longitude":"0.11261","bright_ti4":"342.7","scan":"0.4","track":"0.37","acq_date":"2026-08-18","acq_time":"1246","satellite":"N20","instrument":"VIIRS","confidence":"n","version":"2.0NRT","bright_ti5":"305.07","frp":"3.62","daynight":"D","commune":"Villognon","code_insee":"16414","departement":"Charente","region":"Nouvelle-Aquitaine"}},{"type":"Feature","geometry":{"type":"Point","coordinates":[0.11532,45.87185]},"properties":{"latitude":"45.87185","longitude":"0.11532","bright_ti4":"331.79","scan":"0.4","track":"0.37","acq_date":"2026-08-18","acq_time":"1246","satellite":"N20","instrument":"VIIRS","confidence":"l","version":"2.0NRT","bright_ti5":"302.52","frp":"4.52","daynight":"D","commune":"Villognon","code_insee":"16414","departement":"Charente","region":"Nouvelle-Aquitaine"}},{"type":"Feature","geometry":{"type":"Point","coordinates":[0.12036,45.87271]},"properties":{"latitude":"45.87271","longitude":"0.12036","bright_ti4":"336.68","scan":"0.4","track":"0.37","acq_date":"2026-08-18","acq_time":"1246","satellite":"N20","instrument":"VIIRS","confidence":"n","version":"2.0NRT","bright_ti5":"305.51","frp":"4.52","daynight":"D","commune":"Villognon","code_insee":"16414","departement":"Charente","region":"Nouvelle-Aquitaine"}},{"type":"Feature","geometry":{"type":"Point","coordinates":[0.11919,45.87601]},"properties":{"latitude":"45.87601","longitude":"0.11919","bright_ti4":"355.68","scan":"0.4","track":"0.37","acq_date":"2026-08-18","acq_time":"1246","satellite":"N20","instrument":"VIIRS","confidence":"n","version":"2.0NRT","bright_ti5":"304.45","frp":"4.52","daynight":"D","commune":"Villognon","code_insee":"16414","departement":"Charente","region":"Nouvelle-Aquitaine"}},{"type":"Feature","geometry":{"type":"Point","coordinates":[0.34504,45.93771]},"properties":{"latitude":"45.93771","longitude":"0.34504","bright_ti4":"336.87","scan":"0.39","track":"0.37","acq_date":"2026-08-18","acq_time":"1246","satellite":"N20","instrument":"VIIRS","confidence":"n","version":"2.0NRT","bright_ti5":"306.15","frp":"4.49","daynight":"D","commune":"Chassiecq","code_insee":"16087","departement":"Charente","region":"Nouvelle-Aquitaine"}},{"type":"Feature","geometry":{"type":"Point","coordinates":[0.34389,45.94099]},"properties":{"latitude":"45.94099","longitude":"0.34389","bright_ti4":"355.82","scan":"0.39","track":"0.37","acq_date":"2026-08-18","acq_time":"1246","satellite":"N20","instrument":"VIIRS","confidence":"l","version":"2.0NRT","bright_ti5":"305.41","frp":"4.49","daynight":"D","commune":"Chassiecq","code_insee":"16087","departement":"Charente","region":"Nouvelle-Aquitaine"}},{"type":"Feature","geometry":{"type":"Point","coordinates":[0.35273,45.94597]},"properties":{"latitude":"45.94597","longitude":"0.35273","bright_ti4":"348.43","scan":"0.39","track":"0.37","acq_date":"2026-08-18","acq_time":"1246","satellite":"N20","instrument":"VIIRS","confidence":"n","version":"2.0NRT","bright_ti5":"306.37","frp":"4.34","daynight":"D","commune":"Chassiecq","code_insee":"16087","departement":"Charente","region":"Nouvelle-Aquitaine"}},{"type":"Feature","geometry":{"type":"Point","coordinates":[0.11997,45.95847]},"properties":{"latitude":"45.95847","longitude":"0.11997","bright_ti4":"346.93","scan":"0.4","track":"0.37","acq_date":"2026-08-18","acq_time":"1246","satellite":"N20","instrument":"VIIRS","confidence":"n","version":"2.0NRT","bright_ti5":"307.41","frp":"3.43","daynight":"D","commune":"Charmé","code_insee":"16083","departement":"Charente","region":"Nouvelle-Aquitaine"}},{"type":"Feature","geometry":{"type":"Point","coordinates":[0.17879,46.14009]},"properties":{"latitude":"46.14009","longitude":"0.17879","bright_ti4":"336.5","scan":"0.4","track":"0.37","acq_date":"2026-08-18","acq_time":"1246","satellite":"N20","instrument":"VIIRS","confidence":"n","version":"2.0NRT","bright_ti5":"293.62","frp":"2.65","daynight":"D","commune":"Limalonges","code_insee":"79150","departement":"Deux-Sèvres","region":"Nouvelle-Aquitaine"}},{"type":"Feature","geometry":{"type":"Point","coordinates":[1.32732,46.20302]},"properties":{"latitude":"46.20302","longitude":"1.32732","bright_ti4":"336.3","scan":"0.39","track":"0.36","acq_date":"2026-08-18","acq_time":"1246","satellite":"N20","instrument":"VIIRS","confidence":"n","version":"2.0NRT","bright_ti5":"301.85","frp":"1.86","daynight":"D","commune":"Saint-Sornin-Leulac","code_insee":"87180","departement":"Haute-Vienne","region":"Nouvelle-Aquitaine"}},{"type":"Feature","geometry":{"type":"Point","coordinates":[-0.08759,46.24984]},"properties":{"latitude":"46.24984","longitude":"-0.08759","bright_ti4":"336.66","scan":"0.4","track":"0.37","acq_date":"2026-08-18","acq_time":"1246","satellite":"N20","instrument":"VIIRS","confidence":"n","version":"2.0NRT","bright_ti5":"304.82","frp":"2.49","daynight":"D","commune":"Lezay","code_insee":"79148","departement":"Deux-Sèvres","region":"Nouvelle-Aquitaine"}},{"type":"Feature","geometry":{"type":"Point","coordinates":[-0.03836,46.40358]},"properties":{"latitude":"46.40358","longitude":"-0.03836","bright_ti4":"339.43","scan":"0.4","track":"0.37","acq_date":"2026-08-18","acq_time":"1246","satellite":"N20","instrument":"VIIRS","confidence":"n","version":"2.0NRT","bright_ti5":"308.69","frp":"1.99","daynight":"D","commune":"Pamproux","code_insee":"79201","departement":"Deux-Sèvres","region":"Nouvelle-Aquitaine"}},{"type":"Feature","geometry":{"type":"Point","coordinates":[-1.07795,46.90941]},"properties":{"latitude":"46.90941","longitude":"-1.07795","bright_ti4":"336.82","scan":"0.41","track":"0.37","acq_date":"2026-08-18","acq_time":"1246","satellite":"N20","instrument":"VIIRS","confidence":"n","version":"2.0NRT","bright_ti5":"301.76","frp":"1.4","daynight":"D","commune":"Beaurepaire","code_insee":"85017","departement":"Vendée","region":"Pays de la Loire"}},{"type":"Feature","geometry":{"type":"Point","coordinates":[6.96524,48.69339]},"properties":{"latitude":"48.69339","longitude":"6.96524","bright_ti4":"299.38","scan":"0.54","track":"0.51","acq_date":"2026-08-19","acq_time":"100","satellite":"N20","instrument":"VIIRS","confidence":"n","version":"2.0NRT","bright_ti5":"287.19","frp":"0.99","daynight":"N","commune":"Héming","code_insee":"57314","departement":"Moselle","region":"Grand Est"}},{"type":"Feature","geometry":{"type":"Point","coordinates":[4.84153,49.35464]},"properties":{"latitude":"49.35464","longitude":"4.84153","bright_ti4":"317.63","scan":"0.34","track":"0.56","acq_date":"2026-08-19","acq_time":"100","satellite":"N20","instrument":"VIIRS","confidence":"n","version":"2.0NRT","bright_ti5":"285.83","frp":"1.58","daynight":"N","commune":"Grandpré","code_insee":"08198","departement":"Ardennes","region":"Grand Est"}},{"type":"Feature","geometry":{"type":"Point","coordinates":[4.83675,49.35484]},"properties":{"latitude":"49.35484","longitude":"4.83675","bright_ti4":"316.36","scan":"0.34","track":"0.56","acq_date":"2026-08-19","acq_time":"100","satellite":"N20","instrument":"VIIRS","confidence":"n","version":"2.0NRT","bright_ti5":"284.61","frp":"1.58","daynight":"N","commune":"Grandpré","code_insee":"08198","departement":"Ardennes","region":"Grand Est"}},{"type":"Feature","geometry":{"type":"Point","coordinates":[5.24122,49.49081]},"properties":{"latitude":"49.49081","longitude":"5.24122","bright_ti4":"297.27","scan":"0.33","track":"0.55","acq_date":"2026-08-19","acq_time":"100","satellite":"N20","instrument":"VIIRS","confidence":"n","version":"2.0NRT","bright_ti5":"285.72","frp":"1.02","daynight":"N","commune":"Baâlon","code_insee":"55025","departement":"Meuse","region":"Grand Est"}},{"type":"Feature","geometry":{"type":"Point","coordinates":[5.23662,49.49101]},"properties":{"latitude":"49.49101","longitude":"5.23662","bright_ti4":"301.31","scan":"0.33","track":"0.55","acq_date":"2026-08-19","acq_time":"100","satellite":"N20","instrument":"VIIRS","confidence":"n","version":"2.0NRT","bright_ti5":"284.81","frp":"0.88","daynight":"N","commune":"Baâlon","code_insee":"55025","departement":"Meuse","region":"Grand Est"}},{"type":"Feature","geometry":{"type":"Point","coordinates":[2.28612,51.03551]},"properties":{"latitude":"51.03551","longitude":"2.28612","bright_ti4":"315.64","scan":"0.45","track":"0.63","acq_date":"2026-08-19","acq_time":"100","satellite":"N20","instrument":"VIIRS","confidence":"n","version":"2.0NRT","bright_ti5":"284.74","frp":"4.05","daynight":"N","commune":"Grande-Synthe","code_insee":"59271","departement":"Nord","region":"Hauts-de-France"}},{"type":"Feature","geometry":{"type":"Point","coordinates":[2.28685,51.03685]},"properties":{"latitude":"51.03685","longitude":"2.28685","bright_ti4":"310.16","scan":"0.45","track":"0.63","acq_date":"2026-08-19","acq_time":"100","satellite":"N20","instrument":"VIIRS","confidence":"n","version":"2.0NRT","bright_ti5":"284.33","frp":"4.59","daynight":"N","commune":"Grande-Synthe","code_insee":"59271","departement":"Nord","region":"Hauts-de-France"}},{"type":"Feature","geometry":{"type":"Point","coordinates":[2.30031,51.04247]},"properties":{"latitude":"51.04247","longitude":"2.30031","bright_ti4":"301.35","scan":"0.45","track":"0.63","acq_date":"2026-08-19","acq_time":"100","satellite":"N20","instrument":"VIIRS","confidence":"n","version":"2.0NRT","bright_ti5":"285.69","frp":"3.01","daynight":"N","commune":"Grande-Synthe","code_insee":"59271","departement":"Nord","region":"Hauts-de-France"}},{"type":"Feature","geometry":{"type":"Point","coordinates":[2.29325,51.04715]},"properties":{"latitude":"51.04715","longitude":"2.29325","bright_ti4":"320.56","scan":"0.45","track":"0.63","acq_date":"2026-08-19","acq_time":"100","satellite":"N20","instrument":"VIIRS","confidence":"n","version":"2.0NRT","bright_ti5":"285.66","frp":"3.84","daynight":"N","commune":"Grande-Synthe","code_insee":"59271","departement":"Nord","region":"Hauts-de-France"}},{"type":"Feature","geometry":{"type":"Point","coordinates":[0.98824,43.18817]},"properties":{"latitude":"43.18817","longitude":"0.98824","bright_ti4":"300.72","scan":"0.47","track":"0.64","acq_date":"2026-08-19","acq_time":"102","satellite":"N20","instrument":"VIIRS","confidence":"n","version":"2.0NRT","bright_ti5":"290.67","frp":"0.68","daynight":"N","commune":"Martres-Tolosane","code_insee":"31324","departement":"Haute-Garonne","region":"Occitanie"}},{"type":"Feature","geometry":{"type":"Point","coordinates":[4.8947,43.43222]},"properties":{"latitude":"43.43222","longitude":"4.8947","bright_ti4":"297.91","scan":"0.6","track":"0.53","acq_date":"2026-08-19","acq_time":"102","satellite":"N20","instrument":"VIIRS","confidence":"n","version":"2.0NRT","bright_ti5":"280.73","frp":"0.76","daynight":"N","commune":"Fos-sur-Mer","code_insee":"13039","departement":"Bouches-du-Rhône","region":"Provence-Alpes-Côte d'Azur"}},{"type":"Feature","geometry":{"type":"Point","coordinates":[4.8872,43.43269]},"properties":{"latitude":"43.43269","longitude":"4.8872","bright_ti4":"301.42","scan":"0.6","track":"0.53","acq_date":"2026-08-19","acq_time":"102","satellite":"N20","instrument":"VIIRS","confidence":"n","version":"2.0NRT","bright_ti5":"280.62","frp":"0.99","daynight":"N","commune":"Fos-sur-Mer","code_insee":"13039","departement":"Bouches-du-Rhône","region":"Provence-Alpes-Côte d'Azur"}},{"type":"Feature","geometry":{"type":"Point","coordinates":[4.89654,43.44693]},"properties":{"latitude":"43.44693","longitude":"4.89654","bright_ti4":"306.61","scan":"0.6","track":"0.53","acq_date":"2026-08-19","acq_time":"102","satellite":"N20","instrument":"VIIRS","confidence":"n","version":"2.0NRT","bright_ti5":"284.74","frp":"1.53","daynight":"N","commune":"Fos-sur-Mer","code_insee":"13039","departement":"Bouches-du-Rhône","region":"Provence-Alpes-Côte d'Azur"}},{"type":"Feature","geometry":{"type":"Point","coordinates":[7.37307,43.79411]},"properties":{"latitude":"43.79411","longitude":"7.37307","bright_ti4":"308.55","scan":"0.46","track":"0.47","acq_date":"2026-08-19","acq_time":"102","satellite":"N20","instrument":"VIIRS","confidence":"n","version":"2.0NRT","bright_ti5":"292.22","frp":"1.04","daynight":"N","commune":"Blausasc","code_insee":"06019","departement":"Alpes-Maritimes","region":"Provence-Alpes-Côte d'Azur"}},{"type":"Feature","geometry":{"type":"Point","coordinates":[-0.47133,47.46053]},"properties":{"latitude":"47.46053","longitude":"-0.47133","bright_ti4":"337.42","scan":"0.4","track":"0.44","acq_date":"2026-08-19","acq_time":"241","satellite":"N20","instrument":"VIIRS","confidence":"n","version":"2.0NRT","bright_ti5":"289.3","frp":"2.97","daynight":"N","commune":"Trélazé","code_insee":"49353","departement":"Maine-et-Loire","region":"Pays de la Loire"}},{"type":"Feature","geometry":{"type":"Point","coordinates":[7.23687,47.63214]},"properties":{"latitude":"47.63214","longitude":"7.23687","bright_ti4":"295.01","scan":"0.42","track":"0.61","acq_date":"2026-08-19","acq_time":"241","satellite":"N20","instrument":"VIIRS","confidence":"n","version":"2.0NRT","bright_ti5":"282.96","frp":"0.35","daynight":"N","commune":"Altkirch","code_insee":"68004","departement":"Haut-Rhin","region":"Grand Est"}},{"type":"Feature","geometry":{"type":"Point","coordinates":[6.10072,49.32498]},"properties":{"latitude":"49.32498","longitude":"6.10072","bright_ti4":"307.64","scan":"0.33","track":"0.55","acq_date":"2026-08-19","acq_time":"241","satellite":"N20","instrument":"VIIRS","confidence":"n","version":"2.0NRT","bright_ti5":"288.02","frp":"1.32","daynight":"N","commune":"Serémange-Erzange","code_insee":"57647","departement":"Moselle","region":"Grand Est"}},{"type":"Feature","geometry":{"type":"Point","coordinates":[4.84042,49.35453]},"properties":{"latitude":"49.35453","longitude":"4.84042","bright_ti4":"296.75","scan":"0.59","track":"0.53","acq_date":"2026-08-19","acq_time":"241","satellite":"N20","instrument":"VIIRS","confidence":"n","version":"2.0NRT","bright_ti5":"285.87","frp":"1.19","daynight":"N","commune":"Grandpré","code_insee":"08198","departement":"Ardennes","region":"Grand Est"}},{"type":"Feature","geometry":{"type":"Point","coordinates":[4.897,43.43412]},"properties":{"latitude":"43.43412","longitude":"4.897","bright_ti4":"304.26","scan":"0.45","track":"0.63","acq_date":"2026-08-19","acq_time":"243","satellite":"N20","instrument":"VIIRS","confidence":"n","version":"2.0NRT","bright_ti5":"293.63","frp":"0.97","daynight":"N","commune":"Fos-sur-Mer","code_insee":"13039","departement":"Bouches-du-Rhône","region":"Provence-Alpes-Côte d'Azur"}},{"type":"Feature","geometry":{"type":"Point","coordinates":[4.89185,43.43567]},"properties":{"latitude":"43.43567","longitude":"4.89185","bright_ti4":"307.91","scan":"0.45","track":"0.63","acq_date":"2026-08-19","acq_time":"243","satellite":"N20","instrument":"VIIRS","confidence":"n","version":"2.0NRT","bright_ti5":"294.39","frp":"0.97","daynight":"N","commune":"Fos-sur-Mer","code_insee":"13039","departement":"Bouches-du-Rhône","region":"Provence-Alpes-Côte d'Azur"}},{"type":"Feature","geometry":{"type":"Point","coordinates":[4.89795,43.4464]},"properties":{"latitude":"43.4464","longitude":"4.89795","bright_ti4":"326.86","scan":"0.45","track":"0.63","acq_date":"2026-08-19","acq_time":"243","satellite":"N20","instrument":"VIIRS","confidence":"n","version":"2.0NRT","bright_ti5":"294.39","frp":"4.14","daynight":"N","commune":"Fos-sur-Mer","code_insee":"13039","departement":"Bouches-du-Rhône","region":"Provence-Alpes-Côte d'Azur"}},{"type":"Feature","geometry":{"type":"Point","coordinates":[4.89282,43.44793]},"properties":{"latitude":"43.44793","longitude":"4.89282","bright_ti4":"318.56","scan":"0.45","track":"0.63","acq_date":"2026-08-19","acq_time":"243","satellite":"N20","instrument":"VIIRS","confidence":"n","version":"2.0NRT","bright_ti5":"292.4","frp":"3.2","daynight":"N","commune":"Fos-sur-Mer","code_insee":"13039","departement":"Bouches-du-Rhône","region":"Provence-Alpes-Côte d'Azur"}},{"type":"Feature","geometry":{"type":"Point","coordinates":[5.82116,45.91108]},"properties":{"latitude":"45.91108","longitude":"5.82116","bright_ti4":"303.97","scan":"0.46","track":"0.39","acq_date":"2026-08-15","acq_time":"120","satellite":"N21","instrument":"VIIRS","confidence":"n","version":"2.0NRT","bright_ti5":"292.77","frp":"1.17","daynight":"N","commune":"Anglefort","code_insee":"01010","departement":"Ain","region":"Auvergne-Rhône-Alpes"}},{"type":"Feature","geometry":{"type":"Point","coordinates":[2.17469,47.25397]},"properties":{"latitude":"47.25397","longitude":"2.17469","bright_ti4":"301.36","scan":"0.44","track":"0.46","acq_date":"2026-08-15","acq_time":"120","satellite":"N21","instrument":"VIIRS","confidence":"n","version":"2.0NRT","bright_ti5":"286.54","frp":"1.11","daynight":"N","commune":"Saint-Laurent","code_insee":"18219","departement":"Cher","region":"Centre-Val de Loire"}},{"type":"Feature","geometry":{"type":"Point","coordinates":[2.16874,47.25444]},"properties":{"latitude":"47.25444","longitude":"2.16874","bright_ti4":"301.07","scan":"0.44","track":"0.46","acq_date":"2026-08-15","acq_time":"120","satellite":"N21","instrument":"VIIRS","confidence":"n","version":"2.0NRT","bright_ti5":"285.75","frp":"0.9","daynight":"N","commune":"Saint-Laurent","code_insee":"18219","departement":"Cher","region":"Centre-Val de Loire"}},{"type":"Feature","geometry":{"type":"Point","coordinates":[4.17995,47.45544]},"properties":{"latitude":"47.45544","longitude":"4.17995","bright_ti4":"309.56","scan":"0.55","track":"0.43","acq_date":"2026-08-15","acq_time":"120","satellite":"N21","instrument":"VIIRS","confidence":"n","version":"2.0NRT","bright_ti5":"289.19","frp":"1.37","daynight":"N","commune":"Courcelles-Frémoy","code_insee":"21203","departement":"Côte-d'Or","region":"Bourgogne-Franche-Comté"}},{"type":"Feature","geometry":{"type":"Point","coordinates":[6.11566,48.60814]},"properties":{"latitude":"48.60814","longitude":"6.11566","bright_ti4":"304.07","scan":"0.48","track":"0.4","acq_date":"2026-08-15","acq_time":"120","satellite":"N21","instrument":"VIIRS","confidence":"n","version":"2.0NRT","bright_ti5":"292.24","frp":"1.05","daynight":"N","commune":"Neuves-Maisons","code_insee":"54397","departement":"Meurthe-et-Moselle","region":"Grand Est"}},{"type":"Feature","geometry":{"type":"Point","coordinates":[6.1092,48.60885]},"properties":{"latitude":"48.60885","longitude":"6.1092","bright_ti4":"309.24","scan":"0.48","track":"0.4","acq_date":"2026-08-15","acq_time":"120","satellite":"N21","instrument":"VIIRS","confidence":"n","version":"2.0NRT","bright_ti5":"292.57","frp":"1.68","daynight":"N","commune":"Neuves-Maisons","code_insee":"54397","departement":"Meurthe-et-Moselle","region":"Grand Est"}},{"type":"Feature","geometry":{"type":"Point","coordinates":[6.9688,48.68893]},"properties":{"latitude":"48.68893","longitude":"6.9688","bright_ti4":"300.28","scan":"0.45","track":"0.39","acq_date":"2026-08-15","acq_time":"120","satellite":"N21","instrument":"VIIRS","confidence":"n","version":"2.0NRT","bright_ti5":"290.28","frp":"0.51","daynight":"N","commune":"Héming","code_insee":"57314","departement":"Moselle","region":"Grand Est"}},{"type":"Feature","geometry":{"type":"Point","coordinates":[6.96419,48.69195]},"properties":{"latitude":"48.69195","longitude":"6.96419","bright_ti4":"305.59","scan":"0.45","track":"0.39","acq_date":"2026-08-15","acq_time":"120","satellite":"N21","instrument":"VIIRS","confidence":"n","version":"2.0NRT","bright_ti5":"290.96","frp":"1.47","daynight":"N","commune":"Héming","code_insee":"57314","departement":"Moselle","region":"Grand Est"}},{"type":"Feature","geometry":{"type":"Point","coordinates":[5.68279,48.71552]},"properties":{"latitude":"48.71552","longitude":"5.68279","bright_ti4":"301.04","scan":"0.5","track":"0.41","acq_date":"2026-08-15","acq_time":"120","satellite":"N21","instrument":"VIIRS","confidence":"n","version":"2.0NRT","bright_ti5":"289.64","frp":"0.64","daynight":"N","commune":"Sorcy-Saint-Martin","code_insee":"55496","departement":"Meuse","region":"Grand Est"}},{"type":"Feature","geometry":{"type":"Point","coordinates":[2.28335,51.03608]},"properties":{"latitude":"51.03608","longitude":"2.28335","bright_ti4":"306.07","scan":"0.48","track":"0.48","acq_date":"2026-08-15","acq_time":"120","satellite":"N21","instrument":"VIIRS","confidence":"n","version":"2.0NRT","bright_ti5":"276.86","frp":"1.84","daynight":"N","commune":"Grande-Synthe","code_insee":"59271","departement":"Nord","region":"Hauts-de-France"}},{"type":"Feature","geometry":{"type":"Point","coordinates":[4.83873,43.42295]},"properties":{"latitude":"43.42295","longitude":"4.83873","bright_ti4":"307.38","scan":"0.47","track":"0.39","acq_date":"2026-08-15","acq_time":"122","satellite":"N21","instrument":"VIIRS","confidence":"n","version":"2.0NRT","bright_ti5":"294.44","frp":"1.16","daynight":"N","commune":"Fos-sur-Mer","code_insee":"13039","departement":"Bouches-du-Rhône","region":"Provence-Alpes-Côte d'Azur"}},{"type":"Feature","geometry":{"type":"Point","coordinates":[4.89479,43.43214]},"properties":{"latitude":"43.43214","longitude":"4.89479","bright_ti4":"307.87","scan":"0.47","track":"0.39","acq_date":"2026-08-15","acq_time":"122","satellite":"N21","instrument":"VIIRS","confidence":"n","version":"2.0NRT","bright_ti5":"294.36","frp":"3.01","daynight":"N","commune":"Fos-sur-Mer","code_insee":"13039","departement":"Bouches-du-Rhône","region":"Provence-Alpes-Côte d'Azur"}},{"type":"Feature","geometry":{"type":"Point","coordinates":[4.89558,43.43573]},"properties":{"latitude":"43.43573","longitude":"4.89558","bright_ti4":"313.75","scan":"0.47","track":"0.39","acq_date":"2026-08-15","acq_time":"122","satellite":"N21","instrument":"VIIRS","confidence":"n","version":"2.0NRT","bright_ti5":"293.81","frp":"2.94","daynight":"N","commune":"Fos-sur-Mer","code_insee":"13039","departement":"Bouches-du-Rhône","region":"Provence-Alpes-Côte d'Azur"}},{"type":"Feature","geometry":{"type":"Point","coordinates":[4.89064,43.43999]},"properties":{"latitude":"43.43999","longitude":"4.89064","bright_ti4":"324.15","scan":"0.47","track":"0.39","acq_date":"2026-08-15","acq_time":"122","satellite":"N21","instrument":"VIIRS","confidence":"n","version":"2.0NRT","bright_ti5":"295.34","frp":"2.94","daynight":"N","commune":"Fos-sur-Mer","code_insee":"13039","departement":"Bouches-du-Rhône","region":"Provence-Alpes-Côte d'Azur"}},{"type":"Feature","geometry":{"type":"Point","coordinates":[4.87918,43.44133]},"properties":{"latitude":"43.44133","longitude":"4.87918","bright_ti4":"304.47","scan":"0.47","track":"0.39","acq_date":"2026-08-15","acq_time":"122","satellite":"N21","instrument":"VIIRS","confidence":"n","version":"2.0NRT","bright_ti5":"293.72","frp":"2.53","daynight":"N","commune":"Fos-sur-Mer","code_insee":"13039","departement":"Bouches-du-Rhône","region":"Provence-Alpes-Côte d'Azur"}},{"type":"Feature","geometry":{"type":"Point","coordinates":[4.89794,43.44654]},"properties":{"latitude":"43.44654","longitude":"4.89794","bright_ti4":"319.82","scan":"0.47","track":"0.39","acq_date":"2026-08-15","acq_time":"122","satellite":"N21","instrument":"VIIRS","confidence":"n","version":"2.0NRT","bright_ti5":"295.18","frp":"3.59","daynight":"N","commune":"Fos-sur-Mer","code_insee":"13039","departement":"Bouches-du-Rhône","region":"Provence-Alpes-Côte d'Azur"}},{"type":"Feature","geometry":{"type":"Point","coordinates":[5.20404,43.50768]},"properties":{"latitude":"43.50768","longitude":"5.20404","bright_ti4":"313.76","scan":"0.45","track":"0.39","acq_date":"2026-08-15","acq_time":"122","satellite":"N21","instrument":"VIIRS","confidence":"n","version":"2.0NRT","bright_ti5":"294.43","frp":"1.92","daynight":"N","commune":"Rognac","code_insee":"13081","departement":"Bouches-du-Rhône","region":"Provence-Alpes-Côte d'Azur"}},{"type":"Feature","geometry":{"type":"Point","coordinates":[7.37208,43.79427]},"properties":{"latitude":"43.79427","longitude":"7.37208","bright_ti4":"315.49","scan":"0.4","track":"0.37","acq_date":"2026-08-15","acq_time":"122","satellite":"N21","instrument":"VIIRS","confidence":"n","version":"2.0NRT","bright_ti5":"292.14","frp":"1.4","daynight":"N","commune":"Blausasc","code_insee":"06019","departement":"Alpes-Maritimes","region":"Provence-Alpes-Côte d'Azur"}},{"type":"Feature","geometry":{"type":"Point","coordinates":[-0.70463,44.04581]},"properties":{"latitude":"44.04581","longitude":"-0.70463","bright_ti4":"309.81","scan":"0.56","track":"0.52","acq_date":"2026-08-15","acq_time":"122","satellite":"N21","instrument":"VIIRS","confidence":"n","version":"2.0NRT","bright_ti5":"289.16","frp":"3.23","daynight":"N","commune":"Garein","code_insee":"40105","departement":"Landes","region":"Nouvelle-Aquitaine"}},{"type":"Feature","geometry":{"type":"Point","coordinates":[-0.7032,44.04625]},"properties":{"latitude":"44.04625","longitude":"-0.7032","bright_ti4":"306.48","scan":"0.56","track":"0.52","acq_date":"2026-08-15","acq_time":"122","satellite":"N21","instrument":"VIIRS","confidence":"n","version":"2.0NRT","bright_ti5":"288.74","frp":"2.74","daynight":"N","commune":"Garein","code_insee":"40105","departement":"Landes","region":"Nouvelle-Aquitaine"}},{"type":"Feature","geometry":{"type":"Point","coordinates":[-0.71169,44.04629]},"properties":{"latitude":"44.04629","longitude":"-0.71169","bright_ti4":"316.38","scan":"0.56","track":"0.52","acq_date":"2026-08-15","acq_time":"122","satellite":"N21","instrument":"VIIRS","confidence":"n","version":"2.0NRT","bright_ti5":"289.39","frp":"3.23","daynight":"N","commune":"Luglon","code_insee":"40165","departement":"Landes","region":"Nouvelle-Aquitaine"}},{"type":"Feature","geometry":{"type":"Point","coordinates":[-0.71026,44.04669]},"properties":{"latitude":"44.04669","longitude":"-0.71026","bright_ti4":"322.07","scan":"0.56","track":"0.52","acq_date":"2026-08-15","acq_time":"122","satellite":"N21","instrument":"VIIRS","confidence":"n","version":"2.0NRT","bright_ti5":"290.22","frp":"3.34","daynight":"N","commune":"Luglon","code_insee":"40165","departement":"Landes","region":"Nouvelle-Aquitaine"}},{"type":"Feature","geometry":{"type":"Point","coordinates":[-0.71875,44.04678]},"properties":{"latitude":"44.04678","longitude":"-0.71875","bright_ti4":"299.93","scan":"0.56","track":"0.52","acq_date":"2026-08-15","acq_time":"122","satellite":"N21","instrument":"VIIRS","confidence":"n","version":"2.0NRT","bright_ti5":"286.82","frp":"1.57","daynight":"N","commune":"Luglon","code_insee":"40165","departement":"Landes","region":"Nouvelle-Aquitaine"}},{"type":"Feature","geometry":{"type":"Point","coordinates":[-0.71733,44.04714]},"properties":{"latitude":"44.04714","longitude":"-0.71733","bright_ti4":"305.21","scan":"0.56","track":"0.52","acq_date":"2026-08-15","acq_time":"122","satellite":"N21","instrument":"VIIRS","confidence":"n","version":"2.0NRT","bright_ti5":"287.23","frp":"3.34","daynight":"N","commune":"Luglon","code_insee":"40165","departement":"Landes","region":"Nouvelle-Aquitaine"}},{"type":"Feature","geometry":{"type":"Point","coordinates":[-0.68155,44.04965]},"properties":{"latitude":"44.04965","longitude":"-0.68155","bright_ti4":"297.09","scan":"0.56","track":"0.52","acq_date":"2026-08-15","acq_time":"122","satellite":"N21","instrument":"VIIRS","confidence":"n","version":"2.0NRT","bright_ti5":"281.16","frp":"2.23","daynight":"N","commune":"Garein","code_insee":"40105","departement":"Landes","region":"Nouvelle-Aquitaine"}},{"type":"Feature","geometry":{"type":"Point","coordinates":[-0.68854,44.0501]},"properties":{"latitude":"44.0501","longitude":"-0.68854","bright_ti4":"317.53","scan":"0.56","track":"0.52","acq_date":"2026-08-15","acq_time":"122","satellite":"N21","instrument":"VIIRS","confidence":"n","version":"2.0NRT","bright_ti5":"282.33","frp":"2.23","daynight":"N","commune":"Garein","code_insee":"40105","departement":"Landes","region":"Nouvelle-Aquitaine"}},{"type":"Feature","geometry":{"type":"Point","coordinates":[-0.69557,44.05055]},"properties":{"latitude":"44.05055","longitude":"-0.69557","bright_ti4":"318.12","scan":"0.56","track":"0.52","acq_date":"2026-08-15","acq_time":"122","satellite":"N21","instrument":"VIIRS","confidence":"n","version":"2.0NRT","bright_ti5":"288.82","frp":"4","daynight":"N","commune":"Garein","code_insee":"40105","departement":"Landes","region":"Nouvelle-Aquitaine"}},{"type":"Feature","geometry":{"type":"Point","coordinates":[-0.70262,44.051]},"properties":{"latitude":"44.051","longitude":"-0.70262","bright_ti4":"304.84","scan":"0.56","track":"0.52","acq_date":"2026-08-15","acq_time":"122","satellite":"N21","instrument":"VIIRS","confidence":"n","version":"2.0NRT","bright_ti5":"287.57","frp":"4","daynight":"N","commune":"Garein","code_insee":"40105","departement":"Landes","region":"Nouvelle-Aquitaine"}},{"type":"Feature","geometry":{"type":"Point","coordinates":[-0.7097,44.05145]},"properties":{"latitude":"44.05145","longitude":"-0.7097","bright_ti4":"312.29","scan":"0.56","track":"0.52","acq_date":"2026-08-15","acq_time":"122","satellite":"N21","instrument":"VIIRS","confidence":"n","version":"2.0NRT","bright_ti5":"288.4","frp":"2.84","daynight":"N","commune":"Luglon","code_insee":"40165","departement":"Landes","region":"Nouvelle-Aquitaine"}},{"type":"Feature","geometry":{"type":"Point","coordinates":[-0.71679,44.0519]},"properties":{"latitude":"44.0519","longitude":"-0.71679","bright_ti4":"311.28","scan":"0.56","track":"0.52","acq_date":"2026-08-15","acq_time":"122","satellite":"N21","instrument":"VIIRS","confidence":"n","version":"2.0NRT","bright_ti5":"287.9","frp":"2.84","daynight":"N","commune":"Luglon","code_insee":"40165","departement":"Landes","region":"Nouvelle-Aquitaine"}},{"type":"Feature","geometry":{"type":"Point","coordinates":[-0.73807,44.05325]},"properties":{"latitude":"44.05325","longitude":"-0.73807","bright_ti4":"307.39","scan":"0.57","track":"0.52","acq_date":"2026-08-15","acq_time":"122","satellite":"N21","instrument":"VIIRS","confidence":"n","version":"2.0NRT","bright_ti5":"283.3","frp":"4.15","daynight":"N","commune":"Luglon","code_insee":"40165","departement":"Landes","region":"Nouvelle-Aquitaine"}},{"type":"Feature","geometry":{"type":"Point","coordinates":[-0.67399,44.05396]},"properties":{"latitude":"44.05396","longitude":"-0.67399","bright_ti4":"306.47","scan":"0.56","track":"0.52","acq_date":"2026-08-15","acq_time":"122","satellite":"N21","instrument":"VIIRS","confidence":"n","version":"2.0NRT","bright_ti5":"283.7","frp":"2.02","daynight":"N","commune":"Garein","code_insee":"40105","departement":"Landes","region":"Nouvelle-Aquitaine"}},{"type":"Feature","geometry":{"type":"Point","coordinates":[-0.68094,44.0544]},"properties":{"latitude":"44.0544","longitude":"-0.68094","bright_ti4":"307.71","scan":"0.56","track":"0.52","acq_date":"2026-08-15","acq_time":"122","satellite":"N21","instrument":"VIIRS","confidence":"n","version":"2.0NRT","bright_ti5":"286.97","frp":"2.23","daynight":"N","commune":"Garein","code_insee":"40105","departement":"Landes","region":"Nouvelle-Aquitaine"}},{"type":"Feature","geometry":{"type":"Point","coordinates":[-0.68793,44.05485]},"properties":{"latitude":"44.05485","longitude":"-0.68793","bright_ti4":"306.33","scan":"0.56","track":"0.52","acq_date":"2026-08-15","acq_time":"122","satellite":"N21","instrument":"VIIRS","confidence":"n","version":"2.0NRT","bright_ti5":"283.7","frp":"2.23","daynight":"N","commune":"Garein","code_insee":"40105","departement":"Landes","region":"Nouvelle-Aquitaine"}},{"type":"Feature","geometry":{"type":"Point","coordinates":[-0.69497,44.0553]},"properties":{"latitude":"44.0553","longitude":"-0.69497","bright_ti4":"313.34","scan":"0.56","track":"0.52","acq_date":"2026-08-15","acq_time":"122","satellite":"N21","instrument":"VIIRS","confidence":"n","version":"2.0NRT","bright_ti5":"288.65","frp":"4","daynight":"N","commune":"Garein","code_insee":"40105","departement":"Landes","region":"Nouvelle-Aquitaine"}},{"type":"Feature","geometry":{"type":"Point","coordinates":[-0.71623,44.05666]},"properties":{"latitude":"44.05666","longitude":"-0.71623","bright_ti4":"300.01","scan":"0.56","track":"0.52","acq_date":"2026-08-15","acq_time":"122","satellite":"N21","instrument":"VIIRS","confidence":"n","version":"2.0NRT","bright_ti5":"283.75","frp":"2.84","daynight":"N","commune":"Luglon","code_insee":"40165","departement":"Landes","region":"Nouvelle-Aquitaine"}},{"type":"Feature","geometry":{"type":"Point","coordinates":[-0.72332,44.05711]},"properties":{"latitude":"44.05711","longitude":"-0.72332","bright_ti4":"302.91","scan":"0.57","track":"0.52","acq_date":"2026-08-15","acq_time":"122","satellite":"N21","instrument":"VIIRS","confidence":"n","version":"2.0NRT","bright_ti5":"281.7","frp":"2.47","daynight":"N","commune":"Luglon","code_insee":"40165","departement":"Landes","region":"Nouvelle-Aquitaine"}},{"type":"Feature","geometry":{"type":"Point","coordinates":[-0.73042,44.05756]},"properties":{"latitude":"44.05756","longitude":"-0.73042","bright_ti4":"297.71","scan":"0.57","track":"0.52","acq_date":"2026-08-15","acq_time":"122","satellite":"N21","instrument":"VIIRS","confidence":"n","version":"2.0NRT","bright_ti5":"281.75","frp":"2.47","daynight":"N","commune":"Luglon","code_insee":"40165","departement":"Landes","region":"Nouvelle-Aquitaine"}},{"type":"Feature","geometry":{"type":"Point","coordinates":[-0.73751,44.05801]},"properties":{"latitude":"44.05801","longitude":"-0.73751","bright_ti4":"322.06","scan":"0.57","track":"0.52","acq_date":"2026-08-15","acq_time":"122","satellite":"N21","instrument":"VIIRS","confidence":"n","version":"2.0NRT","bright_ti5":"284.93","frp":"4.15","daynight":"N","commune":"Arengosse","code_insee":"40006","departement":"Landes","region":"Nouvelle-Aquitaine"}},{"type":"Feature","geometry":{"type":"Point","coordinates":[-0.74462,44.05846]},"properties":{"latitude":"44.05846","longitude":"-0.74462","bright_ti4":"316.41","scan":"0.57","track":"0.52","acq_date":"2026-08-15","acq_time":"122","satellite":"N21","instrument":"VIIRS","confidence":"n","version":"2.0NRT","bright_ti5":"285.95","frp":"4.15","daynight":"N","commune":"Arengosse","code_insee":"40006","departement":"Landes","region":"Nouvelle-Aquitaine"}},{"type":"Feature","geometry":{"type":"Point","coordinates":[-0.68733,44.0596]},"properties":{"latitude":"44.0596","longitude":"-0.68733","bright_ti4":"318.81","scan":"0.56","track":"0.52","acq_date":"2026-08-15","acq_time":"122","satellite":"N21","instrument":"VIIRS","confidence":"n","version":"2.0NRT","bright_ti5":"287.25","frp":"4.66","daynight":"N","commune":"Garein","code_insee":"40105","departement":"Landes","region":"Nouvelle-Aquitaine"}},{"type":"Feature","geometry":{"type":"Point","coordinates":[-0.69439,44.06005]},"properties":{"latitude":"44.06005","longitude":"-0.69439","bright_ti4":"307.3","scan":"0.56","track":"0.52","acq_date":"2026-08-15","acq_time":"122","satellite":"N21","instrument":"VIIRS","confidence":"n","version":"2.0NRT","bright_ti5":"287.81","frp":"2.11","daynight":"N","commune":"Garein","code_insee":"40105","departement":"Landes","region":"Nouvelle-Aquitaine"}},{"type":"Feature","geometry":{"type":"Point","coordinates":[-0.70145,44.0605]},"properties":{"latitude":"44.0605","longitude":"-0.70145","bright_ti4":"303.96","scan":"0.56","track":"0.52","acq_date":"2026-08-15","acq_time":"122","satellite":"N21","instrument":"VIIRS","confidence":"n","version":"2.0NRT","bright_ti5":"287.02","frp":"2.11","daynight":"N","commune":"Luglon","code_insee":"40165","departement":"Landes","region":"Nouvelle-Aquitaine"}},{"type":"Feature","geometry":{"type":"Point","coordinates":[-0.71564,44.06141]},"properties":{"latitude":"44.06141","longitude":"-0.71564","bright_ti4":"303.73","scan":"0.56","track":"0.52","acq_date":"2026-08-15","acq_time":"122","satellite":"N21","instrument":"VIIRS","confidence":"n","version":"2.0NRT","bright_ti5":"279.4","frp":"2.28","daynight":"N","commune":"Luglon","code_insee":"40165","departement":"Landes","region":"Nouvelle-Aquitaine"}},{"type":"Feature","geometry":{"type":"Point","coordinates":[-0.72274,44.06187]},"properties":{"latitude":"44.06187","longitude":"-0.72274","bright_ti4":"306.38","scan":"0.57","track":"0.52","acq_date":"2026-08-15","acq_time":"122","satellite":"N21","instrument":"VIIRS","confidence":"n","version":"2.0NRT","bright_ti5":"277.9","frp":"2.36","daynight":"N","commune":"Luglon","code_insee":"40165","departement":"Landes","region":"Nouvelle-Aquitaine"}},{"type":"Feature","geometry":{"type":"Point","coordinates":[-0.72984,44.06232]},"properties":{"latitude":"44.06232","longitude":"-0.72984","bright_ti4":"304.95","scan":"0.57","track":"0.52","acq_date":"2026-08-15","acq_time":"122","satellite":"N21","instrument":"VIIRS","confidence":"n","version":"2.0NRT","bright_ti5":"278.76","frp":"2.36","daynight":"N","commune":"Luglon","code_insee":"40165","departement":"Landes","region":"Nouvelle-Aquitaine"}},{"type":"Feature","geometry":{"type":"Point","coordinates":[-0.73694,44.06277]},"properties":{"latitude":"44.06277","longitude":"-0.73694","bright_ti4":"299.25","scan":"0.57","track":"0.52","acq_date":"2026-08-15","acq_time":"122","satellite":"N21","instrument":"VIIRS","confidence":"n","version":"2.0NRT","bright_ti5":"279.85","frp":"2.33","daynight":"N","commune":"Luglon","code_insee":"40165","departement":"Landes","region":"Nouvelle-Aquitaine"}},{"type":"Feature","geometry":{"type":"Point","coordinates":[-0.70088,44.06525]},"properties":{"latitude":"44.06525","longitude":"-0.70088","bright_ti4":"303.28","scan":"0.56","track":"0.52","acq_date":"2026-08-15","acq_time":"122","satellite":"N21","instrument":"VIIRS","confidence":"n","version":"2.0NRT","bright_ti5":"284.97","frp":"2.11","daynight":"N","commune":"Luglon","code_insee":"40165","departement":"Landes","region":"Nouvelle-Aquitaine"}},{"type":"Feature","geometry":{"type":"Point","coordinates":[-0.70797,44.06571]},"properties":{"latitude":"44.06571","longitude":"-0.70797","bright_ti4":"309.39","scan":"0.56","track":"0.52","acq_date":"2026-08-15","acq_time":"122","satellite":"N21","instrument":"VIIRS","confidence":"n","version":"2.0NRT","bright_ti5":"281.67","frp":"2.28","daynight":"N","commune":"Luglon","code_insee":"40165","departement":"Landes","region":"Nouvelle-Aquitaine"}},{"type":"Feature","geometry":{"type":"Point","coordinates":[-0.71507,44.06617]},"properties":{"latitude":"44.06617","longitude":"-0.71507","bright_ti4":"301.48","scan":"0.56","track":"0.52","acq_date":"2026-08-15","acq_time":"122","satellite":"N21","instrument":"VIIRS","confidence":"n","version":"2.0NRT","bright_ti5":"278.01","frp":"2.28","daynight":"N","commune":"Luglon","code_insee":"40165","departement":"Landes","region":"Nouvelle-Aquitaine"}},{"type":"Feature","geometry":{"type":"Point","coordinates":[2.17374,47.25261]},"properties":{"latitude":"47.25261","longitude":"2.17374","bright_ti4":"300.99","scan":"0.49","track":"0.65","acq_date":"2026-08-15","acq_time":"300","satellite":"N21","instrument":"VIIRS","confidence":"n","version":"2.0NRT","bright_ti5":"288.9","frp":"0.63","daynight":"N","commune":"Saint-Laurent","code_insee":"18219","departement":"Cher","region":"Centre-Val de Loire"}},{"type":"Feature","geometry":{"type":"Point","coordinates":[2.17484,47.25646]},"properties":{"latitude":"47.25646","longitude":"2.17484","bright_ti4":"302.6","scan":"0.49","track":"0.65","acq_date":"2026-08-15","acq_time":"300","satellite":"N21","instrument":"VIIRS","confidence":"n","version":"2.0NRT","bright_ti5":"288.9","frp":"1.25","daynight":"N","commune":"Saint-Laurent","code_insee":"18219","departement":"Cher","region":"Centre-Val de Loire"}},{"type":"Feature","geometry":{"type":"Point","coordinates":[0.59684,47.38668]},"properties":{"latitude":"47.38668","longitude":"0.59684","bright_ti4":"302.84","scan":"0.42","track":"0.61","acq_date":"2026-08-15","acq_time":"300","satellite":"N21","instrument":"VIIRS","confidence":"n","version":"2.0NRT","bright_ti5":"286.13","frp":"1.51","daynight":"N","commune":"Fondettes","code_insee":"37109","departement":"Indre-et-Loire","region":"Centre-Val de Loire"}},{"type":"Feature","geometry":{"type":"Point","coordinates":[1.53207,43.5955]},"properties":{"latitude":"43.5955","longitude":"1.53207","bright_ti4":"336.45","scan":"0.38","track":"0.36","acq_date":"2026-08-15","acq_time":"1246","satellite":"N21","instrument":"VIIRS","confidence":"n","version":"2.0NRT","bright_ti5":"302.72","frp":"3.66","daynight":"D","commune":"Flourens","code_insee":"31184","departement":"Haute-Garonne","region":"Occitanie"}},{"type":"Feature","geometry":{"type":"Point","coordinates":[1.53675,43.59621]},"properties":{"latitude":"43.59621","longitude":"1.53675","bright_ti4":"338.36","scan":"0.38","track":"0.36","acq_date":"2026-08-15","acq_time":"1246","satellite":"N21","instrument":"VIIRS","confidence":"n","version":"2.0NRT","bright_ti5":"302.38","frp":"4.89","daynight":"D","commune":"Flourens","code_insee":"31184","departement":"Haute-Garonne","region":"Occitanie"}},{"type":"Feature","geometry":{"type":"Point","coordinates":[1.58896,43.80278]},"properties":{"latitude":"43.80278","longitude":"1.58896","bright_ti4":"337.87","scan":"0.38","track":"0.36","acq_date":"2026-08-15","acq_time":"1246","satellite":"N21","instrument":"VIIRS","confidence":"n","version":"2.0NRT","bright_ti5":"299.95","frp":"2.32","daynight":"D","commune":"Bessières","code_insee":"31066","departement":"Haute-Garonne","region":"Occitanie"}},{"type":"Feature","geometry":{"type":"Point","coordinates":[-0.68728,44.04853]},"properties":{"latitude":"44.04853","longitude":"-0.68728","bright_ti4":"335.41","scan":"0.4","track":"0.37","acq_date":"2026-08-15","acq_time":"1246","satellite":"N21","instrument":"VIIRS","confidence":"n","version":"2.0NRT","bright_ti5":"298.04","frp":"2.84","daynight":"D","commune":"Garein","code_insee":"40105","departement":"Landes","region":"Nouvelle-Aquitaine"}},{"type":"Feature","geometry":{"type":"Point","coordinates":[-0.6824,44.04937]},"properties":{"latitude":"44.04937","longitude":"-0.6824","bright_ti4":"330.84","scan":"0.4","track":"0.37","acq_date":"2026-08-15","acq_time":"1246","satellite":"N21","instrument":"VIIRS","confidence":"n","version":"2.0NRT","bright_ti5":"296.56","frp":"4.29","daynight":"D","commune":"Garein","code_insee":"40105","departement":"Landes","region":"Nouvelle-Aquitaine"}},{"type":"Feature","geometry":{"type":"Point","coordinates":[-0.68348,44.05267]},"properties":{"latitude":"44.05267","longitude":"-0.68348","bright_ti4":"330.08","scan":"0.4","track":"0.37","acq_date":"2026-08-15","acq_time":"1246","satellite":"N21","instrument":"VIIRS","confidence":"n","version":"2.0NRT","bright_ti5":"298.28","frp":"3.82","daynight":"D","commune":"Garein","code_insee":"40105","departement":"Landes","region":"Nouvelle-Aquitaine"}},{"type":"Feature","geometry":{"type":"Point","coordinates":[-0.55681,45.00445]},"properties":{"latitude":"45.00445","longitude":"-0.55681","bright_ti4":"341.96","scan":"0.39","track":"0.36","acq_date":"2026-08-15","acq_time":"1246","satellite":"N21","instrument":"VIIRS","confidence":"n","version":"2.0NRT","bright_ti5":"298.79","frp":"4.53","daynight":"D","commune":"Ambès","code_insee":"33004","departement":"Gironde","region":"Nouvelle-Aquitaine"}},{"type":"Feature","geometry":{"type":"Point","coordinates":[0.11763,45.96343]},"properties":{"latitude":"45.96343","longitude":"0.11763","bright_ti4":"337.85","scan":"0.38","track":"0.36","acq_date":"2026-08-15","acq_time":"1246","satellite":"N21","instrument":"VIIRS","confidence":"n","version":"2.0NRT","bright_ti5":"305.14","frp":"4.65","daynight":"D","commune":"Charmé","code_insee":"16083","departement":"Charente","region":"Nouvelle-Aquitaine"}},{"type":"Feature","geometry":{"type":"Point","coordinates":[2.97366,48.08086]},"properties":{"latitude":"48.08086","longitude":"2.97366","bright_ti4":"334.5","scan":"0.42","track":"0.38","acq_date":"2026-08-15","acq_time":"1246","satellite":"N21","instrument":"VIIRS","confidence":"n","version":"2.0NRT","bright_ti5":"296.01","frp":"4.4","daynight":"D","commune":"Ervauville","code_insee":"45136","departement":"Loiret","region":"Centre-Val de Loire"}},{"type":"Feature","geometry":{"type":"Point","coordinates":[-1.59699,48.11132]},"properties":{"latitude":"48.11132","longitude":"-1.59699","bright_ti4":"340.15","scan":"0.39","track":"0.36","acq_date":"2026-08-15","acq_time":"1249","satellite":"N21","instrument":"VIIRS","confidence":"n","version":"2.0NRT","bright_ti5":"298.3","frp":"3.17","daynight":"D","commune":"Cesson-Sévigné","code_insee":"35051","departement":"Ille-et-Vilaine","region":"Bretagne"}},{"type":"Feature","geometry":{"type":"Point","coordinates":[4.31393,49.72457]},"properties":{"latitude":"49.72457","longitude":"4.31393","bright_ti4":"315.27","scan":"0.62","track":"0.54","acq_date":"2026-08-16","acq_time":"100","satellite":"N21","instrument":"VIIRS","confidence":"n","version":"2.0NRT","bright_ti5":"288.14","frp":"2.2","daynight":"N","commune":"Saint-Jean-aux-Bois","code_insee":"08382","departement":"Ardennes","region":"Grand Est"}},{"type":"Feature","geometry":{"type":"Point","coordinates":[4.74344,49.90931]},"properties":{"latitude":"49.90931","longitude":"4.74344","bright_ti4":"312.73","scan":"0.59","track":"0.53","acq_date":"2026-08-16","acq_time":"100","satellite":"N21","instrument":"VIIRS","confidence":"n","version":"2.0NRT","bright_ti5":"291.09","frp":"3.06","daynight":"N","commune":"Monthermé","code_insee":"08302","departement":"Ardennes","region":"Grand Est"}},{"type":"Feature","geometry":{"type":"Point","coordinates":[4.74445,49.91415]},"properties":{"latitude":"49.91415","longitude":"4.74445","bright_ti4":"304.45","scan":"0.59","track":"0.53","acq_date":"2026-08-16","acq_time":"100","satellite":"N21","instrument":"VIIRS","confidence":"n","version":"2.0NRT","bright_ti5":"289.61","frp":"3.06","daynight":"N","commune":"Monthermé","code_insee":"08302","departement":"Ardennes","region":"Grand Est"}},{"type":"Feature","geometry":{"type":"Point","coordinates":[4.89831,43.43232]},"properties":{"latitude":"43.43232","longitude":"4.89831","bright_ti4":"306.03","scan":"0.5","track":"0.49","acq_date":"2026-08-16","acq_time":"102","satellite":"N21","instrument":"VIIRS","confidence":"n","version":"2.0NRT","bright_ti5":"293.57","frp":"3.24","daynight":"N","commune":"Fos-sur-Mer","code_insee":"13039","departement":"Bouches-du-Rhône","region":"Provence-Alpes-Côte d'Azur"}},{"type":"Feature","geometry":{"type":"Point","coordinates":[4.88584,43.43324]},"properties":{"latitude":"43.43324","longitude":"4.88584","bright_ti4":"307.81","scan":"0.5","track":"0.49","acq_date":"2026-08-16","acq_time":"102","satellite":"N21","instrument":"VIIRS","confidence":"n","version":"2.0NRT","bright_ti5":"294.18","frp":"3.35","daynight":"N","commune":"Fos-sur-Mer","code_insee":"13039","departement":"Bouches-du-Rhône","region":"Provence-Alpes-Côte d'Azur"}},{"type":"Feature","geometry":{"type":"Point","coordinates":[6.11163,48.61084]},"properties":{"latitude":"48.61084","longitude":"6.11163","bright_ti4":"318.58","scan":"0.5","track":"0.49","acq_date":"2026-08-16","acq_time":"102","satellite":"N21","instrument":"VIIRS","confidence":"n","version":"2.0NRT","bright_ti5":"281.54","frp":"3.31","daynight":"N","commune":"Neuves-Maisons","code_insee":"54397","departement":"Meurthe-et-Moselle","region":"Grand Est"}},{"type":"Feature","geometry":{"type":"Point","coordinates":[4.89783,43.43114]},"properties":{"latitude":"43.43114","longitude":"4.89783","bright_ti4":"302.27","scan":"0.53","track":"0.67","acq_date":"2026-08-16","acq_time":"241","satellite":"N21","instrument":"VIIRS","confidence":"n","version":"2.0NRT","bright_ti5":"291.16","frp":"1.84","daynight":"N","commune":"Fos-sur-Mer","code_insee":"13039","departement":"Bouches-du-Rhône","region":"Provence-Alpes-Côte d'Azur"}},{"type":"Feature","geometry":{"type":"Point","coordinates":[4.88574,43.43491]},"properties":{"latitude":"43.43491","longitude":"4.88574","bright_ti4":"307.35","scan":"0.53","track":"0.67","acq_date":"2026-08-16","acq_time":"241","satellite":"N21","instrument":"VIIRS","confidence":"n","version":"2.0NRT","bright_ti5":"291.64","frp":"3.61","daynight":"N","commune":"Fos-sur-Mer","code_insee":"13039","departement":"Bouches-du-Rhône","region":"Provence-Alpes-Côte d'Azur"}},{"type":"Feature","geometry":{"type":"Point","coordinates":[-2.05625,47.31468]},"properties":{"latitude":"47.31468","longitude":"-2.05625","bright_ti4":"304.87","scan":"0.4","track":"0.44","acq_date":"2026-08-16","acq_time":"241","satellite":"N21","instrument":"VIIRS","confidence":"n","version":"2.0NRT","bright_ti5":"289.35","frp":"0.88","daynight":"N","commune":"Donges","code_insee":"44052","departement":"Loire-Atlantique","region":"Pays de la Loire"}},{"type":"Feature","geometry":{"type":"Point","coordinates":[2.2713,51.02676]},"properties":{"latitude":"51.02676","longitude":"2.2713","bright_ti4":"313.73","scan":"0.48","track":"0.48","acq_date":"2026-08-16","acq_time":"241","satellite":"N21","instrument":"VIIRS","confidence":"n","version":"2.0NRT","bright_ti5":"289.53","frp":"2.43","daynight":"N","commune":"Grande-Synthe","code_insee":"59271","departement":"Nord","region":"Hauts-de-France"}},{"type":"Feature","geometry":{"type":"Point","coordinates":[2.28938,51.0317]},"properties":{"latitude":"51.0317","longitude":"2.28938","bright_ti4":"302.62","scan":"0.48","track":"0.48","acq_date":"2026-08-16","acq_time":"241","satellite":"N21","instrument":"VIIRS","confidence":"n","version":"2.0NRT","bright_ti5":"288.5","frp":"1.48","daynight":"N","commune":"Grande-Synthe","code_insee":"59271","departement":"Nord","region":"Hauts-de-France"}},{"type":"Feature","geometry":{"type":"Point","coordinates":[2.28301,51.03334]},"properties":{"latitude":"51.03334","longitude":"2.28301","bright_ti4":"316.01","scan":"0.48","track":"0.48","acq_date":"2026-08-16","acq_time":"241","satellite":"N21","instrument":"VIIRS","confidence":"n","version":"2.0NRT","bright_ti5":"289.44","frp":"3.11","daynight":"N","commune":"Grande-Synthe","code_insee":"59271","departement":"Nord","region":"Hauts-de-France"}},{"type":"Feature","geometry":{"type":"Point","coordinates":[2.29208,51.03581]},"properties":{"latitude":"51.03581","longitude":"2.29208","bright_ti4":"305.18","scan":"0.48","track":"0.48","acq_date":"2026-08-16","acq_time":"241","satellite":"N21","instrument":"VIIRS","confidence":"n","version":"2.0NRT","bright_ti5":"288.39","frp":"1.48","daynight":"N","commune":"Grande-Synthe","code_insee":"59271","departement":"Nord","region":"Hauts-de-France"}},{"type":"Feature","geometry":{"type":"Point","coordinates":[2.28571,51.03745]},"properties":{"latitude":"51.03745","longitude":"2.28571","bright_ti4":"323.87","scan":"0.48","track":"0.48","acq_date":"2026-08-16","acq_time":"241","satellite":"N21","instrument":"VIIRS","confidence":"n","version":"2.0NRT","bright_ti5":"289.54","frp":"3.11","daynight":"N","commune":"Grande-Synthe","code_insee":"59271","departement":"Nord","region":"Hauts-de-France"}},{"type":"Feature","geometry":{"type":"Point","coordinates":[-0.68959,44.04795]},"properties":{"latitude":"44.04795","longitude":"-0.68959","bright_ti4":"301.4","scan":"0.56","track":"0.51","acq_date":"2026-08-16","acq_time":"243","satellite":"N21","instrument":"VIIRS","confidence":"n","version":"2.0NRT","bright_ti5":"285.81","frp":"2.07","daynight":"N","commune":"Garein","code_insee":"40105","departement":"Landes","region":"Nouvelle-Aquitaine"}},{"type":"Feature","geometry":{"type":"Point","coordinates":[-0.69397,44.0541]},"properties":{"latitude":"44.0541","longitude":"-0.69397","bright_ti4":"303.69","scan":"0.55","track":"0.51","acq_date":"2026-08-16","acq_time":"243","satellite":"N21","instrument":"VIIRS","confidence":"n","version":"2.0NRT","bright_ti5":"285.61","frp":"3.96","daynight":"N","commune":"Garein","code_insee":"40105","departement":"Landes","region":"Nouvelle-Aquitaine"}},{"type":"Feature","geometry":{"type":"Point","coordinates":[4.74527,49.9072]},"properties":{"latitude":"49.9072","longitude":"4.74527","bright_ti4":"310.9","scan":"0.33","track":"0.55","acq_date":"2026-08-16","acq_time":"243","satellite":"N21","instrument":"VIIRS","confidence":"n","version":"2.0NRT","bright_ti5":"289.19","frp":"1.38","daynight":"N","commune":"Monthermé","code_insee":"08302","departement":"Ardennes","region":"Grand Est"}},{"type":"Feature","geometry":{"type":"Point","coordinates":[4.74153,49.90828]},"properties":{"latitude":"49.90828","longitude":"4.74153","bright_ti4":"302.41","scan":"0.33","track":"0.55","acq_date":"2026-08-16","acq_time":"243","satellite":"N21","instrument":"VIIRS","confidence":"n","version":"2.0NRT","bright_ti5":"288.29","frp":"1.47","daynight":"N","commune":"Monthermé","code_insee":"08302","departement":"Ardennes","region":"Grand Est"}},{"type":"Feature","geometry":{"type":"Point","coordinates":[4.7376,49.90942]},"properties":{"latitude":"49.90942","longitude":"4.7376","bright_ti4":"308.58","scan":"0.33","track":"0.55","acq_date":"2026-08-16","acq_time":"243","satellite":"N21","instrument":"VIIRS","confidence":"n","version":"2.0NRT","bright_ti5":"289.41","frp":"1.47","daynight":"N","commune":"Monthermé","code_insee":"08302","departement":"Ardennes","region":"Grand Est"}},{"type":"Feature","geometry":{"type":"Point","coordinates":[4.75221,49.91077]},"properties":{"latitude":"49.91077","longitude":"4.75221","bright_ti4":"302.66","scan":"0.33","track":"0.55","acq_date":"2026-08-16","acq_time":"243","satellite":"N21","instrument":"VIIRS","confidence":"n","version":"2.0NRT","bright_ti5":"289.19","frp":"1.38","daynight":"N","commune":"Monthermé","code_insee":"08302","departement":"Ardennes","region":"Grand Est"}},{"type":"Feature","geometry":{"type":"Point","coordinates":[4.75532,49.91544]},"properties":{"latitude":"49.91544","longitude":"4.75532","bright_ti4":"298.36","scan":"0.33","track":"0.55","acq_date":"2026-08-16","acq_time":"243","satellite":"N21","instrument":"VIIRS","confidence":"n","version":"2.0NRT","bright_ti5":"287.53","frp":"0.45","daynight":"N","commune":"Monthermé","code_insee":"08302","departement":"Ardennes","region":"Grand Est"}},{"type":"Feature","geometry":{"type":"Point","coordinates":[4.89423,43.46739]},"properties":{"latitude":"43.46739","longitude":"4.89423","bright_ti4":"336.78","scan":"0.39","track":"0.36","acq_date":"2026-08-16","acq_time":"1225","satellite":"N21","instrument":"VIIRS","confidence":"l","version":"2.0NRT","bright_ti5":"308.6","frp":"2.4","daynight":"D","commune":"Fos-sur-Mer","code_insee":"13039","departement":"Bouches-du-Rhône","region":"Provence-Alpes-Côte d'Azur"}},{"type":"Feature","geometry":{"type":"Point","coordinates":[4.91539,43.58442]},"properties":{"latitude":"43.58442","longitude":"4.91539","bright_ti4":"340.75","scan":"0.39","track":"0.36","acq_date":"2026-08-16","acq_time":"1225","satellite":"N21","instrument":"VIIRS","confidence":"n","version":"2.0NRT","bright_ti5":"306.75","frp":"3.95","daynight":"D","commune":"Istres","code_insee":"13047","departement":"Bouches-du-Rhône","region":"Provence-Alpes-Côte d'Azur"}},{"type":"Feature","geometry":{"type":"Point","coordinates":[5.48878,43.63302]},"properties":{"latitude":"43.63302","longitude":"5.48878","bright_ti4":"338.69","scan":"0.39","track":"0.36","acq_date":"2026-08-16","acq_time":"1225","satellite":"N21","instrument":"VIIRS","confidence":"l","version":"2.0NRT","bright_ti5":"309.05","frp":"3.89","daynight":"D","commune":"Meyrargues","code_insee":"13059","departement":"Bouches-du-Rhône","region":"Provence-Alpes-Côte d'Azur"}},{"type":"Feature","geometry":{"type":"Point","coordinates":[4.69875,44.33226]},"properties":{"latitude":"44.33226","longitude":"4.69875","bright_ti4":"335.59","scan":"0.39","track":"0.36","acq_date":"2026-08-16","acq_time":"1227","satellite":"N21","instrument":"VIIRS","confidence":"l","version":"2.0NRT","bright_ti5":"306.03","frp":"2.73","daynight":"D","commune":"Pierrelatte","code_insee":"26235","departement":"Drôme","region":"Auvergne-Rhône-Alpes"}},{"type":"Feature","geometry":{"type":"Point","coordinates":[4.43164,44.58366]},"properties":{"latitude":"44.58366","longitude":"4.43164","bright_ti4":"342.69","scan":"0.39","track":"0.36","acq_date":"2026-08-16","acq_time":"1227","satellite":"N21","instrument":"VIIRS","confidence":"n","version":"2.0NRT","bright_ti5":"298.71","frp":"2.01","daynight":"D","commune":"Lavilledieu","code_insee":"07138","departement":"Ardèche","region":"Auvergne-Rhône-Alpes"}},{"type":"Feature","geometry":{"type":"Point","coordinates":[3.26021,45.8209]},"properties":{"latitude":"45.8209","longitude":"3.26021","bright_ti4":"338.28","scan":"0.4","track":"0.37","acq_date":"2026-08-16","acq_time":"1227","satellite":"N21","instrument":"VIIRS","confidence":"n","version":"2.0NRT","bright_ti5":"301.89","frp":"3.5","daynight":"D","commune":"Les Martres-d'Artière","code_insee":"63213","departement":"Puy-de-Dôme","region":"Auvergne-Rhône-Alpes"}},{"type":"Feature","geometry":{"type":"Point","coordinates":[3.27413,45.82682]},"properties":{"latitude":"45.82682","longitude":"3.27413","bright_ti4":"339.14","scan":"0.4","track":"0.37","acq_date":"2026-08-16","acq_time":"1227","satellite":"N21","instrument":"VIIRS","confidence":"n","version":"2.0NRT","bright_ti5":"302.21","frp":"3.06","daynight":"D","commune":"Les Martres-d'Artière","code_insee":"63213","departement":"Puy-de-Dôme","region":"Auvergne-Rhône-Alpes"}},{"type":"Feature","geometry":{"type":"Point","coordinates":[3.55131,46.53687]},"properties":{"latitude":"46.53687","longitude":"3.55131","bright_ti4":"336.38","scan":"0.39","track":"0.36","acq_date":"2026-08-16","acq_time":"1227","satellite":"N21","instrument":"VIIRS","confidence":"n","version":"2.0NRT","bright_ti5":"302.76","frp":"2.09","daynight":"D","commune":"Thiel-sur-Acolin","code_insee":"03283","departement":"Allier","region":"Auvergne-Rhône-Alpes"}},{"type":"Feature","geometry":{"type":"Point","coordinates":[1.72679,47.28695]},"properties":{"latitude":"47.28695","longitude":"1.72679","bright_ti4":"336.66","scan":"0.42","track":"0.38","acq_date":"2026-08-16","acq_time":"1227","satellite":"N21","instrument":"VIIRS","confidence":"n","version":"2.0NRT","bright_ti5":"299.8","frp":"2.62","daynight":"D","commune":"Villefranche-sur-Cher","code_insee":"41280","departement":"Loir-et-Cher","region":"Centre-Val de Loire"}},{"type":"Feature","geometry":{"type":"Point","coordinates":[1.79143,47.32367]},"properties":{"latitude":"47.32367","longitude":"1.79143","bright_ti4":"338.49","scan":"0.42","track":"0.37","acq_date":"2026-08-16","acq_time":"1227","satellite":"N21","instrument":"VIIRS","confidence":"n","version":"2.0NRT","bright_ti5":"303.99","frp":"4.28","daynight":"D","commune":"Villeherviers","code_insee":"41282","departement":"Loir-et-Cher","region":"Centre-Val de Loire"}},{"type":"Feature","geometry":{"type":"Point","coordinates":[1.79011,47.32701]},"properties":{"latitude":"47.32701","longitude":"1.79011","bright_ti4":"338.09","scan":"0.42","track":"0.37","acq_date":"2026-08-16","acq_time":"1227","satellite":"N21","instrument":"VIIRS","confidence":"n","version":"2.0NRT","bright_ti5":"299.31","frp":"3.05","daynight":"D","commune":"Villeherviers","code_insee":"41282","departement":"Loir-et-Cher","region":"Centre-Val de Loire"}},{"type":"Feature","geometry":{"type":"Point","coordinates":[3.75869,47.65328]},"properties":{"latitude":"47.65328","longitude":"3.75869","bright_ti4":"335.37","scan":"0.39","track":"0.36","acq_date":"2026-08-16","acq_time":"1227","satellite":"N21","instrument":"VIIRS","confidence":"n","version":"2.0NRT","bright_ti5":"303.08","frp":"4.43","daynight":"D","commune":"Vermenton","code_insee":"89441","departement":"Yonne","region":"Bourgogne-Franche-Comté"}},{"type":"Feature","geometry":{"type":"Point","coordinates":[3.75755,47.65652]},"properties":{"latitude":"47.65652","longitude":"3.75755","bright_ti4":"353.91","scan":"0.39","track":"0.36","acq_date":"2026-08-16","acq_time":"1227","satellite":"N21","instrument":"VIIRS","confidence":"n","version":"2.0NRT","bright_ti5":"302.83","frp":"4.43","daynight":"D","commune":"Vermenton","code_insee":"89441","departement":"Yonne","region":"Bourgogne-Franche-Comté"}},{"type":"Feature","geometry":{"type":"Point","coordinates":[2.55202,47.84443]},"properties":{"latitude":"47.84443","longitude":"2.55202","bright_ti4":"335.64","scan":"0.4","track":"0.37","acq_date":"2026-08-16","acq_time":"1227","satellite":"N21","instrument":"VIIRS","confidence":"n","version":"2.0NRT","bright_ti5":"299.77","frp":"3.81","daynight":"D","commune":"Montereau","code_insee":"45213","departement":"Loiret","region":"Centre-Val de Loire"}},{"type":"Feature","geometry":{"type":"Point","coordinates":[3.27171,48.27299]},"properties":{"latitude":"48.27299","longitude":"3.27171","bright_ti4":"343.58","scan":"0.39","track":"0.36","acq_date":"2026-08-16","acq_time":"1227","satellite":"N21","instrument":"VIIRS","confidence":"n","version":"2.0NRT","bright_ti5":"304.84","frp":"3.67","daynight":"D","commune":"Évry","code_insee":"89162","departement":"Yonne","region":"Bourgogne-Franche-Comté"}},{"type":"Feature","geometry":{"type":"Point","coordinates":[3.27051,48.27623]},"properties":{"latitude":"48.27623","longitude":"3.27051","bright_ti4":"345.49","scan":"0.39","track":"0.36","acq_date":"2026-08-16","acq_time":"1227","satellite":"N21","instrument":"VIIRS","confidence":"n","version":"2.0NRT","bright_ti5":"304.65","frp":"2.69","daynight":"D","commune":"Évry","code_insee":"89162","departement":"Yonne","region":"Bourgogne-Franche-Comté"}},{"type":"Feature","geometry":{"type":"Point","coordinates":[2.50187,49.2496]},"properties":{"latitude":"49.2496","longitude":"2.50187","bright_ti4":"344.06","scan":"0.39","track":"0.36","acq_date":"2026-08-16","acq_time":"1227","satellite":"N21","instrument":"VIIRS","confidence":"n","version":"2.0NRT","bright_ti5":"298.19","frp":"4.34","daynight":"D","commune":"Creil","code_insee":"60175","departement":"Oise","region":"Hauts-de-France"}},{"type":"Feature","geometry":{"type":"Point","coordinates":[2.50712,49.25048]},"properties":{"latitude":"49.25048","longitude":"2.50712","bright_ti4":"335.96","scan":"0.39","track":"0.36","acq_date":"2026-08-16","acq_time":"1227","satellite":"N21","instrument":"VIIRS","confidence":"n","version":"2.0NRT","bright_ti5":"298.47","frp":"4.34","daynight":"D","commune":"Creil","code_insee":"60175","departement":"Oise","region":"Hauts-de-France"}},{"type":"Feature","geometry":{"type":"Point","coordinates":[6.14871,49.31649]},"properties":{"latitude":"49.31649","longitude":"6.14871","bright_ti4":"300.91","scan":"0.42","track":"0.61","acq_date":"2026-08-17","acq_time":"41","satellite":"N21","instrument":"VIIRS","confidence":"n","version":"2.0NRT","bright_ti5":"287.42","frp":"0.55","daynight":"N","commune":"Florange","code_insee":"57221","departement":"Moselle","region":"Grand Est"}},{"type":"Feature","geometry":{"type":"Point","coordinates":[1.51683,42.90046]},"properties":{"latitude":"42.90046","longitude":"1.51683","bright_ti4":"311.57","scan":"0.66","track":"0.73","acq_date":"2026-08-17","acq_time":"43","satellite":"N21","instrument":"VIIRS","confidence":"n","version":"2.0NRT","bright_ti5":"283.5","frp":"3.27","daynight":"N","commune":"Saurat","code_insee":"09280","departement":"Ariège","region":"Occitanie"}},{"type":"Feature","geometry":{"type":"Point","coordinates":[1.5099,42.9005]},"properties":{"latitude":"42.9005","longitude":"1.5099","bright_ti4":"295.19","scan":"0.66","track":"0.73","acq_date":"2026-08-17","acq_time":"43","satellite":"N21","instrument":"VIIRS","confidence":"n","version":"2.0NRT","bright_ti5":"281.23","frp":"2.26","daynight":"N","commune":"Saurat","code_insee":"09280","departement":"Ariège","region":"Occitanie"}},{"type":"Feature","geometry":{"type":"Point","coordinates":[1.51857,42.90717]},"properties":{"latitude":"42.90717","longitude":"1.51857","bright_ti4":"307.03","scan":"0.66","track":"0.73","acq_date":"2026-08-17","acq_time":"43","satellite":"N21","instrument":"VIIRS","confidence":"n","version":"2.0NRT","bright_ti5":"281.59","frp":"2.74","daynight":"N","commune":"Saurat","code_insee":"09280","departement":"Ariège","region":"Occitanie"}},{"type":"Feature","geometry":{"type":"Point","coordinates":[1.51144,42.90722]},"properties":{"latitude":"42.90722","longitude":"1.51144","bright_ti4":"297.62","scan":"0.66","track":"0.73","acq_date":"2026-08-17","acq_time":"43","satellite":"N21","instrument":"VIIRS","confidence":"n","version":"2.0NRT","bright_ti5":"280.92","frp":"2.77","daynight":"N","commune":"Brassac","code_insee":"09066","departement":"Ariège","region":"Occitanie"}},{"type":"Feature","geometry":{"type":"Point","coordinates":[4.8924,43.43978]},"properties":{"latitude":"43.43978","longitude":"4.8924","bright_ti4":"297.3","scan":"0.44","track":"0.62","acq_date":"2026-08-17","acq_time":"43","satellite":"N21","instrument":"VIIRS","confidence":"n","version":"2.0NRT","bright_ti5":"275.09","frp":"0.67","daynight":"N","commune":"Fos-sur-Mer","code_insee":"13039","departement":"Bouches-du-Rhône","region":"Provence-Alpes-Côte d'Azur"}},{"type":"Feature","geometry":{"type":"Point","coordinates":[4.88138,43.44014]},"properties":{"latitude":"43.44014","longitude":"4.88138","bright_ti4":"312.46","scan":"0.44","track":"0.62","acq_date":"2026-08-17","acq_time":"43","satellite":"N21","instrument":"VIIRS","confidence":"n","version":"2.0NRT","bright_ti5":"275.25","frp":"3.56","daynight":"N","commune":"Fos-sur-Mer","code_insee":"13039","departement":"Bouches-du-Rhône","region":"Provence-Alpes-Côte d'Azur"}},{"type":"Feature","geometry":{"type":"Point","coordinates":[4.87589,43.44032]},"properties":{"latitude":"43.44032","longitude":"4.87589","bright_ti4":"309.08","scan":"0.44","track":"0.63","acq_date":"2026-08-17","acq_time":"43","satellite":"N21","instrument":"VIIRS","confidence":"n","version":"2.0NRT","bright_ti5":"275.39","frp":"2.68","daynight":"N","commune":"Fos-sur-Mer","code_insee":"13039","departement":"Bouches-du-Rhône","region":"Provence-Alpes-Côte d'Azur"}},{"type":"Feature","geometry":{"type":"Point","coordinates":[4.89823,43.44536]},"properties":{"latitude":"43.44536","longitude":"4.89823","bright_ti4":"295.94","scan":"0.44","track":"0.62","acq_date":"2026-08-17","acq_time":"43","satellite":"N21","instrument":"VIIRS","confidence":"n","version":"2.0NRT","bright_ti5":"275.96","frp":"0.67","daynight":"N","commune":"Fos-sur-Mer","code_insee":"13039","departement":"Bouches-du-Rhône","region":"Provence-Alpes-Côte d'Azur"}},{"type":"Feature","geometry":{"type":"Point","coordinates":[7.37243,43.79387]},"properties":{"latitude":"43.79387","longitude":"7.37243","bright_ti4":"296.73","scan":"0.33","track":"0.55","acq_date":"2026-08-17","acq_time":"43","satellite":"N21","instrument":"VIIRS","confidence":"n","version":"2.0NRT","bright_ti5":"278.27","frp":"1","daynight":"N","commune":"Blausasc","code_insee":"06019","departement":"Alpes-Maritimes","region":"Provence-Alpes-Côte d'Azur"}},{"type":"Feature","geometry":{"type":"Point","coordinates":[4.84622,46.17223]},"properties":{"latitude":"46.17223","longitude":"4.84622","bright_ti4":"297.65","scan":"0.46","track":"0.64","acq_date":"2026-08-17","acq_time":"43","satellite":"N21","instrument":"VIIRS","confidence":"n","version":"2.0NRT","bright_ti5":"283.84","frp":"1.09","daynight":"N","commune":"Saint-Didier-sur-Chalaronne","code_insee":"01348","departement":"Ain","region":"Auvergne-Rhône-Alpes"}},{"type":"Feature","geometry":{"type":"Point","coordinates":[1.51899,42.90302]},"properties":{"latitude":"42.90302","longitude":"1.51899","bright_ti4":"322.7","scan":"0.45","track":"0.47","acq_date":"2026-08-17","acq_time":"224","satellite":"N21","instrument":"VIIRS","confidence":"n","version":"2.0NRT","bright_ti5":"287.34","frp":"3.68","daynight":"N","commune":"Saurat","code_insee":"09280","departement":"Ariège","region":"Occitanie"}},{"type":"Feature","geometry":{"type":"Point","coordinates":[4.88796,43.42821]},"properties":{"latitude":"43.42821","longitude":"4.88796","bright_ti4":"303.13","scan":"0.63","track":"0.54","acq_date":"2026-08-17","acq_time":"224","satellite":"N21","instrument":"VIIRS","confidence":"n","version":"2.0NRT","bright_ti5":"291.03","frp":"2.12","daynight":"N","commune":"Fos-sur-Mer","code_insee":"13039","departement":"Bouches-du-Rhône","region":"Provence-Alpes-Côte d'Azur"}},{"type":"Feature","geometry":{"type":"Point","coordinates":[4.89774,43.43095]},"properties":{"latitude":"43.43095","longitude":"4.89774","bright_ti4":"304.1","scan":"0.63","track":"0.54","acq_date":"2026-08-17","acq_time":"224","satellite":"N21","instrument":"VIIRS","confidence":"n","version":"2.0NRT","bright_ti5":"291.12","frp":"2.12","daynight":"N","commune":"Fos-sur-Mer","code_insee":"13039","departement":"Bouches-du-Rhône","region":"Provence-Alpes-Côte d'Azur"}},{"type":"Feature","geometry":{"type":"Point","coordinates":[4.883,43.43486]},"properties":{"latitude":"43.43486","longitude":"4.883","bright_ti4":"302.88","scan":"0.63","track":"0.54","acq_date":"2026-08-17","acq_time":"224","satellite":"N21","instrument":"VIIRS","confidence":"n","version":"2.0NRT","bright_ti5":"290.77","frp":"1.95","daynight":"N","commune":"Fos-sur-Mer","code_insee":"13039","departement":"Bouches-du-Rhône","region":"Provence-Alpes-Côte d'Azur"}},{"type":"Feature","geometry":{"type":"Point","coordinates":[4.89273,43.43761]},"properties":{"latitude":"43.43761","longitude":"4.89273","bright_ti4":"324.63","scan":"0.63","track":"0.54","acq_date":"2026-08-17","acq_time":"224","satellite":"N21","instrument":"VIIRS","confidence":"n","version":"2.0NRT","bright_ti5":"291.19","frp":"2.89","daynight":"N","commune":"Fos-sur-Mer","code_insee":"13039","departement":"Bouches-du-Rhône","region":"Provence-Alpes-Côte d'Azur"}},{"type":"Feature","geometry":{"type":"Point","coordinates":[4.89511,43.44231]},"properties":{"latitude":"43.44231","longitude":"4.89511","bright_ti4":"307.26","scan":"0.63","track":"0.54","acq_date":"2026-08-17","acq_time":"224","satellite":"N21","instrument":"VIIRS","confidence":"n","version":"2.0NRT","bright_ti5":"290.34","frp":"2.89","daynight":"N","commune":"Fos-sur-Mer","code_insee":"13039","departement":"Bouches-du-Rhône","region":"Provence-Alpes-Côte d'Azur"}},{"type":"Feature","geometry":{"type":"Point","coordinates":[-0.69546,44.05437]},"properties":{"latitude":"44.05437","longitude":"-0.69546","bright_ti4":"302.55","scan":"0.51","track":"0.41","acq_date":"2026-08-17","acq_time":"224","satellite":"N21","instrument":"VIIRS","confidence":"n","version":"2.0NRT","bright_ti5":"290.77","frp":"1.88","daynight":"N","commune":"Garein","code_insee":"40105","departement":"Landes","region":"Nouvelle-Aquitaine"}},{"type":"Feature","geometry":{"type":"Point","coordinates":[5.82253,45.91172]},"properties":{"latitude":"45.91172","longitude":"5.82253","bright_ti4":"297.27","scan":"0.6","track":"0.53","acq_date":"2026-08-17","acq_time":"224","satellite":"N21","instrument":"VIIRS","confidence":"n","version":"2.0NRT","bright_ti5":"279.66","frp":"1.13","daynight":"N","commune":"Anglefort","code_insee":"01010","departement":"Ain","region":"Auvergne-Rhône-Alpes"}},{"type":"Feature","geometry":{"type":"Point","coordinates":[-2.05648,47.3166]},"properties":{"latitude":"47.3166","longitude":"-2.05648","bright_ti4":"303.11","scan":"0.42","track":"0.37","acq_date":"2026-08-17","acq_time":"224","satellite":"N21","instrument":"VIIRS","confidence":"n","version":"2.0NRT","bright_ti5":"287.29","frp":"0.65","daynight":"N","commune":"Donges","code_insee":"44052","departement":"Loire-Atlantique","region":"Pays de la Loire"}},{"type":"Feature","geometry":{"type":"Point","coordinates":[2.26622,47.54306]},"properties":{"latitude":"47.54306","longitude":"2.26622","bright_ti4":"328.04","scan":"0.57","track":"0.43","acq_date":"2026-08-17","acq_time":"224","satellite":"N21","instrument":"VIIRS","confidence":"n","version":"2.0NRT","bright_ti5":"278.02","frp":"3.78","daynight":"N","commune":"Brinon-sur-Sauldre","code_insee":"18037","departement":"Cher","region":"Centre-Val de Loire"}},{"type":"Feature","geometry":{"type":"Point","coordinates":[2.26669,47.5438]},"properties":{"latitude":"47.5438","longitude":"2.26669","bright_ti4":"327.64","scan":"0.57","track":"0.43","acq_date":"2026-08-17","acq_time":"224","satellite":"N21","instrument":"VIIRS","confidence":"n","version":"2.0NRT","bright_ti5":"277.9","frp":"4.41","daynight":"N","commune":"Brinon-sur-Sauldre","code_insee":"18037","departement":"Cher","region":"Centre-Val de Loire"}},{"type":"Feature","geometry":{"type":"Point","coordinates":[2.25902,47.54469]},"properties":{"latitude":"47.54469","longitude":"2.25902","bright_ti4":"295.32","scan":"0.57","track":"0.43","acq_date":"2026-08-17","acq_time":"224","satellite":"N21","instrument":"VIIRS","confidence":"n","version":"2.0NRT","bright_ti5":"277.41","frp":"3.78","daynight":"N","commune":"Brinon-sur-Sauldre","code_insee":"18037","departement":"Cher","region":"Centre-Val de Loire"}},{"type":"Feature","geometry":{"type":"Point","coordinates":[2.25947,47.5454]},"properties":{"latitude":"47.5454","longitude":"2.25947","bright_ti4":"295.91","scan":"0.57","track":"0.43","acq_date":"2026-08-17","acq_time":"224","satellite":"N21","instrument":"VIIRS","confidence":"n","version":"2.0NRT","bright_ti5":"277.07","frp":"2.89","daynight":"N","commune":"Brinon-sur-Sauldre","code_insee":"18037","departement":"Cher","region":"Centre-Val de Loire"}},{"type":"Feature","geometry":{"type":"Point","coordinates":[7.31292,48.08128]},"properties":{"latitude":"48.08128","longitude":"7.31292","bright_ti4":"343.74","scan":"0.4","track":"0.37","acq_date":"2026-08-17","acq_time":"1210","satellite":"N21","instrument":"VIIRS","confidence":"n","version":"2.0NRT","bright_ti5":"297.09","frp":"3.53","daynight":"D","commune":"Wintzenheim","code_insee":"68374","departement":"Haut-Rhin","region":"Grand Est"}},{"type":"Feature","geometry":{"type":"Point","coordinates":[7.31811,48.08218]},"properties":{"latitude":"48.08218","longitude":"7.31811","bright_ti4":"335.49","scan":"0.4","track":"0.37","acq_date":"2026-08-17","acq_time":"1210","satellite":"N21","instrument":"VIIRS","confidence":"n","version":"2.0NRT","bright_ti5":"297.01","frp":"3.53","daynight":"D","commune":"Wintzenheim","code_insee":"68374","departement":"Haut-Rhin","region":"Grand Est"}},{"type":"Feature","geometry":{"type":"Point","coordinates":[0.478,46.66142]},"properties":{"latitude":"46.66142","longitude":"0.478","bright_ti4":"301.65","scan":"0.39","track":"0.36","acq_date":"2026-08-18","acq_time":"204","satellite":"N21","instrument":"VIIRS","confidence":"n","version":"2.0NRT","bright_ti5":"288.55","frp":"0.48","daynight":"N","commune":"Saint-Georges-lès-Baillargeaux","code_insee":"86222","departement":"Vienne","region":"Nouvelle-Aquitaine"}},{"type":"Feature","geometry":{"type":"Point","coordinates":[0.47914,46.66468]},"properties":{"latitude":"46.66468","longitude":"0.47914","bright_ti4":"297.31","scan":"0.39","track":"0.36","acq_date":"2026-08-18","acq_time":"204","satellite":"N21","instrument":"VIIRS","confidence":"n","version":"2.0NRT","bright_ti5":"287.09","frp":"0.48","daynight":"N","commune":"Saint-Georges-lès-Baillargeaux","code_insee":"86222","departement":"Vienne","region":"Nouvelle-Aquitaine"}},{"type":"Feature","geometry":{"type":"Point","coordinates":[-2.05356,47.31437]},"properties":{"latitude":"47.31437","longitude":"-2.05356","bright_ti4":"303.28","scan":"0.39","track":"0.37","acq_date":"2026-08-18","acq_time":"204","satellite":"N21","instrument":"VIIRS","confidence":"n","version":"2.0NRT","bright_ti5":"288.89","frp":"0.63","daynight":"N","commune":"Donges","code_insee":"44052","departement":"Loire-Atlantique","region":"Pays de la Loire"}},{"type":"Feature","geometry":{"type":"Point","coordinates":[-1.03887,48.10785]},"properties":{"latitude":"48.10785","longitude":"-1.03887","bright_ti4":"297.12","scan":"0.39","track":"0.36","acq_date":"2026-08-18","acq_time":"204","satellite":"N21","instrument":"VIIRS","confidence":"n","version":"2.0NRT","bright_ti5":"281.31","frp":"0.73","daynight":"N","commune":"Saint-Pierre-la-Cour","code_insee":"53247","departement":"Mayenne","region":"Pays de la Loire"}},{"type":"Feature","geometry":{"type":"Point","coordinates":[2.79951,48.43684]},"properties":{"latitude":"48.43684","longitude":"2.79951","bright_ti4":"302.52","scan":"0.41","track":"0.37","acq_date":"2026-08-18","acq_time":"204","satellite":"N21","instrument":"VIIRS","confidence":"n","version":"2.0NRT","bright_ti5":"288.66","frp":"0.64","daynight":"N","commune":"Héricy","code_insee":"77226","departement":"Seine-et-Marne","region":"Île-de-France"}},{"type":"Feature","geometry":{"type":"Point","coordinates":[6.11453,48.60929]},"properties":{"latitude":"48.60929","longitude":"6.11453","bright_ti4":"303.25","scan":"0.5","track":"0.41","acq_date":"2026-08-18","acq_time":"204","satellite":"N21","instrument":"VIIRS","confidence":"n","version":"2.0NRT","bright_ti5":"288.34","frp":"1.59","daynight":"N","commune":"Neuves-Maisons","code_insee":"54397","departement":"Meurthe-et-Moselle","region":"Grand Est"}},{"type":"Feature","geometry":{"type":"Point","coordinates":[1.89322,50.97026]},"properties":{"latitude":"50.97026","longitude":"1.89322","bright_ti4":"299.63","scan":"0.39","track":"0.36","acq_date":"2026-08-18","acq_time":"204","satellite":"N21","instrument":"VIIRS","confidence":"n","version":"2.0NRT","bright_ti5":"279.69","frp":"0.47","daynight":"N","commune":"Calais","code_insee":"62193","departement":"Pas-de-Calais","region":"Hauts-de-France"}},{"type":"Feature","geometry":{"type":"Point","coordinates":[2.2744,51.02847]},"properties":{"latitude":"51.02847","longitude":"2.2744","bright_ti4":"296.55","scan":"0.39","track":"0.36","acq_date":"2026-08-18","acq_time":"204","satellite":"N21","instrument":"VIIRS","confidence":"n","version":"2.0NRT","bright_ti5":"274.82","frp":"0.77","daynight":"N","commune":"Grande-Synthe","code_insee":"59271","departement":"Nord","region":"Hauts-de-France"}},{"type":"Feature","geometry":{"type":"Point","coordinates":[2.28789,51.03316]},"properties":{"latitude":"51.03316","longitude":"2.28789","bright_ti4":"318.56","scan":"0.39","track":"0.36","acq_date":"2026-08-18","acq_time":"204","satellite":"N21","instrument":"VIIRS","confidence":"n","version":"2.0NRT","bright_ti5":"277.84","frp":"0.9","daynight":"N","commune":"Grande-Synthe","code_insee":"59271","departement":"Nord","region":"Hauts-de-France"}},{"type":"Feature","geometry":{"type":"Point","coordinates":[2.2825,51.03405]},"properties":{"latitude":"51.03405","longitude":"2.2825","bright_ti4":"295.04","scan":"0.39","track":"0.36","acq_date":"2026-08-18","acq_time":"204","satellite":"N21","instrument":"VIIRS","confidence":"n","version":"2.0NRT","bright_ti5":"276.92","frp":"0.9","daynight":"N","commune":"Grande-Synthe","code_insee":"59271","departement":"Nord","region":"Hauts-de-France"}},{"type":"Feature","geometry":{"type":"Point","coordinates":[2.28924,51.0364]},"properties":{"latitude":"51.0364","longitude":"2.28924","bright_ti4":"296.83","scan":"0.39","track":"0.36","acq_date":"2026-08-18","acq_time":"204","satellite":"N21","instrument":"VIIRS","confidence":"n","version":"2.0NRT","bright_ti5":"277.37","frp":"0.9","daynight":"N","commune":"Grande-Synthe","code_insee":"59271","departement":"Nord","region":"Hauts-de-France"}},{"type":"Feature","geometry":{"type":"Point","coordinates":[2.28385,51.03729]},"properties":{"latitude":"51.03729","longitude":"2.28385","bright_ti4":"304.99","scan":"0.39","track":"0.36","acq_date":"2026-08-18","acq_time":"204","satellite":"N21","instrument":"VIIRS","confidence":"n","version":"2.0NRT","bright_ti5":"277.86","frp":"0.9","daynight":"N","commune":"Grande-Synthe","code_insee":"59271","departement":"Nord","region":"Hauts-de-France"}},{"type":"Feature","geometry":{"type":"Point","coordinates":[2.29734,51.04198]},"properties":{"latitude":"51.04198","longitude":"2.29734","bright_ti4":"311.12","scan":"0.39","track":"0.36","acq_date":"2026-08-18","acq_time":"204","satellite":"N21","instrument":"VIIRS","confidence":"n","version":"2.0NRT","bright_ti5":"281.51","frp":"1.56","daynight":"N","commune":"Grande-Synthe","code_insee":"59271","departement":"Nord","region":"Hauts-de-France"}},{"type":"Feature","geometry":{"type":"Point","coordinates":[2.29195,51.04287]},"properties":{"latitude":"51.04287","longitude":"2.29195","bright_ti4":"298.98","scan":"0.39","track":"0.36","acq_date":"2026-08-18","acq_time":"204","satellite":"N21","instrument":"VIIRS","confidence":"n","version":"2.0NRT","bright_ti5":"279.49","frp":"1.02","daynight":"N","commune":"Grande-Synthe","code_insee":"59271","departement":"Nord","region":"Hauts-de-France"}},{"type":"Feature","geometry":{"type":"Point","coordinates":[2.29869,51.04522]},"properties":{"latitude":"51.04522","longitude":"2.29869","bright_ti4":"330.5","scan":"0.39","track":"0.36","acq_date":"2026-08-18","acq_time":"204","satellite":"N21","instrument":"VIIRS","confidence":"n","version":"2.0NRT","bright_ti5":"283.01","frp":"3.92","daynight":"N","commune":"Grande-Synthe","code_insee":"59271","departement":"Nord","region":"Hauts-de-France"}},{"type":"Feature","geometry":{"type":"Point","coordinates":[2.2933,51.04611]},"properties":{"latitude":"51.04611","longitude":"2.2933","bright_ti4":"299.17","scan":"0.39","track":"0.36","acq_date":"2026-08-18","acq_time":"204","satellite":"N21","instrument":"VIIRS","confidence":"n","version":"2.0NRT","bright_ti5":"278.94","frp":"2.44","daynight":"N","commune":"Grande-Synthe","code_insee":"59271","departement":"Nord","region":"Hauts-de-France"}},{"type":"Feature","geometry":{"type":"Point","coordinates":[2.32297,51.04811]},"properties":{"latitude":"51.04811","longitude":"2.32297","bright_ti4":"297.4","scan":"0.39","track":"0.36","acq_date":"2026-08-18","acq_time":"204","satellite":"N21","instrument":"VIIRS","confidence":"n","version":"2.0NRT","bright_ti5":"279.89","frp":"0.39","daynight":"N","commune":"Dunkerque","code_insee":"59183","departement":"Nord","region":"Hauts-de-France"}},{"type":"Feature","geometry":{"type":"Point","coordinates":[4.88575,43.43254]},"properties":{"latitude":"43.43254","longitude":"4.88575","bright_ti4":"328.43","scan":"0.57","track":"0.43","acq_date":"2026-08-18","acq_time":"206","satellite":"N21","instrument":"VIIRS","confidence":"n","version":"2.0NRT","bright_ti5":"294.94","frp":"3.63","daynight":"N","commune":"Fos-sur-Mer","code_insee":"13039","departement":"Bouches-du-Rhône","region":"Provence-Alpes-Côte d'Azur"}},{"type":"Feature","geometry":{"type":"Point","coordinates":[4.88735,43.43637]},"properties":{"latitude":"43.43637","longitude":"4.88735","bright_ti4":"309.11","scan":"0.57","track":"0.43","acq_date":"2026-08-18","acq_time":"206","satellite":"N21","instrument":"VIIRS","confidence":"n","version":"2.0NRT","bright_ti5":"294.66","frp":"3.21","daynight":"N","commune":"Fos-sur-Mer","code_insee":"13039","departement":"Bouches-du-Rhône","region":"Provence-Alpes-Côte d'Azur"}},{"type":"Feature","geometry":{"type":"Point","coordinates":[4.88894,43.4402]},"properties":{"latitude":"43.4402","longitude":"4.88894","bright_ti4":"320.49","scan":"0.57","track":"0.43","acq_date":"2026-08-18","acq_time":"206","satellite":"N21","instrument":"VIIRS","confidence":"n","version":"2.0NRT","bright_ti5":"294.56","frp":"3.21","daynight":"N","commune":"Fos-sur-Mer","code_insee":"13039","departement":"Bouches-du-Rhône","region":"Provence-Alpes-Côte d'Azur"}},{"type":"Feature","geometry":{"type":"Point","coordinates":[4.88216,43.44167]},"properties":{"latitude":"43.44167","longitude":"4.88216","bright_ti4":"335.08","scan":"0.57","track":"0.43","acq_date":"2026-08-18","acq_time":"206","satellite":"N21","instrument":"VIIRS","confidence":"n","version":"2.0NRT","bright_ti5":"294.91","frp":"3.21","daynight":"N","commune":"Fos-sur-Mer","code_insee":"13039","departement":"Bouches-du-Rhône","region":"Provence-Alpes-Côte d'Azur"}},{"type":"Feature","geometry":{"type":"Point","coordinates":[4.87538,43.44314]},"properties":{"latitude":"43.44314","longitude":"4.87538","bright_ti4":"304.51","scan":"0.57","track":"0.43","acq_date":"2026-08-18","acq_time":"206","satellite":"N21","instrument":"VIIRS","confidence":"n","version":"2.0NRT","bright_ti5":"292.99","frp":"2.31","daynight":"N","commune":"Fos-sur-Mer","code_insee":"13039","departement":"Bouches-du-Rhône","region":"Provence-Alpes-Côte d'Azur"}},{"type":"Feature","geometry":{"type":"Point","coordinates":[4.85859,43.96894]},"properties":{"latitude":"43.96894","longitude":"4.85859","bright_ti4":"304.93","scan":"0.55","track":"0.43","acq_date":"2026-08-18","acq_time":"206","satellite":"N21","instrument":"VIIRS","confidence":"n","version":"2.0NRT","bright_ti5":"293.13","frp":"1.21","daynight":"N","commune":"Le Pontet","code_insee":"84092","departement":"Vaucluse","region":"Provence-Alpes-Côte d'Azur"}},{"type":"Feature","geometry":{"type":"Point","coordinates":[1.51713,42.90091]},"properties":{"latitude":"42.90091","longitude":"1.51713","bright_ti4":"298.59","scan":"0.39","track":"0.36","acq_date":"2026-08-19","acq_time":"145","satellite":"N21","instrument":"VIIRS","confidence":"n","version":"2.0NRT","bright_ti5":"288.39","frp":"0.33","daynight":"N","commune":"Saurat","code_insee":"09280","departement":"Ariège","region":"Occitanie"}},{"type":"Feature","geometry":{"type":"Point","coordinates":[1.51346,42.90485]},"properties":{"latitude":"42.90485","longitude":"1.51346","bright_ti4":"302.39","scan":"0.39","track":"0.36","acq_date":"2026-08-19","acq_time":"145","satellite":"N21","instrument":"VIIRS","confidence":"n","version":"2.0NRT","bright_ti5":"289.97","frp":"0.6","daynight":"N","commune":"Saurat","code_insee":"09280","departement":"Ariège","region":"Occitanie"}},{"type":"Feature","geometry":{"type":"Point","coordinates":[1.50874,42.90554]},"properties":{"latitude":"42.90554","longitude":"1.50874","bright_ti4":"301.03","scan":"0.39","track":"0.36","acq_date":"2026-08-19","acq_time":"145","satellite":"N21","instrument":"VIIRS","confidence":"n","version":"2.0NRT","bright_ti5":"288.33","frp":"0.6","daynight":"N","commune":"Saurat","code_insee":"09280","departement":"Ariège","region":"Occitanie"}},{"type":"Feature","geometry":{"type":"Point","coordinates":[4.8911,43.43177]},"properties":{"latitude":"43.43177","longitude":"4.8911","bright_ti4":"317.11","scan":"0.4","track":"0.37","acq_date":"2026-08-19","acq_time":"145","satellite":"N21","instrument":"VIIRS","confidence":"n","version":"2.0NRT","bright_ti5":"296.31","frp":"2.85","daynight":"N","commune":"Fos-sur-Mer","code_insee":"13039","departement":"Bouches-du-Rhône","region":"Provence-Alpes-Côte d'Azur"}},{"type":"Feature","geometry":{"type":"Point","coordinates":[4.88625,43.43261]},"properties":{"latitude":"43.43261","longitude":"4.88625","bright_ti4":"326.99","scan":"0.4","track":"0.37","acq_date":"2026-08-19","acq_time":"145","satellite":"N21","instrument":"VIIRS","confidence":"n","version":"2.0NRT","bright_ti5":"296.19","frp":"2.85","daynight":"N","commune":"Fos-sur-Mer","code_insee":"13039","departement":"Bouches-du-Rhône","region":"Provence-Alpes-Côte d'Azur"}},{"type":"Feature","geometry":{"type":"Point","coordinates":[4.90029,43.44415]},"properties":{"latitude":"43.44415","longitude":"4.90029","bright_ti4":"334.51","scan":"0.4","track":"0.37","acq_date":"2026-08-19","acq_time":"145","satellite":"N21","instrument":"VIIRS","confidence":"n","version":"2.0NRT","bright_ti5":"295.7","frp":"3.64","daynight":"N","commune":"Fos-sur-Mer","code_insee":"13039","departement":"Bouches-du-Rhône","region":"Provence-Alpes-Côte d'Azur"}},{"type":"Feature","geometry":{"type":"Point","coordinates":[4.89544,43.44499]},"properties":{"latitude":"43.44499","longitude":"4.89544","bright_ti4":"309.62","scan":"0.4","track":"0.37","acq_date":"2026-08-19","acq_time":"145","satellite":"N21","instrument":"VIIRS","confidence":"n","version":"2.0NRT","bright_ti5":"294.98","frp":"2.81","daynight":"N","commune":"Fos-sur-Mer","code_insee":"13039","departement":"Bouches-du-Rhône","region":"Provence-Alpes-Côte d'Azur"}},{"type":"Feature","geometry":{"type":"Point","coordinates":[4.89653,43.4483]},"properties":{"latitude":"43.4483","longitude":"4.89653","bright_ti4":"313.68","scan":"0.4","track":"0.37","acq_date":"2026-08-19","acq_time":"145","satellite":"N21","instrument":"VIIRS","confidence":"n","version":"2.0NRT","bright_ti5":"293.51","frp":"1.35","daynight":"N","commune":"Fos-sur-Mer","code_insee":"13039","departement":"Bouches-du-Rhône","region":"Provence-Alpes-Côte d'Azur"}},{"type":"Feature","geometry":{"type":"Point","coordinates":[1.23128,43.98743]},"properties":{"latitude":"43.98743","longitude":"1.23128","bright_ti4":"302.19","scan":"0.4","track":"0.37","acq_date":"2026-08-19","acq_time":"145","satellite":"N21","instrument":"VIIRS","confidence":"n","version":"2.0NRT","bright_ti5":"290.7","frp":"0.57","daynight":"N","commune":"Montech","code_insee":"82125","departement":"Tarn-et-Garonne","region":"Occitanie"}},{"type":"Feature","geometry":{"type":"Point","coordinates":[0.25512,44.20632]},"properties":{"latitude":"44.20632","longitude":"0.25512","bright_ti4":"305.53","scan":"0.42","track":"0.38","acq_date":"2026-08-19","acq_time":"145","satellite":"N21","instrument":"VIIRS","confidence":"n","version":"2.0NRT","bright_ti5":"290.77","frp":"0.93","daynight":"N","commune":"Xaintrailles","code_insee":"47327","departement":"Lot-et-Garonne","region":"Nouvelle-Aquitaine"}},{"type":"Feature","geometry":{"type":"Point","coordinates":[5.81986,45.91119]},"properties":{"latitude":"45.91119","longitude":"5.81986","bright_ti4":"301.37","scan":"0.4","track":"0.37","acq_date":"2026-08-19","acq_time":"145","satellite":"N21","instrument":"VIIRS","confidence":"n","version":"2.0NRT","bright_ti5":"290.41","frp":"0.62","daynight":"N","commune":"Anglefort","code_insee":"01010","departement":"Ain","region":"Auvergne-Rhône-Alpes"}},{"type":"Feature","geometry":{"type":"Point","coordinates":[-0.1425,46.80608]},"properties":{"latitude":"46.80608","longitude":"-0.1425","bright_ti4":"301.14","scan":"0.45","track":"0.39","acq_date":"2026-08-19","acq_time":"145","satellite":"N21","instrument":"VIIRS","confidence":"n","version":"2.0NRT","bright_ti5":"289.68","frp":"1.16","daynight":"N","commune":"Airvault","code_insee":"79005","departement":"Deux-Sèvres","region":"Nouvelle-Aquitaine"}},{"type":"Feature","geometry":{"type":"Point","coordinates":[7.23553,47.62745]},"properties":{"latitude":"47.62745","longitude":"7.23553","bright_ti4":"300.76","scan":"0.41","track":"0.37","acq_date":"2026-08-19","acq_time":"145","satellite":"N21","instrument":"VIIRS","confidence":"n","version":"2.0NRT","bright_ti5":"288.96","frp":"0.81","daynight":"N","commune":"Altkirch","code_insee":"68004","departement":"Haut-Rhin","region":"Grand Est"}},{"type":"Feature","geometry":{"type":"Point","coordinates":[6.10128,49.32465]},"properties":{"latitude":"49.32465","longitude":"6.10128","bright_ti4":"300.3","scan":"0.39","track":"0.36","acq_date":"2026-08-19","acq_time":"145","satellite":"N21","instrument":"VIIRS","confidence":"n","version":"2.0NRT","bright_ti5":"287.08","frp":"1.02","daynight":"N","commune":"Serémange-Erzange","code_insee":"57647","departement":"Moselle","region":"Grand Est"}},{"type":"Feature","geometry":{"type":"Point","coordinates":[5.2402,49.49008]},"properties":{"latitude":"49.49008","longitude":"5.2402","bright_ti4":"316.38","scan":"0.38","track":"0.36","acq_date":"2026-08-19","acq_time":"145","satellite":"N21","instrument":"VIIRS","confidence":"n","version":"2.0NRT","bright_ti5":"287.42","frp":"1.99","daynight":"N","commune":"Baâlon","code_insee":"55025","departement":"Meuse","region":"Grand Est"}},{"type":"Feature","geometry":{"type":"Point","coordinates":[-0.46969,47.45584]},"properties":{"latitude":"47.45584","longitude":"-0.46969","bright_ti4":"299.59","scan":"0.69","track":"0.74","acq_date":"2026-08-19","acq_time":"325","satellite":"N21","instrument":"VIIRS","confidence":"n","version":"2.0NRT","bright_ti5":"285.42","frp":"1.33","daynight":"N","commune":"Trélazé","code_insee":"49353","departement":"Maine-et-Loire","region":"Pays de la Loire"}}]}