{"type":"FeatureCollection","features":[{"type":"Feature","geometry":{"type":"Point","coordinates":[6.96602,48.68955]},"properties":{"latitude":"48.68955","longitude":"6.96602","bright_ti4":"306.73","scan":"0.45","track":"0.39","acq_date":"2026-07-26","acq_time":"130","satellite":"N","instrument":"VIIRS","confidence":"n","version":"2.0NRT","bright_ti5":"288.84","frp":"0.99","daynight":"N","commune":"Héming","code_insee":"57314","departement":"Moselle","region":"Grand Est"}},{"type":"Feature","geometry":{"type":"Point","coordinates":[1.76263,48.98541]},"properties":{"latitude":"48.98541","longitude":"1.76263","bright_ti4":"308.33","scan":"0.48","track":"0.48","acq_date":"2026-07-26","acq_time":"130","satellite":"N","instrument":"VIIRS","confidence":"n","version":"2.0NRT","bright_ti5":"287.72","frp":"1.74","daynight":"N","commune":"Porcheville","code_insee":"78501","departement":"Yvelines","region":"Île-de-France"}},{"type":"Feature","geometry":{"type":"Point","coordinates":[3.49108,50.33943]},"properties":{"latitude":"50.33943","longitude":"3.49108","bright_ti4":"300.2","scan":"0.42","track":"0.45","acq_date":"2026-07-26","acq_time":"130","satellite":"N","instrument":"VIIRS","confidence":"n","version":"2.0NRT","bright_ti5":"287.46","frp":"1.09","daynight":"N","commune":"Trith-Saint-Léger","code_insee":"59603","departement":"Nord","region":"Hauts-de-France"}},{"type":"Feature","geometry":{"type":"Point","coordinates":[2.26121,42.49156]},"properties":{"latitude":"42.49156","longitude":"2.26121","bright_ti4":"315.35","scan":"0.39","track":"0.44","acq_date":"2026-07-26","acq_time":"132","satellite":"N","instrument":"VIIRS","confidence":"n","version":"2.0NRT","bright_ti5":"280.32","frp":"1.44","daynight":"N","commune":"Nyer","code_insee":"66123","departement":"Pyrénées-Orientales","region":"Occitanie"}},{"type":"Feature","geometry":{"type":"Point","coordinates":[9.39823,42.62926]},"properties":{"latitude":"42.62926","longitude":"9.39823","bright_ti4":"308.66","scan":"0.38","track":"0.36","acq_date":"2026-07-26","acq_time":"132","satellite":"N","instrument":"VIIRS","confidence":"n","version":"2.0NRT","bright_ti5":"291.73","frp":"1.59","daynight":"N","commune":"Oletta","code_insee":"2B185","departement":"Haute-Corse","region":"Corse"}},{"type":"Feature","geometry":{"type":"Point","coordinates":[4.87836,43.44358]},"properties":{"latitude":"43.44358","longitude":"4.87836","bright_ti4":"328.95","scan":"0.46","track":"0.39","acq_date":"2026-07-26","acq_time":"132","satellite":"N","instrument":"VIIRS","confidence":"n","version":"2.0NRT","bright_ti5":"292.69","frp":"5.72","daynight":"N","commune":"Fos-sur-Mer","code_insee":"13039","departement":"Bouches-du-Rhône","region":"Provence-Alpes-Côte d'Azur"}},{"type":"Feature","geometry":{"type":"Point","coordinates":[6.02792,43.52262]},"properties":{"latitude":"43.52262","longitude":"6.02792","bright_ti4":"308.65","scan":"0.43","track":"0.38","acq_date":"2026-07-26","acq_time":"132","satellite":"N","instrument":"VIIRS","confidence":"n","version":"2.0NRT","bright_ti5":"288.45","frp":"1.02","daynight":"N","commune":"Châteauvert","code_insee":"83039","departement":"Var","region":"Provence-Alpes-Côte d'Azur"}},{"type":"Feature","geometry":{"type":"Point","coordinates":[6.02249,43.52333]},"properties":{"latitude":"43.52333","longitude":"6.02249","bright_ti4":"308.92","scan":"0.43","track":"0.38","acq_date":"2026-07-26","acq_time":"132","satellite":"N","instrument":"VIIRS","confidence":"n","version":"2.0NRT","bright_ti5":"288.87","frp":"1.02","daynight":"N","commune":"Barjols","code_insee":"83012","departement":"Var","region":"Provence-Alpes-Côte d'Azur"}},{"type":"Feature","geometry":{"type":"Point","coordinates":[6.00313,43.53302]},"properties":{"latitude":"43.53302","longitude":"6.00313","bright_ti4":"310.18","scan":"0.43","track":"0.38","acq_date":"2026-07-26","acq_time":"132","satellite":"N","instrument":"VIIRS","confidence":"n","version":"2.0NRT","bright_ti5":"289.13","frp":"1.42","daynight":"N","commune":"Barjols","code_insee":"83012","departement":"Var","region":"Provence-Alpes-Côte d'Azur"}},{"type":"Feature","geometry":{"type":"Point","coordinates":[6.02518,43.53374]},"properties":{"latitude":"43.53374","longitude":"6.02518","bright_ti4":"299.38","scan":"0.43","track":"0.38","acq_date":"2026-07-26","acq_time":"132","satellite":"N","instrument":"VIIRS","confidence":"n","version":"2.0NRT","bright_ti5":"288.66","frp":"0.41","daynight":"N","commune":"Barjols","code_insee":"83012","departement":"Var","region":"Provence-Alpes-Côte d'Azur"}},{"type":"Feature","geometry":{"type":"Point","coordinates":[5.98546,43.54607]},"properties":{"latitude":"43.54607","longitude":"5.98546","bright_ti4":"300.79","scan":"0.43","track":"0.38","acq_date":"2026-07-26","acq_time":"132","satellite":"N","instrument":"VIIRS","confidence":"n","version":"2.0NRT","bright_ti5":"288.83","frp":"1.05","daynight":"N","commune":"Barjols","code_insee":"83012","departement":"Var","region":"Provence-Alpes-Côte d'Azur"}},{"type":"Feature","geometry":{"type":"Point","coordinates":[5.98446,43.54622]},"properties":{"latitude":"43.54622","longitude":"5.98446","bright_ti4":"302.5","scan":"0.43","track":"0.38","acq_date":"2026-07-26","acq_time":"132","satellite":"N","instrument":"VIIRS","confidence":"n","version":"2.0NRT","bright_ti5":"288.77","frp":"1.62","daynight":"N","commune":"Barjols","code_insee":"83012","departement":"Var","region":"Provence-Alpes-Côte d'Azur"}},{"type":"Feature","geometry":{"type":"Point","coordinates":[5.98013,43.54675]},"properties":{"latitude":"43.54675","longitude":"5.98013","bright_ti4":"302.51","scan":"0.43","track":"0.38","acq_date":"2026-07-26","acq_time":"132","satellite":"N","instrument":"VIIRS","confidence":"n","version":"2.0NRT","bright_ti5":"288.83","frp":"1.05","daynight":"N","commune":"Barjols","code_insee":"83012","departement":"Var","region":"Provence-Alpes-Côte d'Azur"}},{"type":"Feature","geometry":{"type":"Point","coordinates":[5.97914,43.54691]},"properties":{"latitude":"43.54691","longitude":"5.97914","bright_ti4":"301.9","scan":"0.43","track":"0.38","acq_date":"2026-07-26","acq_time":"132","satellite":"N","instrument":"VIIRS","confidence":"n","version":"2.0NRT","bright_ti5":"288.68","frp":"1.06","daynight":"N","commune":"Barjols","code_insee":"83012","departement":"Var","region":"Provence-Alpes-Côte d'Azur"}},{"type":"Feature","geometry":{"type":"Point","coordinates":[5.98635,43.54955]},"properties":{"latitude":"43.54955","longitude":"5.98635","bright_ti4":"328.36","scan":"0.43","track":"0.38","acq_date":"2026-07-26","acq_time":"132","satellite":"N","instrument":"VIIRS","confidence":"n","version":"2.0NRT","bright_ti5":"288.65","frp":"1.05","daynight":"N","commune":"Barjols","code_insee":"83012","departement":"Var","region":"Provence-Alpes-Côte d'Azur"}},{"type":"Feature","geometry":{"type":"Point","coordinates":[5.98535,43.54969]},"properties":{"latitude":"43.54969","longitude":"5.98535","bright_ti4":"326.2","scan":"0.43","track":"0.38","acq_date":"2026-07-26","acq_time":"132","satellite":"N","instrument":"VIIRS","confidence":"n","version":"2.0NRT","bright_ti5":"288.55","frp":"1.62","daynight":"N","commune":"Barjols","code_insee":"83012","departement":"Var","region":"Provence-Alpes-Côte d'Azur"}},{"type":"Feature","geometry":{"type":"Point","coordinates":[5.98107,43.55022]},"properties":{"latitude":"43.55022","longitude":"5.98107","bright_ti4":"298.59","scan":"0.43","track":"0.38","acq_date":"2026-07-26","acq_time":"132","satellite":"N","instrument":"VIIRS","confidence":"n","version":"2.0NRT","bright_ti5":"288.05","frp":"1.05","daynight":"N","commune":"Barjols","code_insee":"83012","departement":"Var","region":"Provence-Alpes-Côte d'Azur"}},{"type":"Feature","geometry":{"type":"Point","coordinates":[5.97574,43.5509]},"properties":{"latitude":"43.5509","longitude":"5.97574","bright_ti4":"301.03","scan":"0.43","track":"0.38","acq_date":"2026-07-26","acq_time":"132","satellite":"N","instrument":"VIIRS","confidence":"n","version":"2.0NRT","bright_ti5":"288.8","frp":"1.16","daynight":"N","commune":"Barjols","code_insee":"83012","departement":"Var","region":"Provence-Alpes-Côte d'Azur"}},{"type":"Feature","geometry":{"type":"Point","coordinates":[5.97475,43.55108]},"properties":{"latitude":"43.55108","longitude":"5.97475","bright_ti4":"303.42","scan":"0.43","track":"0.38","acq_date":"2026-07-26","acq_time":"132","satellite":"N","instrument":"VIIRS","confidence":"n","version":"2.0NRT","bright_ti5":"288.44","frp":"1.06","daynight":"N","commune":"Barjols","code_insee":"83012","departement":"Var","region":"Provence-Alpes-Côte d'Azur"}},{"type":"Feature","geometry":{"type":"Point","coordinates":[-0.84102,44.72462]},"properties":{"latitude":"44.72462","longitude":"-0.84102","bright_ti4":"298.23","scan":"0.57","track":"0.52","acq_date":"2026-07-26","acq_time":"132","satellite":"N","instrument":"VIIRS","confidence":"n","version":"2.0NRT","bright_ti5":"282.54","frp":"7.12","daynight":"N","commune":"Marcheprime","code_insee":"33555","departement":"Gironde","region":"Nouvelle-Aquitaine"}},{"type":"Feature","geometry":{"type":"Point","coordinates":[-0.85584,44.7256]},"properties":{"latitude":"44.7256","longitude":"-0.85584","bright_ti4":"305.07","scan":"0.58","track":"0.52","acq_date":"2026-07-26","acq_time":"132","satellite":"N","instrument":"VIIRS","confidence":"n","version":"2.0NRT","bright_ti5":"284.15","frp":"6.37","daynight":"N","commune":"Audenge","code_insee":"33019","departement":"Gironde","region":"Nouvelle-Aquitaine"}},{"type":"Feature","geometry":{"type":"Point","coordinates":[-0.86325,44.72609]},"properties":{"latitude":"44.72609","longitude":"-0.86325","bright_ti4":"308.89","scan":"0.58","track":"0.52","acq_date":"2026-07-26","acq_time":"132","satellite":"N","instrument":"VIIRS","confidence":"n","version":"2.0NRT","bright_ti5":"283.37","frp":"6.29","daynight":"N","commune":"Audenge","code_insee":"33019","departement":"Gironde","region":"Nouvelle-Aquitaine"}},{"type":"Feature","geometry":{"type":"Point","coordinates":[-0.81949,44.72636]},"properties":{"latitude":"44.72636","longitude":"-0.81949","bright_ti4":"295.67","scan":"0.57","track":"0.52","acq_date":"2026-07-26","acq_time":"132","satellite":"N","instrument":"VIIRS","confidence":"n","version":"2.0NRT","bright_ti5":"283.27","frp":"0.81","daynight":"N","commune":"Cestas","code_insee":"33122","departement":"Gironde","region":"Nouvelle-Aquitaine"}},{"type":"Feature","geometry":{"type":"Point","coordinates":[-0.8269,44.72681]},"properties":{"latitude":"44.72681","longitude":"-0.8269","bright_ti4":"301.91","scan":"0.57","track":"0.52","acq_date":"2026-07-26","acq_time":"132","satellite":"N","instrument":"VIIRS","confidence":"n","version":"2.0NRT","bright_ti5":"281.91","frp":"2.26","daynight":"N","commune":"Cestas","code_insee":"33122","departement":"Gironde","region":"Nouvelle-Aquitaine"}},{"type":"Feature","geometry":{"type":"Point","coordinates":[-0.83429,44.72726]},"properties":{"latitude":"44.72726","longitude":"-0.83429","bright_ti4":"307.52","scan":"0.57","track":"0.52","acq_date":"2026-07-26","acq_time":"132","satellite":"N","instrument":"VIIRS","confidence":"n","version":"2.0NRT","bright_ti5":"282.23","frp":"2.26","daynight":"N","commune":"Marcheprime","code_insee":"33555","departement":"Gironde","region":"Nouvelle-Aquitaine"}},{"type":"Feature","geometry":{"type":"Point","coordinates":[-0.84171,44.72771]},"properties":{"latitude":"44.72771","longitude":"-0.84171","bright_ti4":"334.37","scan":"0.57","track":"0.52","acq_date":"2026-07-26","acq_time":"132","satellite":"N","instrument":"VIIRS","confidence":"n","version":"2.0NRT","bright_ti5":"283.65","frp":"6.15","daynight":"N","commune":"Marcheprime","code_insee":"33555","departement":"Gironde","region":"Nouvelle-Aquitaine"}},{"type":"Feature","geometry":{"type":"Point","coordinates":[-0.84913,44.72816]},"properties":{"latitude":"44.72816","longitude":"-0.84913","bright_ti4":"305.85","scan":"0.58","track":"0.52","acq_date":"2026-07-26","acq_time":"132","satellite":"N","instrument":"VIIRS","confidence":"n","version":"2.0NRT","bright_ti5":"282.56","frp":"6.15","daynight":"N","commune":"Audenge","code_insee":"33019","departement":"Gironde","region":"Nouvelle-Aquitaine"}},{"type":"Feature","geometry":{"type":"Point","coordinates":[-0.82559,44.72848]},"properties":{"latitude":"44.72848","longitude":"-0.82559","bright_ti4":"330.15","scan":"0.57","track":"0.52","acq_date":"2026-07-26","acq_time":"132","satellite":"N","instrument":"VIIRS","confidence":"n","version":"2.0NRT","bright_ti5":"284.84","frp":"6.75","daynight":"N","commune":"Cestas","code_insee":"33122","departement":"Gironde","region":"Nouvelle-Aquitaine"}},{"type":"Feature","geometry":{"type":"Point","coordinates":[-0.85655,44.72861]},"properties":{"latitude":"44.72861","longitude":"-0.85655","bright_ti4":"339.88","scan":"0.58","track":"0.52","acq_date":"2026-07-26","acq_time":"132","satellite":"N","instrument":"VIIRS","confidence":"n","version":"2.0NRT","bright_ti5":"286.22","frp":"6.66","daynight":"N","commune":"Audenge","code_insee":"33019","departement":"Gironde","region":"Nouvelle-Aquitaine"}},{"type":"Feature","geometry":{"type":"Point","coordinates":[-0.83299,44.72897]},"properties":{"latitude":"44.72897","longitude":"-0.83299","bright_ti4":"330.53","scan":"0.57","track":"0.52","acq_date":"2026-07-26","acq_time":"132","satellite":"N","instrument":"VIIRS","confidence":"n","version":"2.0NRT","bright_ti5":"284.6","frp":"7.12","daynight":"N","commune":"Marcheprime","code_insee":"33555","departement":"Gironde","region":"Nouvelle-Aquitaine"}},{"type":"Feature","geometry":{"type":"Point","coordinates":[-0.86398,44.72906]},"properties":{"latitude":"44.72906","longitude":"-0.86398","bright_ti4":"317.14","scan":"0.58","track":"0.52","acq_date":"2026-07-26","acq_time":"132","satellite":"N","instrument":"VIIRS","confidence":"n","version":"2.0NRT","bright_ti5":"283.16","frp":"6.66","daynight":"N","commune":"Audenge","code_insee":"33019","departement":"Gironde","region":"Nouvelle-Aquitaine"}},{"type":"Feature","geometry":{"type":"Point","coordinates":[-0.84038,44.72947]},"properties":{"latitude":"44.72947","longitude":"-0.84038","bright_ti4":"349.22","scan":"0.57","track":"0.52","acq_date":"2026-07-26","acq_time":"132","satellite":"N","instrument":"VIIRS","confidence":"n","version":"2.0NRT","bright_ti5":"287.48","frp":"7.12","daynight":"N","commune":"Audenge","code_insee":"33019","departement":"Gironde","region":"Nouvelle-Aquitaine"}},{"type":"Feature","geometry":{"type":"Point","coordinates":[-0.87144,44.72952]},"properties":{"latitude":"44.72952","longitude":"-0.87144","bright_ti4":"336.12","scan":"0.58","track":"0.52","acq_date":"2026-07-26","acq_time":"132","satellite":"N","instrument":"VIIRS","confidence":"n","version":"2.0NRT","bright_ti5":"285.53","frp":"5.54","daynight":"N","commune":"Audenge","code_insee":"33019","departement":"Gironde","region":"Nouvelle-Aquitaine"}},{"type":"Feature","geometry":{"type":"Point","coordinates":[-0.84781,44.72996]},"properties":{"latitude":"44.72996","longitude":"-0.84781","bright_ti4":"326.09","scan":"0.57","track":"0.52","acq_date":"2026-07-26","acq_time":"132","satellite":"N","instrument":"VIIRS","confidence":"n","version":"2.0NRT","bright_ti5":"285.3","frp":"6.37","daynight":"N","commune":"Audenge","code_insee":"33019","departement":"Gironde","region":"Nouvelle-Aquitaine"}},{"type":"Feature","geometry":{"type":"Point","coordinates":[-0.87892,44.72997]},"properties":{"latitude":"44.72997","longitude":"-0.87892","bright_ti4":"311.1","scan":"0.58","track":"0.52","acq_date":"2026-07-26","acq_time":"132","satellite":"N","instrument":"VIIRS","confidence":"n","version":"2.0NRT","bright_ti5":"285.21","frp":"5.54","daynight":"N","commune":"Audenge","code_insee":"33019","departement":"Gironde","region":"Nouvelle-Aquitaine"}},{"type":"Feature","geometry":{"type":"Point","coordinates":[-0.85521,44.73045]},"properties":{"latitude":"44.73045","longitude":"-0.85521","bright_ti4":"339.61","scan":"0.58","track":"0.52","acq_date":"2026-07-26","acq_time":"132","satellite":"N","instrument":"VIIRS","confidence":"n","version":"2.0NRT","bright_ti5":"286.17","frp":"6.37","daynight":"N","commune":"Audenge","code_insee":"33019","departement":"Gironde","region":"Nouvelle-Aquitaine"}},{"type":"Feature","geometry":{"type":"Point","coordinates":[-0.86262,44.73094]},"properties":{"latitude":"44.73094","longitude":"-0.86262","bright_ti4":"312.78","scan":"0.58","track":"0.52","acq_date":"2026-07-26","acq_time":"132","satellite":"N","instrument":"VIIRS","confidence":"n","version":"2.0NRT","bright_ti5":"282.9","frp":"6.29","daynight":"N","commune":"Audenge","code_insee":"33019","departement":"Gironde","region":"Nouvelle-Aquitaine"}},{"type":"Feature","geometry":{"type":"Point","coordinates":[-0.81884,44.7312]},"properties":{"latitude":"44.7312","longitude":"-0.81884","bright_ti4":"337.23","scan":"0.57","track":"0.52","acq_date":"2026-07-26","acq_time":"132","satellite":"N","instrument":"VIIRS","confidence":"n","version":"2.0NRT","bright_ti5":"285.59","frp":"11.32","daynight":"N","commune":"Cestas","code_insee":"33122","departement":"Gironde","region":"Nouvelle-Aquitaine"}},{"type":"Feature","geometry":{"type":"Point","coordinates":[-0.87007,44.73143]},"properties":{"latitude":"44.73143","longitude":"-0.87007","bright_ti4":"347.58","scan":"0.58","track":"0.52","acq_date":"2026-07-26","acq_time":"132","satellite":"N","instrument":"VIIRS","confidence":"n","version":"2.0NRT","bright_ti5":"288.22","frp":"6.29","daynight":"N","commune":"Audenge","code_insee":"33019","departement":"Gironde","region":"Nouvelle-Aquitaine"}},{"type":"Feature","geometry":{"type":"Point","coordinates":[-0.82626,44.73166]},"properties":{"latitude":"44.73166","longitude":"-0.82626","bright_ti4":"355.55","scan":"0.57","track":"0.52","acq_date":"2026-07-26","acq_time":"132","satellite":"N","instrument":"VIIRS","confidence":"n","version":"2.0NRT","bright_ti5":"301.71","frp":"38.38","daynight":"N","commune":"Cestas","code_insee":"33122","departement":"Gironde","region":"Nouvelle-Aquitaine"}},{"type":"Feature","geometry":{"type":"Point","coordinates":[-0.87753,44.73192]},"properties":{"latitude":"44.73192","longitude":"-0.87753","bright_ti4":"344.71","scan":"0.58","track":"0.52","acq_date":"2026-07-26","acq_time":"132","satellite":"N","instrument":"VIIRS","confidence":"n","version":"2.0NRT","bright_ti5":"287.82","frp":"8.05","daynight":"N","commune":"Audenge","code_insee":"33019","departement":"Gironde","region":"Nouvelle-Aquitaine"}},{"type":"Feature","geometry":{"type":"Point","coordinates":[-0.83366,44.73211]},"properties":{"latitude":"44.73211","longitude":"-0.83366","bright_ti4":"355.76","scan":"0.57","track":"0.52","acq_date":"2026-07-26","acq_time":"132","satellite":"N","instrument":"VIIRS","confidence":"n","version":"2.0NRT","bright_ti5":"294.49","frp":"38.38","daynight":"N","commune":"Marcheprime","code_insee":"33555","departement":"Gironde","region":"Nouvelle-Aquitaine"}},{"type":"Feature","geometry":{"type":"Point","coordinates":[-0.88499,44.73242]},"properties":{"latitude":"44.73242","longitude":"-0.88499","bright_ti4":"315.37","scan":"0.58","track":"0.52","acq_date":"2026-07-26","acq_time":"132","satellite":"N","instrument":"VIIRS","confidence":"n","version":"2.0NRT","bright_ti5":"285.3","frp":"8.05","daynight":"N","commune":"Audenge","code_insee":"33019","departement":"Gironde","region":"Nouvelle-Aquitaine"}},{"type":"Feature","geometry":{"type":"Point","coordinates":[-0.84108,44.73256]},"properties":{"latitude":"44.73256","longitude":"-0.84108","bright_ti4":"367","scan":"0.57","track":"0.52","acq_date":"2026-07-26","acq_time":"132","satellite":"N","instrument":"VIIRS","confidence":"h","version":"2.0NRT","bright_ti5":"297.22","frp":"11.7","daynight":"N","commune":"Audenge","code_insee":"33019","departement":"Gironde","region":"Nouvelle-Aquitaine"}},{"type":"Feature","geometry":{"type":"Point","coordinates":[-0.81758,44.73283]},"properties":{"latitude":"44.73283","longitude":"-0.81758","bright_ti4":"320.55","scan":"0.57","track":"0.52","acq_date":"2026-07-26","acq_time":"132","satellite":"N","instrument":"VIIRS","confidence":"n","version":"2.0NRT","bright_ti5":"285.04","frp":"35.58","daynight":"N","commune":"Cestas","code_insee":"33122","departement":"Gironde","region":"Nouvelle-Aquitaine"}},{"type":"Feature","geometry":{"type":"Point","coordinates":[-0.84851,44.73301]},"properties":{"latitude":"44.73301","longitude":"-0.84851","bright_ti4":"321","scan":"0.58","track":"0.52","acq_date":"2026-07-26","acq_time":"132","satellite":"N","instrument":"VIIRS","confidence":"n","version":"2.0NRT","bright_ti5":"287.43","frp":"11.7","daynight":"N","commune":"Audenge","code_insee":"33019","departement":"Gironde","region":"Nouvelle-Aquitaine"}},{"type":"Feature","geometry":{"type":"Point","coordinates":[-0.82498,44.73332]},"properties":{"latitude":"44.73332","longitude":"-0.82498","bright_ti4":"349.59","scan":"0.57","track":"0.52","acq_date":"2026-07-26","acq_time":"132","satellite":"N","instrument":"VIIRS","confidence":"n","version":"2.0NRT","bright_ti5":"307.8","frp":"35.58","daynight":"N","commune":"Cestas","code_insee":"33122","departement":"Gironde","region":"Nouvelle-Aquitaine"}},{"type":"Feature","geometry":{"type":"Point","coordinates":[-0.85592,44.73346]},"properties":{"latitude":"44.73346","longitude":"-0.85592","bright_ti4":"324.85","scan":"0.58","track":"0.52","acq_date":"2026-07-26","acq_time":"132","satellite":"N","instrument":"VIIRS","confidence":"n","version":"2.0NRT","bright_ti5":"283.81","frp":"3.44","daynight":"N","commune":"Audenge","code_insee":"33019","departement":"Gironde","region":"Nouvelle-Aquitaine"}},{"type":"Feature","geometry":{"type":"Point","coordinates":[-0.83238,44.73381]},"properties":{"latitude":"44.73381","longitude":"-0.83238","bright_ti4":"367","scan":"0.57","track":"0.52","acq_date":"2026-07-26","acq_time":"132","satellite":"N","instrument":"VIIRS","confidence":"h","version":"2.0NRT","bright_ti5":"298.88","frp":"21.97","daynight":"N","commune":"Cestas","code_insee":"33122","departement":"Gironde","region":"Nouvelle-Aquitaine"}},{"type":"Feature","geometry":{"type":"Point","coordinates":[-0.86335,44.73391]},"properties":{"latitude":"44.73391","longitude":"-0.86335","bright_ti4":"308.09","scan":"0.58","track":"0.52","acq_date":"2026-07-26","acq_time":"132","satellite":"N","instrument":"VIIRS","confidence":"n","version":"2.0NRT","bright_ti5":"283.35","frp":"3.44","daynight":"N","commune":"Audenge","code_insee":"33019","departement":"Gironde","region":"Nouvelle-Aquitaine"}},{"type":"Feature","geometry":{"type":"Point","coordinates":[-0.83978,44.73431]},"properties":{"latitude":"44.73431","longitude":"-0.83978","bright_ti4":"367","scan":"0.57","track":"0.52","acq_date":"2026-07-26","acq_time":"132","satellite":"N","instrument":"VIIRS","confidence":"h","version":"2.0NRT","bright_ti5":"297.47","frp":"21.97","daynight":"N","commune":"Audenge","code_insee":"33019","departement":"Gironde","region":"Nouvelle-Aquitaine"}},{"type":"Feature","geometry":{"type":"Point","coordinates":[-0.8708,44.73437]},"properties":{"latitude":"44.73437","longitude":"-0.8708","bright_ti4":"331.93","scan":"0.58","track":"0.52","acq_date":"2026-07-26","acq_time":"132","satellite":"N","instrument":"VIIRS","confidence":"n","version":"2.0NRT","bright_ti5":"286.39","frp":"6.11","daynight":"N","commune":"Audenge","code_insee":"33019","departement":"Gironde","region":"Nouvelle-Aquitaine"}},{"type":"Feature","geometry":{"type":"Point","coordinates":[-0.8472,44.7348]},"properties":{"latitude":"44.7348","longitude":"-0.8472","bright_ti4":"323.41","scan":"0.57","track":"0.52","acq_date":"2026-07-26","acq_time":"132","satellite":"N","instrument":"VIIRS","confidence":"n","version":"2.0NRT","bright_ti5":"288.41","frp":"4.27","daynight":"N","commune":"Audenge","code_insee":"33019","departement":"Gironde","region":"Nouvelle-Aquitaine"}},{"type":"Feature","geometry":{"type":"Point","coordinates":[-0.87827,44.73482]},"properties":{"latitude":"44.73482","longitude":"-0.87827","bright_ti4":"344.4","scan":"0.58","track":"0.52","acq_date":"2026-07-26","acq_time":"132","satellite":"N","instrument":"VIIRS","confidence":"n","version":"2.0NRT","bright_ti5":"290.17","frp":"6.11","daynight":"N","commune":"Audenge","code_insee":"33019","departement":"Gironde","region":"Nouvelle-Aquitaine"}},{"type":"Feature","geometry":{"type":"Point","coordinates":[-0.88574,44.73528]},"properties":{"latitude":"44.73528","longitude":"-0.88574","bright_ti4":"348.93","scan":"0.58","track":"0.52","acq_date":"2026-07-26","acq_time":"132","satellite":"N","instrument":"VIIRS","confidence":"n","version":"2.0NRT","bright_ti5":"291.13","frp":"12.76","daynight":"N","commune":"Audenge","code_insee":"33019","departement":"Gironde","region":"Nouvelle-Aquitaine"}},{"type":"Feature","geometry":{"type":"Point","coordinates":[-0.85461,44.7353]},"properties":{"latitude":"44.7353","longitude":"-0.85461","bright_ti4":"319.93","scan":"0.58","track":"0.52","acq_date":"2026-07-26","acq_time":"132","satellite":"N","instrument":"VIIRS","confidence":"n","version":"2.0NRT","bright_ti5":"284.94","frp":"4.27","daynight":"N","commune":"Audenge","code_insee":"33019","departement":"Gironde","region":"Nouvelle-Aquitaine"}},{"type":"Feature","geometry":{"type":"Point","coordinates":[-0.8932,44.73573]},"properties":{"latitude":"44.73573","longitude":"-0.8932","bright_ti4":"342.03","scan":"0.58","track":"0.52","acq_date":"2026-07-26","acq_time":"132","satellite":"N","instrument":"VIIRS","confidence":"n","version":"2.0NRT","bright_ti5":"287.58","frp":"12.76","daynight":"N","commune":"Audenge","code_insee":"33019","departement":"Gironde","region":"Nouvelle-Aquitaine"}},{"type":"Feature","geometry":{"type":"Point","coordinates":[-0.86201,44.73579]},"properties":{"latitude":"44.73579","longitude":"-0.86201","bright_ti4":"304.7","scan":"0.58","track":"0.52","acq_date":"2026-07-26","acq_time":"132","satellite":"N","instrument":"VIIRS","confidence":"n","version":"2.0NRT","bright_ti5":"284.67","frp":"3.38","daynight":"N","commune":"Audenge","code_insee":"33019","departement":"Gironde","region":"Nouvelle-Aquitaine"}},{"type":"Feature","geometry":{"type":"Point","coordinates":[-0.81823,44.73604]},"properties":{"latitude":"44.73604","longitude":"-0.81823","bright_ti4":"320.06","scan":"0.57","track":"0.52","acq_date":"2026-07-26","acq_time":"132","satellite":"N","instrument":"VIIRS","confidence":"n","version":"2.0NRT","bright_ti5":"284.9","frp":"11.32","daynight":"N","commune":"Cestas","code_insee":"33122","departement":"Gironde","region":"Nouvelle-Aquitaine"}},{"type":"Feature","geometry":{"type":"Point","coordinates":[-0.90067,44.73618]},"properties":{"latitude":"44.73618","longitude":"-0.90067","bright_ti4":"315.39","scan":"0.58","track":"0.52","acq_date":"2026-07-26","acq_time":"132","satellite":"N","instrument":"VIIRS","confidence":"n","version":"2.0NRT","bright_ti5":"285.39","frp":"4.44","daynight":"N","commune":"Audenge","code_insee":"33019","departement":"Gironde","region":"Nouvelle-Aquitaine"}},{"type":"Feature","geometry":{"type":"Point","coordinates":[-0.86945,44.73628]},"properties":{"latitude":"44.73628","longitude":"-0.86945","bright_ti4":"309.01","scan":"0.58","track":"0.52","acq_date":"2026-07-26","acq_time":"132","satellite":"N","instrument":"VIIRS","confidence":"n","version":"2.0NRT","bright_ti5":"284.94","frp":"3.38","daynight":"N","commune":"Audenge","code_insee":"33019","departement":"Gironde","region":"Nouvelle-Aquitaine"}},{"type":"Feature","geometry":{"type":"Point","coordinates":[-0.82563,44.7365]},"properties":{"latitude":"44.7365","longitude":"-0.82563","bright_ti4":"367","scan":"0.57","track":"0.52","acq_date":"2026-07-26","acq_time":"132","satellite":"N","instrument":"VIIRS","confidence":"h","version":"2.0NRT","bright_ti5":"294.14","frp":"38.38","daynight":"N","commune":"Cestas","code_insee":"33122","departement":"Gironde","region":"Nouvelle-Aquitaine"}},{"type":"Feature","geometry":{"type":"Point","coordinates":[-0.87689,44.73677]},"properties":{"latitude":"44.73677","longitude":"-0.87689","bright_ti4":"327.09","scan":"0.58","track":"0.52","acq_date":"2026-07-26","acq_time":"132","satellite":"N","instrument":"VIIRS","confidence":"n","version":"2.0NRT","bright_ti5":"287.03","frp":"9.47","daynight":"N","commune":"Audenge","code_insee":"33019","departement":"Gironde","region":"Nouvelle-Aquitaine"}},{"type":"Feature","geometry":{"type":"Point","coordinates":[-0.83304,44.73695]},"properties":{"latitude":"44.73695","longitude":"-0.83304","bright_ti4":"352.58","scan":"0.57","track":"0.52","acq_date":"2026-07-26","acq_time":"132","satellite":"N","instrument":"VIIRS","confidence":"n","version":"2.0NRT","bright_ti5":"291.67","frp":"38.38","daynight":"N","commune":"Cestas","code_insee":"33122","departement":"Gironde","region":"Nouvelle-Aquitaine"}},{"type":"Feature","geometry":{"type":"Point","coordinates":[-0.88434,44.73727]},"properties":{"latitude":"44.73727","longitude":"-0.88434","bright_ti4":"344.59","scan":"0.58","track":"0.52","acq_date":"2026-07-26","acq_time":"132","satellite":"N","instrument":"VIIRS","confidence":"n","version":"2.0NRT","bright_ti5":"290.65","frp":"9.47","daynight":"N","commune":"Audenge","code_insee":"33019","departement":"Gironde","region":"Nouvelle-Aquitaine"}},{"type":"Feature","geometry":{"type":"Point","coordinates":[-0.84047,44.73741]},"properties":{"latitude":"44.73741","longitude":"-0.84047","bright_ti4":"347.75","scan":"0.57","track":"0.52","acq_date":"2026-07-26","acq_time":"132","satellite":"N","instrument":"VIIRS","confidence":"n","version":"2.0NRT","bright_ti5":"291.52","frp":"11.7","daynight":"N","commune":"Audenge","code_insee":"33019","departement":"Gironde","region":"Nouvelle-Aquitaine"}},{"type":"Feature","geometry":{"type":"Point","coordinates":[-0.89179,44.73776]},"properties":{"latitude":"44.73776","longitude":"-0.89179","bright_ti4":"344.42","scan":"0.58","track":"0.52","acq_date":"2026-07-26","acq_time":"132","satellite":"N","instrument":"VIIRS","confidence":"n","version":"2.0NRT","bright_ti5":"290.24","frp":"9.28","daynight":"N","commune":"Audenge","code_insee":"33019","departement":"Gironde","region":"Nouvelle-Aquitaine"}},{"type":"Feature","geometry":{"type":"Point","coordinates":[-0.84789,44.73786]},"properties":{"latitude":"44.73786","longitude":"-0.84789","bright_ti4":"318.8","scan":"0.58","track":"0.52","acq_date":"2026-07-26","acq_time":"132","satellite":"N","instrument":"VIIRS","confidence":"n","version":"2.0NRT","bright_ti5":"287.72","frp":"11.7","daynight":"N","commune":"Audenge","code_insee":"33019","departement":"Gironde","region":"Nouvelle-Aquitaine"}},{"type":"Feature","geometry":{"type":"Point","coordinates":[-0.82436,44.73816]},"properties":{"latitude":"44.73816","longitude":"-0.82436","bright_ti4":"311.55","scan":"0.57","track":"0.52","acq_date":"2026-07-26","acq_time":"132","satellite":"N","instrument":"VIIRS","confidence":"n","version":"2.0NRT","bright_ti5":"284.48","frp":"35.58","daynight":"N","commune":"Cestas","code_insee":"33122","departement":"Gironde","region":"Nouvelle-Aquitaine"}},{"type":"Feature","geometry":{"type":"Point","coordinates":[-0.89925,44.73826]},"properties":{"latitude":"44.73826","longitude":"-0.89925","bright_ti4":"338.49","scan":"0.58","track":"0.52","acq_date":"2026-07-26","acq_time":"132","satellite":"N","instrument":"VIIRS","confidence":"n","version":"2.0NRT","bright_ti5":"288.15","frp":"9.28","daynight":"N","commune":"Audenge","code_insee":"33019","departement":"Gironde","region":"Nouvelle-Aquitaine"}},{"type":"Feature","geometry":{"type":"Point","coordinates":[-0.8553,44.73831]},"properties":{"latitude":"44.73831","longitude":"-0.8553","bright_ti4":"308.08","scan":"0.58","track":"0.52","acq_date":"2026-07-26","acq_time":"132","satellite":"N","instrument":"VIIRS","confidence":"n","version":"2.0NRT","bright_ti5":"287.41","frp":"3.44","daynight":"N","commune":"Audenge","code_insee":"33019","departement":"Gironde","region":"Nouvelle-Aquitaine"}},{"type":"Feature","geometry":{"type":"Point","coordinates":[-0.83176,44.73866]},"properties":{"latitude":"44.73866","longitude":"-0.83176","bright_ti4":"318.77","scan":"0.57","track":"0.52","acq_date":"2026-07-26","acq_time":"132","satellite":"N","instrument":"VIIRS","confidence":"n","version":"2.0NRT","bright_ti5":"285.06","frp":"21.97","daynight":"N","commune":"Saint-Jean-d'Illac","code_insee":"33422","departement":"Gironde","region":"Nouvelle-Aquitaine"}},{"type":"Feature","geometry":{"type":"Point","coordinates":[-0.90675,44.73875]},"properties":{"latitude":"44.73875","longitude":"-0.90675","bright_ti4":"310.09","scan":"0.58","track":"0.52","acq_date":"2026-07-26","acq_time":"132","satellite":"N","instrument":"VIIRS","confidence":"n","version":"2.0NRT","bright_ti5":"284.99","frp":"3.58","daynight":"N","commune":"Audenge","code_insee":"33019","departement":"Gironde","region":"Nouvelle-Aquitaine"}},{"type":"Feature","geometry":{"type":"Point","coordinates":[-0.87017,44.73922]},"properties":{"latitude":"44.73922","longitude":"-0.87017","bright_ti4":"305.99","scan":"0.58","track":"0.52","acq_date":"2026-07-26","acq_time":"132","satellite":"N","instrument":"VIIRS","confidence":"n","version":"2.0NRT","bright_ti5":"286.84","frp":"6.11","daynight":"N","commune":"Audenge","code_insee":"33019","departement":"Gironde","region":"Nouvelle-Aquitaine"}},{"type":"Feature","geometry":{"type":"Point","coordinates":[-0.84659,44.73965]},"properties":{"latitude":"44.73965","longitude":"-0.84659","bright_ti4":"312.75","scan":"0.57","track":"0.52","acq_date":"2026-07-26","acq_time":"132","satellite":"N","instrument":"VIIRS","confidence":"n","version":"2.0NRT","bright_ti5":"285.4","frp":"4.27","daynight":"N","commune":"Audenge","code_insee":"33019","departement":"Gironde","region":"Nouvelle-Aquitaine"}},{"type":"Feature","geometry":{"type":"Point","coordinates":[-0.87761,44.73967]},"properties":{"latitude":"44.73967","longitude":"-0.87761","bright_ti4":"313.52","scan":"0.58","track":"0.52","acq_date":"2026-07-26","acq_time":"132","satellite":"N","instrument":"VIIRS","confidence":"n","version":"2.0NRT","bright_ti5":"286","frp":"6.11","daynight":"N","commune":"Audenge","code_insee":"33019","departement":"Gironde","region":"Nouvelle-Aquitaine"}},{"type":"Feature","geometry":{"type":"Point","coordinates":[-0.88508,44.74013]},"properties":{"latitude":"44.74013","longitude":"-0.88508","bright_ti4":"335.7","scan":"0.58","track":"0.52","acq_date":"2026-07-26","acq_time":"132","satellite":"N","instrument":"VIIRS","confidence":"n","version":"2.0NRT","bright_ti5":"291.47","frp":"12.76","daynight":"N","commune":"Audenge","code_insee":"33019","departement":"Gironde","region":"Nouvelle-Aquitaine"}},{"type":"Feature","geometry":{"type":"Point","coordinates":[-0.85399,44.74014]},"properties":{"latitude":"44.74014","longitude":"-0.85399","bright_ti4":"307.17","scan":"0.58","track":"0.52","acq_date":"2026-07-26","acq_time":"132","satellite":"N","instrument":"VIIRS","confidence":"n","version":"2.0NRT","bright_ti5":"287.17","frp":"4.27","daynight":"N","commune":"Audenge","code_insee":"33019","departement":"Gironde","region":"Nouvelle-Aquitaine"}},{"type":"Feature","geometry":{"type":"Point","coordinates":[-0.89255,44.74058]},"properties":{"latitude":"44.74058","longitude":"-0.89255","bright_ti4":"315.1","scan":"0.58","track":"0.52","acq_date":"2026-07-26","acq_time":"132","satellite":"N","instrument":"VIIRS","confidence":"n","version":"2.0NRT","bright_ti5":"285.06","frp":"12.76","daynight":"N","commune":"Audenge","code_insee":"33019","departement":"Gironde","region":"Nouvelle-Aquitaine"}},{"type":"Feature","geometry":{"type":"Point","coordinates":[-0.90003,44.74104]},"properties":{"latitude":"44.74104","longitude":"-0.90003","bright_ti4":"336.88","scan":"0.58","track":"0.52","acq_date":"2026-07-26","acq_time":"132","satellite":"N","instrument":"VIIRS","confidence":"n","version":"2.0NRT","bright_ti5":"288.9","frp":"4.44","daynight":"N","commune":"Audenge","code_insee":"33019","departement":"Gironde","region":"Nouvelle-Aquitaine"}},{"type":"Feature","geometry":{"type":"Point","coordinates":[-0.90754,44.74149]},"properties":{"latitude":"44.74149","longitude":"-0.90754","bright_ti4":"313.4","scan":"0.58","track":"0.52","acq_date":"2026-07-26","acq_time":"132","satellite":"N","instrument":"VIIRS","confidence":"n","version":"2.0NRT","bright_ti5":"285.32","frp":"4.44","daynight":"N","commune":"Audenge","code_insee":"33019","departement":"Gironde","region":"Nouvelle-Aquitaine"}},{"type":"Feature","geometry":{"type":"Point","coordinates":[-0.87625,44.74163]},"properties":{"latitude":"44.74163","longitude":"-0.87625","bright_ti4":"330.48","scan":"0.58","track":"0.52","acq_date":"2026-07-26","acq_time":"132","satellite":"N","instrument":"VIIRS","confidence":"n","version":"2.0NRT","bright_ti5":"291.81","frp":"9.47","daynight":"N","commune":"Audenge","code_insee":"33019","departement":"Gironde","region":"Nouvelle-Aquitaine"}},{"type":"Feature","geometry":{"type":"Point","coordinates":[-0.8837,44.74212]},"properties":{"latitude":"44.74212","longitude":"-0.8837","bright_ti4":"334.51","scan":"0.58","track":"0.52","acq_date":"2026-07-26","acq_time":"132","satellite":"N","instrument":"VIIRS","confidence":"n","version":"2.0NRT","bright_ti5":"291.64","frp":"9.47","daynight":"N","commune":"Audenge","code_insee":"33019","departement":"Gironde","region":"Nouvelle-Aquitaine"}},{"type":"Feature","geometry":{"type":"Point","coordinates":[-0.89116,44.74262]},"properties":{"latitude":"44.74262","longitude":"-0.89116","bright_ti4":"308.8","scan":"0.58","track":"0.52","acq_date":"2026-07-26","acq_time":"132","satellite":"N","instrument":"VIIRS","confidence":"n","version":"2.0NRT","bright_ti5":"284.26","frp":"9.28","daynight":"N","commune":"Audenge","code_insee":"33019","departement":"Gironde","region":"Nouvelle-Aquitaine"}},{"type":"Feature","geometry":{"type":"Point","coordinates":[-0.82373,44.743]},"properties":{"latitude":"44.743","longitude":"-0.82373","bright_ti4":"296.29","scan":"0.57","track":"0.52","acq_date":"2026-07-26","acq_time":"132","satellite":"N","instrument":"VIIRS","confidence":"n","version":"2.0NRT","bright_ti5":"283.37","frp":"1.7","daynight":"N","commune":"Saint-Jean-d'Illac","code_insee":"33422","departement":"Gironde","region":"Nouvelle-Aquitaine"}},{"type":"Feature","geometry":{"type":"Point","coordinates":[-0.89863,44.74312]},"properties":{"latitude":"44.74312","longitude":"-0.89863","bright_ti4":"311.14","scan":"0.58","track":"0.52","acq_date":"2026-07-26","acq_time":"132","satellite":"N","instrument":"VIIRS","confidence":"n","version":"2.0NRT","bright_ti5":"286.2","frp":"9.28","daynight":"N","commune":"Audenge","code_insee":"33019","departement":"Gironde","region":"Nouvelle-Aquitaine"}},{"type":"Feature","geometry":{"type":"Point","coordinates":[-0.85468,44.74316]},"properties":{"latitude":"44.74316","longitude":"-0.85468","bright_ti4":"299.1","scan":"0.58","track":"0.52","acq_date":"2026-07-26","acq_time":"132","satellite":"N","instrument":"VIIRS","confidence":"n","version":"2.0NRT","bright_ti5":"283.94","frp":"0.72","daynight":"N","commune":"Audenge","code_insee":"33019","departement":"Gironde","region":"Nouvelle-Aquitaine"}},{"type":"Feature","geometry":{"type":"Point","coordinates":[-0.90611,44.74361]},"properties":{"latitude":"44.74361","longitude":"-0.90611","bright_ti4":"316.62","scan":"0.58","track":"0.52","acq_date":"2026-07-26","acq_time":"132","satellite":"N","instrument":"VIIRS","confidence":"n","version":"2.0NRT","bright_ti5":"285.92","frp":"3.58","daynight":"N","commune":"Audenge","code_insee":"33019","departement":"Gironde","region":"Nouvelle-Aquitaine"}},{"type":"Feature","geometry":{"type":"Point","coordinates":[-0.86211,44.74362]},"properties":{"latitude":"44.74362","longitude":"-0.86211","bright_ti4":"301.26","scan":"0.58","track":"0.52","acq_date":"2026-07-26","acq_time":"132","satellite":"N","instrument":"VIIRS","confidence":"n","version":"2.0NRT","bright_ti5":"286.71","frp":"0.72","daynight":"N","commune":"Audenge","code_insee":"33019","departement":"Gironde","region":"Nouvelle-Aquitaine"}},{"type":"Feature","geometry":{"type":"Point","coordinates":[-0.87697,44.74453]},"properties":{"latitude":"44.74453","longitude":"-0.87697","bright_ti4":"340.59","scan":"0.58","track":"0.52","acq_date":"2026-07-26","acq_time":"132","satellite":"N","instrument":"VIIRS","confidence":"n","version":"2.0NRT","bright_ti5":"296.62","frp":"4.91","daynight":"N","commune":"Audenge","code_insee":"33019","departement":"Gironde","region":"Nouvelle-Aquitaine"}},{"type":"Feature","geometry":{"type":"Point","coordinates":[-0.88443,44.74498]},"properties":{"latitude":"44.74498","longitude":"-0.88443","bright_ti4":"333.5","scan":"0.58","track":"0.52","acq_date":"2026-07-26","acq_time":"132","satellite":"N","instrument":"VIIRS","confidence":"n","version":"2.0NRT","bright_ti5":"291.62","frp":"6.21","daynight":"N","commune":"Audenge","code_insee":"33019","departement":"Gironde","region":"Nouvelle-Aquitaine"}},{"type":"Feature","geometry":{"type":"Point","coordinates":[-0.89189,44.74544]},"properties":{"latitude":"44.74544","longitude":"-0.89189","bright_ti4":"307.33","scan":"0.58","track":"0.52","acq_date":"2026-07-26","acq_time":"132","satellite":"N","instrument":"VIIRS","confidence":"n","version":"2.0NRT","bright_ti5":"285.46","frp":"6.21","daynight":"N","commune":"Audenge","code_insee":"33019","departement":"Gironde","region":"Nouvelle-Aquitaine"}},{"type":"Feature","geometry":{"type":"Point","coordinates":[-0.89938,44.7459]},"properties":{"latitude":"44.7459","longitude":"-0.89938","bright_ti4":"303.14","scan":"0.58","track":"0.52","acq_date":"2026-07-26","acq_time":"132","satellite":"N","instrument":"VIIRS","confidence":"n","version":"2.0NRT","bright_ti5":"286.46","frp":"1.85","daynight":"N","commune":"Audenge","code_insee":"33019","departement":"Gironde","region":"Nouvelle-Aquitaine"}},{"type":"Feature","geometry":{"type":"Point","coordinates":[-0.90688,44.74635]},"properties":{"latitude":"44.74635","longitude":"-0.90688","bright_ti4":"309.8","scan":"0.58","track":"0.52","acq_date":"2026-07-26","acq_time":"132","satellite":"N","instrument":"VIIRS","confidence":"n","version":"2.0NRT","bright_ti5":"285.51","frp":"1.85","daynight":"N","commune":"Audenge","code_insee":"33019","departement":"Gironde","region":"Nouvelle-Aquitaine"}},{"type":"Feature","geometry":{"type":"Point","coordinates":[-0.87563,44.74648]},"properties":{"latitude":"44.74648","longitude":"-0.87563","bright_ti4":"326.03","scan":"0.58","track":"0.52","acq_date":"2026-07-26","acq_time":"132","satellite":"N","instrument":"VIIRS","confidence":"n","version":"2.0NRT","bright_ti5":"292.12","frp":"7.13","daynight":"N","commune":"Audenge","code_insee":"33019","departement":"Gironde","region":"Nouvelle-Aquitaine"}},{"type":"Feature","geometry":{"type":"Point","coordinates":[-0.88306,44.74698]},"properties":{"latitude":"44.74698","longitude":"-0.88306","bright_ti4":"342","scan":"0.58","track":"0.52","acq_date":"2026-07-26","acq_time":"132","satellite":"N","instrument":"VIIRS","confidence":"n","version":"2.0NRT","bright_ti5":"295.01","frp":"7.13","daynight":"N","commune":"Audenge","code_insee":"33019","departement":"Gironde","region":"Nouvelle-Aquitaine"}},{"type":"Feature","geometry":{"type":"Point","coordinates":[-0.89051,44.74747]},"properties":{"latitude":"44.74747","longitude":"-0.89051","bright_ti4":"310.93","scan":"0.58","track":"0.52","acq_date":"2026-07-26","acq_time":"132","satellite":"N","instrument":"VIIRS","confidence":"n","version":"2.0NRT","bright_ti5":"286.8","frp":"3.49","daynight":"N","commune":"Audenge","code_insee":"33019","departement":"Gironde","region":"Nouvelle-Aquitaine"}},{"type":"Feature","geometry":{"type":"Point","coordinates":[-1.0424,44.74763]},"properties":{"latitude":"44.74763","longitude":"-1.0424","bright_ti4":"306.39","scan":"0.59","track":"0.53","acq_date":"2026-07-26","acq_time":"132","satellite":"N","instrument":"VIIRS","confidence":"n","version":"2.0NRT","bright_ti5":"285.43","frp":"8.75","daynight":"N","commune":"Lanton","code_insee":"33229","departement":"Gironde","region":"Nouvelle-Aquitaine"}},{"type":"Feature","geometry":{"type":"Point","coordinates":[-0.92942,44.74772]},"properties":{"latitude":"44.74772","longitude":"-0.92942","bright_ti4":"309.76","scan":"0.58","track":"0.52","acq_date":"2026-07-26","acq_time":"132","satellite":"N","instrument":"VIIRS","confidence":"n","version":"2.0NRT","bright_ti5":"285.41","frp":"4.9","daynight":"N","commune":"Audenge","code_insee":"33019","departement":"Gironde","region":"Nouvelle-Aquitaine"}},{"type":"Feature","geometry":{"type":"Point","coordinates":[-0.90547,44.74847]},"properties":{"latitude":"44.74847","longitude":"-0.90547","bright_ti4":"303.19","scan":"0.58","track":"0.52","acq_date":"2026-07-26","acq_time":"132","satellite":"N","instrument":"VIIRS","confidence":"n","version":"2.0NRT","bright_ti5":"286.58","frp":"2.15","daynight":"N","commune":"Audenge","code_insee":"33019","departement":"Gironde","region":"Nouvelle-Aquitaine"}},{"type":"Feature","geometry":{"type":"Point","coordinates":[-1.0282,44.74874]},"properties":{"latitude":"44.74874","longitude":"-1.0282","bright_ti4":"310.16","scan":"0.59","track":"0.53","acq_date":"2026-07-26","acq_time":"132","satellite":"N","instrument":"VIIRS","confidence":"n","version":"2.0NRT","bright_ti5":"284.8","frp":"1.55","daynight":"N","commune":"Lanton","code_insee":"33229","departement":"Gironde","region":"Nouvelle-Aquitaine"}},{"type":"Feature","geometry":{"type":"Point","coordinates":[-0.8689,44.74893]},"properties":{"latitude":"44.74893","longitude":"-0.8689","bright_ti4":"300.54","scan":"0.58","track":"0.52","acq_date":"2026-07-26","acq_time":"132","satellite":"N","instrument":"VIIRS","confidence":"n","version":"2.0NRT","bright_ti5":"285.81","frp":"4.91","daynight":"N","commune":"Audenge","code_insee":"33019","departement":"Gironde","region":"Nouvelle-Aquitaine"}},{"type":"Feature","geometry":{"type":"Point","coordinates":[-1.03578,44.74919]},"properties":{"latitude":"44.74919","longitude":"-1.03578","bright_ti4":"305.6","scan":"0.59","track":"0.53","acq_date":"2026-07-26","acq_time":"132","satellite":"N","instrument":"VIIRS","confidence":"n","version":"2.0NRT","bright_ti5":"286.06","frp":"5.22","daynight":"N","commune":"Lanton","code_insee":"33229","departement":"Gironde","region":"Nouvelle-Aquitaine"}},{"type":"Feature","geometry":{"type":"Point","coordinates":[-0.87633,44.74938]},"properties":{"latitude":"44.74938","longitude":"-0.87633","bright_ti4":"319.47","scan":"0.58","track":"0.52","acq_date":"2026-07-26","acq_time":"132","satellite":"N","instrument":"VIIRS","confidence":"n","version":"2.0NRT","bright_ti5":"289.08","frp":"4.91","daynight":"N","commune":"Audenge","code_insee":"33019","departement":"Gironde","region":"Nouvelle-Aquitaine"}},{"type":"Feature","geometry":{"type":"Point","coordinates":[-1.04338,44.74964]},"properties":{"latitude":"44.74964","longitude":"-1.04338","bright_ti4":"338.36","scan":"0.59","track":"0.53","acq_date":"2026-07-26","acq_time":"132","satellite":"N","instrument":"VIIRS","confidence":"n","version":"2.0NRT","bright_ti5":"287.88","frp":"5.22","daynight":"N","commune":"Lanton","code_insee":"33229","departement":"Gironde","region":"Nouvelle-Aquitaine"}},{"type":"Feature","geometry":{"type":"Point","coordinates":[-0.88376,44.74984]},"properties":{"latitude":"44.74984","longitude":"-0.88376","bright_ti4":"339.41","scan":"0.58","track":"0.52","acq_date":"2026-07-26","acq_time":"132","satellite":"N","instrument":"VIIRS","confidence":"n","version":"2.0NRT","bright_ti5":"295.21","frp":"6.21","daynight":"N","commune":"Audenge","code_insee":"33019","departement":"Gironde","region":"Nouvelle-Aquitaine"}},{"type":"Feature","geometry":{"type":"Point","coordinates":[-0.92797,44.74997]},"properties":{"latitude":"44.74997","longitude":"-0.92797","bright_ti4":"318.6","scan":"0.58","track":"0.52","acq_date":"2026-07-26","acq_time":"132","satellite":"N","instrument":"VIIRS","confidence":"n","version":"2.0NRT","bright_ti5":"286.96","frp":"4.18","daynight":"N","commune":"Lanton","code_insee":"33229","departement":"Gironde","region":"Nouvelle-Aquitaine"}},{"type":"Feature","geometry":{"type":"Point","coordinates":[-0.89124,44.7503]},"properties":{"latitude":"44.7503","longitude":"-0.89124","bright_ti4":"319.54","scan":"0.58","track":"0.52","acq_date":"2026-07-26","acq_time":"132","satellite":"N","instrument":"VIIRS","confidence":"n","version":"2.0NRT","bright_ti5":"287.62","frp":"6.21","daynight":"N","commune":"Audenge","code_insee":"33019","departement":"Gironde","region":"Nouvelle-Aquitaine"}},{"type":"Feature","geometry":{"type":"Point","coordinates":[-0.93547,44.75047]},"properties":{"latitude":"44.75047","longitude":"-0.93547","bright_ti4":"324.32","scan":"0.58","track":"0.52","acq_date":"2026-07-26","acq_time":"132","satellite":"N","instrument":"VIIRS","confidence":"n","version":"2.0NRT","bright_ti5":"286.47","frp":"6.9","daynight":"N","commune":"Lanton","code_insee":"33229","departement":"Gironde","region":"Nouvelle-Aquitaine"}},{"type":"Feature","geometry":{"type":"Point","coordinates":[-0.89873,44.75076]},"properties":{"latitude":"44.75076","longitude":"-0.89873","bright_ti4":"302.49","scan":"0.58","track":"0.52","acq_date":"2026-07-26","acq_time":"132","satellite":"N","instrument":"VIIRS","confidence":"n","version":"2.0NRT","bright_ti5":"286.88","frp":"1.85","daynight":"N","commune":"Audenge","code_insee":"33019","departement":"Gironde","region":"Nouvelle-Aquitaine"}},{"type":"Feature","geometry":{"type":"Point","coordinates":[-0.86759,44.75084]},"properties":{"latitude":"44.75084","longitude":"-0.86759","bright_ti4":"327.47","scan":"0.58","track":"0.52","acq_date":"2026-07-26","acq_time":"132","satellite":"N","instrument":"VIIRS","confidence":"n","version":"2.0NRT","bright_ti5":"286.3","frp":"5.94","daynight":"N","commune":"Audenge","code_insee":"33019","departement":"Gironde","region":"Nouvelle-Aquitaine"}},{"type":"Feature","geometry":{"type":"Point","coordinates":[-0.875,44.75134]},"properties":{"latitude":"44.75134","longitude":"-0.875","bright_ti4":"319.64","scan":"0.58","track":"0.52","acq_date":"2026-07-26","acq_time":"132","satellite":"N","instrument":"VIIRS","confidence":"n","version":"2.0NRT","bright_ti5":"287.63","frp":"7.13","daynight":"N","commune":"Audenge","code_insee":"33019","departement":"Gironde","region":"Nouvelle-Aquitaine"}},{"type":"Feature","geometry":{"type":"Point","coordinates":[-1.0266,44.75154]},"properties":{"latitude":"44.75154","longitude":"-1.0266","bright_ti4":"304.79","scan":"0.59","track":"0.53","acq_date":"2026-07-26","acq_time":"132","satellite":"N","instrument":"VIIRS","confidence":"n","version":"2.0NRT","bright_ti5":"285.64","frp":"3.06","daynight":"N","commune":"Lanton","code_insee":"33229","departement":"Gironde","region":"Nouvelle-Aquitaine"}},{"type":"Feature","geometry":{"type":"Point","coordinates":[-0.91371,44.75167]},"properties":{"latitude":"44.75167","longitude":"-0.91371","bright_ti4":"303","scan":"0.58","track":"0.52","acq_date":"2026-07-26","acq_time":"132","satellite":"N","instrument":"VIIRS","confidence":"n","version":"2.0NRT","bright_ti5":"286.67","frp":"3.95","daynight":"N","commune":"Audenge","code_insee":"33019","departement":"Gironde","region":"Nouvelle-Aquitaine"}},{"type":"Feature","geometry":{"type":"Point","coordinates":[-0.88241,44.75183]},"properties":{"latitude":"44.75183","longitude":"-0.88241","bright_ti4":"336.27","scan":"0.58","track":"0.52","acq_date":"2026-07-26","acq_time":"132","satellite":"N","instrument":"VIIRS","confidence":"n","version":"2.0NRT","bright_ti5":"292.07","frp":"7.13","daynight":"N","commune":"Audenge","code_insee":"33019","departement":"Gironde","region":"Nouvelle-Aquitaine"}},{"type":"Feature","geometry":{"type":"Point","coordinates":[-1.03414,44.75203]},"properties":{"latitude":"44.75203","longitude":"-1.03414","bright_ti4":"311.77","scan":"0.59","track":"0.53","acq_date":"2026-07-26","acq_time":"132","satellite":"N","instrument":"VIIRS","confidence":"n","version":"2.0NRT","bright_ti5":"286.83","frp":"3.06","daynight":"N","commune":"Lanton","code_insee":"33229","departement":"Gironde","region":"Nouvelle-Aquitaine"}},{"type":"Feature","geometry":{"type":"Point","coordinates":[-0.88986,44.75233]},"properties":{"latitude":"44.75233","longitude":"-0.88986","bright_ti4":"315.9","scan":"0.58","track":"0.52","acq_date":"2026-07-26","acq_time":"132","satellite":"N","instrument":"VIIRS","confidence":"n","version":"2.0NRT","bright_ti5":"287.17","frp":"3.49","daynight":"N","commune":"Audenge","code_insee":"33019","departement":"Gironde","region":"Nouvelle-Aquitaine"}},{"type":"Feature","geometry":{"type":"Point","coordinates":[-1.04172,44.75252]},"properties":{"latitude":"44.75252","longitude":"-1.04172","bright_ti4":"356.6","scan":"0.59","track":"0.53","acq_date":"2026-07-26","acq_time":"132","satellite":"N","instrument":"VIIRS","confidence":"n","version":"2.0NRT","bright_ti5":"291.76","frp":"8.75","daynight":"N","commune":"Lanton","code_insee":"33229","departement":"Gironde","region":"Nouvelle-Aquitaine"}},{"type":"Feature","geometry":{"type":"Point","coordinates":[-0.92875,44.75259]},"properties":{"latitude":"44.75259","longitude":"-0.92875","bright_ti4":"322.6","scan":"0.58","track":"0.52","acq_date":"2026-07-26","acq_time":"132","satellite":"N","instrument":"VIIRS","confidence":"n","version":"2.0NRT","bright_ti5":"289.76","frp":"4.9","daynight":"N","commune":"Lanton","code_insee":"33229","departement":"Gironde","region":"Nouvelle-Aquitaine"}},{"type":"Feature","geometry":{"type":"Point","coordinates":[-0.89735,44.75283]},"properties":{"latitude":"44.75283","longitude":"-0.89735","bright_ti4":"305.75","scan":"0.58","track":"0.52","acq_date":"2026-07-26","acq_time":"132","satellite":"N","instrument":"VIIRS","confidence":"n","version":"2.0NRT","bright_ti5":"287.23","frp":"3.49","daynight":"N","commune":"Audenge","code_insee":"33019","departement":"Gironde","region":"Nouvelle-Aquitaine"}},{"type":"Feature","geometry":{"type":"Point","coordinates":[-0.93626,44.75304]},"properties":{"latitude":"44.75304","longitude":"-0.93626","bright_ti4":"338.11","scan":"0.58","track":"0.52","acq_date":"2026-07-26","acq_time":"132","satellite":"N","instrument":"VIIRS","confidence":"n","version":"2.0NRT","bright_ti5":"288.98","frp":"4.9","daynight":"N","commune":"Lanton","code_insee":"33229","departement":"Gironde","region":"Nouvelle-Aquitaine"}},{"type":"Feature","geometry":{"type":"Point","coordinates":[-0.90483,44.75333]},"properties":{"latitude":"44.75333","longitude":"-0.90483","bright_ti4":"305.03","scan":"0.58","track":"0.52","acq_date":"2026-07-26","acq_time":"132","satellite":"N","instrument":"VIIRS","confidence":"n","version":"2.0NRT","bright_ti5":"287.17","frp":"2.15","daynight":"N","commune":"Audenge","code_insee":"33019","departement":"Gironde","region":"Nouvelle-Aquitaine"}},{"type":"Feature","geometry":{"type":"Point","coordinates":[-0.94378,44.7535]},"properties":{"latitude":"44.7535","longitude":"-0.94378","bright_ti4":"315.4","scan":"0.58","track":"0.52","acq_date":"2026-07-26","acq_time":"132","satellite":"N","instrument":"VIIRS","confidence":"n","version":"2.0NRT","bright_ti5":"286.24","frp":"4.86","daynight":"N","commune":"Lanton","code_insee":"33229","departement":"Gironde","region":"Nouvelle-Aquitaine"}},{"type":"Feature","geometry":{"type":"Point","coordinates":[-1.02755,44.75363]},"properties":{"latitude":"44.75363","longitude":"-1.02755","bright_ti4":"303.26","scan":"0.59","track":"0.53","acq_date":"2026-07-26","acq_time":"132","satellite":"N","instrument":"VIIRS","confidence":"n","version":"2.0NRT","bright_ti5":"285.91","frp":"5.39","daynight":"N","commune":"Lanton","code_insee":"33229","departement":"Gironde","region":"Nouvelle-Aquitaine"}},{"type":"Feature","geometry":{"type":"Point","coordinates":[-0.86827,44.75378]},"properties":{"latitude":"44.75378","longitude":"-0.86827","bright_ti4":"327.13","scan":"0.58","track":"0.52","acq_date":"2026-07-26","acq_time":"132","satellite":"N","instrument":"VIIRS","confidence":"n","version":"2.0NRT","bright_ti5":"285.62","frp":"8.72","daynight":"N","commune":"Saint-Jean-d'Illac","code_insee":"33422","departement":"Gironde","region":"Nouvelle-Aquitaine"}},{"type":"Feature","geometry":{"type":"Point","coordinates":[-0.9123,44.75383]},"properties":{"latitude":"44.75383","longitude":"-0.9123","bright_ti4":"310.36","scan":"0.58","track":"0.52","acq_date":"2026-07-26","acq_time":"132","satellite":"N","instrument":"VIIRS","confidence":"n","version":"2.0NRT","bright_ti5":"287.69","frp":"2.15","daynight":"N","commune":"Lanton","code_insee":"33229","departement":"Gironde","region":"Nouvelle-Aquitaine"}},{"type":"Feature","geometry":{"type":"Point","coordinates":[-1.0351,44.75408]},"properties":{"latitude":"44.75408","longitude":"-1.0351","bright_ti4":"313.94","scan":"0.59","track":"0.53","acq_date":"2026-07-26","acq_time":"132","satellite":"N","instrument":"VIIRS","confidence":"n","version":"2.0NRT","bright_ti5":"287.11","frp":"5.55","daynight":"N","commune":"Lanton","code_insee":"33229","departement":"Gironde","region":"Nouvelle-Aquitaine"}},{"type":"Feature","geometry":{"type":"Point","coordinates":[-0.87568,44.75423]},"properties":{"latitude":"44.75423","longitude":"-0.87568","bright_ti4":"348.25","scan":"0.58","track":"0.52","acq_date":"2026-07-26","acq_time":"132","satellite":"N","instrument":"VIIRS","confidence":"n","version":"2.0NRT","bright_ti5":"288.87","frp":"8.72","daynight":"N","commune":"Audenge","code_insee":"33019","departement":"Gironde","region":"Nouvelle-Aquitaine"}},{"type":"Feature","geometry":{"type":"Point","coordinates":[-1.04272,44.75453]},"properties":{"latitude":"44.75453","longitude":"-1.04272","bright_ti4":"334.51","scan":"0.59","track":"0.53","acq_date":"2026-07-26","acq_time":"132","satellite":"N","instrument":"VIIRS","confidence":"n","version":"2.0NRT","bright_ti5":"288.29","frp":"5.55","daynight":"N","commune":"Lanton","code_insee":"33229","departement":"Gironde","region":"Nouvelle-Aquitaine"}},{"type":"Feature","geometry":{"type":"Point","coordinates":[-0.88311,44.75469]},"properties":{"latitude":"44.75469","longitude":"-0.88311","bright_ti4":"354.82","scan":"0.58","track":"0.52","acq_date":"2026-07-26","acq_time":"132","satellite":"N","instrument":"VIIRS","confidence":"n","version":"2.0NRT","bright_ti5":"289.27","frp":"13.24","daynight":"N","commune":"Audenge","code_insee":"33019","departement":"Gironde","region":"Nouvelle-Aquitaine"}},{"type":"Feature","geometry":{"type":"Point","coordinates":[-0.92731,44.75483]},"properties":{"latitude":"44.75483","longitude":"-0.92731","bright_ti4":"311.96","scan":"0.58","track":"0.52","acq_date":"2026-07-26","acq_time":"132","satellite":"N","instrument":"VIIRS","confidence":"n","version":"2.0NRT","bright_ti5":"289.56","frp":"4.18","daynight":"N","commune":"Lanton","code_insee":"33229","departement":"Gironde","region":"Nouvelle-Aquitaine"}},{"type":"Feature","geometry":{"type":"Point","coordinates":[-1.05034,44.75499]},"properties":{"latitude":"44.75499","longitude":"-1.05034","bright_ti4":"300.17","scan":"0.59","track":"0.53","acq_date":"2026-07-26","acq_time":"132","satellite":"N","instrument":"VIIRS","confidence":"n","version":"2.0NRT","bright_ti5":"285.71","frp":"3.72","daynight":"N","commune":"Lanton","code_insee":"33229","departement":"Gironde","region":"Nouvelle-Aquitaine"}},{"type":"Feature","geometry":{"type":"Point","coordinates":[-0.89058,44.75515]},"properties":{"latitude":"44.75515","longitude":"-0.89058","bright_ti4":"341.79","scan":"0.58","track":"0.52","acq_date":"2026-07-26","acq_time":"132","satellite":"N","instrument":"VIIRS","confidence":"n","version":"2.0NRT","bright_ti5":"285.46","frp":"13.24","daynight":"N","commune":"Audenge","code_insee":"33019","departement":"Gironde","region":"Nouvelle-Aquitaine"}},{"type":"Feature","geometry":{"type":"Point","coordinates":[-0.93481,44.75533]},"properties":{"latitude":"44.75533","longitude":"-0.93481","bright_ti4":"332.73","scan":"0.58","track":"0.52","acq_date":"2026-07-26","acq_time":"132","satellite":"N","instrument":"VIIRS","confidence":"n","version":"2.0NRT","bright_ti5":"291.29","frp":"6.9","daynight":"N","commune":"Lanton","code_insee":"33229","departement":"Gironde","region":"Nouvelle-Aquitaine"}},{"type":"Feature","geometry":{"type":"Point","coordinates":[-0.89809,44.75562]},"properties":{"latitude":"44.75562","longitude":"-0.89809","bright_ti4":"327.7","scan":"0.58","track":"0.52","acq_date":"2026-07-26","acq_time":"132","satellite":"N","instrument":"VIIRS","confidence":"n","version":"2.0NRT","bright_ti5":"289.22","frp":"25.57","daynight":"N","commune":"Audenge","code_insee":"33019","departement":"Gironde","region":"Nouvelle-Aquitaine"}},{"type":"Feature","geometry":{"type":"Point","coordinates":[-0.94233,44.75583]},"properties":{"latitude":"44.75583","longitude":"-0.94233","bright_ti4":"341.64","scan":"0.58","track":"0.52","acq_date":"2026-07-26","acq_time":"132","satellite":"N","instrument":"VIIRS","confidence":"n","version":"2.0NRT","bright_ti5":"290.4","frp":"6.9","daynight":"N","commune":"Lanton","code_insee":"33229","departement":"Gironde","region":"Nouvelle-Aquitaine"}},{"type":"Feature","geometry":{"type":"Point","coordinates":[-0.90558,44.75607]},"properties":{"latitude":"44.75607","longitude":"-0.90558","bright_ti4":"316.27","scan":"0.58","track":"0.52","acq_date":"2026-07-26","acq_time":"132","satellite":"N","instrument":"VIIRS","confidence":"n","version":"2.0NRT","bright_ti5":"289.42","frp":"25.57","daynight":"N","commune":"Lanton","code_insee":"33229","departement":"Gironde","region":"Nouvelle-Aquitaine"}},{"type":"Feature","geometry":{"type":"Point","coordinates":[-1.02597,44.75643]},"properties":{"latitude":"44.75643","longitude":"-1.02597","bright_ti4":"353.11","scan":"0.59","track":"0.53","acq_date":"2026-07-26","acq_time":"132","satellite":"N","instrument":"VIIRS","confidence":"n","version":"2.0NRT","bright_ti5":"290.03","frp":"7.72","daynight":"N","commune":"Lanton","code_insee":"33229","departement":"Gironde","region":"Nouvelle-Aquitaine"}},{"type":"Feature","geometry":{"type":"Point","coordinates":[-0.91306,44.75653]},"properties":{"latitude":"44.75653","longitude":"-0.91306","bright_ti4":"326.12","scan":"0.58","track":"0.52","acq_date":"2026-07-26","acq_time":"132","satellite":"N","instrument":"VIIRS","confidence":"n","version":"2.0NRT","bright_ti5":"291.4","frp":"4.34","daynight":"N","commune":"Lanton","code_insee":"33229","departement":"Gironde","region":"Nouvelle-Aquitaine"}},{"type":"Feature","geometry":{"type":"Point","coordinates":[-1.03351,44.75692]},"properties":{"latitude":"44.75692","longitude":"-1.03351","bright_ti4":"310.4","scan":"0.59","track":"0.53","acq_date":"2026-07-26","acq_time":"132","satellite":"N","instrument":"VIIRS","confidence":"n","version":"2.0NRT","bright_ti5":"286.53","frp":"7.72","daynight":"N","commune":"Lanton","code_insee":"33229","departement":"Gironde","region":"Nouvelle-Aquitaine"}},{"type":"Feature","geometry":{"type":"Point","coordinates":[-0.92056,44.75699]},"properties":{"latitude":"44.75699","longitude":"-0.92056","bright_ti4":"306.16","scan":"0.58","track":"0.52","acq_date":"2026-07-26","acq_time":"132","satellite":"N","instrument":"VIIRS","confidence":"n","version":"2.0NRT","bright_ti5":"287.15","frp":"4.34","daynight":"N","commune":"Lanton","code_insee":"33229","departement":"Gironde","region":"Nouvelle-Aquitaine"}},{"type":"Feature","geometry":{"type":"Point","coordinates":[-1.0411,44.75741]},"properties":{"latitude":"44.75741","longitude":"-1.0411","bright_ti4":"304.87","scan":"0.59","track":"0.53","acq_date":"2026-07-26","acq_time":"132","satellite":"N","instrument":"VIIRS","confidence":"n","version":"2.0NRT","bright_ti5":"285.76","frp":"4.91","daynight":"N","commune":"Lanton","code_insee":"33229","departement":"Gironde","region":"Nouvelle-Aquitaine"}},{"type":"Feature","geometry":{"type":"Point","coordinates":[-0.92809,44.75745]},"properties":{"latitude":"44.75745","longitude":"-0.92809","bright_ti4":"303.09","scan":"0.58","track":"0.52","acq_date":"2026-07-26","acq_time":"132","satellite":"N","instrument":"VIIRS","confidence":"n","version":"2.0NRT","bright_ti5":"287.91","frp":"3.12","daynight":"N","commune":"Lanton","code_insee":"33229","departement":"Gironde","region":"Nouvelle-Aquitaine"}},{"type":"Feature","geometry":{"type":"Point","coordinates":[-1.04872,44.75791]},"properties":{"latitude":"44.75791","longitude":"-1.04872","bright_ti4":"303.9","scan":"0.59","track":"0.53","acq_date":"2026-07-26","acq_time":"132","satellite":"N","instrument":"VIIRS","confidence":"n","version":"2.0NRT","bright_ti5":"286.53","frp":"4.91","daynight":"N","commune":"Lanton","code_insee":"33229","departement":"Gironde","region":"Nouvelle-Aquitaine"}},{"type":"Feature","geometry":{"type":"Point","coordinates":[-0.93561,44.75791]},"properties":{"latitude":"44.75791","longitude":"-0.93561","bright_ti4":"316.96","scan":"0.58","track":"0.52","acq_date":"2026-07-26","acq_time":"132","satellite":"N","instrument":"VIIRS","confidence":"n","version":"2.0NRT","bright_ti5":"290.21","frp":"3.12","daynight":"N","commune":"Lanton","code_insee":"33229","departement":"Gironde","region":"Nouvelle-Aquitaine"}},{"type":"Feature","geometry":{"type":"Point","coordinates":[-1.01937,44.75806]},"properties":{"latitude":"44.75806","longitude":"-1.01937","bright_ti4":"306.37","scan":"0.59","track":"0.53","acq_date":"2026-07-26","acq_time":"132","satellite":"N","instrument":"VIIRS","confidence":"n","version":"2.0NRT","bright_ti5":"286.24","frp":"5.39","daynight":"N","commune":"Lanton","code_insee":"33229","departement":"Gironde","region":"Nouvelle-Aquitaine"}},{"type":"Feature","geometry":{"type":"Point","coordinates":[-0.94314,44.75837]},"properties":{"latitude":"44.75837","longitude":"-0.94314","bright_ti4":"333.68","scan":"0.58","track":"0.52","acq_date":"2026-07-26","acq_time":"132","satellite":"N","instrument":"VIIRS","confidence":"n","version":"2.0NRT","bright_ti5":"291.35","frp":"5.7","daynight":"N","commune":"Lanton","code_insee":"33229","departement":"Gironde","region":"Nouvelle-Aquitaine"}},{"type":"Feature","geometry":{"type":"Point","coordinates":[-1.05635,44.75841]},"properties":{"latitude":"44.75841","longitude":"-1.05635","bright_ti4":"317.1","scan":"0.59","track":"0.53","acq_date":"2026-07-26","acq_time":"132","satellite":"N","instrument":"VIIRS","confidence":"n","version":"2.0NRT","bright_ti5":"287.4","frp":"12.31","daynight":"N","commune":"Andernos-les-Bains","code_insee":"33005","departement":"Gironde","region":"Nouvelle-Aquitaine"}},{"type":"Feature","geometry":{"type":"Point","coordinates":[-1.02691,44.75852]},"properties":{"latitude":"44.75852","longitude":"-1.02691","bright_ti4":"348.45","scan":"0.59","track":"0.53","acq_date":"2026-07-26","acq_time":"132","satellite":"N","instrument":"VIIRS","confidence":"n","version":"2.0NRT","bright_ti5":"289.97","frp":"5.39","daynight":"N","commune":"Lanton","code_insee":"33229","departement":"Gironde","region":"Nouvelle-Aquitaine"}},{"type":"Feature","geometry":{"type":"Point","coordinates":[-0.95065,44.75883]},"properties":{"latitude":"44.75883","longitude":"-0.95065","bright_ti4":"307.05","scan":"0.58","track":"0.52","acq_date":"2026-07-26","acq_time":"132","satellite":"N","instrument":"VIIRS","confidence":"n","version":"2.0NRT","bright_ti5":"286.08","frp":"5.7","daynight":"N","commune":"Lanton","code_insee":"33229","departement":"Gironde","region":"Nouvelle-Aquitaine"}},{"type":"Feature","geometry":{"type":"Point","coordinates":[-1.03447,44.75897]},"properties":{"latitude":"44.75897","longitude":"-1.03447","bright_ti4":"324.72","scan":"0.59","track":"0.53","acq_date":"2026-07-26","acq_time":"132","satellite":"N","instrument":"VIIRS","confidence":"n","version":"2.0NRT","bright_ti5":"289.45","frp":"5.55","daynight":"N","commune":"Lanton","code_insee":"33229","departement":"Gironde","region":"Nouvelle-Aquitaine"}},{"type":"Feature","geometry":{"type":"Point","coordinates":[-0.87503,44.75909]},"properties":{"latitude":"44.75909","longitude":"-0.87503","bright_ti4":"299.73","scan":"0.58","track":"0.52","acq_date":"2026-07-26","acq_time":"132","satellite":"N","instrument":"VIIRS","confidence":"n","version":"2.0NRT","bright_ti5":"284.58","frp":"8.72","daynight":"N","commune":"Saint-Jean-d'Illac","code_insee":"33422","departement":"Gironde","region":"Nouvelle-Aquitaine"}},{"type":"Feature","geometry":{"type":"Point","coordinates":[-0.95819,44.75929]},"properties":{"latitude":"44.75929","longitude":"-0.95819","bright_ti4":"334.43","scan":"0.58","track":"0.52","acq_date":"2026-07-26","acq_time":"132","satellite":"N","instrument":"VIIRS","confidence":"n","version":"2.0NRT","bright_ti5":"287.41","frp":"13.49","daynight":"N","commune":"Lanton","code_insee":"33229","departement":"Gironde","region":"Nouvelle-Aquitaine"}},{"type":"Feature","geometry":{"type":"Point","coordinates":[-1.04208,44.75943]},"properties":{"latitude":"44.75943","longitude":"-1.04208","bright_ti4":"332.01","scan":"0.59","track":"0.53","acq_date":"2026-07-26","acq_time":"132","satellite":"N","instrument":"VIIRS","confidence":"n","version":"2.0NRT","bright_ti5":"287.36","frp":"5.55","daynight":"N","commune":"Lanton","code_insee":"33229","departement":"Gironde","region":"Nouvelle-Aquitaine"}},{"type":"Feature","geometry":{"type":"Point","coordinates":[-0.88247,44.75955]},"properties":{"latitude":"44.75955","longitude":"-0.88247","bright_ti4":"307.63","scan":"0.58","track":"0.52","acq_date":"2026-07-26","acq_time":"132","satellite":"N","instrument":"VIIRS","confidence":"n","version":"2.0NRT","bright_ti5":"283.85","frp":"13.24","daynight":"N","commune":"Audenge","code_insee":"33019","departement":"Gironde","region":"Nouvelle-Aquitaine"}},{"type":"Feature","geometry":{"type":"Point","coordinates":[-1.04972,44.75989]},"properties":{"latitude":"44.75989","longitude":"-1.04972","bright_ti4":"306.55","scan":"0.59","track":"0.53","acq_date":"2026-07-26","acq_time":"132","satellite":"N","instrument":"VIIRS","confidence":"n","version":"2.0NRT","bright_ti5":"287.15","frp":"3.72","daynight":"N","commune":"Lanton","code_insee":"33229","departement":"Gironde","region":"Nouvelle-Aquitaine"}},{"type":"Feature","geometry":{"type":"Point","coordinates":[-0.88996,44.76001]},"properties":{"latitude":"44.76001","longitude":"-0.88996","bright_ti4":"343.49","scan":"0.58","track":"0.52","acq_date":"2026-07-26","acq_time":"132","satellite":"N","instrument":"VIIRS","confidence":"n","version":"2.0NRT","bright_ti5":"287.76","frp":"13.24","daynight":"N","commune":"Lanton","code_insee":"33229","departement":"Gironde","region":"Nouvelle-Aquitaine"}},{"type":"Feature","geometry":{"type":"Point","coordinates":[-1.01023,44.76032]},"properties":{"latitude":"44.76032","longitude":"-1.01023","bright_ti4":"303.69","scan":"0.59","track":"0.53","acq_date":"2026-07-26","acq_time":"132","satellite":"N","instrument":"VIIRS","confidence":"n","version":"2.0NRT","bright_ti5":"286.42","frp":"4.8","daynight":"N","commune":"Lanton","code_insee":"33229","departement":"Gironde","region":"Nouvelle-Aquitaine"}},{"type":"Feature","geometry":{"type":"Point","coordinates":[-1.05733,44.76034]},"properties":{"latitude":"44.76034","longitude":"-1.05733","bright_ti4":"330.75","scan":"0.59","track":"0.53","acq_date":"2026-07-26","acq_time":"132","satellite":"N","instrument":"VIIRS","confidence":"n","version":"2.0NRT","bright_ti5":"290.38","frp":"3.72","daynight":"N","commune":"Andernos-les-Bains","code_insee":"33005","departement":"Gironde","region":"Nouvelle-Aquitaine"}},{"type":"Feature","geometry":{"type":"Point","coordinates":[-0.89746,44.76048]},"properties":{"latitude":"44.76048","longitude":"-0.89746","bright_ti4":"354.04","scan":"0.58","track":"0.52","acq_date":"2026-07-26","acq_time":"132","satellite":"N","instrument":"VIIRS","confidence":"n","version":"2.0NRT","bright_ti5":"294.9","frp":"25.57","daynight":"N","commune":"Lanton","code_insee":"33229","departement":"Gironde","region":"Nouvelle-Aquitaine"}},{"type":"Feature","geometry":{"type":"Point","coordinates":[-1.06495,44.7608]},"properties":{"latitude":"44.7608","longitude":"-1.06495","bright_ti4":"300.4","scan":"0.59","track":"0.53","acq_date":"2026-07-26","acq_time":"132","satellite":"N","instrument":"VIIRS","confidence":"n","version":"2.0NRT","bright_ti5":"285.77","frp":"1.82","daynight":"N","commune":"Andernos-les-Bains","code_insee":"33005","departement":"Gironde","region":"Nouvelle-Aquitaine"}},{"type":"Feature","geometry":{"type":"Point","coordinates":[-0.90495,44.76094]},"properties":{"latitude":"44.76094","longitude":"-0.90495","bright_ti4":"340.53","scan":"0.58","track":"0.52","acq_date":"2026-07-26","acq_time":"132","satellite":"N","instrument":"VIIRS","confidence":"n","version":"2.0NRT","bright_ti5":"288.78","frp":"25.57","daynight":"N","commune":"Lanton","code_insee":"33229","departement":"Gironde","region":"Nouvelle-Aquitaine"}},{"type":"Feature","geometry":{"type":"Point","coordinates":[-0.91244,44.76139]},"properties":{"latitude":"44.76139","longitude":"-0.91244","bright_ti4":"320.7","scan":"0.58","track":"0.52","acq_date":"2026-07-26","acq_time":"132","satellite":"N","instrument":"VIIRS","confidence":"n","version":"2.0NRT","bright_ti5":"289.74","frp":"4.34","daynight":"N","commune":"Lanton","code_insee":"33229","departement":"Gironde","region":"Nouvelle-Aquitaine"}},{"type":"Feature","geometry":{"type":"Point","coordinates":[-1.03289,44.76181]},"properties":{"latitude":"44.76181","longitude":"-1.03289","bright_ti4":"326.15","scan":"0.59","track":"0.53","acq_date":"2026-07-26","acq_time":"132","satellite":"N","instrument":"VIIRS","confidence":"n","version":"2.0NRT","bright_ti5":"291.13","frp":"7.72","daynight":"N","commune":"Lanton","code_insee":"33229","departement":"Gironde","region":"Nouvelle-Aquitaine"}},{"type":"Feature","geometry":{"type":"Point","coordinates":[-0.91993,44.76186]},"properties":{"latitude":"44.76186","longitude":"-0.91993","bright_ti4":"330.33","scan":"0.58","track":"0.52","acq_date":"2026-07-26","acq_time":"132","satellite":"N","instrument":"VIIRS","confidence":"n","version":"2.0NRT","bright_ti5":"290.06","frp":"4.34","daynight":"N","commune":"Lanton","code_insee":"33229","departement":"Gironde","region":"Nouvelle-Aquitaine"}},{"type":"Feature","geometry":{"type":"Point","coordinates":[-1.04048,44.76231]},"properties":{"latitude":"44.76231","longitude":"-1.04048","bright_ti4":"349.4","scan":"0.59","track":"0.53","acq_date":"2026-07-26","acq_time":"132","satellite":"N","instrument":"VIIRS","confidence":"n","version":"2.0NRT","bright_ti5":"292.79","frp":"4.91","daynight":"N","commune":"Lanton","code_insee":"33229","departement":"Gironde","region":"Nouvelle-Aquitaine"}},{"type":"Feature","geometry":{"type":"Point","coordinates":[-0.92744,44.76232]},"properties":{"latitude":"44.76232","longitude":"-0.92744","bright_ti4":"305.44","scan":"0.58","track":"0.52","acq_date":"2026-07-26","acq_time":"132","satellite":"N","instrument":"VIIRS","confidence":"n","version":"2.0NRT","bright_ti5":"286.84","frp":"3.12","daynight":"N","commune":"Lanton","code_insee":"33229","departement":"Gironde","region":"Nouvelle-Aquitaine"}},{"type":"Feature","geometry":{"type":"Point","coordinates":[-1.01113,44.7625]},"properties":{"latitude":"44.7625","longitude":"-1.01113","bright_ti4":"304.35","scan":"0.59","track":"0.53","acq_date":"2026-07-26","acq_time":"132","satellite":"N","instrument":"VIIRS","confidence":"n","version":"2.0NRT","bright_ti5":"286.9","frp":"2.39","daynight":"N","commune":"Lanton","code_insee":"33229","departement":"Gironde","region":"Nouvelle-Aquitaine"}},{"type":"Feature","geometry":{"type":"Point","coordinates":[-0.93498,44.76278]},"properties":{"latitude":"44.76278","longitude":"-0.93498","bright_ti4":"323.37","scan":"0.58","track":"0.52","acq_date":"2026-07-26","acq_time":"132","satellite":"N","instrument":"VIIRS","confidence":"n","version":"2.0NRT","bright_ti5":"290.54","frp":"3.12","daynight":"N","commune":"Lanton","code_insee":"33229","departement":"Gironde","region":"Nouvelle-Aquitaine"}},{"type":"Feature","geometry":{"type":"Point","coordinates":[-1.0481,44.76281]},"properties":{"latitude":"44.76281","longitude":"-1.0481","bright_ti4":"298.86","scan":"0.59","track":"0.53","acq_date":"2026-07-26","acq_time":"132","satellite":"N","instrument":"VIIRS","confidence":"n","version":"2.0NRT","bright_ti5":"286.48","frp":"4.91","daynight":"N","commune":"Lanton","code_insee":"33229","departement":"Gironde","region":"Nouvelle-Aquitaine"}},{"type":"Feature","geometry":{"type":"Point","coordinates":[-0.9425,44.76324]},"properties":{"latitude":"44.76324","longitude":"-0.9425","bright_ti4":"330.74","scan":"0.58","track":"0.52","acq_date":"2026-07-26","acq_time":"132","satellite":"N","instrument":"VIIRS","confidence":"n","version":"2.0NRT","bright_ti5":"292.64","frp":"5.7","daynight":"N","commune":"Lanton","code_insee":"33229","departement":"Gironde","region":"Nouvelle-Aquitaine"}},{"type":"Feature","geometry":{"type":"Point","coordinates":[-1.0557,44.76331]},"properties":{"latitude":"44.76331","longitude":"-1.0557","bright_ti4":"355.75","scan":"0.59","track":"0.53","acq_date":"2026-07-26","acq_time":"132","satellite":"N","instrument":"VIIRS","confidence":"n","version":"2.0NRT","bright_ti5":"301.17","frp":"12.31","daynight":"N","commune":"Andernos-les-Bains","code_insee":"33005","departement":"Gironde","region":"Nouvelle-Aquitaine"}},{"type":"Feature","geometry":{"type":"Point","coordinates":[-1.02627,44.76341]},"properties":{"latitude":"44.76341","longitude":"-1.02627","bright_ti4":"303.59","scan":"0.59","track":"0.53","acq_date":"2026-07-26","acq_time":"132","satellite":"N","instrument":"VIIRS","confidence":"n","version":"2.0NRT","bright_ti5":"286.85","frp":"1.77","daynight":"N","commune":"Lanton","code_insee":"33229","departement":"Gironde","region":"Nouvelle-Aquitaine"}},{"type":"Feature","geometry":{"type":"Point","coordinates":[-0.95,44.7637]},"properties":{"latitude":"44.7637","longitude":"-0.95","bright_ti4":"329.2","scan":"0.58","track":"0.52","acq_date":"2026-07-26","acq_time":"132","satellite":"N","instrument":"VIIRS","confidence":"n","version":"2.0NRT","bright_ti5":"291.7","frp":"5.7","daynight":"N","commune":"Lanton","code_insee":"33229","departement":"Gironde","region":"Nouvelle-Aquitaine"}},{"type":"Feature","geometry":{"type":"Point","coordinates":[-1.06332,44.76381]},"properties":{"latitude":"44.76381","longitude":"-1.06332","bright_ti4":"340.57","scan":"0.59","track":"0.53","acq_date":"2026-07-26","acq_time":"132","satellite":"N","instrument":"VIIRS","confidence":"n","version":"2.0NRT","bright_ti5":"291.63","frp":"12.31","daynight":"N","commune":"Andernos-les-Bains","code_insee":"33005","departement":"Gironde","region":"Nouvelle-Aquitaine"}},{"type":"Feature","geometry":{"type":"Point","coordinates":[-1.03383,44.76387]},"properties":{"latitude":"44.76387","longitude":"-1.03383","bright_ti4":"320.58","scan":"0.59","track":"0.53","acq_date":"2026-07-26","acq_time":"132","satellite":"N","instrument":"VIIRS","confidence":"n","version":"2.0NRT","bright_ti5":"289.97","frp":"6.69","daynight":"N","commune":"Lanton","code_insee":"33229","departement":"Gironde","region":"Nouvelle-Aquitaine"}},{"type":"Feature","geometry":{"type":"Point","coordinates":[-0.95751,44.76416]},"properties":{"latitude":"44.76416","longitude":"-0.95751","bright_ti4":"347.38","scan":"0.58","track":"0.52","acq_date":"2026-07-26","acq_time":"132","satellite":"N","instrument":"VIIRS","confidence":"n","version":"2.0NRT","bright_ti5":"296.92","frp":"13.49","daynight":"N","commune":"Lanton","code_insee":"33229","departement":"Gironde","region":"Nouvelle-Aquitaine"}},{"type":"Feature","geometry":{"type":"Point","coordinates":[-1.04144,44.76432]},"properties":{"latitude":"44.76432","longitude":"-1.04144","bright_ti4":"338.68","scan":"0.59","track":"0.53","acq_date":"2026-07-26","acq_time":"132","satellite":"N","instrument":"VIIRS","confidence":"n","version":"2.0NRT","bright_ti5":"290.91","frp":"6.69","daynight":"N","commune":"Lanton","code_insee":"33229","departement":"Gironde","region":"Nouvelle-Aquitaine"}},{"type":"Feature","geometry":{"type":"Point","coordinates":[-0.96505,44.76462]},"properties":{"latitude":"44.76462","longitude":"-0.96505","bright_ti4":"349.39","scan":"0.58","track":"0.52","acq_date":"2026-07-26","acq_time":"132","satellite":"N","instrument":"VIIRS","confidence":"n","version":"2.0NRT","bright_ti5":"296.37","frp":"13.49","daynight":"N","commune":"Lanton","code_insee":"33229","departement":"Gironde","region":"Nouvelle-Aquitaine"}},{"type":"Feature","geometry":{"type":"Point","coordinates":[-1.04905,44.76478]},"properties":{"latitude":"44.76478","longitude":"-1.04905","bright_ti4":"305.29","scan":"0.59","track":"0.53","acq_date":"2026-07-26","acq_time":"132","satellite":"N","instrument":"VIIRS","confidence":"n","version":"2.0NRT","bright_ti5":"287.41","frp":"5.99","daynight":"N","commune":"Lanton","code_insee":"33229","departement":"Gironde","region":"Nouvelle-Aquitaine"}},{"type":"Feature","geometry":{"type":"Point","coordinates":[-1.05668,44.76524]},"properties":{"latitude":"44.76524","longitude":"-1.05668","bright_ti4":"355.71","scan":"0.59","track":"0.53","acq_date":"2026-07-26","acq_time":"132","satellite":"N","instrument":"VIIRS","confidence":"n","version":"2.0NRT","bright_ti5":"298.55","frp":"5.99","daynight":"N","commune":"Andernos-les-Bains","code_insee":"33005","departement":"Gironde","region":"Nouvelle-Aquitaine"}},{"type":"Feature","geometry":{"type":"Point","coordinates":[-0.89681,44.76533]},"properties":{"latitude":"44.76533","longitude":"-0.89681","bright_ti4":"340.08","scan":"0.58","track":"0.52","acq_date":"2026-07-26","acq_time":"132","satellite":"N","instrument":"VIIRS","confidence":"n","version":"2.0NRT","bright_ti5":"288.47","frp":"25.18","daynight":"N","commune":"Lanton","code_insee":"33229","departement":"Gironde","region":"Nouvelle-Aquitaine"}},{"type":"Feature","geometry":{"type":"Point","coordinates":[-1.0643,44.76569]},"properties":{"latitude":"44.76569","longitude":"-1.0643","bright_ti4":"339.03","scan":"0.59","track":"0.53","acq_date":"2026-07-26","acq_time":"132","satellite":"N","instrument":"VIIRS","confidence":"n","version":"2.0NRT","bright_ti5":"291.55","frp":"13.39","daynight":"N","commune":"Andernos-les-Bains","code_insee":"33005","departement":"Gironde","region":"Nouvelle-Aquitaine"}},{"type":"Feature","geometry":{"type":"Point","coordinates":[-0.90431,44.76579]},"properties":{"latitude":"44.76579","longitude":"-0.90431","bright_ti4":"354.51","scan":"0.58","track":"0.52","acq_date":"2026-07-26","acq_time":"132","satellite":"N","instrument":"VIIRS","confidence":"n","version":"2.0NRT","bright_ti5":"294.21","frp":"25.18","daynight":"N","commune":"Lanton","code_insee":"33229","departement":"Gironde","region":"Nouvelle-Aquitaine"}},{"type":"Feature","geometry":{"type":"Point","coordinates":[-0.91181,44.76626]},"properties":{"latitude":"44.76626","longitude":"-0.91181","bright_ti4":"303.96","scan":"0.58","track":"0.52","acq_date":"2026-07-26","acq_time":"132","satellite":"N","instrument":"VIIRS","confidence":"n","version":"2.0NRT","bright_ti5":"285.95","frp":"5.25","daynight":"N","commune":"Lanton","code_insee":"33229","departement":"Gironde","region":"Nouvelle-Aquitaine"}},{"type":"Feature","geometry":{"type":"Point","coordinates":[-0.99533,44.76646]},"properties":{"latitude":"44.76646","longitude":"-0.99533","bright_ti4":"303.61","scan":"0.59","track":"0.52","acq_date":"2026-07-26","acq_time":"132","satellite":"N","instrument":"VIIRS","confidence":"n","version":"2.0NRT","bright_ti5":"286.24","frp":"1.51","daynight":"N","commune":"Lanton","code_insee":"33229","departement":"Gironde","region":"Nouvelle-Aquitaine"}},{"type":"Feature","geometry":{"type":"Point","coordinates":[-0.92681,44.76719]},"properties":{"latitude":"44.76719","longitude":"-0.92681","bright_ti4":"318.06","scan":"0.58","track":"0.52","acq_date":"2026-07-26","acq_time":"132","satellite":"N","instrument":"VIIRS","confidence":"n","version":"2.0NRT","bright_ti5":"289.88","frp":"4.95","daynight":"N","commune":"Lanton","code_insee":"33229","departement":"Gironde","region":"Nouvelle-Aquitaine"}},{"type":"Feature","geometry":{"type":"Point","coordinates":[-0.93434,44.76765]},"properties":{"latitude":"44.76765","longitude":"-0.93434","bright_ti4":"324.38","scan":"0.58","track":"0.52","acq_date":"2026-07-26","acq_time":"132","satellite":"N","instrument":"VIIRS","confidence":"n","version":"2.0NRT","bright_ti5":"290.68","frp":"4.95","daynight":"N","commune":"Lanton","code_insee":"33229","departement":"Gironde","region":"Nouvelle-Aquitaine"}},{"type":"Feature","geometry":{"type":"Point","coordinates":[-1.01806,44.76784]},"properties":{"latitude":"44.76784","longitude":"-1.01806","bright_ti4":"306.83","scan":"0.59","track":"0.53","acq_date":"2026-07-26","acq_time":"132","satellite":"N","instrument":"VIIRS","confidence":"n","version":"2.0NRT","bright_ti5":"286.24","frp":"1.77","daynight":"N","commune":"Lanton","code_insee":"33229","departement":"Gironde","region":"Nouvelle-Aquitaine"}},{"type":"Feature","geometry":{"type":"Point","coordinates":[-0.94187,44.76811]},"properties":{"latitude":"44.76811","longitude":"-0.94187","bright_ti4":"323.73","scan":"0.58","track":"0.52","acq_date":"2026-07-26","acq_time":"132","satellite":"N","instrument":"VIIRS","confidence":"n","version":"2.0NRT","bright_ti5":"291.42","frp":"5.75","daynight":"N","commune":"Lanton","code_insee":"33229","departement":"Gironde","region":"Nouvelle-Aquitaine"}},{"type":"Feature","geometry":{"type":"Point","coordinates":[-0.94938,44.76857]},"properties":{"latitude":"44.76857","longitude":"-0.94938","bright_ti4":"333.35","scan":"0.58","track":"0.52","acq_date":"2026-07-26","acq_time":"132","satellite":"N","instrument":"VIIRS","confidence":"n","version":"2.0NRT","bright_ti5":"293.63","frp":"5.75","daynight":"N","commune":"Lanton","code_insee":"33229","departement":"Gironde","region":"Nouvelle-Aquitaine"}},{"type":"Feature","geometry":{"type":"Point","coordinates":[-0.9569,44.76904]},"properties":{"latitude":"44.76904","longitude":"-0.9569","bright_ti4":"325.3","scan":"0.58","track":"0.52","acq_date":"2026-07-26","acq_time":"132","satellite":"N","instrument":"VIIRS","confidence":"n","version":"2.0NRT","bright_ti5":"290.78","frp":"4.49","daynight":"N","commune":"Lanton","code_insee":"33229","departement":"Gironde","region":"Nouvelle-Aquitaine"}},{"type":"Feature","geometry":{"type":"Point","coordinates":[-0.9644,44.7695]},"properties":{"latitude":"44.7695","longitude":"-0.9644","bright_ti4":"339.96","scan":"0.58","track":"0.52","acq_date":"2026-07-26","acq_time":"132","satellite":"N","instrument":"VIIRS","confidence":"n","version":"2.0NRT","bright_ti5":"295.13","frp":"4.49","daynight":"N","commune":"Lanton","code_insee":"33229","departement":"Gironde","region":"Nouvelle-Aquitaine"}},{"type":"Feature","geometry":{"type":"Point","coordinates":[-1.04839,44.76968]},"properties":{"latitude":"44.76968","longitude":"-1.04839","bright_ti4":"301.65","scan":"0.59","track":"0.53","acq_date":"2026-07-26","acq_time":"132","satellite":"N","instrument":"VIIRS","confidence":"n","version":"2.0NRT","bright_ti5":"287.11","frp":"5.99","daynight":"N","commune":"Lanton","code_insee":"33229","departement":"Gironde","region":"Nouvelle-Aquitaine"}},{"type":"Feature","geometry":{"type":"Point","coordinates":[-0.97194,44.76996]},"properties":{"latitude":"44.76996","longitude":"-0.97194","bright_ti4":"312.88","scan":"0.58","track":"0.52","acq_date":"2026-07-26","acq_time":"132","satellite":"N","instrument":"VIIRS","confidence":"n","version":"2.0NRT","bright_ti5":"287.86","frp":"2.38","daynight":"N","commune":"Lanton","code_insee":"33229","departement":"Gironde","region":"Nouvelle-Aquitaine"}},{"type":"Feature","geometry":{"type":"Point","coordinates":[-1.05602,44.77014]},"properties":{"latitude":"44.77014","longitude":"-1.05602","bright_ti4":"302.34","scan":"0.59","track":"0.53","acq_date":"2026-07-26","acq_time":"132","satellite":"N","instrument":"VIIRS","confidence":"n","version":"2.0NRT","bright_ti5":"286.84","frp":"5.99","daynight":"N","commune":"Andernos-les-Bains","code_insee":"33005","departement":"Gironde","region":"Nouvelle-Aquitaine"}},{"type":"Feature","geometry":{"type":"Point","coordinates":[-0.97952,44.77042]},"properties":{"latitude":"44.77042","longitude":"-0.97952","bright_ti4":"302.35","scan":"0.58","track":"0.52","acq_date":"2026-07-26","acq_time":"132","satellite":"N","instrument":"VIIRS","confidence":"n","version":"2.0NRT","bright_ti5":"286.01","frp":"2.38","daynight":"N","commune":"Lanton","code_insee":"33229","departement":"Gironde","region":"Nouvelle-Aquitaine"}},{"type":"Feature","geometry":{"type":"Point","coordinates":[-0.9337,44.77252]},"properties":{"latitude":"44.77252","longitude":"-0.9337","bright_ti4":"327.59","scan":"0.58","track":"0.52","acq_date":"2026-07-26","acq_time":"132","satellite":"N","instrument":"VIIRS","confidence":"n","version":"2.0NRT","bright_ti5":"291.1","frp":"4.95","daynight":"N","commune":"Lanton","code_insee":"33229","departement":"Gironde","region":"Nouvelle-Aquitaine"}},{"type":"Feature","geometry":{"type":"Point","coordinates":[-1.1019,44.77289]},"properties":{"latitude":"44.77289","longitude":"-1.1019","bright_ti4":"306.8","scan":"0.59","track":"0.53","acq_date":"2026-07-26","acq_time":"132","satellite":"N","instrument":"VIIRS","confidence":"n","version":"2.0NRT","bright_ti5":"286.89","frp":"2.74","daynight":"N","commune":"Arès","code_insee":"33011","departement":"Gironde","region":"Nouvelle-Aquitaine"}},{"type":"Feature","geometry":{"type":"Point","coordinates":[-0.94124,44.77299]},"properties":{"latitude":"44.77299","longitude":"-0.94124","bright_ti4":"325.93","scan":"0.58","track":"0.52","acq_date":"2026-07-26","acq_time":"132","satellite":"N","instrument":"VIIRS","confidence":"n","version":"2.0NRT","bright_ti5":"291.58","frp":"5.75","daynight":"N","commune":"Lanton","code_insee":"33229","departement":"Gironde","region":"Nouvelle-Aquitaine"}},{"type":"Feature","geometry":{"type":"Point","coordinates":[-1.1096,44.77335]},"properties":{"latitude":"44.77335","longitude":"-1.1096","bright_ti4":"350.26","scan":"0.59","track":"0.53","acq_date":"2026-07-26","acq_time":"132","satellite":"N","instrument":"VIIRS","confidence":"n","version":"2.0NRT","bright_ti5":"294.5","frp":"13.32","daynight":"N","commune":"Arès","code_insee":"33011","departement":"Gironde","region":"Nouvelle-Aquitaine"}},{"type":"Feature","geometry":{"type":"Point","coordinates":[-0.94877,44.77345]},"properties":{"latitude":"44.77345","longitude":"-0.94877","bright_ti4":"320.66","scan":"0.58","track":"0.52","acq_date":"2026-07-26","acq_time":"132","satellite":"N","instrument":"VIIRS","confidence":"n","version":"2.0NRT","bright_ti5":"291.05","frp":"5.75","daynight":"N","commune":"Lanton","code_insee":"33229","departement":"Gironde","region":"Nouvelle-Aquitaine"}},{"type":"Feature","geometry":{"type":"Point","coordinates":[-1.21668,44.77373]},"properties":{"latitude":"44.77373","longitude":"-1.21668","bright_ti4":"300.31","scan":"0.6","track":"0.53","acq_date":"2026-07-26","acq_time":"132","satellite":"N","instrument":"VIIRS","confidence":"n","version":"2.0NRT","bright_ti5":"284.85","frp":"1.04","daynight":"N","commune":"Lège-Cap-Ferret","code_insee":"33236","departement":"Gironde","region":"Nouvelle-Aquitaine"}},{"type":"Feature","geometry":{"type":"Point","coordinates":[-1.1173,44.77381]},"properties":{"latitude":"44.77381","longitude":"-1.1173","bright_ti4":"337.04","scan":"0.59","track":"0.53","acq_date":"2026-07-26","acq_time":"132","satellite":"N","instrument":"VIIRS","confidence":"n","version":"2.0NRT","bright_ti5":"287.38","frp":"13.32","daynight":"N","commune":"Arès","code_insee":"33011","departement":"Gironde","region":"Nouvelle-Aquitaine"}},{"type":"Feature","geometry":{"type":"Point","coordinates":[-1.20248,44.77388]},"properties":{"latitude":"44.77388","longitude":"-1.20248","bright_ti4":"300.76","scan":"0.6","track":"0.53","acq_date":"2026-07-26","acq_time":"132","satellite":"N","instrument":"VIIRS","confidence":"n","version":"2.0NRT","bright_ti5":"285.73","frp":"1.87","daynight":"N","commune":"Lège-Cap-Ferret","code_insee":"33236","departement":"Gironde","region":"Nouvelle-Aquitaine"}},{"type":"Feature","geometry":{"type":"Point","coordinates":[-0.95627,44.77391]},"properties":{"latitude":"44.77391","longitude":"-0.95627","bright_ti4":"305.09","scan":"0.58","track":"0.52","acq_date":"2026-07-26","acq_time":"132","satellite":"N","instrument":"VIIRS","confidence":"n","version":"2.0NRT","bright_ti5":"287.7","frp":"4.49","daynight":"N","commune":"Lanton","code_insee":"33229","departement":"Gironde","region":"Nouvelle-Aquitaine"}},{"type":"Feature","geometry":{"type":"Point","coordinates":[-0.96378,44.77438]},"properties":{"latitude":"44.77438","longitude":"-0.96378","bright_ti4":"304.81","scan":"0.58","track":"0.52","acq_date":"2026-07-26","acq_time":"132","satellite":"N","instrument":"VIIRS","confidence":"n","version":"2.0NRT","bright_ti5":"287.37","frp":"4.49","daynight":"N","commune":"Lanton","code_insee":"33229","departement":"Gironde","region":"Nouvelle-Aquitaine"}},{"type":"Feature","geometry":{"type":"Point","coordinates":[-1.21796,44.77479]},"properties":{"latitude":"44.77479","longitude":"-1.21796","bright_ti4":"306.46","scan":"0.6","track":"0.53","acq_date":"2026-07-26","acq_time":"132","satellite":"N","instrument":"VIIRS","confidence":"n","version":"2.0NRT","bright_ti5":"284.96","frp":"2.89","daynight":"N","commune":"Lège-Cap-Ferret","code_insee":"33236","departement":"Gironde","region":"Nouvelle-Aquitaine"}},{"type":"Feature","geometry":{"type":"Point","coordinates":[-0.97131,44.77484]},"properties":{"latitude":"44.77484","longitude":"-0.97131","bright_ti4":"303.29","scan":"0.58","track":"0.52","acq_date":"2026-07-26","acq_time":"132","satellite":"N","instrument":"VIIRS","confidence":"n","version":"2.0NRT","bright_ti5":"287.53","frp":"2.38","daynight":"N","commune":"Lanton","code_insee":"33229","departement":"Gironde","region":"Nouvelle-Aquitaine"}},{"type":"Feature","geometry":{"type":"Point","coordinates":[-1.16349,44.77655]},"properties":{"latitude":"44.77655","longitude":"-1.16349","bright_ti4":"300.43","scan":"0.6","track":"0.53","acq_date":"2026-07-26","acq_time":"132","satellite":"N","instrument":"VIIRS","confidence":"n","version":"2.0NRT","bright_ti5":"286.68","frp":"1.94","daynight":"N","commune":"Lège-Cap-Ferret","code_insee":"33236","departement":"Gironde","region":"Nouvelle-Aquitaine"}},{"type":"Feature","geometry":{"type":"Point","coordinates":[-0.93306,44.77739]},"properties":{"latitude":"44.77739","longitude":"-0.93306","bright_ti4":"328.13","scan":"0.58","track":"0.52","acq_date":"2026-07-26","acq_time":"132","satellite":"N","instrument":"VIIRS","confidence":"n","version":"2.0NRT","bright_ti5":"288.14","frp":"3.23","daynight":"N","commune":"Lanton","code_insee":"33229","departement":"Gironde","region":"Nouvelle-Aquitaine"}},{"type":"Feature","geometry":{"type":"Point","coordinates":[-0.9406,44.77785]},"properties":{"latitude":"44.77785","longitude":"-0.9406","bright_ti4":"334.27","scan":"0.58","track":"0.52","acq_date":"2026-07-26","acq_time":"132","satellite":"N","instrument":"VIIRS","confidence":"n","version":"2.0NRT","bright_ti5":"291.33","frp":"6.7","daynight":"N","commune":"Lanton","code_insee":"33229","departement":"Gironde","region":"Nouvelle-Aquitaine"}},{"type":"Feature","geometry":{"type":"Point","coordinates":[-1.10895,44.77826]},"properties":{"latitude":"44.77826","longitude":"-1.10895","bright_ti4":"314.42","scan":"0.59","track":"0.53","acq_date":"2026-07-26","acq_time":"132","satellite":"N","instrument":"VIIRS","confidence":"n","version":"2.0NRT","bright_ti5":"288.88","frp":"4.72","daynight":"N","commune":"Arès","code_insee":"33011","departement":"Gironde","region":"Nouvelle-Aquitaine"}},{"type":"Feature","geometry":{"type":"Point","coordinates":[-0.94813,44.77832]},"properties":{"latitude":"44.77832","longitude":"-0.94813","bright_ti4":"309.1","scan":"0.58","track":"0.52","acq_date":"2026-07-26","acq_time":"132","satellite":"N","instrument":"VIIRS","confidence":"n","version":"2.0NRT","bright_ti5":"288.5","frp":"6.7","daynight":"N","commune":"Lanton","code_insee":"33229","departement":"Gironde","region":"Nouvelle-Aquitaine"}},{"type":"Feature","geometry":{"type":"Point","coordinates":[-1.11663,44.77872]},"properties":{"latitude":"44.77872","longitude":"-1.11663","bright_ti4":"325.97","scan":"0.59","track":"0.53","acq_date":"2026-07-26","acq_time":"132","satellite":"N","instrument":"VIIRS","confidence":"n","version":"2.0NRT","bright_ti5":"290.74","frp":"4.72","daynight":"N","commune":"Arès","code_insee":"33011","departement":"Gironde","region":"Nouvelle-Aquitaine"}},{"type":"Feature","geometry":{"type":"Point","coordinates":[-1.20181,44.77882]},"properties":{"latitude":"44.77882","longitude":"-1.20181","bright_ti4":"305.63","scan":"0.6","track":"0.53","acq_date":"2026-07-26","acq_time":"132","satellite":"N","instrument":"VIIRS","confidence":"n","version":"2.0NRT","bright_ti5":"286.9","frp":"1.87","daynight":"N","commune":"Lège-Cap-Ferret","code_insee":"33236","departement":"Gironde","region":"Nouvelle-Aquitaine"}},{"type":"Feature","geometry":{"type":"Point","coordinates":[-1.12431,44.77918]},"properties":{"latitude":"44.77918","longitude":"-1.12431","bright_ti4":"330.24","scan":"0.59","track":"0.53","acq_date":"2026-07-26","acq_time":"132","satellite":"N","instrument":"VIIRS","confidence":"n","version":"2.0NRT","bright_ti5":"289.29","frp":"7.32","daynight":"N","commune":"Arès","code_insee":"33011","departement":"Gironde","region":"Nouvelle-Aquitaine"}},{"type":"Feature","geometry":{"type":"Point","coordinates":[-0.93242,44.78225]},"properties":{"latitude":"44.78225","longitude":"-0.93242","bright_ti4":"299.62","scan":"0.58","track":"0.52","acq_date":"2026-07-26","acq_time":"132","satellite":"N","instrument":"VIIRS","confidence":"n","version":"2.0NRT","bright_ti5":"285.58","frp":"3.23","daynight":"N","commune":"Lanton","code_insee":"33229","departement":"Gironde","region":"Nouvelle-Aquitaine"}},{"type":"Feature","geometry":{"type":"Point","coordinates":[-0.93997,44.78273]},"properties":{"latitude":"44.78273","longitude":"-0.93997","bright_ti4":"344.57","scan":"0.58","track":"0.52","acq_date":"2026-07-26","acq_time":"132","satellite":"N","instrument":"VIIRS","confidence":"n","version":"2.0NRT","bright_ti5":"287.78","frp":"6.7","daynight":"N","commune":"Lanton","code_insee":"33229","departement":"Gironde","region":"Nouvelle-Aquitaine"}},{"type":"Feature","geometry":{"type":"Point","coordinates":[-0.98517,44.78553]},"properties":{"latitude":"44.78553","longitude":"-0.98517","bright_ti4":"301.74","scan":"0.58","track":"0.52","acq_date":"2026-07-26","acq_time":"132","satellite":"N","instrument":"VIIRS","confidence":"n","version":"2.0NRT","bright_ti5":"286.83","frp":"1.7","daynight":"N","commune":"Lanton","code_insee":"33229","departement":"Gironde","region":"Nouvelle-Aquitaine"}},{"type":"Feature","geometry":{"type":"Point","coordinates":[-1.09874,44.79744]},"properties":{"latitude":"44.79744","longitude":"-1.09874","bright_ti4":"302.81","scan":"0.59","track":"0.53","acq_date":"2026-07-26","acq_time":"132","satellite":"N","instrument":"VIIRS","confidence":"n","version":"2.0NRT","bright_ti5":"285.85","frp":"6.69","daynight":"N","commune":"Arès","code_insee":"33011","departement":"Gironde","region":"Nouvelle-Aquitaine"}},{"type":"Feature","geometry":{"type":"Point","coordinates":[-0.98327,44.80018]},"properties":{"latitude":"44.80018","longitude":"-0.98327","bright_ti4":"301.88","scan":"0.58","track":"0.52","acq_date":"2026-07-26","acq_time":"132","satellite":"N","instrument":"VIIRS","confidence":"n","version":"2.0NRT","bright_ti5":"286.94","frp":"1.28","daynight":"N","commune":"Lanton","code_insee":"33229","departement":"Gironde","region":"Nouvelle-Aquitaine"}},{"type":"Feature","geometry":{"type":"Point","coordinates":[-1.09812,44.80236]},"properties":{"latitude":"44.80236","longitude":"-1.09812","bright_ti4":"350.31","scan":"0.59","track":"0.53","acq_date":"2026-07-26","acq_time":"132","satellite":"N","instrument":"VIIRS","confidence":"n","version":"2.0NRT","bright_ti5":"290.11","frp":"6.69","daynight":"N","commune":"Arès","code_insee":"33011","departement":"Gironde","region":"Nouvelle-Aquitaine"}},{"type":"Feature","geometry":{"type":"Point","coordinates":[-1.10578,44.80283]},"properties":{"latitude":"44.80283","longitude":"-1.10578","bright_ti4":"302.81","scan":"0.59","track":"0.53","acq_date":"2026-07-26","acq_time":"132","satellite":"N","instrument":"VIIRS","confidence":"n","version":"2.0NRT","bright_ti5":"285.48","frp":"5.93","daynight":"N","commune":"Lège-Cap-Ferret","code_insee":"33236","departement":"Gironde","region":"Nouvelle-Aquitaine"}},{"type":"Feature","geometry":{"type":"Point","coordinates":[-0.98264,44.80506]},"properties":{"latitude":"44.80506","longitude":"-0.98264","bright_ti4":"304.48","scan":"0.58","track":"0.52","acq_date":"2026-07-26","acq_time":"132","satellite":"N","instrument":"VIIRS","confidence":"n","version":"2.0NRT","bright_ti5":"287.99","frp":"1.28","daynight":"N","commune":"Lanton","code_insee":"33229","departement":"Gironde","region":"Nouvelle-Aquitaine"}},{"type":"Feature","geometry":{"type":"Point","coordinates":[-0.99019,44.80553]},"properties":{"latitude":"44.80553","longitude":"-0.99019","bright_ti4":"301.57","scan":"0.59","track":"0.52","acq_date":"2026-07-26","acq_time":"132","satellite":"N","instrument":"VIIRS","confidence":"n","version":"2.0NRT","bright_ti5":"287.1","frp":"1.28","daynight":"N","commune":"Lanton","code_insee":"33229","departement":"Gironde","region":"Nouvelle-Aquitaine"}},{"type":"Feature","geometry":{"type":"Point","coordinates":[-1.08982,44.8068]},"properties":{"latitude":"44.8068","longitude":"-1.08982","bright_ti4":"332.85","scan":"0.59","track":"0.53","acq_date":"2026-07-26","acq_time":"132","satellite":"N","instrument":"VIIRS","confidence":"n","version":"2.0NRT","bright_ti5":"287.68","frp":"8.08","daynight":"N","commune":"Arès","code_insee":"33011","departement":"Gironde","region":"Nouvelle-Aquitaine"}},{"type":"Feature","geometry":{"type":"Point","coordinates":[-1.09747,44.80727]},"properties":{"latitude":"44.80727","longitude":"-1.09747","bright_ti4":"342.43","scan":"0.59","track":"0.53","acq_date":"2026-07-26","acq_time":"132","satellite":"N","instrument":"VIIRS","confidence":"n","version":"2.0NRT","bright_ti5":"289.21","frp":"8.08","daynight":"N","commune":"Lège-Cap-Ferret","code_insee":"33236","departement":"Gironde","region":"Nouvelle-Aquitaine"}},{"type":"Feature","geometry":{"type":"Point","coordinates":[-0.99585,44.82067]},"properties":{"latitude":"44.82067","longitude":"-0.99585","bright_ti4":"301.11","scan":"0.59","track":"0.53","acq_date":"2026-07-26","acq_time":"132","satellite":"N","instrument":"VIIRS","confidence":"n","version":"2.0NRT","bright_ti5":"286.84","frp":"2.02","daynight":"N","commune":"Lanton","code_insee":"33229","departement":"Gironde","region":"Nouvelle-Aquitaine"}},{"type":"Feature","geometry":{"type":"Point","coordinates":[-0.94041,44.83878]},"properties":{"latitude":"44.83878","longitude":"-0.94041","bright_ti4":"306.36","scan":"0.58","track":"0.52","acq_date":"2026-07-26","acq_time":"132","satellite":"N","instrument":"VIIRS","confidence":"n","version":"2.0NRT","bright_ti5":"288.36","frp":"2.69","daynight":"N","commune":"Le Temple","code_insee":"33528","departement":"Gironde","region":"Nouvelle-Aquitaine"}},{"type":"Feature","geometry":{"type":"Point","coordinates":[-0.94798,44.83923]},"properties":{"latitude":"44.83923","longitude":"-0.94798","bright_ti4":"308.85","scan":"0.58","track":"0.52","acq_date":"2026-07-26","acq_time":"132","satellite":"N","instrument":"VIIRS","confidence":"n","version":"2.0NRT","bright_ti5":"288.67","frp":"2.69","daynight":"N","commune":"Le Temple","code_insee":"33528","departement":"Gironde","region":"Nouvelle-Aquitaine"}},{"type":"Feature","geometry":{"type":"Point","coordinates":[-0.97821,44.84102]},"properties":{"latitude":"44.84102","longitude":"-0.97821","bright_ti4":"304.53","scan":"0.59","track":"0.52","acq_date":"2026-07-26","acq_time":"132","satellite":"N","instrument":"VIIRS","confidence":"n","version":"2.0NRT","bright_ti5":"287.32","frp":"3.11","daynight":"N","commune":"Le Temple","code_insee":"33528","departement":"Gironde","region":"Nouvelle-Aquitaine"}},{"type":"Feature","geometry":{"type":"Point","coordinates":[-0.9858,44.84146]},"properties":{"latitude":"44.84146","longitude":"-0.9858","bright_ti4":"301.89","scan":"0.59","track":"0.53","acq_date":"2026-07-26","acq_time":"132","satellite":"N","instrument":"VIIRS","confidence":"n","version":"2.0NRT","bright_ti5":"286.44","frp":"1.53","daynight":"N","commune":"Le Temple","code_insee":"33528","departement":"Gironde","region":"Nouvelle-Aquitaine"}},{"type":"Feature","geometry":{"type":"Point","coordinates":[-0.93994,44.84167]},"properties":{"latitude":"44.84167","longitude":"-0.93994","bright_ti4":"319.06","scan":"0.58","track":"0.52","acq_date":"2026-07-26","acq_time":"132","satellite":"N","instrument":"VIIRS","confidence":"n","version":"2.0NRT","bright_ti5":"290.55","frp":"5.08","daynight":"N","commune":"Le Temple","code_insee":"33528","departement":"Gironde","region":"Nouvelle-Aquitaine"}},{"type":"Feature","geometry":{"type":"Point","coordinates":[-0.94746,44.84216]},"properties":{"latitude":"44.84216","longitude":"-0.94746","bright_ti4":"312.73","scan":"0.58","track":"0.52","acq_date":"2026-07-26","acq_time":"132","satellite":"N","instrument":"VIIRS","confidence":"n","version":"2.0NRT","bright_ti5":"288.93","frp":"5.06","daynight":"N","commune":"Le Temple","code_insee":"33528","departement":"Gironde","region":"Nouvelle-Aquitaine"}},{"type":"Feature","geometry":{"type":"Point","coordinates":[-0.97009,44.84363]},"properties":{"latitude":"44.84363","longitude":"-0.97009","bright_ti4":"321.56","scan":"0.58","track":"0.52","acq_date":"2026-07-26","acq_time":"132","satellite":"N","instrument":"VIIRS","confidence":"n","version":"2.0NRT","bright_ti5":"288.13","frp":"4.45","daynight":"N","commune":"Le Temple","code_insee":"33528","departement":"Gironde","region":"Nouvelle-Aquitaine"}},{"type":"Feature","geometry":{"type":"Point","coordinates":[-0.93979,44.84366]},"properties":{"latitude":"44.84366","longitude":"-0.93979","bright_ti4":"317.74","scan":"0.58","track":"0.52","acq_date":"2026-07-26","acq_time":"132","satellite":"N","instrument":"VIIRS","confidence":"n","version":"2.0NRT","bright_ti5":"290.27","frp":"4.23","daynight":"N","commune":"Le Temple","code_insee":"33528","departement":"Gironde","region":"Nouvelle-Aquitaine"}},{"type":"Feature","geometry":{"type":"Point","coordinates":[-0.94731,44.8441]},"properties":{"latitude":"44.8441","longitude":"-0.94731","bright_ti4":"317.74","scan":"0.58","track":"0.52","acq_date":"2026-07-26","acq_time":"132","satellite":"N","instrument":"VIIRS","confidence":"n","version":"2.0NRT","bright_ti5":"289.74","frp":"4.23","daynight":"N","commune":"Le Temple","code_insee":"33528","departement":"Gironde","region":"Nouvelle-Aquitaine"}},{"type":"Feature","geometry":{"type":"Point","coordinates":[-0.97764,44.84412]},"properties":{"latitude":"44.84412","longitude":"-0.97764","bright_ti4":"317.67","scan":"0.58","track":"0.52","acq_date":"2026-07-26","acq_time":"132","satellite":"N","instrument":"VIIRS","confidence":"n","version":"2.0NRT","bright_ti5":"288.42","frp":"3.8","daynight":"N","commune":"Le Temple","code_insee":"33528","departement":"Gironde","region":"Nouvelle-Aquitaine"}},{"type":"Feature","geometry":{"type":"Point","coordinates":[-0.98522,44.84461]},"properties":{"latitude":"44.84461","longitude":"-0.98522","bright_ti4":"314.27","scan":"0.59","track":"0.52","acq_date":"2026-07-26","acq_time":"132","satellite":"N","instrument":"VIIRS","confidence":"n","version":"2.0NRT","bright_ti5":"285.84","frp":"3.8","daynight":"N","commune":"Le Temple","code_insee":"33528","departement":"Gironde","region":"Nouvelle-Aquitaine"}},{"type":"Feature","geometry":{"type":"Point","coordinates":[-0.96999,44.84546]},"properties":{"latitude":"44.84546","longitude":"-0.96999","bright_ti4":"325.72","scan":"0.58","track":"0.52","acq_date":"2026-07-26","acq_time":"132","satellite":"N","instrument":"VIIRS","confidence":"n","version":"2.0NRT","bright_ti5":"289.07","frp":"4.97","daynight":"N","commune":"Le Temple","code_insee":"33528","departement":"Gironde","region":"Nouvelle-Aquitaine"}},{"type":"Feature","geometry":{"type":"Point","coordinates":[-0.97756,44.84591]},"properties":{"latitude":"44.84591","longitude":"-0.97756","bright_ti4":"320.62","scan":"0.59","track":"0.52","acq_date":"2026-07-26","acq_time":"132","satellite":"N","instrument":"VIIRS","confidence":"n","version":"2.0NRT","bright_ti5":"288.83","frp":"4.97","daynight":"N","commune":"Le Temple","code_insee":"33528","departement":"Gironde","region":"Nouvelle-Aquitaine"}},{"type":"Feature","geometry":{"type":"Point","coordinates":[-0.98514,44.84635]},"properties":{"latitude":"44.84635","longitude":"-0.98514","bright_ti4":"317.07","scan":"0.59","track":"0.53","acq_date":"2026-07-26","acq_time":"132","satellite":"N","instrument":"VIIRS","confidence":"n","version":"2.0NRT","bright_ti5":"286.47","frp":"3.28","daynight":"N","commune":"Le Temple","code_insee":"33528","departement":"Gironde","region":"Nouvelle-Aquitaine"}},{"type":"Feature","geometry":{"type":"Point","coordinates":[-0.93933,44.84655]},"properties":{"latitude":"44.84655","longitude":"-0.93933","bright_ti4":"303.93","scan":"0.58","track":"0.52","acq_date":"2026-07-26","acq_time":"132","satellite":"N","instrument":"VIIRS","confidence":"n","version":"2.0NRT","bright_ti5":"288.21","frp":"1.55","daynight":"N","commune":"Le Temple","code_insee":"33528","departement":"Gironde","region":"Nouvelle-Aquitaine"}},{"type":"Feature","geometry":{"type":"Point","coordinates":[-0.94683,44.84703]},"properties":{"latitude":"44.84703","longitude":"-0.94683","bright_ti4":"313.8","scan":"0.58","track":"0.52","acq_date":"2026-07-26","acq_time":"132","satellite":"N","instrument":"VIIRS","confidence":"n","version":"2.0NRT","bright_ti5":"289.74","frp":"2.38","daynight":"N","commune":"Le Temple","code_insee":"33528","departement":"Gironde","region":"Nouvelle-Aquitaine"}},{"type":"Feature","geometry":{"type":"Point","coordinates":[-1.02304,44.84706]},"properties":{"latitude":"44.84706","longitude":"-1.02304","bright_ti4":"302.22","scan":"0.59","track":"0.53","acq_date":"2026-07-26","acq_time":"132","satellite":"N","instrument":"VIIRS","confidence":"n","version":"2.0NRT","bright_ti5":"287.22","frp":"1.82","daynight":"N","commune":"Le Temple","code_insee":"33528","departement":"Gironde","region":"Nouvelle-Aquitaine"}},{"type":"Feature","geometry":{"type":"Point","coordinates":[-0.95434,44.84753]},"properties":{"latitude":"44.84753","longitude":"-0.95434","bright_ti4":"303.33","scan":"0.58","track":"0.52","acq_date":"2026-07-26","acq_time":"132","satellite":"N","instrument":"VIIRS","confidence":"n","version":"2.0NRT","bright_ti5":"287.57","frp":"2.38","daynight":"N","commune":"Le Temple","code_insee":"33528","departement":"Gironde","region":"Nouvelle-Aquitaine"}},{"type":"Feature","geometry":{"type":"Point","coordinates":[-0.96189,44.84802]},"properties":{"latitude":"44.84802","longitude":"-0.96189","bright_ti4":"312.22","scan":"0.58","track":"0.52","acq_date":"2026-07-26","acq_time":"132","satellite":"N","instrument":"VIIRS","confidence":"n","version":"2.0NRT","bright_ti5":"287.94","frp":"4.22","daynight":"N","commune":"Le Temple","code_insee":"33528","departement":"Gironde","region":"Nouvelle-Aquitaine"}},{"type":"Feature","geometry":{"type":"Point","coordinates":[-0.96946,44.84851]},"properties":{"latitude":"44.84851","longitude":"-0.96946","bright_ti4":"326.41","scan":"0.58","track":"0.52","acq_date":"2026-07-26","acq_time":"132","satellite":"N","instrument":"VIIRS","confidence":"n","version":"2.0NRT","bright_ti5":"290.05","frp":"4.22","daynight":"N","commune":"Le Temple","code_insee":"33528","departement":"Gironde","region":"Nouvelle-Aquitaine"}},{"type":"Feature","geometry":{"type":"Point","coordinates":[-1.02307,44.84859]},"properties":{"latitude":"44.84859","longitude":"-1.02307","bright_ti4":"303.05","scan":"0.59","track":"0.53","acq_date":"2026-07-26","acq_time":"132","satellite":"N","instrument":"VIIRS","confidence":"n","version":"2.0NRT","bright_ti5":"287.07","frp":"3.69","daynight":"N","commune":"Le Temple","code_insee":"33528","departement":"Gironde","region":"Nouvelle-Aquitaine"}},{"type":"Feature","geometry":{"type":"Point","coordinates":[-0.97702,44.849]},"properties":{"latitude":"44.849","longitude":"-0.97702","bright_ti4":"316.66","scan":"0.58","track":"0.52","acq_date":"2026-07-26","acq_time":"132","satellite":"N","instrument":"VIIRS","confidence":"n","version":"2.0NRT","bright_ti5":"288.63","frp":"3.14","daynight":"N","commune":"Le Temple","code_insee":"33528","departement":"Gironde","region":"Nouvelle-Aquitaine"}},{"type":"Feature","geometry":{"type":"Point","coordinates":[-0.95421,44.84943]},"properties":{"latitude":"44.84943","longitude":"-0.95421","bright_ti4":"302.02","scan":"0.58","track":"0.52","acq_date":"2026-07-26","acq_time":"132","satellite":"N","instrument":"VIIRS","confidence":"n","version":"2.0NRT","bright_ti5":"287.37","frp":"3.82","daynight":"N","commune":"Le Temple","code_insee":"33528","departement":"Gironde","region":"Nouvelle-Aquitaine"}},{"type":"Feature","geometry":{"type":"Point","coordinates":[-0.98458,44.8495]},"properties":{"latitude":"44.8495","longitude":"-0.98458","bright_ti4":"315.63","scan":"0.59","track":"0.52","acq_date":"2026-07-26","acq_time":"132","satellite":"N","instrument":"VIIRS","confidence":"n","version":"2.0NRT","bright_ti5":"288.42","frp":"3.14","daynight":"N","commune":"Le Temple","code_insee":"33528","departement":"Gironde","region":"Nouvelle-Aquitaine"}},{"type":"Feature","geometry":{"type":"Point","coordinates":[-0.96176,44.84988]},"properties":{"latitude":"44.84988","longitude":"-0.96176","bright_ti4":"325.4","scan":"0.58","track":"0.52","acq_date":"2026-07-26","acq_time":"132","satellite":"N","instrument":"VIIRS","confidence":"n","version":"2.0NRT","bright_ti5":"289.05","frp":"3.82","daynight":"N","commune":"Le Temple","code_insee":"33528","departement":"Gironde","region":"Nouvelle-Aquitaine"}},{"type":"Feature","geometry":{"type":"Point","coordinates":[-0.96935,44.85033]},"properties":{"latitude":"44.85033","longitude":"-0.96935","bright_ti4":"333.25","scan":"0.58","track":"0.52","acq_date":"2026-07-26","acq_time":"132","satellite":"N","instrument":"VIIRS","confidence":"n","version":"2.0NRT","bright_ti5":"291.02","frp":"4.97","daynight":"N","commune":"Le Temple","code_insee":"33528","departement":"Gironde","region":"Nouvelle-Aquitaine"}},{"type":"Feature","geometry":{"type":"Point","coordinates":[-0.97692,44.85078]},"properties":{"latitude":"44.85078","longitude":"-0.97692","bright_ti4":"310.66","scan":"0.59","track":"0.52","acq_date":"2026-07-26","acq_time":"132","satellite":"N","instrument":"VIIRS","confidence":"n","version":"2.0NRT","bright_ti5":"286.91","frp":"4.97","daynight":"N","commune":"Le Temple","code_insee":"33528","departement":"Gironde","region":"Nouvelle-Aquitaine"}},{"type":"Feature","geometry":{"type":"Point","coordinates":[-0.9845,44.85124]},"properties":{"latitude":"44.85124","longitude":"-0.9845","bright_ti4":"313.73","scan":"0.59","track":"0.53","acq_date":"2026-07-26","acq_time":"132","satellite":"N","instrument":"VIIRS","confidence":"n","version":"2.0NRT","bright_ti5":"288.7","frp":"3.28","daynight":"N","commune":"Le Temple","code_insee":"33528","departement":"Gironde","region":"Nouvelle-Aquitaine"}},{"type":"Feature","geometry":{"type":"Point","coordinates":[-1.02247,44.85195]},"properties":{"latitude":"44.85195","longitude":"-1.02247","bright_ti4":"303.17","scan":"0.59","track":"0.53","acq_date":"2026-07-26","acq_time":"132","satellite":"N","instrument":"VIIRS","confidence":"n","version":"2.0NRT","bright_ti5":"287.52","frp":"2.29","daynight":"N","commune":"Le Temple","code_insee":"33528","departement":"Gironde","region":"Nouvelle-Aquitaine"}},{"type":"Feature","geometry":{"type":"Point","coordinates":[-0.95374,44.85241]},"properties":{"latitude":"44.85241","longitude":"-0.95374","bright_ti4":"310.72","scan":"0.58","track":"0.52","acq_date":"2026-07-26","acq_time":"132","satellite":"N","instrument":"VIIRS","confidence":"n","version":"2.0NRT","bright_ti5":"287.78","frp":"2.38","daynight":"N","commune":"Le Temple","code_insee":"33528","departement":"Gironde","region":"Nouvelle-Aquitaine"}},{"type":"Feature","geometry":{"type":"Point","coordinates":[-1.03013,44.85245]},"properties":{"latitude":"44.85245","longitude":"-1.03013","bright_ti4":"319.94","scan":"0.59","track":"0.53","acq_date":"2026-07-26","acq_time":"132","satellite":"N","instrument":"VIIRS","confidence":"n","version":"2.0NRT","bright_ti5":"286.88","frp":"2.29","daynight":"N","commune":"Le Temple","code_insee":"33528","departement":"Gironde","region":"Nouvelle-Aquitaine"}},{"type":"Feature","geometry":{"type":"Point","coordinates":[-0.96126,44.8529]},"properties":{"latitude":"44.8529","longitude":"-0.96126","bright_ti4":"325.61","scan":"0.58","track":"0.52","acq_date":"2026-07-26","acq_time":"132","satellite":"N","instrument":"VIIRS","confidence":"n","version":"2.0NRT","bright_ti5":"288.97","frp":"4.22","daynight":"N","commune":"Le Temple","code_insee":"33528","departement":"Gironde","region":"Nouvelle-Aquitaine"}},{"type":"Feature","geometry":{"type":"Point","coordinates":[-0.96883,44.85339]},"properties":{"latitude":"44.85339","longitude":"-0.96883","bright_ti4":"319.56","scan":"0.58","track":"0.52","acq_date":"2026-07-26","acq_time":"132","satellite":"N","instrument":"VIIRS","confidence":"n","version":"2.0NRT","bright_ti5":"288.35","frp":"4.22","daynight":"N","commune":"Le Temple","code_insee":"33528","departement":"Gironde","region":"Nouvelle-Aquitaine"}},{"type":"Feature","geometry":{"type":"Point","coordinates":[-0.9764,44.85389]},"properties":{"latitude":"44.85389","longitude":"-0.9764","bright_ti4":"319.85","scan":"0.58","track":"0.52","acq_date":"2026-07-26","acq_time":"132","satellite":"N","instrument":"VIIRS","confidence":"n","version":"2.0NRT","bright_ti5":"285.16","frp":"3.14","daynight":"N","commune":"Le Temple","code_insee":"33528","departement":"Gironde","region":"Nouvelle-Aquitaine"}},{"type":"Feature","geometry":{"type":"Point","coordinates":[-1.03015,44.85395]},"properties":{"latitude":"44.85395","longitude":"-1.03015","bright_ti4":"316.63","scan":"0.59","track":"0.53","acq_date":"2026-07-26","acq_time":"132","satellite":"N","instrument":"VIIRS","confidence":"n","version":"2.0NRT","bright_ti5":"286.81","frp":"3.61","daynight":"N","commune":"Le Temple","code_insee":"33528","departement":"Gironde","region":"Nouvelle-Aquitaine"}},{"type":"Feature","geometry":{"type":"Point","coordinates":[-0.95359,44.85431]},"properties":{"latitude":"44.85431","longitude":"-0.95359","bright_ti4":"330.93","scan":"0.58","track":"0.52","acq_date":"2026-07-26","acq_time":"132","satellite":"N","instrument":"VIIRS","confidence":"n","version":"2.0NRT","bright_ti5":"289.85","frp":"5.51","daynight":"N","commune":"Le Temple","code_insee":"33528","departement":"Gironde","region":"Nouvelle-Aquitaine"}},{"type":"Feature","geometry":{"type":"Point","coordinates":[-0.98395,44.85438]},"properties":{"latitude":"44.85438","longitude":"-0.98395","bright_ti4":"304.66","scan":"0.59","track":"0.52","acq_date":"2026-07-26","acq_time":"132","satellite":"N","instrument":"VIIRS","confidence":"n","version":"2.0NRT","bright_ti5":"287.45","frp":"3.14","daynight":"N","commune":"Le Temple","code_insee":"33528","departement":"Gironde","region":"Nouvelle-Aquitaine"}},{"type":"Feature","geometry":{"type":"Point","coordinates":[-0.96113,44.85476]},"properties":{"latitude":"44.85476","longitude":"-0.96113","bright_ti4":"321.31","scan":"0.58","track":"0.52","acq_date":"2026-07-26","acq_time":"132","satellite":"N","instrument":"VIIRS","confidence":"n","version":"2.0NRT","bright_ti5":"287.41","frp":"5.51","daynight":"N","commune":"Le Temple","code_insee":"33528","departement":"Gironde","region":"Nouvelle-Aquitaine"}},{"type":"Feature","geometry":{"type":"Point","coordinates":[-0.97629,44.85567]},"properties":{"latitude":"44.85567","longitude":"-0.97629","bright_ti4":"324.2","scan":"0.59","track":"0.52","acq_date":"2026-07-26","acq_time":"132","satellite":"N","instrument":"VIIRS","confidence":"n","version":"2.0NRT","bright_ti5":"286.52","frp":"5.33","daynight":"N","commune":"Le Temple","code_insee":"33528","departement":"Gironde","region":"Nouvelle-Aquitaine"}},{"type":"Feature","geometry":{"type":"Point","coordinates":[-0.95313,44.85728]},"properties":{"latitude":"44.85728","longitude":"-0.95313","bright_ti4":"354.29","scan":"0.58","track":"0.52","acq_date":"2026-07-26","acq_time":"132","satellite":"N","instrument":"VIIRS","confidence":"n","version":"2.0NRT","bright_ti5":"292.59","frp":"8.39","daynight":"N","commune":"Le Temple","code_insee":"33528","departement":"Gironde","region":"Nouvelle-Aquitaine"}},{"type":"Feature","geometry":{"type":"Point","coordinates":[-0.96067,44.85778]},"properties":{"latitude":"44.85778","longitude":"-0.96067","bright_ti4":"314.61","scan":"0.58","track":"0.52","acq_date":"2026-07-26","acq_time":"132","satellite":"N","instrument":"VIIRS","confidence":"n","version":"2.0NRT","bright_ti5":"286.54","frp":"5.12","daynight":"N","commune":"Le Temple","code_insee":"33528","departement":"Gironde","region":"Nouvelle-Aquitaine"}},{"type":"Feature","geometry":{"type":"Point","coordinates":[-0.97577,44.85877]},"properties":{"latitude":"44.85877","longitude":"-0.97577","bright_ti4":"313.91","scan":"0.58","track":"0.52","acq_date":"2026-07-26","acq_time":"132","satellite":"N","instrument":"VIIRS","confidence":"n","version":"2.0NRT","bright_ti5":"286.26","frp":"1.54","daynight":"N","commune":"Le Temple","code_insee":"33528","departement":"Gironde","region":"Nouvelle-Aquitaine"}},{"type":"Feature","geometry":{"type":"Point","coordinates":[-0.95298,44.85919]},"properties":{"latitude":"44.85919","longitude":"-0.95298","bright_ti4":"347.9","scan":"0.58","track":"0.52","acq_date":"2026-07-26","acq_time":"132","satellite":"N","instrument":"VIIRS","confidence":"n","version":"2.0NRT","bright_ti5":"291.77","frp":"5.51","daynight":"N","commune":"Le Temple","code_insee":"33528","departement":"Gironde","region":"Nouvelle-Aquitaine"}},{"type":"Feature","geometry":{"type":"Point","coordinates":[-0.96053,44.85965]},"properties":{"latitude":"44.85965","longitude":"-0.96053","bright_ti4":"300.26","scan":"0.58","track":"0.52","acq_date":"2026-07-26","acq_time":"132","satellite":"N","instrument":"VIIRS","confidence":"n","version":"2.0NRT","bright_ti5":"285.44","frp":"5.51","daynight":"N","commune":"Le Temple","code_insee":"33528","departement":"Gironde","region":"Nouvelle-Aquitaine"}},{"type":"Feature","geometry":{"type":"Point","coordinates":[-0.92247,44.86017]},"properties":{"latitude":"44.86017","longitude":"-0.92247","bright_ti4":"305.37","scan":"0.58","track":"0.52","acq_date":"2026-07-26","acq_time":"132","satellite":"N","instrument":"VIIRS","confidence":"n","version":"2.0NRT","bright_ti5":"287.22","frp":"1.79","daynight":"N","commune":"Le Temple","code_insee":"33528","departement":"Gironde","region":"Nouvelle-Aquitaine"}},{"type":"Feature","geometry":{"type":"Point","coordinates":[-0.95253,44.86216]},"properties":{"latitude":"44.86216","longitude":"-0.95253","bright_ti4":"307.36","scan":"0.58","track":"0.52","acq_date":"2026-07-26","acq_time":"132","satellite":"N","instrument":"VIIRS","confidence":"n","version":"2.0NRT","bright_ti5":"288.25","frp":"8.39","daynight":"N","commune":"Le Temple","code_insee":"33528","departement":"Gironde","region":"Nouvelle-Aquitaine"}},{"type":"Feature","geometry":{"type":"Point","coordinates":[-0.96746,44.86499]},"properties":{"latitude":"44.86499","longitude":"-0.96746","bright_ti4":"303","scan":"0.58","track":"0.52","acq_date":"2026-07-26","acq_time":"132","satellite":"N","instrument":"VIIRS","confidence":"n","version":"2.0NRT","bright_ti5":"284.96","frp":"2.91","daynight":"N","commune":"Le Temple","code_insee":"33528","departement":"Gironde","region":"Nouvelle-Aquitaine"}},{"type":"Feature","geometry":{"type":"Point","coordinates":[-0.96687,44.86987]},"properties":{"latitude":"44.86987","longitude":"-0.96687","bright_ti4":"324.36","scan":"0.58","track":"0.52","acq_date":"2026-07-26","acq_time":"132","satellite":"N","instrument":"VIIRS","confidence":"n","version":"2.0NRT","bright_ti5":"289.13","frp":"2.91","daynight":"N","commune":"Le Temple","code_insee":"33528","departement":"Gironde","region":"Nouvelle-Aquitaine"}},{"type":"Feature","geometry":{"type":"Point","coordinates":[-0.96624,44.87475]},"properties":{"latitude":"44.87475","longitude":"-0.96624","bright_ti4":"313.58","scan":"0.58","track":"0.52","acq_date":"2026-07-26","acq_time":"132","satellite":"N","instrument":"VIIRS","confidence":"n","version":"2.0NRT","bright_ti5":"288.29","frp":"5.8","daynight":"N","commune":"Le Temple","code_insee":"33528","departement":"Gironde","region":"Nouvelle-Aquitaine"}},{"type":"Feature","geometry":{"type":"Point","coordinates":[-0.97381,44.87521]},"properties":{"latitude":"44.87521","longitude":"-0.97381","bright_ti4":"335.05","scan":"0.59","track":"0.52","acq_date":"2026-07-26","acq_time":"132","satellite":"N","instrument":"VIIRS","confidence":"n","version":"2.0NRT","bright_ti5":"290.44","frp":"5.8","daynight":"N","commune":"Le Temple","code_insee":"33528","departement":"Gironde","region":"Nouvelle-Aquitaine"}},{"type":"Feature","geometry":{"type":"Point","coordinates":[-0.98138,44.87567]},"properties":{"latitude":"44.87567","longitude":"-0.98138","bright_ti4":"339.38","scan":"0.59","track":"0.53","acq_date":"2026-07-26","acq_time":"132","satellite":"N","instrument":"VIIRS","confidence":"n","version":"2.0NRT","bright_ti5":"289.04","frp":"10.4","daynight":"N","commune":"Le Temple","code_insee":"33528","departement":"Gironde","region":"Nouvelle-Aquitaine"}},{"type":"Feature","geometry":{"type":"Point","coordinates":[-0.97317,44.8801]},"properties":{"latitude":"44.8801","longitude":"-0.97317","bright_ti4":"321.03","scan":"0.59","track":"0.52","acq_date":"2026-07-26","acq_time":"132","satellite":"N","instrument":"VIIRS","confidence":"n","version":"2.0NRT","bright_ti5":"290.21","frp":"5.8","daynight":"N","commune":"Le Temple","code_insee":"33528","departement":"Gironde","region":"Nouvelle-Aquitaine"}},{"type":"Feature","geometry":{"type":"Point","coordinates":[-0.89713,44.88033]},"properties":{"latitude":"44.88033","longitude":"-0.89713","bright_ti4":"310.54","scan":"0.58","track":"0.52","acq_date":"2026-07-26","acq_time":"132","satellite":"N","instrument":"VIIRS","confidence":"n","version":"2.0NRT","bright_ti5":"287.21","frp":"2.31","daynight":"N","commune":"Le Temple","code_insee":"33528","departement":"Gironde","region":"Nouvelle-Aquitaine"}},{"type":"Feature","geometry":{"type":"Point","coordinates":[-0.98075,44.88056]},"properties":{"latitude":"44.88056","longitude":"-0.98075","bright_ti4":"343.42","scan":"0.59","track":"0.53","acq_date":"2026-07-26","acq_time":"132","satellite":"N","instrument":"VIIRS","confidence":"n","version":"2.0NRT","bright_ti5":"291.59","frp":"10.4","daynight":"N","commune":"Le Temple","code_insee":"33528","departement":"Gironde","region":"Nouvelle-Aquitaine"}},{"type":"Feature","geometry":{"type":"Point","coordinates":[-0.90466,44.88079]},"properties":{"latitude":"44.88079","longitude":"-0.90466","bright_ti4":"305.5","scan":"0.58","track":"0.52","acq_date":"2026-07-26","acq_time":"132","satellite":"N","instrument":"VIIRS","confidence":"n","version":"2.0NRT","bright_ti5":"286.9","frp":"3.79","daynight":"N","commune":"Le Temple","code_insee":"33528","departement":"Gironde","region":"Nouvelle-Aquitaine"}},{"type":"Feature","geometry":{"type":"Point","coordinates":[-0.98834,44.88102]},"properties":{"latitude":"44.88102","longitude":"-0.98834","bright_ti4":"337.43","scan":"0.59","track":"0.53","acq_date":"2026-07-26","acq_time":"132","satellite":"N","instrument":"VIIRS","confidence":"n","version":"2.0NRT","bright_ti5":"287.24","frp":"10.4","daynight":"N","commune":"Le Temple","code_insee":"33528","departement":"Gironde","region":"Nouvelle-Aquitaine"}},{"type":"Feature","geometry":{"type":"Point","coordinates":[-0.94985,44.88359]},"properties":{"latitude":"44.88359","longitude":"-0.94985","bright_ti4":"302.36","scan":"0.58","track":"0.52","acq_date":"2026-07-26","acq_time":"132","satellite":"N","instrument":"VIIRS","confidence":"n","version":"2.0NRT","bright_ti5":"287.78","frp":"1.35","daynight":"N","commune":"Le Temple","code_insee":"33528","departement":"Gironde","region":"Nouvelle-Aquitaine"}},{"type":"Feature","geometry":{"type":"Point","coordinates":[-0.95742,44.88405]},"properties":{"latitude":"44.88405","longitude":"-0.95742","bright_ti4":"301.88","scan":"0.58","track":"0.52","acq_date":"2026-07-26","acq_time":"132","satellite":"N","instrument":"VIIRS","confidence":"n","version":"2.0NRT","bright_ti5":"287.42","frp":"1.35","daynight":"N","commune":"Le Temple","code_insee":"33528","departement":"Gironde","region":"Nouvelle-Aquitaine"}},{"type":"Feature","geometry":{"type":"Point","coordinates":[-0.88902,44.88473]},"properties":{"latitude":"44.88473","longitude":"-0.88902","bright_ti4":"308.42","scan":"0.58","track":"0.52","acq_date":"2026-07-26","acq_time":"132","satellite":"N","instrument":"VIIRS","confidence":"n","version":"2.0NRT","bright_ti5":"287.13","frp":"2.31","daynight":"N","commune":"Le Temple","code_insee":"33528","departement":"Gironde","region":"Nouvelle-Aquitaine"}},{"type":"Feature","geometry":{"type":"Point","coordinates":[-0.98772,44.88591]},"properties":{"latitude":"44.88591","longitude":"-0.98772","bright_ti4":"305.89","scan":"0.59","track":"0.53","acq_date":"2026-07-26","acq_time":"132","satellite":"N","instrument":"VIIRS","confidence":"n","version":"2.0NRT","bright_ti5":"287.22","frp":"3.22","daynight":"N","commune":"Saumos","code_insee":"33503","departement":"Gironde","region":"Nouvelle-Aquitaine"}},{"type":"Feature","geometry":{"type":"Point","coordinates":[-0.9191,44.8866]},"properties":{"latitude":"44.8866","longitude":"-0.9191","bright_ti4":"300.23","scan":"0.58","track":"0.52","acq_date":"2026-07-26","acq_time":"132","satellite":"N","instrument":"VIIRS","confidence":"n","version":"2.0NRT","bright_ti5":"286.23","frp":"2.23","daynight":"N","commune":"Le Temple","code_insee":"33528","departement":"Gironde","region":"Nouvelle-Aquitaine"}},{"type":"Feature","geometry":{"type":"Point","coordinates":[-1.00296,44.88684]},"properties":{"latitude":"44.88684","longitude":"-1.00296","bright_ti4":"352.83","scan":"0.59","track":"0.53","acq_date":"2026-07-26","acq_time":"132","satellite":"N","instrument":"VIIRS","confidence":"n","version":"2.0NRT","bright_ti5":"298.74","frp":"14.75","daynight":"N","commune":"Le Temple","code_insee":"33528","departement":"Gironde","region":"Nouvelle-Aquitaine"}},{"type":"Feature","geometry":{"type":"Point","coordinates":[-1.01059,44.88731]},"properties":{"latitude":"44.88731","longitude":"-1.01059","bright_ti4":"330.63","scan":"0.59","track":"0.53","acq_date":"2026-07-26","acq_time":"132","satellite":"N","instrument":"VIIRS","confidence":"n","version":"2.0NRT","bright_ti5":"287.06","frp":"8.86","daynight":"N","commune":"Le Temple","code_insee":"33528","departement":"Gironde","region":"Nouvelle-Aquitaine"}},{"type":"Feature","geometry":{"type":"Point","coordinates":[-0.94167,44.888]},"properties":{"latitude":"44.888","longitude":"-0.94167","bright_ti4":"302.81","scan":"0.58","track":"0.52","acq_date":"2026-07-26","acq_time":"132","satellite":"N","instrument":"VIIRS","confidence":"n","version":"2.0NRT","bright_ti5":"288.02","frp":"2.7","daynight":"N","commune":"Le Temple","code_insee":"33528","departement":"Gironde","region":"Nouvelle-Aquitaine"}},{"type":"Feature","geometry":{"type":"Point","coordinates":[-0.94923,44.88847]},"properties":{"latitude":"44.88847","longitude":"-0.94923","bright_ti4":"301.64","scan":"0.58","track":"0.52","acq_date":"2026-07-26","acq_time":"132","satellite":"N","instrument":"VIIRS","confidence":"n","version":"2.0NRT","bright_ti5":"287.52","frp":"1.35","daynight":"N","commune":"Le Temple","code_insee":"33528","departement":"Gironde","region":"Nouvelle-Aquitaine"}},{"type":"Feature","geometry":{"type":"Point","coordinates":[-1.00234,44.89174]},"properties":{"latitude":"44.89174","longitude":"-1.00234","bright_ti4":"322.06","scan":"0.59","track":"0.53","acq_date":"2026-07-26","acq_time":"132","satellite":"N","instrument":"VIIRS","confidence":"n","version":"2.0NRT","bright_ti5":"289.73","frp":"14.75","daynight":"N","commune":"Saumos","code_insee":"33503","departement":"Gironde","region":"Nouvelle-Aquitaine"}},{"type":"Feature","geometry":{"type":"Point","coordinates":[-1.00994,44.8922]},"properties":{"latitude":"44.8922","longitude":"-1.00994","bright_ti4":"304.13","scan":"0.59","track":"0.53","acq_date":"2026-07-26","acq_time":"132","satellite":"N","instrument":"VIIRS","confidence":"n","version":"2.0NRT","bright_ti5":"286.12","frp":"8.86","daynight":"N","commune":"Saumos","code_insee":"33503","departement":"Gironde","region":"Nouvelle-Aquitaine"}},{"type":"Feature","geometry":{"type":"Point","coordinates":[-0.93979,44.90263]},"properties":{"latitude":"44.90263","longitude":"-0.93979","bright_ti4":"304.47","scan":"0.58","track":"0.52","acq_date":"2026-07-26","acq_time":"132","satellite":"N","instrument":"VIIRS","confidence":"n","version":"2.0NRT","bright_ti5":"287.25","frp":"2.15","daynight":"N","commune":"Saumos","code_insee":"33503","departement":"Gironde","region":"Nouvelle-Aquitaine"}},{"type":"Feature","geometry":{"type":"Point","coordinates":[-0.95492,44.90358]},"properties":{"latitude":"44.90358","longitude":"-0.95492","bright_ti4":"304.51","scan":"0.58","track":"0.52","acq_date":"2026-07-26","acq_time":"132","satellite":"N","instrument":"VIIRS","confidence":"n","version":"2.0NRT","bright_ti5":"286.08","frp":"3.09","daynight":"N","commune":"Saumos","code_insee":"33503","departement":"Gironde","region":"Nouvelle-Aquitaine"}},{"type":"Feature","geometry":{"type":"Point","coordinates":[-0.9625,44.90405]},"properties":{"latitude":"44.90405","longitude":"-0.9625","bright_ti4":"320.1","scan":"0.58","track":"0.52","acq_date":"2026-07-26","acq_time":"132","satellite":"N","instrument":"VIIRS","confidence":"n","version":"2.0NRT","bright_ti5":"286.45","frp":"2.95","daynight":"N","commune":"Saumos","code_insee":"33503","departement":"Gironde","region":"Nouvelle-Aquitaine"}},{"type":"Feature","geometry":{"type":"Point","coordinates":[-0.92407,44.90656]},"properties":{"latitude":"44.90656","longitude":"-0.92407","bright_ti4":"302.17","scan":"0.58","track":"0.52","acq_date":"2026-07-26","acq_time":"132","satellite":"N","instrument":"VIIRS","confidence":"n","version":"2.0NRT","bright_ti5":"286.9","frp":"2.51","daynight":"N","commune":"Sainte-Hélène","code_insee":"33417","departement":"Gironde","region":"Nouvelle-Aquitaine"}},{"type":"Feature","geometry":{"type":"Point","coordinates":[-0.93162,44.90703]},"properties":{"latitude":"44.90703","longitude":"-0.93162","bright_ti4":"308.26","scan":"0.58","track":"0.52","acq_date":"2026-07-26","acq_time":"132","satellite":"N","instrument":"VIIRS","confidence":"n","version":"2.0NRT","bright_ti5":"288.33","frp":"2.15","daynight":"N","commune":"Sainte-Hélène","code_insee":"33417","departement":"Gironde","region":"Nouvelle-Aquitaine"}},{"type":"Feature","geometry":{"type":"Point","coordinates":[-0.93917,44.90751]},"properties":{"latitude":"44.90751","longitude":"-0.93917","bright_ti4":"310.61","scan":"0.58","track":"0.52","acq_date":"2026-07-26","acq_time":"132","satellite":"N","instrument":"VIIRS","confidence":"n","version":"2.0NRT","bright_ti5":"287.29","frp":"2.15","daynight":"N","commune":"Saumos","code_insee":"33503","departement":"Gironde","region":"Nouvelle-Aquitaine"}},{"type":"Feature","geometry":{"type":"Point","coordinates":[-0.931,44.91191]},"properties":{"latitude":"44.91191","longitude":"-0.931","bright_ti4":"307.1","scan":"0.58","track":"0.52","acq_date":"2026-07-26","acq_time":"132","satellite":"N","instrument":"VIIRS","confidence":"n","version":"2.0NRT","bright_ti5":"287.55","frp":"2.93","daynight":"N","commune":"Sainte-Hélène","code_insee":"33417","departement":"Gironde","region":"Nouvelle-Aquitaine"}},{"type":"Feature","geometry":{"type":"Point","coordinates":[-0.93855,44.91238]},"properties":{"latitude":"44.91238","longitude":"-0.93855","bright_ti4":"323.95","scan":"0.58","track":"0.52","acq_date":"2026-07-26","acq_time":"132","satellite":"N","instrument":"VIIRS","confidence":"n","version":"2.0NRT","bright_ti5":"288.55","frp":"2.93","daynight":"N","commune":"Sainte-Hélène","code_insee":"33417","departement":"Gironde","region":"Nouvelle-Aquitaine"}},{"type":"Feature","geometry":{"type":"Point","coordinates":[-0.99035,44.9255]},"properties":{"latitude":"44.9255","longitude":"-0.99035","bright_ti4":"303.69","scan":"0.59","track":"0.53","acq_date":"2026-07-26","acq_time":"132","satellite":"N","instrument":"VIIRS","confidence":"n","version":"2.0NRT","bright_ti5":"287.59","frp":"3.75","daynight":"N","commune":"Saumos","code_insee":"33503","departement":"Gironde","region":"Nouvelle-Aquitaine"}},{"type":"Feature","geometry":{"type":"Point","coordinates":[-1.09745,44.93221]},"properties":{"latitude":"44.93221","longitude":"-1.09745","bright_ti4":"307.79","scan":"0.59","track":"0.53","acq_date":"2026-07-26","acq_time":"132","satellite":"N","instrument":"VIIRS","confidence":"n","version":"2.0NRT","bright_ti5":"285.15","frp":"4.6","daynight":"N","commune":"Lacanau","code_insee":"33214","departement":"Gironde","region":"Nouvelle-Aquitaine"}},{"type":"Feature","geometry":{"type":"Point","coordinates":[-1.08913,44.93665]},"properties":{"latitude":"44.93665","longitude":"-1.08913","bright_ti4":"303.76","scan":"0.59","track":"0.53","acq_date":"2026-07-26","acq_time":"132","satellite":"N","instrument":"VIIRS","confidence":"n","version":"2.0NRT","bright_ti5":"285.52","frp":"4.68","daynight":"N","commune":"Lacanau","code_insee":"33214","departement":"Gironde","region":"Nouvelle-Aquitaine"}},{"type":"Feature","geometry":{"type":"Point","coordinates":[-1.0583,44.94624]},"properties":{"latitude":"44.94624","longitude":"-1.0583","bright_ti4":"297.36","scan":"0.59","track":"0.53","acq_date":"2026-07-26","acq_time":"132","satellite":"N","instrument":"VIIRS","confidence":"n","version":"2.0NRT","bright_ti5":"279.06","frp":"3.16","daynight":"N","commune":"Lacanau","code_insee":"33214","departement":"Gironde","region":"Nouvelle-Aquitaine"}},{"type":"Feature","geometry":{"type":"Point","coordinates":[-1.05664,44.94945]},"properties":{"latitude":"44.94945","longitude":"-1.05664","bright_ti4":"304.84","scan":"0.59","track":"0.53","acq_date":"2026-07-26","acq_time":"132","satellite":"N","instrument":"VIIRS","confidence":"n","version":"2.0NRT","bright_ti5":"280.4","frp":"0.74","daynight":"N","commune":"Lacanau","code_insee":"33214","departement":"Gironde","region":"Nouvelle-Aquitaine"}},{"type":"Feature","geometry":{"type":"Point","coordinates":[-1.02477,44.9573]},"properties":{"latitude":"44.9573","longitude":"-1.02477","bright_ti4":"300.73","scan":"0.59","track":"0.53","acq_date":"2026-07-26","acq_time":"132","satellite":"N","instrument":"VIIRS","confidence":"n","version":"2.0NRT","bright_ti5":"284.41","frp":"2.15","daynight":"N","commune":"Lacanau","code_insee":"33214","departement":"Gironde","region":"Nouvelle-Aquitaine"}},{"type":"Feature","geometry":{"type":"Point","coordinates":[-1.02573,44.95917]},"properties":{"latitude":"44.95917","longitude":"-1.02573","bright_ti4":"310.74","scan":"0.59","track":"0.53","acq_date":"2026-07-26","acq_time":"132","satellite":"N","instrument":"VIIRS","confidence":"n","version":"2.0NRT","bright_ti5":"286","frp":"3.29","daynight":"N","commune":"Lacanau","code_insee":"33214","departement":"Gironde","region":"Nouvelle-Aquitaine"}},{"type":"Feature","geometry":{"type":"Point","coordinates":[-1.02417,44.9622]},"properties":{"latitude":"44.9622","longitude":"-1.02417","bright_ti4":"318.42","scan":"0.59","track":"0.53","acq_date":"2026-07-26","acq_time":"132","satellite":"N","instrument":"VIIRS","confidence":"n","version":"2.0NRT","bright_ti5":"284.94","frp":"2.15","daynight":"N","commune":"Lacanau","code_insee":"33214","departement":"Gironde","region":"Nouvelle-Aquitaine"}},{"type":"Feature","geometry":{"type":"Point","coordinates":[-1.02512,44.96407]},"properties":{"latitude":"44.96407","longitude":"-1.02512","bright_ti4":"302.22","scan":"0.59","track":"0.53","acq_date":"2026-07-26","acq_time":"132","satellite":"N","instrument":"VIIRS","confidence":"n","version":"2.0NRT","bright_ti5":"278.93","frp":"1.83","daynight":"N","commune":"Lacanau","code_insee":"33214","departement":"Gironde","region":"Nouvelle-Aquitaine"}},{"type":"Feature","geometry":{"type":"Point","coordinates":[-1.00154,44.96761]},"properties":{"latitude":"44.96761","longitude":"-1.00154","bright_ti4":"298.8","scan":"0.59","track":"0.53","acq_date":"2026-07-26","acq_time":"132","satellite":"N","instrument":"VIIRS","confidence":"n","version":"2.0NRT","bright_ti5":"283.3","frp":"2.34","daynight":"N","commune":"Lacanau","code_insee":"33214","departement":"Gironde","region":"Nouvelle-Aquitaine"}},{"type":"Feature","geometry":{"type":"Point","coordinates":[-1.00919,44.96807]},"properties":{"latitude":"44.96807","longitude":"-1.00919","bright_ti4":"298.11","scan":"0.59","track":"0.53","acq_date":"2026-07-26","acq_time":"132","satellite":"N","instrument":"VIIRS","confidence":"n","version":"2.0NRT","bright_ti5":"281.37","frp":"1.74","daynight":"N","commune":"Lacanau","code_insee":"33214","departement":"Gironde","region":"Nouvelle-Aquitaine"}},{"type":"Feature","geometry":{"type":"Point","coordinates":[-1.00004,44.97051]},"properties":{"latitude":"44.97051","longitude":"-1.00004","bright_ti4":"299","scan":"0.59","track":"0.53","acq_date":"2026-07-26","acq_time":"132","satellite":"N","instrument":"VIIRS","confidence":"n","version":"2.0NRT","bright_ti5":"281.29","frp":"2.44","daynight":"N","commune":"Lacanau","code_insee":"33214","departement":"Gironde","region":"Nouvelle-Aquitaine"}},{"type":"Feature","geometry":{"type":"Point","coordinates":[-0.14084,46.80625]},"properties":{"latitude":"46.80625","longitude":"-0.14084","bright_ti4":"296.37","scan":"0.56","track":"0.51","acq_date":"2026-07-26","acq_time":"132","satellite":"N","instrument":"VIIRS","confidence":"n","version":"2.0NRT","bright_ti5":"286.07","frp":"0.93","daynight":"N","commune":"Airvault","code_insee":"79005","departement":"Deux-Sèvres","region":"Nouvelle-Aquitaine"}},{"type":"Feature","geometry":{"type":"Point","coordinates":[-0.13945,46.80646]},"properties":{"latitude":"46.80646","longitude":"-0.13945","bright_ti4":"297.02","scan":"0.56","track":"0.51","acq_date":"2026-07-26","acq_time":"132","satellite":"N","instrument":"VIIRS","confidence":"n","version":"2.0NRT","bright_ti5":"286.42","frp":"1.01","daynight":"N","commune":"Airvault","code_insee":"79005","departement":"Deux-Sèvres","region":"Nouvelle-Aquitaine"}},{"type":"Feature","geometry":{"type":"Point","coordinates":[0.1543,46.8069]},"properties":{"latitude":"46.8069","longitude":"0.1543","bright_ti4":"332.66","scan":"0.54","track":"0.51","acq_date":"2026-07-26","acq_time":"132","satellite":"N","instrument":"VIIRS","confidence":"n","version":"2.0NRT","bright_ti5":"287.2","frp":"5.36","daynight":"N","commune":"Chouppes","code_insee":"86075","departement":"Vienne","region":"Nouvelle-Aquitaine"}},{"type":"Feature","geometry":{"type":"Point","coordinates":[-0.10437,46.97647]},"properties":{"latitude":"46.97647","longitude":"-0.10437","bright_ti4":"317.13","scan":"0.56","track":"0.51","acq_date":"2026-07-26","acq_time":"132","satellite":"N","instrument":"VIIRS","confidence":"n","version":"2.0NRT","bright_ti5":"286.26","frp":"1.79","daynight":"N","commune":"Saint-Léger-de-Montbrun","code_insee":"79265","departement":"Deux-Sèvres","region":"Nouvelle-Aquitaine"}},{"type":"Feature","geometry":{"type":"Point","coordinates":[-1.10631,44.37989]},"properties":{"latitude":"44.37989","longitude":"-1.10631","bright_ti4":"309.2","scan":"0.42","track":"0.61","acq_date":"2026-07-26","acq_time":"310","satellite":"N","instrument":"VIIRS","confidence":"n","version":"2.0NRT","bright_ti5":"285.51","frp":"2.07","daynight":"N","commune":"Parentis-en-Born","code_insee":"40217","departement":"Landes","region":"Nouvelle-Aquitaine"}},{"type":"Feature","geometry":{"type":"Point","coordinates":[-0.82133,44.70958]},"properties":{"latitude":"44.70958","longitude":"-0.82133","bright_ti4":"307.49","scan":"0.43","track":"0.62","acq_date":"2026-07-26","acq_time":"310","satellite":"N","instrument":"VIIRS","confidence":"n","version":"2.0NRT","bright_ti5":"282.77","frp":"1.3","daynight":"N","commune":"Marcheprime","code_insee":"33555","departement":"Gironde","region":"Nouvelle-Aquitaine"}},{"type":"Feature","geometry":{"type":"Point","coordinates":[-0.82643,44.71114]},"properties":{"latitude":"44.71114","longitude":"-0.82643","bright_ti4":"298.98","scan":"0.43","track":"0.62","acq_date":"2026-07-26","acq_time":"310","satellite":"N","instrument":"VIIRS","confidence":"n","version":"2.0NRT","bright_ti5":"284.02","frp":"1.04","daynight":"N","commune":"Marcheprime","code_insee":"33555","departement":"Gironde","region":"Nouvelle-Aquitaine"}},{"type":"Feature","geometry":{"type":"Point","coordinates":[-0.80791,44.71177]},"properties":{"latitude":"44.71177","longitude":"-0.80791","bright_ti4":"308.38","scan":"0.43","track":"0.62","acq_date":"2026-07-26","acq_time":"310","satellite":"N","instrument":"VIIRS","confidence":"n","version":"2.0NRT","bright_ti5":"279.93","frp":"1.1","daynight":"N","commune":"Marcheprime","code_insee":"33555","departement":"Gironde","region":"Nouvelle-Aquitaine"}},{"type":"Feature","geometry":{"type":"Point","coordinates":[-0.83153,44.71269]},"properties":{"latitude":"44.71269","longitude":"-0.83153","bright_ti4":"303.76","scan":"0.43","track":"0.62","acq_date":"2026-07-26","acq_time":"310","satellite":"N","instrument":"VIIRS","confidence":"n","version":"2.0NRT","bright_ti5":"283.92","frp":"1.04","daynight":"N","commune":"Marcheprime","code_insee":"33555","departement":"Gironde","region":"Nouvelle-Aquitaine"}},{"type":"Feature","geometry":{"type":"Point","coordinates":[-0.81302,44.71333]},"properties":{"latitude":"44.71333","longitude":"-0.81302","bright_ti4":"319.88","scan":"0.43","track":"0.62","acq_date":"2026-07-26","acq_time":"310","satellite":"N","instrument":"VIIRS","confidence":"n","version":"2.0NRT","bright_ti5":"280.41","frp":"2.24","daynight":"N","commune":"Marcheprime","code_insee":"33555","departement":"Gironde","region":"Nouvelle-Aquitaine"}},{"type":"Feature","geometry":{"type":"Point","coordinates":[-0.79455,44.71399]},"properties":{"latitude":"44.71399","longitude":"-0.79455","bright_ti4":"298.29","scan":"0.43","track":"0.62","acq_date":"2026-07-26","acq_time":"310","satellite":"N","instrument":"VIIRS","confidence":"n","version":"2.0NRT","bright_ti5":"280.84","frp":"0.35","daynight":"N","commune":"Cestas","code_insee":"33122","departement":"Gironde","region":"Nouvelle-Aquitaine"}},{"type":"Feature","geometry":{"type":"Point","coordinates":[-0.81815,44.71489]},"properties":{"latitude":"44.71489","longitude":"-0.81815","bright_ti4":"330.09","scan":"0.43","track":"0.62","acq_date":"2026-07-26","acq_time":"310","satellite":"N","instrument":"VIIRS","confidence":"n","version":"2.0NRT","bright_ti5":"281.94","frp":"2.24","daynight":"N","commune":"Marcheprime","code_insee":"33555","departement":"Gironde","region":"Nouvelle-Aquitaine"}},{"type":"Feature","geometry":{"type":"Point","coordinates":[-0.79965,44.71554]},"properties":{"latitude":"44.71554","longitude":"-0.79965","bright_ti4":"304.87","scan":"0.43","track":"0.62","acq_date":"2026-07-26","acq_time":"310","satellite":"N","instrument":"VIIRS","confidence":"n","version":"2.0NRT","bright_ti5":"282.1","frp":"1.1","daynight":"N","commune":"Cestas","code_insee":"33122","departement":"Gironde","region":"Nouvelle-Aquitaine"}},{"type":"Feature","geometry":{"type":"Point","coordinates":[-0.84173,44.7158]},"properties":{"latitude":"44.7158","longitude":"-0.84173","bright_ti4":"305.03","scan":"0.43","track":"0.62","acq_date":"2026-07-26","acq_time":"310","satellite":"N","instrument":"VIIRS","confidence":"n","version":"2.0NRT","bright_ti5":"283.71","frp":"2.11","daynight":"N","commune":"Marcheprime","code_insee":"33555","departement":"Gironde","region":"Nouvelle-Aquitaine"}},{"type":"Feature","geometry":{"type":"Point","coordinates":[-0.82328,44.71646]},"properties":{"latitude":"44.71646","longitude":"-0.82328","bright_ti4":"312.92","scan":"0.43","track":"0.62","acq_date":"2026-07-26","acq_time":"310","satellite":"N","instrument":"VIIRS","confidence":"n","version":"2.0NRT","bright_ti5":"284.07","frp":"10.01","daynight":"N","commune":"Marcheprime","code_insee":"33555","departement":"Gironde","region":"Nouvelle-Aquitaine"}},{"type":"Feature","geometry":{"type":"Point","coordinates":[-0.80474,44.71709]},"properties":{"latitude":"44.71709","longitude":"-0.80474","bright_ti4":"308.1","scan":"0.43","track":"0.62","acq_date":"2026-07-26","acq_time":"310","satellite":"N","instrument":"VIIRS","confidence":"n","version":"2.0NRT","bright_ti5":"282.87","frp":"1.1","daynight":"N","commune":"Cestas","code_insee":"33122","departement":"Gironde","region":"Nouvelle-Aquitaine"}},{"type":"Feature","geometry":{"type":"Point","coordinates":[-0.84682,44.71736]},"properties":{"latitude":"44.71736","longitude":"-0.84682","bright_ti4":"300.21","scan":"0.43","track":"0.62","acq_date":"2026-07-26","acq_time":"310","satellite":"N","instrument":"VIIRS","confidence":"n","version":"2.0NRT","bright_ti5":"284.51","frp":"1.21","daynight":"N","commune":"Marcheprime","code_insee":"33555","departement":"Gironde","region":"Nouvelle-Aquitaine"}},{"type":"Feature","geometry":{"type":"Point","coordinates":[-0.82837,44.71801]},"properties":{"latitude":"44.71801","longitude":"-0.82837","bright_ti4":"331.48","scan":"0.43","track":"0.62","acq_date":"2026-07-26","acq_time":"310","satellite":"N","instrument":"VIIRS","confidence":"n","version":"2.0NRT","bright_ti5":"281.99","frp":"10.01","daynight":"N","commune":"Marcheprime","code_insee":"33555","departement":"Gironde","region":"Nouvelle-Aquitaine"}},{"type":"Feature","geometry":{"type":"Point","coordinates":[-0.80985,44.71865]},"properties":{"latitude":"44.71865","longitude":"-0.80985","bright_ti4":"313.13","scan":"0.43","track":"0.62","acq_date":"2026-07-26","acq_time":"310","satellite":"N","instrument":"VIIRS","confidence":"n","version":"2.0NRT","bright_ti5":"283.55","frp":"2.24","daynight":"N","commune":"Cestas","code_insee":"33122","departement":"Gironde","region":"Nouvelle-Aquitaine"}},{"type":"Feature","geometry":{"type":"Point","coordinates":[-0.85192,44.71891]},"properties":{"latitude":"44.71891","longitude":"-0.85192","bright_ti4":"304.68","scan":"0.43","track":"0.62","acq_date":"2026-07-26","acq_time":"310","satellite":"N","instrument":"VIIRS","confidence":"n","version":"2.0NRT","bright_ti5":"284.47","frp":"1.21","daynight":"N","commune":"Marcheprime","code_insee":"33555","departement":"Gironde","region":"Nouvelle-Aquitaine"}},{"type":"Feature","geometry":{"type":"Point","coordinates":[-0.83348,44.71956]},"properties":{"latitude":"44.71956","longitude":"-0.83348","bright_ti4":"319.35","scan":"0.43","track":"0.62","acq_date":"2026-07-26","acq_time":"310","satellite":"N","instrument":"VIIRS","confidence":"n","version":"2.0NRT","bright_ti5":"281.15","frp":"46.67","daynight":"N","commune":"Marcheprime","code_insee":"33555","departement":"Gironde","region":"Nouvelle-Aquitaine"}},{"type":"Feature","geometry":{"type":"Point","coordinates":[-0.81499,44.72021]},"properties":{"latitude":"44.72021","longitude":"-0.81499","bright_ti4":"302.03","scan":"0.43","track":"0.62","acq_date":"2026-07-26","acq_time":"310","satellite":"N","instrument":"VIIRS","confidence":"n","version":"2.0NRT","bright_ti5":"284.75","frp":"2.24","daynight":"N","commune":"Cestas","code_insee":"33122","departement":"Gironde","region":"Nouvelle-Aquitaine"}},{"type":"Feature","geometry":{"type":"Point","coordinates":[-0.83857,44.72112]},"properties":{"latitude":"44.72112","longitude":"-0.83857","bright_ti4":"340.15","scan":"0.43","track":"0.62","acq_date":"2026-07-26","acq_time":"310","satellite":"N","instrument":"VIIRS","confidence":"n","version":"2.0NRT","bright_ti5":"282.35","frp":"46.67","daynight":"N","commune":"Marcheprime","code_insee":"33555","departement":"Gironde","region":"Nouvelle-Aquitaine"}},{"type":"Feature","geometry":{"type":"Point","coordinates":[-0.82012,44.72178]},"properties":{"latitude":"44.72178","longitude":"-0.82012","bright_ti4":"314.57","scan":"0.43","track":"0.62","acq_date":"2026-07-26","acq_time":"310","satellite":"N","instrument":"VIIRS","confidence":"n","version":"2.0NRT","bright_ti5":"285.36","frp":"10.01","daynight":"N","commune":"Cestas","code_insee":"33122","departement":"Gironde","region":"Nouvelle-Aquitaine"}},{"type":"Feature","geometry":{"type":"Point","coordinates":[-0.84367,44.72266]},"properties":{"latitude":"44.72266","longitude":"-0.84367","bright_ti4":"367","scan":"0.43","track":"0.62","acq_date":"2026-07-26","acq_time":"310","satellite":"N","instrument":"VIIRS","confidence":"h","version":"2.0NRT","bright_ti5":"285.1","frp":"90.58","daynight":"N","commune":"Marcheprime","code_insee":"33555","departement":"Gironde","region":"Nouvelle-Aquitaine"}},{"type":"Feature","geometry":{"type":"Point","coordinates":[-0.82522,44.72333]},"properties":{"latitude":"44.72333","longitude":"-0.82522","bright_ti4":"349.12","scan":"0.43","track":"0.62","acq_date":"2026-07-26","acq_time":"310","satellite":"N","instrument":"VIIRS","confidence":"n","version":"2.0NRT","bright_ti5":"286.77","frp":"10.01","daynight":"N","commune":"Marcheprime","code_insee":"33555","departement":"Gironde","region":"Nouvelle-Aquitaine"}},{"type":"Feature","geometry":{"type":"Point","coordinates":[-0.86717,44.72356]},"properties":{"latitude":"44.72356","longitude":"-0.86717","bright_ti4":"299.07","scan":"0.42","track":"0.61","acq_date":"2026-07-26","acq_time":"310","satellite":"N","instrument":"VIIRS","confidence":"n","version":"2.0NRT","bright_ti5":"284.24","frp":"1.45","daynight":"N","commune":"Audenge","code_insee":"33019","departement":"Gironde","region":"Nouvelle-Aquitaine"}},{"type":"Feature","geometry":{"type":"Point","coordinates":[-0.84876,44.72422]},"properties":{"latitude":"44.72422","longitude":"-0.84876","bright_ti4":"355.31","scan":"0.43","track":"0.62","acq_date":"2026-07-26","acq_time":"310","satellite":"N","instrument":"VIIRS","confidence":"n","version":"2.0NRT","bright_ti5":"284.11","frp":"90.58","daynight":"N","commune":"Marcheprime","code_insee":"33555","departement":"Gironde","region":"Nouvelle-Aquitaine"}},{"type":"Feature","geometry":{"type":"Point","coordinates":[-0.83031,44.72487]},"properties":{"latitude":"44.72487","longitude":"-0.83031","bright_ti4":"347.26","scan":"0.43","track":"0.62","acq_date":"2026-07-26","acq_time":"310","satellite":"N","instrument":"VIIRS","confidence":"n","version":"2.0NRT","bright_ti5":"303.53","frp":"46.67","daynight":"N","commune":"Marcheprime","code_insee":"33555","departement":"Gironde","region":"Nouvelle-Aquitaine"}},{"type":"Feature","geometry":{"type":"Point","coordinates":[-0.85386,44.72577]},"properties":{"latitude":"44.72577","longitude":"-0.85386","bright_ti4":"367","scan":"0.43","track":"0.62","acq_date":"2026-07-26","acq_time":"310","satellite":"N","instrument":"VIIRS","confidence":"h","version":"2.0NRT","bright_ti5":"286.11","frp":"13.89","daynight":"N","commune":"Audenge","code_insee":"33019","departement":"Gironde","region":"Nouvelle-Aquitaine"}},{"type":"Feature","geometry":{"type":"Point","coordinates":[-0.83542,44.72643]},"properties":{"latitude":"44.72643","longitude":"-0.83542","bright_ti4":"356.27","scan":"0.43","track":"0.62","acq_date":"2026-07-26","acq_time":"310","satellite":"N","instrument":"VIIRS","confidence":"n","version":"2.0NRT","bright_ti5":"297.16","frp":"46.67","daynight":"N","commune":"Marcheprime","code_insee":"33555","departement":"Gironde","region":"Nouvelle-Aquitaine"}},{"type":"Feature","geometry":{"type":"Point","coordinates":[-0.81694,44.72708]},"properties":{"latitude":"44.72708","longitude":"-0.81694","bright_ti4":"299.47","scan":"0.43","track":"0.62","acq_date":"2026-07-26","acq_time":"310","satellite":"N","instrument":"VIIRS","confidence":"n","version":"2.0NRT","bright_ti5":"284.76","frp":"1.45","daynight":"N","commune":"Cestas","code_insee":"33122","departement":"Gironde","region":"Nouvelle-Aquitaine"}},{"type":"Feature","geometry":{"type":"Point","coordinates":[-0.85895,44.72732]},"properties":{"latitude":"44.72732","longitude":"-0.85895","bright_ti4":"367","scan":"0.42","track":"0.61","acq_date":"2026-07-26","acq_time":"310","satellite":"N","instrument":"VIIRS","confidence":"h","version":"2.0NRT","bright_ti5":"289.31","frp":"13.89","daynight":"N","commune":"Audenge","code_insee":"33019","departement":"Gironde","region":"Nouvelle-Aquitaine"}},{"type":"Feature","geometry":{"type":"Point","coordinates":[-0.82205,44.72864]},"properties":{"latitude":"44.72864","longitude":"-0.82205","bright_ti4":"305.22","scan":"0.43","track":"0.62","acq_date":"2026-07-26","acq_time":"310","satellite":"N","instrument":"VIIRS","confidence":"n","version":"2.0NRT","bright_ti5":"284.93","frp":"1.45","daynight":"N","commune":"Cestas","code_insee":"33122","departement":"Gironde","region":"Nouvelle-Aquitaine"}},{"type":"Feature","geometry":{"type":"Point","coordinates":[-0.86402,44.72886]},"properties":{"latitude":"44.72886","longitude":"-0.86402","bright_ti4":"348.39","scan":"0.42","track":"0.61","acq_date":"2026-07-26","acq_time":"310","satellite":"N","instrument":"VIIRS","confidence":"n","version":"2.0NRT","bright_ti5":"286.06","frp":"6.08","daynight":"N","commune":"Audenge","code_insee":"33019","departement":"Gironde","region":"Nouvelle-Aquitaine"}},{"type":"Feature","geometry":{"type":"Point","coordinates":[-0.84558,44.72952]},"properties":{"latitude":"44.72952","longitude":"-0.84558","bright_ti4":"367","scan":"0.43","track":"0.62","acq_date":"2026-07-26","acq_time":"310","satellite":"N","instrument":"VIIRS","confidence":"h","version":"2.0NRT","bright_ti5":"300.88","frp":"90.58","daynight":"N","commune":"Audenge","code_insee":"33019","departement":"Gironde","region":"Nouvelle-Aquitaine"}},{"type":"Feature","geometry":{"type":"Point","coordinates":[-0.82713,44.73018]},"properties":{"latitude":"44.73018","longitude":"-0.82713","bright_ti4":"332.81","scan":"0.43","track":"0.62","acq_date":"2026-07-26","acq_time":"310","satellite":"N","instrument":"VIIRS","confidence":"n","version":"2.0NRT","bright_ti5":"288.13","frp":"4.76","daynight":"N","commune":"Cestas","code_insee":"33122","departement":"Gironde","region":"Nouvelle-Aquitaine"}},{"type":"Feature","geometry":{"type":"Point","coordinates":[-0.86908,44.7304]},"properties":{"latitude":"44.7304","longitude":"-0.86908","bright_ti4":"335.83","scan":"0.42","track":"0.61","acq_date":"2026-07-26","acq_time":"310","satellite":"N","instrument":"VIIRS","confidence":"n","version":"2.0NRT","bright_ti5":"284","frp":"6.08","daynight":"N","commune":"Audenge","code_insee":"33019","departement":"Gironde","region":"Nouvelle-Aquitaine"}},{"type":"Feature","geometry":{"type":"Point","coordinates":[-0.85067,44.73107]},"properties":{"latitude":"44.73107","longitude":"-0.85067","bright_ti4":"329.57","scan":"0.43","track":"0.62","acq_date":"2026-07-26","acq_time":"310","satellite":"N","instrument":"VIIRS","confidence":"n","version":"2.0NRT","bright_ti5":"287.57","frp":"13.89","daynight":"N","commune":"Audenge","code_insee":"33019","departement":"Gironde","region":"Nouvelle-Aquitaine"}},{"type":"Feature","geometry":{"type":"Point","coordinates":[-0.83222,44.73173]},"properties":{"latitude":"44.73173","longitude":"-0.83222","bright_ti4":"329.58","scan":"0.43","track":"0.62","acq_date":"2026-07-26","acq_time":"310","satellite":"N","instrument":"VIIRS","confidence":"n","version":"2.0NRT","bright_ti5":"289.27","frp":"4.76","daynight":"N","commune":"Cestas","code_insee":"33122","departement":"Gironde","region":"Nouvelle-Aquitaine"}},{"type":"Feature","geometry":{"type":"Point","coordinates":[-0.87413,44.73194]},"properties":{"latitude":"44.73194","longitude":"-0.87413","bright_ti4":"327.58","scan":"0.42","track":"0.61","acq_date":"2026-07-26","acq_time":"310","satellite":"N","instrument":"VIIRS","confidence":"n","version":"2.0NRT","bright_ti5":"284.69","frp":"4.12","daynight":"N","commune":"Audenge","code_insee":"33019","departement":"Gironde","region":"Nouvelle-Aquitaine"}},{"type":"Feature","geometry":{"type":"Point","coordinates":[-0.81374,44.73239]},"properties":{"latitude":"44.73239","longitude":"-0.81374","bright_ti4":"297.44","scan":"0.43","track":"0.62","acq_date":"2026-07-26","acq_time":"310","satellite":"N","instrument":"VIIRS","confidence":"n","version":"2.0NRT","bright_ti5":"283.9","frp":"1.45","daynight":"N","commune":"Cestas","code_insee":"33122","departement":"Gironde","region":"Nouvelle-Aquitaine"}},{"type":"Feature","geometry":{"type":"Point","coordinates":[-0.85576,44.73261]},"properties":{"latitude":"44.73261","longitude":"-0.85576","bright_ti4":"320.27","scan":"0.42","track":"0.61","acq_date":"2026-07-26","acq_time":"310","satellite":"N","instrument":"VIIRS","confidence":"n","version":"2.0NRT","bright_ti5":"287.57","frp":"13.89","daynight":"N","commune":"Audenge","code_insee":"33019","departement":"Gironde","region":"Nouvelle-Aquitaine"}},{"type":"Feature","geometry":{"type":"Point","coordinates":[-0.83732,44.73328]},"properties":{"latitude":"44.73328","longitude":"-0.83732","bright_ti4":"338.78","scan":"0.43","track":"0.62","acq_date":"2026-07-26","acq_time":"310","satellite":"N","instrument":"VIIRS","confidence":"n","version":"2.0NRT","bright_ti5":"290.97","frp":"4.84","daynight":"N","commune":"Marcheprime","code_insee":"33555","departement":"Gironde","region":"Nouvelle-Aquitaine"}},{"type":"Feature","geometry":{"type":"Point","coordinates":[-0.87918,44.73347]},"properties":{"latitude":"44.73347","longitude":"-0.87918","bright_ti4":"345.83","scan":"0.42","track":"0.61","acq_date":"2026-07-26","acq_time":"310","satellite":"N","instrument":"VIIRS","confidence":"n","version":"2.0NRT","bright_ti5":"288.92","frp":"4.12","daynight":"N","commune":"Audenge","code_insee":"33019","departement":"Gironde","region":"Nouvelle-Aquitaine"}},{"type":"Feature","geometry":{"type":"Point","coordinates":[-0.81884,44.73394]},"properties":{"latitude":"44.73394","longitude":"-0.81884","bright_ti4":"315.79","scan":"0.43","track":"0.62","acq_date":"2026-07-26","acq_time":"310","satellite":"N","instrument":"VIIRS","confidence":"n","version":"2.0NRT","bright_ti5":"285.12","frp":"1.45","daynight":"N","commune":"Cestas","code_insee":"33122","departement":"Gironde","region":"Nouvelle-Aquitaine"}},{"type":"Feature","geometry":{"type":"Point","coordinates":[-0.86084,44.73416]},"properties":{"latitude":"44.73416","longitude":"-0.86084","bright_ti4":"303.61","scan":"0.42","track":"0.61","acq_date":"2026-07-26","acq_time":"310","satellite":"N","instrument":"VIIRS","confidence":"n","version":"2.0NRT","bright_ti5":"286.28","frp":"6.08","daynight":"N","commune":"Audenge","code_insee":"33019","departement":"Gironde","region":"Nouvelle-Aquitaine"}},{"type":"Feature","geometry":{"type":"Point","coordinates":[-0.84239,44.73482]},"properties":{"latitude":"44.73482","longitude":"-0.84239","bright_ti4":"336.35","scan":"0.43","track":"0.62","acq_date":"2026-07-26","acq_time":"310","satellite":"N","instrument":"VIIRS","confidence":"n","version":"2.0NRT","bright_ti5":"291.53","frp":"4.84","daynight":"N","commune":"Audenge","code_insee":"33019","departement":"Gironde","region":"Nouvelle-Aquitaine"}},{"type":"Feature","geometry":{"type":"Point","coordinates":[-0.88423,44.73501]},"properties":{"latitude":"44.73501","longitude":"-0.88423","bright_ti4":"337.85","scan":"0.42","track":"0.61","acq_date":"2026-07-26","acq_time":"310","satellite":"N","instrument":"VIIRS","confidence":"n","version":"2.0NRT","bright_ti5":"287.22","frp":"11.24","daynight":"N","commune":"Audenge","code_insee":"33019","departement":"Gironde","region":"Nouvelle-Aquitaine"}},{"type":"Feature","geometry":{"type":"Point","coordinates":[-0.82393,44.73548]},"properties":{"latitude":"44.73548","longitude":"-0.82393","bright_ti4":"333.96","scan":"0.43","track":"0.62","acq_date":"2026-07-26","acq_time":"310","satellite":"N","instrument":"VIIRS","confidence":"n","version":"2.0NRT","bright_ti5":"287.18","frp":"4.76","daynight":"N","commune":"Cestas","code_insee":"33122","departement":"Gironde","region":"Nouvelle-Aquitaine"}},{"type":"Feature","geometry":{"type":"Point","coordinates":[-0.86591,44.7357]},"properties":{"latitude":"44.7357","longitude":"-0.86591","bright_ti4":"307.96","scan":"0.42","track":"0.61","acq_date":"2026-07-26","acq_time":"310","satellite":"N","instrument":"VIIRS","confidence":"n","version":"2.0NRT","bright_ti5":"285.74","frp":"6.08","daynight":"N","commune":"Audenge","code_insee":"33019","departement":"Gironde","region":"Nouvelle-Aquitaine"}},{"type":"Feature","geometry":{"type":"Point","coordinates":[-0.80543,44.73614]},"properties":{"latitude":"44.73614","longitude":"-0.80543","bright_ti4":"296.33","scan":"0.43","track":"0.62","acq_date":"2026-07-26","acq_time":"310","satellite":"N","instrument":"VIIRS","confidence":"n","version":"2.0NRT","bright_ti5":"283.21","frp":"0.62","daynight":"N","commune":"Cestas","code_insee":"33122","departement":"Gironde","region":"Nouvelle-Aquitaine"}},{"type":"Feature","geometry":{"type":"Point","coordinates":[-0.84746,44.73636]},"properties":{"latitude":"44.73636","longitude":"-0.84746","bright_ti4":"308.83","scan":"0.43","track":"0.62","acq_date":"2026-07-26","acq_time":"310","satellite":"N","instrument":"VIIRS","confidence":"n","version":"2.0NRT","bright_ti5":"287.07","frp":"2.43","daynight":"N","commune":"Audenge","code_insee":"33019","departement":"Gironde","region":"Nouvelle-Aquitaine"}},{"type":"Feature","geometry":{"type":"Point","coordinates":[-0.88929,44.73655]},"properties":{"latitude":"44.73655","longitude":"-0.88929","bright_ti4":"367","scan":"0.42","track":"0.61","acq_date":"2026-07-26","acq_time":"310","satellite":"N","instrument":"VIIRS","confidence":"h","version":"2.0NRT","bright_ti5":"296.25","frp":"11.24","daynight":"N","commune":"Audenge","code_insee":"33019","departement":"Gironde","region":"Nouvelle-Aquitaine"}},{"type":"Feature","geometry":{"type":"Point","coordinates":[-0.82902,44.73703]},"properties":{"latitude":"44.73703","longitude":"-0.82902","bright_ti4":"330.34","scan":"0.43","track":"0.62","acq_date":"2026-07-26","acq_time":"310","satellite":"N","instrument":"VIIRS","confidence":"n","version":"2.0NRT","bright_ti5":"286.62","frp":"4.76","daynight":"N","commune":"Cestas","code_insee":"33122","departement":"Gironde","region":"Nouvelle-Aquitaine"}},{"type":"Feature","geometry":{"type":"Point","coordinates":[-0.87097,44.73724]},"properties":{"latitude":"44.73724","longitude":"-0.87097","bright_ti4":"310.94","scan":"0.42","track":"0.61","acq_date":"2026-07-26","acq_time":"310","satellite":"N","instrument":"VIIRS","confidence":"n","version":"2.0NRT","bright_ti5":"287.2","frp":"4.12","daynight":"N","commune":"Audenge","code_insee":"33019","departement":"Gironde","region":"Nouvelle-Aquitaine"}},{"type":"Feature","geometry":{"type":"Point","coordinates":[-0.85255,44.7379]},"properties":{"latitude":"44.7379","longitude":"-0.85255","bright_ti4":"299.45","scan":"0.42","track":"0.61","acq_date":"2026-07-26","acq_time":"310","satellite":"N","instrument":"VIIRS","confidence":"n","version":"2.0NRT","bright_ti5":"285.86","frp":"2.43","daynight":"N","commune":"Audenge","code_insee":"33019","departement":"Gironde","region":"Nouvelle-Aquitaine"}},{"type":"Feature","geometry":{"type":"Point","coordinates":[-0.89436,44.73809]},"properties":{"latitude":"44.73809","longitude":"-0.89436","bright_ti4":"340.89","scan":"0.42","track":"0.61","acq_date":"2026-07-26","acq_time":"310","satellite":"N","instrument":"VIIRS","confidence":"n","version":"2.0NRT","bright_ti5":"288.37","frp":"7.35","daynight":"N","commune":"Audenge","code_insee":"33019","departement":"Gironde","region":"Nouvelle-Aquitaine"}},{"type":"Feature","geometry":{"type":"Point","coordinates":[-0.87604,44.73877]},"properties":{"latitude":"44.73877","longitude":"-0.87604","bright_ti4":"306.57","scan":"0.42","track":"0.61","acq_date":"2026-07-26","acq_time":"310","satellite":"N","instrument":"VIIRS","confidence":"n","version":"2.0NRT","bright_ti5":"287.41","frp":"4.12","daynight":"N","commune":"Audenge","code_insee":"33019","departement":"Gironde","region":"Nouvelle-Aquitaine"}},{"type":"Feature","geometry":{"type":"Point","coordinates":[-0.89942,44.73962]},"properties":{"latitude":"44.73962","longitude":"-0.89942","bright_ti4":"335.95","scan":"0.42","track":"0.61","acq_date":"2026-07-26","acq_time":"310","satellite":"N","instrument":"VIIRS","confidence":"n","version":"2.0NRT","bright_ti5":"288.18","frp":"7.35","daynight":"N","commune":"Audenge","code_insee":"33019","departement":"Gironde","region":"Nouvelle-Aquitaine"}},{"type":"Feature","geometry":{"type":"Point","coordinates":[-0.8811,44.74031]},"properties":{"latitude":"44.74031","longitude":"-0.8811","bright_ti4":"322.62","scan":"0.42","track":"0.61","acq_date":"2026-07-26","acq_time":"310","satellite":"N","instrument":"VIIRS","confidence":"n","version":"2.0NRT","bright_ti5":"290.78","frp":"11.24","daynight":"N","commune":"Audenge","code_insee":"33019","departement":"Gironde","region":"Nouvelle-Aquitaine"}},{"type":"Feature","geometry":{"type":"Point","coordinates":[-0.90446,44.74115]},"properties":{"latitude":"44.74115","longitude":"-0.90446","bright_ti4":"323.55","scan":"0.42","track":"0.61","acq_date":"2026-07-26","acq_time":"310","satellite":"N","instrument":"VIIRS","confidence":"n","version":"2.0NRT","bright_ti5":"285.91","frp":"5.96","daynight":"N","commune":"Audenge","code_insee":"33019","departement":"Gironde","region":"Nouvelle-Aquitaine"}},{"type":"Feature","geometry":{"type":"Point","coordinates":[-0.88615,44.74185]},"properties":{"latitude":"44.74185","longitude":"-0.88615","bright_ti4":"319.17","scan":"0.42","track":"0.61","acq_date":"2026-07-26","acq_time":"310","satellite":"N","instrument":"VIIRS","confidence":"n","version":"2.0NRT","bright_ti5":"290.49","frp":"11.24","daynight":"N","commune":"Audenge","code_insee":"33019","departement":"Gironde","region":"Nouvelle-Aquitaine"}},{"type":"Feature","geometry":{"type":"Point","coordinates":[-0.84936,44.7432]},"properties":{"latitude":"44.7432","longitude":"-0.84936","bright_ti4":"330.19","scan":"0.42","track":"0.61","acq_date":"2026-07-26","acq_time":"310","satellite":"N","instrument":"VIIRS","confidence":"n","version":"2.0NRT","bright_ti5":"286.51","frp":"2.43","daynight":"N","commune":"Audenge","code_insee":"33019","departement":"Gironde","region":"Nouvelle-Aquitaine"}},{"type":"Feature","geometry":{"type":"Point","coordinates":[-0.89122,44.74339]},"properties":{"latitude":"44.74339","longitude":"-0.89122","bright_ti4":"313.85","scan":"0.42","track":"0.61","acq_date":"2026-07-26","acq_time":"310","satellite":"N","instrument":"VIIRS","confidence":"n","version":"2.0NRT","bright_ti5":"289.64","frp":"7.35","daynight":"N","commune":"Audenge","code_insee":"33019","departement":"Gironde","region":"Nouvelle-Aquitaine"}},{"type":"Feature","geometry":{"type":"Point","coordinates":[-0.89628,44.74492]},"properties":{"latitude":"44.74492","longitude":"-0.89628","bright_ti4":"302.94","scan":"0.42","track":"0.61","acq_date":"2026-07-26","acq_time":"310","satellite":"N","instrument":"VIIRS","confidence":"n","version":"2.0NRT","bright_ti5":"287.36","frp":"7.35","daynight":"N","commune":"Audenge","code_insee":"33019","departement":"Gironde","region":"Nouvelle-Aquitaine"}},{"type":"Feature","geometry":{"type":"Point","coordinates":[-0.87795,44.74561]},"properties":{"latitude":"44.74561","longitude":"-0.87795","bright_ti4":"319.07","scan":"0.42","track":"0.61","acq_date":"2026-07-26","acq_time":"310","satellite":"N","instrument":"VIIRS","confidence":"n","version":"2.0NRT","bright_ti5":"291.36","frp":"2.46","daynight":"N","commune":"Audenge","code_insee":"33019","departement":"Gironde","region":"Nouvelle-Aquitaine"}},{"type":"Feature","geometry":{"type":"Point","coordinates":[-1.0253,44.74672]},"properties":{"latitude":"44.74672","longitude":"-1.0253","bright_ti4":"306.86","scan":"0.42","track":"0.61","acq_date":"2026-07-26","acq_time":"310","satellite":"N","instrument":"VIIRS","confidence":"n","version":"2.0NRT","bright_ti5":"285.63","frp":"1.55","daynight":"N","commune":"Lanton","code_insee":"33229","departement":"Gironde","region":"Nouvelle-Aquitaine"}},{"type":"Feature","geometry":{"type":"Point","coordinates":[-1.03798,44.74682]},"properties":{"latitude":"44.74682","longitude":"-1.03798","bright_ti4":"298.86","scan":"0.42","track":"0.61","acq_date":"2026-07-26","acq_time":"310","satellite":"N","instrument":"VIIRS","confidence":"n","version":"2.0NRT","bright_ti5":"284.86","frp":"1.93","daynight":"N","commune":"Lanton","code_insee":"33229","departement":"Gironde","region":"Nouvelle-Aquitaine"}},{"type":"Feature","geometry":{"type":"Point","coordinates":[-0.88302,44.74715]},"properties":{"latitude":"44.74715","longitude":"-0.88302","bright_ti4":"317.01","scan":"0.42","track":"0.61","acq_date":"2026-07-26","acq_time":"310","satellite":"N","instrument":"VIIRS","confidence":"n","version":"2.0NRT","bright_ti5":"289.37","frp":"2.46","daynight":"N","commune":"Audenge","code_insee":"33019","departement":"Gironde","region":"Nouvelle-Aquitaine"}},{"type":"Feature","geometry":{"type":"Point","coordinates":[-1.03028,44.74822]},"properties":{"latitude":"44.74822","longitude":"-1.03028","bright_ti4":"312.22","scan":"0.42","track":"0.61","acq_date":"2026-07-26","acq_time":"310","satellite":"N","instrument":"VIIRS","confidence":"n","version":"2.0NRT","bright_ti5":"286.26","frp":"3.98","daynight":"N","commune":"Lanton","code_insee":"33229","departement":"Gironde","region":"Nouvelle-Aquitaine"}},{"type":"Feature","geometry":{"type":"Point","coordinates":[-1.04298,44.74831]},"properties":{"latitude":"44.74831","longitude":"-1.04298","bright_ti4":"327.92","scan":"0.42","track":"0.61","acq_date":"2026-07-26","acq_time":"310","satellite":"N","instrument":"VIIRS","confidence":"n","version":"2.0NRT","bright_ti5":"285.71","frp":"1.93","daynight":"N","commune":"Lanton","code_insee":"33229","departement":"Gironde","region":"Nouvelle-Aquitaine"}},{"type":"Feature","geometry":{"type":"Point","coordinates":[-0.88809,44.74869]},"properties":{"latitude":"44.74869","longitude":"-0.88809","bright_ti4":"306.83","scan":"0.42","track":"0.61","acq_date":"2026-07-26","acq_time":"310","satellite":"N","instrument":"VIIRS","confidence":"n","version":"2.0NRT","bright_ti5":"287.58","frp":"4.1","daynight":"N","commune":"Audenge","code_insee":"33019","departement":"Gironde","region":"Nouvelle-Aquitaine"}},{"type":"Feature","geometry":{"type":"Point","coordinates":[-0.92961,44.74879]},"properties":{"latitude":"44.74879","longitude":"-0.92961","bright_ti4":"309.56","scan":"0.42","track":"0.61","acq_date":"2026-07-26","acq_time":"310","satellite":"N","instrument":"VIIRS","confidence":"n","version":"2.0NRT","bright_ti5":"285.33","frp":"1.84","daynight":"N","commune":"Lanton","code_insee":"33229","departement":"Gironde","region":"Nouvelle-Aquitaine"}},{"type":"Feature","geometry":{"type":"Point","coordinates":[-1.02485,44.74911]},"properties":{"latitude":"44.74911","longitude":"-1.02485","bright_ti4":"315.86","scan":"0.42","track":"0.61","acq_date":"2026-07-26","acq_time":"310","satellite":"N","instrument":"VIIRS","confidence":"n","version":"2.0NRT","bright_ti5":"286.78","frp":"1.8","daynight":"N","commune":"Lanton","code_insee":"33229","departement":"Gironde","region":"Nouvelle-Aquitaine"}},{"type":"Feature","geometry":{"type":"Point","coordinates":[-1.04797,44.7498]},"properties":{"latitude":"44.7498","longitude":"-1.04797","bright_ti4":"301.61","scan":"0.42","track":"0.61","acq_date":"2026-07-26","acq_time":"310","satellite":"N","instrument":"VIIRS","confidence":"n","version":"2.0NRT","bright_ti5":"284.75","frp":"2.32","daynight":"N","commune":"Lanton","code_insee":"33229","departement":"Gironde","region":"Nouvelle-Aquitaine"}},{"type":"Feature","geometry":{"type":"Point","coordinates":[-0.93465,44.75032]},"properties":{"latitude":"44.75032","longitude":"-0.93465","bright_ti4":"327.58","scan":"0.42","track":"0.61","acq_date":"2026-07-26","acq_time":"310","satellite":"N","instrument":"VIIRS","confidence":"n","version":"2.0NRT","bright_ti5":"286.06","frp":"2.35","daynight":"N","commune":"Lanton","code_insee":"33229","departement":"Gironde","region":"Nouvelle-Aquitaine"}},{"type":"Feature","geometry":{"type":"Point","coordinates":[-1.02986,44.7506]},"properties":{"latitude":"44.7506","longitude":"-1.02986","bright_ti4":"312.38","scan":"0.42","track":"0.61","acq_date":"2026-07-26","acq_time":"310","satellite":"N","instrument":"VIIRS","confidence":"n","version":"2.0NRT","bright_ti5":"286.13","frp":"1.8","daynight":"N","commune":"Lanton","code_insee":"33229","departement":"Gironde","region":"Nouvelle-Aquitaine"}},{"type":"Feature","geometry":{"type":"Point","coordinates":[-0.87478,44.7509]},"properties":{"latitude":"44.7509","longitude":"-0.87478","bright_ti4":"300.19","scan":"0.42","track":"0.61","acq_date":"2026-07-26","acq_time":"310","satellite":"N","instrument":"VIIRS","confidence":"n","version":"2.0NRT","bright_ti5":"286.13","frp":"2.46","daynight":"N","commune":"Audenge","code_insee":"33019","departement":"Gironde","region":"Nouvelle-Aquitaine"}},{"type":"Feature","geometry":{"type":"Point","coordinates":[-1.0403,44.75127]},"properties":{"latitude":"44.75127","longitude":"-1.0403","bright_ti4":"340.39","scan":"0.42","track":"0.61","acq_date":"2026-07-26","acq_time":"310","satellite":"N","instrument":"VIIRS","confidence":"n","version":"2.0NRT","bright_ti5":"288.88","frp":"4.3","daynight":"N","commune":"Lanton","code_insee":"33229","departement":"Gironde","region":"Nouvelle-Aquitaine"}},{"type":"Feature","geometry":{"type":"Point","coordinates":[-0.93969,44.75184]},"properties":{"latitude":"44.75184","longitude":"-0.93969","bright_ti4":"310.85","scan":"0.42","track":"0.61","acq_date":"2026-07-26","acq_time":"310","satellite":"N","instrument":"VIIRS","confidence":"n","version":"2.0NRT","bright_ti5":"285.18","frp":"2.35","daynight":"N","commune":"Lanton","code_insee":"33229","departement":"Gironde","region":"Nouvelle-Aquitaine"}},{"type":"Feature","geometry":{"type":"Point","coordinates":[-1.03492,44.75211]},"properties":{"latitude":"44.75211","longitude":"-1.03492","bright_ti4":"301.56","scan":"0.42","track":"0.61","acq_date":"2026-07-26","acq_time":"310","satellite":"N","instrument":"VIIRS","confidence":"n","version":"2.0NRT","bright_ti5":"285.93","frp":"2.94","daynight":"N","commune":"Lanton","code_insee":"33229","departement":"Gironde","region":"Nouvelle-Aquitaine"}},{"type":"Feature","geometry":{"type":"Point","coordinates":[-0.87988,44.75245]},"properties":{"latitude":"44.75245","longitude":"-0.87988","bright_ti4":"323.29","scan":"0.42","track":"0.61","acq_date":"2026-07-26","acq_time":"310","satellite":"N","instrument":"VIIRS","confidence":"n","version":"2.0NRT","bright_ti5":"288.7","frp":"2.46","daynight":"N","commune":"Audenge","code_insee":"33019","departement":"Gironde","region":"Nouvelle-Aquitaine"}},{"type":"Feature","geometry":{"type":"Point","coordinates":[-1.04523,44.75277]},"properties":{"latitude":"44.75277","longitude":"-1.04523","bright_ti4":"327.08","scan":"0.42","track":"0.61","acq_date":"2026-07-26","acq_time":"310","satellite":"N","instrument":"VIIRS","confidence":"n","version":"2.0NRT","bright_ti5":"286.75","frp":"4.3","daynight":"N","commune":"Lanton","code_insee":"33229","departement":"Gironde","region":"Nouvelle-Aquitaine"}},{"type":"Feature","geometry":{"type":"Point","coordinates":[-0.94471,44.75337]},"properties":{"latitude":"44.75337","longitude":"-0.94471","bright_ti4":"313.56","scan":"0.42","track":"0.61","acq_date":"2026-07-26","acq_time":"310","satellite":"N","instrument":"VIIRS","confidence":"n","version":"2.0NRT","bright_ti5":"285","frp":"2.71","daynight":"N","commune":"Lanton","code_insee":"33229","departement":"Gironde","region":"Nouvelle-Aquitaine"}},{"type":"Feature","geometry":{"type":"Point","coordinates":[-1.02718,44.7535]},"properties":{"latitude":"44.7535","longitude":"-1.02718","bright_ti4":"303.49","scan":"0.42","track":"0.61","acq_date":"2026-07-26","acq_time":"310","satellite":"N","instrument":"VIIRS","confidence":"n","version":"2.0NRT","bright_ti5":"285.59","frp":"2.92","daynight":"N","commune":"Lanton","code_insee":"33229","departement":"Gironde","region":"Nouvelle-Aquitaine"}},{"type":"Feature","geometry":{"type":"Point","coordinates":[-1.03991,44.75359]},"properties":{"latitude":"44.75359","longitude":"-1.03991","bright_ti4":"331.6","scan":"0.42","track":"0.61","acq_date":"2026-07-26","acq_time":"310","satellite":"N","instrument":"VIIRS","confidence":"n","version":"2.0NRT","bright_ti5":"288.48","frp":"2.94","daynight":"N","commune":"Lanton","code_insee":"33229","departement":"Gironde","region":"Nouvelle-Aquitaine"}},{"type":"Feature","geometry":{"type":"Point","coordinates":[-0.88497,44.75399]},"properties":{"latitude":"44.75399","longitude":"-0.88497","bright_ti4":"335.5","scan":"0.42","track":"0.61","acq_date":"2026-07-26","acq_time":"310","satellite":"N","instrument":"VIIRS","confidence":"n","version":"2.0NRT","bright_ti5":"288.54","frp":"4.1","daynight":"N","commune":"Audenge","code_insee":"33019","departement":"Gironde","region":"Nouvelle-Aquitaine"}},{"type":"Feature","geometry":{"type":"Point","coordinates":[-0.92652,44.75409]},"properties":{"latitude":"44.75409","longitude":"-0.92652","bright_ti4":"300.78","scan":"0.42","track":"0.61","acq_date":"2026-07-26","acq_time":"310","satellite":"N","instrument":"VIIRS","confidence":"n","version":"2.0NRT","bright_ti5":"286.93","frp":"1.84","daynight":"N","commune":"Lanton","code_insee":"33229","departement":"Gironde","region":"Nouvelle-Aquitaine"}},{"type":"Feature","geometry":{"type":"Point","coordinates":[-1.02169,44.75436]},"properties":{"latitude":"44.75436","longitude":"-1.02169","bright_ti4":"298.72","scan":"0.42","track":"0.61","acq_date":"2026-07-26","acq_time":"310","satellite":"N","instrument":"VIIRS","confidence":"n","version":"2.0NRT","bright_ti5":"285.81","frp":"1.8","daynight":"N","commune":"Lanton","code_insee":"33229","departement":"Gironde","region":"Nouvelle-Aquitaine"}},{"type":"Feature","geometry":{"type":"Point","coordinates":[-1.04488,44.75507]},"properties":{"latitude":"44.75507","longitude":"-1.04488","bright_ti4":"312.87","scan":"0.42","track":"0.61","acq_date":"2026-07-26","acq_time":"310","satellite":"N","instrument":"VIIRS","confidence":"n","version":"2.0NRT","bright_ti5":"285.51","frp":"5.07","daynight":"N","commune":"Lanton","code_insee":"33229","departement":"Gironde","region":"Nouvelle-Aquitaine"}},{"type":"Feature","geometry":{"type":"Point","coordinates":[-0.89002,44.75552]},"properties":{"latitude":"44.75552","longitude":"-0.89002","bright_ti4":"311.65","scan":"0.42","track":"0.61","acq_date":"2026-07-26","acq_time":"310","satellite":"N","instrument":"VIIRS","confidence":"n","version":"2.0NRT","bright_ti5":"286.4","frp":"4.1","daynight":"N","commune":"Audenge","code_insee":"33019","departement":"Gironde","region":"Nouvelle-Aquitaine"}},{"type":"Feature","geometry":{"type":"Point","coordinates":[-0.93155,44.75562]},"properties":{"latitude":"44.75562","longitude":"-0.93155","bright_ti4":"308.43","scan":"0.42","track":"0.61","acq_date":"2026-07-26","acq_time":"310","satellite":"N","instrument":"VIIRS","confidence":"n","version":"2.0NRT","bright_ti5":"288.05","frp":"2.35","daynight":"N","commune":"Lanton","code_insee":"33229","departement":"Gironde","region":"Nouvelle-Aquitaine"}},{"type":"Feature","geometry":{"type":"Point","coordinates":[-1.02673,44.75586]},"properties":{"latitude":"44.75586","longitude":"-1.02673","bright_ti4":"328.03","scan":"0.42","track":"0.61","acq_date":"2026-07-26","acq_time":"310","satellite":"N","instrument":"VIIRS","confidence":"n","version":"2.0NRT","bright_ti5":"286.77","frp":"1.8","daynight":"N","commune":"Lanton","code_insee":"33229","departement":"Gironde","region":"Nouvelle-Aquitaine"}},{"type":"Feature","geometry":{"type":"Point","coordinates":[-0.91334,44.75634]},"properties":{"latitude":"44.75634","longitude":"-0.91334","bright_ti4":"307.58","scan":"0.42","track":"0.61","acq_date":"2026-07-26","acq_time":"310","satellite":"N","instrument":"VIIRS","confidence":"n","version":"2.0NRT","bright_ti5":"287.63","frp":"2.86","daynight":"N","commune":"Lanton","code_insee":"33229","departement":"Gironde","region":"Nouvelle-Aquitaine"}},{"type":"Feature","geometry":{"type":"Point","coordinates":[-1.03722,44.75655]},"properties":{"latitude":"44.75655","longitude":"-1.03722","bright_ti4":"314.32","scan":"0.42","track":"0.61","acq_date":"2026-07-26","acq_time":"310","satellite":"N","instrument":"VIIRS","confidence":"n","version":"2.0NRT","bright_ti5":"285.74","frp":"3.06","daynight":"N","commune":"Lanton","code_insee":"33229","departement":"Gironde","region":"Nouvelle-Aquitaine"}},{"type":"Feature","geometry":{"type":"Point","coordinates":[-0.89505,44.75705]},"properties":{"latitude":"44.75705","longitude":"-0.89505","bright_ti4":"334.4","scan":"0.42","track":"0.61","acq_date":"2026-07-26","acq_time":"310","satellite":"N","instrument":"VIIRS","confidence":"n","version":"2.0NRT","bright_ti5":"287.02","frp":"5.25","daynight":"N","commune":"Lanton","code_insee":"33229","departement":"Gironde","region":"Nouvelle-Aquitaine"}},{"type":"Feature","geometry":{"type":"Point","coordinates":[-0.93657,44.75714]},"properties":{"latitude":"44.75714","longitude":"-0.93657","bright_ti4":"310.91","scan":"0.42","track":"0.61","acq_date":"2026-07-26","acq_time":"310","satellite":"N","instrument":"VIIRS","confidence":"n","version":"2.0NRT","bright_ti5":"287.68","frp":"2.35","daynight":"N","commune":"Lanton","code_insee":"33229","departement":"Gironde","region":"Nouvelle-Aquitaine"}},{"type":"Feature","geometry":{"type":"Point","coordinates":[-1.03176,44.75736]},"properties":{"latitude":"44.75736","longitude":"-1.03176","bright_ti4":"307.97","scan":"0.42","track":"0.61","acq_date":"2026-07-26","acq_time":"310","satellite":"N","instrument":"VIIRS","confidence":"n","version":"2.0NRT","bright_ti5":"286.1","frp":"2.94","daynight":"N","commune":"Lanton","code_insee":"33229","departement":"Gironde","region":"Nouvelle-Aquitaine"}},{"type":"Feature","geometry":{"type":"Point","coordinates":[-0.87671,44.75774]},"properties":{"latitude":"44.75774","longitude":"-0.87671","bright_ti4":"326.34","scan":"0.42","track":"0.61","acq_date":"2026-07-26","acq_time":"310","satellite":"N","instrument":"VIIRS","confidence":"n","version":"2.0NRT","bright_ti5":"286.76","frp":"2.71","daynight":"N","commune":"Saint-Jean-d'Illac","code_insee":"33422","departement":"Gironde","region":"Nouvelle-Aquitaine"}},{"type":"Feature","geometry":{"type":"Point","coordinates":[-0.91838,44.75787]},"properties":{"latitude":"44.75787","longitude":"-0.91838","bright_ti4":"304.37","scan":"0.42","track":"0.61","acq_date":"2026-07-26","acq_time":"310","satellite":"N","instrument":"VIIRS","confidence":"n","version":"2.0NRT","bright_ti5":"286.66","frp":"1.66","daynight":"N","commune":"Lanton","code_insee":"33229","departement":"Gironde","region":"Nouvelle-Aquitaine"}},{"type":"Feature","geometry":{"type":"Point","coordinates":[-0.95976,44.75793]},"properties":{"latitude":"44.75793","longitude":"-0.95976","bright_ti4":"314.06","scan":"0.42","track":"0.61","acq_date":"2026-07-26","acq_time":"310","satellite":"N","instrument":"VIIRS","confidence":"n","version":"2.0NRT","bright_ti5":"285.28","frp":"3.84","daynight":"N","commune":"Lanton","code_insee":"33229","departement":"Gironde","region":"Nouvelle-Aquitaine"}},{"type":"Feature","geometry":{"type":"Point","coordinates":[-1.05481,44.75803]},"properties":{"latitude":"44.75803","longitude":"-1.05481","bright_ti4":"304.15","scan":"0.42","track":"0.61","acq_date":"2026-07-26","acq_time":"310","satellite":"N","instrument":"VIIRS","confidence":"n","version":"2.0NRT","bright_ti5":"285.4","frp":"3.42","daynight":"N","commune":"Andernos-les-Bains","code_insee":"33005","departement":"Gironde","region":"Nouvelle-Aquitaine"}},{"type":"Feature","geometry":{"type":"Point","coordinates":[-1.04216,44.75805]},"properties":{"latitude":"44.75805","longitude":"-1.04216","bright_ti4":"313.79","scan":"0.42","track":"0.61","acq_date":"2026-07-26","acq_time":"310","satellite":"N","instrument":"VIIRS","confidence":"n","version":"2.0NRT","bright_ti5":"285.45","frp":"3.06","daynight":"N","commune":"Lanton","code_insee":"33229","departement":"Gironde","region":"Nouvelle-Aquitaine"}},{"type":"Feature","geometry":{"type":"Point","coordinates":[-0.90008,44.75857]},"properties":{"latitude":"44.75857","longitude":"-0.90008","bright_ti4":"338","scan":"0.42","track":"0.61","acq_date":"2026-07-26","acq_time":"310","satellite":"N","instrument":"VIIRS","confidence":"n","version":"2.0NRT","bright_ti5":"288.92","frp":"5.25","daynight":"N","commune":"Lanton","code_insee":"33229","departement":"Gironde","region":"Nouvelle-Aquitaine"}},{"type":"Feature","geometry":{"type":"Point","coordinates":[-0.94158,44.75866]},"properties":{"latitude":"44.75866","longitude":"-0.94158","bright_ti4":"321.8","scan":"0.42","track":"0.61","acq_date":"2026-07-26","acq_time":"310","satellite":"N","instrument":"VIIRS","confidence":"n","version":"2.0NRT","bright_ti5":"288.53","frp":"2.71","daynight":"N","commune":"Lanton","code_insee":"33229","departement":"Gironde","region":"Nouvelle-Aquitaine"}},{"type":"Feature","geometry":{"type":"Point","coordinates":[-1.02405,44.75876]},"properties":{"latitude":"44.75876","longitude":"-1.02405","bright_ti4":"336.25","scan":"0.42","track":"0.61","acq_date":"2026-07-26","acq_time":"310","satellite":"N","instrument":"VIIRS","confidence":"n","version":"2.0NRT","bright_ti5":"287.89","frp":"2.92","daynight":"N","commune":"Lanton","code_insee":"33229","departement":"Gironde","region":"Nouvelle-Aquitaine"}},{"type":"Feature","geometry":{"type":"Point","coordinates":[-1.03679,44.75885]},"properties":{"latitude":"44.75885","longitude":"-1.03679","bright_ti4":"321.95","scan":"0.42","track":"0.61","acq_date":"2026-07-26","acq_time":"310","satellite":"N","instrument":"VIIRS","confidence":"n","version":"2.0NRT","bright_ti5":"288.22","frp":"2.94","daynight":"N","commune":"Lanton","code_insee":"33229","departement":"Gironde","region":"Nouvelle-Aquitaine"}},{"type":"Feature","geometry":{"type":"Point","coordinates":[-0.8818,44.75928]},"properties":{"latitude":"44.75928","longitude":"-0.8818","bright_ti4":"367","scan":"0.42","track":"0.61","acq_date":"2026-07-26","acq_time":"310","satellite":"N","instrument":"VIIRS","confidence":"h","version":"2.0NRT","bright_ti5":"290.27","frp":"10.79","daynight":"N","commune":"Audenge","code_insee":"33019","departement":"Gironde","region":"Nouvelle-Aquitaine"}},{"type":"Feature","geometry":{"type":"Point","coordinates":[-1.0598,44.75951]},"properties":{"latitude":"44.75951","longitude":"-1.0598","bright_ti4":"300.39","scan":"0.42","track":"0.61","acq_date":"2026-07-26","acq_time":"310","satellite":"N","instrument":"VIIRS","confidence":"n","version":"2.0NRT","bright_ti5":"284.97","frp":"3.42","daynight":"N","commune":"Andernos-les-Bains","code_insee":"33005","departement":"Gironde","region":"Nouvelle-Aquitaine"}},{"type":"Feature","geometry":{"type":"Point","coordinates":[-0.94662,44.76018]},"properties":{"latitude":"44.76018","longitude":"-0.94662","bright_ti4":"307.67","scan":"0.42","track":"0.61","acq_date":"2026-07-26","acq_time":"310","satellite":"N","instrument":"VIIRS","confidence":"n","version":"2.0NRT","bright_ti5":"287.04","frp":"2.71","daynight":"N","commune":"Lanton","code_insee":"33229","departement":"Gironde","region":"Nouvelle-Aquitaine"}},{"type":"Feature","geometry":{"type":"Point","coordinates":[-1.02907,44.76028]},"properties":{"latitude":"44.76028","longitude":"-1.02907","bright_ti4":"316.55","scan":"0.42","track":"0.61","acq_date":"2026-07-26","acq_time":"310","satellite":"N","instrument":"VIIRS","confidence":"n","version":"2.0NRT","bright_ti5":"287.14","frp":"2.92","daynight":"N","commune":"Lanton","code_insee":"33229","departement":"Gironde","region":"Nouvelle-Aquitaine"}},{"type":"Feature","geometry":{"type":"Point","coordinates":[-1.04175,44.76033]},"properties":{"latitude":"44.76033","longitude":"-1.04175","bright_ti4":"333.35","scan":"0.42","track":"0.61","acq_date":"2026-07-26","acq_time":"310","satellite":"N","instrument":"VIIRS","confidence":"n","version":"2.0NRT","bright_ti5":"286.6","frp":"5.07","daynight":"N","commune":"Lanton","code_insee":"33229","departement":"Gironde","region":"Nouvelle-Aquitaine"}},{"type":"Feature","geometry":{"type":"Point","coordinates":[-0.88686,44.76081]},"properties":{"latitude":"44.76081","longitude":"-0.88686","bright_ti4":"349.42","scan":"0.42","track":"0.61","acq_date":"2026-07-26","acq_time":"310","satellite":"N","instrument":"VIIRS","confidence":"n","version":"2.0NRT","bright_ti5":"289.8","frp":"10.79","daynight":"N","commune":"Lanton","code_insee":"33229","departement":"Gironde","region":"Nouvelle-Aquitaine"}},{"type":"Feature","geometry":{"type":"Point","coordinates":[-1.06478,44.76099]},"properties":{"latitude":"44.76099","longitude":"-1.06478","bright_ti4":"302.71","scan":"0.42","track":"0.61","acq_date":"2026-07-26","acq_time":"310","satellite":"N","instrument":"VIIRS","confidence":"n","version":"2.0NRT","bright_ti5":"284.76","frp":"6.13","daynight":"N","commune":"Andernos-les-Bains","code_insee":"33005","departement":"Gironde","region":"Nouvelle-Aquitaine"}},{"type":"Feature","geometry":{"type":"Point","coordinates":[-1.05207,44.76105]},"properties":{"latitude":"44.76105","longitude":"-1.05207","bright_ti4":"309.03","scan":"0.42","track":"0.61","acq_date":"2026-07-26","acq_time":"310","satellite":"N","instrument":"VIIRS","confidence":"n","version":"2.0NRT","bright_ti5":"286.96","frp":"4.03","daynight":"N","commune":"Lanton","code_insee":"33229","departement":"Gironde","region":"Nouvelle-Aquitaine"}},{"type":"Feature","geometry":{"type":"Point","coordinates":[-1.02356,44.76112]},"properties":{"latitude":"44.76112","longitude":"-1.02356","bright_ti4":"318.04","scan":"0.42","track":"0.61","acq_date":"2026-07-26","acq_time":"310","satellite":"N","instrument":"VIIRS","confidence":"n","version":"2.0NRT","bright_ti5":"286.03","frp":"3.04","daynight":"N","commune":"Lanton","code_insee":"33229","departement":"Gironde","region":"Nouvelle-Aquitaine"}},{"type":"Feature","geometry":{"type":"Point","coordinates":[-0.91016,44.76162]},"properties":{"latitude":"44.76162","longitude":"-0.91016","bright_ti4":"300.18","scan":"0.42","track":"0.61","acq_date":"2026-07-26","acq_time":"310","satellite":"N","instrument":"VIIRS","confidence":"n","version":"2.0NRT","bright_ti5":"286.79","frp":"2.86","daynight":"N","commune":"Lanton","code_insee":"33229","departement":"Gironde","region":"Nouvelle-Aquitaine"}},{"type":"Feature","geometry":{"type":"Point","coordinates":[-0.95166,44.76171]},"properties":{"latitude":"44.76171","longitude":"-0.95166","bright_ti4":"327","scan":"0.42","track":"0.61","acq_date":"2026-07-26","acq_time":"310","satellite":"N","instrument":"VIIRS","confidence":"n","version":"2.0NRT","bright_ti5":"288.05","frp":"3.84","daynight":"N","commune":"Lanton","code_insee":"33229","departement":"Gironde","region":"Nouvelle-Aquitaine"}},{"type":"Feature","geometry":{"type":"Point","coordinates":[-1.03408,44.76181]},"properties":{"latitude":"44.76181","longitude":"-1.03408","bright_ti4":"323.25","scan":"0.42","track":"0.61","acq_date":"2026-07-26","acq_time":"310","satellite":"N","instrument":"VIIRS","confidence":"n","version":"2.0NRT","bright_ti5":"289.97","frp":"3.06","daynight":"N","commune":"Lanton","code_insee":"33229","departement":"Gironde","region":"Nouvelle-Aquitaine"}},{"type":"Feature","geometry":{"type":"Point","coordinates":[-0.89189,44.76234]},"properties":{"latitude":"44.76234","longitude":"-0.89189","bright_ti4":"353.84","scan":"0.42","track":"0.61","acq_date":"2026-07-26","acq_time":"310","satellite":"N","instrument":"VIIRS","confidence":"n","version":"2.0NRT","bright_ti5":"290.37","frp":"9.8","daynight":"N","commune":"Lanton","code_insee":"33229","departement":"Gironde","region":"Nouvelle-Aquitaine"}},{"type":"Feature","geometry":{"type":"Point","coordinates":[-0.93343,44.76242]},"properties":{"latitude":"44.76242","longitude":"-0.93343","bright_ti4":"305.11","scan":"0.42","track":"0.61","acq_date":"2026-07-26","acq_time":"310","satellite":"N","instrument":"VIIRS","confidence":"n","version":"2.0NRT","bright_ti5":"287.18","frp":"1.85","daynight":"N","commune":"Lanton","code_insee":"33229","departement":"Gironde","region":"Nouvelle-Aquitaine"}},{"type":"Feature","geometry":{"type":"Point","coordinates":[-1.05704,44.76256]},"properties":{"latitude":"44.76256","longitude":"-1.05704","bright_ti4":"346.49","scan":"0.42","track":"0.61","acq_date":"2026-07-26","acq_time":"310","satellite":"N","instrument":"VIIRS","confidence":"n","version":"2.0NRT","bright_ti5":"291.15","frp":"4.72","daynight":"N","commune":"Andernos-les-Bains","code_insee":"33005","departement":"Gironde","region":"Nouvelle-Aquitaine"}},{"type":"Feature","geometry":{"type":"Point","coordinates":[-1.02861,44.76262]},"properties":{"latitude":"44.76262","longitude":"-1.02861","bright_ti4":"306.65","scan":"0.42","track":"0.61","acq_date":"2026-07-26","acq_time":"310","satellite":"N","instrument":"VIIRS","confidence":"n","version":"2.0NRT","bright_ti5":"286.69","frp":"2.48","daynight":"N","commune":"Lanton","code_insee":"33229","departement":"Gironde","region":"Nouvelle-Aquitaine"}},{"type":"Feature","geometry":{"type":"Point","coordinates":[-0.91521,44.76315]},"properties":{"latitude":"44.76315","longitude":"-0.91521","bright_ti4":"306.26","scan":"0.42","track":"0.61","acq_date":"2026-07-26","acq_time":"310","satellite":"N","instrument":"VIIRS","confidence":"n","version":"2.0NRT","bright_ti5":"287.4","frp":"1.66","daynight":"N","commune":"Lanton","code_insee":"33229","departement":"Gironde","region":"Nouvelle-Aquitaine"}},{"type":"Feature","geometry":{"type":"Point","coordinates":[-0.95669,44.76323]},"properties":{"latitude":"44.76323","longitude":"-0.95669","bright_ti4":"331.71","scan":"0.42","track":"0.61","acq_date":"2026-07-26","acq_time":"310","satellite":"N","instrument":"VIIRS","confidence":"n","version":"2.0NRT","bright_ti5":"291.17","frp":"3.84","daynight":"N","commune":"Lanton","code_insee":"33229","departement":"Gironde","region":"Nouvelle-Aquitaine"}},{"type":"Feature","geometry":{"type":"Point","coordinates":[-1.0517,44.76329]},"properties":{"latitude":"44.76329","longitude":"-1.0517","bright_ti4":"311.56","scan":"0.42","track":"0.61","acq_date":"2026-07-26","acq_time":"310","satellite":"N","instrument":"VIIRS","confidence":"n","version":"2.0NRT","bright_ti5":"287.16","frp":"3.42","daynight":"N","commune":"Lanton","code_insee":"33229","departement":"Gironde","region":"Nouvelle-Aquitaine"}},{"type":"Feature","geometry":{"type":"Point","coordinates":[-1.03906,44.76331]},"properties":{"latitude":"44.76331","longitude":"-1.03906","bright_ti4":"338.23","scan":"0.42","track":"0.61","acq_date":"2026-07-26","acq_time":"310","satellite":"N","instrument":"VIIRS","confidence":"n","version":"2.0NRT","bright_ti5":"290.1","frp":"3.06","daynight":"N","commune":"Lanton","code_insee":"33229","departement":"Gironde","region":"Nouvelle-Aquitaine"}},{"type":"Feature","geometry":{"type":"Point","coordinates":[-0.89693,44.76386]},"properties":{"latitude":"44.76386","longitude":"-0.89693","bright_ti4":"350.71","scan":"0.42","track":"0.61","acq_date":"2026-07-26","acq_time":"310","satellite":"N","instrument":"VIIRS","confidence":"n","version":"2.0NRT","bright_ti5":"289.4","frp":"9.8","daynight":"N","commune":"Lanton","code_insee":"33229","departement":"Gironde","region":"Nouvelle-Aquitaine"}},{"type":"Feature","geometry":{"type":"Point","coordinates":[-0.93844,44.76394]},"properties":{"latitude":"44.76394","longitude":"-0.93844","bright_ti4":"318.7","scan":"0.42","track":"0.61","acq_date":"2026-07-26","acq_time":"310","satellite":"N","instrument":"VIIRS","confidence":"n","version":"2.0NRT","bright_ti5":"289.93","frp":"2.44","daynight":"N","commune":"Lanton","code_insee":"33229","departement":"Gironde","region":"Nouvelle-Aquitaine"}},{"type":"Feature","geometry":{"type":"Point","coordinates":[-1.06201,44.76407]},"properties":{"latitude":"44.76407","longitude":"-1.06201","bright_ti4":"337.28","scan":"0.42","track":"0.61","acq_date":"2026-07-26","acq_time":"310","satellite":"N","instrument":"VIIRS","confidence":"n","version":"2.0NRT","bright_ti5":"288.73","frp":"4.72","daynight":"N","commune":"Andernos-les-Bains","code_insee":"33005","departement":"Gironde","region":"Nouvelle-Aquitaine"}},{"type":"Feature","geometry":{"type":"Point","coordinates":[-1.03364,44.76411]},"properties":{"latitude":"44.76411","longitude":"-1.03364","bright_ti4":"315.46","scan":"0.42","track":"0.61","acq_date":"2026-07-26","acq_time":"310","satellite":"N","instrument":"VIIRS","confidence":"n","version":"2.0NRT","bright_ti5":"288.37","frp":"2.48","daynight":"N","commune":"Lanton","code_insee":"33229","departement":"Gironde","region":"Nouvelle-Aquitaine"}},{"type":"Feature","geometry":{"type":"Point","coordinates":[-0.92023,44.76467]},"properties":{"latitude":"44.76467","longitude":"-0.92023","bright_ti4":"313.74","scan":"0.42","track":"0.61","acq_date":"2026-07-26","acq_time":"310","satellite":"N","instrument":"VIIRS","confidence":"n","version":"2.0NRT","bright_ti5":"286.12","frp":"1.66","daynight":"N","commune":"Lanton","code_insee":"33229","departement":"Gironde","region":"Nouvelle-Aquitaine"}},{"type":"Feature","geometry":{"type":"Point","coordinates":[-0.9617,44.76475]},"properties":{"latitude":"44.76475","longitude":"-0.9617","bright_ti4":"348.39","scan":"0.42","track":"0.61","acq_date":"2026-07-26","acq_time":"310","satellite":"N","instrument":"VIIRS","confidence":"n","version":"2.0NRT","bright_ti5":"295.13","frp":"7.86","daynight":"N","commune":"Lanton","code_insee":"33229","departement":"Gironde","region":"Nouvelle-Aquitaine"}},{"type":"Feature","geometry":{"type":"Point","coordinates":[-1.0567,44.76477]},"properties":{"latitude":"44.76477","longitude":"-1.0567","bright_ti4":"367","scan":"0.42","track":"0.61","acq_date":"2026-07-26","acq_time":"310","satellite":"N","instrument":"VIIRS","confidence":"h","version":"2.0NRT","bright_ti5":"293.49","frp":"3.42","daynight":"N","commune":"Andernos-les-Bains","code_insee":"33005","departement":"Gironde","region":"Nouvelle-Aquitaine"}},{"type":"Feature","geometry":{"type":"Point","coordinates":[-1.04402,44.76482]},"properties":{"latitude":"44.76482","longitude":"-1.04402","bright_ti4":"313.57","scan":"0.42","track":"0.61","acq_date":"2026-07-26","acq_time":"310","satellite":"N","instrument":"VIIRS","confidence":"n","version":"2.0NRT","bright_ti5":"286.91","frp":"4.03","daynight":"N","commune":"Lanton","code_insee":"33229","departement":"Gironde","region":"Nouvelle-Aquitaine"}},{"type":"Feature","geometry":{"type":"Point","coordinates":[-0.90197,44.76538]},"properties":{"latitude":"44.76538","longitude":"-0.90197","bright_ti4":"332.03","scan":"0.42","track":"0.61","acq_date":"2026-07-26","acq_time":"310","satellite":"N","instrument":"VIIRS","confidence":"n","version":"2.0NRT","bright_ti5":"287.12","frp":"3.98","daynight":"N","commune":"Lanton","code_insee":"33229","departement":"Gironde","region":"Nouvelle-Aquitaine"}},{"type":"Feature","geometry":{"type":"Point","coordinates":[-0.94347,44.76546]},"properties":{"latitude":"44.76546","longitude":"-0.94347","bright_ti4":"312.93","scan":"0.42","track":"0.61","acq_date":"2026-07-26","acq_time":"310","satellite":"N","instrument":"VIIRS","confidence":"n","version":"2.0NRT","bright_ti5":"288.63","frp":"2.44","daynight":"N","commune":"Lanton","code_insee":"33229","departement":"Gironde","region":"Nouvelle-Aquitaine"}},{"type":"Feature","geometry":{"type":"Point","coordinates":[-1.06695,44.76557]},"properties":{"latitude":"44.76557","longitude":"-1.06695","bright_ti4":"304.29","scan":"0.41","track":"0.61","acq_date":"2026-07-26","acq_time":"310","satellite":"N","instrument":"VIIRS","confidence":"n","version":"2.0NRT","bright_ti5":"285.3","frp":"4.85","daynight":"N","commune":"Andernos-les-Bains","code_insee":"33005","departement":"Gironde","region":"Nouvelle-Aquitaine"}},{"type":"Feature","geometry":{"type":"Point","coordinates":[-1.03864,44.7656]},"properties":{"latitude":"44.7656","longitude":"-1.03864","bright_ti4":"313.71","scan":"0.42","track":"0.61","acq_date":"2026-07-26","acq_time":"310","satellite":"N","instrument":"VIIRS","confidence":"n","version":"2.0NRT","bright_ti5":"287.94","frp":"2.34","daynight":"N","commune":"Lanton","code_insee":"33229","departement":"Gironde","region":"Nouvelle-Aquitaine"}},{"type":"Feature","geometry":{"type":"Point","coordinates":[-0.92527,44.76619]},"properties":{"latitude":"44.76619","longitude":"-0.92527","bright_ti4":"300.04","scan":"0.42","track":"0.61","acq_date":"2026-07-26","acq_time":"310","satellite":"N","instrument":"VIIRS","confidence":"n","version":"2.0NRT","bright_ti5":"286.36","frp":"1.85","daynight":"N","commune":"Lanton","code_insee":"33229","departement":"Gironde","region":"Nouvelle-Aquitaine"}},{"type":"Feature","geometry":{"type":"Point","coordinates":[-1.06168,44.76625]},"properties":{"latitude":"44.76625","longitude":"-1.06168","bright_ti4":"337.85","scan":"0.42","track":"0.61","acq_date":"2026-07-26","acq_time":"310","satellite":"N","instrument":"VIIRS","confidence":"n","version":"2.0NRT","bright_ti5":"289.85","frp":"6.13","daynight":"N","commune":"Andernos-les-Bains","code_insee":"33005","departement":"Gironde","region":"Nouvelle-Aquitaine"}},{"type":"Feature","geometry":{"type":"Point","coordinates":[-0.96671,44.76627]},"properties":{"latitude":"44.76627","longitude":"-0.96671","bright_ti4":"329.96","scan":"0.42","track":"0.61","acq_date":"2026-07-26","acq_time":"310","satellite":"N","instrument":"VIIRS","confidence":"n","version":"2.0NRT","bright_ti5":"291.01","frp":"7.86","daynight":"N","commune":"Lanton","code_insee":"33229","departement":"Gironde","region":"Nouvelle-Aquitaine"}},{"type":"Feature","geometry":{"type":"Point","coordinates":[-0.90701,44.76691]},"properties":{"latitude":"44.76691","longitude":"-0.90701","bright_ti4":"298.51","scan":"0.42","track":"0.61","acq_date":"2026-07-26","acq_time":"310","satellite":"N","instrument":"VIIRS","confidence":"n","version":"2.0NRT","bright_ti5":"285.29","frp":"3.98","daynight":"N","commune":"Lanton","code_insee":"33229","departement":"Gironde","region":"Nouvelle-Aquitaine"}},{"type":"Feature","geometry":{"type":"Point","coordinates":[-0.94849,44.76698]},"properties":{"latitude":"44.76698","longitude":"-0.94849","bright_ti4":"311.69","scan":"0.42","track":"0.61","acq_date":"2026-07-26","acq_time":"310","satellite":"N","instrument":"VIIRS","confidence":"n","version":"2.0NRT","bright_ti5":"288.74","frp":"2.12","daynight":"N","commune":"Lanton","code_insee":"33229","departement":"Gironde","region":"Nouvelle-Aquitaine"}},{"type":"Feature","geometry":{"type":"Point","coordinates":[-1.04362,44.76708]},"properties":{"latitude":"44.76708","longitude":"-1.04362","bright_ti4":"309.4","scan":"0.42","track":"0.61","acq_date":"2026-07-26","acq_time":"310","satellite":"N","instrument":"VIIRS","confidence":"n","version":"2.0NRT","bright_ti5":"286.5","frp":"2.34","daynight":"N","commune":"Lanton","code_insee":"33229","departement":"Gironde","region":"Nouvelle-Aquitaine"}},{"type":"Feature","geometry":{"type":"Point","coordinates":[-0.93029,44.76771]},"properties":{"latitude":"44.76771","longitude":"-0.93029","bright_ti4":"311.55","scan":"0.42","track":"0.61","acq_date":"2026-07-26","acq_time":"310","satellite":"N","instrument":"VIIRS","confidence":"n","version":"2.0NRT","bright_ti5":"288.65","frp":"1.85","daynight":"N","commune":"Lanton","code_insee":"33229","departement":"Gironde","region":"Nouvelle-Aquitaine"}},{"type":"Feature","geometry":{"type":"Point","coordinates":[-1.05397,44.76783]},"properties":{"latitude":"44.76783","longitude":"-1.05397","bright_ti4":"324.76","scan":"0.42","track":"0.61","acq_date":"2026-07-26","acq_time":"310","satellite":"N","instrument":"VIIRS","confidence":"n","version":"2.0NRT","bright_ti5":"286.86","frp":"4.72","daynight":"N","commune":"Andernos-les-Bains","code_insee":"33005","departement":"Gironde","region":"Nouvelle-Aquitaine"}},{"type":"Feature","geometry":{"type":"Point","coordinates":[-0.95351,44.7685]},"properties":{"latitude":"44.7685","longitude":"-0.95351","bright_ti4":"317.84","scan":"0.42","track":"0.61","acq_date":"2026-07-26","acq_time":"310","satellite":"N","instrument":"VIIRS","confidence":"n","version":"2.0NRT","bright_ti5":"289.17","frp":"2.12","daynight":"N","commune":"Lanton","code_insee":"33229","departement":"Gironde","region":"Nouvelle-Aquitaine"}},{"type":"Feature","geometry":{"type":"Point","coordinates":[-0.99477,44.76854]},"properties":{"latitude":"44.76854","longitude":"-0.99477","bright_ti4":"302.44","scan":"0.42","track":"0.61","acq_date":"2026-07-26","acq_time":"310","satellite":"N","instrument":"VIIRS","confidence":"n","version":"2.0NRT","bright_ti5":"285.15","frp":"0.57","daynight":"N","commune":"Lanton","code_insee":"33229","departement":"Gironde","region":"Nouvelle-Aquitaine"}},{"type":"Feature","geometry":{"type":"Point","coordinates":[-0.9353,44.76922]},"properties":{"latitude":"44.76922","longitude":"-0.9353","bright_ti4":"315.75","scan":"0.42","track":"0.61","acq_date":"2026-07-26","acq_time":"310","satellite":"N","instrument":"VIIRS","confidence":"n","version":"2.0NRT","bright_ti5":"288.27","frp":"2.44","daynight":"N","commune":"Lanton","code_insee":"33229","departement":"Gironde","region":"Nouvelle-Aquitaine"}},{"type":"Feature","geometry":{"type":"Point","coordinates":[-1.01784,44.76931]},"properties":{"latitude":"44.76931","longitude":"-1.01784","bright_ti4":"306.31","scan":"0.42","track":"0.61","acq_date":"2026-07-26","acq_time":"310","satellite":"N","instrument":"VIIRS","confidence":"n","version":"2.0NRT","bright_ti5":"285.05","frp":"1.7","daynight":"N","commune":"Lanton","code_insee":"33229","departement":"Gironde","region":"Nouvelle-Aquitaine"}},{"type":"Feature","geometry":{"type":"Point","coordinates":[-1.05894,44.76934]},"properties":{"latitude":"44.76934","longitude":"-1.05894","bright_ti4":"325.78","scan":"0.42","track":"0.61","acq_date":"2026-07-26","acq_time":"310","satellite":"N","instrument":"VIIRS","confidence":"n","version":"2.0NRT","bright_ti5":"286.67","frp":"4.72","daynight":"N","commune":"Andernos-les-Bains","code_insee":"33005","departement":"Gironde","region":"Nouvelle-Aquitaine"}},{"type":"Feature","geometry":{"type":"Point","coordinates":[-0.95854,44.77002]},"properties":{"latitude":"44.77002","longitude":"-0.95854","bright_ti4":"305.36","scan":"0.42","track":"0.61","acq_date":"2026-07-26","acq_time":"310","satellite":"N","instrument":"VIIRS","confidence":"n","version":"2.0NRT","bright_ti5":"287.33","frp":"2.57","daynight":"N","commune":"Lanton","code_insee":"33229","departement":"Gironde","region":"Nouvelle-Aquitaine"}},{"type":"Feature","geometry":{"type":"Point","coordinates":[-0.9403,44.77074]},"properties":{"latitude":"44.77074","longitude":"-0.9403","bright_ti4":"311.58","scan":"0.42","track":"0.61","acq_date":"2026-07-26","acq_time":"310","satellite":"N","instrument":"VIIRS","confidence":"n","version":"2.0NRT","bright_ti5":"288.65","frp":"2.44","daynight":"N","commune":"Lanton","code_insee":"33229","departement":"Gironde","region":"Nouvelle-Aquitaine"}},{"type":"Feature","geometry":{"type":"Point","coordinates":[-0.98168,44.7708]},"properties":{"latitude":"44.7708","longitude":"-0.98168","bright_ti4":"298.95","scan":"0.42","track":"0.61","acq_date":"2026-07-26","acq_time":"310","satellite":"N","instrument":"VIIRS","confidence":"n","version":"2.0NRT","bright_ti5":"285.69","frp":"0.83","daynight":"N","commune":"Lanton","code_insee":"33229","departement":"Gironde","region":"Nouvelle-Aquitaine"}},{"type":"Feature","geometry":{"type":"Point","coordinates":[-0.96358,44.77155]},"properties":{"latitude":"44.77155","longitude":"-0.96358","bright_ti4":"313.05","scan":"0.42","track":"0.61","acq_date":"2026-07-26","acq_time":"310","satellite":"N","instrument":"VIIRS","confidence":"n","version":"2.0NRT","bright_ti5":"288.58","frp":"2.57","daynight":"N","commune":"Lanton","code_insee":"33229","departement":"Gironde","region":"Nouvelle-Aquitaine"}},{"type":"Feature","geometry":{"type":"Point","coordinates":[-0.94532,44.77225]},"properties":{"latitude":"44.77225","longitude":"-0.94532","bright_ti4":"310.67","scan":"0.42","track":"0.61","acq_date":"2026-07-26","acq_time":"310","satellite":"N","instrument":"VIIRS","confidence":"n","version":"2.0NRT","bright_ti5":"288.7","frp":"2.12","daynight":"N","commune":"Lanton","code_insee":"33229","departement":"Gironde","region":"Nouvelle-Aquitaine"}},{"type":"Feature","geometry":{"type":"Point","coordinates":[-1.10957,44.7723]},"properties":{"latitude":"44.7723","longitude":"-1.10957","bright_ti4":"341.93","scan":"0.41","track":"0.61","acq_date":"2026-07-26","acq_time":"310","satellite":"N","instrument":"VIIRS","confidence":"n","version":"2.0NRT","bright_ti5":"287.98","frp":"5.7","daynight":"N","commune":"Arès","code_insee":"33011","departement":"Gironde","region":"Nouvelle-Aquitaine"}},{"type":"Feature","geometry":{"type":"Point","coordinates":[-1.10456,44.77281]},"properties":{"latitude":"44.77281","longitude":"-1.10456","bright_ti4":"306.18","scan":"0.41","track":"0.61","acq_date":"2026-07-26","acq_time":"310","satellite":"N","instrument":"VIIRS","confidence":"n","version":"2.0NRT","bright_ti5":"286.57","frp":"5.06","daynight":"N","commune":"Arès","code_insee":"33011","departement":"Gironde","region":"Nouvelle-Aquitaine"}},{"type":"Feature","geometry":{"type":"Point","coordinates":[-0.96859,44.77306]},"properties":{"latitude":"44.77306","longitude":"-0.96859","bright_ti4":"308.9","scan":"0.42","track":"0.61","acq_date":"2026-07-26","acq_time":"310","satellite":"N","instrument":"VIIRS","confidence":"n","version":"2.0NRT","bright_ti5":"287.53","frp":"2.69","daynight":"N","commune":"Lanton","code_insee":"33229","departement":"Gironde","region":"Nouvelle-Aquitaine"}},{"type":"Feature","geometry":{"type":"Point","coordinates":[-0.95034,44.77377]},"properties":{"latitude":"44.77377","longitude":"-0.95034","bright_ti4":"306.66","scan":"0.42","track":"0.61","acq_date":"2026-07-26","acq_time":"310","satellite":"N","instrument":"VIIRS","confidence":"n","version":"2.0NRT","bright_ti5":"288.22","frp":"2.12","daynight":"N","commune":"Lanton","code_insee":"33229","departement":"Gironde","region":"Nouvelle-Aquitaine"}},{"type":"Feature","geometry":{"type":"Point","coordinates":[-1.1145,44.77379]},"properties":{"latitude":"44.77379","longitude":"-1.1145","bright_ti4":"341.43","scan":"0.41","track":"0.61","acq_date":"2026-07-26","acq_time":"310","satellite":"N","instrument":"VIIRS","confidence":"n","version":"2.0NRT","bright_ti5":"288.92","frp":"5.7","daynight":"N","commune":"Arès","code_insee":"33011","departement":"Gironde","region":"Nouvelle-Aquitaine"}},{"type":"Feature","geometry":{"type":"Point","coordinates":[-1.1095,44.77428]},"properties":{"latitude":"44.77428","longitude":"-1.1095","bright_ti4":"355.64","scan":"0.41","track":"0.61","acq_date":"2026-07-26","acq_time":"310","satellite":"N","instrument":"VIIRS","confidence":"n","version":"2.0NRT","bright_ti5":"291.39","frp":"5.06","daynight":"N","commune":"Arès","code_insee":"33011","departement":"Gironde","region":"Nouvelle-Aquitaine"}},{"type":"Feature","geometry":{"type":"Point","coordinates":[-0.93216,44.77451]},"properties":{"latitude":"44.77451","longitude":"-0.93216","bright_ti4":"306.5","scan":"0.42","track":"0.61","acq_date":"2026-07-26","acq_time":"310","satellite":"N","instrument":"VIIRS","confidence":"n","version":"2.0NRT","bright_ti5":"287.07","frp":"2.55","daynight":"N","commune":"Lanton","code_insee":"33229","departement":"Gironde","region":"Nouvelle-Aquitaine"}},{"type":"Feature","geometry":{"type":"Point","coordinates":[-1.11944,44.77528]},"properties":{"latitude":"44.77528","longitude":"-1.11944","bright_ti4":"301.41","scan":"0.41","track":"0.61","acq_date":"2026-07-26","acq_time":"310","satellite":"N","instrument":"VIIRS","confidence":"n","version":"2.0NRT","bright_ti5":"285.29","frp":"2.09","daynight":"N","commune":"Arès","code_insee":"33011","departement":"Gironde","region":"Nouvelle-Aquitaine"}},{"type":"Feature","geometry":{"type":"Point","coordinates":[-1.11444,44.77574]},"properties":{"latitude":"44.77574","longitude":"-1.11444","bright_ti4":"338.74","scan":"0.41","track":"0.61","acq_date":"2026-07-26","acq_time":"310","satellite":"N","instrument":"VIIRS","confidence":"n","version":"2.0NRT","bright_ti5":"290.26","frp":"5.95","daynight":"N","commune":"Arès","code_insee":"33011","departement":"Gironde","region":"Nouvelle-Aquitaine"}},{"type":"Feature","geometry":{"type":"Point","coordinates":[-1.21891,44.776]},"properties":{"latitude":"44.776","longitude":"-1.21891","bright_ti4":"306.77","scan":"0.41","track":"0.6","acq_date":"2026-07-26","acq_time":"310","satellite":"N","instrument":"VIIRS","confidence":"n","version":"2.0NRT","bright_ti5":"286.52","frp":"1.29","daynight":"N","commune":"Lège-Cap-Ferret","code_insee":"33236","departement":"Gironde","region":"Nouvelle-Aquitaine"}},{"type":"Feature","geometry":{"type":"Point","coordinates":[-0.93717,44.77602]},"properties":{"latitude":"44.77602","longitude":"-0.93717","bright_ti4":"312.21","scan":"0.42","track":"0.61","acq_date":"2026-07-26","acq_time":"310","satellite":"N","instrument":"VIIRS","confidence":"n","version":"2.0NRT","bright_ti5":"287.81","frp":"2.55","daynight":"N","commune":"Lanton","code_insee":"33229","departement":"Gironde","region":"Nouvelle-Aquitaine"}},{"type":"Feature","geometry":{"type":"Point","coordinates":[-1.12437,44.77678]},"properties":{"latitude":"44.77678","longitude":"-1.12437","bright_ti4":"305.01","scan":"0.41","track":"0.61","acq_date":"2026-07-26","acq_time":"310","satellite":"N","instrument":"VIIRS","confidence":"n","version":"2.0NRT","bright_ti5":"285.17","frp":"2.09","daynight":"N","commune":"Arès","code_insee":"33011","departement":"Gironde","region":"Nouvelle-Aquitaine"}},{"type":"Feature","geometry":{"type":"Point","coordinates":[-1.20109,44.77684]},"properties":{"latitude":"44.77684","longitude":"-1.20109","bright_ti4":"300.18","scan":"0.41","track":"0.61","acq_date":"2026-07-26","acq_time":"310","satellite":"N","instrument":"VIIRS","confidence":"n","version":"2.0NRT","bright_ti5":"286.09","frp":"0.94","daynight":"N","commune":"Lège-Cap-Ferret","code_insee":"33236","departement":"Gironde","region":"Nouvelle-Aquitaine"}},{"type":"Feature","geometry":{"type":"Point","coordinates":[-0.94217,44.77753]},"properties":{"latitude":"44.77753","longitude":"-0.94217","bright_ti4":"312.95","scan":"0.42","track":"0.61","acq_date":"2026-07-26","acq_time":"310","satellite":"N","instrument":"VIIRS","confidence":"n","version":"2.0NRT","bright_ti5":"288.37","frp":"4.15","daynight":"N","commune":"Lanton","code_insee":"33229","departement":"Gironde","region":"Nouvelle-Aquitaine"}},{"type":"Feature","geometry":{"type":"Point","coordinates":[-1.10654,44.77756]},"properties":{"latitude":"44.77756","longitude":"-1.10654","bright_ti4":"316.13","scan":"0.41","track":"0.61","acq_date":"2026-07-26","acq_time":"310","satellite":"N","instrument":"VIIRS","confidence":"n","version":"2.0NRT","bright_ti5":"288.5","frp":"1.44","daynight":"N","commune":"Arès","code_insee":"33011","departement":"Gironde","region":"Nouvelle-Aquitaine"}},{"type":"Feature","geometry":{"type":"Point","coordinates":[-1.12435,44.77868]},"properties":{"latitude":"44.77868","longitude":"-1.12435","bright_ti4":"320.64","scan":"0.41","track":"0.61","acq_date":"2026-07-26","acq_time":"310","satellite":"N","instrument":"VIIRS","confidence":"n","version":"2.0NRT","bright_ti5":"287.25","frp":"3.51","daynight":"N","commune":"Arès","code_insee":"33011","departement":"Gironde","region":"Nouvelle-Aquitaine"}},{"type":"Feature","geometry":{"type":"Point","coordinates":[-1.11146,44.77905]},"properties":{"latitude":"44.77905","longitude":"-1.11146","bright_ti4":"303.52","scan":"0.41","track":"0.61","acq_date":"2026-07-26","acq_time":"310","satellite":"N","instrument":"VIIRS","confidence":"n","version":"2.0NRT","bright_ti5":"287.2","frp":"1.44","daynight":"N","commune":"Arès","code_insee":"33011","departement":"Gironde","region":"Nouvelle-Aquitaine"}},{"type":"Feature","geometry":{"type":"Point","coordinates":[-1.11639,44.78055]},"properties":{"latitude":"44.78055","longitude":"-1.11639","bright_ti4":"304.68","scan":"0.41","track":"0.61","acq_date":"2026-07-26","acq_time":"310","satellite":"N","instrument":"VIIRS","confidence":"n","version":"2.0NRT","bright_ti5":"287.2","frp":"1.48","daynight":"N","commune":"Arès","code_insee":"33011","departement":"Gironde","region":"Nouvelle-Aquitaine"}},{"type":"Feature","geometry":{"type":"Point","coordinates":[-0.93404,44.78131]},"properties":{"latitude":"44.78131","longitude":"-0.93404","bright_ti4":"330.88","scan":"0.42","track":"0.61","acq_date":"2026-07-26","acq_time":"310","satellite":"N","instrument":"VIIRS","confidence":"n","version":"2.0NRT","bright_ti5":"286.94","frp":"2.55","daynight":"N","commune":"Lanton","code_insee":"33229","departement":"Gironde","region":"Nouvelle-Aquitaine"}},{"type":"Feature","geometry":{"type":"Point","coordinates":[-1.12131,44.78203]},"properties":{"latitude":"44.78203","longitude":"-1.12131","bright_ti4":"313.5","scan":"0.41","track":"0.61","acq_date":"2026-07-26","acq_time":"310","satellite":"N","instrument":"VIIRS","confidence":"n","version":"2.0NRT","bright_ti5":"287.83","frp":"1.48","daynight":"N","commune":"Arès","code_insee":"33011","departement":"Gironde","region":"Nouvelle-Aquitaine"}},{"type":"Feature","geometry":{"type":"Point","coordinates":[-0.93904,44.78281]},"properties":{"latitude":"44.78281","longitude":"-0.93904","bright_ti4":"323.8","scan":"0.42","track":"0.61","acq_date":"2026-07-26","acq_time":"310","satellite":"N","instrument":"VIIRS","confidence":"n","version":"2.0NRT","bright_ti5":"286.6","frp":"4.15","daynight":"N","commune":"Lanton","code_insee":"33229","departement":"Gironde","region":"Nouvelle-Aquitaine"}},{"type":"Feature","geometry":{"type":"Point","coordinates":[-1.09907,44.80004]},"properties":{"latitude":"44.80004","longitude":"-1.09907","bright_ti4":"315.83","scan":"0.41","track":"0.61","acq_date":"2026-07-26","acq_time":"310","satellite":"N","instrument":"VIIRS","confidence":"n","version":"2.0NRT","bright_ti5":"285.38","frp":"3.78","daynight":"N","commune":"Arès","code_insee":"33011","departement":"Gironde","region":"Nouvelle-Aquitaine"}},{"type":"Feature","geometry":{"type":"Point","coordinates":[-1.10403,44.80153]},"properties":{"latitude":"44.80153","longitude":"-1.10403","bright_ti4":"330.2","scan":"0.41","track":"0.61","acq_date":"2026-07-26","acq_time":"310","satellite":"N","instrument":"VIIRS","confidence":"n","version":"2.0NRT","bright_ti5":"285.76","frp":"5.45","daynight":"N","commune":"Arès","code_insee":"33011","departement":"Gironde","region":"Nouvelle-Aquitaine"}},{"type":"Feature","geometry":{"type":"Point","coordinates":[-1.09103,44.8038]},"properties":{"latitude":"44.8038","longitude":"-1.09103","bright_ti4":"300.57","scan":"0.41","track":"0.61","acq_date":"2026-07-26","acq_time":"310","satellite":"N","instrument":"VIIRS","confidence":"n","version":"2.0NRT","bright_ti5":"285.47","frp":"3.78","daynight":"N","commune":"Arès","code_insee":"33011","departement":"Gironde","region":"Nouvelle-Aquitaine"}},{"type":"Feature","geometry":{"type":"Point","coordinates":[-1.09599,44.80529]},"properties":{"latitude":"44.80529","longitude":"-1.09599","bright_ti4":"355.16","scan":"0.41","track":"0.61","acq_date":"2026-07-26","acq_time":"310","satellite":"N","instrument":"VIIRS","confidence":"n","version":"2.0NRT","bright_ti5":"289.23","frp":"3.78","daynight":"N","commune":"Arès","code_insee":"33011","departement":"Gironde","region":"Nouvelle-Aquitaine"}},{"type":"Feature","geometry":{"type":"Point","coordinates":[-1.10094,44.80678]},"properties":{"latitude":"44.80678","longitude":"-1.10094","bright_ti4":"317.2","scan":"0.41","track":"0.61","acq_date":"2026-07-26","acq_time":"310","satellite":"N","instrument":"VIIRS","confidence":"n","version":"2.0NRT","bright_ti5":"285.14","frp":"5.45","daynight":"N","commune":"Lège-Cap-Ferret","code_insee":"33236","departement":"Gironde","region":"Nouvelle-Aquitaine"}},{"type":"Feature","geometry":{"type":"Point","coordinates":[-1.0929,44.81055]},"properties":{"latitude":"44.81055","longitude":"-1.0929","bright_ti4":"300.39","scan":"0.41","track":"0.61","acq_date":"2026-07-26","acq_time":"310","satellite":"N","instrument":"VIIRS","confidence":"n","version":"2.0NRT","bright_ti5":"284.63","frp":"0.79","daynight":"N","commune":"Lège-Cap-Ferret","code_insee":"33236","departement":"Gironde","region":"Nouvelle-Aquitaine"}},{"type":"Feature","geometry":{"type":"Point","coordinates":[-1.21516,44.8117]},"properties":{"latitude":"44.8117","longitude":"-1.21516","bright_ti4":"300.58","scan":"0.41","track":"0.6","acq_date":"2026-07-26","acq_time":"310","satellite":"N","instrument":"VIIRS","confidence":"n","version":"2.0NRT","bright_ti5":"286.43","frp":"0.65","daynight":"N","commune":"Le Porge","code_insee":"33333","departement":"Gironde","region":"Nouvelle-Aquitaine"}},{"type":"Feature","geometry":{"type":"Point","coordinates":[-1.19422,44.81779]},"properties":{"latitude":"44.81779","longitude":"-1.19422","bright_ti4":"298.33","scan":"0.41","track":"0.6","acq_date":"2026-07-26","acq_time":"310","satellite":"N","instrument":"VIIRS","confidence":"n","version":"2.0NRT","bright_ti5":"285.63","frp":"0.68","daynight":"N","commune":"Le Porge","code_insee":"33333","departement":"Gironde","region":"Nouvelle-Aquitaine"}},{"type":"Feature","geometry":{"type":"Point","coordinates":[-0.94579,44.84079]},"properties":{"latitude":"44.84079","longitude":"-0.94579","bright_ti4":"302.99","scan":"0.42","track":"0.61","acq_date":"2026-07-26","acq_time":"310","satellite":"N","instrument":"VIIRS","confidence":"n","version":"2.0NRT","bright_ti5":"287.08","frp":"1.5","daynight":"N","commune":"Le Temple","code_insee":"33528","departement":"Gironde","region":"Nouvelle-Aquitaine"}},{"type":"Feature","geometry":{"type":"Point","coordinates":[-0.94387,44.84298]},"properties":{"latitude":"44.84298","longitude":"-0.94387","bright_ti4":"308.37","scan":"0.42","track":"0.61","acq_date":"2026-07-26","acq_time":"310","satellite":"N","instrument":"VIIRS","confidence":"n","version":"2.0NRT","bright_ti5":"288.1","frp":"1.38","daynight":"N","commune":"Le Temple","code_insee":"33528","departement":"Gironde","region":"Nouvelle-Aquitaine"}},{"type":"Feature","geometry":{"type":"Point","coordinates":[-0.97402,44.84301]},"properties":{"latitude":"44.84301","longitude":"-0.97402","bright_ti4":"316.63","scan":"0.42","track":"0.61","acq_date":"2026-07-26","acq_time":"310","satellite":"N","instrument":"VIIRS","confidence":"n","version":"2.0NRT","bright_ti5":"286.26","frp":"2.12","daynight":"N","commune":"Le Temple","code_insee":"33528","departement":"Gironde","region":"Nouvelle-Aquitaine"}},{"type":"Feature","geometry":{"type":"Point","coordinates":[-0.98503,44.84307]},"properties":{"latitude":"44.84307","longitude":"-0.98503","bright_ti4":"311.7","scan":"0.42","track":"0.61","acq_date":"2026-07-26","acq_time":"310","satellite":"N","instrument":"VIIRS","confidence":"n","version":"2.0NRT","bright_ti5":"286.2","frp":"2.02","daynight":"N","commune":"Le Temple","code_insee":"33528","departement":"Gironde","region":"Nouvelle-Aquitaine"}},{"type":"Feature","geometry":{"type":"Point","coordinates":[-0.97903,44.8445]},"properties":{"latitude":"44.8445","longitude":"-0.97903","bright_ti4":"307.78","scan":"0.42","track":"0.61","acq_date":"2026-07-26","acq_time":"310","satellite":"N","instrument":"VIIRS","confidence":"n","version":"2.0NRT","bright_ti5":"286.84","frp":"2.12","daynight":"N","commune":"Le Temple","code_insee":"33528","departement":"Gironde","region":"Nouvelle-Aquitaine"}},{"type":"Feature","geometry":{"type":"Point","coordinates":[-0.9489,44.84451]},"properties":{"latitude":"44.84451","longitude":"-0.9489","bright_ti4":"302.28","scan":"0.42","track":"0.61","acq_date":"2026-07-26","acq_time":"310","satellite":"N","instrument":"VIIRS","confidence":"n","version":"2.0NRT","bright_ti5":"286.78","frp":"1.38","daynight":"N","commune":"Le Temple","code_insee":"33528","departement":"Gironde","region":"Nouvelle-Aquitaine"}},{"type":"Feature","geometry":{"type":"Point","coordinates":[-0.97197,44.84531]},"properties":{"latitude":"44.84531","longitude":"-0.97197","bright_ti4":"324.74","scan":"0.42","track":"0.61","acq_date":"2026-07-26","acq_time":"310","satellite":"N","instrument":"VIIRS","confidence":"n","version":"2.0NRT","bright_ti5":"287.93","frp":"3.76","daynight":"N","commune":"Le Temple","code_insee":"33528","departement":"Gironde","region":"Nouvelle-Aquitaine"}},{"type":"Feature","geometry":{"type":"Point","coordinates":[-0.98402,44.84599]},"properties":{"latitude":"44.84599","longitude":"-0.98402","bright_ti4":"318.42","scan":"0.42","track":"0.61","acq_date":"2026-07-26","acq_time":"310","satellite":"N","instrument":"VIIRS","confidence":"n","version":"2.0NRT","bright_ti5":"286.98","frp":"1.93","daynight":"N","commune":"Le Temple","code_insee":"33528","departement":"Gironde","region":"Nouvelle-Aquitaine"}},{"type":"Feature","geometry":{"type":"Point","coordinates":[-0.94265,44.84606]},"properties":{"latitude":"44.84606","longitude":"-0.94265","bright_ti4":"303.85","scan":"0.42","track":"0.61","acq_date":"2026-07-26","acq_time":"310","satellite":"N","instrument":"VIIRS","confidence":"n","version":"2.0NRT","bright_ti5":"287.83","frp":"1.5","daynight":"N","commune":"Le Temple","code_insee":"33528","departement":"Gironde","region":"Nouvelle-Aquitaine"}},{"type":"Feature","geometry":{"type":"Point","coordinates":[-0.97695,44.84682]},"properties":{"latitude":"44.84682","longitude":"-0.97695","bright_ti4":"310.28","scan":"0.42","track":"0.61","acq_date":"2026-07-26","acq_time":"310","satellite":"N","instrument":"VIIRS","confidence":"n","version":"2.0NRT","bright_ti5":"287.56","frp":"2.02","daynight":"N","commune":"Le Temple","code_insee":"33528","departement":"Gironde","region":"Nouvelle-Aquitaine"}},{"type":"Feature","geometry":{"type":"Point","coordinates":[-0.98901,44.84748]},"properties":{"latitude":"44.84748","longitude":"-0.98901","bright_ti4":"302.01","scan":"0.42","track":"0.61","acq_date":"2026-07-26","acq_time":"310","satellite":"N","instrument":"VIIRS","confidence":"n","version":"2.0NRT","bright_ti5":"284.73","frp":"1.93","daynight":"N","commune":"Le Temple","code_insee":"33528","departement":"Gironde","region":"Nouvelle-Aquitaine"}},{"type":"Feature","geometry":{"type":"Point","coordinates":[-0.94768,44.84756]},"properties":{"latitude":"44.84756","longitude":"-0.94768","bright_ti4":"300.36","scan":"0.42","track":"0.61","acq_date":"2026-07-26","acq_time":"310","satellite":"N","instrument":"VIIRS","confidence":"n","version":"2.0NRT","bright_ti5":"286.66","frp":"2.53","daynight":"N","commune":"Le Temple","code_insee":"33528","departement":"Gironde","region":"Nouvelle-Aquitaine"}},{"type":"Feature","geometry":{"type":"Point","coordinates":[-0.97087,44.84827]},"properties":{"latitude":"44.84827","longitude":"-0.97087","bright_ti4":"315.62","scan":"0.42","track":"0.61","acq_date":"2026-07-26","acq_time":"310","satellite":"N","instrument":"VIIRS","confidence":"n","version":"2.0NRT","bright_ti5":"287.65","frp":"3.21","daynight":"N","commune":"Le Temple","code_insee":"33528","departement":"Gironde","region":"Nouvelle-Aquitaine"}},{"type":"Feature","geometry":{"type":"Point","coordinates":[-0.98194,44.84834]},"properties":{"latitude":"44.84834","longitude":"-0.98194","bright_ti4":"307.29","scan":"0.42","track":"0.61","acq_date":"2026-07-26","acq_time":"310","satellite":"N","instrument":"VIIRS","confidence":"n","version":"2.0NRT","bright_ti5":"287.33","frp":"2.02","daynight":"N","commune":"Le Temple","code_insee":"33528","departement":"Gironde","region":"Nouvelle-Aquitaine"}},{"type":"Feature","geometry":{"type":"Point","coordinates":[-0.96388,44.84907]},"properties":{"latitude":"44.84907","longitude":"-0.96388","bright_ti4":"307.64","scan":"0.42","track":"0.61","acq_date":"2026-07-26","acq_time":"310","satellite":"N","instrument":"VIIRS","confidence":"n","version":"2.0NRT","bright_ti5":"286.55","frp":"1.7","daynight":"N","commune":"Le Temple","code_insee":"33528","departement":"Gironde","region":"Nouvelle-Aquitaine"}},{"type":"Feature","geometry":{"type":"Point","coordinates":[-0.97587,44.84976]},"properties":{"latitude":"44.84976","longitude":"-0.97587","bright_ti4":"305.57","scan":"0.42","track":"0.61","acq_date":"2026-07-26","acq_time":"310","satellite":"N","instrument":"VIIRS","confidence":"n","version":"2.0NRT","bright_ti5":"286.87","frp":"3.21","daynight":"N","commune":"Le Temple","code_insee":"33528","departement":"Gironde","region":"Nouvelle-Aquitaine"}},{"type":"Feature","geometry":{"type":"Point","coordinates":[-0.98691,44.84986]},"properties":{"latitude":"44.84986","longitude":"-0.98691","bright_ti4":"305.09","scan":"0.42","track":"0.61","acq_date":"2026-07-26","acq_time":"310","satellite":"N","instrument":"VIIRS","confidence":"n","version":"2.0NRT","bright_ti5":"286.35","frp":"1.44","daynight":"N","commune":"Le Temple","code_insee":"33528","departement":"Gironde","region":"Nouvelle-Aquitaine"}},{"type":"Feature","geometry":{"type":"Point","coordinates":[-0.96885,44.85058]},"properties":{"latitude":"44.85058","longitude":"-0.96885","bright_ti4":"323.27","scan":"0.42","track":"0.61","acq_date":"2026-07-26","acq_time":"310","satellite":"N","instrument":"VIIRS","confidence":"n","version":"2.0NRT","bright_ti5":"287.17","frp":"1.7","daynight":"N","commune":"Le Temple","code_insee":"33528","departement":"Gironde","region":"Nouvelle-Aquitaine"}},{"type":"Feature","geometry":{"type":"Point","coordinates":[-1.02212,44.85116]},"properties":{"latitude":"44.85116","longitude":"-1.02212","bright_ti4":"299.64","scan":"0.41","track":"0.61","acq_date":"2026-07-26","acq_time":"310","satellite":"N","instrument":"VIIRS","confidence":"n","version":"2.0NRT","bright_ti5":"285.82","frp":"1.33","daynight":"N","commune":"Le Temple","code_insee":"33528","departement":"Gironde","region":"Nouvelle-Aquitaine"}},{"type":"Feature","geometry":{"type":"Point","coordinates":[-0.98088,44.85125]},"properties":{"latitude":"44.85125","longitude":"-0.98088","bright_ti4":"303.45","scan":"0.42","track":"0.61","acq_date":"2026-07-26","acq_time":"310","satellite":"N","instrument":"VIIRS","confidence":"n","version":"2.0NRT","bright_ti5":"286.7","frp":"4.09","daynight":"N","commune":"Le Temple","code_insee":"33528","departement":"Gironde","region":"Nouvelle-Aquitaine"}},{"type":"Feature","geometry":{"type":"Point","coordinates":[-0.96274,44.85205]},"properties":{"latitude":"44.85205","longitude":"-0.96274","bright_ti4":"315.27","scan":"0.42","track":"0.61","acq_date":"2026-07-26","acq_time":"310","satellite":"N","instrument":"VIIRS","confidence":"n","version":"2.0NRT","bright_ti5":"287.5","frp":"4.38","daynight":"N","commune":"Le Temple","code_insee":"33528","departement":"Gironde","region":"Nouvelle-Aquitaine"}},{"type":"Feature","geometry":{"type":"Point","coordinates":[-0.97382,44.85209]},"properties":{"latitude":"44.85209","longitude":"-0.97382","bright_ti4":"314.94","scan":"0.42","track":"0.61","acq_date":"2026-07-26","acq_time":"310","satellite":"N","instrument":"VIIRS","confidence":"n","version":"2.0NRT","bright_ti5":"286.85","frp":"3.04","daynight":"N","commune":"Le Temple","code_insee":"33528","departement":"Gironde","region":"Nouvelle-Aquitaine"}},{"type":"Feature","geometry":{"type":"Point","coordinates":[-1.02703,44.85262]},"properties":{"latitude":"44.85262","longitude":"-1.02703","bright_ti4":"308.65","scan":"0.41","track":"0.61","acq_date":"2026-07-26","acq_time":"310","satellite":"N","instrument":"VIIRS","confidence":"n","version":"2.0NRT","bright_ti5":"285.83","frp":"1.16","daynight":"N","commune":"Le Temple","code_insee":"33528","departement":"Gironde","region":"Nouvelle-Aquitaine"}},{"type":"Feature","geometry":{"type":"Point","coordinates":[-0.95575,44.85281]},"properties":{"latitude":"44.85281","longitude":"-0.95575","bright_ti4":"305.72","scan":"0.42","track":"0.61","acq_date":"2026-07-26","acq_time":"310","satellite":"N","instrument":"VIIRS","confidence":"n","version":"2.0NRT","bright_ti5":"286.25","frp":"2.65","daynight":"N","commune":"Le Temple","code_insee":"33528","departement":"Gironde","region":"Nouvelle-Aquitaine"}},{"type":"Feature","geometry":{"type":"Point","coordinates":[-0.96774,44.85353]},"properties":{"latitude":"44.85353","longitude":"-0.96774","bright_ti4":"317.39","scan":"0.42","track":"0.61","acq_date":"2026-07-26","acq_time":"310","satellite":"N","instrument":"VIIRS","confidence":"n","version":"2.0NRT","bright_ti5":"286.16","frp":"3.21","daynight":"N","commune":"Le Temple","code_insee":"33528","departement":"Gironde","region":"Nouvelle-Aquitaine"}},{"type":"Feature","geometry":{"type":"Point","coordinates":[-0.97881,44.8536]},"properties":{"latitude":"44.8536","longitude":"-0.97881","bright_ti4":"311.48","scan":"0.42","track":"0.61","acq_date":"2026-07-26","acq_time":"310","satellite":"N","instrument":"VIIRS","confidence":"n","version":"2.0NRT","bright_ti5":"286.35","frp":"3.04","daynight":"N","commune":"Le Temple","code_insee":"33528","departement":"Gironde","region":"Nouvelle-Aquitaine"}},{"type":"Feature","geometry":{"type":"Point","coordinates":[-1.03196,44.8541]},"properties":{"latitude":"44.8541","longitude":"-1.03196","bright_ti4":"303.16","scan":"0.41","track":"0.61","acq_date":"2026-07-26","acq_time":"310","satellite":"N","instrument":"VIIRS","confidence":"n","version":"2.0NRT","bright_ti5":"284.97","frp":"1.16","daynight":"N","commune":"Le Temple","code_insee":"33528","departement":"Gironde","region":"Nouvelle-Aquitaine"}},{"type":"Feature","geometry":{"type":"Point","coordinates":[-0.94952,44.85431]},"properties":{"latitude":"44.85431","longitude":"-0.94952","bright_ti4":"301.4","scan":"0.42","track":"0.61","acq_date":"2026-07-26","acq_time":"310","satellite":"N","instrument":"VIIRS","confidence":"n","version":"2.0NRT","bright_ti5":"286.35","frp":"3.75","daynight":"N","commune":"Le Temple","code_insee":"33528","departement":"Gironde","region":"Nouvelle-Aquitaine"}},{"type":"Feature","geometry":{"type":"Point","coordinates":[-0.96075,44.85433]},"properties":{"latitude":"44.85433","longitude":"-0.96075","bright_ti4":"305.11","scan":"0.42","track":"0.61","acq_date":"2026-07-26","acq_time":"310","satellite":"N","instrument":"VIIRS","confidence":"n","version":"2.0NRT","bright_ti5":"285.97","frp":"1.7","daynight":"N","commune":"Le Temple","code_insee":"33528","departement":"Gironde","region":"Nouvelle-Aquitaine"}},{"type":"Feature","geometry":{"type":"Point","coordinates":[-0.97272,44.85502]},"properties":{"latitude":"44.85502","longitude":"-0.97272","bright_ti4":"351.72","scan":"0.42","track":"0.61","acq_date":"2026-07-26","acq_time":"310","satellite":"N","instrument":"VIIRS","confidence":"n","version":"2.0NRT","bright_ti5":"288","frp":"3.21","daynight":"N","commune":"Le Temple","code_insee":"33528","departement":"Gironde","region":"Nouvelle-Aquitaine"}},{"type":"Feature","geometry":{"type":"Point","coordinates":[-0.95454,44.8558]},"properties":{"latitude":"44.8558","longitude":"-0.95454","bright_ti4":"337.78","scan":"0.42","track":"0.61","acq_date":"2026-07-26","acq_time":"310","satellite":"N","instrument":"VIIRS","confidence":"n","version":"2.0NRT","bright_ti5":"287.94","frp":"3.22","daynight":"N","commune":"Le Temple","code_insee":"33528","departement":"Gironde","region":"Nouvelle-Aquitaine"}},{"type":"Feature","geometry":{"type":"Point","coordinates":[-0.96573,44.85584]},"properties":{"latitude":"44.85584","longitude":"-0.96573","bright_ti4":"301.23","scan":"0.42","track":"0.61","acq_date":"2026-07-26","acq_time":"310","satellite":"N","instrument":"VIIRS","confidence":"n","version":"2.0NRT","bright_ti5":"285.26","frp":"1.7","daynight":"N","commune":"Le Temple","code_insee":"33528","departement":"Gironde","region":"Nouvelle-Aquitaine"}},{"type":"Feature","geometry":{"type":"Point","coordinates":[-0.97772,44.85651]},"properties":{"latitude":"44.85651","longitude":"-0.97772","bright_ti4":"320.89","scan":"0.42","track":"0.61","acq_date":"2026-07-26","acq_time":"310","satellite":"N","instrument":"VIIRS","confidence":"n","version":"2.0NRT","bright_ti5":"287.22","frp":"4.09","daynight":"N","commune":"Le Temple","code_insee":"33528","departement":"Gironde","region":"Nouvelle-Aquitaine"}},{"type":"Feature","geometry":{"type":"Point","coordinates":[-0.95956,44.8573]},"properties":{"latitude":"44.8573","longitude":"-0.95956","bright_ti4":"307.84","scan":"0.42","track":"0.61","acq_date":"2026-07-26","acq_time":"310","satellite":"N","instrument":"VIIRS","confidence":"n","version":"2.0NRT","bright_ti5":"285.24","frp":"3.22","daynight":"N","commune":"Le Temple","code_insee":"33528","departement":"Gironde","region":"Nouvelle-Aquitaine"}},{"type":"Feature","geometry":{"type":"Point","coordinates":[-0.9707,44.85735]},"properties":{"latitude":"44.85735","longitude":"-0.9707","bright_ti4":"339.17","scan":"0.42","track":"0.61","acq_date":"2026-07-26","acq_time":"310","satellite":"N","instrument":"VIIRS","confidence":"n","version":"2.0NRT","bright_ti5":"286.23","frp":"3.04","daynight":"N","commune":"Le Temple","code_insee":"33528","departement":"Gironde","region":"Nouvelle-Aquitaine"}},{"type":"Feature","geometry":{"type":"Point","coordinates":[-0.95258,44.85807]},"properties":{"latitude":"44.85807","longitude":"-0.95258","bright_ti4":"345.34","scan":"0.42","track":"0.61","acq_date":"2026-07-26","acq_time":"310","satellite":"N","instrument":"VIIRS","confidence":"n","version":"2.0NRT","bright_ti5":"290.22","frp":"5.96","daynight":"N","commune":"Le Temple","code_insee":"33528","departement":"Gironde","region":"Nouvelle-Aquitaine"}},{"type":"Feature","geometry":{"type":"Point","coordinates":[-0.97567,44.85886]},"properties":{"latitude":"44.85886","longitude":"-0.97567","bright_ti4":"321.97","scan":"0.42","track":"0.61","acq_date":"2026-07-26","acq_time":"310","satellite":"N","instrument":"VIIRS","confidence":"n","version":"2.0NRT","bright_ti5":"286.15","frp":"3.04","daynight":"N","commune":"Le Temple","code_insee":"33528","departement":"Gironde","region":"Nouvelle-Aquitaine"}},{"type":"Feature","geometry":{"type":"Point","coordinates":[-0.95757,44.85958]},"properties":{"latitude":"44.85958","longitude":"-0.95757","bright_ti4":"306.8","scan":"0.42","track":"0.61","acq_date":"2026-07-26","acq_time":"310","satellite":"N","instrument":"VIIRS","confidence":"n","version":"2.0NRT","bright_ti5":"285.43","frp":"4.32","daynight":"N","commune":"Le Temple","code_insee":"33528","departement":"Gironde","region":"Nouvelle-Aquitaine"}},{"type":"Feature","geometry":{"type":"Point","coordinates":[-0.95135,44.86105]},"properties":{"latitude":"44.86105","longitude":"-0.95135","bright_ti4":"323.41","scan":"0.42","track":"0.61","acq_date":"2026-07-26","acq_time":"310","satellite":"N","instrument":"VIIRS","confidence":"n","version":"2.0NRT","bright_ti5":"289.23","frp":"3.22","daynight":"N","commune":"Le Temple","code_insee":"33528","departement":"Gironde","region":"Nouvelle-Aquitaine"}},{"type":"Feature","geometry":{"type":"Point","coordinates":[-0.97139,44.86701]},"properties":{"latitude":"44.86701","longitude":"-0.97139","bright_ti4":"299.39","scan":"0.42","track":"0.61","acq_date":"2026-07-26","acq_time":"310","satellite":"N","instrument":"VIIRS","confidence":"n","version":"2.0NRT","bright_ti5":"284.75","frp":"0.83","daynight":"N","commune":"Le Temple","code_insee":"33528","departement":"Gironde","region":"Nouvelle-Aquitaine"}},{"type":"Feature","geometry":{"type":"Point","coordinates":[-0.96437,44.86786]},"properties":{"latitude":"44.86786","longitude":"-0.96437","bright_ti4":"300.24","scan":"0.42","track":"0.61","acq_date":"2026-07-26","acq_time":"310","satellite":"N","instrument":"VIIRS","confidence":"n","version":"2.0NRT","bright_ti5":"285.2","frp":"0.81","daynight":"N","commune":"Le Temple","code_insee":"33528","departement":"Gironde","region":"Nouvelle-Aquitaine"}},{"type":"Feature","geometry":{"type":"Point","coordinates":[-1.09949,44.86803]},"properties":{"latitude":"44.86803","longitude":"-1.09949","bright_ti4":"300.06","scan":"0.41","track":"0.61","acq_date":"2026-07-26","acq_time":"310","satellite":"N","instrument":"VIIRS","confidence":"n","version":"2.0NRT","bright_ti5":"286.54","frp":"2.09","daynight":"N","commune":"Le Porge","code_insee":"33333","departement":"Gironde","region":"Nouvelle-Aquitaine"}},{"type":"Feature","geometry":{"type":"Point","coordinates":[-0.96936,44.86937]},"properties":{"latitude":"44.86937","longitude":"-0.96936","bright_ti4":"310.41","scan":"0.42","track":"0.61","acq_date":"2026-07-26","acq_time":"310","satellite":"N","instrument":"VIIRS","confidence":"n","version":"2.0NRT","bright_ti5":"286.18","frp":"0.81","daynight":"N","commune":"Le Temple","code_insee":"33528","departement":"Gironde","region":"Nouvelle-Aquitaine"}},{"type":"Feature","geometry":{"type":"Point","coordinates":[-0.97931,44.87238]},"properties":{"latitude":"44.87238","longitude":"-0.97931","bright_ti4":"308.74","scan":"0.42","track":"0.61","acq_date":"2026-07-26","acq_time":"310","satellite":"N","instrument":"VIIRS","confidence":"n","version":"2.0NRT","bright_ti5":"284.94","frp":"1.7","daynight":"N","commune":"Le Temple","code_insee":"33528","departement":"Gironde","region":"Nouvelle-Aquitaine"}},{"type":"Feature","geometry":{"type":"Point","coordinates":[-0.9662,44.87462]},"properties":{"latitude":"44.87462","longitude":"-0.9662","bright_ti4":"308.88","scan":"0.42","track":"0.61","acq_date":"2026-07-26","acq_time":"310","satellite":"N","instrument":"VIIRS","confidence":"n","version":"2.0NRT","bright_ti5":"286.39","frp":"2.43","daynight":"N","commune":"Le Temple","code_insee":"33528","departement":"Gironde","region":"Nouvelle-Aquitaine"}},{"type":"Feature","geometry":{"type":"Point","coordinates":[-0.97119,44.87613]},"properties":{"latitude":"44.87613","longitude":"-0.97119","bright_ti4":"313.45","scan":"0.42","track":"0.61","acq_date":"2026-07-26","acq_time":"310","satellite":"N","instrument":"VIIRS","confidence":"n","version":"2.0NRT","bright_ti5":"287.39","frp":"5.02","daynight":"N","commune":"Le Temple","code_insee":"33528","departement":"Gironde","region":"Nouvelle-Aquitaine"}},{"type":"Feature","geometry":{"type":"Point","coordinates":[-0.97617,44.87764]},"properties":{"latitude":"44.87764","longitude":"-0.97617","bright_ti4":"337.19","scan":"0.42","track":"0.61","acq_date":"2026-07-26","acq_time":"310","satellite":"N","instrument":"VIIRS","confidence":"n","version":"2.0NRT","bright_ti5":"289.8","frp":"5.02","daynight":"N","commune":"Le Temple","code_insee":"33528","departement":"Gironde","region":"Nouvelle-Aquitaine"}},{"type":"Feature","geometry":{"type":"Point","coordinates":[-0.89858,44.87904]},"properties":{"latitude":"44.87904","longitude":"-0.89858","bright_ti4":"301.85","scan":"0.42","track":"0.61","acq_date":"2026-07-26","acq_time":"310","satellite":"N","instrument":"VIIRS","confidence":"n","version":"2.0NRT","bright_ti5":"285.44","frp":"1.83","daynight":"N","commune":"Le Temple","code_insee":"33528","departement":"Gironde","region":"Nouvelle-Aquitaine"}},{"type":"Feature","geometry":{"type":"Point","coordinates":[-0.98115,44.87914]},"properties":{"latitude":"44.87914","longitude":"-0.98115","bright_ti4":"350.64","scan":"0.42","track":"0.61","acq_date":"2026-07-26","acq_time":"310","satellite":"N","instrument":"VIIRS","confidence":"n","version":"2.0NRT","bright_ti5":"288.39","frp":"4.14","daynight":"N","commune":"Le Temple","code_insee":"33528","departement":"Gironde","region":"Nouvelle-Aquitaine"}},{"type":"Feature","geometry":{"type":"Point","coordinates":[-0.98613,44.88065]},"properties":{"latitude":"44.88065","longitude":"-0.98613","bright_ti4":"342.1","scan":"0.42","track":"0.61","acq_date":"2026-07-26","acq_time":"310","satellite":"N","instrument":"VIIRS","confidence":"n","version":"2.0NRT","bright_ti5":"286.6","frp":"4.14","daynight":"N","commune":"Le Temple","code_insee":"33528","departement":"Gironde","region":"Nouvelle-Aquitaine"}},{"type":"Feature","geometry":{"type":"Point","coordinates":[-0.97802,44.8844]},"properties":{"latitude":"44.8844","longitude":"-0.97802","bright_ti4":"303.14","scan":"0.42","track":"0.61","acq_date":"2026-07-26","acq_time":"310","satellite":"N","instrument":"VIIRS","confidence":"n","version":"2.0NRT","bright_ti5":"286.01","frp":"4.14","daynight":"N","commune":"Saumos","code_insee":"33503","departement":"Gironde","region":"Nouvelle-Aquitaine"}},{"type":"Feature","geometry":{"type":"Point","coordinates":[-1.00099,44.88514]},"properties":{"latitude":"44.88514","longitude":"-1.00099","bright_ti4":"315.01","scan":"0.41","track":"0.61","acq_date":"2026-07-26","acq_time":"310","satellite":"N","instrument":"VIIRS","confidence":"n","version":"2.0NRT","bright_ti5":"286.54","frp":"4.17","daynight":"N","commune":"Le Temple","code_insee":"33528","departement":"Gironde","region":"Nouvelle-Aquitaine"}},{"type":"Feature","geometry":{"type":"Point","coordinates":[-0.98299,44.8859]},"properties":{"latitude":"44.8859","longitude":"-0.98299","bright_ti4":"304.07","scan":"0.42","track":"0.61","acq_date":"2026-07-26","acq_time":"310","satellite":"N","instrument":"VIIRS","confidence":"n","version":"2.0NRT","bright_ti5":"286.69","frp":"4.14","daynight":"N","commune":"Saumos","code_insee":"33503","departement":"Gironde","region":"Nouvelle-Aquitaine"}},{"type":"Feature","geometry":{"type":"Point","coordinates":[-1.00593,44.88663]},"properties":{"latitude":"44.88663","longitude":"-1.00593","bright_ti4":"367","scan":"0.41","track":"0.61","acq_date":"2026-07-26","acq_time":"310","satellite":"N","instrument":"VIIRS","confidence":"h","version":"2.0NRT","bright_ti5":"294.11","frp":"4.17","daynight":"N","commune":"Le Temple","code_insee":"33528","departement":"Gironde","region":"Nouvelle-Aquitaine"}},{"type":"Feature","geometry":{"type":"Point","coordinates":[-1.01089,44.88813]},"properties":{"latitude":"44.88813","longitude":"-1.01089","bright_ti4":"310.27","scan":"0.41","track":"0.61","acq_date":"2026-07-26","acq_time":"310","satellite":"N","instrument":"VIIRS","confidence":"n","version":"2.0NRT","bright_ti5":"285.23","frp":"8.87","daynight":"N","commune":"Le Temple","code_insee":"33528","departement":"Gironde","region":"Nouvelle-Aquitaine"}},{"type":"Feature","geometry":{"type":"Point","coordinates":[-1.1098,44.88955]},"properties":{"latitude":"44.88955","longitude":"-1.1098","bright_ti4":"301.12","scan":"0.41","track":"0.61","acq_date":"2026-07-26","acq_time":"310","satellite":"N","instrument":"VIIRS","confidence":"n","version":"2.0NRT","bright_ti5":"287.28","frp":"1.72","daynight":"N","commune":"Le Porge","code_insee":"33333","departement":"Gironde","region":"Nouvelle-Aquitaine"}},{"type":"Feature","geometry":{"type":"Point","coordinates":[-0.99787,44.89039]},"properties":{"latitude":"44.89039","longitude":"-0.99787","bright_ti4":"308.73","scan":"0.41","track":"0.61","acq_date":"2026-07-26","acq_time":"310","satellite":"N","instrument":"VIIRS","confidence":"n","version":"2.0NRT","bright_ti5":"286.55","frp":"4.17","daynight":"N","commune":"Saumos","code_insee":"33503","departement":"Gironde","region":"Nouvelle-Aquitaine"}},{"type":"Feature","geometry":{"type":"Point","coordinates":[-1.0028,44.89188]},"properties":{"latitude":"44.89188","longitude":"-1.0028","bright_ti4":"318.81","scan":"0.41","track":"0.61","acq_date":"2026-07-26","acq_time":"310","satellite":"N","instrument":"VIIRS","confidence":"n","version":"2.0NRT","bright_ti5":"288.83","frp":"4.17","daynight":"N","commune":"Saumos","code_insee":"33503","departement":"Gironde","region":"Nouvelle-Aquitaine"}},{"type":"Feature","geometry":{"type":"Point","coordinates":[-1.10725,44.89254]},"properties":{"latitude":"44.89254","longitude":"-1.10725","bright_ti4":"301.51","scan":"0.41","track":"0.61","acq_date":"2026-07-26","acq_time":"310","satellite":"N","instrument":"VIIRS","confidence":"n","version":"2.0NRT","bright_ti5":"286.54","frp":"1.25","daynight":"N","commune":"Le Porge","code_insee":"33333","departement":"Gironde","region":"Nouvelle-Aquitaine"}},{"type":"Feature","geometry":{"type":"Point","coordinates":[-0.96854,44.90014]},"properties":{"latitude":"44.90014","longitude":"-0.96854","bright_ti4":"302.2","scan":"0.42","track":"0.61","acq_date":"2026-07-26","acq_time":"310","satellite":"N","instrument":"VIIRS","confidence":"n","version":"2.0NRT","bright_ti5":"284.16","frp":"1.72","daynight":"N","commune":"Saumos","code_insee":"33503","departement":"Gironde","region":"Nouvelle-Aquitaine"}},{"type":"Feature","geometry":{"type":"Point","coordinates":[-0.96042,44.90389]},"properties":{"latitude":"44.90389","longitude":"-0.96042","bright_ti4":"311.91","scan":"0.42","track":"0.61","acq_date":"2026-07-26","acq_time":"310","satellite":"N","instrument":"VIIRS","confidence":"n","version":"2.0NRT","bright_ti5":"285.47","frp":"2.79","daynight":"N","commune":"Saumos","code_insee":"33503","departement":"Gironde","region":"Nouvelle-Aquitaine"}},{"type":"Feature","geometry":{"type":"Point","coordinates":[-0.96539,44.90539]},"properties":{"latitude":"44.90539","longitude":"-0.96539","bright_ti4":"319.33","scan":"0.42","track":"0.61","acq_date":"2026-07-26","acq_time":"310","satellite":"N","instrument":"VIIRS","confidence":"n","version":"2.0NRT","bright_ti5":"284.75","frp":"1.72","daynight":"N","commune":"Saumos","code_insee":"33503","departement":"Gironde","region":"Nouvelle-Aquitaine"}},{"type":"Feature","geometry":{"type":"Point","coordinates":[-0.92919,44.90691]},"properties":{"latitude":"44.90691","longitude":"-0.92919","bright_ti4":"299.87","scan":"0.42","track":"0.61","acq_date":"2026-07-26","acq_time":"310","satellite":"N","instrument":"VIIRS","confidence":"n","version":"2.0NRT","bright_ti5":"286.05","frp":"1.2","daynight":"N","commune":"Sainte-Hélène","code_insee":"33417","departement":"Gironde","region":"Nouvelle-Aquitaine"}},{"type":"Feature","geometry":{"type":"Point","coordinates":[-0.93418,44.90841]},"properties":{"latitude":"44.90841","longitude":"-0.93418","bright_ti4":"299.07","scan":"0.42","track":"0.61","acq_date":"2026-07-26","acq_time":"310","satellite":"N","instrument":"VIIRS","confidence":"n","version":"2.0NRT","bright_ti5":"285.96","frp":"1.2","daynight":"N","commune":"Sainte-Hélène","code_insee":"33417","departement":"Gironde","region":"Nouvelle-Aquitaine"}},{"type":"Feature","geometry":{"type":"Point","coordinates":[-0.93917,44.90991]},"properties":{"latitude":"44.90991","longitude":"-0.93917","bright_ti4":"315.73","scan":"0.42","track":"0.61","acq_date":"2026-07-26","acq_time":"310","satellite":"N","instrument":"VIIRS","confidence":"n","version":"2.0NRT","bright_ti5":"286.15","frp":"1.92","daynight":"N","commune":"Sainte-Hélène","code_insee":"33417","departement":"Gironde","region":"Nouvelle-Aquitaine"}},{"type":"Feature","geometry":{"type":"Point","coordinates":[-0.94414,44.9114]},"properties":{"latitude":"44.9114","longitude":"-0.94414","bright_ti4":"304.56","scan":"0.42","track":"0.61","acq_date":"2026-07-26","acq_time":"310","satellite":"N","instrument":"VIIRS","confidence":"n","version":"2.0NRT","bright_ti5":"285.13","frp":"1.92","daynight":"N","commune":"Saumos","code_insee":"33503","departement":"Gironde","region":"Nouvelle-Aquitaine"}},{"type":"Feature","geometry":{"type":"Point","coordinates":[-0.93601,44.91516]},"properties":{"latitude":"44.91516","longitude":"-0.93601","bright_ti4":"311.1","scan":"0.42","track":"0.61","acq_date":"2026-07-26","acq_time":"310","satellite":"N","instrument":"VIIRS","confidence":"n","version":"2.0NRT","bright_ti5":"285.92","frp":"1.45","daynight":"N","commune":"Sainte-Hélène","code_insee":"33417","departement":"Gironde","region":"Nouvelle-Aquitaine"}},{"type":"Feature","geometry":{"type":"Point","coordinates":[-1.10018,44.93353]},"properties":{"latitude":"44.93353","longitude":"-1.10018","bright_ti4":"318.65","scan":"0.41","track":"0.61","acq_date":"2026-07-26","acq_time":"310","satellite":"N","instrument":"VIIRS","confidence":"n","version":"2.0NRT","bright_ti5":"286.81","frp":"2.48","daynight":"N","commune":"Lacanau","code_insee":"33214","departement":"Gironde","region":"Nouvelle-Aquitaine"}},{"type":"Feature","geometry":{"type":"Point","coordinates":[-1.09217,44.93728]},"properties":{"latitude":"44.93728","longitude":"-1.09217","bright_ti4":"305.18","scan":"0.41","track":"0.61","acq_date":"2026-07-26","acq_time":"310","satellite":"N","instrument":"VIIRS","confidence":"n","version":"2.0NRT","bright_ti5":"287.34","frp":"1.84","daynight":"N","commune":"Lacanau","code_insee":"33214","departement":"Gironde","region":"Nouvelle-Aquitaine"}},{"type":"Feature","geometry":{"type":"Point","coordinates":[-1.05813,44.94557]},"properties":{"latitude":"44.94557","longitude":"-1.05813","bright_ti4":"309.62","scan":"0.41","track":"0.61","acq_date":"2026-07-26","acq_time":"310","satellite":"N","instrument":"VIIRS","confidence":"n","version":"2.0NRT","bright_ti5":"285.99","frp":"1.27","daynight":"N","commune":"Lacanau","code_insee":"33214","departement":"Gironde","region":"Nouvelle-Aquitaine"}},{"type":"Feature","geometry":{"type":"Point","coordinates":[-1.06307,44.94704]},"properties":{"latitude":"44.94704","longitude":"-1.06307","bright_ti4":"305.91","scan":"0.41","track":"0.61","acq_date":"2026-07-26","acq_time":"310","satellite":"N","instrument":"VIIRS","confidence":"n","version":"2.0NRT","bright_ti5":"286.73","frp":"1.27","daynight":"N","commune":"Lacanau","code_insee":"33214","departement":"Gironde","region":"Nouvelle-Aquitaine"}},{"type":"Feature","geometry":{"type":"Point","coordinates":[-1.055,44.95079]},"properties":{"latitude":"44.95079","longitude":"-1.055","bright_ti4":"300.26","scan":"0.41","track":"0.61","acq_date":"2026-07-26","acq_time":"310","satellite":"N","instrument":"VIIRS","confidence":"n","version":"2.0NRT","bright_ti5":"286.13","frp":"0.81","daynight":"N","commune":"Lacanau","code_insee":"33214","departement":"Gironde","region":"Nouvelle-Aquitaine"}},{"type":"Feature","geometry":{"type":"Point","coordinates":[-1.05992,44.95226]},"properties":{"latitude":"44.95226","longitude":"-1.05992","bright_ti4":"302.73","scan":"0.41","track":"0.61","acq_date":"2026-07-26","acq_time":"310","satellite":"N","instrument":"VIIRS","confidence":"n","version":"2.0NRT","bright_ti5":"285.81","frp":"0.81","daynight":"N","commune":"Lacanau","code_insee":"33214","departement":"Gironde","region":"Nouvelle-Aquitaine"}},{"type":"Feature","geometry":{"type":"Point","coordinates":[-1.04696,44.95455]},"properties":{"latitude":"44.95455","longitude":"-1.04696","bright_ti4":"307.77","scan":"0.41","track":"0.61","acq_date":"2026-07-26","acq_time":"310","satellite":"N","instrument":"VIIRS","confidence":"n","version":"2.0NRT","bright_ti5":"286.01","frp":"1.04","daynight":"N","commune":"Lacanau","code_insee":"33214","departement":"Gironde","region":"Nouvelle-Aquitaine"}},{"type":"Feature","geometry":{"type":"Point","coordinates":[-1.03889,44.95831]},"properties":{"latitude":"44.95831","longitude":"-1.03889","bright_ti4":"298.96","scan":"0.41","track":"0.61","acq_date":"2026-07-26","acq_time":"310","satellite":"N","instrument":"VIIRS","confidence":"n","version":"2.0NRT","bright_ti5":"286.06","frp":"0.83","daynight":"N","commune":"Lacanau","code_insee":"33214","departement":"Gironde","region":"Nouvelle-Aquitaine"}},{"type":"Feature","geometry":{"type":"Point","coordinates":[-1.04382,44.95978]},"properties":{"latitude":"44.95978","longitude":"-1.04382","bright_ti4":"303.82","scan":"0.41","track":"0.61","acq_date":"2026-07-26","acq_time":"310","satellite":"N","instrument":"VIIRS","confidence":"n","version":"2.0NRT","bright_ti5":"285.17","frp":"0.83","daynight":"N","commune":"Lacanau","code_insee":"33214","departement":"Gironde","region":"Nouvelle-Aquitaine"}},{"type":"Feature","geometry":{"type":"Point","coordinates":[-1.02588,44.96059]},"properties":{"latitude":"44.96059","longitude":"-1.02588","bright_ti4":"326.82","scan":"0.41","track":"0.61","acq_date":"2026-07-26","acq_time":"310","satellite":"N","instrument":"VIIRS","confidence":"n","version":"2.0NRT","bright_ti5":"289.45","frp":"2.42","daynight":"N","commune":"Lacanau","code_insee":"33214","departement":"Gironde","region":"Nouvelle-Aquitaine"}},{"type":"Feature","geometry":{"type":"Point","coordinates":[-1.03083,44.96206]},"properties":{"latitude":"44.96206","longitude":"-1.03083","bright_ti4":"305.41","scan":"0.41","track":"0.61","acq_date":"2026-07-26","acq_time":"310","satellite":"N","instrument":"VIIRS","confidence":"n","version":"2.0NRT","bright_ti5":"285.85","frp":"2.42","daynight":"N","commune":"Lacanau","code_insee":"33214","departement":"Gironde","region":"Nouvelle-Aquitaine"}},{"type":"Feature","geometry":{"type":"Point","coordinates":[-1.01779,44.96434]},"properties":{"latitude":"44.96434","longitude":"-1.01779","bright_ti4":"299.76","scan":"0.41","track":"0.61","acq_date":"2026-07-26","acq_time":"310","satellite":"N","instrument":"VIIRS","confidence":"n","version":"2.0NRT","bright_ti5":"286.51","frp":"1.5","daynight":"N","commune":"Lacanau","code_insee":"33214","departement":"Gironde","region":"Nouvelle-Aquitaine"}},{"type":"Feature","geometry":{"type":"Point","coordinates":[-1.02273,44.96582]},"properties":{"latitude":"44.96582","longitude":"-1.02273","bright_ti4":"301.79","scan":"0.41","track":"0.61","acq_date":"2026-07-26","acq_time":"310","satellite":"N","instrument":"VIIRS","confidence":"n","version":"2.0NRT","bright_ti5":"285.44","frp":"1.02","daynight":"N","commune":"Lacanau","code_insee":"33214","departement":"Gironde","region":"Nouvelle-Aquitaine"}},{"type":"Feature","geometry":{"type":"Point","coordinates":[-1.00987,44.96616]},"properties":{"latitude":"44.96616","longitude":"-1.00987","bright_ti4":"311.22","scan":"0.41","track":"0.61","acq_date":"2026-07-26","acq_time":"310","satellite":"N","instrument":"VIIRS","confidence":"n","version":"2.0NRT","bright_ti5":"286","frp":"1.23","daynight":"N","commune":"Lacanau","code_insee":"33214","departement":"Gironde","region":"Nouvelle-Aquitaine"}},{"type":"Feature","geometry":{"type":"Point","coordinates":[-1.00479,44.96664]},"properties":{"latitude":"44.96664","longitude":"-1.00479","bright_ti4":"307.84","scan":"0.41","track":"0.61","acq_date":"2026-07-26","acq_time":"310","satellite":"N","instrument":"VIIRS","confidence":"n","version":"2.0NRT","bright_ti5":"286.31","frp":"2.13","daynight":"N","commune":"Lacanau","code_insee":"33214","departement":"Gironde","region":"Nouvelle-Aquitaine"}},{"type":"Feature","geometry":{"type":"Point","coordinates":[-1.00971,44.96811]},"properties":{"latitude":"44.96811","longitude":"-1.00971","bright_ti4":"313.77","scan":"0.41","track":"0.61","acq_date":"2026-07-26","acq_time":"310","satellite":"N","instrument":"VIIRS","confidence":"n","version":"2.0NRT","bright_ti5":"285.83","frp":"1.5","daynight":"N","commune":"Lacanau","code_insee":"33214","departement":"Gironde","region":"Nouvelle-Aquitaine"}},{"type":"Feature","geometry":{"type":"Point","coordinates":[-0.9969,44.9684]},"properties":{"latitude":"44.9684","longitude":"-0.9969","bright_ti4":"300.22","scan":"0.41","track":"0.61","acq_date":"2026-07-26","acq_time":"310","satellite":"N","instrument":"VIIRS","confidence":"n","version":"2.0NRT","bright_ti5":"286.21","frp":"1.45","daynight":"N","commune":"Lacanau","code_insee":"33214","departement":"Gironde","region":"Nouvelle-Aquitaine"}},{"type":"Feature","geometry":{"type":"Point","coordinates":[-1.00184,44.96991]},"properties":{"latitude":"44.96991","longitude":"-1.00184","bright_ti4":"307.35","scan":"0.41","track":"0.61","acq_date":"2026-07-26","acq_time":"310","satellite":"N","instrument":"VIIRS","confidence":"n","version":"2.0NRT","bright_ti5":"286.4","frp":"1.23","daynight":"N","commune":"Lacanau","code_insee":"33214","departement":"Gironde","region":"Nouvelle-Aquitaine"}},{"type":"Feature","geometry":{"type":"Point","coordinates":[-0.99669,44.9704]},"properties":{"latitude":"44.9704","longitude":"-0.99669","bright_ti4":"301.74","scan":"0.41","track":"0.61","acq_date":"2026-07-26","acq_time":"310","satellite":"N","instrument":"VIIRS","confidence":"n","version":"2.0NRT","bright_ti5":"285.72","frp":"0.67","daynight":"N","commune":"Lacanau","code_insee":"33214","departement":"Gironde","region":"Nouvelle-Aquitaine"}},{"type":"Feature","geometry":{"type":"Point","coordinates":[-1.00676,44.9714]},"properties":{"latitude":"44.9714","longitude":"-1.00676","bright_ti4":"301.38","scan":"0.41","track":"0.61","acq_date":"2026-07-26","acq_time":"310","satellite":"N","instrument":"VIIRS","confidence":"n","version":"2.0NRT","bright_ti5":"285.65","frp":"1.23","daynight":"N","commune":"Lacanau","code_insee":"33214","departement":"Gironde","region":"Nouvelle-Aquitaine"}},{"type":"Feature","geometry":{"type":"Point","coordinates":[-1.00164,44.97187]},"properties":{"latitude":"44.97187","longitude":"-1.00164","bright_ti4":"303.1","scan":"0.41","track":"0.61","acq_date":"2026-07-26","acq_time":"310","satellite":"N","instrument":"VIIRS","confidence":"n","version":"2.0NRT","bright_ti5":"285.69","frp":"0.67","daynight":"N","commune":"Lacanau","code_insee":"33214","departement":"Gironde","region":"Nouvelle-Aquitaine"}},{"type":"Feature","geometry":{"type":"Point","coordinates":[1.75848,48.98214]},"properties":{"latitude":"48.98214","longitude":"1.75848","bright_ti4":"307.07","scan":"0.4","track":"0.6","acq_date":"2026-07-26","acq_time":"310","satellite":"N","instrument":"VIIRS","confidence":"n","version":"2.0NRT","bright_ti5":"285.55","frp":"0.79","daynight":"N","commune":"Porcheville","code_insee":"78501","departement":"Yvelines","region":"Île-de-France"}},{"type":"Feature","geometry":{"type":"Point","coordinates":[3.49136,50.33722]},"properties":{"latitude":"50.33722","longitude":"3.49136","bright_ti4":"302.88","scan":"0.43","track":"0.62","acq_date":"2026-07-26","acq_time":"310","satellite":"N","instrument":"VIIRS","confidence":"n","version":"2.0NRT","bright_ti5":"284.72","frp":"1.26","daynight":"N","commune":"Trith-Saint-Léger","code_insee":"59603","departement":"Nord","region":"Hauts-de-France"}},{"type":"Feature","geometry":{"type":"Point","coordinates":[2.11351,50.6976]},"properties":{"latitude":"50.6976","longitude":"2.11351","bright_ti4":"297.07","scan":"0.37","track":"0.58","acq_date":"2026-07-26","acq_time":"310","satellite":"N","instrument":"VIIRS","confidence":"n","version":"2.0NRT","bright_ti5":"284.54","frp":"0.37","daynight":"N","commune":"Lumbres","code_insee":"62534","departement":"Pas-de-Calais","region":"Hauts-de-France"}},{"type":"Feature","geometry":{"type":"Point","coordinates":[0.15531,46.80704]},"properties":{"latitude":"46.80704","longitude":"0.15531","bright_ti4":"337.42","scan":"0.41","track":"0.6","acq_date":"2026-07-26","acq_time":"313","satellite":"N","instrument":"VIIRS","confidence":"n","version":"2.0NRT","bright_ti5":"286.49","frp":"4.45","daynight":"N","commune":"Chouppes","code_insee":"86075","departement":"Vienne","region":"Nouvelle-Aquitaine"}},{"type":"Feature","geometry":{"type":"Point","coordinates":[0.15356,46.80974]},"properties":{"latitude":"46.80974","longitude":"0.15356","bright_ti4":"323.84","scan":"0.41","track":"0.6","acq_date":"2026-07-26","acq_time":"313","satellite":"N","instrument":"VIIRS","confidence":"n","version":"2.0NRT","bright_ti5":"285.5","frp":"2.3","daynight":"N","commune":"Chouppes","code_insee":"86075","departement":"Vienne","region":"Nouvelle-Aquitaine"}},{"type":"Feature","geometry":{"type":"Point","coordinates":[5.46357,43.45225]},"properties":{"latitude":"43.45225","longitude":"5.46357","bright_ti4":"302.14","scan":"0.41","track":"0.37","acq_date":"2026-07-26","acq_time":"149","satellite":"N20","instrument":"VIIRS","confidence":"n","version":"2.0NRT","bright_ti5":"290.18","frp":"0.47","daynight":"N","commune":"Gardanne","code_insee":"13041","departement":"Bouches-du-Rhône","region":"Provence-Alpes-Côte d'Azur"}},{"type":"Feature","geometry":{"type":"Point","coordinates":[6.02916,43.52286]},"properties":{"latitude":"43.52286","longitude":"6.02916","bright_ti4":"318.61","scan":"0.42","track":"0.38","acq_date":"2026-07-26","acq_time":"149","satellite":"N20","instrument":"VIIRS","confidence":"n","version":"2.0NRT","bright_ti5":"289.07","frp":"2.12","daynight":"N","commune":"Châteauvert","code_insee":"83039","departement":"Var","region":"Provence-Alpes-Côte d'Azur"}},{"type":"Feature","geometry":{"type":"Point","coordinates":[6.02417,43.52378]},"properties":{"latitude":"43.52378","longitude":"6.02417","bright_ti4":"315.92","scan":"0.42","track":"0.38","acq_date":"2026-07-26","acq_time":"149","satellite":"N20","instrument":"VIIRS","confidence":"n","version":"2.0NRT","bright_ti5":"289.27","frp":"2.24","daynight":"N","commune":"Barjols","code_insee":"83012","departement":"Var","region":"Provence-Alpes-Côte d'Azur"}},{"type":"Feature","geometry":{"type":"Point","coordinates":[6.00497,43.53093]},"properties":{"latitude":"43.53093","longitude":"6.00497","bright_ti4":"301.04","scan":"0.42","track":"0.38","acq_date":"2026-07-26","acq_time":"149","satellite":"N20","instrument":"VIIRS","confidence":"n","version":"2.0NRT","bright_ti5":"288.37","frp":"0.72","daynight":"N","commune":"Barjols","code_insee":"83012","departement":"Var","region":"Provence-Alpes-Côte d'Azur"}},{"type":"Feature","geometry":{"type":"Point","coordinates":[6.02142,43.53148]},"properties":{"latitude":"43.53148","longitude":"6.02142","bright_ti4":"303.97","scan":"0.42","track":"0.38","acq_date":"2026-07-26","acq_time":"149","satellite":"N20","instrument":"VIIRS","confidence":"n","version":"2.0NRT","bright_ti5":"289","frp":"1.55","daynight":"N","commune":"Barjols","code_insee":"83012","departement":"Var","region":"Provence-Alpes-Côte d'Azur"}},{"type":"Feature","geometry":{"type":"Point","coordinates":[5.98695,43.54145]},"properties":{"latitude":"43.54145","longitude":"5.98695","bright_ti4":"300.39","scan":"0.42","track":"0.38","acq_date":"2026-07-26","acq_time":"149","satellite":"N20","instrument":"VIIRS","confidence":"n","version":"2.0NRT","bright_ti5":"288.11","frp":"0.38","daynight":"N","commune":"Barjols","code_insee":"83012","departement":"Var","region":"Provence-Alpes-Côte d'Azur"}},{"type":"Feature","geometry":{"type":"Point","coordinates":[5.98415,43.54915]},"properties":{"latitude":"43.54915","longitude":"5.98415","bright_ti4":"326.4","scan":"0.42","track":"0.38","acq_date":"2026-07-26","acq_time":"149","satellite":"N20","instrument":"VIIRS","confidence":"n","version":"2.0NRT","bright_ti5":"288.93","frp":"3.82","daynight":"N","commune":"Barjols","code_insee":"83012","departement":"Var","region":"Provence-Alpes-Côte d'Azur"}},{"type":"Feature","geometry":{"type":"Point","coordinates":[5.97904,43.55009]},"properties":{"latitude":"43.55009","longitude":"5.97904","bright_ti4":"299.75","scan":"0.42","track":"0.38","acq_date":"2026-07-26","acq_time":"149","satellite":"N20","instrument":"VIIRS","confidence":"n","version":"2.0NRT","bright_ti5":"288.73","frp":"0.73","daynight":"N","commune":"Barjols","code_insee":"83012","departement":"Var","region":"Provence-Alpes-Côte d'Azur"}},{"type":"Feature","geometry":{"type":"Point","coordinates":[5.97397,43.55103]},"properties":{"latitude":"43.55103","longitude":"5.97397","bright_ti4":"301.05","scan":"0.42","track":"0.38","acq_date":"2026-07-26","acq_time":"149","satellite":"N20","instrument":"VIIRS","confidence":"n","version":"2.0NRT","bright_ti5":"288.01","frp":"0.73","daynight":"N","commune":"Barjols","code_insee":"83012","departement":"Var","region":"Provence-Alpes-Côte d'Azur"}},{"type":"Feature","geometry":{"type":"Point","coordinates":[-0.19076,44.32866]},"properties":{"latitude":"44.32866","longitude":"-0.19076","bright_ti4":"318.21","scan":"0.43","track":"0.38","acq_date":"2026-07-26","acq_time":"149","satellite":"N20","instrument":"VIIRS","confidence":"n","version":"2.0NRT","bright_ti5":"286.22","frp":"2.03","daynight":"N","commune":"Escaudes","code_insee":"33155","departement":"Gironde","region":"Nouvelle-Aquitaine"}},{"type":"Feature","geometry":{"type":"Point","coordinates":[-1.15511,44.41883]},"properties":{"latitude":"44.41883","longitude":"-1.15511","bright_ti4":"298.08","scan":"0.46","track":"0.39","acq_date":"2026-07-26","acq_time":"149","satellite":"N20","instrument":"VIIRS","confidence":"n","version":"2.0NRT","bright_ti5":"285.82","frp":"0.95","daynight":"N","commune":"Biscarrosse","code_insee":"40046","departement":"Landes","region":"Nouvelle-Aquitaine"}},{"type":"Feature","geometry":{"type":"Point","coordinates":[-1.13869,44.43251]},"properties":{"latitude":"44.43251","longitude":"-1.13869","bright_ti4":"308.95","scan":"0.46","track":"0.39","acq_date":"2026-07-26","acq_time":"149","satellite":"N20","instrument":"VIIRS","confidence":"n","version":"2.0NRT","bright_ti5":"290.42","frp":"2.94","daynight":"N","commune":"Biscarrosse","code_insee":"40046","departement":"Landes","region":"Nouvelle-Aquitaine"}},{"type":"Feature","geometry":{"type":"Point","coordinates":[-1.1445,44.43319]},"properties":{"latitude":"44.43319","longitude":"-1.1445","bright_ti4":"302.31","scan":"0.46","track":"0.39","acq_date":"2026-07-26","acq_time":"149","satellite":"N20","instrument":"VIIRS","confidence":"n","version":"2.0NRT","bright_ti5":"288.81","frp":"2.26","daynight":"N","commune":"Biscarrosse","code_insee":"40046","departement":"Landes","region":"Nouvelle-Aquitaine"}},{"type":"Feature","geometry":{"type":"Point","coordinates":[-1.13121,44.43903]},"properties":{"latitude":"44.43903","longitude":"-1.13121","bright_ti4":"306.76","scan":"0.46","track":"0.39","acq_date":"2026-07-26","acq_time":"149","satellite":"N20","instrument":"VIIRS","confidence":"n","version":"2.0NRT","bright_ti5":"288.76","frp":"2.87","daynight":"N","commune":"Biscarrosse","code_insee":"40046","departement":"Landes","region":"Nouvelle-Aquitaine"}},{"type":"Feature","geometry":{"type":"Point","coordinates":[-0.84225,44.72516]},"properties":{"latitude":"44.72516","longitude":"-0.84225","bright_ti4":"304.32","scan":"0.46","track":"0.39","acq_date":"2026-07-26","acq_time":"149","satellite":"N20","instrument":"VIIRS","confidence":"n","version":"2.0NRT","bright_ti5":"284.32","frp":"8.32","daynight":"N","commune":"Marcheprime","code_insee":"33555","departement":"Gironde","region":"Nouvelle-Aquitaine"}},{"type":"Feature","geometry":{"type":"Point","coordinates":[-0.848,44.72584]},"properties":{"latitude":"44.72584","longitude":"-0.848","bright_ti4":"335.13","scan":"0.46","track":"0.39","acq_date":"2026-07-26","acq_time":"149","satellite":"N20","instrument":"VIIRS","confidence":"n","version":"2.0NRT","bright_ti5":"286.19","frp":"8.32","daynight":"N","commune":"Audenge","code_insee":"33019","departement":"Gironde","region":"Nouvelle-Aquitaine"}},{"type":"Feature","geometry":{"type":"Point","coordinates":[-0.85375,44.72652]},"properties":{"latitude":"44.72652","longitude":"-0.85375","bright_ti4":"309.5","scan":"0.46","track":"0.39","acq_date":"2026-07-26","acq_time":"149","satellite":"N20","instrument":"VIIRS","confidence":"n","version":"2.0NRT","bright_ti5":"285.2","frp":"3.23","daynight":"N","commune":"Audenge","code_insee":"33019","departement":"Gironde","region":"Nouvelle-Aquitaine"}},{"type":"Feature","geometry":{"type":"Point","coordinates":[-0.82416,44.72669]},"properties":{"latitude":"44.72669","longitude":"-0.82416","bright_ti4":"308.03","scan":"0.46","track":"0.39","acq_date":"2026-07-26","acq_time":"149","satellite":"N20","instrument":"VIIRS","confidence":"n","version":"2.0NRT","bright_ti5":"284.61","frp":"1.03","daynight":"N","commune":"Cestas","code_insee":"33122","departement":"Gironde","region":"Nouvelle-Aquitaine"}},{"type":"Feature","geometry":{"type":"Point","coordinates":[-0.8595,44.7272]},"properties":{"latitude":"44.7272","longitude":"-0.8595","bright_ti4":"332.81","scan":"0.46","track":"0.39","acq_date":"2026-07-26","acq_time":"149","satellite":"N20","instrument":"VIIRS","confidence":"n","version":"2.0NRT","bright_ti5":"286.42","frp":"3.23","daynight":"N","commune":"Audenge","code_insee":"33019","departement":"Gironde","region":"Nouvelle-Aquitaine"}},{"type":"Feature","geometry":{"type":"Point","coordinates":[-0.82991,44.72737]},"properties":{"latitude":"44.72737","longitude":"-0.82991","bright_ti4":"313.02","scan":"0.46","track":"0.39","acq_date":"2026-07-26","acq_time":"149","satellite":"N20","instrument":"VIIRS","confidence":"n","version":"2.0NRT","bright_ti5":"284.83","frp":"1.18","daynight":"N","commune":"Marcheprime","code_insee":"33555","departement":"Gironde","region":"Nouvelle-Aquitaine"}},{"type":"Feature","geometry":{"type":"Point","coordinates":[-0.86526,44.72787]},"properties":{"latitude":"44.72787","longitude":"-0.86526","bright_ti4":"307.16","scan":"0.46","track":"0.39","acq_date":"2026-07-26","acq_time":"149","satellite":"N20","instrument":"VIIRS","confidence":"n","version":"2.0NRT","bright_ti5":"286.35","frp":"12.23","daynight":"N","commune":"Audenge","code_insee":"33019","departement":"Gironde","region":"Nouvelle-Aquitaine"}},{"type":"Feature","geometry":{"type":"Point","coordinates":[-0.83564,44.72805]},"properties":{"latitude":"44.72805","longitude":"-0.83564","bright_ti4":"298.39","scan":"0.46","track":"0.39","acq_date":"2026-07-26","acq_time":"149","satellite":"N20","instrument":"VIIRS","confidence":"n","version":"2.0NRT","bright_ti5":"282.32","frp":"1.18","daynight":"N","commune":"Marcheprime","code_insee":"33555","departement":"Gironde","region":"Nouvelle-Aquitaine"}},{"type":"Feature","geometry":{"type":"Point","coordinates":[-0.84139,44.72873]},"properties":{"latitude":"44.72873","longitude":"-0.84139","bright_ti4":"324.5","scan":"0.46","track":"0.39","acq_date":"2026-07-26","acq_time":"149","satellite":"N20","instrument":"VIIRS","confidence":"n","version":"2.0NRT","bright_ti5":"286.17","frp":"8.32","daynight":"N","commune":"Audenge","code_insee":"33019","departement":"Gironde","region":"Nouvelle-Aquitaine"}},{"type":"Feature","geometry":{"type":"Point","coordinates":[-0.84715,44.72941]},"properties":{"latitude":"44.72941","longitude":"-0.84715","bright_ti4":"348.77","scan":"0.46","track":"0.39","acq_date":"2026-07-26","acq_time":"149","satellite":"N20","instrument":"VIIRS","confidence":"n","version":"2.0NRT","bright_ti5":"294.06","frp":"8.32","daynight":"N","commune":"Audenge","code_insee":"33019","departement":"Gironde","region":"Nouvelle-Aquitaine"}},{"type":"Feature","geometry":{"type":"Point","coordinates":[-0.81757,44.72957]},"properties":{"latitude":"44.72957","longitude":"-0.81757","bright_ti4":"297.28","scan":"0.46","track":"0.39","acq_date":"2026-07-26","acq_time":"149","satellite":"N20","instrument":"VIIRS","confidence":"n","version":"2.0NRT","bright_ti5":"285.92","frp":"19.38","daynight":"N","commune":"Cestas","code_insee":"33122","departement":"Gironde","region":"Nouvelle-Aquitaine"}},{"type":"Feature","geometry":{"type":"Point","coordinates":[-0.8529,44.73009]},"properties":{"latitude":"44.73009","longitude":"-0.8529","bright_ti4":"330.36","scan":"0.46","track":"0.39","acq_date":"2026-07-26","acq_time":"149","satellite":"N20","instrument":"VIIRS","confidence":"n","version":"2.0NRT","bright_ti5":"288.43","frp":"3.23","daynight":"N","commune":"Audenge","code_insee":"33019","departement":"Gironde","region":"Nouvelle-Aquitaine"}},{"type":"Feature","geometry":{"type":"Point","coordinates":[-0.82331,44.73025]},"properties":{"latitude":"44.73025","longitude":"-0.82331","bright_ti4":"334.48","scan":"0.46","track":"0.39","acq_date":"2026-07-26","acq_time":"149","satellite":"N20","instrument":"VIIRS","confidence":"n","version":"2.0NRT","bright_ti5":"293.73","frp":"19.38","daynight":"N","commune":"Cestas","code_insee":"33122","departement":"Gironde","region":"Nouvelle-Aquitaine"}},{"type":"Feature","geometry":{"type":"Point","coordinates":[-0.85865,44.73077]},"properties":{"latitude":"44.73077","longitude":"-0.85865","bright_ti4":"327.85","scan":"0.46","track":"0.39","acq_date":"2026-07-26","acq_time":"149","satellite":"N20","instrument":"VIIRS","confidence":"n","version":"2.0NRT","bright_ti5":"286","frp":"3.23","daynight":"N","commune":"Audenge","code_insee":"33019","departement":"Gironde","region":"Nouvelle-Aquitaine"}},{"type":"Feature","geometry":{"type":"Point","coordinates":[-0.82906,44.73094]},"properties":{"latitude":"44.73094","longitude":"-0.82906","bright_ti4":"353.03","scan":"0.46","track":"0.39","acq_date":"2026-07-26","acq_time":"149","satellite":"N20","instrument":"VIIRS","confidence":"n","version":"2.0NRT","bright_ti5":"300.84","frp":"23.08","daynight":"N","commune":"Cestas","code_insee":"33122","departement":"Gironde","region":"Nouvelle-Aquitaine"}},{"type":"Feature","geometry":{"type":"Point","coordinates":[-0.86441,44.73145]},"properties":{"latitude":"44.73145","longitude":"-0.86441","bright_ti4":"348.68","scan":"0.46","track":"0.39","acq_date":"2026-07-26","acq_time":"149","satellite":"N20","instrument":"VIIRS","confidence":"n","version":"2.0NRT","bright_ti5":"296.41","frp":"12.23","daynight":"N","commune":"Audenge","code_insee":"33019","departement":"Gironde","region":"Nouvelle-Aquitaine"}},{"type":"Feature","geometry":{"type":"Point","coordinates":[-0.8348,44.73162]},"properties":{"latitude":"44.73162","longitude":"-0.8348","bright_ti4":"350.48","scan":"0.46","track":"0.39","acq_date":"2026-07-26","acq_time":"149","satellite":"N20","instrument":"VIIRS","confidence":"n","version":"2.0NRT","bright_ti5":"297.17","frp":"23.08","daynight":"N","commune":"Marcheprime","code_insee":"33555","departement":"Gironde","region":"Nouvelle-Aquitaine"}},{"type":"Feature","geometry":{"type":"Point","coordinates":[-0.87018,44.73213]},"properties":{"latitude":"44.73213","longitude":"-0.87018","bright_ti4":"355.88","scan":"0.46","track":"0.39","acq_date":"2026-07-26","acq_time":"149","satellite":"N20","instrument":"VIIRS","confidence":"n","version":"2.0NRT","bright_ti5":"295.88","frp":"12.23","daynight":"N","commune":"Audenge","code_insee":"33019","departement":"Gironde","region":"Nouvelle-Aquitaine"}},{"type":"Feature","geometry":{"type":"Point","coordinates":[-0.84055,44.7323]},"properties":{"latitude":"44.7323","longitude":"-0.84055","bright_ti4":"354.36","scan":"0.46","track":"0.39","acq_date":"2026-07-26","acq_time":"149","satellite":"N20","instrument":"VIIRS","confidence":"n","version":"2.0NRT","bright_ti5":"309.43","frp":"14.43","daynight":"N","commune":"Audenge","code_insee":"33019","departement":"Gironde","region":"Nouvelle-Aquitaine"}},{"type":"Feature","geometry":{"type":"Point","coordinates":[-0.87595,44.73281]},"properties":{"latitude":"44.73281","longitude":"-0.87595","bright_ti4":"348.41","scan":"0.46","track":"0.39","acq_date":"2026-07-26","acq_time":"149","satellite":"N20","instrument":"VIIRS","confidence":"n","version":"2.0NRT","bright_ti5":"298.88","frp":"11.61","daynight":"N","commune":"Audenge","code_insee":"33019","departement":"Gironde","region":"Nouvelle-Aquitaine"}},{"type":"Feature","geometry":{"type":"Point","coordinates":[-0.84631,44.73298]},"properties":{"latitude":"44.73298","longitude":"-0.84631","bright_ti4":"333.83","scan":"0.46","track":"0.39","acq_date":"2026-07-26","acq_time":"149","satellite":"N20","instrument":"VIIRS","confidence":"n","version":"2.0NRT","bright_ti5":"290.36","frp":"14.43","daynight":"N","commune":"Audenge","code_insee":"33019","departement":"Gironde","region":"Nouvelle-Aquitaine"}},{"type":"Feature","geometry":{"type":"Point","coordinates":[-0.81672,44.73314]},"properties":{"latitude":"44.73314","longitude":"-0.81672","bright_ti4":"305.93","scan":"0.46","track":"0.39","acq_date":"2026-07-26","acq_time":"149","satellite":"N20","instrument":"VIIRS","confidence":"n","version":"2.0NRT","bright_ti5":"286.04","frp":"19.38","daynight":"N","commune":"Cestas","code_insee":"33122","departement":"Gironde","region":"Nouvelle-Aquitaine"}},{"type":"Feature","geometry":{"type":"Point","coordinates":[-0.88173,44.73349]},"properties":{"latitude":"44.73349","longitude":"-0.88173","bright_ti4":"335.13","scan":"0.46","track":"0.39","acq_date":"2026-07-26","acq_time":"149","satellite":"N20","instrument":"VIIRS","confidence":"n","version":"2.0NRT","bright_ti5":"288.41","frp":"11.61","daynight":"N","commune":"Audenge","code_insee":"33019","departement":"Gironde","region":"Nouvelle-Aquitaine"}},{"type":"Feature","geometry":{"type":"Point","coordinates":[-0.85206,44.73366]},"properties":{"latitude":"44.73366","longitude":"-0.85206","bright_ti4":"316.47","scan":"0.46","track":"0.39","acq_date":"2026-07-26","acq_time":"149","satellite":"N20","instrument":"VIIRS","confidence":"n","version":"2.0NRT","bright_ti5":"288.27","frp":"1.72","daynight":"N","commune":"Audenge","code_insee":"33019","departement":"Gironde","region":"Nouvelle-Aquitaine"}},{"type":"Feature","geometry":{"type":"Point","coordinates":[-0.82246,44.73382]},"properties":{"latitude":"44.73382","longitude":"-0.82246","bright_ti4":"340.47","scan":"0.46","track":"0.39","acq_date":"2026-07-26","acq_time":"149","satellite":"N20","instrument":"VIIRS","confidence":"n","version":"2.0NRT","bright_ti5":"318.07","frp":"19.38","daynight":"N","commune":"Cestas","code_insee":"33122","departement":"Gironde","region":"Nouvelle-Aquitaine"}},{"type":"Feature","geometry":{"type":"Point","coordinates":[-0.8875,44.73417]},"properties":{"latitude":"44.73417","longitude":"-0.8875","bright_ti4":"334.95","scan":"0.46","track":"0.39","acq_date":"2026-07-26","acq_time":"149","satellite":"N20","instrument":"VIIRS","confidence":"n","version":"2.0NRT","bright_ti5":"288.43","frp":"4.07","daynight":"N","commune":"Audenge","code_insee":"33019","departement":"Gironde","region":"Nouvelle-Aquitaine"}},{"type":"Feature","geometry":{"type":"Point","coordinates":[-0.85781,44.73434]},"properties":{"latitude":"44.73434","longitude":"-0.85781","bright_ti4":"313.36","scan":"0.46","track":"0.39","acq_date":"2026-07-26","acq_time":"149","satellite":"N20","instrument":"VIIRS","confidence":"n","version":"2.0NRT","bright_ti5":"287.66","frp":"1.72","daynight":"N","commune":"Audenge","code_insee":"33019","departement":"Gironde","region":"Nouvelle-Aquitaine"}},{"type":"Feature","geometry":{"type":"Point","coordinates":[-0.82821,44.7345]},"properties":{"latitude":"44.7345","longitude":"-0.82821","bright_ti4":"353.32","scan":"0.46","track":"0.39","acq_date":"2026-07-26","acq_time":"149","satellite":"N20","instrument":"VIIRS","confidence":"n","version":"2.0NRT","bright_ti5":"309.6","frp":"23.08","daynight":"N","commune":"Cestas","code_insee":"33122","departement":"Gironde","region":"Nouvelle-Aquitaine"}},{"type":"Feature","geometry":{"type":"Point","coordinates":[-0.89327,44.73485]},"properties":{"latitude":"44.73485","longitude":"-0.89327","bright_ti4":"305.05","scan":"0.46","track":"0.39","acq_date":"2026-07-26","acq_time":"149","satellite":"N20","instrument":"VIIRS","confidence":"n","version":"2.0NRT","bright_ti5":"287.66","frp":"4.07","daynight":"N","commune":"Audenge","code_insee":"33019","departement":"Gironde","region":"Nouvelle-Aquitaine"}},{"type":"Feature","geometry":{"type":"Point","coordinates":[-0.86357,44.73502]},"properties":{"latitude":"44.73502","longitude":"-0.86357","bright_ti4":"314.97","scan":"0.46","track":"0.39","acq_date":"2026-07-26","acq_time":"149","satellite":"N20","instrument":"VIIRS","confidence":"n","version":"2.0NRT","bright_ti5":"286.97","frp":"1.96","daynight":"N","commune":"Audenge","code_insee":"33019","departement":"Gironde","region":"Nouvelle-Aquitaine"}},{"type":"Feature","geometry":{"type":"Point","coordinates":[-0.83396,44.73519]},"properties":{"latitude":"44.73519","longitude":"-0.83396","bright_ti4":"355.59","scan":"0.46","track":"0.39","acq_date":"2026-07-26","acq_time":"149","satellite":"N20","instrument":"VIIRS","confidence":"n","version":"2.0NRT","bright_ti5":"295.04","frp":"23.08","daynight":"N","commune":"Cestas","code_insee":"33122","departement":"Gironde","region":"Nouvelle-Aquitaine"}},{"type":"Feature","geometry":{"type":"Point","coordinates":[-0.86933,44.7357]},"properties":{"latitude":"44.7357","longitude":"-0.86933","bright_ti4":"322.29","scan":"0.46","track":"0.39","acq_date":"2026-07-26","acq_time":"149","satellite":"N20","instrument":"VIIRS","confidence":"n","version":"2.0NRT","bright_ti5":"288.55","frp":"1.96","daynight":"N","commune":"Audenge","code_insee":"33019","departement":"Gironde","region":"Nouvelle-Aquitaine"}},{"type":"Feature","geometry":{"type":"Point","coordinates":[-0.83971,44.73587]},"properties":{"latitude":"44.73587","longitude":"-0.83971","bright_ti4":"354.7","scan":"0.46","track":"0.39","acq_date":"2026-07-26","acq_time":"149","satellite":"N20","instrument":"VIIRS","confidence":"n","version":"2.0NRT","bright_ti5":"303.74","frp":"14.43","daynight":"N","commune":"Audenge","code_insee":"33019","departement":"Gironde","region":"Nouvelle-Aquitaine"}},{"type":"Feature","geometry":{"type":"Point","coordinates":[-0.8751,44.73638]},"properties":{"latitude":"44.73638","longitude":"-0.8751","bright_ti4":"323.5","scan":"0.46","track":"0.39","acq_date":"2026-07-26","acq_time":"149","satellite":"N20","instrument":"VIIRS","confidence":"n","version":"2.0NRT","bright_ti5":"289.47","frp":"4.27","daynight":"N","commune":"Audenge","code_insee":"33019","departement":"Gironde","region":"Nouvelle-Aquitaine"}},{"type":"Feature","geometry":{"type":"Point","coordinates":[-0.84546,44.73655]},"properties":{"latitude":"44.73655","longitude":"-0.84546","bright_ti4":"333.15","scan":"0.46","track":"0.39","acq_date":"2026-07-26","acq_time":"149","satellite":"N20","instrument":"VIIRS","confidence":"n","version":"2.0NRT","bright_ti5":"294.36","frp":"14.43","daynight":"N","commune":"Audenge","code_insee":"33019","departement":"Gironde","region":"Nouvelle-Aquitaine"}},{"type":"Feature","geometry":{"type":"Point","coordinates":[-0.88087,44.73707]},"properties":{"latitude":"44.73707","longitude":"-0.88087","bright_ti4":"348.19","scan":"0.46","track":"0.39","acq_date":"2026-07-26","acq_time":"149","satellite":"N20","instrument":"VIIRS","confidence":"n","version":"2.0NRT","bright_ti5":"297.42","frp":"4.27","daynight":"N","commune":"Audenge","code_insee":"33019","departement":"Gironde","region":"Nouvelle-Aquitaine"}},{"type":"Feature","geometry":{"type":"Point","coordinates":[-0.85121,44.73723]},"properties":{"latitude":"44.73723","longitude":"-0.85121","bright_ti4":"310.06","scan":"0.46","track":"0.39","acq_date":"2026-07-26","acq_time":"149","satellite":"N20","instrument":"VIIRS","confidence":"n","version":"2.0NRT","bright_ti5":"290","frp":"1.72","daynight":"N","commune":"Audenge","code_insee":"33019","departement":"Gironde","region":"Nouvelle-Aquitaine"}},{"type":"Feature","geometry":{"type":"Point","coordinates":[-0.82162,44.73739]},"properties":{"latitude":"44.73739","longitude":"-0.82162","bright_ti4":"309.54","scan":"0.46","track":"0.39","acq_date":"2026-07-26","acq_time":"149","satellite":"N20","instrument":"VIIRS","confidence":"n","version":"2.0NRT","bright_ti5":"286.19","frp":"1.66","daynight":"N","commune":"Cestas","code_insee":"33122","departement":"Gironde","region":"Nouvelle-Aquitaine"}},{"type":"Feature","geometry":{"type":"Point","coordinates":[-0.88664,44.73775]},"properties":{"latitude":"44.73775","longitude":"-0.88664","bright_ti4":"353.93","scan":"0.46","track":"0.39","acq_date":"2026-07-26","acq_time":"149","satellite":"N20","instrument":"VIIRS","confidence":"n","version":"2.0NRT","bright_ti5":"298.2","frp":"16.02","daynight":"N","commune":"Audenge","code_insee":"33019","departement":"Gironde","region":"Nouvelle-Aquitaine"}},{"type":"Feature","geometry":{"type":"Point","coordinates":[-0.85697,44.73792]},"properties":{"latitude":"44.73792","longitude":"-0.85697","bright_ti4":"304.56","scan":"0.46","track":"0.39","acq_date":"2026-07-26","acq_time":"149","satellite":"N20","instrument":"VIIRS","confidence":"n","version":"2.0NRT","bright_ti5":"289.16","frp":"1.72","daynight":"N","commune":"Audenge","code_insee":"33019","departement":"Gironde","region":"Nouvelle-Aquitaine"}},{"type":"Feature","geometry":{"type":"Point","coordinates":[-0.82736,44.73808]},"properties":{"latitude":"44.73808","longitude":"-0.82736","bright_ti4":"311.65","scan":"0.46","track":"0.39","acq_date":"2026-07-26","acq_time":"149","satellite":"N20","instrument":"VIIRS","confidence":"n","version":"2.0NRT","bright_ti5":"288.02","frp":"1.31","daynight":"N","commune":"Cestas","code_insee":"33122","departement":"Gironde","region":"Nouvelle-Aquitaine"}},{"type":"Feature","geometry":{"type":"Point","coordinates":[-0.89242,44.73843]},"properties":{"latitude":"44.73843","longitude":"-0.89242","bright_ti4":"352.11","scan":"0.46","track":"0.39","acq_date":"2026-07-26","acq_time":"149","satellite":"N20","instrument":"VIIRS","confidence":"n","version":"2.0NRT","bright_ti5":"308.7","frp":"16.02","daynight":"N","commune":"Audenge","code_insee":"33019","departement":"Gironde","region":"Nouvelle-Aquitaine"}},{"type":"Feature","geometry":{"type":"Point","coordinates":[-0.86272,44.73859]},"properties":{"latitude":"44.73859","longitude":"-0.86272","bright_ti4":"301.88","scan":"0.46","track":"0.39","acq_date":"2026-07-26","acq_time":"149","satellite":"N20","instrument":"VIIRS","confidence":"n","version":"2.0NRT","bright_ti5":"285.79","frp":"1.96","daynight":"N","commune":"Audenge","code_insee":"33019","departement":"Gironde","region":"Nouvelle-Aquitaine"}},{"type":"Feature","geometry":{"type":"Point","coordinates":[-0.8982,44.73911]},"properties":{"latitude":"44.73911","longitude":"-0.8982","bright_ti4":"355.33","scan":"0.46","track":"0.39","acq_date":"2026-07-26","acq_time":"149","satellite":"N20","instrument":"VIIRS","confidence":"n","version":"2.0NRT","bright_ti5":"304.62","frp":"10.55","daynight":"N","commune":"Audenge","code_insee":"33019","departement":"Gironde","region":"Nouvelle-Aquitaine"}},{"type":"Feature","geometry":{"type":"Point","coordinates":[-0.86849,44.73928]},"properties":{"latitude":"44.73928","longitude":"-0.86849","bright_ti4":"313.95","scan":"0.46","track":"0.39","acq_date":"2026-07-26","acq_time":"149","satellite":"N20","instrument":"VIIRS","confidence":"n","version":"2.0NRT","bright_ti5":"289.12","frp":"1.96","daynight":"N","commune":"Audenge","code_insee":"33019","departement":"Gironde","region":"Nouvelle-Aquitaine"}},{"type":"Feature","geometry":{"type":"Point","coordinates":[-0.90398,44.73979]},"properties":{"latitude":"44.73979","longitude":"-0.90398","bright_ti4":"335.66","scan":"0.46","track":"0.39","acq_date":"2026-07-26","acq_time":"149","satellite":"N20","instrument":"VIIRS","confidence":"n","version":"2.0NRT","bright_ti5":"288.69","frp":"10.55","daynight":"N","commune":"Audenge","code_insee":"33019","departement":"Gironde","region":"Nouvelle-Aquitaine"}},{"type":"Feature","geometry":{"type":"Point","coordinates":[-0.87425,44.73996]},"properties":{"latitude":"44.73996","longitude":"-0.87425","bright_ti4":"306.48","scan":"0.46","track":"0.39","acq_date":"2026-07-26","acq_time":"149","satellite":"N20","instrument":"VIIRS","confidence":"n","version":"2.0NRT","bright_ti5":"286.62","frp":"4.27","daynight":"N","commune":"Audenge","code_insee":"33019","departement":"Gironde","region":"Nouvelle-Aquitaine"}},{"type":"Feature","geometry":{"type":"Point","coordinates":[-0.84461,44.74012]},"properties":{"latitude":"44.74012","longitude":"-0.84461","bright_ti4":"355.76","scan":"0.46","track":"0.39","acq_date":"2026-07-26","acq_time":"149","satellite":"N20","instrument":"VIIRS","confidence":"n","version":"2.0NRT","bright_ti5":"302.06","frp":"7.86","daynight":"N","commune":"Audenge","code_insee":"33019","departement":"Gironde","region":"Nouvelle-Aquitaine"}},{"type":"Feature","geometry":{"type":"Point","coordinates":[-0.88002,44.74064]},"properties":{"latitude":"44.74064","longitude":"-0.88002","bright_ti4":"330.3","scan":"0.46","track":"0.39","acq_date":"2026-07-26","acq_time":"149","satellite":"N20","instrument":"VIIRS","confidence":"n","version":"2.0NRT","bright_ti5":"292.3","frp":"4.27","daynight":"N","commune":"Audenge","code_insee":"33019","departement":"Gironde","region":"Nouvelle-Aquitaine"}},{"type":"Feature","geometry":{"type":"Point","coordinates":[-0.85037,44.7408]},"properties":{"latitude":"44.7408","longitude":"-0.85037","bright_ti4":"315.49","scan":"0.46","track":"0.39","acq_date":"2026-07-26","acq_time":"149","satellite":"N20","instrument":"VIIRS","confidence":"n","version":"2.0NRT","bright_ti5":"289.59","frp":"4.84","daynight":"N","commune":"Audenge","code_insee":"33019","departement":"Gironde","region":"Nouvelle-Aquitaine"}},{"type":"Feature","geometry":{"type":"Point","coordinates":[-0.88579,44.74132]},"properties":{"latitude":"44.74132","longitude":"-0.88579","bright_ti4":"296.08","scan":"0.46","track":"0.39","acq_date":"2026-07-26","acq_time":"149","satellite":"N20","instrument":"VIIRS","confidence":"n","version":"2.0NRT","bright_ti5":"283.88","frp":"16.02","daynight":"N","commune":"Audenge","code_insee":"33019","departement":"Gironde","region":"Nouvelle-Aquitaine"}},{"type":"Feature","geometry":{"type":"Point","coordinates":[-0.85612,44.74149]},"properties":{"latitude":"44.74149","longitude":"-0.85612","bright_ti4":"310.28","scan":"0.46","track":"0.39","acq_date":"2026-07-26","acq_time":"149","satellite":"N20","instrument":"VIIRS","confidence":"n","version":"2.0NRT","bright_ti5":"288.76","frp":"4.84","daynight":"N","commune":"Audenge","code_insee":"33019","departement":"Gironde","region":"Nouvelle-Aquitaine"}},{"type":"Feature","geometry":{"type":"Point","coordinates":[-0.89157,44.742]},"properties":{"latitude":"44.742","longitude":"-0.89157","bright_ti4":"338.82","scan":"0.46","track":"0.39","acq_date":"2026-07-26","acq_time":"149","satellite":"N20","instrument":"VIIRS","confidence":"n","version":"2.0NRT","bright_ti5":"299.82","frp":"16.02","daynight":"N","commune":"Audenge","code_insee":"33019","departement":"Gironde","region":"Nouvelle-Aquitaine"}},{"type":"Feature","geometry":{"type":"Point","coordinates":[-0.86188,44.74216]},"properties":{"latitude":"44.74216","longitude":"-0.86188","bright_ti4":"301.96","scan":"0.46","track":"0.39","acq_date":"2026-07-26","acq_time":"149","satellite":"N20","instrument":"VIIRS","confidence":"n","version":"2.0NRT","bright_ti5":"288.51","frp":"1.67","daynight":"N","commune":"Audenge","code_insee":"33019","departement":"Gironde","region":"Nouvelle-Aquitaine"}},{"type":"Feature","geometry":{"type":"Point","coordinates":[-0.89735,44.74269]},"properties":{"latitude":"44.74269","longitude":"-0.89735","bright_ti4":"335.31","scan":"0.46","track":"0.39","acq_date":"2026-07-26","acq_time":"149","satellite":"N20","instrument":"VIIRS","confidence":"n","version":"2.0NRT","bright_ti5":"296.95","frp":"10.55","daynight":"N","commune":"Audenge","code_insee":"33019","departement":"Gironde","region":"Nouvelle-Aquitaine"}},{"type":"Feature","geometry":{"type":"Point","coordinates":[-0.86764,44.74285]},"properties":{"latitude":"44.74285","longitude":"-0.86764","bright_ti4":"302.65","scan":"0.46","track":"0.39","acq_date":"2026-07-26","acq_time":"149","satellite":"N20","instrument":"VIIRS","confidence":"n","version":"2.0NRT","bright_ti5":"289.75","frp":"1.67","daynight":"N","commune":"Audenge","code_insee":"33019","departement":"Gironde","region":"Nouvelle-Aquitaine"}},{"type":"Feature","geometry":{"type":"Point","coordinates":[-0.90313,44.74337]},"properties":{"latitude":"44.74337","longitude":"-0.90313","bright_ti4":"322.14","scan":"0.46","track":"0.39","acq_date":"2026-07-26","acq_time":"149","satellite":"N20","instrument":"VIIRS","confidence":"n","version":"2.0NRT","bright_ti5":"289.16","frp":"10.55","daynight":"N","commune":"Audenge","code_insee":"33019","departement":"Gironde","region":"Nouvelle-Aquitaine"}},{"type":"Feature","geometry":{"type":"Point","coordinates":[-0.8734,44.74353]},"properties":{"latitude":"44.74353","longitude":"-0.8734","bright_ti4":"326.27","scan":"0.46","track":"0.39","acq_date":"2026-07-26","acq_time":"149","satellite":"N20","instrument":"VIIRS","confidence":"n","version":"2.0NRT","bright_ti5":"296.84","frp":"6.57","daynight":"N","commune":"Audenge","code_insee":"33019","departement":"Gironde","region":"Nouvelle-Aquitaine"}},{"type":"Feature","geometry":{"type":"Point","coordinates":[-0.87917,44.74421]},"properties":{"latitude":"44.74421","longitude":"-0.87917","bright_ti4":"338.76","scan":"0.46","track":"0.39","acq_date":"2026-07-26","acq_time":"149","satellite":"N20","instrument":"VIIRS","confidence":"n","version":"2.0NRT","bright_ti5":"295.98","frp":"6.57","daynight":"N","commune":"Audenge","code_insee":"33019","departement":"Gironde","region":"Nouvelle-Aquitaine"}},{"type":"Feature","geometry":{"type":"Point","coordinates":[-0.84952,44.74437]},"properties":{"latitude":"44.74437","longitude":"-0.84952","bright_ti4":"347.97","scan":"0.46","track":"0.39","acq_date":"2026-07-26","acq_time":"149","satellite":"N20","instrument":"VIIRS","confidence":"n","version":"2.0NRT","bright_ti5":"292.6","frp":"4.84","daynight":"N","commune":"Saint-Jean-d'Illac","code_insee":"33422","departement":"Gironde","region":"Nouvelle-Aquitaine"}},{"type":"Feature","geometry":{"type":"Point","coordinates":[-0.88494,44.7449]},"properties":{"latitude":"44.7449","longitude":"-0.88494","bright_ti4":"324.89","scan":"0.46","track":"0.39","acq_date":"2026-07-26","acq_time":"149","satellite":"N20","instrument":"VIIRS","confidence":"n","version":"2.0NRT","bright_ti5":"291.75","frp":"5.17","daynight":"N","commune":"Audenge","code_insee":"33019","departement":"Gironde","region":"Nouvelle-Aquitaine"}},{"type":"Feature","geometry":{"type":"Point","coordinates":[-0.85528,44.74505]},"properties":{"latitude":"44.74505","longitude":"-0.85528","bright_ti4":"310.47","scan":"0.46","track":"0.39","acq_date":"2026-07-26","acq_time":"149","satellite":"N20","instrument":"VIIRS","confidence":"n","version":"2.0NRT","bright_ti5":"288.71","frp":"4.84","daynight":"N","commune":"Audenge","code_insee":"33019","departement":"Gironde","region":"Nouvelle-Aquitaine"}},{"type":"Feature","geometry":{"type":"Point","coordinates":[-0.89071,44.74557]},"properties":{"latitude":"44.74557","longitude":"-0.89071","bright_ti4":"326.89","scan":"0.46","track":"0.39","acq_date":"2026-07-26","acq_time":"149","satellite":"N20","instrument":"VIIRS","confidence":"n","version":"2.0NRT","bright_ti5":"292.34","frp":"5.17","daynight":"N","commune":"Audenge","code_insee":"33019","departement":"Gironde","region":"Nouvelle-Aquitaine"}},{"type":"Feature","geometry":{"type":"Point","coordinates":[-1.02193,44.74623]},"properties":{"latitude":"44.74623","longitude":"-1.02193","bright_ti4":"300.17","scan":"0.46","track":"0.39","acq_date":"2026-07-26","acq_time":"149","satellite":"N20","instrument":"VIIRS","confidence":"n","version":"2.0NRT","bright_ti5":"288.1","frp":"1.82","daynight":"N","commune":"Lanton","code_insee":"33229","departement":"Gironde","region":"Nouvelle-Aquitaine"}},{"type":"Feature","geometry":{"type":"Point","coordinates":[-0.8965,44.74626]},"properties":{"latitude":"44.74626","longitude":"-0.8965","bright_ti4":"312.97","scan":"0.46","track":"0.39","acq_date":"2026-07-26","acq_time":"149","satellite":"N20","instrument":"VIIRS","confidence":"n","version":"2.0NRT","bright_ti5":"286.98","frp":"0.91","daynight":"N","commune":"Audenge","code_insee":"33019","departement":"Gironde","region":"Nouvelle-Aquitaine"}},{"type":"Feature","geometry":{"type":"Point","coordinates":[-1.02778,44.74691]},"properties":{"latitude":"44.74691","longitude":"-1.02778","bright_ti4":"329.35","scan":"0.46","track":"0.39","acq_date":"2026-07-26","acq_time":"149","satellite":"N20","instrument":"VIIRS","confidence":"n","version":"2.0NRT","bright_ti5":"290.92","frp":"6.82","daynight":"N","commune":"Lanton","code_insee":"33229","departement":"Gironde","region":"Nouvelle-Aquitaine"}},{"type":"Feature","geometry":{"type":"Point","coordinates":[-0.90228,44.74694]},"properties":{"latitude":"44.74694","longitude":"-0.90228","bright_ti4":"297.38","scan":"0.46","track":"0.39","acq_date":"2026-07-26","acq_time":"149","satellite":"N20","instrument":"VIIRS","confidence":"n","version":"2.0NRT","bright_ti5":"283.83","frp":"0.91","daynight":"N","commune":"Audenge","code_insee":"33019","departement":"Gironde","region":"Nouvelle-Aquitaine"}},{"type":"Feature","geometry":{"type":"Point","coordinates":[-0.90807,44.74763]},"properties":{"latitude":"44.74763","longitude":"-0.90807","bright_ti4":"307.15","scan":"0.46","track":"0.39","acq_date":"2026-07-26","acq_time":"149","satellite":"N20","instrument":"VIIRS","confidence":"n","version":"2.0NRT","bright_ti5":"288.83","frp":"1.18","daynight":"N","commune":"Audenge","code_insee":"33019","departement":"Gironde","region":"Nouvelle-Aquitaine"}},{"type":"Feature","geometry":{"type":"Point","coordinates":[-0.87832,44.74779]},"properties":{"latitude":"44.74779","longitude":"-0.87832","bright_ti4":"346.65","scan":"0.46","track":"0.39","acq_date":"2026-07-26","acq_time":"149","satellite":"N20","instrument":"VIIRS","confidence":"n","version":"2.0NRT","bright_ti5":"301.62","frp":"6.57","daynight":"N","commune":"Audenge","code_insee":"33019","departement":"Gironde","region":"Nouvelle-Aquitaine"}},{"type":"Feature","geometry":{"type":"Point","coordinates":[-0.91386,44.74831]},"properties":{"latitude":"44.74831","longitude":"-0.91386","bright_ti4":"300.18","scan":"0.46","track":"0.39","acq_date":"2026-07-26","acq_time":"149","satellite":"N20","instrument":"VIIRS","confidence":"n","version":"2.0NRT","bright_ti5":"287.55","frp":"1.18","daynight":"N","commune":"Audenge","code_insee":"33019","departement":"Gironde","region":"Nouvelle-Aquitaine"}},{"type":"Feature","geometry":{"type":"Point","coordinates":[-0.88409,44.74847]},"properties":{"latitude":"44.74847","longitude":"-0.88409","bright_ti4":"350.81","scan":"0.46","track":"0.39","acq_date":"2026-07-26","acq_time":"149","satellite":"N20","instrument":"VIIRS","confidence":"n","version":"2.0NRT","bright_ti5":"303.61","frp":"5.17","daynight":"N","commune":"Audenge","code_insee":"33019","departement":"Gironde","region":"Nouvelle-Aquitaine"}},{"type":"Feature","geometry":{"type":"Point","coordinates":[-1.04532,44.74895]},"properties":{"latitude":"44.74895","longitude":"-1.04532","bright_ti4":"304.82","scan":"0.46","track":"0.39","acq_date":"2026-07-26","acq_time":"149","satellite":"N20","instrument":"VIIRS","confidence":"n","version":"2.0NRT","bright_ti5":"286.29","frp":"13.21","daynight":"N","commune":"Lanton","code_insee":"33229","departement":"Gironde","region":"Nouvelle-Aquitaine"}},{"type":"Feature","geometry":{"type":"Point","coordinates":[-0.91965,44.749]},"properties":{"latitude":"44.749","longitude":"-0.91965","bright_ti4":"305.32","scan":"0.46","track":"0.39","acq_date":"2026-07-26","acq_time":"149","satellite":"N20","instrument":"VIIRS","confidence":"n","version":"2.0NRT","bright_ti5":"289.86","frp":"2","daynight":"N","commune":"Audenge","code_insee":"33019","departement":"Gironde","region":"Nouvelle-Aquitaine"}},{"type":"Feature","geometry":{"type":"Point","coordinates":[-0.88986,44.74916]},"properties":{"latitude":"44.74916","longitude":"-0.88986","bright_ti4":"327.43","scan":"0.46","track":"0.39","acq_date":"2026-07-26","acq_time":"149","satellite":"N20","instrument":"VIIRS","confidence":"n","version":"2.0NRT","bright_ti5":"290.51","frp":"5.17","daynight":"N","commune":"Audenge","code_insee":"33019","departement":"Gironde","region":"Nouvelle-Aquitaine"}},{"type":"Feature","geometry":{"type":"Point","coordinates":[-0.92545,44.74968]},"properties":{"latitude":"44.74968","longitude":"-0.92545","bright_ti4":"314.36","scan":"0.46","track":"0.39","acq_date":"2026-07-26","acq_time":"149","satellite":"N20","instrument":"VIIRS","confidence":"n","version":"2.0NRT","bright_ti5":"290.15","frp":"2","daynight":"N","commune":"Lanton","code_insee":"33229","departement":"Gironde","region":"Nouvelle-Aquitaine"}},{"type":"Feature","geometry":{"type":"Point","coordinates":[-1.02109,44.74983]},"properties":{"latitude":"44.74983","longitude":"-1.02109","bright_ti4":"307.5","scan":"0.46","track":"0.39","acq_date":"2026-07-26","acq_time":"149","satellite":"N20","instrument":"VIIRS","confidence":"n","version":"2.0NRT","bright_ti5":"288.6","frp":"1.82","daynight":"N","commune":"Lanton","code_insee":"33229","departement":"Gironde","region":"Nouvelle-Aquitaine"}},{"type":"Feature","geometry":{"type":"Point","coordinates":[-0.89565,44.74984]},"properties":{"latitude":"44.74984","longitude":"-0.89565","bright_ti4":"305.03","scan":"0.46","track":"0.39","acq_date":"2026-07-26","acq_time":"149","satellite":"N20","instrument":"VIIRS","confidence":"n","version":"2.0NRT","bright_ti5":"289.28","frp":"0.91","daynight":"N","commune":"Audenge","code_insee":"33019","departement":"Gironde","region":"Nouvelle-Aquitaine"}},{"type":"Feature","geometry":{"type":"Point","coordinates":[-0.93125,44.75036]},"properties":{"latitude":"44.75036","longitude":"-0.93125","bright_ti4":"351.74","scan":"0.46","track":"0.39","acq_date":"2026-07-26","acq_time":"149","satellite":"N20","instrument":"VIIRS","confidence":"n","version":"2.0NRT","bright_ti5":"292.97","frp":"8.11","daynight":"N","commune":"Lanton","code_insee":"33229","departement":"Gironde","region":"Nouvelle-Aquitaine"}},{"type":"Feature","geometry":{"type":"Point","coordinates":[-1.02693,44.75051]},"properties":{"latitude":"44.75051","longitude":"-1.02693","bright_ti4":"367","scan":"0.46","track":"0.39","acq_date":"2026-07-26","acq_time":"149","satellite":"N20","instrument":"VIIRS","confidence":"h","version":"2.0NRT","bright_ti5":"296.29","frp":"6.82","daynight":"N","commune":"Lanton","code_insee":"33229","departement":"Gironde","region":"Nouvelle-Aquitaine"}},{"type":"Feature","geometry":{"type":"Point","coordinates":[-0.90143,44.75052]},"properties":{"latitude":"44.75052","longitude":"-0.90143","bright_ti4":"302.09","scan":"0.46","track":"0.39","acq_date":"2026-07-26","acq_time":"149","satellite":"N20","instrument":"VIIRS","confidence":"n","version":"2.0NRT","bright_ti5":"287.13","frp":"0.91","daynight":"N","commune":"Audenge","code_insee":"33019","departement":"Gironde","region":"Nouvelle-Aquitaine"}},{"type":"Feature","geometry":{"type":"Point","coordinates":[-0.87171,44.75068]},"properties":{"latitude":"44.75068","longitude":"-0.87171","bright_ti4":"305.11","scan":"0.46","track":"0.39","acq_date":"2026-07-26","acq_time":"149","satellite":"N20","instrument":"VIIRS","confidence":"n","version":"2.0NRT","bright_ti5":"289.47","frp":"13.38","daynight":"N","commune":"Audenge","code_insee":"33019","departement":"Gironde","region":"Nouvelle-Aquitaine"}},{"type":"Feature","geometry":{"type":"Point","coordinates":[-0.93705,44.75105]},"properties":{"latitude":"44.75105","longitude":"-0.93705","bright_ti4":"322.45","scan":"0.46","track":"0.39","acq_date":"2026-07-26","acq_time":"149","satellite":"N20","instrument":"VIIRS","confidence":"n","version":"2.0NRT","bright_ti5":"287.33","frp":"8.11","daynight":"N","commune":"Lanton","code_insee":"33229","departement":"Gironde","region":"Nouvelle-Aquitaine"}},{"type":"Feature","geometry":{"type":"Point","coordinates":[-1.03276,44.75119]},"properties":{"latitude":"44.75119","longitude":"-1.03276","bright_ti4":"308.72","scan":"0.46","track":"0.39","acq_date":"2026-07-26","acq_time":"149","satellite":"N20","instrument":"VIIRS","confidence":"n","version":"2.0NRT","bright_ti5":"287.99","frp":"6.82","daynight":"N","commune":"Lanton","code_insee":"33229","departement":"Gironde","region":"Nouvelle-Aquitaine"}},{"type":"Feature","geometry":{"type":"Point","coordinates":[-0.87747,44.75136]},"properties":{"latitude":"44.75136","longitude":"-0.87747","bright_ti4":"334.26","scan":"0.46","track":"0.39","acq_date":"2026-07-26","acq_time":"149","satellite":"N20","instrument":"VIIRS","confidence":"n","version":"2.0NRT","bright_ti5":"295.96","frp":"13.38","daynight":"N","commune":"Audenge","code_insee":"33019","departement":"Gironde","region":"Nouvelle-Aquitaine"}},{"type":"Feature","geometry":{"type":"Point","coordinates":[-1.0386,44.75187]},"properties":{"latitude":"44.75187","longitude":"-1.0386","bright_ti4":"354.95","scan":"0.46","track":"0.39","acq_date":"2026-07-26","acq_time":"149","satellite":"N20","instrument":"VIIRS","confidence":"n","version":"2.0NRT","bright_ti5":"302.14","frp":"13.21","daynight":"N","commune":"Lanton","code_insee":"33229","departement":"Gironde","region":"Nouvelle-Aquitaine"}},{"type":"Feature","geometry":{"type":"Point","coordinates":[-0.913,44.75189]},"properties":{"latitude":"44.75189","longitude":"-0.913","bright_ti4":"303.82","scan":"0.46","track":"0.39","acq_date":"2026-07-26","acq_time":"149","satellite":"N20","instrument":"VIIRS","confidence":"n","version":"2.0NRT","bright_ti5":"288.14","frp":"1.18","daynight":"N","commune":"Audenge","code_insee":"33019","departement":"Gironde","region":"Nouvelle-Aquitaine"}},{"type":"Feature","geometry":{"type":"Point","coordinates":[-0.88323,44.75204]},"properties":{"latitude":"44.75204","longitude":"-0.88323","bright_ti4":"339.37","scan":"0.46","track":"0.39","acq_date":"2026-07-26","acq_time":"149","satellite":"N20","instrument":"VIIRS","confidence":"n","version":"2.0NRT","bright_ti5":"296.47","frp":"29.45","daynight":"N","commune":"Audenge","code_insee":"33019","departement":"Gironde","region":"Nouvelle-Aquitaine"}},{"type":"Feature","geometry":{"type":"Point","coordinates":[-1.04446,44.75255]},"properties":{"latitude":"44.75255","longitude":"-1.04446","bright_ti4":"343.93","scan":"0.46","track":"0.39","acq_date":"2026-07-26","acq_time":"149","satellite":"N20","instrument":"VIIRS","confidence":"n","version":"2.0NRT","bright_ti5":"293.94","frp":"13.21","daynight":"N","commune":"Lanton","code_insee":"33229","departement":"Gironde","region":"Nouvelle-Aquitaine"}},{"type":"Feature","geometry":{"type":"Point","coordinates":[-0.91879,44.75257]},"properties":{"latitude":"44.75257","longitude":"-0.91879","bright_ti4":"301.79","scan":"0.46","track":"0.39","acq_date":"2026-07-26","acq_time":"149","satellite":"N20","instrument":"VIIRS","confidence":"n","version":"2.0NRT","bright_ti5":"288.85","frp":"2","daynight":"N","commune":"Lanton","code_insee":"33229","departement":"Gironde","region":"Nouvelle-Aquitaine"}},{"type":"Feature","geometry":{"type":"Point","coordinates":[-0.889,44.75273]},"properties":{"latitude":"44.75273","longitude":"-0.889","bright_ti4":"310.74","scan":"0.46","track":"0.39","acq_date":"2026-07-26","acq_time":"149","satellite":"N20","instrument":"VIIRS","confidence":"n","version":"2.0NRT","bright_ti5":"289.52","frp":"29.45","daynight":"N","commune":"Audenge","code_insee":"33019","departement":"Gironde","region":"Nouvelle-Aquitaine"}},{"type":"Feature","geometry":{"type":"Point","coordinates":[-0.89479,44.75341]},"properties":{"latitude":"44.75341","longitude":"-0.89479","bright_ti4":"307.28","scan":"0.46","track":"0.39","acq_date":"2026-07-26","acq_time":"149","satellite":"N20","instrument":"VIIRS","confidence":"n","version":"2.0NRT","bright_ti5":"290.45","frp":"6.61","daynight":"N","commune":"Audenge","code_insee":"33019","departement":"Gironde","region":"Nouvelle-Aquitaine"}},{"type":"Feature","geometry":{"type":"Point","coordinates":[-0.9304,44.75394]},"properties":{"latitude":"44.75394","longitude":"-0.9304","bright_ti4":"341.5","scan":"0.46","track":"0.39","acq_date":"2026-07-26","acq_time":"149","satellite":"N20","instrument":"VIIRS","confidence":"n","version":"2.0NRT","bright_ti5":"298.11","frp":"8.11","daynight":"N","commune":"Lanton","code_insee":"33229","departement":"Gironde","region":"Nouvelle-Aquitaine"}},{"type":"Feature","geometry":{"type":"Point","coordinates":[-0.90058,44.7541]},"properties":{"latitude":"44.7541","longitude":"-0.90058","bright_ti4":"308.35","scan":"0.46","track":"0.39","acq_date":"2026-07-26","acq_time":"149","satellite":"N20","instrument":"VIIRS","confidence":"n","version":"2.0NRT","bright_ti5":"290.71","frp":"6.61","daynight":"N","commune":"Audenge","code_insee":"33019","departement":"Gironde","region":"Nouvelle-Aquitaine"}},{"type":"Feature","geometry":{"type":"Point","coordinates":[-0.87086,44.75425]},"properties":{"latitude":"44.75425","longitude":"-0.87086","bright_ti4":"348.15","scan":"0.46","track":"0.39","acq_date":"2026-07-26","acq_time":"149","satellite":"N20","instrument":"VIIRS","confidence":"n","version":"2.0NRT","bright_ti5":"292.74","frp":"13.38","daynight":"N","commune":"Audenge","code_insee":"33019","departement":"Gironde","region":"Nouvelle-Aquitaine"}},{"type":"Feature","geometry":{"type":"Point","coordinates":[-0.93619,44.75463]},"properties":{"latitude":"44.75463","longitude":"-0.93619","bright_ti4":"354.61","scan":"0.46","track":"0.39","acq_date":"2026-07-26","acq_time":"149","satellite":"N20","instrument":"VIIRS","confidence":"n","version":"2.0NRT","bright_ti5":"298.18","frp":"8.11","daynight":"N","commune":"Lanton","code_insee":"33229","departement":"Gironde","region":"Nouvelle-Aquitaine"}},{"type":"Feature","geometry":{"type":"Point","coordinates":[-0.90636,44.75478]},"properties":{"latitude":"44.75478","longitude":"-0.90636","bright_ti4":"314.13","scan":"0.46","track":"0.39","acq_date":"2026-07-26","acq_time":"149","satellite":"N20","instrument":"VIIRS","confidence":"n","version":"2.0NRT","bright_ti5":"292.46","frp":"3.49","daynight":"N","commune":"Lanton","code_insee":"33229","departement":"Gironde","region":"Nouvelle-Aquitaine"}},{"type":"Feature","geometry":{"type":"Point","coordinates":[-0.87662,44.75493]},"properties":{"latitude":"44.75493","longitude":"-0.87662","bright_ti4":"353.55","scan":"0.46","track":"0.39","acq_date":"2026-07-26","acq_time":"149","satellite":"N20","instrument":"VIIRS","confidence":"n","version":"2.0NRT","bright_ti5":"303.29","frp":"13.38","daynight":"N","commune":"Audenge","code_insee":"33019","departement":"Gironde","region":"Nouvelle-Aquitaine"}},{"type":"Feature","geometry":{"type":"Point","coordinates":[-0.942,44.75531]},"properties":{"latitude":"44.75531","longitude":"-0.942","bright_ti4":"367","scan":"0.46","track":"0.39","acq_date":"2026-07-26","acq_time":"149","satellite":"N20","instrument":"VIIRS","confidence":"h","version":"2.0NRT","bright_ti5":"294.98","frp":"14.28","daynight":"N","commune":"Lanton","code_insee":"33229","departement":"Gironde","region":"Nouvelle-Aquitaine"}},{"type":"Feature","geometry":{"type":"Point","coordinates":[-1.03775,44.75547]},"properties":{"latitude":"44.75547","longitude":"-1.03775","bright_ti4":"351.36","scan":"0.46","track":"0.39","acq_date":"2026-07-26","acq_time":"149","satellite":"N20","instrument":"VIIRS","confidence":"n","version":"2.0NRT","bright_ti5":"290.62","frp":"5.47","daynight":"N","commune":"Lanton","code_insee":"33229","departement":"Gironde","region":"Nouvelle-Aquitaine"}},{"type":"Feature","geometry":{"type":"Point","coordinates":[-0.91215,44.75547]},"properties":{"latitude":"44.75547","longitude":"-0.91215","bright_ti4":"327.72","scan":"0.46","track":"0.39","acq_date":"2026-07-26","acq_time":"149","satellite":"N20","instrument":"VIIRS","confidence":"n","version":"2.0NRT","bright_ti5":"294.05","frp":"3.49","daynight":"N","commune":"Lanton","code_insee":"33229","departement":"Gironde","region":"Nouvelle-Aquitaine"}},{"type":"Feature","geometry":{"type":"Point","coordinates":[-0.88238,44.75562]},"properties":{"latitude":"44.75562","longitude":"-0.88238","bright_ti4":"346.82","scan":"0.46","track":"0.39","acq_date":"2026-07-26","acq_time":"149","satellite":"N20","instrument":"VIIRS","confidence":"n","version":"2.0NRT","bright_ti5":"307.87","frp":"29.45","daynight":"N","commune":"Audenge","code_insee":"33019","departement":"Gironde","region":"Nouvelle-Aquitaine"}},{"type":"Feature","geometry":{"type":"Point","coordinates":[-1.04361,44.75615]},"properties":{"latitude":"44.75615","longitude":"-1.04361","bright_ti4":"315.36","scan":"0.46","track":"0.39","acq_date":"2026-07-26","acq_time":"149","satellite":"N20","instrument":"VIIRS","confidence":"n","version":"2.0NRT","bright_ti5":"287.54","frp":"5.47","daynight":"N","commune":"Lanton","code_insee":"33229","departement":"Gironde","region":"Nouvelle-Aquitaine"}},{"type":"Feature","geometry":{"type":"Point","coordinates":[-0.91794,44.75616]},"properties":{"latitude":"44.75616","longitude":"-0.91794","bright_ti4":"305.68","scan":"0.46","track":"0.39","acq_date":"2026-07-26","acq_time":"149","satellite":"N20","instrument":"VIIRS","confidence":"n","version":"2.0NRT","bright_ti5":"289.29","frp":"2.94","daynight":"N","commune":"Lanton","code_insee":"33229","departement":"Gironde","region":"Nouvelle-Aquitaine"}},{"type":"Feature","geometry":{"type":"Point","coordinates":[-0.88816,44.7563]},"properties":{"latitude":"44.7563","longitude":"-0.88816","bright_ti4":"353.8","scan":"0.46","track":"0.39","acq_date":"2026-07-26","acq_time":"149","satellite":"N20","instrument":"VIIRS","confidence":"n","version":"2.0NRT","bright_ti5":"301.97","frp":"29.45","daynight":"N","commune":"Audenge","code_insee":"33019","departement":"Gironde","region":"Nouvelle-Aquitaine"}},{"type":"Feature","geometry":{"type":"Point","coordinates":[-1.04948,44.75683]},"properties":{"latitude":"44.75683","longitude":"-1.04948","bright_ti4":"308.97","scan":"0.46","track":"0.39","acq_date":"2026-07-26","acq_time":"149","satellite":"N20","instrument":"VIIRS","confidence":"n","version":"2.0NRT","bright_ti5":"288.72","frp":"4.3","daynight":"N","commune":"Lanton","code_insee":"33229","departement":"Gironde","region":"Nouvelle-Aquitaine"}},{"type":"Feature","geometry":{"type":"Point","coordinates":[-0.92374,44.75684]},"properties":{"latitude":"44.75684","longitude":"-0.92374","bright_ti4":"302.51","scan":"0.46","track":"0.39","acq_date":"2026-07-26","acq_time":"149","satellite":"N20","instrument":"VIIRS","confidence":"n","version":"2.0NRT","bright_ti5":"289.03","frp":"2.94","daynight":"N","commune":"Lanton","code_insee":"33229","departement":"Gironde","region":"Nouvelle-Aquitaine"}},{"type":"Feature","geometry":{"type":"Point","coordinates":[-0.89394,44.75699]},"properties":{"latitude":"44.75699","longitude":"-0.89394","bright_ti4":"354.75","scan":"0.46","track":"0.39","acq_date":"2026-07-26","acq_time":"149","satellite":"N20","instrument":"VIIRS","confidence":"n","version":"2.0NRT","bright_ti5":"295.07","frp":"6.61","daynight":"N","commune":"Audenge","code_insee":"33019","departement":"Gironde","region":"Nouvelle-Aquitaine"}},{"type":"Feature","geometry":{"type":"Point","coordinates":[-1.01941,44.75702]},"properties":{"latitude":"44.75702","longitude":"-1.01941","bright_ti4":"308.12","scan":"0.46","track":"0.39","acq_date":"2026-07-26","acq_time":"149","satellite":"N20","instrument":"VIIRS","confidence":"n","version":"2.0NRT","bright_ti5":"288.98","frp":"3.89","daynight":"N","commune":"Lanton","code_insee":"33229","departement":"Gironde","region":"Nouvelle-Aquitaine"}},{"type":"Feature","geometry":{"type":"Point","coordinates":[-1.05534,44.75751]},"properties":{"latitude":"44.75751","longitude":"-1.05534","bright_ti4":"309.37","scan":"0.46","track":"0.39","acq_date":"2026-07-26","acq_time":"149","satellite":"N20","instrument":"VIIRS","confidence":"n","version":"2.0NRT","bright_ti5":"287.8","frp":"4.3","daynight":"N","commune":"Andernos-les-Bains","code_insee":"33005","departement":"Gironde","region":"Nouvelle-Aquitaine"}},{"type":"Feature","geometry":{"type":"Point","coordinates":[-0.92954,44.75752]},"properties":{"latitude":"44.75752","longitude":"-0.92954","bright_ti4":"313.22","scan":"0.46","track":"0.39","acq_date":"2026-07-26","acq_time":"149","satellite":"N20","instrument":"VIIRS","confidence":"n","version":"2.0NRT","bright_ti5":"291.33","frp":"3.03","daynight":"N","commune":"Lanton","code_insee":"33229","departement":"Gironde","region":"Nouvelle-Aquitaine"}},{"type":"Feature","geometry":{"type":"Point","coordinates":[-0.89973,44.75768]},"properties":{"latitude":"44.75768","longitude":"-0.89973","bright_ti4":"348.76","scan":"0.46","track":"0.39","acq_date":"2026-07-26","acq_time":"149","satellite":"N20","instrument":"VIIRS","confidence":"n","version":"2.0NRT","bright_ti5":"299.37","frp":"6.61","daynight":"N","commune":"Lanton","code_insee":"33229","departement":"Gironde","region":"Nouvelle-Aquitaine"}},{"type":"Feature","geometry":{"type":"Point","coordinates":[-1.02524,44.7577]},"properties":{"latitude":"44.7577","longitude":"-1.02524","bright_ti4":"355.78","scan":"0.46","track":"0.39","acq_date":"2026-07-26","acq_time":"149","satellite":"N20","instrument":"VIIRS","confidence":"n","version":"2.0NRT","bright_ti5":"301.49","frp":"15.06","daynight":"N","commune":"Lanton","code_insee":"33229","departement":"Gironde","region":"Nouvelle-Aquitaine"}},{"type":"Feature","geometry":{"type":"Point","coordinates":[-0.93534,44.75821]},"properties":{"latitude":"44.75821","longitude":"-0.93534","bright_ti4":"322.65","scan":"0.46","track":"0.39","acq_date":"2026-07-26","acq_time":"149","satellite":"N20","instrument":"VIIRS","confidence":"n","version":"2.0NRT","bright_ti5":"293.84","frp":"3.03","daynight":"N","commune":"Lanton","code_insee":"33229","departement":"Gironde","region":"Nouvelle-Aquitaine"}},{"type":"Feature","geometry":{"type":"Point","coordinates":[-0.90552,44.75836]},"properties":{"latitude":"44.75836","longitude":"-0.90552","bright_ti4":"308.71","scan":"0.46","track":"0.39","acq_date":"2026-07-26","acq_time":"149","satellite":"N20","instrument":"VIIRS","confidence":"n","version":"2.0NRT","bright_ti5":"290.94","frp":"3.49","daynight":"N","commune":"Lanton","code_insee":"33229","departement":"Gironde","region":"Nouvelle-Aquitaine"}},{"type":"Feature","geometry":{"type":"Point","coordinates":[-1.03107,44.75838]},"properties":{"latitude":"44.75838","longitude":"-1.03107","bright_ti4":"338.71","scan":"0.46","track":"0.39","acq_date":"2026-07-26","acq_time":"149","satellite":"N20","instrument":"VIIRS","confidence":"n","version":"2.0NRT","bright_ti5":"292.45","frp":"15.06","daynight":"N","commune":"Lanton","code_insee":"33229","departement":"Gironde","region":"Nouvelle-Aquitaine"}},{"type":"Feature","geometry":{"type":"Point","coordinates":[-0.87576,44.75851]},"properties":{"latitude":"44.75851","longitude":"-0.87576","bright_ti4":"311.47","scan":"0.46","track":"0.39","acq_date":"2026-07-26","acq_time":"149","satellite":"N20","instrument":"VIIRS","confidence":"n","version":"2.0NRT","bright_ti5":"285.4","frp":"1.29","daynight":"N","commune":"Saint-Jean-d'Illac","code_insee":"33422","departement":"Gironde","region":"Nouvelle-Aquitaine"}},{"type":"Feature","geometry":{"type":"Point","coordinates":[-0.94115,44.7589]},"properties":{"latitude":"44.7589","longitude":"-0.94115","bright_ti4":"340.89","scan":"0.46","track":"0.39","acq_date":"2026-07-26","acq_time":"149","satellite":"N20","instrument":"VIIRS","confidence":"n","version":"2.0NRT","bright_ti5":"298.68","frp":"5.34","daynight":"N","commune":"Lanton","code_insee":"33229","departement":"Gironde","region":"Nouvelle-Aquitaine"}},{"type":"Feature","geometry":{"type":"Point","coordinates":[-0.9113,44.75904]},"properties":{"latitude":"44.75904","longitude":"-0.9113","bright_ti4":"337.77","scan":"0.46","track":"0.39","acq_date":"2026-07-26","acq_time":"149","satellite":"N20","instrument":"VIIRS","confidence":"n","version":"2.0NRT","bright_ti5":"298.72","frp":"3.49","daynight":"N","commune":"Lanton","code_insee":"33229","departement":"Gironde","region":"Nouvelle-Aquitaine"}},{"type":"Feature","geometry":{"type":"Point","coordinates":[-1.03691,44.75906]},"properties":{"latitude":"44.75906","longitude":"-1.03691","bright_ti4":"350.69","scan":"0.46","track":"0.39","acq_date":"2026-07-26","acq_time":"149","satellite":"N20","instrument":"VIIRS","confidence":"n","version":"2.0NRT","bright_ti5":"295.21","frp":"5.47","daynight":"N","commune":"Lanton","code_insee":"33229","departement":"Gironde","region":"Nouvelle-Aquitaine"}},{"type":"Feature","geometry":{"type":"Point","coordinates":[-0.88153,44.7592]},"properties":{"latitude":"44.7592","longitude":"-0.88153","bright_ti4":"326.57","scan":"0.46","track":"0.39","acq_date":"2026-07-26","acq_time":"149","satellite":"N20","instrument":"VIIRS","confidence":"n","version":"2.0NRT","bright_ti5":"288.22","frp":"5.65","daynight":"N","commune":"Audenge","code_insee":"33019","departement":"Gironde","region":"Nouvelle-Aquitaine"}},{"type":"Feature","geometry":{"type":"Point","coordinates":[-1.00688,44.75925]},"properties":{"latitude":"44.75925","longitude":"-1.00688","bright_ti4":"301.93","scan":"0.46","track":"0.39","acq_date":"2026-07-26","acq_time":"149","satellite":"N20","instrument":"VIIRS","confidence":"n","version":"2.0NRT","bright_ti5":"287.78","frp":"1.67","daynight":"N","commune":"Lanton","code_insee":"33229","departement":"Gironde","region":"Nouvelle-Aquitaine"}},{"type":"Feature","geometry":{"type":"Point","coordinates":[-0.94695,44.75958]},"properties":{"latitude":"44.75958","longitude":"-0.94695","bright_ti4":"315.29","scan":"0.46","track":"0.39","acq_date":"2026-07-26","acq_time":"149","satellite":"N20","instrument":"VIIRS","confidence":"n","version":"2.0NRT","bright_ti5":"289.16","frp":"5.34","daynight":"N","commune":"Lanton","code_insee":"33229","departement":"Gironde","region":"Nouvelle-Aquitaine"}},{"type":"Feature","geometry":{"type":"Point","coordinates":[-0.91709,44.75973]},"properties":{"latitude":"44.75973","longitude":"-0.91709","bright_ti4":"336.7","scan":"0.46","track":"0.39","acq_date":"2026-07-26","acq_time":"149","satellite":"N20","instrument":"VIIRS","confidence":"n","version":"2.0NRT","bright_ti5":"297.31","frp":"2.94","daynight":"N","commune":"Lanton","code_insee":"33229","departement":"Gironde","region":"Nouvelle-Aquitaine"}},{"type":"Feature","geometry":{"type":"Point","coordinates":[-1.04277,44.75975]},"properties":{"latitude":"44.75975","longitude":"-1.04277","bright_ti4":"300.26","scan":"0.46","track":"0.39","acq_date":"2026-07-26","acq_time":"149","satellite":"N20","instrument":"VIIRS","confidence":"n","version":"2.0NRT","bright_ti5":"287.21","frp":"5.47","daynight":"N","commune":"Lanton","code_insee":"33229","departement":"Gironde","region":"Nouvelle-Aquitaine"}},{"type":"Feature","geometry":{"type":"Point","coordinates":[-0.88731,44.75988]},"properties":{"latitude":"44.75988","longitude":"-0.88731","bright_ti4":"352.94","scan":"0.46","track":"0.39","acq_date":"2026-07-26","acq_time":"149","satellite":"N20","instrument":"VIIRS","confidence":"n","version":"2.0NRT","bright_ti5":"292.22","frp":"5.65","daynight":"N","commune":"Lanton","code_insee":"33229","departement":"Gironde","region":"Nouvelle-Aquitaine"}},{"type":"Feature","geometry":{"type":"Point","coordinates":[-1.01272,44.75993]},"properties":{"latitude":"44.75993","longitude":"-1.01272","bright_ti4":"311.25","scan":"0.46","track":"0.39","acq_date":"2026-07-26","acq_time":"149","satellite":"N20","instrument":"VIIRS","confidence":"n","version":"2.0NRT","bright_ti5":"288.03","frp":"2.21","daynight":"N","commune":"Lanton","code_insee":"33229","departement":"Gironde","region":"Nouvelle-Aquitaine"}},{"type":"Feature","geometry":{"type":"Point","coordinates":[-0.95275,44.76026]},"properties":{"latitude":"44.76026","longitude":"-0.95275","bright_ti4":"326.85","scan":"0.46","track":"0.39","acq_date":"2026-07-26","acq_time":"149","satellite":"N20","instrument":"VIIRS","confidence":"n","version":"2.0NRT","bright_ti5":"290.41","frp":"12.33","daynight":"N","commune":"Lanton","code_insee":"33229","departement":"Gironde","region":"Nouvelle-Aquitaine"}},{"type":"Feature","geometry":{"type":"Point","coordinates":[-0.8931,44.76057]},"properties":{"latitude":"44.76057","longitude":"-0.8931","bright_ti4":"320.87","scan":"0.46","track":"0.39","acq_date":"2026-07-26","acq_time":"149","satellite":"N20","instrument":"VIIRS","confidence":"n","version":"2.0NRT","bright_ti5":"311.06","frp":"60.72","daynight":"N","commune":"Lanton","code_insee":"33229","departement":"Gironde","region":"Nouvelle-Aquitaine"}},{"type":"Feature","geometry":{"type":"Point","coordinates":[-0.95856,44.76095]},"properties":{"latitude":"44.76095","longitude":"-0.95856","bright_ti4":"367","scan":"0.46","track":"0.39","acq_date":"2026-07-26","acq_time":"149","satellite":"N20","instrument":"VIIRS","confidence":"h","version":"2.0NRT","bright_ti5":"298.96","frp":"12.33","daynight":"N","commune":"Lanton","code_insee":"33229","departement":"Gironde","region":"Nouvelle-Aquitaine"}},{"type":"Feature","geometry":{"type":"Point","coordinates":[-1.05449,44.76111]},"properties":{"latitude":"44.76111","longitude":"-1.05449","bright_ti4":"347.9","scan":"0.46","track":"0.39","acq_date":"2026-07-26","acq_time":"149","satellite":"N20","instrument":"VIIRS","confidence":"n","version":"2.0NRT","bright_ti5":"300.44","frp":"4.3","daynight":"N","commune":"Andernos-les-Bains","code_insee":"33005","departement":"Gironde","region":"Nouvelle-Aquitaine"}},{"type":"Feature","geometry":{"type":"Point","coordinates":[-0.89889,44.76126]},"properties":{"latitude":"44.76126","longitude":"-0.89889","bright_ti4":"352.9","scan":"0.46","track":"0.39","acq_date":"2026-07-26","acq_time":"149","satellite":"N20","instrument":"VIIRS","confidence":"n","version":"2.0NRT","bright_ti5":"305.35","frp":"60.72","daynight":"N","commune":"Lanton","code_insee":"33229","departement":"Gironde","region":"Nouvelle-Aquitaine"}},{"type":"Feature","geometry":{"type":"Point","coordinates":[-0.96438,44.76163]},"properties":{"latitude":"44.76163","longitude":"-0.96438","bright_ti4":"310.62","scan":"0.46","track":"0.39","acq_date":"2026-07-26","acq_time":"149","satellite":"N20","instrument":"VIIRS","confidence":"n","version":"2.0NRT","bright_ti5":"287.41","frp":"10.92","daynight":"N","commune":"Lanton","code_insee":"33229","departement":"Gironde","region":"Nouvelle-Aquitaine"}},{"type":"Feature","geometry":{"type":"Point","coordinates":[-0.9345,44.76179]},"properties":{"latitude":"44.76179","longitude":"-0.9345","bright_ti4":"323.07","scan":"0.46","track":"0.39","acq_date":"2026-07-26","acq_time":"149","satellite":"N20","instrument":"VIIRS","confidence":"n","version":"2.0NRT","bright_ti5":"294.56","frp":"3.03","daynight":"N","commune":"Lanton","code_insee":"33229","departement":"Gironde","region":"Nouvelle-Aquitaine"}},{"type":"Feature","geometry":{"type":"Point","coordinates":[-1.06034,44.7618]},"properties":{"latitude":"44.7618","longitude":"-1.06034","bright_ti4":"330.76","scan":"0.46","track":"0.39","acq_date":"2026-07-26","acq_time":"149","satellite":"N20","instrument":"VIIRS","confidence":"n","version":"2.0NRT","bright_ti5":"292.39","frp":"5.54","daynight":"N","commune":"Andernos-les-Bains","code_insee":"33005","departement":"Gironde","region":"Nouvelle-Aquitaine"}},{"type":"Feature","geometry":{"type":"Point","coordinates":[-0.90467,44.76194]},"properties":{"latitude":"44.76194","longitude":"-0.90467","bright_ti4":"329.22","scan":"0.46","track":"0.39","acq_date":"2026-07-26","acq_time":"149","satellite":"N20","instrument":"VIIRS","confidence":"n","version":"2.0NRT","bright_ti5":"292.64","frp":"11.55","daynight":"N","commune":"Lanton","code_insee":"33229","departement":"Gironde","region":"Nouvelle-Aquitaine"}},{"type":"Feature","geometry":{"type":"Point","coordinates":[-1.03022,44.76197]},"properties":{"latitude":"44.76197","longitude":"-1.03022","bright_ti4":"346.17","scan":"0.46","track":"0.39","acq_date":"2026-07-26","acq_time":"149","satellite":"N20","instrument":"VIIRS","confidence":"n","version":"2.0NRT","bright_ti5":"297.95","frp":"6.03","daynight":"N","commune":"Lanton","code_insee":"33229","departement":"Gironde","region":"Nouvelle-Aquitaine"}},{"type":"Feature","geometry":{"type":"Point","coordinates":[-0.9403,44.76248]},"properties":{"latitude":"44.76248","longitude":"-0.9403","bright_ti4":"343.48","scan":"0.46","track":"0.39","acq_date":"2026-07-26","acq_time":"149","satellite":"N20","instrument":"VIIRS","confidence":"n","version":"2.0NRT","bright_ti5":"299.33","frp":"5.34","daynight":"N","commune":"Lanton","code_insee":"33229","departement":"Gironde","region":"Nouvelle-Aquitaine"}},{"type":"Feature","geometry":{"type":"Point","coordinates":[-0.91046,44.76263]},"properties":{"latitude":"44.76263","longitude":"-0.91046","bright_ti4":"322.83","scan":"0.46","track":"0.39","acq_date":"2026-07-26","acq_time":"149","satellite":"N20","instrument":"VIIRS","confidence":"n","version":"2.0NRT","bright_ti5":"292.77","frp":"11.55","daynight":"N","commune":"Lanton","code_insee":"33229","departement":"Gironde","region":"Nouvelle-Aquitaine"}},{"type":"Feature","geometry":{"type":"Point","coordinates":[-1.03606,44.76266]},"properties":{"latitude":"44.76266","longitude":"-1.03606","bright_ti4":"350.01","scan":"0.46","track":"0.39","acq_date":"2026-07-26","acq_time":"149","satellite":"N20","instrument":"VIIRS","confidence":"n","version":"2.0NRT","bright_ti5":"303.55","frp":"7.66","daynight":"N","commune":"Lanton","code_insee":"33229","departement":"Gironde","region":"Nouvelle-Aquitaine"}},{"type":"Feature","geometry":{"type":"Point","coordinates":[-0.9461,44.76316]},"properties":{"latitude":"44.76316","longitude":"-0.9461","bright_ti4":"330.48","scan":"0.46","track":"0.39","acq_date":"2026-07-26","acq_time":"149","satellite":"N20","instrument":"VIIRS","confidence":"n","version":"2.0NRT","bright_ti5":"295.29","frp":"5.34","daynight":"N","commune":"Lanton","code_insee":"33229","departement":"Gironde","region":"Nouvelle-Aquitaine"}},{"type":"Feature","geometry":{"type":"Point","coordinates":[-0.91625,44.76331]},"properties":{"latitude":"44.76331","longitude":"-0.91625","bright_ti4":"334.23","scan":"0.46","track":"0.39","acq_date":"2026-07-26","acq_time":"149","satellite":"N20","instrument":"VIIRS","confidence":"n","version":"2.0NRT","bright_ti5":"291.38","frp":"4.57","daynight":"N","commune":"Lanton","code_insee":"33229","departement":"Gironde","region":"Nouvelle-Aquitaine"}},{"type":"Feature","geometry":{"type":"Point","coordinates":[-1.04192,44.76334]},"properties":{"latitude":"44.76334","longitude":"-1.04192","bright_ti4":"346.73","scan":"0.46","track":"0.39","acq_date":"2026-07-26","acq_time":"149","satellite":"N20","instrument":"VIIRS","confidence":"n","version":"2.0NRT","bright_ti5":"293.81","frp":"7.66","daynight":"N","commune":"Lanton","code_insee":"33229","departement":"Gironde","region":"Nouvelle-Aquitaine"}},{"type":"Feature","geometry":{"type":"Point","coordinates":[-0.88646,44.76346]},"properties":{"latitude":"44.76346","longitude":"-0.88646","bright_ti4":"302.56","scan":"0.46","track":"0.39","acq_date":"2026-07-26","acq_time":"149","satellite":"N20","instrument":"VIIRS","confidence":"n","version":"2.0NRT","bright_ti5":"287.25","frp":"5.65","daynight":"N","commune":"Lanton","code_insee":"33229","departement":"Gironde","region":"Nouvelle-Aquitaine"}},{"type":"Feature","geometry":{"type":"Point","coordinates":[-1.01187,44.76352]},"properties":{"latitude":"44.76352","longitude":"-1.01187","bright_ti4":"315.88","scan":"0.46","track":"0.39","acq_date":"2026-07-26","acq_time":"149","satellite":"N20","instrument":"VIIRS","confidence":"n","version":"2.0NRT","bright_ti5":"290.51","frp":"2.21","daynight":"N","commune":"Lanton","code_insee":"33229","departement":"Gironde","region":"Nouvelle-Aquitaine"}},{"type":"Feature","geometry":{"type":"Point","coordinates":[-0.9519,44.76385]},"properties":{"latitude":"44.76385","longitude":"-0.9519","bright_ti4":"346.97","scan":"0.46","track":"0.39","acq_date":"2026-07-26","acq_time":"149","satellite":"N20","instrument":"VIIRS","confidence":"n","version":"2.0NRT","bright_ti5":"299.42","frp":"12.33","daynight":"N","commune":"Lanton","code_insee":"33229","departement":"Gironde","region":"Nouvelle-Aquitaine"}},{"type":"Feature","geometry":{"type":"Point","coordinates":[-0.92205,44.764]},"properties":{"latitude":"44.764","longitude":"-0.92205","bright_ti4":"331.95","scan":"0.46","track":"0.39","acq_date":"2026-07-26","acq_time":"149","satellite":"N20","instrument":"VIIRS","confidence":"n","version":"2.0NRT","bright_ti5":"289.65","frp":"4.57","daynight":"N","commune":"Lanton","code_insee":"33229","departement":"Gironde","region":"Nouvelle-Aquitaine"}},{"type":"Feature","geometry":{"type":"Point","coordinates":[-0.89225,44.76414]},"properties":{"latitude":"44.76414","longitude":"-0.89225","bright_ti4":"340.42","scan":"0.46","track":"0.39","acq_date":"2026-07-26","acq_time":"149","satellite":"N20","instrument":"VIIRS","confidence":"n","version":"2.0NRT","bright_ti5":"292.54","frp":"60.72","daynight":"N","commune":"Lanton","code_insee":"33229","departement":"Gironde","region":"Nouvelle-Aquitaine"}},{"type":"Feature","geometry":{"type":"Point","coordinates":[-0.95771,44.76453]},"properties":{"latitude":"44.76453","longitude":"-0.95771","bright_ti4":"351.75","scan":"0.46","track":"0.39","acq_date":"2026-07-26","acq_time":"149","satellite":"N20","instrument":"VIIRS","confidence":"n","version":"2.0NRT","bright_ti5":"310.16","frp":"12.33","daynight":"N","commune":"Lanton","code_insee":"33229","departement":"Gironde","region":"Nouvelle-Aquitaine"}},{"type":"Feature","geometry":{"type":"Point","coordinates":[-0.92784,44.76469]},"properties":{"latitude":"44.76469","longitude":"-0.92784","bright_ti4":"332.59","scan":"0.46","track":"0.39","acq_date":"2026-07-26","acq_time":"149","satellite":"N20","instrument":"VIIRS","confidence":"n","version":"2.0NRT","bright_ti5":"295.73","frp":"5.28","daynight":"N","commune":"Lanton","code_insee":"33229","departement":"Gironde","region":"Nouvelle-Aquitaine"}},{"type":"Feature","geometry":{"type":"Point","coordinates":[-1.05363,44.76471]},"properties":{"latitude":"44.76471","longitude":"-1.05363","bright_ti4":"348.8","scan":"0.46","track":"0.39","acq_date":"2026-07-26","acq_time":"149","satellite":"N20","instrument":"VIIRS","confidence":"n","version":"2.0NRT","bright_ti5":"306.4","frp":"7.68","daynight":"N","commune":"Andernos-les-Bains","code_insee":"33005","departement":"Gironde","region":"Nouvelle-Aquitaine"}},{"type":"Feature","geometry":{"type":"Point","coordinates":[-0.89803,44.76484]},"properties":{"latitude":"44.76484","longitude":"-0.89803","bright_ti4":"346.45","scan":"0.46","track":"0.39","acq_date":"2026-07-26","acq_time":"149","satellite":"N20","instrument":"VIIRS","confidence":"n","version":"2.0NRT","bright_ti5":"306.45","frp":"60.72","daynight":"N","commune":"Lanton","code_insee":"33229","departement":"Gironde","region":"Nouvelle-Aquitaine"}},{"type":"Feature","geometry":{"type":"Point","coordinates":[-0.99351,44.76506]},"properties":{"latitude":"44.76506","longitude":"-0.99351","bright_ti4":"310.39","scan":"0.46","track":"0.39","acq_date":"2026-07-26","acq_time":"149","satellite":"N20","instrument":"VIIRS","confidence":"n","version":"2.0NRT","bright_ti5":"287.91","frp":"1.11","daynight":"N","commune":"Lanton","code_insee":"33229","departement":"Gironde","region":"Nouvelle-Aquitaine"}},{"type":"Feature","geometry":{"type":"Point","coordinates":[-0.96352,44.76522]},"properties":{"latitude":"44.76522","longitude":"-0.96352","bright_ti4":"355.66","scan":"0.46","track":"0.39","acq_date":"2026-07-26","acq_time":"149","satellite":"N20","instrument":"VIIRS","confidence":"n","version":"2.0NRT","bright_ti5":"311.95","frp":"10.92","daynight":"N","commune":"Lanton","code_insee":"33229","departement":"Gironde","region":"Nouvelle-Aquitaine"}},{"type":"Feature","geometry":{"type":"Point","coordinates":[-0.93365,44.76537]},"properties":{"latitude":"44.76537","longitude":"-0.93365","bright_ti4":"340.12","scan":"0.46","track":"0.39","acq_date":"2026-07-26","acq_time":"149","satellite":"N20","instrument":"VIIRS","confidence":"n","version":"2.0NRT","bright_ti5":"298.01","frp":"5.28","daynight":"N","commune":"Lanton","code_insee":"33229","departement":"Gironde","region":"Nouvelle-Aquitaine"}},{"type":"Feature","geometry":{"type":"Point","coordinates":[-1.05949,44.7654]},"properties":{"latitude":"44.7654","longitude":"-1.05949","bright_ti4":"355.72","scan":"0.46","track":"0.39","acq_date":"2026-07-26","acq_time":"149","satellite":"N20","instrument":"VIIRS","confidence":"n","version":"2.0NRT","bright_ti5":"312.27","frp":"10.12","daynight":"N","commune":"Andernos-les-Bains","code_insee":"33005","departement":"Gironde","region":"Nouvelle-Aquitaine"}},{"type":"Feature","geometry":{"type":"Point","coordinates":[-0.90382,44.76552]},"properties":{"latitude":"44.76552","longitude":"-0.90382","bright_ti4":"349.34","scan":"0.46","track":"0.39","acq_date":"2026-07-26","acq_time":"149","satellite":"N20","instrument":"VIIRS","confidence":"n","version":"2.0NRT","bright_ti5":"303.29","frp":"11.55","daynight":"N","commune":"Lanton","code_insee":"33229","departement":"Gironde","region":"Nouvelle-Aquitaine"}},{"type":"Feature","geometry":{"type":"Point","coordinates":[-1.02938,44.76557]},"properties":{"latitude":"44.76557","longitude":"-1.02938","bright_ti4":"322.52","scan":"0.46","track":"0.39","acq_date":"2026-07-26","acq_time":"149","satellite":"N20","instrument":"VIIRS","confidence":"n","version":"2.0NRT","bright_ti5":"292.3","frp":"6.03","daynight":"N","commune":"Lanton","code_insee":"33229","departement":"Gironde","region":"Nouvelle-Aquitaine"}},{"type":"Feature","geometry":{"type":"Point","coordinates":[-0.99934,44.76574]},"properties":{"latitude":"44.76574","longitude":"-0.99934","bright_ti4":"304.02","scan":"0.46","track":"0.39","acq_date":"2026-07-26","acq_time":"149","satellite":"N20","instrument":"VIIRS","confidence":"n","version":"2.0NRT","bright_ti5":"287.64","frp":"1.64","daynight":"N","commune":"Lanton","code_insee":"33229","departement":"Gironde","region":"Nouvelle-Aquitaine"}},{"type":"Feature","geometry":{"type":"Point","coordinates":[-0.96934,44.7659]},"properties":{"latitude":"44.7659","longitude":"-0.96934","bright_ti4":"317.46","scan":"0.46","track":"0.39","acq_date":"2026-07-26","acq_time":"149","satellite":"N20","instrument":"VIIRS","confidence":"n","version":"2.0NRT","bright_ti5":"287.75","frp":"10.92","daynight":"N","commune":"Lanton","code_insee":"33229","departement":"Gironde","region":"Nouvelle-Aquitaine"}},{"type":"Feature","geometry":{"type":"Point","coordinates":[-0.93945,44.76606]},"properties":{"latitude":"44.76606","longitude":"-0.93945","bright_ti4":"335.72","scan":"0.46","track":"0.39","acq_date":"2026-07-26","acq_time":"149","satellite":"N20","instrument":"VIIRS","confidence":"n","version":"2.0NRT","bright_ti5":"296.93","frp":"5.25","daynight":"N","commune":"Lanton","code_insee":"33229","departement":"Gironde","region":"Nouvelle-Aquitaine"}},{"type":"Feature","geometry":{"type":"Point","coordinates":[-1.06536,44.76608]},"properties":{"latitude":"44.76608","longitude":"-1.06536","bright_ti4":"330.17","scan":"0.46","track":"0.39","acq_date":"2026-07-26","acq_time":"149","satellite":"N20","instrument":"VIIRS","confidence":"n","version":"2.0NRT","bright_ti5":"291.52","frp":"10.12","daynight":"N","commune":"Andernos-les-Bains","code_insee":"33005","departement":"Gironde","region":"Nouvelle-Aquitaine"}},{"type":"Feature","geometry":{"type":"Point","coordinates":[-0.90962,44.76621]},"properties":{"latitude":"44.76621","longitude":"-0.90962","bright_ti4":"304.09","scan":"0.46","track":"0.39","acq_date":"2026-07-26","acq_time":"149","satellite":"N20","instrument":"VIIRS","confidence":"n","version":"2.0NRT","bright_ti5":"287.86","frp":"11.55","daynight":"N","commune":"Lanton","code_insee":"33229","departement":"Gironde","region":"Nouvelle-Aquitaine"}},{"type":"Feature","geometry":{"type":"Point","coordinates":[-1.03522,44.76625]},"properties":{"latitude":"44.76625","longitude":"-1.03522","bright_ti4":"320.21","scan":"0.46","track":"0.39","acq_date":"2026-07-26","acq_time":"149","satellite":"N20","instrument":"VIIRS","confidence":"n","version":"2.0NRT","bright_ti5":"291.87","frp":"7.66","daynight":"N","commune":"Lanton","code_insee":"33229","departement":"Gironde","region":"Nouvelle-Aquitaine"}},{"type":"Feature","geometry":{"type":"Point","coordinates":[-0.94526,44.76675]},"properties":{"latitude":"44.76675","longitude":"-0.94526","bright_ti4":"337.11","scan":"0.46","track":"0.39","acq_date":"2026-07-26","acq_time":"149","satellite":"N20","instrument":"VIIRS","confidence":"n","version":"2.0NRT","bright_ti5":"298.01","frp":"5.25","daynight":"N","commune":"Lanton","code_insee":"33229","departement":"Gironde","region":"Nouvelle-Aquitaine"}},{"type":"Feature","geometry":{"type":"Point","coordinates":[-1.04106,44.76694]},"properties":{"latitude":"44.76694","longitude":"-1.04106","bright_ti4":"323.05","scan":"0.46","track":"0.39","acq_date":"2026-07-26","acq_time":"149","satellite":"N20","instrument":"VIIRS","confidence":"n","version":"2.0NRT","bright_ti5":"292.21","frp":"7.66","daynight":"N","commune":"Lanton","code_insee":"33229","departement":"Gironde","region":"Nouvelle-Aquitaine"}},{"type":"Feature","geometry":{"type":"Point","coordinates":[-0.95106,44.76743]},"properties":{"latitude":"44.76743","longitude":"-0.95106","bright_ti4":"339.8","scan":"0.46","track":"0.39","acq_date":"2026-07-26","acq_time":"149","satellite":"N20","instrument":"VIIRS","confidence":"n","version":"2.0NRT","bright_ti5":"298.17","frp":"5.43","daynight":"N","commune":"Lanton","code_insee":"33229","departement":"Gironde","region":"Nouvelle-Aquitaine"}},{"type":"Feature","geometry":{"type":"Point","coordinates":[-1.04692,44.76762]},"properties":{"latitude":"44.76762","longitude":"-1.04692","bright_ti4":"316.95","scan":"0.46","track":"0.39","acq_date":"2026-07-26","acq_time":"149","satellite":"N20","instrument":"VIIRS","confidence":"n","version":"2.0NRT","bright_ti5":"291.91","frp":"7.68","daynight":"N","commune":"Lanton","code_insee":"33229","departement":"Gironde","region":"Nouvelle-Aquitaine"}},{"type":"Feature","geometry":{"type":"Point","coordinates":[-0.89139,44.76772]},"properties":{"latitude":"44.76772","longitude":"-0.89139","bright_ti4":"301.9","scan":"0.46","track":"0.39","acq_date":"2026-07-26","acq_time":"149","satellite":"N20","instrument":"VIIRS","confidence":"n","version":"2.0NRT","bright_ti5":"286.76","frp":"0.65","daynight":"N","commune":"Lanton","code_insee":"33229","departement":"Gironde","region":"Nouvelle-Aquitaine"}},{"type":"Feature","geometry":{"type":"Point","coordinates":[-1.01685,44.7678]},"properties":{"latitude":"44.7678","longitude":"-1.01685","bright_ti4":"325.88","scan":"0.46","track":"0.39","acq_date":"2026-07-26","acq_time":"149","satellite":"N20","instrument":"VIIRS","confidence":"n","version":"2.0NRT","bright_ti5":"288.45","frp":"4.01","daynight":"N","commune":"Lanton","code_insee":"33229","departement":"Gironde","region":"Nouvelle-Aquitaine"}},{"type":"Feature","geometry":{"type":"Point","coordinates":[-0.95687,44.76812]},"properties":{"latitude":"44.76812","longitude":"-0.95687","bright_ti4":"331.96","scan":"0.46","track":"0.39","acq_date":"2026-07-26","acq_time":"149","satellite":"N20","instrument":"VIIRS","confidence":"n","version":"2.0NRT","bright_ti5":"294.52","frp":"5.43","daynight":"N","commune":"Lanton","code_insee":"33229","departement":"Gironde","region":"Nouvelle-Aquitaine"}},{"type":"Feature","geometry":{"type":"Point","coordinates":[-0.927,44.76827]},"properties":{"latitude":"44.76827","longitude":"-0.927","bright_ti4":"330.89","scan":"0.46","track":"0.39","acq_date":"2026-07-26","acq_time":"149","satellite":"N20","instrument":"VIIRS","confidence":"n","version":"2.0NRT","bright_ti5":"295.54","frp":"5.28","daynight":"N","commune":"Lanton","code_insee":"33229","departement":"Gironde","region":"Nouvelle-Aquitaine"}},{"type":"Feature","geometry":{"type":"Point","coordinates":[-1.05278,44.76831]},"properties":{"latitude":"44.76831","longitude":"-1.05278","bright_ti4":"315.59","scan":"0.46","track":"0.39","acq_date":"2026-07-26","acq_time":"149","satellite":"N20","instrument":"VIIRS","confidence":"n","version":"2.0NRT","bright_ti5":"290.33","frp":"7.68","daynight":"N","commune":"Andernos-les-Bains","code_insee":"33005","departement":"Gironde","region":"Nouvelle-Aquitaine"}},{"type":"Feature","geometry":{"type":"Point","coordinates":[-0.89718,44.76841]},"properties":{"latitude":"44.76841","longitude":"-0.89718","bright_ti4":"305.95","scan":"0.46","track":"0.39","acq_date":"2026-07-26","acq_time":"149","satellite":"N20","instrument":"VIIRS","confidence":"n","version":"2.0NRT","bright_ti5":"286.98","frp":"0.65","daynight":"N","commune":"Lanton","code_insee":"33229","departement":"Gironde","region":"Nouvelle-Aquitaine"}},{"type":"Feature","geometry":{"type":"Point","coordinates":[-0.99266,44.76865]},"properties":{"latitude":"44.76865","longitude":"-0.99266","bright_ti4":"310.76","scan":"0.46","track":"0.39","acq_date":"2026-07-26","acq_time":"149","satellite":"N20","instrument":"VIIRS","confidence":"n","version":"2.0NRT","bright_ti5":"288.28","frp":"1.11","daynight":"N","commune":"Lanton","code_insee":"33229","departement":"Gironde","region":"Nouvelle-Aquitaine"}},{"type":"Feature","geometry":{"type":"Point","coordinates":[-0.96267,44.76881]},"properties":{"latitude":"44.76881","longitude":"-0.96267","bright_ti4":"353.06","scan":"0.46","track":"0.39","acq_date":"2026-07-26","acq_time":"149","satellite":"N20","instrument":"VIIRS","confidence":"n","version":"2.0NRT","bright_ti5":"304.73","frp":"5.52","daynight":"N","commune":"Lanton","code_insee":"33229","departement":"Gironde","region":"Nouvelle-Aquitaine"}},{"type":"Feature","geometry":{"type":"Point","coordinates":[-0.9328,44.76896]},"properties":{"latitude":"44.76896","longitude":"-0.9328","bright_ti4":"333.96","scan":"0.46","track":"0.39","acq_date":"2026-07-26","acq_time":"149","satellite":"N20","instrument":"VIIRS","confidence":"n","version":"2.0NRT","bright_ti5":"295.49","frp":"5.28","daynight":"N","commune":"Lanton","code_insee":"33229","departement":"Gironde","region":"Nouvelle-Aquitaine"}},{"type":"Feature","geometry":{"type":"Point","coordinates":[-1.05864,44.76899]},"properties":{"latitude":"44.76899","longitude":"-1.05864","bright_ti4":"320.23","scan":"0.46","track":"0.39","acq_date":"2026-07-26","acq_time":"149","satellite":"N20","instrument":"VIIRS","confidence":"n","version":"2.0NRT","bright_ti5":"288.71","frp":"10.12","daynight":"N","commune":"Andernos-les-Bains","code_insee":"33005","departement":"Gironde","region":"Nouvelle-Aquitaine"}},{"type":"Feature","geometry":{"type":"Point","coordinates":[-0.96849,44.76949]},"properties":{"latitude":"44.76949","longitude":"-0.96849","bright_ti4":"339.88","scan":"0.46","track":"0.39","acq_date":"2026-07-26","acq_time":"149","satellite":"N20","instrument":"VIIRS","confidence":"n","version":"2.0NRT","bright_ti5":"294.56","frp":"5.52","daynight":"N","commune":"Lanton","code_insee":"33229","departement":"Gironde","region":"Nouvelle-Aquitaine"}},{"type":"Feature","geometry":{"type":"Point","coordinates":[-0.93861,44.76964]},"properties":{"latitude":"44.76964","longitude":"-0.93861","bright_ti4":"329.37","scan":"0.46","track":"0.39","acq_date":"2026-07-26","acq_time":"149","satellite":"N20","instrument":"VIIRS","confidence":"n","version":"2.0NRT","bright_ti5":"295.77","frp":"5.25","daynight":"N","commune":"Lanton","code_insee":"33229","departement":"Gironde","region":"Nouvelle-Aquitaine"}},{"type":"Feature","geometry":{"type":"Point","coordinates":[-1.06451,44.76968]},"properties":{"latitude":"44.76968","longitude":"-1.06451","bright_ti4":"302.52","scan":"0.46","track":"0.39","acq_date":"2026-07-26","acq_time":"149","satellite":"N20","instrument":"VIIRS","confidence":"n","version":"2.0NRT","bright_ti5":"288.53","frp":"10.12","daynight":"N","commune":"Andernos-les-Bains","code_insee":"33005","departement":"Gironde","region":"Nouvelle-Aquitaine"}},{"type":"Feature","geometry":{"type":"Point","coordinates":[-0.94442,44.77033]},"properties":{"latitude":"44.77033","longitude":"-0.94442","bright_ti4":"334.34","scan":"0.46","track":"0.39","acq_date":"2026-07-26","acq_time":"149","satellite":"N20","instrument":"VIIRS","confidence":"n","version":"2.0NRT","bright_ti5":"297.68","frp":"5.25","daynight":"N","commune":"Lanton","code_insee":"33229","departement":"Gironde","region":"Nouvelle-Aquitaine"}},{"type":"Feature","geometry":{"type":"Point","coordinates":[-0.98015,44.77087]},"properties":{"latitude":"44.77087","longitude":"-0.98015","bright_ti4":"322.75","scan":"0.46","track":"0.39","acq_date":"2026-07-26","acq_time":"149","satellite":"N20","instrument":"VIIRS","confidence":"n","version":"2.0NRT","bright_ti5":"288.91","frp":"2.26","daynight":"N","commune":"Lanton","code_insee":"33229","departement":"Gironde","region":"Nouvelle-Aquitaine"}},{"type":"Feature","geometry":{"type":"Point","coordinates":[-0.95022,44.77102]},"properties":{"latitude":"44.77102","longitude":"-0.95022","bright_ti4":"343.4","scan":"0.46","track":"0.39","acq_date":"2026-07-26","acq_time":"149","satellite":"N20","instrument":"VIIRS","confidence":"n","version":"2.0NRT","bright_ti5":"300.52","frp":"5.43","daynight":"N","commune":"Lanton","code_insee":"33229","departement":"Gironde","region":"Nouvelle-Aquitaine"}},{"type":"Feature","geometry":{"type":"Point","coordinates":[-0.89054,44.7713]},"properties":{"latitude":"44.7713","longitude":"-0.89054","bright_ti4":"301.27","scan":"0.46","track":"0.39","acq_date":"2026-07-26","acq_time":"149","satellite":"N20","instrument":"VIIRS","confidence":"n","version":"2.0NRT","bright_ti5":"287.27","frp":"0.65","daynight":"N","commune":"Lanton","code_insee":"33229","departement":"Gironde","region":"Nouvelle-Aquitaine"}},{"type":"Feature","geometry":{"type":"Point","coordinates":[-1.11237,44.77155]},"properties":{"latitude":"44.77155","longitude":"-1.11237","bright_ti4":"300.63","scan":"0.47","track":"0.39","acq_date":"2026-07-26","acq_time":"149","satellite":"N20","instrument":"VIIRS","confidence":"n","version":"2.0NRT","bright_ti5":"287.06","frp":"16.32","daynight":"N","commune":"Arès","code_insee":"33011","departement":"Gironde","region":"Nouvelle-Aquitaine"}},{"type":"Feature","geometry":{"type":"Point","coordinates":[-0.98598,44.77155]},"properties":{"latitude":"44.77155","longitude":"-0.98598","bright_ti4":"302.89","scan":"0.46","track":"0.39","acq_date":"2026-07-26","acq_time":"149","satellite":"N20","instrument":"VIIRS","confidence":"n","version":"2.0NRT","bright_ti5":"287.42","frp":"0.62","daynight":"N","commune":"Lanton","code_insee":"33229","departement":"Gironde","region":"Nouvelle-Aquitaine"}},{"type":"Feature","geometry":{"type":"Point","coordinates":[-0.95603,44.77171]},"properties":{"latitude":"44.77171","longitude":"-0.95603","bright_ti4":"322.89","scan":"0.46","track":"0.39","acq_date":"2026-07-26","acq_time":"149","satellite":"N20","instrument":"VIIRS","confidence":"n","version":"2.0NRT","bright_ti5":"292.82","frp":"5.43","daynight":"N","commune":"Lanton","code_insee":"33229","departement":"Gironde","region":"Nouvelle-Aquitaine"}},{"type":"Feature","geometry":{"type":"Point","coordinates":[-0.96183,44.77239]},"properties":{"latitude":"44.77239","longitude":"-0.96183","bright_ti4":"311.49","scan":"0.46","track":"0.39","acq_date":"2026-07-26","acq_time":"149","satellite":"N20","instrument":"VIIRS","confidence":"n","version":"2.0NRT","bright_ti5":"289.91","frp":"5.52","daynight":"N","commune":"Lanton","code_insee":"33229","departement":"Gironde","region":"Nouvelle-Aquitaine"}},{"type":"Feature","geometry":{"type":"Point","coordinates":[-0.93195,44.77254]},"properties":{"latitude":"44.77254","longitude":"-0.93195","bright_ti4":"332.95","scan":"0.46","track":"0.39","acq_date":"2026-07-26","acq_time":"149","satellite":"N20","instrument":"VIIRS","confidence":"n","version":"2.0NRT","bright_ti5":"295.37","frp":"4.55","daynight":"N","commune":"Lanton","code_insee":"33229","departement":"Gironde","region":"Nouvelle-Aquitaine"}},{"type":"Feature","geometry":{"type":"Point","coordinates":[-0.96764,44.77308]},"properties":{"latitude":"44.77308","longitude":"-0.96764","bright_ti4":"328.31","scan":"0.46","track":"0.39","acq_date":"2026-07-26","acq_time":"149","satellite":"N20","instrument":"VIIRS","confidence":"n","version":"2.0NRT","bright_ti5":"293.35","frp":"5.52","daynight":"N","commune":"Lanton","code_insee":"33229","departement":"Gironde","region":"Nouvelle-Aquitaine"}},{"type":"Feature","geometry":{"type":"Point","coordinates":[-0.93776,44.77322]},"properties":{"latitude":"44.77322","longitude":"-0.93776","bright_ti4":"339.25","scan":"0.46","track":"0.39","acq_date":"2026-07-26","acq_time":"149","satellite":"N20","instrument":"VIIRS","confidence":"n","version":"2.0NRT","bright_ti5":"297.74","frp":"5.83","daynight":"N","commune":"Lanton","code_insee":"33229","departement":"Gironde","region":"Nouvelle-Aquitaine"}},{"type":"Feature","geometry":{"type":"Point","coordinates":[-0.97346,44.77377]},"properties":{"latitude":"44.77377","longitude":"-0.97346","bright_ti4":"303.81","scan":"0.46","track":"0.39","acq_date":"2026-07-26","acq_time":"149","satellite":"N20","instrument":"VIIRS","confidence":"n","version":"2.0NRT","bright_ti5":"288.87","frp":"2.26","daynight":"N","commune":"Lanton","code_insee":"33229","departement":"Gironde","region":"Nouvelle-Aquitaine"}},{"type":"Feature","geometry":{"type":"Point","coordinates":[-0.94357,44.77391]},"properties":{"latitude":"44.77391","longitude":"-0.94357","bright_ti4":"332.98","scan":"0.46","track":"0.39","acq_date":"2026-07-26","acq_time":"149","satellite":"N20","instrument":"VIIRS","confidence":"n","version":"2.0NRT","bright_ti5":"296.55","frp":"5.83","daynight":"N","commune":"Lanton","code_insee":"33229","departement":"Gironde","region":"Nouvelle-Aquitaine"}},{"type":"Feature","geometry":{"type":"Point","coordinates":[-1.10563,44.77447]},"properties":{"latitude":"44.77447","longitude":"-1.10563","bright_ti4":"347.3","scan":"0.47","track":"0.39","acq_date":"2026-07-26","acq_time":"149","satellite":"N20","instrument":"VIIRS","confidence":"n","version":"2.0NRT","bright_ti5":"303.58","frp":"16.32","daynight":"N","commune":"Arès","code_insee":"33011","departement":"Gironde","region":"Nouvelle-Aquitaine"}},{"type":"Feature","geometry":{"type":"Point","coordinates":[-1.20257,44.77454]},"properties":{"latitude":"44.77454","longitude":"-1.20257","bright_ti4":"299.69","scan":"0.47","track":"0.4","acq_date":"2026-07-26","acq_time":"149","satellite":"N20","instrument":"VIIRS","confidence":"n","version":"2.0NRT","bright_ti5":"286.71","frp":"1.89","daynight":"N","commune":"Lège-Cap-Ferret","code_insee":"33236","departement":"Gironde","region":"Nouvelle-Aquitaine"}},{"type":"Feature","geometry":{"type":"Point","coordinates":[-0.94938,44.7746]},"properties":{"latitude":"44.7746","longitude":"-0.94938","bright_ti4":"326.11","scan":"0.46","track":"0.39","acq_date":"2026-07-26","acq_time":"149","satellite":"N20","instrument":"VIIRS","confidence":"n","version":"2.0NRT","bright_ti5":"295.23","frp":"2.48","daynight":"N","commune":"Lanton","code_insee":"33229","departement":"Gironde","region":"Nouvelle-Aquitaine"}},{"type":"Feature","geometry":{"type":"Point","coordinates":[-1.11152,44.77515]},"properties":{"latitude":"44.77515","longitude":"-1.11152","bright_ti4":"352.83","scan":"0.47","track":"0.39","acq_date":"2026-07-26","acq_time":"149","satellite":"N20","instrument":"VIIRS","confidence":"n","version":"2.0NRT","bright_ti5":"309.55","frp":"16.32","daynight":"N","commune":"Arès","code_insee":"33011","departement":"Gironde","region":"Nouvelle-Aquitaine"}},{"type":"Feature","geometry":{"type":"Point","coordinates":[-1.2085,44.77522]},"properties":{"latitude":"44.77522","longitude":"-1.2085","bright_ti4":"303.45","scan":"0.47","track":"0.4","acq_date":"2026-07-26","acq_time":"149","satellite":"N20","instrument":"VIIRS","confidence":"n","version":"2.0NRT","bright_ti5":"287.41","frp":"1.89","daynight":"N","commune":"Lège-Cap-Ferret","code_insee":"33236","departement":"Gironde","region":"Nouvelle-Aquitaine"}},{"type":"Feature","geometry":{"type":"Point","coordinates":[-0.95518,44.77529]},"properties":{"latitude":"44.77529","longitude":"-0.95518","bright_ti4":"306.24","scan":"0.46","track":"0.39","acq_date":"2026-07-26","acq_time":"149","satellite":"N20","instrument":"VIIRS","confidence":"n","version":"2.0NRT","bright_ti5":"288.87","frp":"2.48","daynight":"N","commune":"Lanton","code_insee":"33229","departement":"Gironde","region":"Nouvelle-Aquitaine"}},{"type":"Feature","geometry":{"type":"Point","coordinates":[-1.11741,44.77584]},"properties":{"latitude":"44.77584","longitude":"-1.11741","bright_ti4":"330.92","scan":"0.47","track":"0.39","acq_date":"2026-07-26","acq_time":"149","satellite":"N20","instrument":"VIIRS","confidence":"n","version":"2.0NRT","bright_ti5":"290.51","frp":"9.71","daynight":"N","commune":"Arès","code_insee":"33011","departement":"Gironde","region":"Nouvelle-Aquitaine"}},{"type":"Feature","geometry":{"type":"Point","coordinates":[-1.21442,44.7759]},"properties":{"latitude":"44.7759","longitude":"-1.21442","bright_ti4":"326.17","scan":"0.47","track":"0.4","acq_date":"2026-07-26","acq_time":"149","satellite":"N20","instrument":"VIIRS","confidence":"n","version":"2.0NRT","bright_ti5":"290.32","frp":"1.96","daynight":"N","commune":"Lège-Cap-Ferret","code_insee":"33236","departement":"Gironde","region":"Nouvelle-Aquitaine"}},{"type":"Feature","geometry":{"type":"Point","coordinates":[-0.96099,44.77598]},"properties":{"latitude":"44.77598","longitude":"-0.96099","bright_ti4":"303.45","scan":"0.46","track":"0.39","acq_date":"2026-07-26","acq_time":"149","satellite":"N20","instrument":"VIIRS","confidence":"n","version":"2.0NRT","bright_ti5":"289.24","frp":"1.35","daynight":"N","commune":"Lanton","code_insee":"33229","departement":"Gironde","region":"Nouvelle-Aquitaine"}},{"type":"Feature","geometry":{"type":"Point","coordinates":[-0.9311,44.77612]},"properties":{"latitude":"44.77612","longitude":"-0.9311","bright_ti4":"325.01","scan":"0.46","track":"0.39","acq_date":"2026-07-26","acq_time":"149","satellite":"N20","instrument":"VIIRS","confidence":"n","version":"2.0NRT","bright_ti5":"292.07","frp":"4.55","daynight":"N","commune":"Lanton","code_insee":"33229","departement":"Gironde","region":"Nouvelle-Aquitaine"}},{"type":"Feature","geometry":{"type":"Point","coordinates":[-1.22038,44.77659]},"properties":{"latitude":"44.77659","longitude":"-1.22038","bright_ti4":"306.38","scan":"0.47","track":"0.4","acq_date":"2026-07-26","acq_time":"149","satellite":"N20","instrument":"VIIRS","confidence":"n","version":"2.0NRT","bright_ti5":"285.6","frp":"1.96","daynight":"N","commune":"Lège-Cap-Ferret","code_insee":"33236","departement":"Gironde","region":"Nouvelle-Aquitaine"}},{"type":"Feature","geometry":{"type":"Point","coordinates":[-0.9668,44.77667]},"properties":{"latitude":"44.77667","longitude":"-0.9668","bright_ti4":"308.26","scan":"0.46","track":"0.39","acq_date":"2026-07-26","acq_time":"149","satellite":"N20","instrument":"VIIRS","confidence":"n","version":"2.0NRT","bright_ti5":"289.35","frp":"1.35","daynight":"N","commune":"Lanton","code_insee":"33229","departement":"Gironde","region":"Nouvelle-Aquitaine"}},{"type":"Feature","geometry":{"type":"Point","coordinates":[-0.93691,44.77681]},"properties":{"latitude":"44.77681","longitude":"-0.93691","bright_ti4":"336.96","scan":"0.46","track":"0.39","acq_date":"2026-07-26","acq_time":"149","satellite":"N20","instrument":"VIIRS","confidence":"n","version":"2.0NRT","bright_ti5":"295.86","frp":"5.83","daynight":"N","commune":"Lanton","code_insee":"33229","departement":"Gironde","region":"Nouvelle-Aquitaine"}},{"type":"Feature","geometry":{"type":"Point","coordinates":[-1.15957,44.77701]},"properties":{"latitude":"44.77701","longitude":"-1.15957","bright_ti4":"308.95","scan":"0.47","track":"0.4","acq_date":"2026-07-26","acq_time":"149","satellite":"N20","instrument":"VIIRS","confidence":"n","version":"2.0NRT","bright_ti5":"287.97","frp":"1.13","daynight":"N","commune":"Lège-Cap-Ferret","code_insee":"33236","departement":"Gironde","region":"Nouvelle-Aquitaine"}},{"type":"Feature","geometry":{"type":"Point","coordinates":[-1.19582,44.77748]},"properties":{"latitude":"44.77748","longitude":"-1.19582","bright_ti4":"308.64","scan":"0.47","track":"0.4","acq_date":"2026-07-26","acq_time":"149","satellite":"N20","instrument":"VIIRS","confidence":"n","version":"2.0NRT","bright_ti5":"286.44","frp":"1.85","daynight":"N","commune":"Lège-Cap-Ferret","code_insee":"33236","departement":"Gironde","region":"Nouvelle-Aquitaine"}},{"type":"Feature","geometry":{"type":"Point","coordinates":[-0.94273,44.7775]},"properties":{"latitude":"44.7775","longitude":"-0.94273","bright_ti4":"338.58","scan":"0.46","track":"0.39","acq_date":"2026-07-26","acq_time":"149","satellite":"N20","instrument":"VIIRS","confidence":"n","version":"2.0NRT","bright_ti5":"298.23","frp":"5.83","daynight":"N","commune":"Lanton","code_insee":"33229","departement":"Gironde","region":"Nouvelle-Aquitaine"}},{"type":"Feature","geometry":{"type":"Point","coordinates":[-1.10478,44.77807]},"properties":{"latitude":"44.77807","longitude":"-1.10478","bright_ti4":"303.91","scan":"0.47","track":"0.39","acq_date":"2026-07-26","acq_time":"149","satellite":"N20","instrument":"VIIRS","confidence":"n","version":"2.0NRT","bright_ti5":"287.91","frp":"1.53","daynight":"N","commune":"Arès","code_insee":"33011","departement":"Gironde","region":"Nouvelle-Aquitaine"}},{"type":"Feature","geometry":{"type":"Point","coordinates":[-1.20172,44.77816]},"properties":{"latitude":"44.77816","longitude":"-1.20172","bright_ti4":"328.64","scan":"0.47","track":"0.4","acq_date":"2026-07-26","acq_time":"149","satellite":"N20","instrument":"VIIRS","confidence":"n","version":"2.0NRT","bright_ti5":"290.63","frp":"1.89","daynight":"N","commune":"Lège-Cap-Ferret","code_insee":"33236","departement":"Gironde","region":"Nouvelle-Aquitaine"}},{"type":"Feature","geometry":{"type":"Point","coordinates":[-0.94853,44.77819]},"properties":{"latitude":"44.77819","longitude":"-0.94853","bright_ti4":"314.54","scan":"0.46","track":"0.39","acq_date":"2026-07-26","acq_time":"149","satellite":"N20","instrument":"VIIRS","confidence":"n","version":"2.0NRT","bright_ti5":"291.6","frp":"2.48","daynight":"N","commune":"Lanton","code_insee":"33229","departement":"Gironde","region":"Nouvelle-Aquitaine"}},{"type":"Feature","geometry":{"type":"Point","coordinates":[-1.11067,44.77876]},"properties":{"latitude":"44.77876","longitude":"-1.11067","bright_ti4":"311.48","scan":"0.47","track":"0.39","acq_date":"2026-07-26","acq_time":"149","satellite":"N20","instrument":"VIIRS","confidence":"n","version":"2.0NRT","bright_ti5":"291.43","frp":"1.53","daynight":"N","commune":"Arès","code_insee":"33011","departement":"Gironde","region":"Nouvelle-Aquitaine"}},{"type":"Feature","geometry":{"type":"Point","coordinates":[-1.11656,44.77945]},"properties":{"latitude":"44.77945","longitude":"-1.11656","bright_ti4":"329.35","scan":"0.47","track":"0.39","acq_date":"2026-07-26","acq_time":"149","satellite":"N20","instrument":"VIIRS","confidence":"n","version":"2.0NRT","bright_ti5":"294.54","frp":"7.66","daynight":"N","commune":"Arès","code_insee":"33011","departement":"Gironde","region":"Nouvelle-Aquitaine"}},{"type":"Feature","geometry":{"type":"Point","coordinates":[-1.21358,44.77953]},"properties":{"latitude":"44.77953","longitude":"-1.21358","bright_ti4":"299.65","scan":"0.47","track":"0.4","acq_date":"2026-07-26","acq_time":"149","satellite":"N20","instrument":"VIIRS","confidence":"n","version":"2.0NRT","bright_ti5":"287.07","frp":"1.96","daynight":"N","commune":"Lège-Cap-Ferret","code_insee":"33236","departement":"Gironde","region":"Nouvelle-Aquitaine"}},{"type":"Feature","geometry":{"type":"Point","coordinates":[-0.93025,44.7797]},"properties":{"latitude":"44.7797","longitude":"-0.93025","bright_ti4":"307.86","scan":"0.46","track":"0.39","acq_date":"2026-07-26","acq_time":"149","satellite":"N20","instrument":"VIIRS","confidence":"n","version":"2.0NRT","bright_ti5":"288.48","frp":"3.65","daynight":"N","commune":"Lanton","code_insee":"33229","departement":"Gironde","region":"Nouvelle-Aquitaine"}},{"type":"Feature","geometry":{"type":"Point","coordinates":[-1.12245,44.78013]},"properties":{"latitude":"44.78013","longitude":"-1.12245","bright_ti4":"351.13","scan":"0.47","track":"0.4","acq_date":"2026-07-26","acq_time":"149","satellite":"N20","instrument":"VIIRS","confidence":"n","version":"2.0NRT","bright_ti5":"299.22","frp":"7.66","daynight":"N","commune":"Arès","code_insee":"33011","departement":"Gironde","region":"Nouvelle-Aquitaine"}},{"type":"Feature","geometry":{"type":"Point","coordinates":[-0.93606,44.78039]},"properties":{"latitude":"44.78039","longitude":"-0.93606","bright_ti4":"354.92","scan":"0.46","track":"0.39","acq_date":"2026-07-26","acq_time":"149","satellite":"N20","instrument":"VIIRS","confidence":"n","version":"2.0NRT","bright_ti5":"299.22","frp":"16.17","daynight":"N","commune":"Lanton","code_insee":"33229","departement":"Gironde","region":"Nouvelle-Aquitaine"}},{"type":"Feature","geometry":{"type":"Point","coordinates":[-1.22549,44.7809]},"properties":{"latitude":"44.7809","longitude":"-1.22549","bright_ti4":"310.09","scan":"0.47","track":"0.4","acq_date":"2026-07-26","acq_time":"149","satellite":"N20","instrument":"VIIRS","confidence":"n","version":"2.0NRT","bright_ti5":"288.46","frp":"1.54","daynight":"N","commune":"Lège-Cap-Ferret","code_insee":"33236","departement":"Gironde","region":"Nouvelle-Aquitaine"}},{"type":"Feature","geometry":{"type":"Point","coordinates":[-0.94188,44.78108]},"properties":{"latitude":"44.78108","longitude":"-0.94188","bright_ti4":"345.78","scan":"0.46","track":"0.39","acq_date":"2026-07-26","acq_time":"149","satellite":"N20","instrument":"VIIRS","confidence":"n","version":"2.0NRT","bright_ti5":"293.64","frp":"16.17","daynight":"N","commune":"Lanton","code_insee":"33229","departement":"Gironde","region":"Nouvelle-Aquitaine"}},{"type":"Feature","geometry":{"type":"Point","coordinates":[-0.98343,44.78232]},"properties":{"latitude":"44.78232","longitude":"-0.98343","bright_ti4":"304.33","scan":"0.46","track":"0.39","acq_date":"2026-07-26","acq_time":"149","satellite":"N20","instrument":"VIIRS","confidence":"n","version":"2.0NRT","bright_ti5":"290.01","frp":"1.62","daynight":"N","commune":"Lanton","code_insee":"33229","departement":"Gironde","region":"Nouvelle-Aquitaine"}},{"type":"Feature","geometry":{"type":"Point","coordinates":[-0.9593,44.78315]},"properties":{"latitude":"44.78315","longitude":"-0.9593","bright_ti4":"316.76","scan":"0.46","track":"0.39","acq_date":"2026-07-26","acq_time":"149","satellite":"N20","instrument":"VIIRS","confidence":"n","version":"2.0NRT","bright_ti5":"290.89","frp":"1.92","daynight":"N","commune":"Lanton","code_insee":"33229","departement":"Gironde","region":"Nouvelle-Aquitaine"}},{"type":"Feature","geometry":{"type":"Point","coordinates":[-0.98757,44.79019]},"properties":{"latitude":"44.79019","longitude":"-0.98757","bright_ti4":"307.49","scan":"0.46","track":"0.39","acq_date":"2026-07-26","acq_time":"149","satellite":"N20","instrument":"VIIRS","confidence":"n","version":"2.0NRT","bright_ti5":"289.71","frp":"2.5","daynight":"N","commune":"Lanton","code_insee":"33229","departement":"Gironde","region":"Nouvelle-Aquitaine"}},{"type":"Feature","geometry":{"type":"Point","coordinates":[-0.98588,44.79737]},"properties":{"latitude":"44.79737","longitude":"-0.98588","bright_ti4":"303.5","scan":"0.46","track":"0.39","acq_date":"2026-07-26","acq_time":"149","satellite":"N20","instrument":"VIIRS","confidence":"n","version":"2.0NRT","bright_ti5":"289.25","frp":"2.65","daynight":"N","commune":"Lanton","code_insee":"33229","departement":"Gironde","region":"Nouvelle-Aquitaine"}},{"type":"Feature","geometry":{"type":"Point","coordinates":[-1.09972,44.79971]},"properties":{"latitude":"44.79971","longitude":"-1.09972","bright_ti4":"334.62","scan":"0.47","track":"0.39","acq_date":"2026-07-26","acq_time":"149","satellite":"N20","instrument":"VIIRS","confidence":"n","version":"2.0NRT","bright_ti5":"290","frp":"13.55","daynight":"N","commune":"Arès","code_insee":"33011","departement":"Gironde","region":"Nouvelle-Aquitaine"}},{"type":"Feature","geometry":{"type":"Point","coordinates":[-0.98502,44.80096]},"properties":{"latitude":"44.80096","longitude":"-0.98502","bright_ti4":"302.32","scan":"0.46","track":"0.39","acq_date":"2026-07-26","acq_time":"149","satellite":"N20","instrument":"VIIRS","confidence":"n","version":"2.0NRT","bright_ti5":"288.16","frp":"1.63","daynight":"N","commune":"Lanton","code_insee":"33229","departement":"Gironde","region":"Nouvelle-Aquitaine"}},{"type":"Feature","geometry":{"type":"Point","coordinates":[-1.22044,44.80264]},"properties":{"latitude":"44.80264","longitude":"-1.22044","bright_ti4":"300.44","scan":"0.47","track":"0.4","acq_date":"2026-07-26","acq_time":"149","satellite":"N20","instrument":"VIIRS","confidence":"n","version":"2.0NRT","bright_ti5":"287.38","frp":"0.7","daynight":"N","commune":"Lège-Cap-Ferret","code_insee":"33236","departement":"Gironde","region":"Nouvelle-Aquitaine"}},{"type":"Feature","geometry":{"type":"Point","coordinates":[-1.09887,44.80332]},"properties":{"latitude":"44.80332","longitude":"-1.09887","bright_ti4":"354.85","scan":"0.47","track":"0.39","acq_date":"2026-07-26","acq_time":"149","satellite":"N20","instrument":"VIIRS","confidence":"n","version":"2.0NRT","bright_ti5":"296.66","frp":"13.55","daynight":"N","commune":"Arès","code_insee":"33011","departement":"Gironde","region":"Nouvelle-Aquitaine"}},{"type":"Feature","geometry":{"type":"Point","coordinates":[-0.98418,44.80455]},"properties":{"latitude":"44.80455","longitude":"-0.98418","bright_ti4":"306.53","scan":"0.46","track":"0.39","acq_date":"2026-07-26","acq_time":"149","satellite":"N20","instrument":"VIIRS","confidence":"n","version":"2.0NRT","bright_ti5":"290.67","frp":"1.63","daynight":"N","commune":"Lanton","code_insee":"33229","departement":"Gironde","region":"Nouvelle-Aquitaine"}},{"type":"Feature","geometry":{"type":"Point","coordinates":[-0.99001,44.80524]},"properties":{"latitude":"44.80524","longitude":"-0.99001","bright_ti4":"303.05","scan":"0.46","track":"0.39","acq_date":"2026-07-26","acq_time":"149","satellite":"N20","instrument":"VIIRS","confidence":"n","version":"2.0NRT","bright_ti5":"288.91","frp":"1.1","daynight":"N","commune":"Lanton","code_insee":"33229","departement":"Gironde","region":"Nouvelle-Aquitaine"}},{"type":"Feature","geometry":{"type":"Point","coordinates":[-1.09214,44.80623]},"properties":{"latitude":"44.80623","longitude":"-1.09214","bright_ti4":"351.31","scan":"0.47","track":"0.39","acq_date":"2026-07-26","acq_time":"149","satellite":"N20","instrument":"VIIRS","confidence":"n","version":"2.0NRT","bright_ti5":"297.55","frp":"19.67","daynight":"N","commune":"Arès","code_insee":"33011","departement":"Gironde","region":"Nouvelle-Aquitaine"}},{"type":"Feature","geometry":{"type":"Point","coordinates":[-1.2196,44.80626]},"properties":{"latitude":"44.80626","longitude":"-1.2196","bright_ti4":"300.57","scan":"0.47","track":"0.4","acq_date":"2026-07-26","acq_time":"149","satellite":"N20","instrument":"VIIRS","confidence":"n","version":"2.0NRT","bright_ti5":"287.14","frp":"0.72","daynight":"N","commune":"Lège-Cap-Ferret","code_insee":"33236","departement":"Gironde","region":"Nouvelle-Aquitaine"}},{"type":"Feature","geometry":{"type":"Point","coordinates":[-1.09803,44.80693]},"properties":{"latitude":"44.80693","longitude":"-1.09803","bright_ti4":"336.46","scan":"0.47","track":"0.39","acq_date":"2026-07-26","acq_time":"149","satellite":"N20","instrument":"VIIRS","confidence":"n","version":"2.0NRT","bright_ti5":"291.48","frp":"13.03","daynight":"N","commune":"Lège-Cap-Ferret","code_insee":"33236","departement":"Gironde","region":"Nouvelle-Aquitaine"}},{"type":"Feature","geometry":{"type":"Point","coordinates":[-1.21875,44.80988]},"properties":{"latitude":"44.80988","longitude":"-1.21875","bright_ti4":"303.22","scan":"0.47","track":"0.4","acq_date":"2026-07-26","acq_time":"149","satellite":"N20","instrument":"VIIRS","confidence":"n","version":"2.0NRT","bright_ti5":"287.78","frp":"0.72","daynight":"N","commune":"Le Porge","code_insee":"33333","departement":"Gironde","region":"Nouvelle-Aquitaine"}},{"type":"Feature","geometry":{"type":"Point","coordinates":[-1.21194,44.81281]},"properties":{"latitude":"44.81281","longitude":"-1.21194","bright_ti4":"315.54","scan":"0.47","track":"0.4","acq_date":"2026-07-26","acq_time":"149","satellite":"N20","instrument":"VIIRS","confidence":"n","version":"2.0NRT","bright_ti5":"289.16","frp":"1.62","daynight":"N","commune":"Le Porge","code_insee":"33333","departement":"Gironde","region":"Nouvelle-Aquitaine"}},{"type":"Feature","geometry":{"type":"Point","coordinates":[-1.21792,44.81351]},"properties":{"latitude":"44.81351","longitude":"-1.21792","bright_ti4":"304.75","scan":"0.47","track":"0.4","acq_date":"2026-07-26","acq_time":"149","satellite":"N20","instrument":"VIIRS","confidence":"n","version":"2.0NRT","bright_ti5":"285.85","frp":"0.81","daynight":"N","commune":"Le Porge","code_insee":"33333","departement":"Gironde","region":"Nouvelle-Aquitaine"}},{"type":"Feature","geometry":{"type":"Point","coordinates":[-1.20518,44.81575]},"properties":{"latitude":"44.81575","longitude":"-1.20518","bright_ti4":"302.76","scan":"0.47","track":"0.4","acq_date":"2026-07-26","acq_time":"149","satellite":"N20","instrument":"VIIRS","confidence":"n","version":"2.0NRT","bright_ti5":"286.54","frp":"1.62","daynight":"N","commune":"Le Porge","code_insee":"33333","departement":"Gironde","region":"Nouvelle-Aquitaine"}},{"type":"Feature","geometry":{"type":"Point","coordinates":[-1.19246,44.81799]},"properties":{"latitude":"44.81799","longitude":"-1.19246","bright_ti4":"306.31","scan":"0.47","track":"0.4","acq_date":"2026-07-26","acq_time":"149","satellite":"N20","instrument":"VIIRS","confidence":"n","version":"2.0NRT","bright_ti5":"287.38","frp":"0.97","daynight":"N","commune":"Le Porge","code_insee":"33333","departement":"Gironde","region":"Nouvelle-Aquitaine"}},{"type":"Feature","geometry":{"type":"Point","coordinates":[-1.19162,44.82161]},"properties":{"latitude":"44.82161","longitude":"-1.19162","bright_ti4":"299.44","scan":"0.47","track":"0.4","acq_date":"2026-07-26","acq_time":"149","satellite":"N20","instrument":"VIIRS","confidence":"n","version":"2.0NRT","bright_ti5":"284.92","frp":"0.97","daynight":"N","commune":"Le Porge","code_insee":"33333","departement":"Gironde","region":"Nouvelle-Aquitaine"}},{"type":"Feature","geometry":{"type":"Point","coordinates":[-1.17898,44.82384]},"properties":{"latitude":"44.82384","longitude":"-1.17898","bright_ti4":"299.88","scan":"0.47","track":"0.4","acq_date":"2026-07-26","acq_time":"149","satellite":"N20","instrument":"VIIRS","confidence":"n","version":"2.0NRT","bright_ti5":"286.92","frp":"0.55","daynight":"N","commune":"Le Porge","code_insee":"33333","departement":"Gironde","region":"Nouvelle-Aquitaine"}},{"type":"Feature","geometry":{"type":"Point","coordinates":[-1.15955,44.829]},"properties":{"latitude":"44.829","longitude":"-1.15955","bright_ti4":"306.7","scan":"0.47","track":"0.4","acq_date":"2026-07-26","acq_time":"149","satellite":"N20","instrument":"VIIRS","confidence":"n","version":"2.0NRT","bright_ti5":"287.49","frp":"1.46","daynight":"N","commune":"Le Porge","code_insee":"33333","departement":"Gironde","region":"Nouvelle-Aquitaine"}},{"type":"Feature","geometry":{"type":"Point","coordinates":[-1.16544,44.82969]},"properties":{"latitude":"44.82969","longitude":"-1.16544","bright_ti4":"311.32","scan":"0.47","track":"0.4","acq_date":"2026-07-26","acq_time":"149","satellite":"N20","instrument":"VIIRS","confidence":"n","version":"2.0NRT","bright_ti5":"287.15","frp":"1.42","daynight":"N","commune":"Le Porge","code_insee":"33333","departement":"Gironde","region":"Nouvelle-Aquitaine"}},{"type":"Feature","geometry":{"type":"Point","coordinates":[-0.9408,44.83625]},"properties":{"latitude":"44.83625","longitude":"-0.9408","bright_ti4":"304.15","scan":"0.46","track":"0.39","acq_date":"2026-07-26","acq_time":"149","satellite":"N20","instrument":"VIIRS","confidence":"n","version":"2.0NRT","bright_ti5":"290.05","frp":"2.38","daynight":"N","commune":"Le Temple","code_insee":"33528","departement":"Gironde","region":"Nouvelle-Aquitaine"}},{"type":"Feature","geometry":{"type":"Point","coordinates":[-0.93923,44.83722]},"properties":{"latitude":"44.83722","longitude":"-0.93923","bright_ti4":"305.61","scan":"0.46","track":"0.39","acq_date":"2026-07-26","acq_time":"149","satellite":"N20","instrument":"VIIRS","confidence":"n","version":"2.0NRT","bright_ti5":"290.72","frp":"2.93","daynight":"N","commune":"Le Temple","code_insee":"33528","departement":"Gironde","region":"Nouvelle-Aquitaine"}},{"type":"Feature","geometry":{"type":"Point","coordinates":[-0.93839,44.84081]},"properties":{"latitude":"44.84081","longitude":"-0.93839","bright_ti4":"318","scan":"0.46","track":"0.39","acq_date":"2026-07-26","acq_time":"149","satellite":"N20","instrument":"VIIRS","confidence":"n","version":"2.0NRT","bright_ti5":"294.19","frp":"2.93","daynight":"N","commune":"Le Temple","code_insee":"33528","departement":"Gironde","region":"Nouvelle-Aquitaine"}},{"type":"Feature","geometry":{"type":"Point","coordinates":[-0.97422,44.8413]},"properties":{"latitude":"44.8413","longitude":"-0.97422","bright_ti4":"305.31","scan":"0.46","track":"0.39","acq_date":"2026-07-26","acq_time":"149","satellite":"N20","instrument":"VIIRS","confidence":"n","version":"2.0NRT","bright_ti5":"288.99","frp":"2.87","daynight":"N","commune":"Le Temple","code_insee":"33528","departement":"Gironde","region":"Nouvelle-Aquitaine"}},{"type":"Feature","geometry":{"type":"Point","coordinates":[-0.94421,44.84149]},"properties":{"latitude":"44.84149","longitude":"-0.94421","bright_ti4":"329.31","scan":"0.46","track":"0.39","acq_date":"2026-07-26","acq_time":"149","satellite":"N20","instrument":"VIIRS","confidence":"n","version":"2.0NRT","bright_ti5":"295.02","frp":"2.93","daynight":"N","commune":"Le Temple","code_insee":"33528","departement":"Gironde","region":"Nouvelle-Aquitaine"}},{"type":"Feature","geometry":{"type":"Point","coordinates":[-0.98741,44.84187]},"properties":{"latitude":"44.84187","longitude":"-0.98741","bright_ti4":"312.87","scan":"0.46","track":"0.39","acq_date":"2026-07-26","acq_time":"149","satellite":"N20","instrument":"VIIRS","confidence":"n","version":"2.0NRT","bright_ti5":"286.63","frp":"2.86","daynight":"N","commune":"Le Temple","code_insee":"33528","departement":"Gironde","region":"Nouvelle-Aquitaine"}},{"type":"Feature","geometry":{"type":"Point","coordinates":[-0.98006,44.84198]},"properties":{"latitude":"44.84198","longitude":"-0.98006","bright_ti4":"305.56","scan":"0.46","track":"0.39","acq_date":"2026-07-26","acq_time":"149","satellite":"N20","instrument":"VIIRS","confidence":"n","version":"2.0NRT","bright_ti5":"288.87","frp":"2.87","daynight":"N","commune":"Le Temple","code_insee":"33528","departement":"Gironde","region":"Nouvelle-Aquitaine"}},{"type":"Feature","geometry":{"type":"Point","coordinates":[-0.98591,44.84266]},"properties":{"latitude":"44.84266","longitude":"-0.98591","bright_ti4":"320.67","scan":"0.46","track":"0.39","acq_date":"2026-07-26","acq_time":"149","satellite":"N20","instrument":"VIIRS","confidence":"n","version":"2.0NRT","bright_ti5":"288.16","frp":"3.69","daynight":"N","commune":"Le Temple","code_insee":"33528","departement":"Gironde","region":"Nouvelle-Aquitaine"}},{"type":"Feature","geometry":{"type":"Point","coordinates":[-0.96753,44.84421]},"properties":{"latitude":"44.84421","longitude":"-0.96753","bright_ti4":"323.03","scan":"0.46","track":"0.39","acq_date":"2026-07-26","acq_time":"149","satellite":"N20","instrument":"VIIRS","confidence":"n","version":"2.0NRT","bright_ti5":"292.62","frp":"4.69","daynight":"N","commune":"Le Temple","code_insee":"33528","departement":"Gironde","region":"Nouvelle-Aquitaine"}},{"type":"Feature","geometry":{"type":"Point","coordinates":[-0.93755,44.8444]},"properties":{"latitude":"44.8444","longitude":"-0.93755","bright_ti4":"317.36","scan":"0.46","track":"0.39","acq_date":"2026-07-26","acq_time":"149","satellite":"N20","instrument":"VIIRS","confidence":"n","version":"2.0NRT","bright_ti5":"292.61","frp":"2.16","daynight":"N","commune":"Le Temple","code_insee":"33528","departement":"Gironde","region":"Nouvelle-Aquitaine"}},{"type":"Feature","geometry":{"type":"Point","coordinates":[-0.97337,44.84489]},"properties":{"latitude":"44.84489","longitude":"-0.97337","bright_ti4":"337.29","scan":"0.46","track":"0.39","acq_date":"2026-07-26","acq_time":"149","satellite":"N20","instrument":"VIIRS","confidence":"n","version":"2.0NRT","bright_ti5":"291.41","frp":"2.87","daynight":"N","commune":"Le Temple","code_insee":"33528","departement":"Gironde","region":"Nouvelle-Aquitaine"}},{"type":"Feature","geometry":{"type":"Point","coordinates":[-0.94336,44.84508]},"properties":{"latitude":"44.84508","longitude":"-0.94336","bright_ti4":"325.62","scan":"0.46","track":"0.39","acq_date":"2026-07-26","acq_time":"149","satellite":"N20","instrument":"VIIRS","confidence":"n","version":"2.0NRT","bright_ti5":"293.13","frp":"2.16","daynight":"N","commune":"Le Temple","code_insee":"33528","departement":"Gironde","region":"Nouvelle-Aquitaine"}},{"type":"Feature","geometry":{"type":"Point","coordinates":[-0.97921,44.84557]},"properties":{"latitude":"44.84557","longitude":"-0.97921","bright_ti4":"324.19","scan":"0.46","track":"0.39","acq_date":"2026-07-26","acq_time":"149","satellite":"N20","instrument":"VIIRS","confidence":"n","version":"2.0NRT","bright_ti5":"291.66","frp":"2.87","daynight":"N","commune":"Le Temple","code_insee":"33528","departement":"Gironde","region":"Nouvelle-Aquitaine"}},{"type":"Feature","geometry":{"type":"Point","coordinates":[-0.94918,44.84576]},"properties":{"latitude":"44.84576","longitude":"-0.94918","bright_ti4":"313.28","scan":"0.46","track":"0.39","acq_date":"2026-07-26","acq_time":"149","satellite":"N20","instrument":"VIIRS","confidence":"n","version":"2.0NRT","bright_ti5":"288.94","frp":"1.56","daynight":"N","commune":"Le Temple","code_insee":"33528","departement":"Gironde","region":"Nouvelle-Aquitaine"}},{"type":"Feature","geometry":{"type":"Point","coordinates":[-0.98505,44.84625]},"properties":{"latitude":"44.84625","longitude":"-0.98505","bright_ti4":"330.11","scan":"0.46","track":"0.39","acq_date":"2026-07-26","acq_time":"149","satellite":"N20","instrument":"VIIRS","confidence":"n","version":"2.0NRT","bright_ti5":"288.94","frp":"3.69","daynight":"N","commune":"Le Temple","code_insee":"33528","departement":"Gironde","region":"Nouvelle-Aquitaine"}},{"type":"Feature","geometry":{"type":"Point","coordinates":[-0.955,44.84644]},"properties":{"latitude":"44.84644","longitude":"-0.955","bright_ti4":"304.56","scan":"0.46","track":"0.39","acq_date":"2026-07-26","acq_time":"149","satellite":"N20","instrument":"VIIRS","confidence":"n","version":"2.0NRT","bright_ti5":"289.08","frp":"1.56","daynight":"N","commune":"Le Temple","code_insee":"33528","departement":"Gironde","region":"Nouvelle-Aquitaine"}},{"type":"Feature","geometry":{"type":"Point","coordinates":[-0.96668,44.84781]},"properties":{"latitude":"44.84781","longitude":"-0.96668","bright_ti4":"315.32","scan":"0.46","track":"0.39","acq_date":"2026-07-26","acq_time":"149","satellite":"N20","instrument":"VIIRS","confidence":"n","version":"2.0NRT","bright_ti5":"291.23","frp":"5.18","daynight":"N","commune":"Le Temple","code_insee":"33528","departement":"Gironde","region":"Nouvelle-Aquitaine"}},{"type":"Feature","geometry":{"type":"Point","coordinates":[-0.97252,44.84848]},"properties":{"latitude":"44.84848","longitude":"-0.97252","bright_ti4":"328.55","scan":"0.46","track":"0.39","acq_date":"2026-07-26","acq_time":"149","satellite":"N20","instrument":"VIIRS","confidence":"n","version":"2.0NRT","bright_ti5":"292.74","frp":"2.9","daynight":"N","commune":"Le Temple","code_insee":"33528","departement":"Gironde","region":"Nouvelle-Aquitaine"}},{"type":"Feature","geometry":{"type":"Point","coordinates":[-0.94251,44.84867]},"properties":{"latitude":"44.84867","longitude":"-0.94251","bright_ti4":"300.92","scan":"0.46","track":"0.39","acq_date":"2026-07-26","acq_time":"149","satellite":"N20","instrument":"VIIRS","confidence":"n","version":"2.0NRT","bright_ti5":"285.76","frp":"2.16","daynight":"N","commune":"Le Temple","code_insee":"33528","departement":"Gironde","region":"Nouvelle-Aquitaine"}},{"type":"Feature","geometry":{"type":"Point","coordinates":[-0.97836,44.84916]},"properties":{"latitude":"44.84916","longitude":"-0.97836","bright_ti4":"310.15","scan":"0.46","track":"0.39","acq_date":"2026-07-26","acq_time":"149","satellite":"N20","instrument":"VIIRS","confidence":"n","version":"2.0NRT","bright_ti5":"286.39","frp":"2.9","daynight":"N","commune":"Le Temple","code_insee":"33528","departement":"Gironde","region":"Nouvelle-Aquitaine"}},{"type":"Feature","geometry":{"type":"Point","coordinates":[-0.9842,44.84984]},"properties":{"latitude":"44.84984","longitude":"-0.9842","bright_ti4":"323.24","scan":"0.46","track":"0.39","acq_date":"2026-07-26","acq_time":"149","satellite":"N20","instrument":"VIIRS","confidence":"n","version":"2.0NRT","bright_ti5":"291.01","frp":"2.88","daynight":"N","commune":"Le Temple","code_insee":"33528","departement":"Gironde","region":"Nouvelle-Aquitaine"}},{"type":"Feature","geometry":{"type":"Point","coordinates":[-0.95416,44.85003]},"properties":{"latitude":"44.85003","longitude":"-0.95416","bright_ti4":"307.18","scan":"0.46","track":"0.39","acq_date":"2026-07-26","acq_time":"149","satellite":"N20","instrument":"VIIRS","confidence":"n","version":"2.0NRT","bright_ti5":"289.83","frp":"1.56","daynight":"N","commune":"Le Temple","code_insee":"33528","departement":"Gironde","region":"Nouvelle-Aquitaine"}},{"type":"Feature","geometry":{"type":"Point","coordinates":[-0.95999,44.85071]},"properties":{"latitude":"44.85071","longitude":"-0.95999","bright_ti4":"322.23","scan":"0.46","track":"0.39","acq_date":"2026-07-26","acq_time":"149","satellite":"N20","instrument":"VIIRS","confidence":"n","version":"2.0NRT","bright_ti5":"293.32","frp":"5.18","daynight":"N","commune":"Le Temple","code_insee":"33528","departement":"Gironde","region":"Nouvelle-Aquitaine"}},{"type":"Feature","geometry":{"type":"Point","coordinates":[-1.02602,44.85101]},"properties":{"latitude":"44.85101","longitude":"-1.02602","bright_ti4":"309.55","scan":"0.46","track":"0.39","acq_date":"2026-07-26","acq_time":"149","satellite":"N20","instrument":"VIIRS","confidence":"n","version":"2.0NRT","bright_ti5":"288.91","frp":"4.02","daynight":"N","commune":"Le Temple","code_insee":"33528","departement":"Gironde","region":"Nouvelle-Aquitaine"}},{"type":"Feature","geometry":{"type":"Point","coordinates":[-0.96582,44.85139]},"properties":{"latitude":"44.85139","longitude":"-0.96582","bright_ti4":"348.25","scan":"0.46","track":"0.39","acq_date":"2026-07-26","acq_time":"149","satellite":"N20","instrument":"VIIRS","confidence":"n","version":"2.0NRT","bright_ti5":"296.86","frp":"5.18","daynight":"N","commune":"Le Temple","code_insee":"33528","departement":"Gironde","region":"Nouvelle-Aquitaine"}},{"type":"Feature","geometry":{"type":"Point","coordinates":[-1.03191,44.85169]},"properties":{"latitude":"44.85169","longitude":"-1.03191","bright_ti4":"301.18","scan":"0.46","track":"0.39","acq_date":"2026-07-26","acq_time":"149","satellite":"N20","instrument":"VIIRS","confidence":"n","version":"2.0NRT","bright_ti5":"282.85","frp":"1.05","daynight":"N","commune":"Le Temple","code_insee":"33528","departement":"Gironde","region":"Nouvelle-Aquitaine"}},{"type":"Feature","geometry":{"type":"Point","coordinates":[-0.97167,44.85207]},"properties":{"latitude":"44.85207","longitude":"-0.97167","bright_ti4":"333.8","scan":"0.46","track":"0.39","acq_date":"2026-07-26","acq_time":"149","satellite":"N20","instrument":"VIIRS","confidence":"n","version":"2.0NRT","bright_ti5":"294.26","frp":"2.9","daynight":"N","commune":"Le Temple","code_insee":"33528","departement":"Gironde","region":"Nouvelle-Aquitaine"}},{"type":"Feature","geometry":{"type":"Point","coordinates":[-0.97751,44.85276]},"properties":{"latitude":"44.85276","longitude":"-0.97751","bright_ti4":"311.59","scan":"0.46","track":"0.39","acq_date":"2026-07-26","acq_time":"149","satellite":"N20","instrument":"VIIRS","confidence":"n","version":"2.0NRT","bright_ti5":"287.74","frp":"2.9","daynight":"N","commune":"Le Temple","code_insee":"33528","departement":"Gironde","region":"Nouvelle-Aquitaine"}},{"type":"Feature","geometry":{"type":"Point","coordinates":[-0.94749,44.85294]},"properties":{"latitude":"44.85294","longitude":"-0.94749","bright_ti4":"307.36","scan":"0.46","track":"0.39","acq_date":"2026-07-26","acq_time":"149","satellite":"N20","instrument":"VIIRS","confidence":"n","version":"2.0NRT","bright_ti5":"291.18","frp":"7.72","daynight":"N","commune":"Le Temple","code_insee":"33528","departement":"Gironde","region":"Nouvelle-Aquitaine"}},{"type":"Feature","geometry":{"type":"Point","coordinates":[-0.98335,44.85344]},"properties":{"latitude":"44.85344","longitude":"-0.98335","bright_ti4":"315.88","scan":"0.46","track":"0.39","acq_date":"2026-07-26","acq_time":"149","satellite":"N20","instrument":"VIIRS","confidence":"n","version":"2.0NRT","bright_ti5":"289.55","frp":"2.88","daynight":"N","commune":"Le Temple","code_insee":"33528","departement":"Gironde","region":"Nouvelle-Aquitaine"}},{"type":"Feature","geometry":{"type":"Point","coordinates":[-0.95331,44.85361]},"properties":{"latitude":"44.85361","longitude":"-0.95331","bright_ti4":"328.56","scan":"0.46","track":"0.39","acq_date":"2026-07-26","acq_time":"149","satellite":"N20","instrument":"VIIRS","confidence":"n","version":"2.0NRT","bright_ti5":"292.98","frp":"7.72","daynight":"N","commune":"Le Temple","code_insee":"33528","departement":"Gironde","region":"Nouvelle-Aquitaine"}},{"type":"Feature","geometry":{"type":"Point","coordinates":[-1.01931,44.85392]},"properties":{"latitude":"44.85392","longitude":"-1.01931","bright_ti4":"305.64","scan":"0.46","track":"0.39","acq_date":"2026-07-26","acq_time":"149","satellite":"N20","instrument":"VIIRS","confidence":"n","version":"2.0NRT","bright_ti5":"289.21","frp":"1.52","daynight":"N","commune":"Le Temple","code_insee":"33528","departement":"Gironde","region":"Nouvelle-Aquitaine"}},{"type":"Feature","geometry":{"type":"Point","coordinates":[-0.95914,44.8543]},"properties":{"latitude":"44.8543","longitude":"-0.95914","bright_ti4":"312.48","scan":"0.46","track":"0.39","acq_date":"2026-07-26","acq_time":"149","satellite":"N20","instrument":"VIIRS","confidence":"n","version":"2.0NRT","bright_ti5":"288.67","frp":"2.53","daynight":"N","commune":"Le Temple","code_insee":"33528","departement":"Gironde","region":"Nouvelle-Aquitaine"}},{"type":"Feature","geometry":{"type":"Point","coordinates":[-0.96498,44.85498]},"properties":{"latitude":"44.85498","longitude":"-0.96498","bright_ti4":"313.06","scan":"0.46","track":"0.39","acq_date":"2026-07-26","acq_time":"149","satellite":"N20","instrument":"VIIRS","confidence":"n","version":"2.0NRT","bright_ti5":"285.78","frp":"2.53","daynight":"N","commune":"Le Temple","code_insee":"33528","departement":"Gironde","region":"Nouvelle-Aquitaine"}},{"type":"Feature","geometry":{"type":"Point","coordinates":[-0.97082,44.85566]},"properties":{"latitude":"44.85566","longitude":"-0.97082","bright_ti4":"324.63","scan":"0.46","track":"0.39","acq_date":"2026-07-26","acq_time":"149","satellite":"N20","instrument":"VIIRS","confidence":"n","version":"2.0NRT","bright_ti5":"292.22","frp":"10.52","daynight":"N","commune":"Le Temple","code_insee":"33528","departement":"Gironde","region":"Nouvelle-Aquitaine"}},{"type":"Feature","geometry":{"type":"Point","coordinates":[-0.97666,44.85635]},"properties":{"latitude":"44.85635","longitude":"-0.97666","bright_ti4":"344.84","scan":"0.46","track":"0.39","acq_date":"2026-07-26","acq_time":"149","satellite":"N20","instrument":"VIIRS","confidence":"n","version":"2.0NRT","bright_ti5":"293.91","frp":"10.52","daynight":"N","commune":"Le Temple","code_insee":"33528","departement":"Gironde","region":"Nouvelle-Aquitaine"}},{"type":"Feature","geometry":{"type":"Point","coordinates":[-0.98251,44.85703]},"properties":{"latitude":"44.85703","longitude":"-0.98251","bright_ti4":"306.97","scan":"0.46","track":"0.39","acq_date":"2026-07-26","acq_time":"149","satellite":"N20","instrument":"VIIRS","confidence":"n","version":"2.0NRT","bright_ti5":"287.65","frp":"1.08","daynight":"N","commune":"Le Temple","code_insee":"33528","departement":"Gironde","region":"Nouvelle-Aquitaine"}},{"type":"Feature","geometry":{"type":"Point","coordinates":[-0.95247,44.8572]},"properties":{"latitude":"44.8572","longitude":"-0.95247","bright_ti4":"356.19","scan":"0.46","track":"0.39","acq_date":"2026-07-26","acq_time":"149","satellite":"N20","instrument":"VIIRS","confidence":"n","version":"2.0NRT","bright_ti5":"301.29","frp":"7.72","daynight":"N","commune":"Le Temple","code_insee":"33528","departement":"Gironde","region":"Nouvelle-Aquitaine"}},{"type":"Feature","geometry":{"type":"Point","coordinates":[-0.9583,44.85789]},"properties":{"latitude":"44.85789","longitude":"-0.9583","bright_ti4":"337.16","scan":"0.46","track":"0.39","acq_date":"2026-07-26","acq_time":"149","satellite":"N20","instrument":"VIIRS","confidence":"n","version":"2.0NRT","bright_ti5":"287.15","frp":"2.53","daynight":"N","commune":"Le Temple","code_insee":"33528","departement":"Gironde","region":"Nouvelle-Aquitaine"}},{"type":"Feature","geometry":{"type":"Point","coordinates":[-0.96413,44.85857]},"properties":{"latitude":"44.85857","longitude":"-0.96413","bright_ti4":"308.81","scan":"0.46","track":"0.39","acq_date":"2026-07-26","acq_time":"149","satellite":"N20","instrument":"VIIRS","confidence":"n","version":"2.0NRT","bright_ti5":"285.35","frp":"2.53","daynight":"N","commune":"Le Temple","code_insee":"33528","departement":"Gironde","region":"Nouvelle-Aquitaine"}},{"type":"Feature","geometry":{"type":"Point","coordinates":[-0.93998,44.85943]},"properties":{"latitude":"44.85943","longitude":"-0.93998","bright_ti4":"315.93","scan":"0.46","track":"0.39","acq_date":"2026-07-26","acq_time":"149","satellite":"N20","instrument":"VIIRS","confidence":"n","version":"2.0NRT","bright_ti5":"291.31","frp":"2.25","daynight":"N","commune":"Le Temple","code_insee":"33528","departement":"Gironde","region":"Nouvelle-Aquitaine"}},{"type":"Feature","geometry":{"type":"Point","coordinates":[-0.95163,44.86079]},"properties":{"latitude":"44.86079","longitude":"-0.95163","bright_ti4":"337.73","scan":"0.46","track":"0.39","acq_date":"2026-07-26","acq_time":"149","satellite":"N20","instrument":"VIIRS","confidence":"n","version":"2.0NRT","bright_ti5":"295.31","frp":"7.21","daynight":"N","commune":"Le Temple","code_insee":"33528","departement":"Gironde","region":"Nouvelle-Aquitaine"}},{"type":"Feature","geometry":{"type":"Point","coordinates":[-0.92168,44.86097]},"properties":{"latitude":"44.86097","longitude":"-0.92168","bright_ti4":"312.15","scan":"0.46","track":"0.39","acq_date":"2026-07-26","acq_time":"149","satellite":"N20","instrument":"VIIRS","confidence":"n","version":"2.0NRT","bright_ti5":"289.62","frp":"1.87","daynight":"N","commune":"Le Temple","code_insee":"33528","departement":"Gironde","region":"Nouvelle-Aquitaine"}},{"type":"Feature","geometry":{"type":"Point","coordinates":[-0.96828,44.86644]},"properties":{"latitude":"44.86644","longitude":"-0.96828","bright_ti4":"337.31","scan":"0.46","track":"0.39","acq_date":"2026-07-26","acq_time":"149","satellite":"N20","instrument":"VIIRS","confidence":"n","version":"2.0NRT","bright_ti5":"288.1","frp":"4.22","daynight":"N","commune":"Le Temple","code_insee":"33528","departement":"Gironde","region":"Nouvelle-Aquitaine"}},{"type":"Feature","geometry":{"type":"Point","coordinates":[-1.10086,44.86707]},"properties":{"latitude":"44.86707","longitude":"-1.10086","bright_ti4":"308.02","scan":"0.47","track":"0.4","acq_date":"2026-07-26","acq_time":"149","satellite":"N20","instrument":"VIIRS","confidence":"n","version":"2.0NRT","bright_ti5":"289.6","frp":"3.76","daynight":"N","commune":"Le Porge","code_insee":"33333","departement":"Gironde","region":"Nouvelle-Aquitaine"}},{"type":"Feature","geometry":{"type":"Point","coordinates":[-0.95578,44.86866]},"properties":{"latitude":"44.86866","longitude":"-0.95578","bright_ti4":"305.09","scan":"0.46","track":"0.39","acq_date":"2026-07-26","acq_time":"149","satellite":"N20","instrument":"VIIRS","confidence":"n","version":"2.0NRT","bright_ti5":"287.84","frp":"2.35","daynight":"N","commune":"Le Temple","code_insee":"33528","departement":"Gironde","region":"Nouvelle-Aquitaine"}},{"type":"Feature","geometry":{"type":"Point","coordinates":[-0.96161,44.86935]},"properties":{"latitude":"44.86935","longitude":"-0.96161","bright_ti4":"312.57","scan":"0.46","track":"0.39","acq_date":"2026-07-26","acq_time":"149","satellite":"N20","instrument":"VIIRS","confidence":"n","version":"2.0NRT","bright_ti5":"289.64","frp":"2.35","daynight":"N","commune":"Le Temple","code_insee":"33528","departement":"Gironde","region":"Nouvelle-Aquitaine"}},{"type":"Feature","geometry":{"type":"Point","coordinates":[-0.96745,44.87003]},"properties":{"latitude":"44.87003","longitude":"-0.96745","bright_ti4":"345.9","scan":"0.46","track":"0.39","acq_date":"2026-07-26","acq_time":"149","satellite":"N20","instrument":"VIIRS","confidence":"n","version":"2.0NRT","bright_ti5":"294.88","frp":"6.44","daynight":"N","commune":"Le Temple","code_insee":"33528","departement":"Gironde","region":"Nouvelle-Aquitaine"}},{"type":"Feature","geometry":{"type":"Point","coordinates":[-0.9666,44.87362]},"properties":{"latitude":"44.87362","longitude":"-0.9666","bright_ti4":"333.67","scan":"0.46","track":"0.39","acq_date":"2026-07-26","acq_time":"149","satellite":"N20","instrument":"VIIRS","confidence":"n","version":"2.0NRT","bright_ti5":"291.14","frp":"6.44","daynight":"N","commune":"Le Temple","code_insee":"33528","departement":"Gironde","region":"Nouvelle-Aquitaine"}},{"type":"Feature","geometry":{"type":"Point","coordinates":[-0.97244,44.87431]},"properties":{"latitude":"44.87431","longitude":"-0.97244","bright_ti4":"340.05","scan":"0.46","track":"0.39","acq_date":"2026-07-26","acq_time":"149","satellite":"N20","instrument":"VIIRS","confidence":"n","version":"2.0NRT","bright_ti5":"293.35","frp":"6.44","daynight":"N","commune":"Le Temple","code_insee":"33528","departement":"Gironde","region":"Nouvelle-Aquitaine"}},{"type":"Feature","geometry":{"type":"Point","coordinates":[-0.97829,44.875]},"properties":{"latitude":"44.875","longitude":"-0.97829","bright_ti4":"356.18","scan":"0.46","track":"0.39","acq_date":"2026-07-26","acq_time":"149","satellite":"N20","instrument":"VIIRS","confidence":"n","version":"2.0NRT","bright_ti5":"294.22","frp":"15.57","daynight":"N","commune":"Le Temple","code_insee":"33528","departement":"Gironde","region":"Nouvelle-Aquitaine"}},{"type":"Feature","geometry":{"type":"Point","coordinates":[-1.17784,44.87592]},"properties":{"latitude":"44.87592","longitude":"-1.17784","bright_ti4":"320.08","scan":"0.47","track":"0.4","acq_date":"2026-07-26","acq_time":"149","satellite":"N20","instrument":"VIIRS","confidence":"n","version":"2.0NRT","bright_ti5":"288.36","frp":"2.61","daynight":"N","commune":"Le Porge","code_insee":"33333","departement":"Gironde","region":"Nouvelle-Aquitaine"}},{"type":"Feature","geometry":{"type":"Point","coordinates":[-0.96576,44.87722]},"properties":{"latitude":"44.87722","longitude":"-0.96576","bright_ti4":"308.28","scan":"0.46","track":"0.39","acq_date":"2026-07-26","acq_time":"149","satellite":"N20","instrument":"VIIRS","confidence":"n","version":"2.0NRT","bright_ti5":"290.5","frp":"3.09","daynight":"N","commune":"Le Temple","code_insee":"33528","departement":"Gironde","region":"Nouvelle-Aquitaine"}},{"type":"Feature","geometry":{"type":"Point","coordinates":[-0.97159,44.8779]},"properties":{"latitude":"44.8779","longitude":"-0.97159","bright_ti4":"333","scan":"0.46","track":"0.39","acq_date":"2026-07-26","acq_time":"149","satellite":"N20","instrument":"VIIRS","confidence":"n","version":"2.0NRT","bright_ti5":"295.99","frp":"3.09","daynight":"N","commune":"Le Temple","code_insee":"33528","departement":"Gironde","region":"Nouvelle-Aquitaine"}},{"type":"Feature","geometry":{"type":"Point","coordinates":[-0.97744,44.87859]},"properties":{"latitude":"44.87859","longitude":"-0.97744","bright_ti4":"354.76","scan":"0.46","track":"0.39","acq_date":"2026-07-26","acq_time":"149","satellite":"N20","instrument":"VIIRS","confidence":"n","version":"2.0NRT","bright_ti5":"302","frp":"15.63","daynight":"N","commune":"Le Temple","code_insee":"33528","departement":"Gironde","region":"Nouvelle-Aquitaine"}},{"type":"Feature","geometry":{"type":"Point","coordinates":[-0.89913,44.88041]},"properties":{"latitude":"44.88041","longitude":"-0.89913","bright_ti4":"331.55","scan":"0.46","track":"0.39","acq_date":"2026-07-26","acq_time":"149","satellite":"N20","instrument":"VIIRS","confidence":"n","version":"2.0NRT","bright_ti5":"292.4","frp":"4.38","daynight":"N","commune":"Le Temple","code_insee":"33528","departement":"Gironde","region":"Nouvelle-Aquitaine"}},{"type":"Feature","geometry":{"type":"Point","coordinates":[-0.97075,44.88149]},"properties":{"latitude":"44.88149","longitude":"-0.97075","bright_ti4":"306.69","scan":"0.46","track":"0.39","acq_date":"2026-07-26","acq_time":"149","satellite":"N20","instrument":"VIIRS","confidence":"n","version":"2.0NRT","bright_ti5":"290.45","frp":"3.09","daynight":"N","commune":"Le Temple","code_insee":"33528","departement":"Gironde","region":"Nouvelle-Aquitaine"}},{"type":"Feature","geometry":{"type":"Point","coordinates":[-0.97659,44.88218]},"properties":{"latitude":"44.88218","longitude":"-0.97659","bright_ti4":"349.74","scan":"0.46","track":"0.39","acq_date":"2026-07-26","acq_time":"149","satellite":"N20","instrument":"VIIRS","confidence":"n","version":"2.0NRT","bright_ti5":"297.9","frp":"15.63","daynight":"N","commune":"Saumos","code_insee":"33503","departement":"Gironde","region":"Nouvelle-Aquitaine"}},{"type":"Feature","geometry":{"type":"Point","coordinates":[-1.17022,44.88248]},"properties":{"latitude":"44.88248","longitude":"-1.17022","bright_ti4":"313.72","scan":"0.47","track":"0.4","acq_date":"2026-07-26","acq_time":"149","satellite":"N20","instrument":"VIIRS","confidence":"n","version":"2.0NRT","bright_ti5":"287.82","frp":"2.73","daynight":"N","commune":"Le Porge","code_insee":"33333","departement":"Gironde","region":"Nouvelle-Aquitaine"}},{"type":"Feature","geometry":{"type":"Point","coordinates":[-0.98244,44.88287]},"properties":{"latitude":"44.88287","longitude":"-0.98244","bright_ti4":"336.3","scan":"0.46","track":"0.39","acq_date":"2026-07-26","acq_time":"149","satellite":"N20","instrument":"VIIRS","confidence":"n","version":"2.0NRT","bright_ti5":"297.03","frp":"15.63","daynight":"N","commune":"Saumos","code_insee":"33503","departement":"Gironde","region":"Nouvelle-Aquitaine"}},{"type":"Feature","geometry":{"type":"Point","coordinates":[-0.95238,44.88302]},"properties":{"latitude":"44.88302","longitude":"-0.95238","bright_ti4":"308.39","scan":"0.46","track":"0.39","acq_date":"2026-07-26","acq_time":"149","satellite":"N20","instrument":"VIIRS","confidence":"n","version":"2.0NRT","bright_ti5":"291.26","frp":"2.08","daynight":"N","commune":"Le Temple","code_insee":"33528","departement":"Gironde","region":"Nouvelle-Aquitaine"}},{"type":"Feature","geometry":{"type":"Point","coordinates":[-0.98829,44.88356]},"properties":{"latitude":"44.88356","longitude":"-0.98829","bright_ti4":"313.24","scan":"0.46","track":"0.39","acq_date":"2026-07-26","acq_time":"149","satellite":"N20","instrument":"VIIRS","confidence":"n","version":"2.0NRT","bright_ti5":"287.07","frp":"4.72","daynight":"N","commune":"Le Temple","code_insee":"33528","departement":"Gironde","region":"Nouvelle-Aquitaine"}},{"type":"Feature","geometry":{"type":"Point","coordinates":[-0.95822,44.88371]},"properties":{"latitude":"44.88371","longitude":"-0.95822","bright_ti4":"306.97","scan":"0.46","track":"0.39","acq_date":"2026-07-26","acq_time":"149","satellite":"N20","instrument":"VIIRS","confidence":"n","version":"2.0NRT","bright_ti5":"290.58","frp":"2.08","daynight":"N","commune":"Le Temple","code_insee":"33528","departement":"Gironde","region":"Nouvelle-Aquitaine"}},{"type":"Feature","geometry":{"type":"Point","coordinates":[-0.89828,44.88399]},"properties":{"latitude":"44.88399","longitude":"-0.89828","bright_ti4":"312.89","scan":"0.46","track":"0.39","acq_date":"2026-07-26","acq_time":"149","satellite":"N20","instrument":"VIIRS","confidence":"n","version":"2.0NRT","bright_ti5":"290.71","frp":"1.87","daynight":"N","commune":"Le Temple","code_insee":"33528","departement":"Gironde","region":"Nouvelle-Aquitaine"}},{"type":"Feature","geometry":{"type":"Point","coordinates":[-1.00001,44.88494]},"properties":{"latitude":"44.88494","longitude":"-1.00001","bright_ti4":"307.73","scan":"0.46","track":"0.39","acq_date":"2026-07-26","acq_time":"149","satellite":"N20","instrument":"VIIRS","confidence":"n","version":"2.0NRT","bright_ti5":"287.67","frp":"7.26","daynight":"N","commune":"Le Temple","code_insee":"33528","departement":"Gironde","region":"Nouvelle-Aquitaine"}},{"type":"Feature","geometry":{"type":"Point","coordinates":[-1.00588,44.88563]},"properties":{"latitude":"44.88563","longitude":"-1.00588","bright_ti4":"346.02","scan":"0.46","track":"0.39","acq_date":"2026-07-26","acq_time":"149","satellite":"N20","instrument":"VIIRS","confidence":"n","version":"2.0NRT","bright_ti5":"291.77","frp":"7.26","daynight":"N","commune":"Le Temple","code_insee":"33528","departement":"Gironde","region":"Nouvelle-Aquitaine"}},{"type":"Feature","geometry":{"type":"Point","coordinates":[-0.9457,44.88593]},"properties":{"latitude":"44.88593","longitude":"-0.9457","bright_ti4":"306.08","scan":"0.46","track":"0.39","acq_date":"2026-07-26","acq_time":"149","satellite":"N20","instrument":"VIIRS","confidence":"n","version":"2.0NRT","bright_ti5":"290.83","frp":"2.37","daynight":"N","commune":"Le Temple","code_insee":"33528","departement":"Gironde","region":"Nouvelle-Aquitaine"}},{"type":"Feature","geometry":{"type":"Point","coordinates":[-0.88584,44.88619]},"properties":{"latitude":"44.88619","longitude":"-0.88584","bright_ti4":"326.53","scan":"0.46","track":"0.39","acq_date":"2026-07-26","acq_time":"149","satellite":"N20","instrument":"VIIRS","confidence":"n","version":"2.0NRT","bright_ti5":"291.45","frp":"3.45","daynight":"N","commune":"Le Temple","code_insee":"33528","departement":"Gironde","region":"Nouvelle-Aquitaine"}},{"type":"Feature","geometry":{"type":"Point","coordinates":[-1.10848,44.88649]},"properties":{"latitude":"44.88649","longitude":"-1.10848","bright_ti4":"306.02","scan":"0.47","track":"0.4","acq_date":"2026-07-26","acq_time":"149","satellite":"N20","instrument":"VIIRS","confidence":"n","version":"2.0NRT","bright_ti5":"289.86","frp":"1.78","daynight":"N","commune":"Le Porge","code_insee":"33333","departement":"Gironde","region":"Nouvelle-Aquitaine"}},{"type":"Feature","geometry":{"type":"Point","coordinates":[-0.89163,44.88688]},"properties":{"latitude":"44.88688","longitude":"-0.89163","bright_ti4":"307.59","scan":"0.46","track":"0.39","acq_date":"2026-07-26","acq_time":"149","satellite":"N20","instrument":"VIIRS","confidence":"n","version":"2.0NRT","bright_ti5":"289.5","frp":"1.87","daynight":"N","commune":"Le Temple","code_insee":"33528","departement":"Gironde","region":"Nouvelle-Aquitaine"}},{"type":"Feature","geometry":{"type":"Point","coordinates":[-0.98745,44.88715]},"properties":{"latitude":"44.88715","longitude":"-0.98745","bright_ti4":"311.08","scan":"0.46","track":"0.39","acq_date":"2026-07-26","acq_time":"149","satellite":"N20","instrument":"VIIRS","confidence":"n","version":"2.0NRT","bright_ti5":"289.41","frp":"2.74","daynight":"N","commune":"Saumos","code_insee":"33503","departement":"Gironde","region":"Nouvelle-Aquitaine"}},{"type":"Feature","geometry":{"type":"Point","coordinates":[-0.99917,44.88853]},"properties":{"latitude":"44.88853","longitude":"-0.99917","bright_ti4":"346.01","scan":"0.46","track":"0.39","acq_date":"2026-07-26","acq_time":"149","satellite":"N20","instrument":"VIIRS","confidence":"n","version":"2.0NRT","bright_ti5":"302.26","frp":"17.89","daynight":"N","commune":"Le Temple","code_insee":"33528","departement":"Gironde","region":"Nouvelle-Aquitaine"}},{"type":"Feature","geometry":{"type":"Point","coordinates":[-0.93902,44.88882]},"properties":{"latitude":"44.88882","longitude":"-0.93902","bright_ti4":"304.61","scan":"0.46","track":"0.39","acq_date":"2026-07-26","acq_time":"149","satellite":"N20","instrument":"VIIRS","confidence":"n","version":"2.0NRT","bright_ti5":"290.36","frp":"1.36","daynight":"N","commune":"Le Temple","code_insee":"33528","departement":"Gironde","region":"Nouvelle-Aquitaine"}},{"type":"Feature","geometry":{"type":"Point","coordinates":[-1.00504,44.88922]},"properties":{"latitude":"44.88922","longitude":"-1.00504","bright_ti4":"353.43","scan":"0.46","track":"0.39","acq_date":"2026-07-26","acq_time":"149","satellite":"N20","instrument":"VIIRS","confidence":"n","version":"2.0NRT","bright_ti5":"312.2","frp":"17.89","daynight":"N","commune":"Le Temple","code_insee":"33528","departement":"Gironde","region":"Nouvelle-Aquitaine"}},{"type":"Feature","geometry":{"type":"Point","coordinates":[-0.94486,44.88951]},"properties":{"latitude":"44.88951","longitude":"-0.94486","bright_ti4":"307.84","scan":"0.46","track":"0.39","acq_date":"2026-07-26","acq_time":"149","satellite":"N20","instrument":"VIIRS","confidence":"n","version":"2.0NRT","bright_ti5":"290.52","frp":"1.36","daynight":"N","commune":"Le Temple","code_insee":"33528","departement":"Gironde","region":"Nouvelle-Aquitaine"}},{"type":"Feature","geometry":{"type":"Point","coordinates":[-1.10764,44.8901]},"properties":{"latitude":"44.8901","longitude":"-1.10764","bright_ti4":"307.93","scan":"0.47","track":"0.4","acq_date":"2026-07-26","acq_time":"149","satellite":"N20","instrument":"VIIRS","confidence":"n","version":"2.0NRT","bright_ti5":"289.46","frp":"1.78","daynight":"N","commune":"Le Porge","code_insee":"33333","departement":"Gironde","region":"Nouvelle-Aquitaine"}},{"type":"Feature","geometry":{"type":"Point","coordinates":[-0.93818,44.89241]},"properties":{"latitude":"44.89241","longitude":"-0.93818","bright_ti4":"304.61","scan":"0.46","track":"0.39","acq_date":"2026-07-26","acq_time":"149","satellite":"N20","instrument":"VIIRS","confidence":"n","version":"2.0NRT","bright_ti5":"290.66","frp":"1.36","daynight":"N","commune":"Le Temple","code_insee":"33528","departement":"Gironde","region":"Nouvelle-Aquitaine"}},{"type":"Feature","geometry":{"type":"Point","coordinates":[-1.00419,44.89282]},"properties":{"latitude":"44.89282","longitude":"-1.00419","bright_ti4":"317.93","scan":"0.46","track":"0.39","acq_date":"2026-07-26","acq_time":"149","satellite":"N20","instrument":"VIIRS","confidence":"n","version":"2.0NRT","bright_ti5":"290.88","frp":"17.89","daynight":"N","commune":"Saumos","code_insee":"33503","departement":"Gironde","region":"Nouvelle-Aquitaine"}},{"type":"Feature","geometry":{"type":"Point","coordinates":[-0.95984,44.90236]},"properties":{"latitude":"44.90236","longitude":"-0.95984","bright_ti4":"332.55","scan":"0.46","track":"0.39","acq_date":"2026-07-26","acq_time":"149","satellite":"N20","instrument":"VIIRS","confidence":"n","version":"2.0NRT","bright_ti5":"290.67","frp":"3.84","daynight":"N","commune":"Saumos","code_insee":"33503","departement":"Gironde","region":"Nouvelle-Aquitaine"}},{"type":"Feature","geometry":{"type":"Point","coordinates":[-0.96569,44.90305]},"properties":{"latitude":"44.90305","longitude":"-0.96569","bright_ti4":"321.15","scan":"0.46","track":"0.39","acq_date":"2026-07-26","acq_time":"149","satellite":"N20","instrument":"VIIRS","confidence":"n","version":"2.0NRT","bright_ti5":"288.34","frp":"3.84","daynight":"N","commune":"Saumos","code_insee":"33503","departement":"Gironde","region":"Nouvelle-Aquitaine"}},{"type":"Feature","geometry":{"type":"Point","coordinates":[-0.93563,44.90317]},"properties":{"latitude":"44.90317","longitude":"-0.93563","bright_ti4":"303.02","scan":"0.46","track":"0.39","acq_date":"2026-07-26","acq_time":"149","satellite":"N20","instrument":"VIIRS","confidence":"n","version":"2.0NRT","bright_ti5":"289.39","frp":"2.02","daynight":"N","commune":"Saumos","code_insee":"33503","departement":"Gironde","region":"Nouvelle-Aquitaine"}},{"type":"Feature","geometry":{"type":"Point","coordinates":[-0.94147,44.90387]},"properties":{"latitude":"44.90387","longitude":"-0.94147","bright_ti4":"310.33","scan":"0.46","track":"0.39","acq_date":"2026-07-26","acq_time":"149","satellite":"N20","instrument":"VIIRS","confidence":"n","version":"2.0NRT","bright_ti5":"289.94","frp":"2.02","daynight":"N","commune":"Saumos","code_insee":"33503","departement":"Gironde","region":"Nouvelle-Aquitaine"}},{"type":"Feature","geometry":{"type":"Point","coordinates":[-0.95315,44.90525]},"properties":{"latitude":"44.90525","longitude":"-0.95315","bright_ti4":"312.16","scan":"0.46","track":"0.39","acq_date":"2026-07-26","acq_time":"149","satellite":"N20","instrument":"VIIRS","confidence":"n","version":"2.0NRT","bright_ti5":"287.28","frp":"2.62","daynight":"N","commune":"Saumos","code_insee":"33503","departement":"Gironde","region":"Nouvelle-Aquitaine"}},{"type":"Feature","geometry":{"type":"Point","coordinates":[-0.92313,44.90537]},"properties":{"latitude":"44.90537","longitude":"-0.92313","bright_ti4":"311.13","scan":"0.46","track":"0.39","acq_date":"2026-07-26","acq_time":"149","satellite":"N20","instrument":"VIIRS","confidence":"n","version":"2.0NRT","bright_ti5":"290.38","frp":"2.29","daynight":"N","commune":"Sainte-Hélène","code_insee":"33417","departement":"Gironde","region":"Nouvelle-Aquitaine"}},{"type":"Feature","geometry":{"type":"Point","coordinates":[-0.95899,44.90595]},"properties":{"latitude":"44.90595","longitude":"-0.95899","bright_ti4":"302.49","scan":"0.46","track":"0.39","acq_date":"2026-07-26","acq_time":"149","satellite":"N20","instrument":"VIIRS","confidence":"n","version":"2.0NRT","bright_ti5":"286.33","frp":"0.54","daynight":"N","commune":"Saumos","code_insee":"33503","departement":"Gironde","region":"Nouvelle-Aquitaine"}},{"type":"Feature","geometry":{"type":"Point","coordinates":[-0.92896,44.90606]},"properties":{"latitude":"44.90606","longitude":"-0.92896","bright_ti4":"312.73","scan":"0.46","track":"0.39","acq_date":"2026-07-26","acq_time":"149","satellite":"N20","instrument":"VIIRS","confidence":"n","version":"2.0NRT","bright_ti5":"291.69","frp":"2.29","daynight":"N","commune":"Sainte-Hélène","code_insee":"33417","departement":"Gironde","region":"Nouvelle-Aquitaine"}},{"type":"Feature","geometry":{"type":"Point","coordinates":[-0.93479,44.90676]},"properties":{"latitude":"44.90676","longitude":"-0.93479","bright_ti4":"321.41","scan":"0.46","track":"0.39","acq_date":"2026-07-26","acq_time":"149","satellite":"N20","instrument":"VIIRS","confidence":"n","version":"2.0NRT","bright_ti5":"291.04","frp":"2.02","daynight":"N","commune":"Sainte-Hélène","code_insee":"33417","departement":"Gironde","region":"Nouvelle-Aquitaine"}},{"type":"Feature","geometry":{"type":"Point","coordinates":[-0.92229,44.90895]},"properties":{"latitude":"44.90895","longitude":"-0.92229","bright_ti4":"305.38","scan":"0.46","track":"0.39","acq_date":"2026-07-26","acq_time":"149","satellite":"N20","instrument":"VIIRS","confidence":"n","version":"2.0NRT","bright_ti5":"288.96","frp":"1.54","daynight":"N","commune":"Sainte-Hélène","code_insee":"33417","departement":"Gironde","region":"Nouvelle-Aquitaine"}},{"type":"Feature","geometry":{"type":"Point","coordinates":[-0.92811,44.90965]},"properties":{"latitude":"44.90965","longitude":"-0.92811","bright_ti4":"310.25","scan":"0.46","track":"0.39","acq_date":"2026-07-26","acq_time":"149","satellite":"N20","instrument":"VIIRS","confidence":"n","version":"2.0NRT","bright_ti5":"290.3","frp":"1.54","daynight":"N","commune":"Sainte-Hélène","code_insee":"33417","departement":"Gironde","region":"Nouvelle-Aquitaine"}},{"type":"Feature","geometry":{"type":"Point","coordinates":[-0.93394,44.91035]},"properties":{"latitude":"44.91035","longitude":"-0.93394","bright_ti4":"313.18","scan":"0.46","track":"0.39","acq_date":"2026-07-26","acq_time":"149","satellite":"N20","instrument":"VIIRS","confidence":"n","version":"2.0NRT","bright_ti5":"291.71","frp":"3.75","daynight":"N","commune":"Sainte-Hélène","code_insee":"33417","departement":"Gironde","region":"Nouvelle-Aquitaine"}},{"type":"Feature","geometry":{"type":"Point","coordinates":[-0.93978,44.91105]},"properties":{"latitude":"44.91105","longitude":"-0.93978","bright_ti4":"336.62","scan":"0.46","track":"0.39","acq_date":"2026-07-26","acq_time":"149","satellite":"N20","instrument":"VIIRS","confidence":"n","version":"2.0NRT","bright_ti5":"292.69","frp":"3.75","daynight":"N","commune":"Sainte-Hélène","code_insee":"33417","departement":"Gironde","region":"Nouvelle-Aquitaine"}},{"type":"Feature","geometry":{"type":"Point","coordinates":[-0.93309,44.91393]},"properties":{"latitude":"44.91393","longitude":"-0.93309","bright_ti4":"315.67","scan":"0.46","track":"0.39","acq_date":"2026-07-26","acq_time":"149","satellite":"N20","instrument":"VIIRS","confidence":"n","version":"2.0NRT","bright_ti5":"291.39","frp":"3.75","daynight":"N","commune":"Sainte-Hélène","code_insee":"33417","departement":"Gironde","region":"Nouvelle-Aquitaine"}},{"type":"Feature","geometry":{"type":"Point","coordinates":[-0.93893,44.91463]},"properties":{"latitude":"44.91463","longitude":"-0.93893","bright_ti4":"329.4","scan":"0.46","track":"0.39","acq_date":"2026-07-26","acq_time":"149","satellite":"N20","instrument":"VIIRS","confidence":"n","version":"2.0NRT","bright_ti5":"289.3","frp":"3.75","daynight":"N","commune":"Sainte-Hélène","code_insee":"33417","departement":"Gironde","region":"Nouvelle-Aquitaine"}},{"type":"Feature","geometry":{"type":"Point","coordinates":[-0.99071,44.9245]},"properties":{"latitude":"44.9245","longitude":"-0.99071","bright_ti4":"315.69","scan":"0.46","track":"0.39","acq_date":"2026-07-26","acq_time":"149","satellite":"N20","instrument":"VIIRS","confidence":"n","version":"2.0NRT","bright_ti5":"291.99","frp":"4.35","daynight":"N","commune":"Saumos","code_insee":"33503","departement":"Gironde","region":"Nouvelle-Aquitaine"}},{"type":"Feature","geometry":{"type":"Point","coordinates":[-0.98902,44.93169]},"properties":{"latitude":"44.93169","longitude":"-0.98902","bright_ti4":"306.51","scan":"0.46","track":"0.39","acq_date":"2026-07-26","acq_time":"149","satellite":"N20","instrument":"VIIRS","confidence":"n","version":"2.0NRT","bright_ti5":"290.7","frp":"3.36","daynight":"N","commune":"Saumos","code_insee":"33503","departement":"Gironde","region":"Nouvelle-Aquitaine"}},{"type":"Feature","geometry":{"type":"Point","coordinates":[-1.09754,44.93344]},"properties":{"latitude":"44.93344","longitude":"-1.09754","bright_ti4":"335.53","scan":"0.47","track":"0.4","acq_date":"2026-07-26","acq_time":"149","satellite":"N20","instrument":"VIIRS","confidence":"n","version":"2.0NRT","bright_ti5":"292.2","frp":"4.27","daynight":"N","commune":"Lacanau","code_insee":"33214","departement":"Gironde","region":"Nouvelle-Aquitaine"}},{"type":"Feature","geometry":{"type":"Point","coordinates":[-1.10345,44.93414]},"properties":{"latitude":"44.93414","longitude":"-1.10345","bright_ti4":"327.4","scan":"0.47","track":"0.4","acq_date":"2026-07-26","acq_time":"149","satellite":"N20","instrument":"VIIRS","confidence":"n","version":"2.0NRT","bright_ti5":"279.66","frp":"4.27","daynight":"N","commune":"Lacanau","code_insee":"33214","departement":"Gironde","region":"Nouvelle-Aquitaine"}},{"type":"Feature","geometry":{"type":"Point","coordinates":[-1.09078,44.93636]},"properties":{"latitude":"44.93636","longitude":"-1.09078","bright_ti4":"301.18","scan":"0.47","track":"0.4","acq_date":"2026-07-26","acq_time":"149","satellite":"N20","instrument":"VIIRS","confidence":"n","version":"2.0NRT","bright_ti5":"284.15","frp":"1.5","daynight":"N","commune":"Lacanau","code_insee":"33214","departement":"Gironde","region":"Nouvelle-Aquitaine"}},{"type":"Feature","geometry":{"type":"Point","coordinates":[-1.09669,44.93706]},"properties":{"latitude":"44.93706","longitude":"-1.09669","bright_ti4":"320.74","scan":"0.47","track":"0.4","acq_date":"2026-07-26","acq_time":"149","satellite":"N20","instrument":"VIIRS","confidence":"n","version":"2.0NRT","bright_ti5":"288.8","frp":"3.52","daynight":"N","commune":"Lacanau","code_insee":"33214","departement":"Gironde","region":"Nouvelle-Aquitaine"}},{"type":"Feature","geometry":{"type":"Point","coordinates":[-0.97562,44.93748]},"properties":{"latitude":"44.93748","longitude":"-0.97562","bright_ti4":"307.65","scan":"0.46","track":"0.39","acq_date":"2026-07-26","acq_time":"149","satellite":"N20","instrument":"VIIRS","confidence":"n","version":"2.0NRT","bright_ti5":"287.99","frp":"1.12","daynight":"N","commune":"Saumos","code_insee":"33503","departement":"Gironde","region":"Nouvelle-Aquitaine"}},{"type":"Feature","geometry":{"type":"Point","coordinates":[-1.08403,44.93927]},"properties":{"latitude":"44.93927","longitude":"-1.08403","bright_ti4":"318.3","scan":"0.47","track":"0.4","acq_date":"2026-07-26","acq_time":"149","satellite":"N20","instrument":"VIIRS","confidence":"n","version":"2.0NRT","bright_ti5":"289.15","frp":"1.5","daynight":"N","commune":"Lacanau","code_insee":"33214","departement":"Gironde","region":"Nouvelle-Aquitaine"}},{"type":"Feature","geometry":{"type":"Point","coordinates":[-1.08994,44.93997]},"properties":{"latitude":"44.93997","longitude":"-1.08994","bright_ti4":"301.26","scan":"0.47","track":"0.4","acq_date":"2026-07-26","acq_time":"149","satellite":"N20","instrument":"VIIRS","confidence":"n","version":"2.0NRT","bright_ti5":"283.47","frp":"1.5","daynight":"N","commune":"Lacanau","code_insee":"33214","departement":"Gironde","region":"Nouvelle-Aquitaine"}},{"type":"Feature","geometry":{"type":"Point","coordinates":[-1.06463,44.94439]},"properties":{"latitude":"44.94439","longitude":"-1.06463","bright_ti4":"308.3","scan":"0.47","track":"0.39","acq_date":"2026-07-26","acq_time":"149","satellite":"N20","instrument":"VIIRS","confidence":"n","version":"2.0NRT","bright_ti5":"289.28","frp":"3.67","daynight":"N","commune":"Lacanau","code_insee":"33214","departement":"Gironde","region":"Nouvelle-Aquitaine"}},{"type":"Feature","geometry":{"type":"Point","coordinates":[-1.0579,44.9473]},"properties":{"latitude":"44.9473","longitude":"-1.0579","bright_ti4":"320.19","scan":"0.47","track":"0.39","acq_date":"2026-07-26","acq_time":"149","satellite":"N20","instrument":"VIIRS","confidence":"n","version":"2.0NRT","bright_ti5":"289.79","frp":"6.02","daynight":"N","commune":"Lacanau","code_insee":"33214","departement":"Gironde","region":"Nouvelle-Aquitaine"}},{"type":"Feature","geometry":{"type":"Point","coordinates":[-1.0638,44.948]},"properties":{"latitude":"44.948","longitude":"-1.0638","bright_ti4":"317.27","scan":"0.47","track":"0.39","acq_date":"2026-07-26","acq_time":"149","satellite":"N20","instrument":"VIIRS","confidence":"n","version":"2.0NRT","bright_ti5":"289.35","frp":"6.02","daynight":"N","commune":"Lacanau","code_insee":"33214","departement":"Gironde","region":"Nouvelle-Aquitaine"}},{"type":"Feature","geometry":{"type":"Point","coordinates":[-1.05706,44.9509]},"properties":{"latitude":"44.9509","longitude":"-1.05706","bright_ti4":"345.17","scan":"0.47","track":"0.39","acq_date":"2026-07-26","acq_time":"149","satellite":"N20","instrument":"VIIRS","confidence":"n","version":"2.0NRT","bright_ti5":"296.06","frp":"6.02","daynight":"N","commune":"Lacanau","code_insee":"33214","departement":"Gironde","region":"Nouvelle-Aquitaine"}},{"type":"Feature","geometry":{"type":"Point","coordinates":[-1.05632,44.95119]},"properties":{"latitude":"44.95119","longitude":"-1.05632","bright_ti4":"336.6","scan":"0.47","track":"0.39","acq_date":"2026-07-26","acq_time":"149","satellite":"N20","instrument":"VIIRS","confidence":"n","version":"2.0NRT","bright_ti5":"292.55","frp":"6.95","daynight":"N","commune":"Lacanau","code_insee":"33214","departement":"Gironde","region":"Nouvelle-Aquitaine"}},{"type":"Feature","geometry":{"type":"Point","coordinates":[-1.06223,44.95187]},"properties":{"latitude":"44.95187","longitude":"-1.06223","bright_ti4":"320.06","scan":"0.47","track":"0.39","acq_date":"2026-07-26","acq_time":"149","satellite":"N20","instrument":"VIIRS","confidence":"n","version":"2.0NRT","bright_ti5":"286.56","frp":"3.47","daynight":"N","commune":"Lacanau","code_insee":"33214","departement":"Gironde","region":"Nouvelle-Aquitaine"}},{"type":"Feature","geometry":{"type":"Point","coordinates":[-1.04367,44.95344]},"properties":{"latitude":"44.95344","longitude":"-1.04367","bright_ti4":"307.39","scan":"0.47","track":"0.39","acq_date":"2026-07-26","acq_time":"149","satellite":"N20","instrument":"VIIRS","confidence":"n","version":"2.0NRT","bright_ti5":"284.67","frp":"1.73","daynight":"N","commune":"Lacanau","code_insee":"33214","departement":"Gironde","region":"Nouvelle-Aquitaine"}},{"type":"Feature","geometry":{"type":"Point","coordinates":[-1.04358,44.95671]},"properties":{"latitude":"44.95671","longitude":"-1.04358","bright_ti4":"339.84","scan":"0.47","track":"0.39","acq_date":"2026-07-26","acq_time":"149","satellite":"N20","instrument":"VIIRS","confidence":"n","version":"2.0NRT","bright_ti5":"289.94","frp":"7.32","daynight":"N","commune":"Lacanau","code_insee":"33214","departement":"Gironde","region":"Nouvelle-Aquitaine"}},{"type":"Feature","geometry":{"type":"Point","coordinates":[-1.04283,44.95704]},"properties":{"latitude":"44.95704","longitude":"-1.04283","bright_ti4":"338.93","scan":"0.47","track":"0.39","acq_date":"2026-07-26","acq_time":"149","satellite":"N20","instrument":"VIIRS","confidence":"n","version":"2.0NRT","bright_ti5":"288.53","frp":"3.22","daynight":"N","commune":"Lacanau","code_insee":"33214","departement":"Gironde","region":"Nouvelle-Aquitaine"}},{"type":"Feature","geometry":{"type":"Point","coordinates":[-1.02429,44.95861]},"properties":{"latitude":"44.95861","longitude":"-1.02429","bright_ti4":"315.51","scan":"0.47","track":"0.39","acq_date":"2026-07-26","acq_time":"149","satellite":"N20","instrument":"VIIRS","confidence":"n","version":"2.0NRT","bright_ti5":"288.1","frp":"1.95","daynight":"N","commune":"Lacanau","code_insee":"33214","departement":"Gironde","region":"Nouvelle-Aquitaine"}},{"type":"Feature","geometry":{"type":"Point","coordinates":[-1.03018,44.95929]},"properties":{"latitude":"44.95929","longitude":"-1.03018","bright_ti4":"312.89","scan":"0.47","track":"0.39","acq_date":"2026-07-26","acq_time":"149","satellite":"N20","instrument":"VIIRS","confidence":"n","version":"2.0NRT","bright_ti5":"287.99","frp":"1.95","daynight":"N","commune":"Lacanau","code_insee":"33214","departement":"Gironde","region":"Nouvelle-Aquitaine"}},{"type":"Feature","geometry":{"type":"Point","coordinates":[-1.03608,44.95997]},"properties":{"latitude":"44.95997","longitude":"-1.03608","bright_ti4":"304.77","scan":"0.47","track":"0.39","acq_date":"2026-07-26","acq_time":"149","satellite":"N20","instrument":"VIIRS","confidence":"n","version":"2.0NRT","bright_ti5":"282.36","frp":"3.22","daynight":"N","commune":"Lacanau","code_insee":"33214","departement":"Gironde","region":"Nouvelle-Aquitaine"}},{"type":"Feature","geometry":{"type":"Point","coordinates":[-0.98143,44.96104]},"properties":{"latitude":"44.96104","longitude":"-0.98143","bright_ti4":"302.1","scan":"0.46","track":"0.39","acq_date":"2026-07-26","acq_time":"149","satellite":"N20","instrument":"VIIRS","confidence":"n","version":"2.0NRT","bright_ti5":"287.75","frp":"1.09","daynight":"N","commune":"Sainte-Hélène","code_insee":"33417","departement":"Gironde","region":"Nouvelle-Aquitaine"}},{"type":"Feature","geometry":{"type":"Point","coordinates":[-1.01756,44.96153]},"properties":{"latitude":"44.96153","longitude":"-1.01756","bright_ti4":"303.55","scan":"0.47","track":"0.39","acq_date":"2026-07-26","acq_time":"149","satellite":"N20","instrument":"VIIRS","confidence":"n","version":"2.0NRT","bright_ti5":"287.92","frp":"1.44","daynight":"N","commune":"Lacanau","code_insee":"33214","departement":"Gironde","region":"Nouvelle-Aquitaine"}},{"type":"Feature","geometry":{"type":"Point","coordinates":[-1.02345,44.96221]},"properties":{"latitude":"44.96221","longitude":"-1.02345","bright_ti4":"329.32","scan":"0.47","track":"0.39","acq_date":"2026-07-26","acq_time":"149","satellite":"N20","instrument":"VIIRS","confidence":"n","version":"2.0NRT","bright_ti5":"293.09","frp":"2.7","daynight":"N","commune":"Lacanau","code_insee":"33214","departement":"Gironde","region":"Nouvelle-Aquitaine"}},{"type":"Feature","geometry":{"type":"Point","coordinates":[-1.02934,44.96289]},"properties":{"latitude":"44.96289","longitude":"-1.02934","bright_ti4":"306.65","scan":"0.47","track":"0.39","acq_date":"2026-07-26","acq_time":"149","satellite":"N20","instrument":"VIIRS","confidence":"n","version":"2.0NRT","bright_ti5":"283.02","frp":"2.7","daynight":"N","commune":"Lacanau","code_insee":"33214","departement":"Gironde","region":"Nouvelle-Aquitaine"}},{"type":"Feature","geometry":{"type":"Point","coordinates":[-1.01083,44.96445]},"properties":{"latitude":"44.96445","longitude":"-1.01083","bright_ti4":"300.16","scan":"0.47","track":"0.39","acq_date":"2026-07-26","acq_time":"149","satellite":"N20","instrument":"VIIRS","confidence":"n","version":"2.0NRT","bright_ti5":"285.7","frp":"1.44","daynight":"N","commune":"Lacanau","code_insee":"33214","departement":"Gironde","region":"Nouvelle-Aquitaine"}},{"type":"Feature","geometry":{"type":"Point","coordinates":[-0.98058,44.96463]},"properties":{"latitude":"44.96463","longitude":"-0.98058","bright_ti4":"315.19","scan":"0.46","track":"0.39","acq_date":"2026-07-26","acq_time":"149","satellite":"N20","instrument":"VIIRS","confidence":"n","version":"2.0NRT","bright_ti5":"286.68","frp":"1.7","daynight":"N","commune":"Sainte-Hélène","code_insee":"33417","departement":"Gironde","region":"Nouvelle-Aquitaine"}},{"type":"Feature","geometry":{"type":"Point","coordinates":[-0.99821,44.96669]},"properties":{"latitude":"44.96669","longitude":"-0.99821","bright_ti4":"306.93","scan":"0.46","track":"0.39","acq_date":"2026-07-26","acq_time":"149","satellite":"N20","instrument":"VIIRS","confidence":"n","version":"2.0NRT","bright_ti5":"287.64","frp":"2.2","daynight":"N","commune":"Lacanau","code_insee":"33214","departement":"Gironde","region":"Nouvelle-Aquitaine"}},{"type":"Feature","geometry":{"type":"Point","coordinates":[-1.00409,44.96737]},"properties":{"latitude":"44.96737","longitude":"-1.00409","bright_ti4":"313.16","scan":"0.46","track":"0.39","acq_date":"2026-07-26","acq_time":"149","satellite":"N20","instrument":"VIIRS","confidence":"n","version":"2.0NRT","bright_ti5":"285.55","frp":"2.2","daynight":"N","commune":"Lacanau","code_insee":"33214","departement":"Gironde","region":"Nouvelle-Aquitaine"}},{"type":"Feature","geometry":{"type":"Point","coordinates":[-0.99149,44.9696]},"properties":{"latitude":"44.9696","longitude":"-0.99149","bright_ti4":"304.19","scan":"0.46","track":"0.39","acq_date":"2026-07-26","acq_time":"149","satellite":"N20","instrument":"VIIRS","confidence":"n","version":"2.0NRT","bright_ti5":"289.81","frp":"2.73","daynight":"N","commune":"Sainte-Hélène","code_insee":"33417","departement":"Gironde","region":"Nouvelle-Aquitaine"}},{"type":"Feature","geometry":{"type":"Point","coordinates":[-0.99736,44.97029]},"properties":{"latitude":"44.97029","longitude":"-0.99736","bright_ti4":"317.41","scan":"0.46","track":"0.39","acq_date":"2026-07-26","acq_time":"149","satellite":"N20","instrument":"VIIRS","confidence":"n","version":"2.0NRT","bright_ti5":"288.66","frp":"2.2","daynight":"N","commune":"Lacanau","code_insee":"33214","departement":"Gironde","region":"Nouvelle-Aquitaine"}},{"type":"Feature","geometry":{"type":"Point","coordinates":[-1.00324,44.97097]},"properties":{"latitude":"44.97097","longitude":"-1.00324","bright_ti4":"326.96","scan":"0.46","track":"0.39","acq_date":"2026-07-26","acq_time":"149","satellite":"N20","instrument":"VIIRS","confidence":"n","version":"2.0NRT","bright_ti5":"287.68","frp":"2.2","daynight":"N","commune":"Lacanau","code_insee":"33214","departement":"Gironde","region":"Nouvelle-Aquitaine"}},{"type":"Feature","geometry":{"type":"Point","coordinates":[-0.99064,44.9732]},"properties":{"latitude":"44.9732","longitude":"-0.99064","bright_ti4":"309.41","scan":"0.46","track":"0.39","acq_date":"2026-07-26","acq_time":"149","satellite":"N20","instrument":"VIIRS","confidence":"n","version":"2.0NRT","bright_ti5":"288.35","frp":"2.13","daynight":"N","commune":"Sainte-Hélène","code_insee":"33417","departement":"Gironde","region":"Nouvelle-Aquitaine"}},{"type":"Feature","geometry":{"type":"Point","coordinates":[-0.14082,46.8063]},"properties":{"latitude":"46.8063","longitude":"-0.14082","bright_ti4":"297.72","scan":"0.45","track":"0.39","acq_date":"2026-07-26","acq_time":"149","satellite":"N20","instrument":"VIIRS","confidence":"n","version":"2.0NRT","bright_ti5":"287.17","frp":"0.7","daynight":"N","commune":"Airvault","code_insee":"79005","departement":"Deux-Sèvres","region":"Nouvelle-Aquitaine"}},{"type":"Feature","geometry":{"type":"Point","coordinates":[0.15592,46.80733]},"properties":{"latitude":"46.80733","longitude":"0.15592","bright_ti4":"339.12","scan":"0.45","track":"0.39","acq_date":"2026-07-26","acq_time":"149","satellite":"N20","instrument":"VIIRS","confidence":"n","version":"2.0NRT","bright_ti5":"290.84","frp":"9.22","daynight":"N","commune":"Chouppes","code_insee":"86075","departement":"Vienne","region":"Nouvelle-Aquitaine"}},{"type":"Feature","geometry":{"type":"Point","coordinates":[-0.10272,46.97595]},"properties":{"latitude":"46.97595","longitude":"-0.10272","bright_ti4":"305.91","scan":"0.46","track":"0.39","acq_date":"2026-07-26","acq_time":"149","satellite":"N20","instrument":"VIIRS","confidence":"n","version":"2.0NRT","bright_ti5":"286.86","frp":"1.24","daynight":"N","commune":"Saint-Léger-de-Montbrun","code_insee":"79265","departement":"Deux-Sèvres","region":"Nouvelle-Aquitaine"}},{"type":"Feature","geometry":{"type":"Point","coordinates":[6.96846,48.68999]},"properties":{"latitude":"48.68999","longitude":"6.96846","bright_ti4":"309.68","scan":"0.4","track":"0.37","acq_date":"2026-07-26","acq_time":"149","satellite":"N20","instrument":"VIIRS","confidence":"n","version":"2.0NRT","bright_ti5":"289.25","frp":"0.89","daynight":"N","commune":"Héming","code_insee":"57314","departement":"Moselle","region":"Grand Est"}},{"type":"Feature","geometry":{"type":"Point","coordinates":[2.73594,48.9501]},"properties":{"latitude":"48.9501","longitude":"2.73594","bright_ti4":"300.14","scan":"0.4","track":"0.37","acq_date":"2026-07-26","acq_time":"149","satellite":"N20","instrument":"VIIRS","confidence":"n","version":"2.0NRT","bright_ti5":"288.36","frp":"0.68","daynight":"N","commune":"Fresnes-sur-Marne","code_insee":"77196","departement":"Seine-et-Marne","region":"Île-de-France"}},{"type":"Feature","geometry":{"type":"Point","coordinates":[3.49159,50.33672]},"properties":{"latitude":"50.33672","longitude":"3.49159","bright_ti4":"308","scan":"0.4","track":"0.37","acq_date":"2026-07-26","acq_time":"149","satellite":"N20","instrument":"VIIRS","confidence":"n","version":"2.0NRT","bright_ti5":"286.89","frp":"0.69","daynight":"N","commune":"Trith-Saint-Léger","code_insee":"59603","departement":"Nord","region":"Hauts-de-France"}},{"type":"Feature","geometry":{"type":"Point","coordinates":[3.49827,50.33927]},"properties":{"latitude":"50.33927","longitude":"3.49827","bright_ti4":"304.84","scan":"0.4","track":"0.37","acq_date":"2026-07-26","acq_time":"149","satellite":"N20","instrument":"VIIRS","confidence":"n","version":"2.0NRT","bright_ti5":"288.34","frp":"1.13","daynight":"N","commune":"Valenciennes","code_insee":"59606","departement":"Nord","region":"Hauts-de-France"}},{"type":"Feature","geometry":{"type":"Point","coordinates":[3.49272,50.34005]},"properties":{"latitude":"50.34005","longitude":"3.49272","bright_ti4":"300.47","scan":"0.4","track":"0.37","acq_date":"2026-07-26","acq_time":"149","satellite":"N20","instrument":"VIIRS","confidence":"n","version":"2.0NRT","bright_ti5":"287.83","frp":"0.69","daynight":"N","commune":"Valenciennes","code_insee":"59606","departement":"Nord","region":"Hauts-de-France"}},{"type":"Feature","geometry":{"type":"Point","coordinates":[2.11299,50.69817]},"properties":{"latitude":"50.69817","longitude":"2.11299","bright_ti4":"303.28","scan":"0.43","track":"0.38","acq_date":"2026-07-26","acq_time":"149","satellite":"N20","instrument":"VIIRS","confidence":"n","version":"2.0NRT","bright_ti5":"287.42","frp":"0.91","daynight":"N","commune":"Lumbres","code_insee":"62534","departement":"Pas-de-Calais","region":"Hauts-de-France"}},{"type":"Feature","geometry":{"type":"Point","coordinates":[2.26111,42.49196]},"properties":{"latitude":"42.49196","longitude":"2.26111","bright_ti4":"307.49","scan":"0.38","track":"0.36","acq_date":"2026-07-26","acq_time":"152","satellite":"N20","instrument":"VIIRS","confidence":"n","version":"2.0NRT","bright_ti5":"280.14","frp":"0.88","daynight":"N","commune":"Nyer","code_insee":"66123","departement":"Pyrénées-Orientales","region":"Occitanie"}},{"type":"Feature","geometry":{"type":"Point","coordinates":[4.87804,43.44342]},"properties":{"latitude":"43.44342","longitude":"4.87804","bright_ti4":"328.36","scan":"0.4","track":"0.37","acq_date":"2026-07-26","acq_time":"152","satellite":"N20","instrument":"VIIRS","confidence":"n","version":"2.0NRT","bright_ti5":"290.6","frp":"2.6","daynight":"N","commune":"Fos-sur-Mer","code_insee":"13039","departement":"Bouches-du-Rhône","region":"Provence-Alpes-Côte d'Azur"}},{"type":"Feature","geometry":{"type":"Point","coordinates":[-1.10376,44.38314]},"properties":{"latitude":"44.38314","longitude":"-1.10376","bright_ti4":"307.79","scan":"0.46","track":"0.39","acq_date":"2026-07-26","acq_time":"152","satellite":"N20","instrument":"VIIRS","confidence":"n","version":"2.0NRT","bright_ti5":"286.95","frp":"2.63","daynight":"N","commune":"Parentis-en-Born","code_insee":"40217","departement":"Landes","region":"Nouvelle-Aquitaine"}},{"type":"Feature","geometry":{"type":"Point","coordinates":[2.29253,51.03586]},"properties":{"latitude":"51.03586","longitude":"2.29253","bright_ti4":"299.24","scan":"0.65","track":"0.73","acq_date":"2026-07-26","acq_time":"328","satellite":"N20","instrument":"VIIRS","confidence":"n","version":"2.0NRT","bright_ti5":"284.26","frp":"2.26","daynight":"N","commune":"Grande-Synthe","code_insee":"59271","departement":"Nord","region":"Hauts-de-France"}},{"type":"Feature","geometry":{"type":"Point","coordinates":[0.15549,46.80612]},"properties":{"latitude":"46.80612","longitude":"0.15549","bright_ti4":"318.3","scan":"0.77","track":"0.77","acq_date":"2026-07-26","acq_time":"330","satellite":"N20","instrument":"VIIRS","confidence":"n","version":"2.0NRT","bright_ti5":"283.85","frp":"3.63","daynight":"N","commune":"Chouppes","code_insee":"86075","departement":"Vienne","region":"Nouvelle-Aquitaine"}},{"type":"Feature","geometry":{"type":"Point","coordinates":[9.09293,42.26518]},"properties":{"latitude":"42.26518","longitude":"9.09293","bright_ti4":"347.81","scan":"0.34","track":"0.56","acq_date":"2026-07-26","acq_time":"1134","satellite":"N20","instrument":"VIIRS","confidence":"n","version":"2.0NRT","bright_ti5":"303.44","frp":"4.44","daynight":"D","commune":"Corte","code_insee":"2B096","departement":"Haute-Corse","region":"Corse"}},{"type":"Feature","geometry":{"type":"Point","coordinates":[4.88197,43.43898]},"properties":{"latitude":"43.43898","longitude":"4.88197","bright_ti4":"354.26","scan":"0.49","track":"0.65","acq_date":"2026-07-26","acq_time":"1134","satellite":"N20","instrument":"VIIRS","confidence":"n","version":"2.0NRT","bright_ti5":"290.62","frp":"9.82","daynight":"D","commune":"Fos-sur-Mer","code_insee":"13039","departement":"Bouches-du-Rhône","region":"Provence-Alpes-Côte d'Azur"}},{"type":"Feature","geometry":{"type":"Point","coordinates":[4.88197,43.44201]},"properties":{"latitude":"43.44201","longitude":"4.88197","bright_ti4":"353.62","scan":"0.49","track":"0.65","acq_date":"2026-07-26","acq_time":"1134","satellite":"N20","instrument":"VIIRS","confidence":"n","version":"2.0NRT","bright_ti5":"291.79","frp":"13.41","daynight":"D","commune":"Fos-sur-Mer","code_insee":"13039","departement":"Bouches-du-Rhône","region":"Provence-Alpes-Côte d'Azur"}},{"type":"Feature","geometry":{"type":"Point","coordinates":[4.87875,43.44454]},"properties":{"latitude":"43.44454","longitude":"4.87875","bright_ti4":"334.78","scan":"0.49","track":"0.65","acq_date":"2026-07-26","acq_time":"1134","satellite":"N20","instrument":"VIIRS","confidence":"n","version":"2.0NRT","bright_ti5":"288.93","frp":"9.82","daynight":"D","commune":"Fos-sur-Mer","code_insee":"13039","departement":"Bouches-du-Rhône","region":"Provence-Alpes-Côte d'Azur"}},{"type":"Feature","geometry":{"type":"Point","coordinates":[6.03098,43.51843]},"properties":{"latitude":"43.51843","longitude":"6.03098","bright_ti4":"367","scan":"0.43","track":"0.62","acq_date":"2026-07-26","acq_time":"1134","satellite":"N20","instrument":"VIIRS","confidence":"h","version":"2.0NRT","bright_ti5":"293.25","frp":"22.66","daynight":"D","commune":"Châteauvert","code_insee":"83039","departement":"Var","region":"Provence-Alpes-Côte d'Azur"}},{"type":"Feature","geometry":{"type":"Point","coordinates":[6.02237,43.52209]},"properties":{"latitude":"43.52209","longitude":"6.02237","bright_ti4":"337.52","scan":"0.43","track":"0.62","acq_date":"2026-07-26","acq_time":"1134","satellite":"N20","instrument":"VIIRS","confidence":"n","version":"2.0NRT","bright_ti5":"291.87","frp":"24.26","daynight":"D","commune":"Châteauvert","code_insee":"83039","departement":"Var","region":"Provence-Alpes-Côte d'Azur"}},{"type":"Feature","geometry":{"type":"Point","coordinates":[6.02814,43.52378]},"properties":{"latitude":"43.52378","longitude":"6.02814","bright_ti4":"367","scan":"0.43","track":"0.62","acq_date":"2026-07-26","acq_time":"1134","satellite":"N20","instrument":"VIIRS","confidence":"h","version":"2.0NRT","bright_ti5":"292.93","frp":"22.66","daynight":"D","commune":"Châteauvert","code_insee":"83039","departement":"Var","region":"Provence-Alpes-Côte d'Azur"}},{"type":"Feature","geometry":{"type":"Point","coordinates":[6.96692,48.68944]},"properties":{"latitude":"48.68944","longitude":"6.96692","bright_ti4":"299.71","scan":"0.54","track":"0.51","acq_date":"2026-07-26","acq_time":"54","satellite":"N21","instrument":"VIIRS","confidence":"n","version":"2.0NRT","bright_ti5":"287.62","frp":"1.07","daynight":"N","commune":"Héming","code_insee":"57314","departement":"Moselle","region":"Grand Est"}},{"type":"Feature","geometry":{"type":"Point","coordinates":[3.49079,50.3369]},"properties":{"latitude":"50.3369","longitude":"3.49079","bright_ti4":"296.58","scan":"0.41","track":"0.6","acq_date":"2026-07-26","acq_time":"54","satellite":"N21","instrument":"VIIRS","confidence":"n","version":"2.0NRT","bright_ti5":"286.13","frp":"0.63","daynight":"N","commune":"Trith-Saint-Léger","code_insee":"59603","departement":"Nord","region":"Hauts-de-France"}},{"type":"Feature","geometry":{"type":"Point","coordinates":[3.49224,50.33776]},"properties":{"latitude":"50.33776","longitude":"3.49224","bright_ti4":"297.52","scan":"0.4","track":"0.6","acq_date":"2026-07-26","acq_time":"54","satellite":"N21","instrument":"VIIRS","confidence":"n","version":"2.0NRT","bright_ti5":"286.74","frp":"0.88","daynight":"N","commune":"Trith-Saint-Léger","code_insee":"59603","departement":"Nord","region":"Hauts-de-France"}},{"type":"Feature","geometry":{"type":"Point","coordinates":[2.28157,51.03818]},"properties":{"latitude":"51.03818","longitude":"2.28157","bright_ti4":"306.67","scan":"0.46","track":"0.64","acq_date":"2026-07-26","acq_time":"54","satellite":"N21","instrument":"VIIRS","confidence":"n","version":"2.0NRT","bright_ti5":"280.66","frp":"4.09","daynight":"N","commune":"Grande-Synthe","code_insee":"59271","departement":"Nord","region":"Hauts-de-France"}},{"type":"Feature","geometry":{"type":"Point","coordinates":[2.25752,42.48891]},"properties":{"latitude":"42.48891","longitude":"2.25752","bright_ti4":"324.52","scan":"0.41","track":"0.61","acq_date":"2026-07-26","acq_time":"56","satellite":"N21","instrument":"VIIRS","confidence":"n","version":"2.0NRT","bright_ti5":"279.88","frp":"2.36","daynight":"N","commune":"Nyer","code_insee":"66123","departement":"Pyrénées-Orientales","region":"Occitanie"}},{"type":"Feature","geometry":{"type":"Point","coordinates":[2.25268,42.49074]},"properties":{"latitude":"42.49074","longitude":"2.25268","bright_ti4":"315.38","scan":"0.41","track":"0.61","acq_date":"2026-07-26","acq_time":"56","satellite":"N21","instrument":"VIIRS","confidence":"n","version":"2.0NRT","bright_ti5":"281.83","frp":"2.66","daynight":"N","commune":"Nyer","code_insee":"66123","departement":"Pyrénées-Orientales","region":"Occitanie"}},{"type":"Feature","geometry":{"type":"Point","coordinates":[9.39775,42.6284]},"properties":{"latitude":"42.6284","longitude":"9.39775","bright_ti4":"309.55","scan":"0.54","track":"0.42","acq_date":"2026-07-26","acq_time":"56","satellite":"N21","instrument":"VIIRS","confidence":"n","version":"2.0NRT","bright_ti5":"290.74","frp":"2.85","daynight":"N","commune":"Oletta","code_insee":"2B185","departement":"Haute-Corse","region":"Corse"}},{"type":"Feature","geometry":{"type":"Point","coordinates":[4.88076,43.44374]},"properties":{"latitude":"43.44374","longitude":"4.88076","bright_ti4":"325.73","scan":"0.61","track":"0.54","acq_date":"2026-07-26","acq_time":"56","satellite":"N21","instrument":"VIIRS","confidence":"n","version":"2.0NRT","bright_ti5":"289.98","frp":"7.37","daynight":"N","commune":"Fos-sur-Mer","code_insee":"13039","departement":"Bouches-du-Rhône","region":"Provence-Alpes-Côte d'Azur"}},{"type":"Feature","geometry":{"type":"Point","coordinates":[6.00156,43.5304]},"properties":{"latitude":"43.5304","longitude":"6.00156","bright_ti4":"305.45","scan":"0.54","track":"0.51","acq_date":"2026-07-26","acq_time":"56","satellite":"N21","instrument":"VIIRS","confidence":"n","version":"2.0NRT","bright_ti5":"287.41","frp":"2.28","daynight":"N","commune":"Barjols","code_insee":"83012","departement":"Var","region":"Provence-Alpes-Côte d'Azur"}},{"type":"Feature","geometry":{"type":"Point","coordinates":[5.98419,43.55043]},"properties":{"latitude":"43.55043","longitude":"5.98419","bright_ti4":"311.58","scan":"0.54","track":"0.51","acq_date":"2026-07-26","acq_time":"56","satellite":"N21","instrument":"VIIRS","confidence":"n","version":"2.0NRT","bright_ti5":"287.03","frp":"2.93","daynight":"N","commune":"Barjols","code_insee":"83012","departement":"Var","region":"Provence-Alpes-Côte d'Azur"}},{"type":"Feature","geometry":{"type":"Point","coordinates":[4.69211,44.08902]},"properties":{"latitude":"44.08902","longitude":"4.69211","bright_ti4":"298.25","scan":"0.32","track":"0.54","acq_date":"2026-07-26","acq_time":"56","satellite":"N21","instrument":"VIIRS","confidence":"n","version":"2.0NRT","bright_ti5":"287.4","frp":"0.8","daynight":"N","commune":"Laudun-l'Ardoise","code_insee":"30141","departement":"Gard","region":"Occitanie"}},{"type":"Feature","geometry":{"type":"Point","coordinates":[-0.83069,44.72943]},"properties":{"latitude":"44.72943","longitude":"-0.83069","bright_ti4":"302.52","scan":"0.61","track":"0.71","acq_date":"2026-07-26","acq_time":"56","satellite":"N21","instrument":"VIIRS","confidence":"n","version":"2.0NRT","bright_ti5":"281.18","frp":"8.68","daynight":"N","commune":"Marcheprime","code_insee":"33555","departement":"Gironde","region":"Nouvelle-Aquitaine"}},{"type":"Feature","geometry":{"type":"Point","coordinates":[-0.83843,44.72948]},"properties":{"latitude":"44.72948","longitude":"-0.83843","bright_ti4":"351.9","scan":"0.61","track":"0.71","acq_date":"2026-07-26","acq_time":"56","satellite":"N21","instrument":"VIIRS","confidence":"n","version":"2.0NRT","bright_ti5":"286.15","frp":"8.68","daynight":"N","commune":"Marcheprime","code_insee":"33555","departement":"Gironde","region":"Nouvelle-Aquitaine"}},{"type":"Feature","geometry":{"type":"Point","coordinates":[-0.84627,44.72953]},"properties":{"latitude":"44.72953","longitude":"-0.84627","bright_ti4":"334.11","scan":"0.61","track":"0.71","acq_date":"2026-07-26","acq_time":"56","satellite":"N21","instrument":"VIIRS","confidence":"n","version":"2.0NRT","bright_ti5":"284.28","frp":"8.77","daynight":"N","commune":"Audenge","code_insee":"33019","departement":"Gironde","region":"Nouvelle-Aquitaine"}},{"type":"Feature","geometry":{"type":"Point","coordinates":[-0.85405,44.72959]},"properties":{"latitude":"44.72959","longitude":"-0.85405","bright_ti4":"317.38","scan":"0.61","track":"0.71","acq_date":"2026-07-26","acq_time":"56","satellite":"N21","instrument":"VIIRS","confidence":"n","version":"2.0NRT","bright_ti5":"281.3","frp":"8.77","daynight":"N","commune":"Audenge","code_insee":"33019","departement":"Gironde","region":"Nouvelle-Aquitaine"}},{"type":"Feature","geometry":{"type":"Point","coordinates":[-0.86184,44.72964]},"properties":{"latitude":"44.72964","longitude":"-0.86184","bright_ti4":"323.51","scan":"0.61","track":"0.71","acq_date":"2026-07-26","acq_time":"56","satellite":"N21","instrument":"VIIRS","confidence":"n","version":"2.0NRT","bright_ti5":"280.33","frp":"7.56","daynight":"N","commune":"Audenge","code_insee":"33019","departement":"Gironde","region":"Nouvelle-Aquitaine"}},{"type":"Feature","geometry":{"type":"Point","coordinates":[-0.86968,44.72969]},"properties":{"latitude":"44.72969","longitude":"-0.86968","bright_ti4":"331.51","scan":"0.61","track":"0.71","acq_date":"2026-07-26","acq_time":"56","satellite":"N21","instrument":"VIIRS","confidence":"n","version":"2.0NRT","bright_ti5":"281.15","frp":"7.56","daynight":"N","commune":"Audenge","code_insee":"33019","departement":"Gironde","region":"Nouvelle-Aquitaine"}},{"type":"Feature","geometry":{"type":"Point","coordinates":[-0.87757,44.72975]},"properties":{"latitude":"44.72975","longitude":"-0.87757","bright_ti4":"310.75","scan":"0.62","track":"0.71","acq_date":"2026-07-26","acq_time":"56","satellite":"N21","instrument":"VIIRS","confidence":"n","version":"2.0NRT","bright_ti5":"277.43","frp":"6.61","daynight":"N","commune":"Audenge","code_insee":"33019","departement":"Gironde","region":"Nouvelle-Aquitaine"}},{"type":"Feature","geometry":{"type":"Point","coordinates":[-0.83846,44.73604]},"properties":{"latitude":"44.73604","longitude":"-0.83846","bright_ti4":"300.31","scan":"0.61","track":"0.71","acq_date":"2026-07-26","acq_time":"56","satellite":"N21","instrument":"VIIRS","confidence":"n","version":"2.0NRT","bright_ti5":"280.27","frp":"8.68","daynight":"N","commune":"Audenge","code_insee":"33019","departement":"Gironde","region":"Nouvelle-Aquitaine"}},{"type":"Feature","geometry":{"type":"Point","coordinates":[-0.84628,44.7361]},"properties":{"latitude":"44.7361","longitude":"-0.84628","bright_ti4":"319.35","scan":"0.61","track":"0.71","acq_date":"2026-07-26","acq_time":"56","satellite":"N21","instrument":"VIIRS","confidence":"n","version":"2.0NRT","bright_ti5":"283.4","frp":"8.77","daynight":"N","commune":"Audenge","code_insee":"33019","departement":"Gironde","region":"Nouvelle-Aquitaine"}},{"type":"Feature","geometry":{"type":"Point","coordinates":[-0.85406,44.73615]},"properties":{"latitude":"44.73615","longitude":"-0.85406","bright_ti4":"312.21","scan":"0.61","track":"0.71","acq_date":"2026-07-26","acq_time":"56","satellite":"N21","instrument":"VIIRS","confidence":"n","version":"2.0NRT","bright_ti5":"282.69","frp":"8.77","daynight":"N","commune":"Audenge","code_insee":"33019","departement":"Gironde","region":"Nouvelle-Aquitaine"}},{"type":"Feature","geometry":{"type":"Point","coordinates":[-0.86184,44.73621]},"properties":{"latitude":"44.73621","longitude":"-0.86184","bright_ti4":"323.55","scan":"0.61","track":"0.71","acq_date":"2026-07-26","acq_time":"56","satellite":"N21","instrument":"VIIRS","confidence":"n","version":"2.0NRT","bright_ti5":"282.53","frp":"7.56","daynight":"N","commune":"Audenge","code_insee":"33019","departement":"Gironde","region":"Nouvelle-Aquitaine"}},{"type":"Feature","geometry":{"type":"Point","coordinates":[-0.86967,44.73626]},"properties":{"latitude":"44.73626","longitude":"-0.86967","bright_ti4":"319.63","scan":"0.61","track":"0.71","acq_date":"2026-07-26","acq_time":"56","satellite":"N21","instrument":"VIIRS","confidence":"n","version":"2.0NRT","bright_ti5":"283.22","frp":"7.56","daynight":"N","commune":"Audenge","code_insee":"33019","departement":"Gironde","region":"Nouvelle-Aquitaine"}},{"type":"Feature","geometry":{"type":"Point","coordinates":[-0.87752,44.73632]},"properties":{"latitude":"44.73632","longitude":"-0.87752","bright_ti4":"310.73","scan":"0.62","track":"0.71","acq_date":"2026-07-26","acq_time":"56","satellite":"N21","instrument":"VIIRS","confidence":"n","version":"2.0NRT","bright_ti5":"280.55","frp":"6.61","daynight":"N","commune":"Audenge","code_insee":"33019","departement":"Gironde","region":"Nouvelle-Aquitaine"}},{"type":"Feature","geometry":{"type":"Point","coordinates":[-0.88537,44.73637]},"properties":{"latitude":"44.73637","longitude":"-0.88537","bright_ti4":"318.38","scan":"0.62","track":"0.71","acq_date":"2026-07-26","acq_time":"56","satellite":"N21","instrument":"VIIRS","confidence":"n","version":"2.0NRT","bright_ti5":"282.3","frp":"6.61","daynight":"N","commune":"Audenge","code_insee":"33019","departement":"Gironde","region":"Nouvelle-Aquitaine"}},{"type":"Feature","geometry":{"type":"Point","coordinates":[-0.85636,44.74154]},"properties":{"latitude":"44.74154","longitude":"-0.85636","bright_ti4":"301.59","scan":"0.61","track":"0.71","acq_date":"2026-07-26","acq_time":"56","satellite":"N21","instrument":"VIIRS","confidence":"n","version":"2.0NRT","bright_ti5":"280.87","frp":"1.92","daynight":"N","commune":"Audenge","code_insee":"33019","departement":"Gironde","region":"Nouvelle-Aquitaine"}},{"type":"Feature","geometry":{"type":"Point","coordinates":[-0.86416,44.74156]},"properties":{"latitude":"44.74156","longitude":"-0.86416","bright_ti4":"308.94","scan":"0.61","track":"0.71","acq_date":"2026-07-26","acq_time":"56","satellite":"N21","instrument":"VIIRS","confidence":"n","version":"2.0NRT","bright_ti5":"282.42","frp":"1.92","daynight":"N","commune":"Audenge","code_insee":"33019","departement":"Gironde","region":"Nouvelle-Aquitaine"}},{"type":"Feature","geometry":{"type":"Point","coordinates":[-0.87196,44.74158]},"properties":{"latitude":"44.74158","longitude":"-0.87196","bright_ti4":"302.71","scan":"0.62","track":"0.71","acq_date":"2026-07-26","acq_time":"56","satellite":"N21","instrument":"VIIRS","confidence":"n","version":"2.0NRT","bright_ti5":"280.42","frp":"3.51","daynight":"N","commune":"Audenge","code_insee":"33019","departement":"Gironde","region":"Nouvelle-Aquitaine"}},{"type":"Feature","geometry":{"type":"Point","coordinates":[-0.87979,44.7416]},"properties":{"latitude":"44.7416","longitude":"-0.87979","bright_ti4":"306.21","scan":"0.62","track":"0.71","acq_date":"2026-07-26","acq_time":"56","satellite":"N21","instrument":"VIIRS","confidence":"n","version":"2.0NRT","bright_ti5":"280.86","frp":"3.51","daynight":"N","commune":"Audenge","code_insee":"33019","departement":"Gironde","region":"Nouvelle-Aquitaine"}},{"type":"Feature","geometry":{"type":"Point","coordinates":[-0.88765,44.74161]},"properties":{"latitude":"44.74161","longitude":"-0.88765","bright_ti4":"307.93","scan":"0.62","track":"0.71","acq_date":"2026-07-26","acq_time":"56","satellite":"N21","instrument":"VIIRS","confidence":"n","version":"2.0NRT","bright_ti5":"280.83","frp":"3.42","daynight":"N","commune":"Audenge","code_insee":"33019","departement":"Gironde","region":"Nouvelle-Aquitaine"}},{"type":"Feature","geometry":{"type":"Point","coordinates":[-0.89551,44.74163]},"properties":{"latitude":"44.74163","longitude":"-0.89551","bright_ti4":"300.61","scan":"0.62","track":"0.71","acq_date":"2026-07-26","acq_time":"56","satellite":"N21","instrument":"VIIRS","confidence":"n","version":"2.0NRT","bright_ti5":"276.99","frp":"3.42","daynight":"N","commune":"Audenge","code_insee":"33019","departement":"Gironde","region":"Nouvelle-Aquitaine"}},{"type":"Feature","geometry":{"type":"Point","coordinates":[-0.90339,44.74165]},"properties":{"latitude":"44.74165","longitude":"-0.90339","bright_ti4":"302.09","scan":"0.62","track":"0.71","acq_date":"2026-07-26","acq_time":"56","satellite":"N21","instrument":"VIIRS","confidence":"n","version":"2.0NRT","bright_ti5":"276.47","frp":"2.78","daynight":"N","commune":"Audenge","code_insee":"33019","departement":"Gironde","region":"Nouvelle-Aquitaine"}},{"type":"Feature","geometry":{"type":"Point","coordinates":[-0.9272,44.74169]},"properties":{"latitude":"44.74169","longitude":"-0.9272","bright_ti4":"301.85","scan":"0.62","track":"0.71","acq_date":"2026-07-26","acq_time":"56","satellite":"N21","instrument":"VIIRS","confidence":"n","version":"2.0NRT","bright_ti5":"274.28","frp":"2.5","daynight":"N","commune":"Audenge","code_insee":"33019","departement":"Gironde","region":"Nouvelle-Aquitaine"}},{"type":"Feature","geometry":{"type":"Point","coordinates":[-0.86185,44.74277]},"properties":{"latitude":"44.74277","longitude":"-0.86185","bright_ti4":"308.59","scan":"0.61","track":"0.71","acq_date":"2026-07-26","acq_time":"56","satellite":"N21","instrument":"VIIRS","confidence":"n","version":"2.0NRT","bright_ti5":"282.04","frp":"3.64","daynight":"N","commune":"Audenge","code_insee":"33019","departement":"Gironde","region":"Nouvelle-Aquitaine"}},{"type":"Feature","geometry":{"type":"Point","coordinates":[-0.86965,44.74283]},"properties":{"latitude":"44.74283","longitude":"-0.86965","bright_ti4":"305.38","scan":"0.61","track":"0.71","acq_date":"2026-07-26","acq_time":"56","satellite":"N21","instrument":"VIIRS","confidence":"n","version":"2.0NRT","bright_ti5":"280.19","frp":"3.64","daynight":"N","commune":"Audenge","code_insee":"33019","departement":"Gironde","region":"Nouvelle-Aquitaine"}},{"type":"Feature","geometry":{"type":"Point","coordinates":[-0.88531,44.74294]},"properties":{"latitude":"44.74294","longitude":"-0.88531","bright_ti4":"306.18","scan":"0.62","track":"0.71","acq_date":"2026-07-26","acq_time":"56","satellite":"N21","instrument":"VIIRS","confidence":"n","version":"2.0NRT","bright_ti5":"280.75","frp":"6.91","daynight":"N","commune":"Audenge","code_insee":"33019","departement":"Gironde","region":"Nouvelle-Aquitaine"}},{"type":"Feature","geometry":{"type":"Point","coordinates":[-0.89535,44.75478]},"properties":{"latitude":"44.75478","longitude":"-0.89535","bright_ti4":"310.63","scan":"0.62","track":"0.71","acq_date":"2026-07-26","acq_time":"56","satellite":"N21","instrument":"VIIRS","confidence":"n","version":"2.0NRT","bright_ti5":"279.7","frp":"6.37","daynight":"N","commune":"Audenge","code_insee":"33019","departement":"Gironde","region":"Nouvelle-Aquitaine"}},{"type":"Feature","geometry":{"type":"Point","coordinates":[-0.90324,44.7548]},"properties":{"latitude":"44.7548","longitude":"-0.90324","bright_ti4":"305.53","scan":"0.62","track":"0.71","acq_date":"2026-07-26","acq_time":"56","satellite":"N21","instrument":"VIIRS","confidence":"n","version":"2.0NRT","bright_ti5":"280.76","frp":"5.72","daynight":"N","commune":"Audenge","code_insee":"33019","departement":"Gironde","region":"Nouvelle-Aquitaine"}},{"type":"Feature","geometry":{"type":"Point","coordinates":[-0.89306,44.75614]},"properties":{"latitude":"44.75614","longitude":"-0.89306","bright_ti4":"309.84","scan":"0.62","track":"0.71","acq_date":"2026-07-26","acq_time":"56","satellite":"N21","instrument":"VIIRS","confidence":"n","version":"2.0NRT","bright_ti5":"279.48","frp":"7.53","daynight":"N","commune":"Audenge","code_insee":"33019","departement":"Gironde","region":"Nouvelle-Aquitaine"}},{"type":"Feature","geometry":{"type":"Point","coordinates":[-0.9032,44.76138]},"properties":{"latitude":"44.76138","longitude":"-0.9032","bright_ti4":"325.96","scan":"0.62","track":"0.71","acq_date":"2026-07-26","acq_time":"56","satellite":"N21","instrument":"VIIRS","confidence":"n","version":"2.0NRT","bright_ti5":"282.08","frp":"5.72","daynight":"N","commune":"Lanton","code_insee":"33229","departement":"Gironde","region":"Nouvelle-Aquitaine"}},{"type":"Feature","geometry":{"type":"Point","coordinates":[-0.91893,44.76142]},"properties":{"latitude":"44.76142","longitude":"-0.91893","bright_ti4":"305.25","scan":"0.62","track":"0.71","acq_date":"2026-07-26","acq_time":"56","satellite":"N21","instrument":"VIIRS","confidence":"n","version":"2.0NRT","bright_ti5":"279.38","frp":"5.22","daynight":"N","commune":"Lanton","code_insee":"33229","departement":"Gironde","region":"Nouvelle-Aquitaine"}},{"type":"Feature","geometry":{"type":"Point","coordinates":[-0.95852,44.76152]},"properties":{"latitude":"44.76152","longitude":"-0.95852","bright_ti4":"336.86","scan":"0.62","track":"0.72","acq_date":"2026-07-26","acq_time":"56","satellite":"N21","instrument":"VIIRS","confidence":"n","version":"2.0NRT","bright_ti5":"286.01","frp":"16.31","daynight":"N","commune":"Lanton","code_insee":"33229","departement":"Gironde","region":"Nouvelle-Aquitaine"}},{"type":"Feature","geometry":{"type":"Point","coordinates":[-0.96649,44.76154]},"properties":{"latitude":"44.76154","longitude":"-0.96649","bright_ti4":"318.23","scan":"0.62","track":"0.72","acq_date":"2026-07-26","acq_time":"56","satellite":"N21","instrument":"VIIRS","confidence":"n","version":"2.0NRT","bright_ti5":"284.38","frp":"13.86","daynight":"N","commune":"Lanton","code_insee":"33229","departement":"Gironde","region":"Nouvelle-Aquitaine"}},{"type":"Feature","geometry":{"type":"Point","coordinates":[-0.90096,44.76278]},"properties":{"latitude":"44.76278","longitude":"-0.90096","bright_ti4":"340.64","scan":"0.62","track":"0.71","acq_date":"2026-07-26","acq_time":"56","satellite":"N21","instrument":"VIIRS","confidence":"n","version":"2.0NRT","bright_ti5":"282.95","frp":"7.53","daynight":"N","commune":"Lanton","code_insee":"33229","departement":"Gironde","region":"Nouvelle-Aquitaine"}},{"type":"Feature","geometry":{"type":"Point","coordinates":[-0.95623,44.76319]},"properties":{"latitude":"44.76319","longitude":"-0.95623","bright_ti4":"321.22","scan":"0.62","track":"0.71","acq_date":"2026-07-26","acq_time":"56","satellite":"N21","instrument":"VIIRS","confidence":"n","version":"2.0NRT","bright_ti5":"283.12","frp":"12.43","daynight":"N","commune":"Lanton","code_insee":"33229","departement":"Gironde","region":"Nouvelle-Aquitaine"}},{"type":"Feature","geometry":{"type":"Point","coordinates":[-0.96417,44.76324]},"properties":{"latitude":"44.76324","longitude":"-0.96417","bright_ti4":"338.05","scan":"0.62","track":"0.72","acq_date":"2026-07-26","acq_time":"56","satellite":"N21","instrument":"VIIRS","confidence":"n","version":"2.0NRT","bright_ti5":"287.81","frp":"12.43","daynight":"N","commune":"Lanton","code_insee":"33229","departement":"Gironde","region":"Nouvelle-Aquitaine"}},{"type":"Feature","geometry":{"type":"Point","coordinates":[-0.93475,44.76805]},"properties":{"latitude":"44.76805","longitude":"-0.93475","bright_ti4":"311.6","scan":"0.62","track":"0.71","acq_date":"2026-07-26","acq_time":"56","satellite":"N21","instrument":"VIIRS","confidence":"n","version":"2.0NRT","bright_ti5":"284.35","frp":"7.27","daynight":"N","commune":"Lanton","code_insee":"33229","departement":"Gironde","region":"Nouvelle-Aquitaine"}},{"type":"Feature","geometry":{"type":"Point","coordinates":[-0.95057,44.76809]},"properties":{"latitude":"44.76809","longitude":"-0.95057","bright_ti4":"317.29","scan":"0.62","track":"0.71","acq_date":"2026-07-26","acq_time":"56","satellite":"N21","instrument":"VIIRS","confidence":"n","version":"2.0NRT","bright_ti5":"286.12","frp":"8.27","daynight":"N","commune":"Lanton","code_insee":"33229","departement":"Gironde","region":"Nouvelle-Aquitaine"}},{"type":"Feature","geometry":{"type":"Point","coordinates":[-0.95846,44.76811]},"properties":{"latitude":"44.76811","longitude":"-0.95846","bright_ti4":"312.26","scan":"0.62","track":"0.72","acq_date":"2026-07-26","acq_time":"56","satellite":"N21","instrument":"VIIRS","confidence":"n","version":"2.0NRT","bright_ti5":"284.64","frp":"8.27","daynight":"N","commune":"Lanton","code_insee":"33229","departement":"Gironde","region":"Nouvelle-Aquitaine"}},{"type":"Feature","geometry":{"type":"Point","coordinates":[-0.96636,44.76813]},"properties":{"latitude":"44.76813","longitude":"-0.96636","bright_ti4":"326.19","scan":"0.62","track":"0.72","acq_date":"2026-07-26","acq_time":"56","satellite":"N21","instrument":"VIIRS","confidence":"n","version":"2.0NRT","bright_ti5":"287.11","frp":"13.43","daynight":"N","commune":"Lanton","code_insee":"33229","departement":"Gironde","region":"Nouvelle-Aquitaine"}},{"type":"Feature","geometry":{"type":"Point","coordinates":[-0.94265,44.77466]},"properties":{"latitude":"44.77466","longitude":"-0.94265","bright_ti4":"314.55","scan":"0.62","track":"0.71","acq_date":"2026-07-26","acq_time":"56","satellite":"N21","instrument":"VIIRS","confidence":"n","version":"2.0NRT","bright_ti5":"285.87","frp":"7.27","daynight":"N","commune":"Lanton","code_insee":"33229","departement":"Gironde","region":"Nouvelle-Aquitaine"}},{"type":"Feature","geometry":{"type":"Point","coordinates":[-0.9426,44.78125]},"properties":{"latitude":"44.78125","longitude":"-0.9426","bright_ti4":"312.28","scan":"0.62","track":"0.71","acq_date":"2026-07-26","acq_time":"56","satellite":"N21","instrument":"VIIRS","confidence":"n","version":"2.0NRT","bright_ti5":"283.77","frp":"4.13","daynight":"N","commune":"Lanton","code_insee":"33229","departement":"Gironde","region":"Nouvelle-Aquitaine"}},{"type":"Feature","geometry":{"type":"Point","coordinates":[-0.94226,44.84055]},"properties":{"latitude":"44.84055","longitude":"-0.94226","bright_ti4":"309.32","scan":"0.62","track":"0.71","acq_date":"2026-07-26","acq_time":"56","satellite":"N21","instrument":"VIIRS","confidence":"n","version":"2.0NRT","bright_ti5":"286.03","frp":"4.26","daynight":"N","commune":"Le Temple","code_insee":"33528","departement":"Gironde","region":"Nouvelle-Aquitaine"}},{"type":"Feature","geometry":{"type":"Point","coordinates":[-0.974,44.84074]},"properties":{"latitude":"44.84074","longitude":"-0.974","bright_ti4":"300.35","scan":"0.62","track":"0.72","acq_date":"2026-07-26","acq_time":"56","satellite":"N21","instrument":"VIIRS","confidence":"n","version":"2.0NRT","bright_ti5":"284.16","frp":"2.66","daynight":"N","commune":"Le Temple","code_insee":"33528","departement":"Gironde","region":"Nouvelle-Aquitaine"}},{"type":"Feature","geometry":{"type":"Point","coordinates":[-0.9437,44.84532]},"properties":{"latitude":"44.84532","longitude":"-0.9437","bright_ti4":"307.41","scan":"0.62","track":"0.71","acq_date":"2026-07-26","acq_time":"56","satellite":"N21","instrument":"VIIRS","confidence":"n","version":"2.0NRT","bright_ti5":"285.62","frp":"2.93","daynight":"N","commune":"Le Temple","code_insee":"33528","departement":"Gironde","region":"Nouvelle-Aquitaine"}},{"type":"Feature","geometry":{"type":"Point","coordinates":[-0.95158,44.84533]},"properties":{"latitude":"44.84533","longitude":"-0.95158","bright_ti4":"303.01","scan":"0.62","track":"0.72","acq_date":"2026-07-26","acq_time":"56","satellite":"N21","instrument":"VIIRS","confidence":"n","version":"2.0NRT","bright_ti5":"285.03","frp":"2.93","daynight":"N","commune":"Le Temple","code_insee":"33528","departement":"Gironde","region":"Nouvelle-Aquitaine"}},{"type":"Feature","geometry":{"type":"Point","coordinates":[-0.97549,44.84535]},"properties":{"latitude":"44.84535","longitude":"-0.97549","bright_ti4":"314.25","scan":"0.62","track":"0.72","acq_date":"2026-07-26","acq_time":"56","satellite":"N21","instrument":"VIIRS","confidence":"n","version":"2.0NRT","bright_ti5":"285.67","frp":"3.23","daynight":"N","commune":"Le Temple","code_insee":"33528","departement":"Gironde","region":"Nouvelle-Aquitaine"}},{"type":"Feature","geometry":{"type":"Point","coordinates":[-0.98346,44.84536]},"properties":{"latitude":"44.84536","longitude":"-0.98346","bright_ti4":"307.79","scan":"0.62","track":"0.72","acq_date":"2026-07-26","acq_time":"56","satellite":"N21","instrument":"VIIRS","confidence":"n","version":"2.0NRT","bright_ti5":"285.08","frp":"3.23","daynight":"N","commune":"Le Temple","code_insee":"33528","departement":"Gironde","region":"Nouvelle-Aquitaine"}},{"type":"Feature","geometry":{"type":"Point","coordinates":[-0.95011,44.84719]},"properties":{"latitude":"44.84719","longitude":"-0.95011","bright_ti4":"302.3","scan":"0.62","track":"0.71","acq_date":"2026-07-26","acq_time":"56","satellite":"N21","instrument":"VIIRS","confidence":"n","version":"2.0NRT","bright_ti5":"284.68","frp":"4.19","daynight":"N","commune":"Le Temple","code_insee":"33528","departement":"Gironde","region":"Nouvelle-Aquitaine"}},{"type":"Feature","geometry":{"type":"Point","coordinates":[-0.96599,44.84729]},"properties":{"latitude":"44.84729","longitude":"-0.96599","bright_ti4":"311.47","scan":"0.62","track":"0.72","acq_date":"2026-07-26","acq_time":"56","satellite":"N21","instrument":"VIIRS","confidence":"n","version":"2.0NRT","bright_ti5":"285.27","frp":"3.79","daynight":"N","commune":"Le Temple","code_insee":"33528","departement":"Gironde","region":"Nouvelle-Aquitaine"}},{"type":"Feature","geometry":{"type":"Point","coordinates":[-0.97397,44.84734]},"properties":{"latitude":"44.84734","longitude":"-0.97397","bright_ti4":"315.42","scan":"0.62","track":"0.72","acq_date":"2026-07-26","acq_time":"56","satellite":"N21","instrument":"VIIRS","confidence":"n","version":"2.0NRT","bright_ti5":"285.71","frp":"3.79","daynight":"N","commune":"Le Temple","code_insee":"33528","departement":"Gironde","region":"Nouvelle-Aquitaine"}},{"type":"Feature","geometry":{"type":"Point","coordinates":[-0.98191,44.84739]},"properties":{"latitude":"44.84739","longitude":"-0.98191","bright_ti4":"307.19","scan":"0.62","track":"0.72","acq_date":"2026-07-26","acq_time":"56","satellite":"N21","instrument":"VIIRS","confidence":"n","version":"2.0NRT","bright_ti5":"285.03","frp":"2.94","daynight":"N","commune":"Le Temple","code_insee":"33528","departement":"Gironde","region":"Nouvelle-Aquitaine"}},{"type":"Feature","geometry":{"type":"Point","coordinates":[-0.98991,44.84743]},"properties":{"latitude":"44.84743","longitude":"-0.98991","bright_ti4":"302.58","scan":"0.62","track":"0.72","acq_date":"2026-07-26","acq_time":"56","satellite":"N21","instrument":"VIIRS","confidence":"n","version":"2.0NRT","bright_ti5":"283.66","frp":"2.94","daynight":"N","commune":"Le Temple","code_insee":"33528","departement":"Gironde","region":"Nouvelle-Aquitaine"}},{"type":"Feature","geometry":{"type":"Point","coordinates":[-0.95948,44.85194]},"properties":{"latitude":"44.85194","longitude":"-0.95948","bright_ti4":"300.96","scan":"0.62","track":"0.72","acq_date":"2026-07-26","acq_time":"56","satellite":"N21","instrument":"VIIRS","confidence":"n","version":"2.0NRT","bright_ti5":"284.05","frp":"5.29","daynight":"N","commune":"Le Temple","code_insee":"33528","departement":"Gironde","region":"Nouvelle-Aquitaine"}},{"type":"Feature","geometry":{"type":"Point","coordinates":[-0.97544,44.85195]},"properties":{"latitude":"44.85195","longitude":"-0.97544","bright_ti4":"307.04","scan":"0.62","track":"0.72","acq_date":"2026-07-26","acq_time":"56","satellite":"N21","instrument":"VIIRS","confidence":"n","version":"2.0NRT","bright_ti5":"284.53","frp":"3.23","daynight":"N","commune":"Le Temple","code_insee":"33528","departement":"Gironde","region":"Nouvelle-Aquitaine"}},{"type":"Feature","geometry":{"type":"Point","coordinates":[-0.96745,44.85195]},"properties":{"latitude":"44.85195","longitude":"-0.96745","bright_ti4":"319.63","scan":"0.62","track":"0.72","acq_date":"2026-07-26","acq_time":"56","satellite":"N21","instrument":"VIIRS","confidence":"n","version":"2.0NRT","bright_ti5":"285.09","frp":"5.29","daynight":"N","commune":"Le Temple","code_insee":"33528","departement":"Gironde","region":"Nouvelle-Aquitaine"}},{"type":"Feature","geometry":{"type":"Point","coordinates":[-0.98339,44.85196]},"properties":{"latitude":"44.85196","longitude":"-0.98339","bright_ti4":"303.1","scan":"0.62","track":"0.72","acq_date":"2026-07-26","acq_time":"56","satellite":"N21","instrument":"VIIRS","confidence":"n","version":"2.0NRT","bright_ti5":"284.71","frp":"3.23","daynight":"N","commune":"Le Temple","code_insee":"33528","departement":"Gironde","region":"Nouvelle-Aquitaine"}},{"type":"Feature","geometry":{"type":"Point","coordinates":[-0.95013,44.85378]},"properties":{"latitude":"44.85378","longitude":"-0.95013","bright_ti4":"310.57","scan":"0.62","track":"0.71","acq_date":"2026-07-26","acq_time":"56","satellite":"N21","instrument":"VIIRS","confidence":"n","version":"2.0NRT","bright_ti5":"284.62","frp":"4.19","daynight":"N","commune":"Le Temple","code_insee":"33528","departement":"Gironde","region":"Nouvelle-Aquitaine"}},{"type":"Feature","geometry":{"type":"Point","coordinates":[-0.95801,44.85384]},"properties":{"latitude":"44.85384","longitude":"-0.95801","bright_ti4":"319.34","scan":"0.62","track":"0.72","acq_date":"2026-07-26","acq_time":"56","satellite":"N21","instrument":"VIIRS","confidence":"n","version":"2.0NRT","bright_ti5":"284.69","frp":"4.19","daynight":"N","commune":"Le Temple","code_insee":"33528","departement":"Gironde","region":"Nouvelle-Aquitaine"}},{"type":"Feature","geometry":{"type":"Point","coordinates":[-0.96596,44.85388]},"properties":{"latitude":"44.85388","longitude":"-0.96596","bright_ti4":"312.11","scan":"0.62","track":"0.72","acq_date":"2026-07-26","acq_time":"56","satellite":"N21","instrument":"VIIRS","confidence":"n","version":"2.0NRT","bright_ti5":"284.23","frp":"3.79","daynight":"N","commune":"Le Temple","code_insee":"33528","departement":"Gironde","region":"Nouvelle-Aquitaine"}},{"type":"Feature","geometry":{"type":"Point","coordinates":[-0.97394,44.85394]},"properties":{"latitude":"44.85394","longitude":"-0.97394","bright_ti4":"311.46","scan":"0.62","track":"0.72","acq_date":"2026-07-26","acq_time":"56","satellite":"N21","instrument":"VIIRS","confidence":"n","version":"2.0NRT","bright_ti5":"284.65","frp":"3.79","daynight":"N","commune":"Le Temple","code_insee":"33528","departement":"Gironde","region":"Nouvelle-Aquitaine"}},{"type":"Feature","geometry":{"type":"Point","coordinates":[-0.98189,44.85398]},"properties":{"latitude":"44.85398","longitude":"-0.98189","bright_ti4":"303.95","scan":"0.62","track":"0.72","acq_date":"2026-07-26","acq_time":"56","satellite":"N21","instrument":"VIIRS","confidence":"n","version":"2.0NRT","bright_ti5":"284.23","frp":"2.94","daynight":"N","commune":"Le Temple","code_insee":"33528","departement":"Gironde","region":"Nouvelle-Aquitaine"}},{"type":"Feature","geometry":{"type":"Point","coordinates":[-0.95156,44.85852]},"properties":{"latitude":"44.85852","longitude":"-0.95156","bright_ti4":"328.57","scan":"0.62","track":"0.72","acq_date":"2026-07-26","acq_time":"56","satellite":"N21","instrument":"VIIRS","confidence":"n","version":"2.0NRT","bright_ti5":"285.93","frp":"7.9","daynight":"N","commune":"Le Temple","code_insee":"33528","departement":"Gironde","region":"Nouvelle-Aquitaine"}},{"type":"Feature","geometry":{"type":"Point","coordinates":[-0.95948,44.85853]},"properties":{"latitude":"44.85853","longitude":"-0.95948","bright_ti4":"312.25","scan":"0.62","track":"0.72","acq_date":"2026-07-26","acq_time":"56","satellite":"N21","instrument":"VIIRS","confidence":"n","version":"2.0NRT","bright_ti5":"283.83","frp":"4.06","daynight":"N","commune":"Le Temple","code_insee":"33528","departement":"Gironde","region":"Nouvelle-Aquitaine"}},{"type":"Feature","geometry":{"type":"Point","coordinates":[-0.97538,44.85856]},"properties":{"latitude":"44.85856","longitude":"-0.97538","bright_ti4":"306.26","scan":"0.62","track":"0.72","acq_date":"2026-07-26","acq_time":"56","satellite":"N21","instrument":"VIIRS","confidence":"n","version":"2.0NRT","bright_ti5":"283.49","frp":"2.22","daynight":"N","commune":"Le Temple","code_insee":"33528","departement":"Gironde","region":"Nouvelle-Aquitaine"}},{"type":"Feature","geometry":{"type":"Point","coordinates":[-0.95015,44.86038]},"properties":{"latitude":"44.86038","longitude":"-0.95015","bright_ti4":"312.02","scan":"0.62","track":"0.71","acq_date":"2026-07-26","acq_time":"56","satellite":"N21","instrument":"VIIRS","confidence":"n","version":"2.0NRT","bright_ti5":"284.68","frp":"2.87","daynight":"N","commune":"Le Temple","code_insee":"33528","departement":"Gironde","region":"Nouvelle-Aquitaine"}},{"type":"Feature","geometry":{"type":"Point","coordinates":[-0.95806,44.86043]},"properties":{"latitude":"44.86043","longitude":"-0.95806","bright_ti4":"299.39","scan":"0.62","track":"0.72","acq_date":"2026-07-26","acq_time":"56","satellite":"N21","instrument":"VIIRS","confidence":"n","version":"2.0NRT","bright_ti5":"283.5","frp":"2.87","daynight":"N","commune":"Le Temple","code_insee":"33528","departement":"Gironde","region":"Nouvelle-Aquitaine"}},{"type":"Feature","geometry":{"type":"Point","coordinates":[-0.9674,44.86515]},"properties":{"latitude":"44.86515","longitude":"-0.9674","bright_ti4":"300.57","scan":"0.62","track":"0.72","acq_date":"2026-07-26","acq_time":"56","satellite":"N21","instrument":"VIIRS","confidence":"n","version":"2.0NRT","bright_ti5":"284.08","frp":"4.06","daynight":"N","commune":"Le Temple","code_insee":"33528","departement":"Gironde","region":"Nouvelle-Aquitaine"}},{"type":"Feature","geometry":{"type":"Point","coordinates":[-0.96602,44.86708]},"properties":{"latitude":"44.86708","longitude":"-0.96602","bright_ti4":"302.46","scan":"0.62","track":"0.72","acq_date":"2026-07-26","acq_time":"56","satellite":"N21","instrument":"VIIRS","confidence":"n","version":"2.0NRT","bright_ti5":"283.96","frp":"1.74","daynight":"N","commune":"Le Temple","code_insee":"33528","departement":"Gironde","region":"Nouvelle-Aquitaine"}},{"type":"Feature","geometry":{"type":"Point","coordinates":[-0.96744,44.87174]},"properties":{"latitude":"44.87174","longitude":"-0.96744","bright_ti4":"304.16","scan":"0.62","track":"0.72","acq_date":"2026-07-26","acq_time":"56","satellite":"N21","instrument":"VIIRS","confidence":"n","version":"2.0NRT","bright_ti5":"284.2","frp":"5.59","daynight":"N","commune":"Le Temple","code_insee":"33528","departement":"Gironde","region":"Nouvelle-Aquitaine"}},{"type":"Feature","geometry":{"type":"Point","coordinates":[-0.97539,44.87176]},"properties":{"latitude":"44.87176","longitude":"-0.97539","bright_ti4":"311.54","scan":"0.62","track":"0.72","acq_date":"2026-07-26","acq_time":"56","satellite":"N21","instrument":"VIIRS","confidence":"n","version":"2.0NRT","bright_ti5":"284.24","frp":"7.31","daynight":"N","commune":"Le Temple","code_insee":"33528","departement":"Gironde","region":"Nouvelle-Aquitaine"}},{"type":"Feature","geometry":{"type":"Point","coordinates":[-0.96606,44.87368]},"properties":{"latitude":"44.87368","longitude":"-0.96606","bright_ti4":"301.58","scan":"0.62","track":"0.72","acq_date":"2026-07-26","acq_time":"56","satellite":"N21","instrument":"VIIRS","confidence":"n","version":"2.0NRT","bright_ti5":"284.62","frp":"4.83","daynight":"N","commune":"Le Temple","code_insee":"33528","departement":"Gironde","region":"Nouvelle-Aquitaine"}},{"type":"Feature","geometry":{"type":"Point","coordinates":[-0.974,44.87373]},"properties":{"latitude":"44.87373","longitude":"-0.974","bright_ti4":"318.08","scan":"0.62","track":"0.72","acq_date":"2026-07-26","acq_time":"56","satellite":"N21","instrument":"VIIRS","confidence":"n","version":"2.0NRT","bright_ti5":"285.28","frp":"4.83","daynight":"N","commune":"Le Temple","code_insee":"33528","departement":"Gironde","region":"Nouvelle-Aquitaine"}},{"type":"Feature","geometry":{"type":"Point","coordinates":[-0.98195,44.87379]},"properties":{"latitude":"44.87379","longitude":"-0.98195","bright_ti4":"315.64","scan":"0.62","track":"0.72","acq_date":"2026-07-26","acq_time":"56","satellite":"N21","instrument":"VIIRS","confidence":"n","version":"2.0NRT","bright_ti5":"284.52","frp":"6.75","daynight":"N","commune":"Le Temple","code_insee":"33528","departement":"Gironde","region":"Nouvelle-Aquitaine"}},{"type":"Feature","geometry":{"type":"Point","coordinates":[-0.90408,44.87817]},"properties":{"latitude":"44.87817","longitude":"-0.90408","bright_ti4":"302.11","scan":"0.62","track":"0.71","acq_date":"2026-07-26","acq_time":"56","satellite":"N21","instrument":"VIIRS","confidence":"n","version":"2.0NRT","bright_ti5":"284.24","frp":"2.1","daynight":"N","commune":"Le Temple","code_insee":"33528","departement":"Gironde","region":"Nouvelle-Aquitaine"}},{"type":"Feature","geometry":{"type":"Point","coordinates":[-0.97535,44.87836]},"properties":{"latitude":"44.87836","longitude":"-0.97535","bright_ti4":"324.3","scan":"0.62","track":"0.72","acq_date":"2026-07-26","acq_time":"56","satellite":"N21","instrument":"VIIRS","confidence":"n","version":"2.0NRT","bright_ti5":"286.38","frp":"7.31","daynight":"N","commune":"Le Temple","code_insee":"33528","departement":"Gironde","region":"Nouvelle-Aquitaine"}},{"type":"Feature","geometry":{"type":"Point","coordinates":[-0.9833,44.87838]},"properties":{"latitude":"44.87838","longitude":"-0.9833","bright_ti4":"332.49","scan":"0.62","track":"0.72","acq_date":"2026-07-26","acq_time":"56","satellite":"N21","instrument":"VIIRS","confidence":"n","version":"2.0NRT","bright_ti5":"284.95","frp":"7.31","daynight":"N","commune":"Le Temple","code_insee":"33528","departement":"Gironde","region":"Nouvelle-Aquitaine"}},{"type":"Feature","geometry":{"type":"Point","coordinates":[-0.9028,44.87979]},"properties":{"latitude":"44.87979","longitude":"-0.9028","bright_ti4":"307.43","scan":"0.62","track":"0.71","acq_date":"2026-07-26","acq_time":"56","satellite":"N21","instrument":"VIIRS","confidence":"n","version":"2.0NRT","bright_ti5":"284.84","frp":"2.39","daynight":"N","commune":"Le Temple","code_insee":"33528","departement":"Gironde","region":"Nouvelle-Aquitaine"}},{"type":"Feature","geometry":{"type":"Point","coordinates":[-0.97399,44.88033]},"properties":{"latitude":"44.88033","longitude":"-0.97399","bright_ti4":"310.97","scan":"0.62","track":"0.72","acq_date":"2026-07-26","acq_time":"56","satellite":"N21","instrument":"VIIRS","confidence":"n","version":"2.0NRT","bright_ti5":"284.78","frp":"4.83","daynight":"N","commune":"Le Temple","code_insee":"33528","departement":"Gironde","region":"Nouvelle-Aquitaine"}},{"type":"Feature","geometry":{"type":"Point","coordinates":[-0.98195,44.88039]},"properties":{"latitude":"44.88039","longitude":"-0.98195","bright_ti4":"334.81","scan":"0.62","track":"0.72","acq_date":"2026-07-26","acq_time":"56","satellite":"N21","instrument":"VIIRS","confidence":"n","version":"2.0NRT","bright_ti5":"284.89","frp":"6.75","daynight":"N","commune":"Le Temple","code_insee":"33528","departement":"Gironde","region":"Nouvelle-Aquitaine"}},{"type":"Feature","geometry":{"type":"Point","coordinates":[-0.98992,44.88045]},"properties":{"latitude":"44.88045","longitude":"-0.98992","bright_ti4":"314.04","scan":"0.62","track":"0.72","acq_date":"2026-07-26","acq_time":"56","satellite":"N21","instrument":"VIIRS","confidence":"n","version":"2.0NRT","bright_ti5":"283.6","frp":"6.75","daynight":"N","commune":"Le Temple","code_insee":"33528","departement":"Gironde","region":"Nouvelle-Aquitaine"}},{"type":"Feature","geometry":{"type":"Point","coordinates":[-0.88825,44.8847]},"properties":{"latitude":"44.8847","longitude":"-0.88825","bright_ti4":"300.93","scan":"0.62","track":"0.71","acq_date":"2026-07-26","acq_time":"56","satellite":"N21","instrument":"VIIRS","confidence":"n","version":"2.0NRT","bright_ti5":"284.24","frp":"1.64","daynight":"N","commune":"Le Temple","code_insee":"33528","departement":"Gironde","region":"Nouvelle-Aquitaine"}},{"type":"Feature","geometry":{"type":"Point","coordinates":[-0.98329,44.88498]},"properties":{"latitude":"44.88498","longitude":"-0.98329","bright_ti4":"307.02","scan":"0.62","track":"0.72","acq_date":"2026-07-26","acq_time":"56","satellite":"N21","instrument":"VIIRS","confidence":"n","version":"2.0NRT","bright_ti5":"284.1","frp":"4.94","daynight":"N","commune":"Saumos","code_insee":"33503","departement":"Gironde","region":"Nouvelle-Aquitaine"}},{"type":"Feature","geometry":{"type":"Point","coordinates":[-0.99128,44.88501]},"properties":{"latitude":"44.88501","longitude":"-0.99128","bright_ti4":"300.78","scan":"0.62","track":"0.72","acq_date":"2026-07-26","acq_time":"56","satellite":"N21","instrument":"VIIRS","confidence":"n","version":"2.0NRT","bright_ti5":"283.59","frp":"7.79","daynight":"N","commune":"Le Temple","code_insee":"33528","departement":"Gironde","region":"Nouvelle-Aquitaine"}},{"type":"Feature","geometry":{"type":"Point","coordinates":[-0.99929,44.88502]},"properties":{"latitude":"44.88502","longitude":"-0.99929","bright_ti4":"310.49","scan":"0.63","track":"0.72","acq_date":"2026-07-26","acq_time":"56","satellite":"N21","instrument":"VIIRS","confidence":"n","version":"2.0NRT","bright_ti5":"284.34","frp":"7.79","daynight":"N","commune":"Le Temple","code_insee":"33528","departement":"Gironde","region":"Nouvelle-Aquitaine"}},{"type":"Feature","geometry":{"type":"Point","coordinates":[-1.00734,44.88504]},"properties":{"latitude":"44.88504","longitude":"-1.00734","bright_ti4":"355.57","scan":"0.63","track":"0.72","acq_date":"2026-07-26","acq_time":"56","satellite":"N21","instrument":"VIIRS","confidence":"n","version":"2.0NRT","bright_ti5":"288.13","frp":"12.18","daynight":"N","commune":"Le Temple","code_insee":"33528","departement":"Gironde","region":"Nouvelle-Aquitaine"}},{"type":"Feature","geometry":{"type":"Point","coordinates":[-0.88706,44.88623]},"properties":{"latitude":"44.88623","longitude":"-0.88706","bright_ti4":"299.41","scan":"0.62","track":"0.71","acq_date":"2026-07-26","acq_time":"56","satellite":"N21","instrument":"VIIRS","confidence":"n","version":"2.0NRT","bright_ti5":"284.07","frp":"1.75","daynight":"N","commune":"Le Temple","code_insee":"33528","departement":"Gironde","region":"Nouvelle-Aquitaine"}},{"type":"Feature","geometry":{"type":"Point","coordinates":[-0.99795,44.88711]},"properties":{"latitude":"44.88711","longitude":"-0.99795","bright_ti4":"308.99","scan":"0.62","track":"0.72","acq_date":"2026-07-26","acq_time":"56","satellite":"N21","instrument":"VIIRS","confidence":"n","version":"2.0NRT","bright_ti5":"284.02","frp":"13.2","daynight":"N","commune":"Le Temple","code_insee":"33528","departement":"Gironde","region":"Nouvelle-Aquitaine"}},{"type":"Feature","geometry":{"type":"Point","coordinates":[-1.00599,44.88717]},"properties":{"latitude":"44.88717","longitude":"-1.00599","bright_ti4":"367","scan":"0.63","track":"0.72","acq_date":"2026-07-26","acq_time":"56","satellite":"N21","instrument":"VIIRS","confidence":"h","version":"2.0NRT","bright_ti5":"289.99","frp":"13.2","daynight":"N","commune":"Le Temple","code_insee":"33528","departement":"Gironde","region":"Nouvelle-Aquitaine"}},{"type":"Feature","geometry":{"type":"Point","coordinates":[-1.00731,44.89165]},"properties":{"latitude":"44.89165","longitude":"-1.00731","bright_ti4":"311.78","scan":"0.63","track":"0.72","acq_date":"2026-07-26","acq_time":"56","satellite":"N21","instrument":"VIIRS","confidence":"n","version":"2.0NRT","bright_ti5":"284.23","frp":"12.18","daynight":"N","commune":"Saumos","code_insee":"33503","departement":"Gironde","region":"Nouvelle-Aquitaine"}},{"type":"Feature","geometry":{"type":"Point","coordinates":[-0.92759,44.90459]},"properties":{"latitude":"44.90459","longitude":"-0.92759","bright_ti4":"298.75","scan":"0.62","track":"0.71","acq_date":"2026-07-26","acq_time":"56","satellite":"N21","instrument":"VIIRS","confidence":"n","version":"2.0NRT","bright_ti5":"284.63","frp":"2.26","daynight":"N","commune":"Sainte-Hélène","code_insee":"33417","departement":"Gironde","region":"Nouvelle-Aquitaine"}},{"type":"Feature","geometry":{"type":"Point","coordinates":[-0.93552,44.90462]},"properties":{"latitude":"44.90462","longitude":"-0.93552","bright_ti4":"305.82","scan":"0.62","track":"0.71","acq_date":"2026-07-26","acq_time":"56","satellite":"N21","instrument":"VIIRS","confidence":"n","version":"2.0NRT","bright_ti5":"284.46","frp":"2.26","daynight":"N","commune":"Sainte-Hélène","code_insee":"33417","departement":"Gironde","region":"Nouvelle-Aquitaine"}},{"type":"Feature","geometry":{"type":"Point","coordinates":[-0.95142,44.90468]},"properties":{"latitude":"44.90468","longitude":"-0.95142","bright_ti4":"298.53","scan":"0.62","track":"0.72","acq_date":"2026-07-26","acq_time":"56","satellite":"N21","instrument":"VIIRS","confidence":"n","version":"2.0NRT","bright_ti5":"284.12","frp":"3.22","daynight":"N","commune":"Saumos","code_insee":"33503","departement":"Gironde","region":"Nouvelle-Aquitaine"}},{"type":"Feature","geometry":{"type":"Point","coordinates":[-0.96737,44.90474]},"properties":{"latitude":"44.90474","longitude":"-0.96737","bright_ti4":"301.37","scan":"0.62","track":"0.72","acq_date":"2026-07-26","acq_time":"56","satellite":"N21","instrument":"VIIRS","confidence":"n","version":"2.0NRT","bright_ti5":"283.41","frp":"2.94","daynight":"N","commune":"Saumos","code_insee":"33503","departement":"Gironde","region":"Nouvelle-Aquitaine"}},{"type":"Feature","geometry":{"type":"Point","coordinates":[-0.93551,44.91121]},"properties":{"latitude":"44.91121","longitude":"-0.93551","bright_ti4":"300.05","scan":"0.62","track":"0.71","acq_date":"2026-07-26","acq_time":"56","satellite":"N21","instrument":"VIIRS","confidence":"n","version":"2.0NRT","bright_ti5":"284.23","frp":"2.46","daynight":"N","commune":"Sainte-Hélène","code_insee":"33417","departement":"Gironde","region":"Nouvelle-Aquitaine"}},{"type":"Feature","geometry":{"type":"Point","coordinates":[-0.94348,44.91124]},"properties":{"latitude":"44.91124","longitude":"-0.94348","bright_ti4":"298.37","scan":"0.62","track":"0.71","acq_date":"2026-07-26","acq_time":"56","satellite":"N21","instrument":"VIIRS","confidence":"n","version":"2.0NRT","bright_ti5":"283.46","frp":"1.64","daynight":"N","commune":"Saumos","code_insee":"33503","departement":"Gironde","region":"Nouvelle-Aquitaine"}},{"type":"Feature","geometry":{"type":"Point","coordinates":[-1.06339,44.94481]},"properties":{"latitude":"44.94481","longitude":"-1.06339","bright_ti4":"301.12","scan":"0.63","track":"0.72","acq_date":"2026-07-26","acq_time":"56","satellite":"N21","instrument":"VIIRS","confidence":"n","version":"2.0NRT","bright_ti5":"284.24","frp":"4.24","daynight":"N","commune":"Lacanau","code_insee":"33214","departement":"Gironde","region":"Nouvelle-Aquitaine"}},{"type":"Feature","geometry":{"type":"Point","coordinates":[-1.06212,44.9491]},"properties":{"latitude":"44.9491","longitude":"-1.06212","bright_ti4":"332.99","scan":"0.63","track":"0.72","acq_date":"2026-07-26","acq_time":"56","satellite":"N21","instrument":"VIIRS","confidence":"n","version":"2.0NRT","bright_ti5":"284.8","frp":"9.6","daynight":"N","commune":"Lacanau","code_insee":"33214","departement":"Gironde","region":"Nouvelle-Aquitaine"}},{"type":"Feature","geometry":{"type":"Point","coordinates":[-1.05405,44.9491]},"properties":{"latitude":"44.9491","longitude":"-1.05405","bright_ti4":"308.86","scan":"0.63","track":"0.72","acq_date":"2026-07-26","acq_time":"56","satellite":"N21","instrument":"VIIRS","confidence":"n","version":"2.0NRT","bright_ti5":"283.51","frp":"3.93","daynight":"N","commune":"Lacanau","code_insee":"33214","departement":"Gironde","region":"Nouvelle-Aquitaine"}},{"type":"Feature","geometry":{"type":"Point","coordinates":[-1.0554,44.95139]},"properties":{"latitude":"44.95139","longitude":"-1.0554","bright_ti4":"319.56","scan":"0.63","track":"0.72","acq_date":"2026-07-26","acq_time":"56","satellite":"N21","instrument":"VIIRS","confidence":"n","version":"2.0NRT","bright_ti5":"284.02","frp":"5.72","daynight":"N","commune":"Lacanau","code_insee":"33214","departement":"Gironde","region":"Nouvelle-Aquitaine"}},{"type":"Feature","geometry":{"type":"Point","coordinates":[-1.06345,44.95144]},"properties":{"latitude":"44.95144","longitude":"-1.06345","bright_ti4":"320.79","scan":"0.63","track":"0.72","acq_date":"2026-07-26","acq_time":"56","satellite":"N21","instrument":"VIIRS","confidence":"n","version":"2.0NRT","bright_ti5":"283.87","frp":"5.72","daynight":"N","commune":"Lacanau","code_insee":"33214","departement":"Gironde","region":"Nouvelle-Aquitaine"}},{"type":"Feature","geometry":{"type":"Point","coordinates":[-1.04594,44.95573]},"properties":{"latitude":"44.95573","longitude":"-1.04594","bright_ti4":"303.67","scan":"0.63","track":"0.72","acq_date":"2026-07-26","acq_time":"56","satellite":"N21","instrument":"VIIRS","confidence":"n","version":"2.0NRT","bright_ti5":"283.99","frp":"3.93","daynight":"N","commune":"Lacanau","code_insee":"33214","departement":"Gironde","region":"Nouvelle-Aquitaine"}},{"type":"Feature","geometry":{"type":"Point","coordinates":[-1.02325,44.95785]},"properties":{"latitude":"44.95785","longitude":"-1.02325","bright_ti4":"300.23","scan":"0.63","track":"0.72","acq_date":"2026-07-26","acq_time":"56","satellite":"N21","instrument":"VIIRS","confidence":"n","version":"2.0NRT","bright_ti5":"284.4","frp":"2.27","daynight":"N","commune":"Lacanau","code_insee":"33214","departement":"Gironde","region":"Nouvelle-Aquitaine"}},{"type":"Feature","geometry":{"type":"Point","coordinates":[-1.03126,44.95789]},"properties":{"latitude":"44.95789","longitude":"-1.03126","bright_ti4":"302.37","scan":"0.63","track":"0.72","acq_date":"2026-07-26","acq_time":"56","satellite":"N21","instrument":"VIIRS","confidence":"n","version":"2.0NRT","bright_ti5":"284.35","frp":"2.27","daynight":"N","commune":"Lacanau","code_insee":"33214","departement":"Gironde","region":"Nouvelle-Aquitaine"}},{"type":"Feature","geometry":{"type":"Point","coordinates":[-1.02181,44.96234]},"properties":{"latitude":"44.96234","longitude":"-1.02181","bright_ti4":"303.84","scan":"0.63","track":"0.72","acq_date":"2026-07-26","acq_time":"56","satellite":"N21","instrument":"VIIRS","confidence":"n","version":"2.0NRT","bright_ti5":"284.77","frp":"5.36","daynight":"N","commune":"Lacanau","code_insee":"33214","departement":"Gironde","region":"Nouvelle-Aquitaine"}},{"type":"Feature","geometry":{"type":"Point","coordinates":[-1.02981,44.96235]},"properties":{"latitude":"44.96235","longitude":"-1.02981","bright_ti4":"315.94","scan":"0.63","track":"0.72","acq_date":"2026-07-26","acq_time":"56","satellite":"N21","instrument":"VIIRS","confidence":"n","version":"2.0NRT","bright_ti5":"284.31","frp":"5.12","daynight":"N","commune":"Lacanau","code_insee":"33214","departement":"Gironde","region":"Nouvelle-Aquitaine"}},{"type":"Feature","geometry":{"type":"Point","coordinates":[-1.00722,44.96437]},"properties":{"latitude":"44.96437","longitude":"-1.00722","bright_ti4":"301.63","scan":"0.63","track":"0.72","acq_date":"2026-07-26","acq_time":"56","satellite":"N21","instrument":"VIIRS","confidence":"n","version":"2.0NRT","bright_ti5":"284.21","frp":"3.71","daynight":"N","commune":"Lacanau","code_insee":"33214","departement":"Gironde","region":"Nouvelle-Aquitaine"}},{"type":"Feature","geometry":{"type":"Point","coordinates":[-1.02329,44.96447]},"properties":{"latitude":"44.96447","longitude":"-1.02329","bright_ti4":"303.68","scan":"0.63","track":"0.72","acq_date":"2026-07-26","acq_time":"56","satellite":"N21","instrument":"VIIRS","confidence":"n","version":"2.0NRT","bright_ti5":"284.01","frp":"1.98","daynight":"N","commune":"Lacanau","code_insee":"33214","departement":"Gironde","region":"Nouvelle-Aquitaine"}},{"type":"Feature","geometry":{"type":"Point","coordinates":[-1.03128,44.96451]},"properties":{"latitude":"44.96451","longitude":"-1.03128","bright_ti4":"303.36","scan":"0.63","track":"0.72","acq_date":"2026-07-26","acq_time":"56","satellite":"N21","instrument":"VIIRS","confidence":"n","version":"2.0NRT","bright_ti5":"283.27","frp":"1.98","daynight":"N","commune":"Lacanau","code_insee":"33214","departement":"Gironde","region":"Nouvelle-Aquitaine"}},{"type":"Feature","geometry":{"type":"Point","coordinates":[-1.0057,44.96894]},"properties":{"latitude":"44.96894","longitude":"-1.0057","bright_ti4":"306.38","scan":"0.63","track":"0.72","acq_date":"2026-07-26","acq_time":"56","satellite":"N21","instrument":"VIIRS","confidence":"n","version":"2.0NRT","bright_ti5":"284.53","frp":"4.21","daynight":"N","commune":"Lacanau","code_insee":"33214","departement":"Gironde","region":"Nouvelle-Aquitaine"}},{"type":"Feature","geometry":{"type":"Point","coordinates":[6.96656,48.68988]},"properties":{"latitude":"48.68988","longitude":"6.96656","bright_ti4":"299.93","scan":"0.38","track":"0.59","acq_date":"2026-07-26","acq_time":"234","satellite":"N21","instrument":"VIIRS","confidence":"n","version":"2.0NRT","bright_ti5":"286.84","frp":"1.1","daynight":"N","commune":"Héming","code_insee":"57314","departement":"Moselle","region":"Grand Est"}},{"type":"Feature","geometry":{"type":"Point","coordinates":[9.40276,42.63123]},"properties":{"latitude":"42.63123","longitude":"9.40276","bright_ti4":"302.87","scan":"0.77","track":"0.77","acq_date":"2026-07-26","acq_time":"236","satellite":"N21","instrument":"VIIRS","confidence":"n","version":"2.0NRT","bright_ti5":"290.1","frp":"1.62","daynight":"N","commune":"Biguglia","code_insee":"2B037","departement":"Haute-Corse","region":"Corse"}},{"type":"Feature","geometry":{"type":"Point","coordinates":[9.39849,42.63182]},"properties":{"latitude":"42.63182","longitude":"9.39849","bright_ti4":"307.95","scan":"0.76","track":"0.77","acq_date":"2026-07-26","acq_time":"236","satellite":"N21","instrument":"VIIRS","confidence":"n","version":"2.0NRT","bright_ti5":"290.03","frp":"2.15","daynight":"N","commune":"Biguglia","code_insee":"2B037","departement":"Haute-Corse","region":"Corse"}},{"type":"Feature","geometry":{"type":"Point","coordinates":[4.87962,43.44268]},"properties":{"latitude":"43.44268","longitude":"4.87962","bright_ti4":"319.39","scan":"0.44","track":"0.63","acq_date":"2026-07-26","acq_time":"236","satellite":"N21","instrument":"VIIRS","confidence":"n","version":"2.0NRT","bright_ti5":"289.02","frp":"2.59","daynight":"N","commune":"Fos-sur-Mer","code_insee":"13039","departement":"Bouches-du-Rhône","region":"Provence-Alpes-Côte d'Azur"}},{"type":"Feature","geometry":{"type":"Point","coordinates":[6.02121,43.52093]},"properties":{"latitude":"43.52093","longitude":"6.02121","bright_ti4":"303.11","scan":"0.5","track":"0.66","acq_date":"2026-07-26","acq_time":"236","satellite":"N21","instrument":"VIIRS","confidence":"n","version":"2.0NRT","bright_ti5":"286.18","frp":"0.98","daynight":"N","commune":"Châteauvert","code_insee":"83039","departement":"Var","region":"Provence-Alpes-Côte d'Azur"}},{"type":"Feature","geometry":{"type":"Point","coordinates":[6.02596,43.52357]},"properties":{"latitude":"43.52357","longitude":"6.02596","bright_ti4":"298.16","scan":"0.5","track":"0.66","acq_date":"2026-07-26","acq_time":"236","satellite":"N21","instrument":"VIIRS","confidence":"n","version":"2.0NRT","bright_ti5":"286.01","frp":"1.71","daynight":"N","commune":"Barjols","code_insee":"83012","departement":"Var","region":"Provence-Alpes-Côte d'Azur"}},{"type":"Feature","geometry":{"type":"Point","coordinates":[-1.37599,43.84389]},"properties":{"latitude":"43.84389","longitude":"-1.37599","bright_ti4":"307.62","scan":"0.44","track":"0.46","acq_date":"2026-07-26","acq_time":"236","satellite":"N21","instrument":"VIIRS","confidence":"n","version":"2.0NRT","bright_ti5":"287.16","frp":"1.24","daynight":"N","commune":"Moliets-et-Maa","code_insee":"40187","departement":"Landes","region":"Nouvelle-Aquitaine"}},{"type":"Feature","geometry":{"type":"Point","coordinates":[-0.19164,44.329]},"properties":{"latitude":"44.329","longitude":"-0.19164","bright_ti4":"301.03","scan":"0.48","track":"0.48","acq_date":"2026-07-26","acq_time":"236","satellite":"N21","instrument":"VIIRS","confidence":"n","version":"2.0NRT","bright_ti5":"281.3","frp":"1.49","daynight":"N","commune":"Escaudes","code_insee":"33155","departement":"Gironde","region":"Nouvelle-Aquitaine"}},{"type":"Feature","geometry":{"type":"Point","coordinates":[-1.09165,44.36775]},"properties":{"latitude":"44.36775","longitude":"-1.09165","bright_ti4":"302.71","scan":"0.44","track":"0.46","acq_date":"2026-07-26","acq_time":"236","satellite":"N21","instrument":"VIIRS","confidence":"n","version":"2.0NRT","bright_ti5":"288.33","frp":"1.53","daynight":"N","commune":"Parentis-en-Born","code_insee":"40217","departement":"Landes","region":"Nouvelle-Aquitaine"}},{"type":"Feature","geometry":{"type":"Point","coordinates":[-1.12308,44.37503]},"properties":{"latitude":"44.37503","longitude":"-1.12308","bright_ti4":"302.22","scan":"0.44","track":"0.46","acq_date":"2026-07-26","acq_time":"236","satellite":"N21","instrument":"VIIRS","confidence":"n","version":"2.0NRT","bright_ti5":"289.67","frp":"1.38","daynight":"N","commune":"Biscarrosse","code_insee":"40046","departement":"Landes","region":"Nouvelle-Aquitaine"}},{"type":"Feature","geometry":{"type":"Point","coordinates":[-1.10553,44.37544]},"properties":{"latitude":"44.37544","longitude":"-1.10553","bright_ti4":"300.9","scan":"0.44","track":"0.46","acq_date":"2026-07-26","acq_time":"236","satellite":"N21","instrument":"VIIRS","confidence":"n","version":"2.0NRT","bright_ti5":"288.19","frp":"2.83","daynight":"N","commune":"Parentis-en-Born","code_insee":"40217","departement":"Landes","region":"Nouvelle-Aquitaine"}},{"type":"Feature","geometry":{"type":"Point","coordinates":[-1.10369,44.37949]},"properties":{"latitude":"44.37949","longitude":"-1.10369","bright_ti4":"325.21","scan":"0.44","track":"0.46","acq_date":"2026-07-26","acq_time":"236","satellite":"N21","instrument":"VIIRS","confidence":"n","version":"2.0NRT","bright_ti5":"290.55","frp":"2.83","daynight":"N","commune":"Parentis-en-Born","code_insee":"40217","departement":"Landes","region":"Nouvelle-Aquitaine"}},{"type":"Feature","geometry":{"type":"Point","coordinates":[-1.13613,44.43254]},"properties":{"latitude":"44.43254","longitude":"-1.13613","bright_ti4":"303.61","scan":"0.43","track":"0.46","acq_date":"2026-07-26","acq_time":"236","satellite":"N21","instrument":"VIIRS","confidence":"n","version":"2.0NRT","bright_ti5":"288.39","frp":"1.45","daynight":"N","commune":"Biscarrosse","code_insee":"40046","departement":"Landes","region":"Nouvelle-Aquitaine"}},{"type":"Feature","geometry":{"type":"Point","coordinates":[-1.11681,44.43695]},"properties":{"latitude":"44.43695","longitude":"-1.11681","bright_ti4":"304.74","scan":"0.44","track":"0.46","acq_date":"2026-07-26","acq_time":"236","satellite":"N21","instrument":"VIIRS","confidence":"n","version":"2.0NRT","bright_ti5":"289.36","frp":"1.32","daynight":"N","commune":"Biscarrosse","code_insee":"40046","departement":"Landes","region":"Nouvelle-Aquitaine"}},{"type":"Feature","geometry":{"type":"Point","coordinates":[-1.12721,44.43938]},"properties":{"latitude":"44.43938","longitude":"-1.12721","bright_ti4":"301.4","scan":"0.43","track":"0.46","acq_date":"2026-07-26","acq_time":"236","satellite":"N21","instrument":"VIIRS","confidence":"n","version":"2.0NRT","bright_ti5":"288.51","frp":"1.23","daynight":"N","commune":"Biscarrosse","code_insee":"40046","departement":"Landes","region":"Nouvelle-Aquitaine"}},{"type":"Feature","geometry":{"type":"Point","coordinates":[-1.10976,44.43977]},"properties":{"latitude":"44.43977","longitude":"-1.10976","bright_ti4":"304.7","scan":"0.44","track":"0.46","acq_date":"2026-07-26","acq_time":"236","satellite":"N21","instrument":"VIIRS","confidence":"n","version":"2.0NRT","bright_ti5":"289.55","frp":"2.33","daynight":"N","commune":"Biscarrosse","code_insee":"40046","departement":"Landes","region":"Nouvelle-Aquitaine"}},{"type":"Feature","geometry":{"type":"Point","coordinates":[-1.13243,44.44061]},"properties":{"latitude":"44.44061","longitude":"-1.13243","bright_ti4":"305.85","scan":"0.43","track":"0.46","acq_date":"2026-07-26","acq_time":"236","satellite":"N21","instrument":"VIIRS","confidence":"n","version":"2.0NRT","bright_ti5":"289.54","frp":"1.23","daynight":"N","commune":"Biscarrosse","code_insee":"40046","departement":"Landes","region":"Nouvelle-Aquitaine"}},{"type":"Feature","geometry":{"type":"Point","coordinates":[-1.11495,44.44098]},"properties":{"latitude":"44.44098","longitude":"-1.11495","bright_ti4":"301.45","scan":"0.44","track":"0.46","acq_date":"2026-07-26","acq_time":"236","satellite":"N21","instrument":"VIIRS","confidence":"n","version":"2.0NRT","bright_ti5":"289.07","frp":"1.32","daynight":"N","commune":"Biscarrosse","code_insee":"40046","departement":"Landes","region":"Nouvelle-Aquitaine"}},{"type":"Feature","geometry":{"type":"Point","coordinates":[-1.13058,44.44464]},"properties":{"latitude":"44.44464","longitude":"-1.13058","bright_ti4":"306.45","scan":"0.43","track":"0.46","acq_date":"2026-07-26","acq_time":"236","satellite":"N21","instrument":"VIIRS","confidence":"n","version":"2.0NRT","bright_ti5":"287.92","frp":"1.23","daynight":"N","commune":"Biscarrosse","code_insee":"40046","departement":"Landes","region":"Nouvelle-Aquitaine"}},{"type":"Feature","geometry":{"type":"Point","coordinates":[-1.10602,44.44783]},"properties":{"latitude":"44.44783","longitude":"-1.10602","bright_ti4":"306.7","scan":"0.44","track":"0.46","acq_date":"2026-07-26","acq_time":"236","satellite":"N21","instrument":"VIIRS","confidence":"n","version":"2.0NRT","bright_ti5":"290.12","frp":"2.43","daynight":"N","commune":"Biscarrosse","code_insee":"40046","departement":"Landes","region":"Nouvelle-Aquitaine"}},{"type":"Feature","geometry":{"type":"Point","coordinates":[-0.82671,44.71626]},"properties":{"latitude":"44.71626","longitude":"-0.82671","bright_ti4":"296","scan":"0.44","track":"0.46","acq_date":"2026-07-26","acq_time":"236","satellite":"N21","instrument":"VIIRS","confidence":"n","version":"2.0NRT","bright_ti5":"285.16","frp":"1.78","daynight":"N","commune":"Marcheprime","code_insee":"33555","departement":"Gironde","region":"Nouvelle-Aquitaine"}},{"type":"Feature","geometry":{"type":"Point","coordinates":[-0.83733,44.71877]},"properties":{"latitude":"44.71877","longitude":"-0.83733","bright_ti4":"306.72","scan":"0.44","track":"0.46","acq_date":"2026-07-26","acq_time":"236","satellite":"N21","instrument":"VIIRS","confidence":"n","version":"2.0NRT","bright_ti5":"284.98","frp":"2","daynight":"N","commune":"Marcheprime","code_insee":"33555","departement":"Gironde","region":"Nouvelle-Aquitaine"}},{"type":"Feature","geometry":{"type":"Point","coordinates":[-0.81951,44.71907]},"properties":{"latitude":"44.71907","longitude":"-0.81951","bright_ti4":"306.03","scan":"0.44","track":"0.46","acq_date":"2026-07-26","acq_time":"236","satellite":"N21","instrument":"VIIRS","confidence":"n","version":"2.0NRT","bright_ti5":"282.4","frp":"0.63","daynight":"N","commune":"Marcheprime","code_insee":"33555","departement":"Gironde","region":"Nouvelle-Aquitaine"}},{"type":"Feature","geometry":{"type":"Point","coordinates":[-0.84264,44.72002]},"properties":{"latitude":"44.72002","longitude":"-0.84264","bright_ti4":"308.56","scan":"0.44","track":"0.46","acq_date":"2026-07-26","acq_time":"236","satellite":"N21","instrument":"VIIRS","confidence":"n","version":"2.0NRT","bright_ti5":"285.67","frp":"2","daynight":"N","commune":"Marcheprime","code_insee":"33555","departement":"Gironde","region":"Nouvelle-Aquitaine"}},{"type":"Feature","geometry":{"type":"Point","coordinates":[-0.82483,44.72033]},"properties":{"latitude":"44.72033","longitude":"-0.82483","bright_ti4":"303.52","scan":"0.44","track":"0.46","acq_date":"2026-07-26","acq_time":"236","satellite":"N21","instrument":"VIIRS","confidence":"n","version":"2.0NRT","bright_ti5":"285.29","frp":"1.78","daynight":"N","commune":"Marcheprime","code_insee":"33555","departement":"Gironde","region":"Nouvelle-Aquitaine"}},{"type":"Feature","geometry":{"type":"Point","coordinates":[-0.84795,44.72126]},"properties":{"latitude":"44.72126","longitude":"-0.84795","bright_ti4":"300.76","scan":"0.44","track":"0.46","acq_date":"2026-07-26","acq_time":"236","satellite":"N21","instrument":"VIIRS","confidence":"n","version":"2.0NRT","bright_ti5":"285.21","frp":"3.59","daynight":"N","commune":"Marcheprime","code_insee":"33555","departement":"Gironde","region":"Nouvelle-Aquitaine"}},{"type":"Feature","geometry":{"type":"Point","coordinates":[-0.83014,44.72157]},"properties":{"latitude":"44.72157","longitude":"-0.83014","bright_ti4":"323.85","scan":"0.44","track":"0.46","acq_date":"2026-07-26","acq_time":"236","satellite":"N21","instrument":"VIIRS","confidence":"n","version":"2.0NRT","bright_ti5":"284.32","frp":"1.78","daynight":"N","commune":"Marcheprime","code_insee":"33555","departement":"Gironde","region":"Nouvelle-Aquitaine"}},{"type":"Feature","geometry":{"type":"Point","coordinates":[-0.81228,44.72187]},"properties":{"latitude":"44.72187","longitude":"-0.81228","bright_ti4":"298.79","scan":"0.44","track":"0.46","acq_date":"2026-07-26","acq_time":"236","satellite":"N21","instrument":"VIIRS","confidence":"n","version":"2.0NRT","bright_ti5":"283.28","frp":"1.39","daynight":"N","commune":"Cestas","code_insee":"33122","departement":"Gironde","region":"Nouvelle-Aquitaine"}},{"type":"Feature","geometry":{"type":"Point","coordinates":[-0.85326,44.72252]},"properties":{"latitude":"44.72252","longitude":"-0.85326","bright_ti4":"301.53","scan":"0.44","track":"0.46","acq_date":"2026-07-26","acq_time":"236","satellite":"N21","instrument":"VIIRS","confidence":"n","version":"2.0NRT","bright_ti5":"285.99","frp":"3.59","daynight":"N","commune":"Marcheprime","code_insee":"33555","departement":"Gironde","region":"Nouvelle-Aquitaine"}},{"type":"Feature","geometry":{"type":"Point","coordinates":[-0.83545,44.72282]},"properties":{"latitude":"44.72282","longitude":"-0.83545","bright_ti4":"317.29","scan":"0.44","track":"0.46","acq_date":"2026-07-26","acq_time":"236","satellite":"N21","instrument":"VIIRS","confidence":"n","version":"2.0NRT","bright_ti5":"283.16","frp":"2","daynight":"N","commune":"Marcheprime","code_insee":"33555","departement":"Gironde","region":"Nouvelle-Aquitaine"}},{"type":"Feature","geometry":{"type":"Point","coordinates":[-0.81761,44.72313]},"properties":{"latitude":"44.72313","longitude":"-0.81761","bright_ti4":"300.5","scan":"0.44","track":"0.46","acq_date":"2026-07-26","acq_time":"236","satellite":"N21","instrument":"VIIRS","confidence":"n","version":"2.0NRT","bright_ti5":"285.59","frp":"1.39","daynight":"N","commune":"Cestas","code_insee":"33122","departement":"Gironde","region":"Nouvelle-Aquitaine"}},{"type":"Feature","geometry":{"type":"Point","coordinates":[-0.85856,44.72376]},"properties":{"latitude":"44.72376","longitude":"-0.85856","bright_ti4":"298.46","scan":"0.44","track":"0.46","acq_date":"2026-07-26","acq_time":"236","satellite":"N21","instrument":"VIIRS","confidence":"n","version":"2.0NRT","bright_ti5":"286.03","frp":"2.86","daynight":"N","commune":"Audenge","code_insee":"33019","departement":"Gironde","region":"Nouvelle-Aquitaine"}},{"type":"Feature","geometry":{"type":"Point","coordinates":[-0.84076,44.72407]},"properties":{"latitude":"44.72407","longitude":"-0.84076","bright_ti4":"312.88","scan":"0.44","track":"0.46","acq_date":"2026-07-26","acq_time":"236","satellite":"N21","instrument":"VIIRS","confidence":"n","version":"2.0NRT","bright_ti5":"282.87","frp":"2","daynight":"N","commune":"Marcheprime","code_insee":"33555","departement":"Gironde","region":"Nouvelle-Aquitaine"}},{"type":"Feature","geometry":{"type":"Point","coordinates":[-0.82293,44.72438]},"properties":{"latitude":"44.72438","longitude":"-0.82293","bright_ti4":"297.07","scan":"0.44","track":"0.46","acq_date":"2026-07-26","acq_time":"236","satellite":"N21","instrument":"VIIRS","confidence":"n","version":"2.0NRT","bright_ti5":"286.22","frp":"6.1","daynight":"N","commune":"Cestas","code_insee":"33122","departement":"Gironde","region":"Nouvelle-Aquitaine"}},{"type":"Feature","geometry":{"type":"Point","coordinates":[-0.86386,44.72501]},"properties":{"latitude":"44.72501","longitude":"-0.86386","bright_ti4":"300.28","scan":"0.44","track":"0.46","acq_date":"2026-07-26","acq_time":"236","satellite":"N21","instrument":"VIIRS","confidence":"n","version":"2.0NRT","bright_ti5":"286.03","frp":"2.86","daynight":"N","commune":"Audenge","code_insee":"33019","departement":"Gironde","region":"Nouvelle-Aquitaine"}},{"type":"Feature","geometry":{"type":"Point","coordinates":[-0.84606,44.72532]},"properties":{"latitude":"44.72532","longitude":"-0.84606","bright_ti4":"312.77","scan":"0.44","track":"0.46","acq_date":"2026-07-26","acq_time":"236","satellite":"N21","instrument":"VIIRS","confidence":"n","version":"2.0NRT","bright_ti5":"284.13","frp":"3.59","daynight":"N","commune":"Marcheprime","code_insee":"33555","departement":"Gironde","region":"Nouvelle-Aquitaine"}},{"type":"Feature","geometry":{"type":"Point","coordinates":[-0.82824,44.72563]},"properties":{"latitude":"44.72563","longitude":"-0.82824","bright_ti4":"325.12","scan":"0.44","track":"0.46","acq_date":"2026-07-26","acq_time":"236","satellite":"N21","instrument":"VIIRS","confidence":"n","version":"2.0NRT","bright_ti5":"285.4","frp":"6.1","daynight":"N","commune":"Marcheprime","code_insee":"33555","departement":"Gironde","region":"Nouvelle-Aquitaine"}},{"type":"Feature","geometry":{"type":"Point","coordinates":[-0.85137,44.72657]},"properties":{"latitude":"44.72657","longitude":"-0.85137","bright_ti4":"347.13","scan":"0.44","track":"0.46","acq_date":"2026-07-26","acq_time":"236","satellite":"N21","instrument":"VIIRS","confidence":"n","version":"2.0NRT","bright_ti5":"289.44","frp":"3.59","daynight":"N","commune":"Audenge","code_insee":"33019","departement":"Gironde","region":"Nouvelle-Aquitaine"}},{"type":"Feature","geometry":{"type":"Point","coordinates":[-0.83356,44.72688]},"properties":{"latitude":"44.72688","longitude":"-0.83356","bright_ti4":"332.05","scan":"0.44","track":"0.46","acq_date":"2026-07-26","acq_time":"236","satellite":"N21","instrument":"VIIRS","confidence":"n","version":"2.0NRT","bright_ti5":"283.98","frp":"9.03","daynight":"N","commune":"Marcheprime","code_insee":"33555","departement":"Gironde","region":"Nouvelle-Aquitaine"}},{"type":"Feature","geometry":{"type":"Point","coordinates":[-0.85668,44.72781]},"properties":{"latitude":"44.72781","longitude":"-0.85668","bright_ti4":"302.97","scan":"0.44","track":"0.46","acq_date":"2026-07-26","acq_time":"236","satellite":"N21","instrument":"VIIRS","confidence":"n","version":"2.0NRT","bright_ti5":"283.95","frp":"2.86","daynight":"N","commune":"Audenge","code_insee":"33019","departement":"Gironde","region":"Nouvelle-Aquitaine"}},{"type":"Feature","geometry":{"type":"Point","coordinates":[-0.86198,44.72906]},"properties":{"latitude":"44.72906","longitude":"-0.86198","bright_ti4":"338.49","scan":"0.44","track":"0.46","acq_date":"2026-07-26","acq_time":"236","satellite":"N21","instrument":"VIIRS","confidence":"n","version":"2.0NRT","bright_ti5":"287.07","frp":"2.86","daynight":"N","commune":"Audenge","code_insee":"33019","departement":"Gironde","region":"Nouvelle-Aquitaine"}},{"type":"Feature","geometry":{"type":"Point","coordinates":[-0.84417,44.72937]},"properties":{"latitude":"44.72937","longitude":"-0.84417","bright_ti4":"310.74","scan":"0.44","track":"0.46","acq_date":"2026-07-26","acq_time":"236","satellite":"N21","instrument":"VIIRS","confidence":"n","version":"2.0NRT","bright_ti5":"284.67","frp":"4.24","daynight":"N","commune":"Audenge","code_insee":"33019","departement":"Gironde","region":"Nouvelle-Aquitaine"}},{"type":"Feature","geometry":{"type":"Point","coordinates":[-0.82634,44.72969]},"properties":{"latitude":"44.72969","longitude":"-0.82634","bright_ti4":"346.44","scan":"0.44","track":"0.46","acq_date":"2026-07-26","acq_time":"236","satellite":"N21","instrument":"VIIRS","confidence":"n","version":"2.0NRT","bright_ti5":"296.91","frp":"6.1","daynight":"N","commune":"Cestas","code_insee":"33122","departement":"Gironde","region":"Nouvelle-Aquitaine"}},{"type":"Feature","geometry":{"type":"Point","coordinates":[-0.88497,44.72997]},"properties":{"latitude":"44.72997","longitude":"-0.88497","bright_ti4":"298.51","scan":"0.44","track":"0.46","acq_date":"2026-07-26","acq_time":"236","satellite":"N21","instrument":"VIIRS","confidence":"n","version":"2.0NRT","bright_ti5":"286.4","frp":"7.83","daynight":"N","commune":"Audenge","code_insee":"33019","departement":"Gironde","region":"Nouvelle-Aquitaine"}},{"type":"Feature","geometry":{"type":"Point","coordinates":[-0.80848,44.73]},"properties":{"latitude":"44.73","longitude":"-0.80848","bright_ti4":"298.6","scan":"0.44","track":"0.46","acq_date":"2026-07-26","acq_time":"236","satellite":"N21","instrument":"VIIRS","confidence":"n","version":"2.0NRT","bright_ti5":"284.19","frp":"1.15","daynight":"N","commune":"Cestas","code_insee":"33122","departement":"Gironde","region":"Nouvelle-Aquitaine"}},{"type":"Feature","geometry":{"type":"Point","coordinates":[-0.86727,44.7303]},"properties":{"latitude":"44.7303","longitude":"-0.86727","bright_ti4":"367","scan":"0.44","track":"0.46","acq_date":"2026-07-26","acq_time":"236","satellite":"N21","instrument":"VIIRS","confidence":"h","version":"2.0NRT","bright_ti5":"298.2","frp":"20.62","daynight":"N","commune":"Audenge","code_insee":"33019","departement":"Gironde","region":"Nouvelle-Aquitaine"}},{"type":"Feature","geometry":{"type":"Point","coordinates":[-0.84947,44.73062]},"properties":{"latitude":"44.73062","longitude":"-0.84947","bright_ti4":"315.37","scan":"0.44","track":"0.46","acq_date":"2026-07-26","acq_time":"236","satellite":"N21","instrument":"VIIRS","confidence":"n","version":"2.0NRT","bright_ti5":"286.72","frp":"4.24","daynight":"N","commune":"Audenge","code_insee":"33019","departement":"Gironde","region":"Nouvelle-Aquitaine"}},{"type":"Feature","geometry":{"type":"Point","coordinates":[-0.83165,44.73093]},"properties":{"latitude":"44.73093","longitude":"-0.83165","bright_ti4":"344.74","scan":"0.44","track":"0.46","acq_date":"2026-07-26","acq_time":"236","satellite":"N21","instrument":"VIIRS","confidence":"n","version":"2.0NRT","bright_ti5":"294.71","frp":"9.03","daynight":"N","commune":"Cestas","code_insee":"33122","departement":"Gironde","region":"Nouvelle-Aquitaine"}},{"type":"Feature","geometry":{"type":"Point","coordinates":[-0.89026,44.73121]},"properties":{"latitude":"44.73121","longitude":"-0.89026","bright_ti4":"313.66","scan":"0.44","track":"0.46","acq_date":"2026-07-26","acq_time":"236","satellite":"N21","instrument":"VIIRS","confidence":"n","version":"2.0NRT","bright_ti5":"285.8","frp":"20.5","daynight":"N","commune":"Audenge","code_insee":"33019","departement":"Gironde","region":"Nouvelle-Aquitaine"}},{"type":"Feature","geometry":{"type":"Point","coordinates":[-0.81382,44.73125]},"properties":{"latitude":"44.73125","longitude":"-0.81382","bright_ti4":"308.27","scan":"0.44","track":"0.46","acq_date":"2026-07-26","acq_time":"236","satellite":"N21","instrument":"VIIRS","confidence":"n","version":"2.0NRT","bright_ti5":"284.93","frp":"1.15","daynight":"N","commune":"Cestas","code_insee":"33122","departement":"Gironde","region":"Nouvelle-Aquitaine"}},{"type":"Feature","geometry":{"type":"Point","coordinates":[-0.87255,44.73154]},"properties":{"latitude":"44.73154","longitude":"-0.87255","bright_ti4":"367","scan":"0.44","track":"0.46","acq_date":"2026-07-26","acq_time":"236","satellite":"N21","instrument":"VIIRS","confidence":"h","version":"2.0NRT","bright_ti5":"292.85","frp":"20.62","daynight":"N","commune":"Audenge","code_insee":"33019","departement":"Gironde","region":"Nouvelle-Aquitaine"}},{"type":"Feature","geometry":{"type":"Point","coordinates":[-0.85478,44.73186]},"properties":{"latitude":"44.73186","longitude":"-0.85478","bright_ti4":"303.48","scan":"0.44","track":"0.46","acq_date":"2026-07-26","acq_time":"236","satellite":"N21","instrument":"VIIRS","confidence":"n","version":"2.0NRT","bright_ti5":"284.44","frp":"2.3","daynight":"N","commune":"Audenge","code_insee":"33019","departement":"Gironde","region":"Nouvelle-Aquitaine"}},{"type":"Feature","geometry":{"type":"Point","coordinates":[-0.83697,44.73218]},"properties":{"latitude":"44.73218","longitude":"-0.83697","bright_ti4":"344.17","scan":"0.44","track":"0.46","acq_date":"2026-07-26","acq_time":"236","satellite":"N21","instrument":"VIIRS","confidence":"n","version":"2.0NRT","bright_ti5":"294.16","frp":"9.03","daynight":"N","commune":"Marcheprime","code_insee":"33555","departement":"Gironde","region":"Nouvelle-Aquitaine"}},{"type":"Feature","geometry":{"type":"Point","coordinates":[-0.89555,44.73246]},"properties":{"latitude":"44.73246","longitude":"-0.89555","bright_ti4":"303.48","scan":"0.44","track":"0.46","acq_date":"2026-07-26","acq_time":"236","satellite":"N21","instrument":"VIIRS","confidence":"n","version":"2.0NRT","bright_ti5":"286.21","frp":"20.5","daynight":"N","commune":"Audenge","code_insee":"33019","departement":"Gironde","region":"Nouvelle-Aquitaine"}},{"type":"Feature","geometry":{"type":"Point","coordinates":[-0.81914,44.7325]},"properties":{"latitude":"44.7325","longitude":"-0.81914","bright_ti4":"321.61","scan":"0.44","track":"0.46","acq_date":"2026-07-26","acq_time":"236","satellite":"N21","instrument":"VIIRS","confidence":"n","version":"2.0NRT","bright_ti5":"287.12","frp":"6.02","daynight":"N","commune":"Cestas","code_insee":"33122","departement":"Gironde","region":"Nouvelle-Aquitaine"}},{"type":"Feature","geometry":{"type":"Point","coordinates":[-0.87782,44.73278]},"properties":{"latitude":"44.73278","longitude":"-0.87782","bright_ti4":"342.6","scan":"0.44","track":"0.46","acq_date":"2026-07-26","acq_time":"236","satellite":"N21","instrument":"VIIRS","confidence":"n","version":"2.0NRT","bright_ti5":"289.13","frp":"7.83","daynight":"N","commune":"Audenge","code_insee":"33019","departement":"Gironde","region":"Nouvelle-Aquitaine"}},{"type":"Feature","geometry":{"type":"Point","coordinates":[-0.86008,44.73311]},"properties":{"latitude":"44.73311","longitude":"-0.86008","bright_ti4":"307.54","scan":"0.44","track":"0.46","acq_date":"2026-07-26","acq_time":"236","satellite":"N21","instrument":"VIIRS","confidence":"n","version":"2.0NRT","bright_ti5":"287.89","frp":"2.3","daynight":"N","commune":"Audenge","code_insee":"33019","departement":"Gironde","region":"Nouvelle-Aquitaine"}},{"type":"Feature","geometry":{"type":"Point","coordinates":[-0.84227,44.73342]},"properties":{"latitude":"44.73342","longitude":"-0.84227","bright_ti4":"344.65","scan":"0.44","track":"0.46","acq_date":"2026-07-26","acq_time":"236","satellite":"N21","instrument":"VIIRS","confidence":"n","version":"2.0NRT","bright_ti5":"297.66","frp":"4.24","daynight":"N","commune":"Audenge","code_insee":"33019","departement":"Gironde","region":"Nouvelle-Aquitaine"}},{"type":"Feature","geometry":{"type":"Point","coordinates":[-0.82444,44.73374]},"properties":{"latitude":"44.73374","longitude":"-0.82444","bright_ti4":"350.31","scan":"0.44","track":"0.46","acq_date":"2026-07-26","acq_time":"236","satellite":"N21","instrument":"VIIRS","confidence":"n","version":"2.0NRT","bright_ti5":"293.79","frp":"6.02","daynight":"N","commune":"Cestas","code_insee":"33122","departement":"Gironde","region":"Nouvelle-Aquitaine"}},{"type":"Feature","geometry":{"type":"Point","coordinates":[-0.8831,44.73402]},"properties":{"latitude":"44.73402","longitude":"-0.8831","bright_ti4":"348.73","scan":"0.44","track":"0.46","acq_date":"2026-07-26","acq_time":"236","satellite":"N21","instrument":"VIIRS","confidence":"n","version":"2.0NRT","bright_ti5":"288.33","frp":"7.83","daynight":"N","commune":"Audenge","code_insee":"33019","departement":"Gironde","region":"Nouvelle-Aquitaine"}},{"type":"Feature","geometry":{"type":"Point","coordinates":[-0.86537,44.73435]},"properties":{"latitude":"44.73435","longitude":"-0.86537","bright_ti4":"318.82","scan":"0.44","track":"0.46","acq_date":"2026-07-26","acq_time":"236","satellite":"N21","instrument":"VIIRS","confidence":"n","version":"2.0NRT","bright_ti5":"287.94","frp":"2.28","daynight":"N","commune":"Audenge","code_insee":"33019","departement":"Gironde","region":"Nouvelle-Aquitaine"}},{"type":"Feature","geometry":{"type":"Point","coordinates":[-0.84756,44.73466]},"properties":{"latitude":"44.73466","longitude":"-0.84756","bright_ti4":"309.76","scan":"0.44","track":"0.46","acq_date":"2026-07-26","acq_time":"236","satellite":"N21","instrument":"VIIRS","confidence":"n","version":"2.0NRT","bright_ti5":"289.78","frp":"4.24","daynight":"N","commune":"Audenge","code_insee":"33019","departement":"Gironde","region":"Nouvelle-Aquitaine"}},{"type":"Feature","geometry":{"type":"Point","coordinates":[-0.82974,44.73498]},"properties":{"latitude":"44.73498","longitude":"-0.82974","bright_ti4":"367","scan":"0.44","track":"0.46","acq_date":"2026-07-26","acq_time":"236","satellite":"N21","instrument":"VIIRS","confidence":"h","version":"2.0NRT","bright_ti5":"296.95","frp":"9.76","daynight":"N","commune":"Cestas","code_insee":"33122","departement":"Gironde","region":"Nouvelle-Aquitaine"}},{"type":"Feature","geometry":{"type":"Point","coordinates":[-0.88838,44.73526]},"properties":{"latitude":"44.73526","longitude":"-0.88838","bright_ti4":"345.78","scan":"0.44","track":"0.46","acq_date":"2026-07-26","acq_time":"236","satellite":"N21","instrument":"VIIRS","confidence":"n","version":"2.0NRT","bright_ti5":"301.86","frp":"20.5","daynight":"N","commune":"Audenge","code_insee":"33019","departement":"Gironde","region":"Nouvelle-Aquitaine"}},{"type":"Feature","geometry":{"type":"Point","coordinates":[-0.8119,44.7353]},"properties":{"latitude":"44.7353","longitude":"-0.8119","bright_ti4":"299.92","scan":"0.44","track":"0.46","acq_date":"2026-07-26","acq_time":"236","satellite":"N21","instrument":"VIIRS","confidence":"n","version":"2.0NRT","bright_ti5":"281.73","frp":"1.15","daynight":"N","commune":"Cestas","code_insee":"33122","departement":"Gironde","region":"Nouvelle-Aquitaine"}},{"type":"Feature","geometry":{"type":"Point","coordinates":[-0.87066,44.73559]},"properties":{"latitude":"44.73559","longitude":"-0.87066","bright_ti4":"311.04","scan":"0.44","track":"0.46","acq_date":"2026-07-26","acq_time":"236","satellite":"N21","instrument":"VIIRS","confidence":"n","version":"2.0NRT","bright_ti5":"285.5","frp":"2.28","daynight":"N","commune":"Audenge","code_insee":"33019","departement":"Gironde","region":"Nouvelle-Aquitaine"}},{"type":"Feature","geometry":{"type":"Point","coordinates":[-0.83506,44.73623]},"properties":{"latitude":"44.73623","longitude":"-0.83506","bright_ti4":"367","scan":"0.44","track":"0.46","acq_date":"2026-07-26","acq_time":"236","satellite":"N21","instrument":"VIIRS","confidence":"h","version":"2.0NRT","bright_ti5":"294.52","frp":"9.76","daynight":"N","commune":"Cestas","code_insee":"33122","departement":"Gironde","region":"Nouvelle-Aquitaine"}},{"type":"Feature","geometry":{"type":"Point","coordinates":[-0.89367,44.7365]},"properties":{"latitude":"44.7365","longitude":"-0.89367","bright_ti4":"367","scan":"0.44","track":"0.46","acq_date":"2026-07-26","acq_time":"236","satellite":"N21","instrument":"VIIRS","confidence":"h","version":"2.0NRT","bright_ti5":"299.47","frp":"20.5","daynight":"N","commune":"Audenge","code_insee":"33019","departement":"Gironde","region":"Nouvelle-Aquitaine"}},{"type":"Feature","geometry":{"type":"Point","coordinates":[-0.87595,44.73683]},"properties":{"latitude":"44.73683","longitude":"-0.87595","bright_ti4":"318.68","scan":"0.44","track":"0.46","acq_date":"2026-07-26","acq_time":"236","satellite":"N21","instrument":"VIIRS","confidence":"n","version":"2.0NRT","bright_ti5":"285.63","frp":"4.2","daynight":"N","commune":"Audenge","code_insee":"33019","departement":"Gironde","region":"Nouvelle-Aquitaine"}},{"type":"Feature","geometry":{"type":"Point","coordinates":[-0.84036,44.73747]},"properties":{"latitude":"44.73747","longitude":"-0.84036","bright_ti4":"342","scan":"0.44","track":"0.46","acq_date":"2026-07-26","acq_time":"236","satellite":"N21","instrument":"VIIRS","confidence":"n","version":"2.0NRT","bright_ti5":"294.81","frp":"11.17","daynight":"N","commune":"Audenge","code_insee":"33019","departement":"Gironde","region":"Nouvelle-Aquitaine"}},{"type":"Feature","geometry":{"type":"Point","coordinates":[-0.89894,44.73774]},"properties":{"latitude":"44.73774","longitude":"-0.89894","bright_ti4":"353.14","scan":"0.44","track":"0.46","acq_date":"2026-07-26","acq_time":"236","satellite":"N21","instrument":"VIIRS","confidence":"n","version":"2.0NRT","bright_ti5":"297.99","frp":"13.05","daynight":"N","commune":"Audenge","code_insee":"33019","departement":"Gironde","region":"Nouvelle-Aquitaine"}},{"type":"Feature","geometry":{"type":"Point","coordinates":[-0.82253,44.73779]},"properties":{"latitude":"44.73779","longitude":"-0.82253","bright_ti4":"297.47","scan":"0.44","track":"0.46","acq_date":"2026-07-26","acq_time":"236","satellite":"N21","instrument":"VIIRS","confidence":"n","version":"2.0NRT","bright_ti5":"280.78","frp":"6.02","daynight":"N","commune":"Cestas","code_insee":"33122","departement":"Gironde","region":"Nouvelle-Aquitaine"}},{"type":"Feature","geometry":{"type":"Point","coordinates":[-0.88123,44.73807]},"properties":{"latitude":"44.73807","longitude":"-0.88123","bright_ti4":"332","scan":"0.44","track":"0.46","acq_date":"2026-07-26","acq_time":"236","satellite":"N21","instrument":"VIIRS","confidence":"n","version":"2.0NRT","bright_ti5":"292.11","frp":"4.2","daynight":"N","commune":"Audenge","code_insee":"33019","departement":"Gironde","region":"Nouvelle-Aquitaine"}},{"type":"Feature","geometry":{"type":"Point","coordinates":[-0.84566,44.73872]},"properties":{"latitude":"44.73872","longitude":"-0.84566","bright_ti4":"338.42","scan":"0.44","track":"0.46","acq_date":"2026-07-26","acq_time":"236","satellite":"N21","instrument":"VIIRS","confidence":"n","version":"2.0NRT","bright_ti5":"294.77","frp":"11.17","daynight":"N","commune":"Audenge","code_insee":"33019","departement":"Gironde","region":"Nouvelle-Aquitaine"}},{"type":"Feature","geometry":{"type":"Point","coordinates":[-0.9042,44.73897]},"properties":{"latitude":"44.73897","longitude":"-0.9042","bright_ti4":"331.92","scan":"0.44","track":"0.46","acq_date":"2026-07-26","acq_time":"236","satellite":"N21","instrument":"VIIRS","confidence":"n","version":"2.0NRT","bright_ti5":"288.68","frp":"13.05","daynight":"N","commune":"Audenge","code_insee":"33019","departement":"Gironde","region":"Nouvelle-Aquitaine"}},{"type":"Feature","geometry":{"type":"Point","coordinates":[-0.82784,44.73904]},"properties":{"latitude":"44.73904","longitude":"-0.82784","bright_ti4":"304.03","scan":"0.44","track":"0.46","acq_date":"2026-07-26","acq_time":"236","satellite":"N21","instrument":"VIIRS","confidence":"n","version":"2.0NRT","bright_ti5":"283","frp":"9.76","daynight":"N","commune":"Saint-Jean-d'Illac","code_insee":"33422","departement":"Gironde","region":"Nouvelle-Aquitaine"}},{"type":"Feature","geometry":{"type":"Point","coordinates":[-0.88651,44.73931]},"properties":{"latitude":"44.73931","longitude":"-0.88651","bright_ti4":"336.48","scan":"0.44","track":"0.46","acq_date":"2026-07-26","acq_time":"236","satellite":"N21","instrument":"VIIRS","confidence":"n","version":"2.0NRT","bright_ti5":"293.99","frp":"5.55","daynight":"N","commune":"Audenge","code_insee":"33019","departement":"Gironde","region":"Nouvelle-Aquitaine"}},{"type":"Feature","geometry":{"type":"Point","coordinates":[-0.86877,44.73964]},"properties":{"latitude":"44.73964","longitude":"-0.86877","bright_ti4":"304.52","scan":"0.44","track":"0.46","acq_date":"2026-07-26","acq_time":"236","satellite":"N21","instrument":"VIIRS","confidence":"n","version":"2.0NRT","bright_ti5":"288.38","frp":"2.28","daynight":"N","commune":"Audenge","code_insee":"33019","departement":"Gironde","region":"Nouvelle-Aquitaine"}},{"type":"Feature","geometry":{"type":"Point","coordinates":[-0.85097,44.73996]},"properties":{"latitude":"44.73996","longitude":"-0.85097","bright_ti4":"311.33","scan":"0.44","track":"0.46","acq_date":"2026-07-26","acq_time":"236","satellite":"N21","instrument":"VIIRS","confidence":"n","version":"2.0NRT","bright_ti5":"288.87","frp":"8.99","daynight":"N","commune":"Audenge","code_insee":"33019","departement":"Gironde","region":"Nouvelle-Aquitaine"}},{"type":"Feature","geometry":{"type":"Point","coordinates":[-0.89179,44.74054]},"properties":{"latitude":"44.74054","longitude":"-0.89179","bright_ti4":"330.33","scan":"0.44","track":"0.46","acq_date":"2026-07-26","acq_time":"236","satellite":"N21","instrument":"VIIRS","confidence":"n","version":"2.0NRT","bright_ti5":"294.12","frp":"5.55","daynight":"N","commune":"Audenge","code_insee":"33019","departement":"Gironde","region":"Nouvelle-Aquitaine"}},{"type":"Feature","geometry":{"type":"Point","coordinates":[-0.87406,44.74088]},"properties":{"latitude":"44.74088","longitude":"-0.87406","bright_ti4":"309.06","scan":"0.44","track":"0.46","acq_date":"2026-07-26","acq_time":"236","satellite":"N21","instrument":"VIIRS","confidence":"n","version":"2.0NRT","bright_ti5":"289.92","frp":"4.2","daynight":"N","commune":"Audenge","code_insee":"33019","departement":"Gironde","region":"Nouvelle-Aquitaine"}},{"type":"Feature","geometry":{"type":"Point","coordinates":[-0.85627,44.7412]},"properties":{"latitude":"44.7412","longitude":"-0.85627","bright_ti4":"301.92","scan":"0.44","track":"0.46","acq_date":"2026-07-26","acq_time":"236","satellite":"N21","instrument":"VIIRS","confidence":"n","version":"2.0NRT","bright_ti5":"288.38","frp":"8.99","daynight":"N","commune":"Audenge","code_insee":"33019","departement":"Gironde","region":"Nouvelle-Aquitaine"}},{"type":"Feature","geometry":{"type":"Point","coordinates":[-0.89706,44.74178]},"properties":{"latitude":"44.74178","longitude":"-0.89706","bright_ti4":"322.38","scan":"0.44","track":"0.46","acq_date":"2026-07-26","acq_time":"236","satellite":"N21","instrument":"VIIRS","confidence":"n","version":"2.0NRT","bright_ti5":"291.85","frp":"2.31","daynight":"N","commune":"Audenge","code_insee":"33019","departement":"Gironde","region":"Nouvelle-Aquitaine"}},{"type":"Feature","geometry":{"type":"Point","coordinates":[-0.87935,44.74212]},"properties":{"latitude":"44.74212","longitude":"-0.87935","bright_ti4":"332.79","scan":"0.44","track":"0.46","acq_date":"2026-07-26","acq_time":"236","satellite":"N21","instrument":"VIIRS","confidence":"n","version":"2.0NRT","bright_ti5":"296.91","frp":"4.2","daynight":"N","commune":"Audenge","code_insee":"33019","departement":"Gironde","region":"Nouvelle-Aquitaine"}},{"type":"Feature","geometry":{"type":"Point","coordinates":[-0.90233,44.74302]},"properties":{"latitude":"44.74302","longitude":"-0.90233","bright_ti4":"303.98","scan":"0.44","track":"0.46","acq_date":"2026-07-26","acq_time":"236","satellite":"N21","instrument":"VIIRS","confidence":"n","version":"2.0NRT","bright_ti5":"287.31","frp":"2.31","daynight":"N","commune":"Audenge","code_insee":"33019","departement":"Gironde","region":"Nouvelle-Aquitaine"}},{"type":"Feature","geometry":{"type":"Point","coordinates":[-0.88463,44.74335]},"properties":{"latitude":"44.74335","longitude":"-0.88463","bright_ti4":"332.02","scan":"0.44","track":"0.46","acq_date":"2026-07-26","acq_time":"236","satellite":"N21","instrument":"VIIRS","confidence":"n","version":"2.0NRT","bright_ti5":"295.34","frp":"5.55","daynight":"N","commune":"Audenge","code_insee":"33019","departement":"Gironde","region":"Nouvelle-Aquitaine"}},{"type":"Feature","geometry":{"type":"Point","coordinates":[-0.84907,44.74401]},"properties":{"latitude":"44.74401","longitude":"-0.84907","bright_ti4":"339.08","scan":"0.44","track":"0.46","acq_date":"2026-07-26","acq_time":"236","satellite":"N21","instrument":"VIIRS","confidence":"n","version":"2.0NRT","bright_ti5":"290.64","frp":"8.99","daynight":"N","commune":"Saint-Jean-d'Illac","code_insee":"33422","departement":"Gironde","region":"Nouvelle-Aquitaine"}},{"type":"Feature","geometry":{"type":"Point","coordinates":[-0.88991,44.74459]},"properties":{"latitude":"44.74459","longitude":"-0.88991","bright_ti4":"320.3","scan":"0.44","track":"0.46","acq_date":"2026-07-26","acq_time":"236","satellite":"N21","instrument":"VIIRS","confidence":"n","version":"2.0NRT","bright_ti5":"292.29","frp":"5.55","daynight":"N","commune":"Audenge","code_insee":"33019","departement":"Gironde","region":"Nouvelle-Aquitaine"}},{"type":"Feature","geometry":{"type":"Point","coordinates":[-1.02863,44.74579]},"properties":{"latitude":"44.74579","longitude":"-1.02863","bright_ti4":"317.98","scan":"0.43","track":"0.46","acq_date":"2026-07-26","acq_time":"236","satellite":"N21","instrument":"VIIRS","confidence":"n","version":"2.0NRT","bright_ti5":"289.17","frp":"4.31","daynight":"N","commune":"Lanton","code_insee":"33229","departement":"Gironde","region":"Nouvelle-Aquitaine"}},{"type":"Feature","geometry":{"type":"Point","coordinates":[-0.89518,44.74583]},"properties":{"latitude":"44.74583","longitude":"-0.89518","bright_ti4":"300.99","scan":"0.44","track":"0.46","acq_date":"2026-07-26","acq_time":"236","satellite":"N21","instrument":"VIIRS","confidence":"n","version":"2.0NRT","bright_ti5":"288.55","frp":"2.31","daynight":"N","commune":"Audenge","code_insee":"33019","departement":"Gironde","region":"Nouvelle-Aquitaine"}},{"type":"Feature","geometry":{"type":"Point","coordinates":[-0.87746,44.74616]},"properties":{"latitude":"44.74616","longitude":"-0.87746","bright_ti4":"327.33","scan":"0.44","track":"0.46","acq_date":"2026-07-26","acq_time":"236","satellite":"N21","instrument":"VIIRS","confidence":"n","version":"2.0NRT","bright_ti5":"294.52","frp":"4.57","daynight":"N","commune":"Audenge","code_insee":"33019","departement":"Gironde","region":"Nouvelle-Aquitaine"}},{"type":"Feature","geometry":{"type":"Point","coordinates":[-0.88276,44.7474]},"properties":{"latitude":"44.7474","longitude":"-0.88276","bright_ti4":"338.88","scan":"0.44","track":"0.46","acq_date":"2026-07-26","acq_time":"236","satellite":"N21","instrument":"VIIRS","confidence":"n","version":"2.0NRT","bright_ti5":"298.28","frp":"5.38","daynight":"N","commune":"Audenge","code_insee":"33019","departement":"Gironde","region":"Nouvelle-Aquitaine"}},{"type":"Feature","geometry":{"type":"Point","coordinates":[-1.03904,44.74823]},"properties":{"latitude":"44.74823","longitude":"-1.03904","bright_ti4":"341.98","scan":"0.43","track":"0.46","acq_date":"2026-07-26","acq_time":"236","satellite":"N21","instrument":"VIIRS","confidence":"n","version":"2.0NRT","bright_ti5":"291.22","frp":"8.07","daynight":"N","commune":"Lanton","code_insee":"33229","departement":"Gironde","region":"Nouvelle-Aquitaine"}},{"type":"Feature","geometry":{"type":"Point","coordinates":[-0.90571,44.74829]},"properties":{"latitude":"44.74829","longitude":"-0.90571","bright_ti4":"300.77","scan":"0.44","track":"0.46","acq_date":"2026-07-26","acq_time":"236","satellite":"N21","instrument":"VIIRS","confidence":"n","version":"2.0NRT","bright_ti5":"288.64","frp":"3.37","daynight":"N","commune":"Audenge","code_insee":"33019","departement":"Gironde","region":"Nouvelle-Aquitaine"}},{"type":"Feature","geometry":{"type":"Point","coordinates":[-1.02157,44.7486]},"properties":{"latitude":"44.7486","longitude":"-1.02157","bright_ti4":"304","scan":"0.43","track":"0.46","acq_date":"2026-07-26","acq_time":"236","satellite":"N21","instrument":"VIIRS","confidence":"n","version":"2.0NRT","bright_ti5":"287.08","frp":"4.31","daynight":"N","commune":"Lanton","code_insee":"33229","departement":"Gironde","region":"Nouvelle-Aquitaine"}},{"type":"Feature","geometry":{"type":"Point","coordinates":[-0.88804,44.74864]},"properties":{"latitude":"44.74864","longitude":"-0.88804","bright_ti4":"325.69","scan":"0.44","track":"0.46","acq_date":"2026-07-26","acq_time":"236","satellite":"N21","instrument":"VIIRS","confidence":"n","version":"2.0NRT","bright_ti5":"291.38","frp":"5.38","daynight":"N","commune":"Audenge","code_insee":"33019","departement":"Gironde","region":"Nouvelle-Aquitaine"}},{"type":"Feature","geometry":{"type":"Point","coordinates":[-0.9286,44.74916]},"properties":{"latitude":"44.74916","longitude":"-0.9286","bright_ti4":"334.95","scan":"0.44","track":"0.46","acq_date":"2026-07-26","acq_time":"236","satellite":"N21","instrument":"VIIRS","confidence":"n","version":"2.0NRT","bright_ti5":"290.72","frp":"5.49","daynight":"N","commune":"Lanton","code_insee":"33229","departement":"Gironde","region":"Nouvelle-Aquitaine"}},{"type":"Feature","geometry":{"type":"Point","coordinates":[-1.04423,44.74945]},"properties":{"latitude":"44.74945","longitude":"-1.04423","bright_ti4":"351.61","scan":"0.43","track":"0.46","acq_date":"2026-07-26","acq_time":"236","satellite":"N21","instrument":"VIIRS","confidence":"n","version":"2.0NRT","bright_ti5":"291.87","frp":"12.53","daynight":"N","commune":"Lanton","code_insee":"33229","departement":"Gironde","region":"Nouvelle-Aquitaine"}},{"type":"Feature","geometry":{"type":"Point","coordinates":[-1.02678,44.74982]},"properties":{"latitude":"44.74982","longitude":"-1.02678","bright_ti4":"346.11","scan":"0.43","track":"0.46","acq_date":"2026-07-26","acq_time":"236","satellite":"N21","instrument":"VIIRS","confidence":"n","version":"2.0NRT","bright_ti5":"291.52","frp":"4.31","daynight":"N","commune":"Lanton","code_insee":"33229","departement":"Gironde","region":"Nouvelle-Aquitaine"}},{"type":"Feature","geometry":{"type":"Point","coordinates":[-0.89331,44.74987]},"properties":{"latitude":"44.74987","longitude":"-0.89331","bright_ti4":"301.37","scan":"0.44","track":"0.46","acq_date":"2026-07-26","acq_time":"236","satellite":"N21","instrument":"VIIRS","confidence":"n","version":"2.0NRT","bright_ti5":"288.16","frp":"1.83","daynight":"N","commune":"Audenge","code_insee":"33019","departement":"Gironde","region":"Nouvelle-Aquitaine"}},{"type":"Feature","geometry":{"type":"Point","coordinates":[-0.87558,44.75021]},"properties":{"latitude":"44.75021","longitude":"-0.87558","bright_ti4":"311.81","scan":"0.44","track":"0.46","acq_date":"2026-07-26","acq_time":"236","satellite":"N21","instrument":"VIIRS","confidence":"n","version":"2.0NRT","bright_ti5":"289.5","frp":"4.57","daynight":"N","commune":"Audenge","code_insee":"33019","departement":"Gironde","region":"Nouvelle-Aquitaine"}},{"type":"Feature","geometry":{"type":"Point","coordinates":[-0.93385,44.7504]},"properties":{"latitude":"44.7504","longitude":"-0.93385","bright_ti4":"348.8","scan":"0.44","track":"0.46","acq_date":"2026-07-26","acq_time":"236","satellite":"N21","instrument":"VIIRS","confidence":"n","version":"2.0NRT","bright_ti5":"292.11","frp":"5.49","daynight":"N","commune":"Lanton","code_insee":"33229","departement":"Gironde","region":"Nouvelle-Aquitaine"}},{"type":"Feature","geometry":{"type":"Point","coordinates":[-0.91624,44.75076]},"properties":{"latitude":"44.75076","longitude":"-0.91624","bright_ti4":"301.16","scan":"0.44","track":"0.46","acq_date":"2026-07-26","acq_time":"236","satellite":"N21","instrument":"VIIRS","confidence":"n","version":"2.0NRT","bright_ti5":"288.2","frp":"3.18","daynight":"N","commune":"Audenge","code_insee":"33019","departement":"Gironde","region":"Nouvelle-Aquitaine"}},{"type":"Feature","geometry":{"type":"Point","coordinates":[-1.03199,44.75104]},"properties":{"latitude":"44.75104","longitude":"-1.03199","bright_ti4":"310.55","scan":"0.43","track":"0.46","acq_date":"2026-07-26","acq_time":"236","satellite":"N21","instrument":"VIIRS","confidence":"n","version":"2.0NRT","bright_ti5":"287.84","frp":"8.07","daynight":"N","commune":"Lanton","code_insee":"33229","departement":"Gironde","region":"Nouvelle-Aquitaine"}},{"type":"Feature","geometry":{"type":"Point","coordinates":[-0.89858,44.7511]},"properties":{"latitude":"44.7511","longitude":"-0.89858","bright_ti4":"301.29","scan":"0.44","track":"0.46","acq_date":"2026-07-26","acq_time":"236","satellite":"N21","instrument":"VIIRS","confidence":"n","version":"2.0NRT","bright_ti5":"288.56","frp":"1.83","daynight":"N","commune":"Audenge","code_insee":"33019","departement":"Gironde","region":"Nouvelle-Aquitaine"}},{"type":"Feature","geometry":{"type":"Point","coordinates":[-0.88088,44.75145]},"properties":{"latitude":"44.75145","longitude":"-0.88088","bright_ti4":"335.92","scan":"0.44","track":"0.46","acq_date":"2026-07-26","acq_time":"236","satellite":"N21","instrument":"VIIRS","confidence":"n","version":"2.0NRT","bright_ti5":"294.18","frp":"5.38","daynight":"N","commune":"Audenge","code_insee":"33019","departement":"Gironde","region":"Nouvelle-Aquitaine"}},{"type":"Feature","geometry":{"type":"Point","coordinates":[-0.9391,44.75163]},"properties":{"latitude":"44.75163","longitude":"-0.9391","bright_ti4":"331.99","scan":"0.44","track":"0.46","acq_date":"2026-07-26","acq_time":"236","satellite":"N21","instrument":"VIIRS","confidence":"n","version":"2.0NRT","bright_ti5":"288.69","frp":"5.61","daynight":"N","commune":"Lanton","code_insee":"33229","departement":"Gironde","region":"Nouvelle-Aquitaine"}},{"type":"Feature","geometry":{"type":"Point","coordinates":[-1.03722,44.75226]},"properties":{"latitude":"44.75226","longitude":"-1.03722","bright_ti4":"342.82","scan":"0.43","track":"0.46","acq_date":"2026-07-26","acq_time":"236","satellite":"N21","instrument":"VIIRS","confidence":"n","version":"2.0NRT","bright_ti5":"292.12","frp":"8.07","daynight":"N","commune":"Lanton","code_insee":"33229","departement":"Gironde","region":"Nouvelle-Aquitaine"}},{"type":"Feature","geometry":{"type":"Point","coordinates":[-0.88617,44.75269]},"properties":{"latitude":"44.75269","longitude":"-0.88617","bright_ti4":"324.96","scan":"0.44","track":"0.46","acq_date":"2026-07-26","acq_time":"236","satellite":"N21","instrument":"VIIRS","confidence":"n","version":"2.0NRT","bright_ti5":"289.41","frp":"5.38","daynight":"N","commune":"Audenge","code_insee":"33019","departement":"Gironde","region":"Nouvelle-Aquitaine"}},{"type":"Feature","geometry":{"type":"Point","coordinates":[-0.94435,44.75285]},"properties":{"latitude":"44.75285","longitude":"-0.94435","bright_ti4":"305.59","scan":"0.44","track":"0.46","acq_date":"2026-07-26","acq_time":"236","satellite":"N21","instrument":"VIIRS","confidence":"n","version":"2.0NRT","bright_ti5":"287.04","frp":"5.61","daynight":"N","commune":"Lanton","code_insee":"33229","departement":"Gironde","region":"Nouvelle-Aquitaine"}},{"type":"Feature","geometry":{"type":"Point","coordinates":[-0.92674,44.75321]},"properties":{"latitude":"44.75321","longitude":"-0.92674","bright_ti4":"312.73","scan":"0.44","track":"0.46","acq_date":"2026-07-26","acq_time":"236","satellite":"N21","instrument":"VIIRS","confidence":"n","version":"2.0NRT","bright_ti5":"291.44","frp":"5.49","daynight":"N","commune":"Lanton","code_insee":"33229","departement":"Gironde","region":"Nouvelle-Aquitaine"}},{"type":"Feature","geometry":{"type":"Point","coordinates":[-1.0424,44.75348]},"properties":{"latitude":"44.75348","longitude":"-1.0424","bright_ti4":"350.21","scan":"0.43","track":"0.46","acq_date":"2026-07-26","acq_time":"236","satellite":"N21","instrument":"VIIRS","confidence":"n","version":"2.0NRT","bright_ti5":"292.12","frp":"12.53","daynight":"N","commune":"Lanton","code_insee":"33229","departement":"Gironde","region":"Nouvelle-Aquitaine"}},{"type":"Feature","geometry":{"type":"Point","coordinates":[-0.90911,44.75356]},"properties":{"latitude":"44.75356","longitude":"-0.90911","bright_ti4":"305.89","scan":"0.44","track":"0.46","acq_date":"2026-07-26","acq_time":"236","satellite":"N21","instrument":"VIIRS","confidence":"n","version":"2.0NRT","bright_ti5":"289.84","frp":"3.01","daynight":"N","commune":"Audenge","code_insee":"33019","departement":"Gironde","region":"Nouvelle-Aquitaine"}},{"type":"Feature","geometry":{"type":"Point","coordinates":[-1.02492,44.75384]},"properties":{"latitude":"44.75384","longitude":"-1.02492","bright_ti4":"316.7","scan":"0.43","track":"0.46","acq_date":"2026-07-26","acq_time":"236","satellite":"N21","instrument":"VIIRS","confidence":"n","version":"2.0NRT","bright_ti5":"289.16","frp":"6.64","daynight":"N","commune":"Lanton","code_insee":"33229","departement":"Gironde","region":"Nouvelle-Aquitaine"}},{"type":"Feature","geometry":{"type":"Point","coordinates":[-0.89144,44.75392]},"properties":{"latitude":"44.75392","longitude":"-0.89144","bright_ti4":"311.81","scan":"0.44","track":"0.46","acq_date":"2026-07-26","acq_time":"236","satellite":"N21","instrument":"VIIRS","confidence":"n","version":"2.0NRT","bright_ti5":"288.39","frp":"1.83","daynight":"N","commune":"Audenge","code_insee":"33019","departement":"Gironde","region":"Nouvelle-Aquitaine"}},{"type":"Feature","geometry":{"type":"Point","coordinates":[-0.87369,44.75425]},"properties":{"latitude":"44.75425","longitude":"-0.87369","bright_ti4":"326.3","scan":"0.44","track":"0.46","acq_date":"2026-07-26","acq_time":"236","satellite":"N21","instrument":"VIIRS","confidence":"n","version":"2.0NRT","bright_ti5":"288.57","frp":"6.44","daynight":"N","commune":"Audenge","code_insee":"33019","departement":"Gironde","region":"Nouvelle-Aquitaine"}},{"type":"Feature","geometry":{"type":"Point","coordinates":[-0.93199,44.75444]},"properties":{"latitude":"44.75444","longitude":"-0.93199","bright_ti4":"322.73","scan":"0.44","track":"0.46","acq_date":"2026-07-26","acq_time":"236","satellite":"N21","instrument":"VIIRS","confidence":"n","version":"2.0NRT","bright_ti5":"293.15","frp":"5.49","daynight":"N","commune":"Lanton","code_insee":"33229","departement":"Gironde","region":"Nouvelle-Aquitaine"}},{"type":"Feature","geometry":{"type":"Point","coordinates":[-0.91438,44.7548]},"properties":{"latitude":"44.7548","longitude":"-0.91438","bright_ti4":"316.81","scan":"0.44","track":"0.46","acq_date":"2026-07-26","acq_time":"236","satellite":"N21","instrument":"VIIRS","confidence":"n","version":"2.0NRT","bright_ti5":"291.6","frp":"4.41","daynight":"N","commune":"Lanton","code_insee":"33229","departement":"Gironde","region":"Nouvelle-Aquitaine"}},{"type":"Feature","geometry":{"type":"Point","coordinates":[-1.03013,44.75506]},"properties":{"latitude":"44.75506","longitude":"-1.03013","bright_ti4":"317.07","scan":"0.43","track":"0.46","acq_date":"2026-07-26","acq_time":"236","satellite":"N21","instrument":"VIIRS","confidence":"n","version":"2.0NRT","bright_ti5":"288.67","frp":"5.68","daynight":"N","commune":"Lanton","code_insee":"33229","departement":"Gironde","region":"Nouvelle-Aquitaine"}},{"type":"Feature","geometry":{"type":"Point","coordinates":[-0.8967,44.75515]},"properties":{"latitude":"44.75515","longitude":"-0.8967","bright_ti4":"316.9","scan":"0.44","track":"0.46","acq_date":"2026-07-26","acq_time":"236","satellite":"N21","instrument":"VIIRS","confidence":"n","version":"2.0NRT","bright_ti5":"290.42","frp":"1.83","daynight":"N","commune":"Audenge","code_insee":"33019","departement":"Gironde","region":"Nouvelle-Aquitaine"}},{"type":"Feature","geometry":{"type":"Point","coordinates":[-0.879,44.75549]},"properties":{"latitude":"44.75549","longitude":"-0.879","bright_ti4":"354.89","scan":"0.44","track":"0.46","acq_date":"2026-07-26","acq_time":"236","satellite":"N21","instrument":"VIIRS","confidence":"n","version":"2.0NRT","bright_ti5":"295.68","frp":"45.83","daynight":"N","commune":"Audenge","code_insee":"33019","departement":"Gironde","region":"Nouvelle-Aquitaine"}},{"type":"Feature","geometry":{"type":"Point","coordinates":[-0.93724,44.75566]},"properties":{"latitude":"44.75566","longitude":"-0.93724","bright_ti4":"333.04","scan":"0.44","track":"0.46","acq_date":"2026-07-26","acq_time":"236","satellite":"N21","instrument":"VIIRS","confidence":"n","version":"2.0NRT","bright_ti5":"293.11","frp":"5.61","daynight":"N","commune":"Lanton","code_insee":"33229","departement":"Gironde","region":"Nouvelle-Aquitaine"}},{"type":"Feature","geometry":{"type":"Point","coordinates":[-1.05277,44.7559]},"properties":{"latitude":"44.7559","longitude":"-1.05277","bright_ti4":"309.03","scan":"0.43","track":"0.46","acq_date":"2026-07-26","acq_time":"236","satellite":"N21","instrument":"VIIRS","confidence":"n","version":"2.0NRT","bright_ti5":"288.29","frp":"1.92","daynight":"N","commune":"Lanton","code_insee":"33229","departement":"Gironde","region":"Nouvelle-Aquitaine"}},{"type":"Feature","geometry":{"type":"Point","coordinates":[-1.03537,44.75628]},"properties":{"latitude":"44.75628","longitude":"-1.03537","bright_ti4":"314.33","scan":"0.43","track":"0.46","acq_date":"2026-07-26","acq_time":"236","satellite":"N21","instrument":"VIIRS","confidence":"n","version":"2.0NRT","bright_ti5":"289.12","frp":"5.68","daynight":"N","commune":"Lanton","code_insee":"33229","departement":"Gironde","region":"Nouvelle-Aquitaine"}},{"type":"Feature","geometry":{"type":"Point","coordinates":[-0.90196,44.75637]},"properties":{"latitude":"44.75637","longitude":"-0.90196","bright_ti4":"329.58","scan":"0.44","track":"0.46","acq_date":"2026-07-26","acq_time":"236","satellite":"N21","instrument":"VIIRS","confidence":"n","version":"2.0NRT","bright_ti5":"293.41","frp":"3.01","daynight":"N","commune":"Lanton","code_insee":"33229","departement":"Gironde","region":"Nouvelle-Aquitaine"}},{"type":"Feature","geometry":{"type":"Point","coordinates":[-0.88429,44.75673]},"properties":{"latitude":"44.75673","longitude":"-0.88429","bright_ti4":"367","scan":"0.44","track":"0.46","acq_date":"2026-07-26","acq_time":"236","satellite":"N21","instrument":"VIIRS","confidence":"h","version":"2.0NRT","bright_ti5":"314.87","frp":"45.83","daynight":"N","commune":"Audenge","code_insee":"33019","departement":"Gironde","region":"Nouvelle-Aquitaine"}},{"type":"Feature","geometry":{"type":"Point","coordinates":[-0.94248,44.75689]},"properties":{"latitude":"44.75689","longitude":"-0.94248","bright_ti4":"351.11","scan":"0.44","track":"0.46","acq_date":"2026-07-26","acq_time":"236","satellite":"N21","instrument":"VIIRS","confidence":"n","version":"2.0NRT","bright_ti5":"296.63","frp":"5.61","daynight":"N","commune":"Lanton","code_insee":"33229","departement":"Gironde","region":"Nouvelle-Aquitaine"}},{"type":"Feature","geometry":{"type":"Point","coordinates":[-1.04055,44.7575]},"properties":{"latitude":"44.7575","longitude":"-1.04055","bright_ti4":"314.3","scan":"0.43","track":"0.46","acq_date":"2026-07-26","acq_time":"236","satellite":"N21","instrument":"VIIRS","confidence":"n","version":"2.0NRT","bright_ti5":"288.23","frp":"9.03","daynight":"N","commune":"Lanton","code_insee":"33229","departement":"Gironde","region":"Nouvelle-Aquitaine"}},{"type":"Feature","geometry":{"type":"Point","coordinates":[-0.90722,44.75761]},"properties":{"latitude":"44.75761","longitude":"-0.90722","bright_ti4":"308.32","scan":"0.44","track":"0.46","acq_date":"2026-07-26","acq_time":"236","satellite":"N21","instrument":"VIIRS","confidence":"n","version":"2.0NRT","bright_ti5":"289.9","frp":"3.01","daynight":"N","commune":"Lanton","code_insee":"33229","departement":"Gironde","region":"Nouvelle-Aquitaine"}},{"type":"Feature","geometry":{"type":"Point","coordinates":[-1.02305,44.75786]},"properties":{"latitude":"44.75786","longitude":"-1.02305","bright_ti4":"346.28","scan":"0.43","track":"0.46","acq_date":"2026-07-26","acq_time":"236","satellite":"N21","instrument":"VIIRS","confidence":"n","version":"2.0NRT","bright_ti5":"290.68","frp":"6.64","daynight":"N","commune":"Lanton","code_insee":"33229","departement":"Gironde","region":"Nouvelle-Aquitaine"}},{"type":"Feature","geometry":{"type":"Point","coordinates":[-0.88955,44.75796]},"properties":{"latitude":"44.75796","longitude":"-0.88955","bright_ti4":"332.5","scan":"0.44","track":"0.46","acq_date":"2026-07-26","acq_time":"236","satellite":"N21","instrument":"VIIRS","confidence":"n","version":"2.0NRT","bright_ti5":"317.05","frp":"70.65","daynight":"N","commune":"Audenge","code_insee":"33019","departement":"Gironde","region":"Nouvelle-Aquitaine"}},{"type":"Feature","geometry":{"type":"Point","coordinates":[-0.94773,44.75811]},"properties":{"latitude":"44.75811","longitude":"-0.94773","bright_ti4":"303.6","scan":"0.44","track":"0.46","acq_date":"2026-07-26","acq_time":"236","satellite":"N21","instrument":"VIIRS","confidence":"n","version":"2.0NRT","bright_ti5":"287.94","frp":"4.08","daynight":"N","commune":"Lanton","code_insee":"33229","departement":"Gironde","region":"Nouvelle-Aquitaine"}},{"type":"Feature","geometry":{"type":"Point","coordinates":[-0.91249,44.75883]},"properties":{"latitude":"44.75883","longitude":"-0.91249","bright_ti4":"321.38","scan":"0.44","track":"0.46","acq_date":"2026-07-26","acq_time":"236","satellite":"N21","instrument":"VIIRS","confidence":"n","version":"2.0NRT","bright_ti5":"292.81","frp":"4.41","daynight":"N","commune":"Lanton","code_insee":"33229","departement":"Gironde","region":"Nouvelle-Aquitaine"}},{"type":"Feature","geometry":{"type":"Point","coordinates":[-1.02827,44.75908]},"properties":{"latitude":"44.75908","longitude":"-1.02827","bright_ti4":"341.88","scan":"0.43","track":"0.46","acq_date":"2026-07-26","acq_time":"236","satellite":"N21","instrument":"VIIRS","confidence":"n","version":"2.0NRT","bright_ti5":"290.81","frp":"5.68","daynight":"N","commune":"Lanton","code_insee":"33229","departement":"Gironde","region":"Nouvelle-Aquitaine"}},{"type":"Feature","geometry":{"type":"Point","coordinates":[-0.89481,44.75919]},"properties":{"latitude":"44.75919","longitude":"-0.89481","bright_ti4":"354.29","scan":"0.44","track":"0.46","acq_date":"2026-07-26","acq_time":"236","satellite":"N21","instrument":"VIIRS","confidence":"n","version":"2.0NRT","bright_ti5":"302.1","frp":"70.65","daynight":"N","commune":"Lanton","code_insee":"33229","departement":"Gironde","region":"Nouvelle-Aquitaine"}},{"type":"Feature","geometry":{"type":"Point","coordinates":[-0.95298,44.75933]},"properties":{"latitude":"44.75933","longitude":"-0.95298","bright_ti4":"326.79","scan":"0.44","track":"0.46","acq_date":"2026-07-26","acq_time":"236","satellite":"N21","instrument":"VIIRS","confidence":"n","version":"2.0NRT","bright_ti5":"289.74","frp":"4.08","daynight":"N","commune":"Lanton","code_insee":"33229","departement":"Gironde","region":"Nouvelle-Aquitaine"}},{"type":"Feature","geometry":{"type":"Point","coordinates":[-1.01077,44.75945]},"properties":{"latitude":"44.75945","longitude":"-1.01077","bright_ti4":"308.59","scan":"0.43","track":"0.46","acq_date":"2026-07-26","acq_time":"236","satellite":"N21","instrument":"VIIRS","confidence":"n","version":"2.0NRT","bright_ti5":"288.38","frp":"2.51","daynight":"N","commune":"Lanton","code_insee":"33229","departement":"Gironde","region":"Nouvelle-Aquitaine"}},{"type":"Feature","geometry":{"type":"Point","coordinates":[-0.87711,44.75954]},"properties":{"latitude":"44.75954","longitude":"-0.87711","bright_ti4":"309.59","scan":"0.44","track":"0.46","acq_date":"2026-07-26","acq_time":"236","satellite":"N21","instrument":"VIIRS","confidence":"n","version":"2.0NRT","bright_ti5":"286.66","frp":"45.83","daynight":"N","commune":"Saint-Jean-d'Illac","code_insee":"33422","departement":"Gironde","region":"Nouvelle-Aquitaine"}},{"type":"Feature","geometry":{"type":"Point","coordinates":[-0.93537,44.7597]},"properties":{"latitude":"44.7597","longitude":"-0.93537","bright_ti4":"312.11","scan":"0.44","track":"0.46","acq_date":"2026-07-26","acq_time":"236","satellite":"N21","instrument":"VIIRS","confidence":"n","version":"2.0NRT","bright_ti5":"291.03","frp":"3.88","daynight":"N","commune":"Lanton","code_insee":"33229","departement":"Gironde","region":"Nouvelle-Aquitaine"}},{"type":"Feature","geometry":{"type":"Point","coordinates":[-1.05091,44.75992]},"properties":{"latitude":"44.75992","longitude":"-1.05091","bright_ti4":"308.15","scan":"0.43","track":"0.46","acq_date":"2026-07-26","acq_time":"236","satellite":"N21","instrument":"VIIRS","confidence":"n","version":"2.0NRT","bright_ti5":"289.03","frp":"6.1","daynight":"N","commune":"Lanton","code_insee":"33229","departement":"Gironde","region":"Nouvelle-Aquitaine"}},{"type":"Feature","geometry":{"type":"Point","coordinates":[-0.91775,44.76006]},"properties":{"latitude":"44.76006","longitude":"-0.91775","bright_ti4":"334.52","scan":"0.44","track":"0.46","acq_date":"2026-07-26","acq_time":"236","satellite":"N21","instrument":"VIIRS","confidence":"n","version":"2.0NRT","bright_ti5":"293.84","frp":"4.41","daynight":"N","commune":"Lanton","code_insee":"33229","departement":"Gironde","region":"Nouvelle-Aquitaine"}},{"type":"Feature","geometry":{"type":"Point","coordinates":[-1.0335,44.7603]},"properties":{"latitude":"44.7603","longitude":"-1.0335","bright_ti4":"345.14","scan":"0.43","track":"0.46","acq_date":"2026-07-26","acq_time":"236","satellite":"N21","instrument":"VIIRS","confidence":"n","version":"2.0NRT","bright_ti5":"297.85","frp":"5.68","daynight":"N","commune":"Lanton","code_insee":"33229","departement":"Gironde","region":"Nouvelle-Aquitaine"}},{"type":"Feature","geometry":{"type":"Point","coordinates":[-0.90007,44.76041]},"properties":{"latitude":"44.76041","longitude":"-0.90007","bright_ti4":"343.64","scan":"0.44","track":"0.46","acq_date":"2026-07-26","acq_time":"236","satellite":"N21","instrument":"VIIRS","confidence":"n","version":"2.0NRT","bright_ti5":"293.77","frp":"15.82","daynight":"N","commune":"Lanton","code_insee":"33229","departement":"Gironde","region":"Nouvelle-Aquitaine"}},{"type":"Feature","geometry":{"type":"Point","coordinates":[-0.95822,44.76056]},"properties":{"latitude":"44.76056","longitude":"-0.95822","bright_ti4":"367","scan":"0.43","track":"0.46","acq_date":"2026-07-26","acq_time":"236","satellite":"N21","instrument":"VIIRS","confidence":"h","version":"2.0NRT","bright_ti5":"297.53","frp":"14.44","daynight":"N","commune":"Lanton","code_insee":"33229","departement":"Gironde","region":"Nouvelle-Aquitaine"}},{"type":"Feature","geometry":{"type":"Point","coordinates":[-0.88239,44.76077]},"properties":{"latitude":"44.76077","longitude":"-0.88239","bright_ti4":"332.71","scan":"0.44","track":"0.46","acq_date":"2026-07-26","acq_time":"236","satellite":"N21","instrument":"VIIRS","confidence":"n","version":"2.0NRT","bright_ti5":"287.2","frp":"45.83","daynight":"N","commune":"Lanton","code_insee":"33229","departement":"Gironde","region":"Nouvelle-Aquitaine"}},{"type":"Feature","geometry":{"type":"Point","coordinates":[-0.94061,44.76092]},"properties":{"latitude":"44.76092","longitude":"-0.94061","bright_ti4":"328.47","scan":"0.44","track":"0.46","acq_date":"2026-07-26","acq_time":"236","satellite":"N21","instrument":"VIIRS","confidence":"n","version":"2.0NRT","bright_ti5":"294.64","frp":"3.88","daynight":"N","commune":"Lanton","code_insee":"33229","departement":"Gironde","region":"Nouvelle-Aquitaine"}},{"type":"Feature","geometry":{"type":"Point","coordinates":[-1.0561,44.76113]},"properties":{"latitude":"44.76113","longitude":"-1.0561","bright_ti4":"350.14","scan":"0.43","track":"0.46","acq_date":"2026-07-26","acq_time":"236","satellite":"N21","instrument":"VIIRS","confidence":"n","version":"2.0NRT","bright_ti5":"300.45","frp":"6.1","daynight":"N","commune":"Andernos-les-Bains","code_insee":"33005","departement":"Gironde","region":"Nouvelle-Aquitaine"}},{"type":"Feature","geometry":{"type":"Point","coordinates":[-0.92301,44.76129]},"properties":{"latitude":"44.76129","longitude":"-0.92301","bright_ti4":"327.28","scan":"0.44","track":"0.46","acq_date":"2026-07-26","acq_time":"236","satellite":"N21","instrument":"VIIRS","confidence":"n","version":"2.0NRT","bright_ti5":"288.97","frp":"3.65","daynight":"N","commune":"Lanton","code_insee":"33229","departement":"Gironde","region":"Nouvelle-Aquitaine"}},{"type":"Feature","geometry":{"type":"Point","coordinates":[-1.0387,44.76151]},"properties":{"latitude":"44.76151","longitude":"-1.0387","bright_ti4":"367","scan":"0.43","track":"0.46","acq_date":"2026-07-26","acq_time":"236","satellite":"N21","instrument":"VIIRS","confidence":"h","version":"2.0NRT","bright_ti5":"299.6","frp":"9.03","daynight":"N","commune":"Lanton","code_insee":"33229","departement":"Gironde","region":"Nouvelle-Aquitaine"}},{"type":"Feature","geometry":{"type":"Point","coordinates":[-0.90533,44.76165]},"properties":{"latitude":"44.76165","longitude":"-0.90533","bright_ti4":"312.56","scan":"0.44","track":"0.46","acq_date":"2026-07-26","acq_time":"236","satellite":"N21","instrument":"VIIRS","confidence":"n","version":"2.0NRT","bright_ti5":"290.25","frp":"15.82","daynight":"N","commune":"Lanton","code_insee":"33229","departement":"Gironde","region":"Nouvelle-Aquitaine"}},{"type":"Feature","geometry":{"type":"Point","coordinates":[-0.96346,44.76179]},"properties":{"latitude":"44.76179","longitude":"-0.96346","bright_ti4":"353.53","scan":"0.43","track":"0.46","acq_date":"2026-07-26","acq_time":"236","satellite":"N21","instrument":"VIIRS","confidence":"n","version":"2.0NRT","bright_ti5":"299.77","frp":"14.44","daynight":"N","commune":"Lanton","code_insee":"33229","departement":"Gironde","region":"Nouvelle-Aquitaine"}},{"type":"Feature","geometry":{"type":"Point","coordinates":[-0.88767,44.762]},"properties":{"latitude":"44.762","longitude":"-0.88767","bright_ti4":"353.02","scan":"0.44","track":"0.46","acq_date":"2026-07-26","acq_time":"236","satellite":"N21","instrument":"VIIRS","confidence":"n","version":"2.0NRT","bright_ti5":"293.19","frp":"70.65","daynight":"N","commune":"Lanton","code_insee":"33229","departement":"Gironde","region":"Nouvelle-Aquitaine"}},{"type":"Feature","geometry":{"type":"Point","coordinates":[-0.94586,44.76215]},"properties":{"latitude":"44.76215","longitude":"-0.94586","bright_ti4":"321.63","scan":"0.44","track":"0.46","acq_date":"2026-07-26","acq_time":"236","satellite":"N21","instrument":"VIIRS","confidence":"n","version":"2.0NRT","bright_ti5":"292.85","frp":"4.66","daynight":"N","commune":"Lanton","code_insee":"33229","departement":"Gironde","region":"Nouvelle-Aquitaine"}},{"type":"Feature","geometry":{"type":"Point","coordinates":[-1.06129,44.76234]},"properties":{"latitude":"44.76234","longitude":"-1.06129","bright_ti4":"335.39","scan":"0.43","track":"0.46","acq_date":"2026-07-26","acq_time":"236","satellite":"N21","instrument":"VIIRS","confidence":"n","version":"2.0NRT","bright_ti5":"295.23","frp":"8.2","daynight":"N","commune":"Andernos-les-Bains","code_insee":"33005","departement":"Gironde","region":"Nouvelle-Aquitaine"}},{"type":"Feature","geometry":{"type":"Point","coordinates":[-0.92826,44.76251]},"properties":{"latitude":"44.76251","longitude":"-0.92826","bright_ti4":"312.34","scan":"0.44","track":"0.46","acq_date":"2026-07-26","acq_time":"236","satellite":"N21","instrument":"VIIRS","confidence":"n","version":"2.0NRT","bright_ti5":"289.81","frp":"3.65","daynight":"N","commune":"Lanton","code_insee":"33229","departement":"Gironde","region":"Nouvelle-Aquitaine"}},{"type":"Feature","geometry":{"type":"Point","coordinates":[-1.04388,44.76272]},"properties":{"latitude":"44.76272","longitude":"-1.04388","bright_ti4":"332.47","scan":"0.43","track":"0.46","acq_date":"2026-07-26","acq_time":"236","satellite":"N21","instrument":"VIIRS","confidence":"n","version":"2.0NRT","bright_ti5":"291.37","frp":"9.03","daynight":"N","commune":"Lanton","code_insee":"33229","departement":"Gironde","region":"Nouvelle-Aquitaine"}},{"type":"Feature","geometry":{"type":"Point","coordinates":[-0.9106,44.76287]},"properties":{"latitude":"44.76287","longitude":"-0.9106","bright_ti4":"306.87","scan":"0.44","track":"0.46","acq_date":"2026-07-26","acq_time":"236","satellite":"N21","instrument":"VIIRS","confidence":"n","version":"2.0NRT","bright_ti5":"289.02","frp":"1.62","daynight":"N","commune":"Lanton","code_insee":"33229","departement":"Gironde","region":"Nouvelle-Aquitaine"}},{"type":"Feature","geometry":{"type":"Point","coordinates":[-1.02641,44.7631]},"properties":{"latitude":"44.7631","longitude":"-1.02641","bright_ti4":"309.79","scan":"0.43","track":"0.46","acq_date":"2026-07-26","acq_time":"236","satellite":"N21","instrument":"VIIRS","confidence":"n","version":"2.0NRT","bright_ti5":"288.96","frp":"3.44","daynight":"N","commune":"Lanton","code_insee":"33229","departement":"Gironde","region":"Nouvelle-Aquitaine"}},{"type":"Feature","geometry":{"type":"Point","coordinates":[-0.89293,44.76323]},"properties":{"latitude":"44.76323","longitude":"-0.89293","bright_ti4":"355.23","scan":"0.44","track":"0.46","acq_date":"2026-07-26","acq_time":"236","satellite":"N21","instrument":"VIIRS","confidence":"n","version":"2.0NRT","bright_ti5":"295.82","frp":"70.65","daynight":"N","commune":"Lanton","code_insee":"33229","departement":"Gironde","region":"Nouvelle-Aquitaine"}},{"type":"Feature","geometry":{"type":"Point","coordinates":[-0.95111,44.76337]},"properties":{"latitude":"44.76337","longitude":"-0.95111","bright_ti4":"332.41","scan":"0.44","track":"0.46","acq_date":"2026-07-26","acq_time":"236","satellite":"N21","instrument":"VIIRS","confidence":"n","version":"2.0NRT","bright_ti5":"294.43","frp":"4.66","daynight":"N","commune":"Lanton","code_insee":"33229","departement":"Gironde","region":"Nouvelle-Aquitaine"}},{"type":"Feature","geometry":{"type":"Point","coordinates":[-1.06646,44.76355]},"properties":{"latitude":"44.76355","longitude":"-1.06646","bright_ti4":"329.14","scan":"0.43","track":"0.46","acq_date":"2026-07-26","acq_time":"236","satellite":"N21","instrument":"VIIRS","confidence":"n","version":"2.0NRT","bright_ti5":"289.78","frp":"8.2","daynight":"N","commune":"Andernos-les-Bains","code_insee":"33005","departement":"Gironde","region":"Nouvelle-Aquitaine"}},{"type":"Feature","geometry":{"type":"Point","coordinates":[-0.93349,44.76373]},"properties":{"latitude":"44.76373","longitude":"-0.93349","bright_ti4":"324.56","scan":"0.44","track":"0.46","acq_date":"2026-07-26","acq_time":"236","satellite":"N21","instrument":"VIIRS","confidence":"n","version":"2.0NRT","bright_ti5":"293.33","frp":"3.88","daynight":"N","commune":"Lanton","code_insee":"33229","departement":"Gironde","region":"Nouvelle-Aquitaine"}},{"type":"Feature","geometry":{"type":"Point","coordinates":[-1.04907,44.76394]},"properties":{"latitude":"44.76394","longitude":"-1.04907","bright_ti4":"301.56","scan":"0.43","track":"0.46","acq_date":"2026-07-26","acq_time":"236","satellite":"N21","instrument":"VIIRS","confidence":"n","version":"2.0NRT","bright_ti5":"288.53","frp":"6.1","daynight":"N","commune":"Lanton","code_insee":"33229","departement":"Gironde","region":"Nouvelle-Aquitaine"}},{"type":"Feature","geometry":{"type":"Point","coordinates":[-0.91586,44.7641]},"properties":{"latitude":"44.7641","longitude":"-0.91586","bright_ti4":"301.15","scan":"0.44","track":"0.46","acq_date":"2026-07-26","acq_time":"236","satellite":"N21","instrument":"VIIRS","confidence":"n","version":"2.0NRT","bright_ti5":"287.58","frp":"1.62","daynight":"N","commune":"Lanton","code_insee":"33229","departement":"Gironde","region":"Nouvelle-Aquitaine"}},{"type":"Feature","geometry":{"type":"Point","coordinates":[-1.03163,44.76432]},"properties":{"latitude":"44.76432","longitude":"-1.03163","bright_ti4":"328.53","scan":"0.43","track":"0.46","acq_date":"2026-07-26","acq_time":"236","satellite":"N21","instrument":"VIIRS","confidence":"n","version":"2.0NRT","bright_ti5":"292.78","frp":"3.44","daynight":"N","commune":"Lanton","code_insee":"33229","departement":"Gironde","region":"Nouvelle-Aquitaine"}},{"type":"Feature","geometry":{"type":"Point","coordinates":[-0.89819,44.76446]},"properties":{"latitude":"44.76446","longitude":"-0.89819","bright_ti4":"355.47","scan":"0.44","track":"0.46","acq_date":"2026-07-26","acq_time":"236","satellite":"N21","instrument":"VIIRS","confidence":"n","version":"2.0NRT","bright_ti5":"295.86","frp":"15.82","daynight":"N","commune":"Lanton","code_insee":"33229","departement":"Gironde","region":"Nouvelle-Aquitaine"}},{"type":"Feature","geometry":{"type":"Point","coordinates":[-0.95636,44.7646]},"properties":{"latitude":"44.7646","longitude":"-0.95636","bright_ti4":"332.65","scan":"0.43","track":"0.46","acq_date":"2026-07-26","acq_time":"236","satellite":"N21","instrument":"VIIRS","confidence":"n","version":"2.0NRT","bright_ti5":"294.3","frp":"6.38","daynight":"N","commune":"Lanton","code_insee":"33229","departement":"Gironde","region":"Nouvelle-Aquitaine"}},{"type":"Feature","geometry":{"type":"Point","coordinates":[-1.01413,44.76469]},"properties":{"latitude":"44.76469","longitude":"-1.01413","bright_ti4":"304.6","scan":"0.43","track":"0.46","acq_date":"2026-07-26","acq_time":"236","satellite":"N21","instrument":"VIIRS","confidence":"n","version":"2.0NRT","bright_ti5":"288.28","frp":"2.18","daynight":"N","commune":"Lanton","code_insee":"33229","departement":"Gironde","region":"Nouvelle-Aquitaine"}},{"type":"Feature","geometry":{"type":"Point","coordinates":[-0.88051,44.76482]},"properties":{"latitude":"44.76482","longitude":"-0.88051","bright_ti4":"303.71","scan":"0.44","track":"0.46","acq_date":"2026-07-26","acq_time":"236","satellite":"N21","instrument":"VIIRS","confidence":"n","version":"2.0NRT","bright_ti5":"286.3","frp":"1.01","daynight":"N","commune":"Saint-Jean-d'Illac","code_insee":"33422","departement":"Gironde","region":"Nouvelle-Aquitaine"}},{"type":"Feature","geometry":{"type":"Point","coordinates":[-0.93873,44.76495]},"properties":{"latitude":"44.76495","longitude":"-0.93873","bright_ti4":"324.9","scan":"0.44","track":"0.46","acq_date":"2026-07-26","acq_time":"236","satellite":"N21","instrument":"VIIRS","confidence":"n","version":"2.0NRT","bright_ti5":"293.5","frp":"3.88","daynight":"N","commune":"Lanton","code_insee":"33229","departement":"Gironde","region":"Nouvelle-Aquitaine"}},{"type":"Feature","geometry":{"type":"Point","coordinates":[-0.99664,44.76506]},"properties":{"latitude":"44.76506","longitude":"-0.99664","bright_ti4":"308.08","scan":"0.43","track":"0.46","acq_date":"2026-07-26","acq_time":"236","satellite":"N21","instrument":"VIIRS","confidence":"n","version":"2.0NRT","bright_ti5":"287.44","frp":"2","daynight":"N","commune":"Lanton","code_insee":"33229","departement":"Gironde","region":"Nouvelle-Aquitaine"}},{"type":"Feature","geometry":{"type":"Point","coordinates":[-1.05426,44.76515]},"properties":{"latitude":"44.76515","longitude":"-1.05426","bright_ti4":"344.14","scan":"0.43","track":"0.46","acq_date":"2026-07-26","acq_time":"236","satellite":"N21","instrument":"VIIRS","confidence":"n","version":"2.0NRT","bright_ti5":"293.47","frp":"6.1","daynight":"N","commune":"Andernos-les-Bains","code_insee":"33005","departement":"Gironde","region":"Nouvelle-Aquitaine"}},{"type":"Feature","geometry":{"type":"Point","coordinates":[-1.03684,44.76553]},"properties":{"latitude":"44.76553","longitude":"-1.03684","bright_ti4":"312.14","scan":"0.43","track":"0.46","acq_date":"2026-07-26","acq_time":"236","satellite":"N21","instrument":"VIIRS","confidence":"n","version":"2.0NRT","bright_ti5":"290.38","frp":"2.65","daynight":"N","commune":"Lanton","code_insee":"33229","departement":"Gironde","region":"Nouvelle-Aquitaine"}},{"type":"Feature","geometry":{"type":"Point","coordinates":[-0.90346,44.76569]},"properties":{"latitude":"44.76569","longitude":"-0.90346","bright_ti4":"342.36","scan":"0.44","track":"0.46","acq_date":"2026-07-26","acq_time":"236","satellite":"N21","instrument":"VIIRS","confidence":"n","version":"2.0NRT","bright_ti5":"291.5","frp":"15.82","daynight":"N","commune":"Lanton","code_insee":"33229","departement":"Gironde","region":"Nouvelle-Aquitaine"}},{"type":"Feature","geometry":{"type":"Point","coordinates":[-0.9616,44.76582]},"properties":{"latitude":"44.76582","longitude":"-0.9616","bright_ti4":"349.08","scan":"0.43","track":"0.46","acq_date":"2026-07-26","acq_time":"236","satellite":"N21","instrument":"VIIRS","confidence":"n","version":"2.0NRT","bright_ti5":"299.96","frp":"6.38","daynight":"N","commune":"Lanton","code_insee":"33229","departement":"Gironde","region":"Nouvelle-Aquitaine"}},{"type":"Feature","geometry":{"type":"Point","coordinates":[-0.88579,44.76605]},"properties":{"latitude":"44.76605","longitude":"-0.88579","bright_ti4":"304.93","scan":"0.44","track":"0.46","acq_date":"2026-07-26","acq_time":"236","satellite":"N21","instrument":"VIIRS","confidence":"n","version":"2.0NRT","bright_ti5":"286.35","frp":"1.23","daynight":"N","commune":"Lanton","code_insee":"33229","departement":"Gironde","region":"Nouvelle-Aquitaine"}},{"type":"Feature","geometry":{"type":"Point","coordinates":[-0.94398,44.76618]},"properties":{"latitude":"44.76618","longitude":"-0.94398","bright_ti4":"325.73","scan":"0.44","track":"0.46","acq_date":"2026-07-26","acq_time":"236","satellite":"N21","instrument":"VIIRS","confidence":"n","version":"2.0NRT","bright_ti5":"294.31","frp":"4.66","daynight":"N","commune":"Lanton","code_insee":"33229","departement":"Gironde","region":"Nouvelle-Aquitaine"}},{"type":"Feature","geometry":{"type":"Point","coordinates":[-1.05945,44.76636]},"properties":{"latitude":"44.76636","longitude":"-1.05945","bright_ti4":"367","scan":"0.43","track":"0.46","acq_date":"2026-07-26","acq_time":"236","satellite":"N21","instrument":"VIIRS","confidence":"h","version":"2.0NRT","bright_ti5":"296.99","frp":"8.2","daynight":"N","commune":"Andernos-les-Bains","code_insee":"33005","departement":"Gironde","region":"Nouvelle-Aquitaine"}},{"type":"Feature","geometry":{"type":"Point","coordinates":[-0.92637,44.76655]},"properties":{"latitude":"44.76655","longitude":"-0.92637","bright_ti4":"320.01","scan":"0.44","track":"0.46","acq_date":"2026-07-26","acq_time":"236","satellite":"N21","instrument":"VIIRS","confidence":"n","version":"2.0NRT","bright_ti5":"291.87","frp":"4.03","daynight":"N","commune":"Lanton","code_insee":"33229","departement":"Gironde","region":"Nouvelle-Aquitaine"}},{"type":"Feature","geometry":{"type":"Point","coordinates":[-1.04204,44.76674]},"properties":{"latitude":"44.76674","longitude":"-1.04204","bright_ti4":"313.32","scan":"0.43","track":"0.46","acq_date":"2026-07-26","acq_time":"236","satellite":"N21","instrument":"VIIRS","confidence":"n","version":"2.0NRT","bright_ti5":"290.25","frp":"2.65","daynight":"N","commune":"Lanton","code_insee":"33229","departement":"Gironde","region":"Nouvelle-Aquitaine"}},{"type":"Feature","geometry":{"type":"Point","coordinates":[-0.96684,44.76704]},"properties":{"latitude":"44.76704","longitude":"-0.96684","bright_ti4":"344.73","scan":"0.43","track":"0.46","acq_date":"2026-07-26","acq_time":"236","satellite":"N21","instrument":"VIIRS","confidence":"n","version":"2.0NRT","bright_ti5":"299.51","frp":"4.53","daynight":"N","commune":"Lanton","code_insee":"33229","departement":"Gironde","region":"Nouvelle-Aquitaine"}},{"type":"Feature","geometry":{"type":"Point","coordinates":[-0.94923,44.7674]},"properties":{"latitude":"44.7674","longitude":"-0.94923","bright_ti4":"326.99","scan":"0.44","track":"0.46","acq_date":"2026-07-26","acq_time":"236","satellite":"N21","instrument":"VIIRS","confidence":"n","version":"2.0NRT","bright_ti5":"294.86","frp":"4.66","daynight":"N","commune":"Lanton","code_insee":"33229","departement":"Gironde","region":"Nouvelle-Aquitaine"}},{"type":"Feature","geometry":{"type":"Point","coordinates":[-1.06463,44.76757]},"properties":{"latitude":"44.76757","longitude":"-1.06463","bright_ti4":"308.61","scan":"0.43","track":"0.46","acq_date":"2026-07-26","acq_time":"236","satellite":"N21","instrument":"VIIRS","confidence":"n","version":"2.0NRT","bright_ti5":"288.84","frp":"8.2","daynight":"N","commune":"Andernos-les-Bains","code_insee":"33005","departement":"Gironde","region":"Nouvelle-Aquitaine"}},{"type":"Feature","geometry":{"type":"Point","coordinates":[-0.93162,44.76777]},"properties":{"latitude":"44.76777","longitude":"-0.93162","bright_ti4":"325.61","scan":"0.44","track":"0.46","acq_date":"2026-07-26","acq_time":"236","satellite":"N21","instrument":"VIIRS","confidence":"n","version":"2.0NRT","bright_ti5":"293.22","frp":"3.86","daynight":"N","commune":"Lanton","code_insee":"33229","departement":"Gironde","region":"Nouvelle-Aquitaine"}},{"type":"Feature","geometry":{"type":"Point","coordinates":[-1.04723,44.76796]},"properties":{"latitude":"44.76796","longitude":"-1.04723","bright_ti4":"308.29","scan":"0.43","track":"0.46","acq_date":"2026-07-26","acq_time":"236","satellite":"N21","instrument":"VIIRS","confidence":"n","version":"2.0NRT","bright_ti5":"289.85","frp":"1.87","daynight":"N","commune":"Lanton","code_insee":"33229","departement":"Gironde","region":"Nouvelle-Aquitaine"}},{"type":"Feature","geometry":{"type":"Point","coordinates":[-0.97207,44.76826]},"properties":{"latitude":"44.76826","longitude":"-0.97207","bright_ti4":"305.31","scan":"0.43","track":"0.46","acq_date":"2026-07-26","acq_time":"236","satellite":"N21","instrument":"VIIRS","confidence":"n","version":"2.0NRT","bright_ti5":"288.47","frp":"4.53","daynight":"N","commune":"Lanton","code_insee":"33229","departement":"Gironde","region":"Nouvelle-Aquitaine"}},{"type":"Feature","geometry":{"type":"Point","coordinates":[-0.95447,44.76862]},"properties":{"latitude":"44.76862","longitude":"-0.95447","bright_ti4":"331.18","scan":"0.43","track":"0.46","acq_date":"2026-07-26","acq_time":"236","satellite":"N21","instrument":"VIIRS","confidence":"n","version":"2.0NRT","bright_ti5":"295.03","frp":"6.38","daynight":"N","commune":"Lanton","code_insee":"33229","departement":"Gironde","region":"Nouvelle-Aquitaine"}},{"type":"Feature","geometry":{"type":"Point","coordinates":[-1.01228,44.76871]},"properties":{"latitude":"44.76871","longitude":"-1.01228","bright_ti4":"304.33","scan":"0.43","track":"0.46","acq_date":"2026-07-26","acq_time":"236","satellite":"N21","instrument":"VIIRS","confidence":"n","version":"2.0NRT","bright_ti5":"287.67","frp":"1.32","daynight":"N","commune":"Lanton","code_insee":"33229","departement":"Gironde","region":"Nouvelle-Aquitaine"}},{"type":"Feature","geometry":{"type":"Point","coordinates":[-0.87864,44.76886]},"properties":{"latitude":"44.76886","longitude":"-0.87864","bright_ti4":"300.59","scan":"0.44","track":"0.46","acq_date":"2026-07-26","acq_time":"236","satellite":"N21","instrument":"VIIRS","confidence":"n","version":"2.0NRT","bright_ti5":"286.41","frp":"1.01","daynight":"N","commune":"Saint-Jean-d'Illac","code_insee":"33422","departement":"Gironde","region":"Nouvelle-Aquitaine"}},{"type":"Feature","geometry":{"type":"Point","coordinates":[-0.93685,44.76899]},"properties":{"latitude":"44.76899","longitude":"-0.93685","bright_ti4":"323.88","scan":"0.44","track":"0.46","acq_date":"2026-07-26","acq_time":"236","satellite":"N21","instrument":"VIIRS","confidence":"n","version":"2.0NRT","bright_ti5":"292.27","frp":"3.86","daynight":"N","commune":"Lanton","code_insee":"33229","departement":"Gironde","region":"Nouvelle-Aquitaine"}},{"type":"Feature","geometry":{"type":"Point","coordinates":[-1.05242,44.76917]},"properties":{"latitude":"44.76917","longitude":"-1.05242","bright_ti4":"306.89","scan":"0.43","track":"0.46","acq_date":"2026-07-26","acq_time":"236","satellite":"N21","instrument":"VIIRS","confidence":"n","version":"2.0NRT","bright_ti5":"289.01","frp":"1.87","daynight":"N","commune":"Andernos-les-Bains","code_insee":"33005","departement":"Gironde","region":"Nouvelle-Aquitaine"}},{"type":"Feature","geometry":{"type":"Point","coordinates":[-0.97728,44.76947]},"properties":{"latitude":"44.76947","longitude":"-0.97728","bright_ti4":"303.58","scan":"0.43","track":"0.46","acq_date":"2026-07-26","acq_time":"236","satellite":"N21","instrument":"VIIRS","confidence":"n","version":"2.0NRT","bright_ti5":"287.3","frp":"1.47","daynight":"N","commune":"Lanton","code_insee":"33229","departement":"Gironde","region":"Nouvelle-Aquitaine"}},{"type":"Feature","geometry":{"type":"Point","coordinates":[-0.95972,44.76985]},"properties":{"latitude":"44.76985","longitude":"-0.95972","bright_ti4":"307.48","scan":"0.43","track":"0.46","acq_date":"2026-07-26","acq_time":"236","satellite":"N21","instrument":"VIIRS","confidence":"n","version":"2.0NRT","bright_ti5":"288.97","frp":"6.38","daynight":"N","commune":"Lanton","code_insee":"33229","departement":"Gironde","region":"Nouvelle-Aquitaine"}},{"type":"Feature","geometry":{"type":"Point","coordinates":[-1.01749,44.76993]},"properties":{"latitude":"44.76993","longitude":"-1.01749","bright_ti4":"312.21","scan":"0.43","track":"0.46","acq_date":"2026-07-26","acq_time":"236","satellite":"N21","instrument":"VIIRS","confidence":"n","version":"2.0NRT","bright_ti5":"287.13","frp":"1.32","daynight":"N","commune":"Lanton","code_insee":"33229","departement":"Gironde","region":"Nouvelle-Aquitaine"}},{"type":"Feature","geometry":{"type":"Point","coordinates":[-0.88391,44.77009]},"properties":{"latitude":"44.77009","longitude":"-0.88391","bright_ti4":"299.49","scan":"0.44","track":"0.46","acq_date":"2026-07-26","acq_time":"236","satellite":"N21","instrument":"VIIRS","confidence":"n","version":"2.0NRT","bright_ti5":"286.08","frp":"1.23","daynight":"N","commune":"Saint-Jean-d'Illac","code_insee":"33422","departement":"Gironde","region":"Nouvelle-Aquitaine"}},{"type":"Feature","geometry":{"type":"Point","coordinates":[-0.94209,44.77021]},"properties":{"latitude":"44.77021","longitude":"-0.94209","bright_ti4":"325.42","scan":"0.44","track":"0.46","acq_date":"2026-07-26","acq_time":"236","satellite":"N21","instrument":"VIIRS","confidence":"n","version":"2.0NRT","bright_ti5":"294.46","frp":"4.24","daynight":"N","commune":"Lanton","code_insee":"33229","departement":"Gironde","region":"Nouvelle-Aquitaine"}},{"type":"Feature","geometry":{"type":"Point","coordinates":[-1.0576,44.77037]},"properties":{"latitude":"44.77037","longitude":"-1.0576","bright_ti4":"303.52","scan":"0.43","track":"0.46","acq_date":"2026-07-26","acq_time":"236","satellite":"N21","instrument":"VIIRS","confidence":"n","version":"2.0NRT","bright_ti5":"288.29","frp":"0.9","daynight":"N","commune":"Andernos-les-Bains","code_insee":"33005","departement":"Gironde","region":"Nouvelle-Aquitaine"}},{"type":"Feature","geometry":{"type":"Point","coordinates":[-0.98249,44.77069]},"properties":{"latitude":"44.77069","longitude":"-0.98249","bright_ti4":"309.36","scan":"0.43","track":"0.46","acq_date":"2026-07-26","acq_time":"236","satellite":"N21","instrument":"VIIRS","confidence":"n","version":"2.0NRT","bright_ti5":"287.84","frp":"1.47","daynight":"N","commune":"Lanton","code_insee":"33229","departement":"Gironde","region":"Nouvelle-Aquitaine"}},{"type":"Feature","geometry":{"type":"Point","coordinates":[-0.96497,44.77107]},"properties":{"latitude":"44.77107","longitude":"-0.96497","bright_ti4":"326.9","scan":"0.43","track":"0.46","acq_date":"2026-07-26","acq_time":"236","satellite":"N21","instrument":"VIIRS","confidence":"n","version":"2.0NRT","bright_ti5":"292.68","frp":"4.53","daynight":"N","commune":"Lanton","code_insee":"33229","departement":"Gironde","region":"Nouvelle-Aquitaine"}},{"type":"Feature","geometry":{"type":"Point","coordinates":[-0.94734,44.77143]},"properties":{"latitude":"44.77143","longitude":"-0.94734","bright_ti4":"322.49","scan":"0.44","track":"0.46","acq_date":"2026-07-26","acq_time":"236","satellite":"N21","instrument":"VIIRS","confidence":"n","version":"2.0NRT","bright_ti5":"293.39","frp":"4.24","daynight":"N","commune":"Lanton","code_insee":"33229","departement":"Gironde","region":"Nouvelle-Aquitaine"}},{"type":"Feature","geometry":{"type":"Point","coordinates":[-0.92974,44.7718]},"properties":{"latitude":"44.7718","longitude":"-0.92974","bright_ti4":"313.08","scan":"0.44","track":"0.46","acq_date":"2026-07-26","acq_time":"236","satellite":"N21","instrument":"VIIRS","confidence":"n","version":"2.0NRT","bright_ti5":"289.97","frp":"3.86","daynight":"N","commune":"Lanton","code_insee":"33229","departement":"Gironde","region":"Nouvelle-Aquitaine"}},{"type":"Feature","geometry":{"type":"Point","coordinates":[-1.10268,44.772]},"properties":{"latitude":"44.772","longitude":"-1.10268","bright_ti4":"301.61","scan":"0.43","track":"0.46","acq_date":"2026-07-26","acq_time":"236","satellite":"N21","instrument":"VIIRS","confidence":"n","version":"2.0NRT","bright_ti5":"288.14","frp":"6.34","daynight":"N","commune":"Arès","code_insee":"33011","departement":"Gironde","region":"Nouvelle-Aquitaine"}},{"type":"Feature","geometry":{"type":"Point","coordinates":[-0.97021,44.77229]},"properties":{"latitude":"44.77229","longitude":"-0.97021","bright_ti4":"314.72","scan":"0.43","track":"0.46","acq_date":"2026-07-26","acq_time":"236","satellite":"N21","instrument":"VIIRS","confidence":"n","version":"2.0NRT","bright_ti5":"290.42","frp":"4.53","daynight":"N","commune":"Lanton","code_insee":"33229","departement":"Gironde","region":"Nouvelle-Aquitaine"}},{"type":"Feature","geometry":{"type":"Point","coordinates":[-0.95258,44.77265]},"properties":{"latitude":"44.77265","longitude":"-0.95258","bright_ti4":"313.95","scan":"0.43","track":"0.46","acq_date":"2026-07-26","acq_time":"236","satellite":"N21","instrument":"VIIRS","confidence":"n","version":"2.0NRT","bright_ti5":"291.83","frp":"2.49","daynight":"N","commune":"Lanton","code_insee":"33229","departement":"Gironde","region":"Nouvelle-Aquitaine"}},{"type":"Feature","geometry":{"type":"Point","coordinates":[-0.93498,44.77303]},"properties":{"latitude":"44.77303","longitude":"-0.93498","bright_ti4":"325.56","scan":"0.44","track":"0.46","acq_date":"2026-07-26","acq_time":"236","satellite":"N21","instrument":"VIIRS","confidence":"n","version":"2.0NRT","bright_ti5":"292.5","frp":"3.86","daynight":"N","commune":"Lanton","code_insee":"33229","departement":"Gironde","region":"Nouvelle-Aquitaine"}},{"type":"Feature","geometry":{"type":"Point","coordinates":[-1.10783,44.7732]},"properties":{"latitude":"44.7732","longitude":"-1.10783","bright_ti4":"349.45","scan":"0.43","track":"0.46","acq_date":"2026-07-26","acq_time":"236","satellite":"N21","instrument":"VIIRS","confidence":"n","version":"2.0NRT","bright_ti5":"299.8","frp":"6.34","daynight":"N","commune":"Arès","code_insee":"33011","departement":"Gironde","region":"Nouvelle-Aquitaine"}},{"type":"Feature","geometry":{"type":"Point","coordinates":[-1.21631,44.77393]},"properties":{"latitude":"44.77393","longitude":"-1.21631","bright_ti4":"319.54","scan":"0.42","track":"0.45","acq_date":"2026-07-26","acq_time":"236","satellite":"N21","instrument":"VIIRS","confidence":"n","version":"2.0NRT","bright_ti5":"288.7","frp":"1.5","daynight":"N","commune":"Lège-Cap-Ferret","code_insee":"33236","departement":"Gironde","region":"Nouvelle-Aquitaine"}},{"type":"Feature","geometry":{"type":"Point","coordinates":[-0.94022,44.77425]},"properties":{"latitude":"44.77425","longitude":"-0.94022","bright_ti4":"327.94","scan":"0.44","track":"0.46","acq_date":"2026-07-26","acq_time":"236","satellite":"N21","instrument":"VIIRS","confidence":"n","version":"2.0NRT","bright_ti5":"294.21","frp":"4.24","daynight":"N","commune":"Lanton","code_insee":"33229","departement":"Gironde","region":"Nouvelle-Aquitaine"}},{"type":"Feature","geometry":{"type":"Point","coordinates":[-1.11297,44.77439]},"properties":{"latitude":"44.77439","longitude":"-1.11297","bright_ti4":"367","scan":"0.43","track":"0.46","acq_date":"2026-07-26","acq_time":"236","satellite":"N21","instrument":"VIIRS","confidence":"h","version":"2.0NRT","bright_ti5":"303.1","frp":"10.71","daynight":"N","commune":"Arès","code_insee":"33011","departement":"Gironde","region":"Nouvelle-Aquitaine"}},{"type":"Feature","geometry":{"type":"Point","coordinates":[-1.19906,44.77441]},"properties":{"latitude":"44.77441","longitude":"-1.19906","bright_ti4":"312.2","scan":"0.42","track":"0.46","acq_date":"2026-07-26","acq_time":"236","satellite":"N21","instrument":"VIIRS","confidence":"n","version":"2.0NRT","bright_ti5":"288.52","frp":"1.78","daynight":"N","commune":"Lège-Cap-Ferret","code_insee":"33236","departement":"Gironde","region":"Nouvelle-Aquitaine"}},{"type":"Feature","geometry":{"type":"Point","coordinates":[-1.20953,44.77479]},"properties":{"latitude":"44.77479","longitude":"-1.20953","bright_ti4":"300.89","scan":"0.42","track":"0.45","acq_date":"2026-07-26","acq_time":"236","satellite":"N21","instrument":"VIIRS","confidence":"n","version":"2.0NRT","bright_ti5":"287.85","frp":"0.71","daynight":"N","commune":"Lège-Cap-Ferret","code_insee":"33236","departement":"Gironde","region":"Nouvelle-Aquitaine"}},{"type":"Feature","geometry":{"type":"Point","coordinates":[-0.96309,44.7751]},"properties":{"latitude":"44.7751","longitude":"-0.96309","bright_ti4":"304.25","scan":"0.43","track":"0.46","acq_date":"2026-07-26","acq_time":"236","satellite":"N21","instrument":"VIIRS","confidence":"n","version":"2.0NRT","bright_ti5":"288.61","frp":"2.05","daynight":"N","commune":"Lanton","code_insee":"33229","departement":"Gironde","region":"Nouvelle-Aquitaine"}},{"type":"Feature","geometry":{"type":"Point","coordinates":[-0.94546,44.77546]},"properties":{"latitude":"44.77546","longitude":"-0.94546","bright_ti4":"323.49","scan":"0.44","track":"0.46","acq_date":"2026-07-26","acq_time":"236","satellite":"N21","instrument":"VIIRS","confidence":"n","version":"2.0NRT","bright_ti5":"293.74","frp":"4.24","daynight":"N","commune":"Lanton","code_insee":"33229","departement":"Gironde","region":"Nouvelle-Aquitaine"}},{"type":"Feature","geometry":{"type":"Point","coordinates":[-1.20423,44.77559]},"properties":{"latitude":"44.77559","longitude":"-1.20423","bright_ti4":"311.07","scan":"0.42","track":"0.45","acq_date":"2026-07-26","acq_time":"236","satellite":"N21","instrument":"VIIRS","confidence":"n","version":"2.0NRT","bright_ti5":"288.44","frp":"1.78","daynight":"N","commune":"Lège-Cap-Ferret","code_insee":"33236","departement":"Gironde","region":"Nouvelle-Aquitaine"}},{"type":"Feature","geometry":{"type":"Point","coordinates":[-1.11812,44.7756]},"properties":{"latitude":"44.7756","longitude":"-1.11812","bright_ti4":"324.11","scan":"0.43","track":"0.46","acq_date":"2026-07-26","acq_time":"236","satellite":"N21","instrument":"VIIRS","confidence":"n","version":"2.0NRT","bright_ti5":"290.97","frp":"10.71","daynight":"N","commune":"Arès","code_insee":"33011","departement":"Gironde","region":"Nouvelle-Aquitaine"}},{"type":"Feature","geometry":{"type":"Point","coordinates":[-1.15773,44.77597]},"properties":{"latitude":"44.77597","longitude":"-1.15773","bright_ti4":"302.03","scan":"0.43","track":"0.46","acq_date":"2026-07-26","acq_time":"236","satellite":"N21","instrument":"VIIRS","confidence":"n","version":"2.0NRT","bright_ti5":"287.35","frp":"1.43","daynight":"N","commune":"Lège-Cap-Ferret","code_insee":"33236","departement":"Gironde","region":"Nouvelle-Aquitaine"}},{"type":"Feature","geometry":{"type":"Point","coordinates":[-1.21465,44.77598]},"properties":{"latitude":"44.77598","longitude":"-1.21465","bright_ti4":"322.07","scan":"0.42","track":"0.45","acq_date":"2026-07-26","acq_time":"236","satellite":"N21","instrument":"VIIRS","confidence":"n","version":"2.0NRT","bright_ti5":"290.09","frp":"2.38","daynight":"N","commune":"Lège-Cap-Ferret","code_insee":"33236","departement":"Gironde","region":"Nouvelle-Aquitaine"}},{"type":"Feature","geometry":{"type":"Point","coordinates":[-1.19744,44.77638]},"properties":{"latitude":"44.77638","longitude":"-1.19744","bright_ti4":"316.91","scan":"0.42","track":"0.45","acq_date":"2026-07-26","acq_time":"236","satellite":"N21","instrument":"VIIRS","confidence":"n","version":"2.0NRT","bright_ti5":"288.89","frp":"2.67","daynight":"N","commune":"Lège-Cap-Ferret","code_insee":"33236","departement":"Gironde","region":"Nouvelle-Aquitaine"}},{"type":"Feature","geometry":{"type":"Point","coordinates":[-0.95071,44.77668]},"properties":{"latitude":"44.77668","longitude":"-0.95071","bright_ti4":"303.96","scan":"0.43","track":"0.46","acq_date":"2026-07-26","acq_time":"236","satellite":"N21","instrument":"VIIRS","confidence":"n","version":"2.0NRT","bright_ti5":"289.61","frp":"2.49","daynight":"N","commune":"Lanton","code_insee":"33229","departement":"Gironde","region":"Nouvelle-Aquitaine"}},{"type":"Feature","geometry":{"type":"Point","coordinates":[-1.20937,44.77675]},"properties":{"latitude":"44.77675","longitude":"-1.20937","bright_ti4":"302.01","scan":"0.42","track":"0.45","acq_date":"2026-07-26","acq_time":"236","satellite":"N21","instrument":"VIIRS","confidence":"n","version":"2.0NRT","bright_ti5":"287.89","frp":"1.5","daynight":"N","commune":"Lège-Cap-Ferret","code_insee":"33236","departement":"Gironde","region":"Nouvelle-Aquitaine"}},{"type":"Feature","geometry":{"type":"Point","coordinates":[-1.12327,44.7768]},"properties":{"latitude":"44.7768","longitude":"-1.12327","bright_ti4":"325.36","scan":"0.43","track":"0.46","acq_date":"2026-07-26","acq_time":"236","satellite":"N21","instrument":"VIIRS","confidence":"n","version":"2.0NRT","bright_ti5":"290","frp":"3.36","daynight":"N","commune":"Arès","code_insee":"33011","departement":"Gironde","region":"Nouvelle-Aquitaine"}},{"type":"Feature","geometry":{"type":"Point","coordinates":[-0.93311,44.77706]},"properties":{"latitude":"44.77706","longitude":"-0.93311","bright_ti4":"329.3","scan":"0.44","track":"0.46","acq_date":"2026-07-26","acq_time":"236","satellite":"N21","instrument":"VIIRS","confidence":"n","version":"2.0NRT","bright_ti5":"290.11","frp":"6.11","daynight":"N","commune":"Lanton","code_insee":"33229","departement":"Gironde","region":"Nouvelle-Aquitaine"}},{"type":"Feature","geometry":{"type":"Point","coordinates":[-1.21973,44.77716]},"properties":{"latitude":"44.77716","longitude":"-1.21973","bright_ti4":"306.44","scan":"0.42","track":"0.45","acq_date":"2026-07-26","acq_time":"236","satellite":"N21","instrument":"VIIRS","confidence":"n","version":"2.0NRT","bright_ti5":"288.64","frp":"2.38","daynight":"N","commune":"Lège-Cap-Ferret","code_insee":"33236","departement":"Gironde","region":"Nouvelle-Aquitaine"}},{"type":"Feature","geometry":{"type":"Point","coordinates":[-1.10599,44.77721]},"properties":{"latitude":"44.77721","longitude":"-1.10599","bright_ti4":"319.37","scan":"0.43","track":"0.46","acq_date":"2026-07-26","acq_time":"236","satellite":"N21","instrument":"VIIRS","confidence":"n","version":"2.0NRT","bright_ti5":"288.35","frp":"6.34","daynight":"N","commune":"Arès","code_insee":"33011","departement":"Gironde","region":"Nouvelle-Aquitaine"}},{"type":"Feature","geometry":{"type":"Point","coordinates":[-1.2026,44.77759]},"properties":{"latitude":"44.77759","longitude":"-1.2026","bright_ti4":"314.74","scan":"0.42","track":"0.45","acq_date":"2026-07-26","acq_time":"236","satellite":"N21","instrument":"VIIRS","confidence":"n","version":"2.0NRT","bright_ti5":"288.94","frp":"2.48","daynight":"N","commune":"Lège-Cap-Ferret","code_insee":"33236","departement":"Gironde","region":"Nouvelle-Aquitaine"}},{"type":"Feature","geometry":{"type":"Point","coordinates":[-1.21449,44.77792]},"properties":{"latitude":"44.77792","longitude":"-1.21449","bright_ti4":"306.43","scan":"0.42","track":"0.45","acq_date":"2026-07-26","acq_time":"236","satellite":"N21","instrument":"VIIRS","confidence":"n","version":"2.0NRT","bright_ti5":"288.84","frp":"1.5","daynight":"N","commune":"Lège-Cap-Ferret","code_insee":"33236","departement":"Gironde","region":"Nouvelle-Aquitaine"}},{"type":"Feature","geometry":{"type":"Point","coordinates":[-0.93834,44.77828]},"properties":{"latitude":"44.77828","longitude":"-0.93834","bright_ti4":"354.78","scan":"0.44","track":"0.46","acq_date":"2026-07-26","acq_time":"236","satellite":"N21","instrument":"VIIRS","confidence":"n","version":"2.0NRT","bright_ti5":"295","frp":"7.6","daynight":"N","commune":"Lanton","code_insee":"33229","departement":"Gironde","region":"Nouvelle-Aquitaine"}},{"type":"Feature","geometry":{"type":"Point","coordinates":[-0.94358,44.7795]},"properties":{"latitude":"44.7795","longitude":"-0.94358","bright_ti4":"317.74","scan":"0.44","track":"0.46","acq_date":"2026-07-26","acq_time":"236","satellite":"N21","instrument":"VIIRS","confidence":"n","version":"2.0NRT","bright_ti5":"290.37","frp":"7.6","daynight":"N","commune":"Lanton","code_insee":"33229","departement":"Gironde","region":"Nouvelle-Aquitaine"}},{"type":"Feature","geometry":{"type":"Point","coordinates":[-1.11629,44.77961]},"properties":{"latitude":"44.77961","longitude":"-1.11629","bright_ti4":"310.18","scan":"0.43","track":"0.46","acq_date":"2026-07-26","acq_time":"236","satellite":"N21","instrument":"VIIRS","confidence":"n","version":"2.0NRT","bright_ti5":"289.72","frp":"10.71","daynight":"N","commune":"Arès","code_insee":"33011","departement":"Gironde","region":"Nouvelle-Aquitaine"}},{"type":"Feature","geometry":{"type":"Point","coordinates":[-1.12144,44.78081]},"properties":{"latitude":"44.78081","longitude":"-1.12144","bright_ti4":"330.14","scan":"0.43","track":"0.46","acq_date":"2026-07-26","acq_time":"236","satellite":"N21","instrument":"VIIRS","confidence":"n","version":"2.0NRT","bright_ti5":"293.3","frp":"3.36","daynight":"N","commune":"Arès","code_insee":"33011","departement":"Gironde","region":"Nouvelle-Aquitaine"}},{"type":"Feature","geometry":{"type":"Point","coordinates":[-1.12659,44.782]},"properties":{"latitude":"44.782","longitude":"-1.12659","bright_ti4":"301.89","scan":"0.43","track":"0.46","acq_date":"2026-07-26","acq_time":"236","satellite":"N21","instrument":"VIIRS","confidence":"n","version":"2.0NRT","bright_ti5":"286.79","frp":"3.36","daynight":"N","commune":"Arès","code_insee":"33011","departement":"Gironde","region":"Nouvelle-Aquitaine"}},{"type":"Feature","geometry":{"type":"Point","coordinates":[-0.93647,44.78231]},"properties":{"latitude":"44.78231","longitude":"-0.93647","bright_ti4":"333.55","scan":"0.44","track":"0.46","acq_date":"2026-07-26","acq_time":"236","satellite":"N21","instrument":"VIIRS","confidence":"n","version":"2.0NRT","bright_ti5":"287.22","frp":"7.6","daynight":"N","commune":"Lanton","code_insee":"33229","departement":"Gironde","region":"Nouvelle-Aquitaine"}},{"type":"Feature","geometry":{"type":"Point","coordinates":[-0.95932,44.78315]},"properties":{"latitude":"44.78315","longitude":"-0.95932","bright_ti4":"307.29","scan":"0.43","track":"0.46","acq_date":"2026-07-26","acq_time":"236","satellite":"N21","instrument":"VIIRS","confidence":"n","version":"2.0NRT","bright_ti5":"288.63","frp":"1.11","daynight":"N","commune":"Lanton","code_insee":"33229","departement":"Gironde","region":"Nouvelle-Aquitaine"}},{"type":"Feature","geometry":{"type":"Point","coordinates":[-1.10192,44.79843]},"properties":{"latitude":"44.79843","longitude":"-1.10192","bright_ti4":"339.32","scan":"0.43","track":"0.46","acq_date":"2026-07-26","acq_time":"236","satellite":"N21","instrument":"VIIRS","confidence":"n","version":"2.0NRT","bright_ti5":"288.83","frp":"9.64","daynight":"N","commune":"Arès","code_insee":"33011","departement":"Gironde","region":"Nouvelle-Aquitaine"}},{"type":"Feature","geometry":{"type":"Point","coordinates":[-1.0949,44.80124]},"properties":{"latitude":"44.80124","longitude":"-1.0949","bright_ti4":"300.88","scan":"0.43","track":"0.46","acq_date":"2026-07-26","acq_time":"236","satellite":"N21","instrument":"VIIRS","confidence":"n","version":"2.0NRT","bright_ti5":"287.9","frp":"3.16","daynight":"N","commune":"Arès","code_insee":"33011","departement":"Gironde","region":"Nouvelle-Aquitaine"}},{"type":"Feature","geometry":{"type":"Point","coordinates":[-0.97986,44.80129]},"properties":{"latitude":"44.80129","longitude":"-0.97986","bright_ti4":"302.27","scan":"0.43","track":"0.46","acq_date":"2026-07-26","acq_time":"236","satellite":"N21","instrument":"VIIRS","confidence":"n","version":"2.0NRT","bright_ti5":"288.52","frp":"1.81","daynight":"N","commune":"Lanton","code_insee":"33229","departement":"Gironde","region":"Nouvelle-Aquitaine"}},{"type":"Feature","geometry":{"type":"Point","coordinates":[-1.10007,44.80243]},"properties":{"latitude":"44.80243","longitude":"-1.10007","bright_ti4":"354.25","scan":"0.43","track":"0.46","acq_date":"2026-07-26","acq_time":"236","satellite":"N21","instrument":"VIIRS","confidence":"n","version":"2.0NRT","bright_ti5":"293.29","frp":"9.64","daynight":"N","commune":"Arès","code_insee":"33011","departement":"Gironde","region":"Nouvelle-Aquitaine"}},{"type":"Feature","geometry":{"type":"Point","coordinates":[-1.09306,44.80524]},"properties":{"latitude":"44.80524","longitude":"-1.09306","bright_ti4":"348.41","scan":"0.43","track":"0.46","acq_date":"2026-07-26","acq_time":"236","satellite":"N21","instrument":"VIIRS","confidence":"n","version":"2.0NRT","bright_ti5":"293.95","frp":"14.92","daynight":"N","commune":"Arès","code_insee":"33011","departement":"Gironde","region":"Nouvelle-Aquitaine"}},{"type":"Feature","geometry":{"type":"Point","coordinates":[-1.09822,44.80644]},"properties":{"latitude":"44.80644","longitude":"-1.09822","bright_ti4":"337.4","scan":"0.43","track":"0.46","acq_date":"2026-07-26","acq_time":"236","satellite":"N21","instrument":"VIIRS","confidence":"n","version":"2.0NRT","bright_ti5":"290.21","frp":"10.12","daynight":"N","commune":"Lège-Cap-Ferret","code_insee":"33236","departement":"Gironde","region":"Nouvelle-Aquitaine"}},{"type":"Feature","geometry":{"type":"Point","coordinates":[-1.21534,44.81143]},"properties":{"latitude":"44.81143","longitude":"-1.21534","bright_ti4":"317.53","scan":"0.42","track":"0.45","acq_date":"2026-07-26","acq_time":"236","satellite":"N21","instrument":"VIIRS","confidence":"n","version":"2.0NRT","bright_ti5":"289.22","frp":"2.87","daynight":"N","commune":"Le Porge","code_insee":"33333","departement":"Gironde","region":"Nouvelle-Aquitaine"}},{"type":"Feature","geometry":{"type":"Point","coordinates":[-1.20841,44.81423]},"properties":{"latitude":"44.81423","longitude":"-1.20841","bright_ti4":"306.1","scan":"0.42","track":"0.45","acq_date":"2026-07-26","acq_time":"236","satellite":"N21","instrument":"VIIRS","confidence":"n","version":"2.0NRT","bright_ti5":"287.98","frp":"1.3","daynight":"N","commune":"Le Porge","code_insee":"33333","departement":"Gironde","region":"Nouvelle-Aquitaine"}},{"type":"Feature","geometry":{"type":"Point","coordinates":[-1.19635,44.81586]},"properties":{"latitude":"44.81586","longitude":"-1.19635","bright_ti4":"300.99","scan":"0.42","track":"0.45","acq_date":"2026-07-26","acq_time":"236","satellite":"N21","instrument":"VIIRS","confidence":"n","version":"2.0NRT","bright_ti5":"288.02","frp":"1.5","daynight":"N","commune":"Le Porge","code_insee":"33333","departement":"Gironde","region":"Nouvelle-Aquitaine"}},{"type":"Feature","geometry":{"type":"Point","coordinates":[-1.1894,44.81866]},"properties":{"latitude":"44.81866","longitude":"-1.1894","bright_ti4":"301.92","scan":"0.42","track":"0.45","acq_date":"2026-07-26","acq_time":"236","satellite":"N21","instrument":"VIIRS","confidence":"n","version":"2.0NRT","bright_ti5":"287.53","frp":"1.13","daynight":"N","commune":"Le Porge","code_insee":"33333","departement":"Gironde","region":"Nouvelle-Aquitaine"}},{"type":"Feature","geometry":{"type":"Point","coordinates":[-1.19451,44.81984]},"properties":{"latitude":"44.81984","longitude":"-1.19451","bright_ti4":"303.98","scan":"0.42","track":"0.45","acq_date":"2026-07-26","acq_time":"236","satellite":"N21","instrument":"VIIRS","confidence":"n","version":"2.0NRT","bright_ti5":"287.03","frp":"1.03","daynight":"N","commune":"Le Porge","code_insee":"33333","departement":"Gironde","region":"Nouvelle-Aquitaine"}},{"type":"Feature","geometry":{"type":"Point","coordinates":[-1.18238,44.82145]},"properties":{"latitude":"44.82145","longitude":"-1.18238","bright_ti4":"302.09","scan":"0.42","track":"0.45","acq_date":"2026-07-26","acq_time":"236","satellite":"N21","instrument":"VIIRS","confidence":"n","version":"2.0NRT","bright_ti5":"287.59","frp":"1.13","daynight":"N","commune":"Le Porge","code_insee":"33333","departement":"Gironde","region":"Nouvelle-Aquitaine"}},{"type":"Feature","geometry":{"type":"Point","coordinates":[-1.16842,44.82706]},"properties":{"latitude":"44.82706","longitude":"-1.16842","bright_ti4":"311.99","scan":"0.42","track":"0.46","acq_date":"2026-07-26","acq_time":"236","satellite":"N21","instrument":"VIIRS","confidence":"n","version":"2.0NRT","bright_ti5":"287.2","frp":"1.32","daynight":"N","commune":"Le Porge","code_insee":"33333","departement":"Gironde","region":"Nouvelle-Aquitaine"}},{"type":"Feature","geometry":{"type":"Point","coordinates":[-1.16146,44.82987]},"properties":{"latitude":"44.82987","longitude":"-1.16146","bright_ti4":"298.71","scan":"0.42","track":"0.46","acq_date":"2026-07-26","acq_time":"236","satellite":"N21","instrument":"VIIRS","confidence":"n","version":"2.0NRT","bright_ti5":"286.53","frp":"1.81","daynight":"N","commune":"Le Porge","code_insee":"33333","departement":"Gironde","region":"Nouvelle-Aquitaine"}},{"type":"Feature","geometry":{"type":"Point","coordinates":[-0.94321,44.83856]},"properties":{"latitude":"44.83856","longitude":"-0.94321","bright_ti4":"310.98","scan":"0.43","track":"0.46","acq_date":"2026-07-26","acq_time":"236","satellite":"N21","instrument":"VIIRS","confidence":"n","version":"2.0NRT","bright_ti5":"290.88","frp":"3.7","daynight":"N","commune":"Le Temple","code_insee":"33528","departement":"Gironde","region":"Nouvelle-Aquitaine"}},{"type":"Feature","geometry":{"type":"Point","coordinates":[-0.94843,44.83979]},"properties":{"latitude":"44.83979","longitude":"-0.94843","bright_ti4":"305.21","scan":"0.43","track":"0.46","acq_date":"2026-07-26","acq_time":"236","satellite":"N21","instrument":"VIIRS","confidence":"n","version":"2.0NRT","bright_ti5":"289.53","frp":"2.11","daynight":"N","commune":"Le Temple","code_insee":"33528","departement":"Gironde","region":"Nouvelle-Aquitaine"}},{"type":"Feature","geometry":{"type":"Point","coordinates":[-0.98865,44.84032]},"properties":{"latitude":"44.84032","longitude":"-0.98865","bright_ti4":"302.37","scan":"0.43","track":"0.46","acq_date":"2026-07-26","acq_time":"236","satellite":"N21","instrument":"VIIRS","confidence":"n","version":"2.0NRT","bright_ti5":"287.77","frp":"3.97","daynight":"N","commune":"Le Temple","code_insee":"33528","departement":"Gironde","region":"Nouvelle-Aquitaine"}},{"type":"Feature","geometry":{"type":"Point","coordinates":[-0.97118,44.84067]},"properties":{"latitude":"44.84067","longitude":"-0.97118","bright_ti4":"301.87","scan":"0.43","track":"0.46","acq_date":"2026-07-26","acq_time":"236","satellite":"N21","instrument":"VIIRS","confidence":"n","version":"2.0NRT","bright_ti5":"288.33","frp":"1.81","daynight":"N","commune":"Le Temple","code_insee":"33528","departement":"Gironde","region":"Nouvelle-Aquitaine"}},{"type":"Feature","geometry":{"type":"Point","coordinates":[-0.97639,44.84189]},"properties":{"latitude":"44.84189","longitude":"-0.97639","bright_ti4":"313.43","scan":"0.43","track":"0.46","acq_date":"2026-07-26","acq_time":"236","satellite":"N21","instrument":"VIIRS","confidence":"n","version":"2.0NRT","bright_ti5":"289.45","frp":"1.81","daynight":"N","commune":"Le Temple","code_insee":"33528","departement":"Gironde","region":"Nouvelle-Aquitaine"}},{"type":"Feature","geometry":{"type":"Point","coordinates":[-0.94134,44.84259]},"properties":{"latitude":"44.84259","longitude":"-0.94134","bright_ti4":"323.32","scan":"0.43","track":"0.46","acq_date":"2026-07-26","acq_time":"236","satellite":"N21","instrument":"VIIRS","confidence":"n","version":"2.0NRT","bright_ti5":"293.93","frp":"3.7","daynight":"N","commune":"Le Temple","code_insee":"33528","departement":"Gironde","region":"Nouvelle-Aquitaine"}},{"type":"Feature","geometry":{"type":"Point","coordinates":[-0.9816,44.84312]},"properties":{"latitude":"44.84312","longitude":"-0.9816","bright_ti4":"319.39","scan":"0.43","track":"0.46","acq_date":"2026-07-26","acq_time":"236","satellite":"N21","instrument":"VIIRS","confidence":"n","version":"2.0NRT","bright_ti5":"290.73","frp":"3.97","daynight":"N","commune":"Le Temple","code_insee":"33528","departement":"Gironde","region":"Nouvelle-Aquitaine"}},{"type":"Feature","geometry":{"type":"Point","coordinates":[-0.94657,44.84382]},"properties":{"latitude":"44.84382","longitude":"-0.94657","bright_ti4":"320.43","scan":"0.43","track":"0.46","acq_date":"2026-07-26","acq_time":"236","satellite":"N21","instrument":"VIIRS","confidence":"n","version":"2.0NRT","bright_ti5":"292.35","frp":"2.11","daynight":"N","commune":"Le Temple","code_insee":"33528","departement":"Gironde","region":"Nouvelle-Aquitaine"}},{"type":"Feature","geometry":{"type":"Point","coordinates":[-0.9868,44.84434]},"properties":{"latitude":"44.84434","longitude":"-0.9868","bright_ti4":"342.95","scan":"0.43","track":"0.46","acq_date":"2026-07-26","acq_time":"236","satellite":"N21","instrument":"VIIRS","confidence":"n","version":"2.0NRT","bright_ti5":"290.6","frp":"3.97","daynight":"N","commune":"Le Temple","code_insee":"33528","departement":"Gironde","region":"Nouvelle-Aquitaine"}},{"type":"Feature","geometry":{"type":"Point","coordinates":[-0.96932,44.84469]},"properties":{"latitude":"44.84469","longitude":"-0.96932","bright_ti4":"338.86","scan":"0.43","track":"0.46","acq_date":"2026-07-26","acq_time":"236","satellite":"N21","instrument":"VIIRS","confidence":"n","version":"2.0NRT","bright_ti5":"292.05","frp":"5.4","daynight":"N","commune":"Le Temple","code_insee":"33528","departement":"Gironde","region":"Nouvelle-Aquitaine"}},{"type":"Feature","geometry":{"type":"Point","coordinates":[-0.95181,44.84505]},"properties":{"latitude":"44.84505","longitude":"-0.95181","bright_ti4":"304.34","scan":"0.43","track":"0.46","acq_date":"2026-07-26","acq_time":"236","satellite":"N21","instrument":"VIIRS","confidence":"n","version":"2.0NRT","bright_ti5":"289.18","frp":"2.11","daynight":"N","commune":"Le Temple","code_insee":"33528","departement":"Gironde","region":"Nouvelle-Aquitaine"}},{"type":"Feature","geometry":{"type":"Point","coordinates":[-0.97453,44.84592]},"properties":{"latitude":"44.84592","longitude":"-0.97453","bright_ti4":"334.84","scan":"0.43","track":"0.46","acq_date":"2026-07-26","acq_time":"236","satellite":"N21","instrument":"VIIRS","confidence":"n","version":"2.0NRT","bright_ti5":"293.5","frp":"5.4","daynight":"N","commune":"Le Temple","code_insee":"33528","departement":"Gironde","region":"Nouvelle-Aquitaine"}},{"type":"Feature","geometry":{"type":"Point","coordinates":[-0.97974,44.84714]},"properties":{"latitude":"44.84714","longitude":"-0.97974","bright_ti4":"316.54","scan":"0.43","track":"0.46","acq_date":"2026-07-26","acq_time":"236","satellite":"N21","instrument":"VIIRS","confidence":"n","version":"2.0NRT","bright_ti5":"291.18","frp":"2.64","daynight":"N","commune":"Le Temple","code_insee":"33528","departement":"Gironde","region":"Nouvelle-Aquitaine"}},{"type":"Feature","geometry":{"type":"Point","coordinates":[-0.96225,44.8475]},"properties":{"latitude":"44.8475","longitude":"-0.96225","bright_ti4":"309.53","scan":"0.43","track":"0.46","acq_date":"2026-07-26","acq_time":"236","satellite":"N21","instrument":"VIIRS","confidence":"n","version":"2.0NRT","bright_ti5":"289.57","frp":"3.36","daynight":"N","commune":"Le Temple","code_insee":"33528","departement":"Gironde","region":"Nouvelle-Aquitaine"}},{"type":"Feature","geometry":{"type":"Point","coordinates":[-0.98495,44.84836]},"properties":{"latitude":"44.84836","longitude":"-0.98495","bright_ti4":"320","scan":"0.43","track":"0.46","acq_date":"2026-07-26","acq_time":"236","satellite":"N21","instrument":"VIIRS","confidence":"n","version":"2.0NRT","bright_ti5":"291.18","frp":"2.64","daynight":"N","commune":"Le Temple","code_insee":"33528","departement":"Gironde","region":"Nouvelle-Aquitaine"}},{"type":"Feature","geometry":{"type":"Point","coordinates":[-1.14707,44.84864]},"properties":{"latitude":"44.84864","longitude":"-1.14707","bright_ti4":"299.73","scan":"0.42","track":"0.46","acq_date":"2026-07-26","acq_time":"236","satellite":"N21","instrument":"VIIRS","confidence":"n","version":"2.0NRT","bright_ti5":"287.26","frp":"0.99","daynight":"N","commune":"Le Porge","code_insee":"33333","departement":"Gironde","region":"Nouvelle-Aquitaine"}},{"type":"Feature","geometry":{"type":"Point","coordinates":[-0.96746,44.84872]},"properties":{"latitude":"44.84872","longitude":"-0.96746","bright_ti4":"327.09","scan":"0.43","track":"0.46","acq_date":"2026-07-26","acq_time":"236","satellite":"N21","instrument":"VIIRS","confidence":"n","version":"2.0NRT","bright_ti5":"292.05","frp":"5.4","daynight":"N","commune":"Le Temple","code_insee":"33528","departement":"Gironde","region":"Nouvelle-Aquitaine"}},{"type":"Feature","geometry":{"type":"Point","coordinates":[-0.97266,44.84994]},"properties":{"latitude":"44.84994","longitude":"-0.97266","bright_ti4":"325.57","scan":"0.43","track":"0.46","acq_date":"2026-07-26","acq_time":"236","satellite":"N21","instrument":"VIIRS","confidence":"n","version":"2.0NRT","bright_ti5":"292.74","frp":"5.4","daynight":"N","commune":"Le Temple","code_insee":"33528","departement":"Gironde","region":"Nouvelle-Aquitaine"}},{"type":"Feature","geometry":{"type":"Point","coordinates":[-1.03021,44.85007]},"properties":{"latitude":"44.85007","longitude":"-1.03021","bright_ti4":"324.98","scan":"0.43","track":"0.46","acq_date":"2026-07-26","acq_time":"236","satellite":"N21","instrument":"VIIRS","confidence":"n","version":"2.0NRT","bright_ti5":"288.83","frp":"3.5","daynight":"N","commune":"Le Temple","code_insee":"33528","departement":"Gironde","region":"Nouvelle-Aquitaine"}},{"type":"Feature","geometry":{"type":"Point","coordinates":[-0.95516,44.8503]},"properties":{"latitude":"44.8503","longitude":"-0.95516","bright_ti4":"305.39","scan":"0.43","track":"0.46","acq_date":"2026-07-26","acq_time":"236","satellite":"N21","instrument":"VIIRS","confidence":"n","version":"2.0NRT","bright_ti5":"289.06","frp":"3.91","daynight":"N","commune":"Le Temple","code_insee":"33528","departement":"Gironde","region":"Nouvelle-Aquitaine"}},{"type":"Feature","geometry":{"type":"Point","coordinates":[-0.97787,44.85116]},"properties":{"latitude":"44.85116","longitude":"-0.97787","bright_ti4":"311.48","scan":"0.43","track":"0.46","acq_date":"2026-07-26","acq_time":"236","satellite":"N21","instrument":"VIIRS","confidence":"n","version":"2.0NRT","bright_ti5":"290.27","frp":"2.64","daynight":"N","commune":"Le Temple","code_insee":"33528","departement":"Gironde","region":"Nouvelle-Aquitaine"}},{"type":"Feature","geometry":{"type":"Point","coordinates":[-0.96038,44.85152]},"properties":{"latitude":"44.85152","longitude":"-0.96038","bright_ti4":"310.83","scan":"0.43","track":"0.46","acq_date":"2026-07-26","acq_time":"236","satellite":"N21","instrument":"VIIRS","confidence":"n","version":"2.0NRT","bright_ti5":"289.28","frp":"3.91","daynight":"N","commune":"Le Temple","code_insee":"33528","departement":"Gironde","region":"Nouvelle-Aquitaine"}},{"type":"Feature","geometry":{"type":"Point","coordinates":[-0.98309,44.85238]},"properties":{"latitude":"44.85238","longitude":"-0.98309","bright_ti4":"314.12","scan":"0.43","track":"0.46","acq_date":"2026-07-26","acq_time":"236","satellite":"N21","instrument":"VIIRS","confidence":"n","version":"2.0NRT","bright_ti5":"290.19","frp":"2.64","daynight":"N","commune":"Le Temple","code_insee":"33528","departement":"Gironde","region":"Nouvelle-Aquitaine"}},{"type":"Feature","geometry":{"type":"Point","coordinates":[-0.96559,44.85274]},"properties":{"latitude":"44.85274","longitude":"-0.96559","bright_ti4":"344.17","scan":"0.43","track":"0.46","acq_date":"2026-07-26","acq_time":"236","satellite":"N21","instrument":"VIIRS","confidence":"n","version":"2.0NRT","bright_ti5":"289.99","frp":"6.86","daynight":"N","commune":"Le Temple","code_insee":"33528","departement":"Gironde","region":"Nouvelle-Aquitaine"}},{"type":"Feature","geometry":{"type":"Point","coordinates":[-0.94804,44.85309]},"properties":{"latitude":"44.85309","longitude":"-0.94804","bright_ti4":"303.4","scan":"0.43","track":"0.46","acq_date":"2026-07-26","acq_time":"236","satellite":"N21","instrument":"VIIRS","confidence":"n","version":"2.0NRT","bright_ti5":"289.39","frp":"2.96","daynight":"N","commune":"Le Temple","code_insee":"33528","departement":"Gironde","region":"Nouvelle-Aquitaine"}},{"type":"Feature","geometry":{"type":"Point","coordinates":[-0.9708,44.85396]},"properties":{"latitude":"44.85396","longitude":"-0.9708","bright_ti4":"337.21","scan":"0.43","track":"0.46","acq_date":"2026-07-26","acq_time":"236","satellite":"N21","instrument":"VIIRS","confidence":"n","version":"2.0NRT","bright_ti5":"290.56","frp":"6.86","daynight":"N","commune":"Le Temple","code_insee":"33528","departement":"Gironde","region":"Nouvelle-Aquitaine"}},{"type":"Feature","geometry":{"type":"Point","coordinates":[-1.02835,44.85408]},"properties":{"latitude":"44.85408","longitude":"-1.02835","bright_ti4":"313.04","scan":"0.43","track":"0.46","acq_date":"2026-07-26","acq_time":"236","satellite":"N21","instrument":"VIIRS","confidence":"n","version":"2.0NRT","bright_ti5":"287.02","frp":"3.5","daynight":"N","commune":"Le Temple","code_insee":"33528","departement":"Gironde","region":"Nouvelle-Aquitaine"}},{"type":"Feature","geometry":{"type":"Point","coordinates":[-0.95327,44.85432]},"properties":{"latitude":"44.85432","longitude":"-0.95327","bright_ti4":"329.78","scan":"0.43","track":"0.46","acq_date":"2026-07-26","acq_time":"236","satellite":"N21","instrument":"VIIRS","confidence":"n","version":"2.0NRT","bright_ti5":"292.51","frp":"3.91","daynight":"N","commune":"Le Temple","code_insee":"33528","departement":"Gironde","region":"Nouvelle-Aquitaine"}},{"type":"Feature","geometry":{"type":"Point","coordinates":[-0.97601,44.85518]},"properties":{"latitude":"44.85518","longitude":"-0.97601","bright_ti4":"346.13","scan":"0.43","track":"0.46","acq_date":"2026-07-26","acq_time":"236","satellite":"N21","instrument":"VIIRS","confidence":"n","version":"2.0NRT","bright_ti5":"294.79","frp":"8.78","daynight":"N","commune":"Le Temple","code_insee":"33528","departement":"Gironde","region":"Nouvelle-Aquitaine"}},{"type":"Feature","geometry":{"type":"Point","coordinates":[-0.9585,44.85554]},"properties":{"latitude":"44.85554","longitude":"-0.9585","bright_ti4":"336.09","scan":"0.43","track":"0.46","acq_date":"2026-07-26","acq_time":"236","satellite":"N21","instrument":"VIIRS","confidence":"n","version":"2.0NRT","bright_ti5":"290.75","frp":"3.91","daynight":"N","commune":"Le Temple","code_insee":"33528","departement":"Gironde","region":"Nouvelle-Aquitaine"}},{"type":"Feature","geometry":{"type":"Point","coordinates":[-0.98122,44.8564]},"properties":{"latitude":"44.8564","longitude":"-0.98122","bright_ti4":"308.08","scan":"0.43","track":"0.46","acq_date":"2026-07-26","acq_time":"236","satellite":"N21","instrument":"VIIRS","confidence":"n","version":"2.0NRT","bright_ti5":"288.26","frp":"8.78","daynight":"N","commune":"Le Temple","code_insee":"33528","departement":"Gironde","region":"Nouvelle-Aquitaine"}},{"type":"Feature","geometry":{"type":"Point","coordinates":[-0.96372,44.85676]},"properties":{"latitude":"44.85676","longitude":"-0.96372","bright_ti4":"317.15","scan":"0.43","track":"0.46","acq_date":"2026-07-26","acq_time":"236","satellite":"N21","instrument":"VIIRS","confidence":"n","version":"2.0NRT","bright_ti5":"287.58","frp":"6.86","daynight":"N","commune":"Le Temple","code_insee":"33528","departement":"Gironde","region":"Nouvelle-Aquitaine"}},{"type":"Feature","geometry":{"type":"Point","coordinates":[-0.95139,44.85834]},"properties":{"latitude":"44.85834","longitude":"-0.95139","bright_ti4":"350.17","scan":"0.43","track":"0.46","acq_date":"2026-07-26","acq_time":"236","satellite":"N21","instrument":"VIIRS","confidence":"n","version":"2.0NRT","bright_ti5":"298.06","frp":"16.19","daynight":"N","commune":"Le Temple","code_insee":"33528","departement":"Gironde","region":"Nouvelle-Aquitaine"}},{"type":"Feature","geometry":{"type":"Point","coordinates":[-0.92144,44.86026]},"properties":{"latitude":"44.86026","longitude":"-0.92144","bright_ti4":"304.26","scan":"0.43","track":"0.46","acq_date":"2026-07-26","acq_time":"236","satellite":"N21","instrument":"VIIRS","confidence":"n","version":"2.0NRT","bright_ti5":"287.9","frp":"0.76","daynight":"N","commune":"Le Temple","code_insee":"33528","departement":"Gironde","region":"Nouvelle-Aquitaine"}},{"type":"Feature","geometry":{"type":"Point","coordinates":[-1.10181,44.86038]},"properties":{"latitude":"44.86038","longitude":"-1.10181","bright_ti4":"303.77","scan":"0.43","track":"0.46","acq_date":"2026-07-26","acq_time":"236","satellite":"N21","instrument":"VIIRS","confidence":"n","version":"2.0NRT","bright_ti5":"288.75","frp":"2.4","daynight":"N","commune":"Le Porge","code_insee":"33333","departement":"Gironde","region":"Nouvelle-Aquitaine"}},{"type":"Feature","geometry":{"type":"Point","coordinates":[-1.10428,44.86298]},"properties":{"latitude":"44.86298","longitude":"-1.10428","bright_ti4":"304.49","scan":"0.43","track":"0.46","acq_date":"2026-07-26","acq_time":"236","satellite":"N21","instrument":"VIIRS","confidence":"n","version":"2.0NRT","bright_ti5":"289.93","frp":"2.46","daynight":"N","commune":"Le Porge","code_insee":"33333","departement":"Gironde","region":"Nouvelle-Aquitaine"}},{"type":"Feature","geometry":{"type":"Point","coordinates":[-1.10512,44.86555]},"properties":{"latitude":"44.86555","longitude":"-1.10512","bright_ti4":"308.86","scan":"0.43","track":"0.46","acq_date":"2026-07-26","acq_time":"236","satellite":"N21","instrument":"VIIRS","confidence":"n","version":"2.0NRT","bright_ti5":"290.7","frp":"2.96","daynight":"N","commune":"Le Porge","code_insee":"33333","departement":"Gironde","region":"Nouvelle-Aquitaine"}},{"type":"Feature","geometry":{"type":"Point","coordinates":[-1.09729,44.86578]},"properties":{"latitude":"44.86578","longitude":"-1.09729","bright_ti4":"308.88","scan":"0.43","track":"0.46","acq_date":"2026-07-26","acq_time":"236","satellite":"N21","instrument":"VIIRS","confidence":"n","version":"2.0NRT","bright_ti5":"290.6","frp":"1.77","daynight":"N","commune":"Le Porge","code_insee":"33333","departement":"Gironde","region":"Nouvelle-Aquitaine"}},{"type":"Feature","geometry":{"type":"Point","coordinates":[-0.96517,44.86601]},"properties":{"latitude":"44.86601","longitude":"-0.96517","bright_ti4":"320.58","scan":"0.43","track":"0.46","acq_date":"2026-07-26","acq_time":"236","satellite":"N21","instrument":"VIIRS","confidence":"n","version":"2.0NRT","bright_ti5":"288.82","frp":"3.43","daynight":"N","commune":"Le Temple","code_insee":"33528","departement":"Gironde","region":"Nouvelle-Aquitaine"}},{"type":"Feature","geometry":{"type":"Point","coordinates":[-1.10244,44.86698]},"properties":{"latitude":"44.86698","longitude":"-1.10244","bright_ti4":"304.92","scan":"0.43","track":"0.46","acq_date":"2026-07-26","acq_time":"236","satellite":"N21","instrument":"VIIRS","confidence":"n","version":"2.0NRT","bright_ti5":"289.78","frp":"1.77","daynight":"N","commune":"Le Porge","code_insee":"33333","departement":"Gironde","region":"Nouvelle-Aquitaine"}},{"type":"Feature","geometry":{"type":"Point","coordinates":[-0.97039,44.86723]},"properties":{"latitude":"44.86723","longitude":"-0.97039","bright_ti4":"330.84","scan":"0.43","track":"0.46","acq_date":"2026-07-26","acq_time":"236","satellite":"N21","instrument":"VIIRS","confidence":"n","version":"2.0NRT","bright_ti5":"290.01","frp":"4.34","daynight":"N","commune":"Le Temple","code_insee":"33528","departement":"Gironde","region":"Nouvelle-Aquitaine"}},{"type":"Feature","geometry":{"type":"Point","coordinates":[-0.96327,44.87003]},"properties":{"latitude":"44.87003","longitude":"-0.96327","bright_ti4":"311.97","scan":"0.43","track":"0.46","acq_date":"2026-07-26","acq_time":"236","satellite":"N21","instrument":"VIIRS","confidence":"n","version":"2.0NRT","bright_ti5":"289.68","frp":"3.66","daynight":"N","commune":"Le Temple","code_insee":"33528","departement":"Gironde","region":"Nouvelle-Aquitaine"}},{"type":"Feature","geometry":{"type":"Point","coordinates":[-0.9685,44.87125]},"properties":{"latitude":"44.87125","longitude":"-0.9685","bright_ti4":"319.79","scan":"0.43","track":"0.46","acq_date":"2026-07-26","acq_time":"236","satellite":"N21","instrument":"VIIRS","confidence":"n","version":"2.0NRT","bright_ti5":"289.1","frp":"3.18","daynight":"N","commune":"Le Temple","code_insee":"33528","departement":"Gironde","region":"Nouvelle-Aquitaine"}},{"type":"Feature","geometry":{"type":"Point","coordinates":[-0.97371,44.87246]},"properties":{"latitude":"44.87246","longitude":"-0.97371","bright_ti4":"319.26","scan":"0.43","track":"0.46","acq_date":"2026-07-26","acq_time":"236","satellite":"N21","instrument":"VIIRS","confidence":"n","version":"2.0NRT","bright_ti5":"289.15","frp":"3.18","daynight":"N","commune":"Le Temple","code_insee":"33528","departement":"Gironde","region":"Nouvelle-Aquitaine"}},{"type":"Feature","geometry":{"type":"Point","coordinates":[-0.97892,44.87367]},"properties":{"latitude":"44.87367","longitude":"-0.97892","bright_ti4":"348.39","scan":"0.43","track":"0.46","acq_date":"2026-07-26","acq_time":"236","satellite":"N21","instrument":"VIIRS","confidence":"n","version":"2.0NRT","bright_ti5":"292.51","frp":"9.67","daynight":"N","commune":"Le Temple","code_insee":"33528","departement":"Gironde","region":"Nouvelle-Aquitaine"}},{"type":"Feature","geometry":{"type":"Point","coordinates":[-0.98413,44.87489]},"properties":{"latitude":"44.87489","longitude":"-0.98413","bright_ti4":"309","scan":"0.43","track":"0.46","acq_date":"2026-07-26","acq_time":"236","satellite":"N21","instrument":"VIIRS","confidence":"n","version":"2.0NRT","bright_ti5":"286.82","frp":"9.67","daynight":"N","commune":"Le Temple","code_insee":"33528","departement":"Gironde","region":"Nouvelle-Aquitaine"}},{"type":"Feature","geometry":{"type":"Point","coordinates":[-0.96662,44.87526]},"properties":{"latitude":"44.87526","longitude":"-0.96662","bright_ti4":"312.04","scan":"0.43","track":"0.46","acq_date":"2026-07-26","acq_time":"236","satellite":"N21","instrument":"VIIRS","confidence":"n","version":"2.0NRT","bright_ti5":"289.94","frp":"3.18","daynight":"N","commune":"Le Temple","code_insee":"33528","departement":"Gironde","region":"Nouvelle-Aquitaine"}},{"type":"Feature","geometry":{"type":"Point","coordinates":[-0.97184,44.87648]},"properties":{"latitude":"44.87648","longitude":"-0.97184","bright_ti4":"323.9","scan":"0.43","track":"0.46","acq_date":"2026-07-26","acq_time":"236","satellite":"N21","instrument":"VIIRS","confidence":"n","version":"2.0NRT","bright_ti5":"292.31","frp":"3.18","daynight":"N","commune":"Le Temple","code_insee":"33528","departement":"Gironde","region":"Nouvelle-Aquitaine"}},{"type":"Feature","geometry":{"type":"Point","coordinates":[-0.97705,44.87769]},"properties":{"latitude":"44.87769","longitude":"-0.97705","bright_ti4":"350.71","scan":"0.43","track":"0.46","acq_date":"2026-07-26","acq_time":"236","satellite":"N21","instrument":"VIIRS","confidence":"n","version":"2.0NRT","bright_ti5":"300.99","frp":"9.67","daynight":"N","commune":"Le Temple","code_insee":"33528","departement":"Gironde","region":"Nouvelle-Aquitaine"}},{"type":"Feature","geometry":{"type":"Point","coordinates":[-0.90155,44.87796]},"properties":{"latitude":"44.87796","longitude":"-0.90155","bright_ti4":"308.75","scan":"0.43","track":"0.46","acq_date":"2026-07-26","acq_time":"236","satellite":"N21","instrument":"VIIRS","confidence":"n","version":"2.0NRT","bright_ti5":"288.24","frp":"1.84","daynight":"N","commune":"Le Temple","code_insee":"33528","departement":"Gironde","region":"Nouvelle-Aquitaine"}},{"type":"Feature","geometry":{"type":"Point","coordinates":[-1.17096,44.87856]},"properties":{"latitude":"44.87856","longitude":"-1.17096","bright_ti4":"299.25","scan":"0.42","track":"0.45","acq_date":"2026-07-26","acq_time":"236","satellite":"N21","instrument":"VIIRS","confidence":"n","version":"2.0NRT","bright_ti5":"287.23","frp":"1.07","daynight":"N","commune":"Le Porge","code_insee":"33333","departement":"Gironde","region":"Nouvelle-Aquitaine"}},{"type":"Feature","geometry":{"type":"Point","coordinates":[-1.16685,44.87961]},"properties":{"latitude":"44.87961","longitude":"-1.16685","bright_ti4":"299.61","scan":"0.42","track":"0.45","acq_date":"2026-07-26","acq_time":"236","satellite":"N21","instrument":"VIIRS","confidence":"n","version":"2.0NRT","bright_ti5":"287.35","frp":"1.06","daynight":"N","commune":"Le Porge","code_insee":"33333","departement":"Gironde","region":"Nouvelle-Aquitaine"}},{"type":"Feature","geometry":{"type":"Point","coordinates":[-0.98746,44.88012]},"properties":{"latitude":"44.88012","longitude":"-0.98746","bright_ti4":"337.46","scan":"0.43","track":"0.46","acq_date":"2026-07-26","acq_time":"236","satellite":"N21","instrument":"VIIRS","confidence":"n","version":"2.0NRT","bright_ti5":"288.76","frp":"6.22","daynight":"N","commune":"Le Temple","code_insee":"33528","departement":"Gironde","region":"Nouvelle-Aquitaine"}},{"type":"Feature","geometry":{"type":"Point","coordinates":[-1.17198,44.88078]},"properties":{"latitude":"44.88078","longitude":"-1.17198","bright_ti4":"307.49","scan":"0.42","track":"0.45","acq_date":"2026-07-26","acq_time":"236","satellite":"N21","instrument":"VIIRS","confidence":"n","version":"2.0NRT","bright_ti5":"287.35","frp":"1.06","daynight":"N","commune":"Le Porge","code_insee":"33333","departement":"Gironde","region":"Nouvelle-Aquitaine"}},{"type":"Feature","geometry":{"type":"Point","coordinates":[-0.97518,44.88171]},"properties":{"latitude":"44.88171","longitude":"-0.97518","bright_ti4":"318.86","scan":"0.43","track":"0.46","acq_date":"2026-07-26","acq_time":"236","satellite":"N21","instrument":"VIIRS","confidence":"n","version":"2.0NRT","bright_ti5":"289.78","frp":"3.48","daynight":"N","commune":"Saumos","code_insee":"33503","departement":"Gironde","region":"Nouvelle-Aquitaine"}},{"type":"Feature","geometry":{"type":"Point","coordinates":[-0.89968,44.88199]},"properties":{"latitude":"44.88199","longitude":"-0.89968","bright_ti4":"316.19","scan":"0.43","track":"0.46","acq_date":"2026-07-26","acq_time":"236","satellite":"N21","instrument":"VIIRS","confidence":"n","version":"2.0NRT","bright_ti5":"289.89","frp":"3.82","daynight":"N","commune":"Le Temple","code_insee":"33528","departement":"Gironde","region":"Nouvelle-Aquitaine"}},{"type":"Feature","geometry":{"type":"Point","coordinates":[-1.16911,44.88255]},"properties":{"latitude":"44.88255","longitude":"-1.16911","bright_ti4":"306.17","scan":"0.42","track":"0.45","acq_date":"2026-07-26","acq_time":"236","satellite":"N21","instrument":"VIIRS","confidence":"n","version":"2.0NRT","bright_ti5":"287.13","frp":"1.06","daynight":"N","commune":"Le Porge","code_insee":"33333","departement":"Gironde","region":"Nouvelle-Aquitaine"}},{"type":"Feature","geometry":{"type":"Point","coordinates":[-0.98039,44.88292]},"properties":{"latitude":"44.88292","longitude":"-0.98039","bright_ti4":"313.35","scan":"0.43","track":"0.46","acq_date":"2026-07-26","acq_time":"236","satellite":"N21","instrument":"VIIRS","confidence":"n","version":"2.0NRT","bright_ti5":"288.71","frp":"3.48","daynight":"N","commune":"Saumos","code_insee":"33503","departement":"Gironde","region":"Nouvelle-Aquitaine"}},{"type":"Feature","geometry":{"type":"Point","coordinates":[-0.88727,44.88358]},"properties":{"latitude":"44.88358","longitude":"-0.88727","bright_ti4":"313.49","scan":"0.44","track":"0.46","acq_date":"2026-07-26","acq_time":"236","satellite":"N21","instrument":"VIIRS","confidence":"n","version":"2.0NRT","bright_ti5":"289.34","frp":"2.1","daynight":"N","commune":"Le Temple","code_insee":"33528","departement":"Gironde","region":"Nouvelle-Aquitaine"}},{"type":"Feature","geometry":{"type":"Point","coordinates":[-1.00303,44.88374]},"properties":{"latitude":"44.88374","longitude":"-1.00303","bright_ti4":"328.21","scan":"0.43","track":"0.46","acq_date":"2026-07-26","acq_time":"236","satellite":"N21","instrument":"VIIRS","confidence":"n","version":"2.0NRT","bright_ti5":"288.54","frp":"5.25","daynight":"N","commune":"Le Temple","code_insee":"33528","departement":"Gironde","region":"Nouvelle-Aquitaine"}},{"type":"Feature","geometry":{"type":"Point","coordinates":[-0.98559,44.88413]},"properties":{"latitude":"44.88413","longitude":"-0.98559","bright_ti4":"338.33","scan":"0.43","track":"0.46","acq_date":"2026-07-26","acq_time":"236","satellite":"N21","instrument":"VIIRS","confidence":"n","version":"2.0NRT","bright_ti5":"291.79","frp":"7.2","daynight":"N","commune":"Saumos","code_insee":"33503","departement":"Gironde","region":"Nouvelle-Aquitaine"}},{"type":"Feature","geometry":{"type":"Point","coordinates":[-0.95056,44.88489]},"properties":{"latitude":"44.88489","longitude":"-0.95056","bright_ti4":"303.22","scan":"0.43","track":"0.46","acq_date":"2026-07-26","acq_time":"236","satellite":"N21","instrument":"VIIRS","confidence":"n","version":"2.0NRT","bright_ti5":"289.39","frp":"2.11","daynight":"N","commune":"Le Temple","code_insee":"33528","departement":"Gironde","region":"Nouvelle-Aquitaine"}},{"type":"Feature","geometry":{"type":"Point","coordinates":[-1.00821,44.88494]},"properties":{"latitude":"44.88494","longitude":"-1.00821","bright_ti4":"339.54","scan":"0.43","track":"0.46","acq_date":"2026-07-26","acq_time":"236","satellite":"N21","instrument":"VIIRS","confidence":"n","version":"2.0NRT","bright_ti5":"292.06","frp":"9.86","daynight":"N","commune":"Le Temple","code_insee":"33528","departement":"Gironde","region":"Nouvelle-Aquitaine"}},{"type":"Feature","geometry":{"type":"Point","coordinates":[-1.10531,44.88536]},"properties":{"latitude":"44.88536","longitude":"-1.10531","bright_ti4":"302.97","scan":"0.43","track":"0.46","acq_date":"2026-07-26","acq_time":"236","satellite":"N21","instrument":"VIIRS","confidence":"n","version":"2.0NRT","bright_ti5":"289.73","frp":"2.26","daynight":"N","commune":"Le Porge","code_insee":"33333","departement":"Gironde","region":"Nouvelle-Aquitaine"}},{"type":"Feature","geometry":{"type":"Point","coordinates":[-1.11044,44.88655]},"properties":{"latitude":"44.88655","longitude":"-1.11044","bright_ti4":"306.04","scan":"0.43","track":"0.46","acq_date":"2026-07-26","acq_time":"236","satellite":"N21","instrument":"VIIRS","confidence":"n","version":"2.0NRT","bright_ti5":"290.74","frp":"2.03","daynight":"N","commune":"Le Porge","code_insee":"33333","departement":"Gironde","region":"Nouvelle-Aquitaine"}},{"type":"Feature","geometry":{"type":"Point","coordinates":[-0.94346,44.8877]},"properties":{"latitude":"44.8877","longitude":"-0.94346","bright_ti4":"303.6","scan":"0.43","track":"0.46","acq_date":"2026-07-26","acq_time":"236","satellite":"N21","instrument":"VIIRS","confidence":"n","version":"2.0NRT","bright_ti5":"289.62","frp":"2.26","daynight":"N","commune":"Le Temple","code_insee":"33528","departement":"Gironde","region":"Nouvelle-Aquitaine"}},{"type":"Feature","geometry":{"type":"Point","coordinates":[-1.00116,44.88775]},"properties":{"latitude":"44.88775","longitude":"-1.00116","bright_ti4":"353.41","scan":"0.43","track":"0.46","acq_date":"2026-07-26","acq_time":"236","satellite":"N21","instrument":"VIIRS","confidence":"n","version":"2.0NRT","bright_ti5":"300.11","frp":"19.11","daynight":"N","commune":"Le Temple","code_insee":"33528","departement":"Gironde","region":"Nouvelle-Aquitaine"}},{"type":"Feature","geometry":{"type":"Point","coordinates":[-1.00634,44.88895]},"properties":{"latitude":"44.88895","longitude":"-1.00634","bright_ti4":"355.46","scan":"0.43","track":"0.46","acq_date":"2026-07-26","acq_time":"236","satellite":"N21","instrument":"VIIRS","confidence":"n","version":"2.0NRT","bright_ti5":"303.91","frp":"11.54","daynight":"N","commune":"Le Temple","code_insee":"33528","departement":"Gironde","region":"Nouvelle-Aquitaine"}},{"type":"Feature","geometry":{"type":"Point","coordinates":[-1.10858,44.89054]},"properties":{"latitude":"44.89054","longitude":"-1.10858","bright_ti4":"309.02","scan":"0.43","track":"0.46","acq_date":"2026-07-26","acq_time":"236","satellite":"N21","instrument":"VIIRS","confidence":"n","version":"2.0NRT","bright_ti5":"291.05","frp":"2.03","daynight":"N","commune":"Le Porge","code_insee":"33333","departement":"Gironde","region":"Nouvelle-Aquitaine"}},{"type":"Feature","geometry":{"type":"Point","coordinates":[-1.00448,44.89297]},"properties":{"latitude":"44.89297","longitude":"-1.00448","bright_ti4":"302.91","scan":"0.43","track":"0.46","acq_date":"2026-07-26","acq_time":"236","satellite":"N21","instrument":"VIIRS","confidence":"n","version":"2.0NRT","bright_ti5":"288.48","frp":"11.54","daynight":"N","commune":"Saumos","code_insee":"33503","departement":"Gironde","region":"Nouvelle-Aquitaine"}},{"type":"Feature","geometry":{"type":"Point","coordinates":[-0.96057,44.90057]},"properties":{"latitude":"44.90057","longitude":"-0.96057","bright_ti4":"311.85","scan":"0.43","track":"0.46","acq_date":"2026-07-26","acq_time":"236","satellite":"N21","instrument":"VIIRS","confidence":"n","version":"2.0NRT","bright_ti5":"288.31","frp":"3.13","daynight":"N","commune":"Saumos","code_insee":"33503","departement":"Gironde","region":"Nouvelle-Aquitaine"}},{"type":"Feature","geometry":{"type":"Point","coordinates":[-0.96579,44.90178]},"properties":{"latitude":"44.90178","longitude":"-0.96579","bright_ti4":"334.74","scan":"0.43","track":"0.46","acq_date":"2026-07-26","acq_time":"236","satellite":"N21","instrument":"VIIRS","confidence":"n","version":"2.0NRT","bright_ti5":"288.22","frp":"5.6","daynight":"N","commune":"Saumos","code_insee":"33503","departement":"Gironde","region":"Nouvelle-Aquitaine"}},{"type":"Feature","geometry":{"type":"Point","coordinates":[-0.95349,44.90339]},"properties":{"latitude":"44.90339","longitude":"-0.95349","bright_ti4":"301.22","scan":"0.43","track":"0.46","acq_date":"2026-07-26","acq_time":"236","satellite":"N21","instrument":"VIIRS","confidence":"n","version":"2.0NRT","bright_ti5":"286.93","frp":"0.91","daynight":"N","commune":"Saumos","code_insee":"33503","departement":"Gironde","region":"Nouvelle-Aquitaine"}},{"type":"Feature","geometry":{"type":"Point","coordinates":[-0.93594,44.90378]},"properties":{"latitude":"44.90378","longitude":"-0.93594","bright_ti4":"313.15","scan":"0.43","track":"0.46","acq_date":"2026-07-26","acq_time":"236","satellite":"N21","instrument":"VIIRS","confidence":"n","version":"2.0NRT","bright_ti5":"288.98","frp":"3.09","daynight":"N","commune":"Saumos","code_insee":"33503","departement":"Gironde","region":"Nouvelle-Aquitaine"}},{"type":"Feature","geometry":{"type":"Point","coordinates":[-0.9587,44.90459]},"properties":{"latitude":"44.90459","longitude":"-0.9587","bright_ti4":"304.76","scan":"0.43","track":"0.46","acq_date":"2026-07-26","acq_time":"236","satellite":"N21","instrument":"VIIRS","confidence":"n","version":"2.0NRT","bright_ti5":"286.32","frp":"0.91","daynight":"N","commune":"Saumos","code_insee":"33503","departement":"Gironde","region":"Nouvelle-Aquitaine"}},{"type":"Feature","geometry":{"type":"Point","coordinates":[-0.94117,44.90499]},"properties":{"latitude":"44.90499","longitude":"-0.94117","bright_ti4":"301.47","scan":"0.43","track":"0.46","acq_date":"2026-07-26","acq_time":"236","satellite":"N21","instrument":"VIIRS","confidence":"n","version":"2.0NRT","bright_ti5":"287.97","frp":"2.74","daynight":"N","commune":"Saumos","code_insee":"33503","departement":"Gironde","region":"Nouvelle-Aquitaine"}},{"type":"Feature","geometry":{"type":"Point","coordinates":[-0.9236,44.90539]},"properties":{"latitude":"44.90539","longitude":"-0.9236","bright_ti4":"303.1","scan":"0.43","track":"0.46","acq_date":"2026-07-26","acq_time":"236","satellite":"N21","instrument":"VIIRS","confidence":"n","version":"2.0NRT","bright_ti5":"288.41","frp":"1.87","daynight":"N","commune":"Sainte-Hélène","code_insee":"33417","departement":"Gironde","region":"Nouvelle-Aquitaine"}},{"type":"Feature","geometry":{"type":"Point","coordinates":[-0.92884,44.90659]},"properties":{"latitude":"44.90659","longitude":"-0.92884","bright_ti4":"304.15","scan":"0.43","track":"0.46","acq_date":"2026-07-26","acq_time":"236","satellite":"N21","instrument":"VIIRS","confidence":"n","version":"2.0NRT","bright_ti5":"289.28","frp":"1.64","daynight":"N","commune":"Sainte-Hélène","code_insee":"33417","departement":"Gironde","region":"Nouvelle-Aquitaine"}},{"type":"Feature","geometry":{"type":"Point","coordinates":[-0.93406,44.9078]},"properties":{"latitude":"44.9078","longitude":"-0.93406","bright_ti4":"303.06","scan":"0.43","track":"0.46","acq_date":"2026-07-26","acq_time":"236","satellite":"N21","instrument":"VIIRS","confidence":"n","version":"2.0NRT","bright_ti5":"288.91","frp":"1.64","daynight":"N","commune":"Sainte-Hélène","code_insee":"33417","departement":"Gironde","region":"Nouvelle-Aquitaine"}},{"type":"Feature","geometry":{"type":"Point","coordinates":[-0.93929,44.909]},"properties":{"latitude":"44.909","longitude":"-0.93929","bright_ti4":"317.14","scan":"0.43","track":"0.46","acq_date":"2026-07-26","acq_time":"236","satellite":"N21","instrument":"VIIRS","confidence":"n","version":"2.0NRT","bright_ti5":"289.91","frp":"3.71","daynight":"N","commune":"Sainte-Hélène","code_insee":"33417","departement":"Gironde","region":"Nouvelle-Aquitaine"}},{"type":"Feature","geometry":{"type":"Point","coordinates":[-0.9445,44.91021]},"properties":{"latitude":"44.91021","longitude":"-0.9445","bright_ti4":"310.35","scan":"0.43","track":"0.46","acq_date":"2026-07-26","acq_time":"236","satellite":"N21","instrument":"VIIRS","confidence":"n","version":"2.0NRT","bright_ti5":"287.77","frp":"3.71","daynight":"N","commune":"Saumos","code_insee":"33503","departement":"Gironde","region":"Nouvelle-Aquitaine"}},{"type":"Feature","geometry":{"type":"Point","coordinates":[-0.93218,44.91182]},"properties":{"latitude":"44.91182","longitude":"-0.93218","bright_ti4":"306.32","scan":"0.43","track":"0.46","acq_date":"2026-07-26","acq_time":"236","satellite":"N21","instrument":"VIIRS","confidence":"n","version":"2.0NRT","bright_ti5":"289.03","frp":"1.64","daynight":"N","commune":"Sainte-Hélène","code_insee":"33417","departement":"Gironde","region":"Nouvelle-Aquitaine"}},{"type":"Feature","geometry":{"type":"Point","coordinates":[-0.9374,44.91302]},"properties":{"latitude":"44.91302","longitude":"-0.9374","bright_ti4":"336.28","scan":"0.43","track":"0.46","acq_date":"2026-07-26","acq_time":"236","satellite":"N21","instrument":"VIIRS","confidence":"n","version":"2.0NRT","bright_ti5":"290.01","frp":"3.71","daynight":"N","commune":"Sainte-Hélène","code_insee":"33417","departement":"Gironde","region":"Nouvelle-Aquitaine"}},{"type":"Feature","geometry":{"type":"Point","coordinates":[-1.11613,44.92323]},"properties":{"latitude":"44.92323","longitude":"-1.11613","bright_ti4":"300.81","scan":"0.42","track":"0.46","acq_date":"2026-07-26","acq_time":"236","satellite":"N21","instrument":"VIIRS","confidence":"n","version":"2.0NRT","bright_ti5":"286.38","frp":"0.41","daynight":"N","commune":"Lacanau","code_insee":"33214","departement":"Gironde","region":"Nouvelle-Aquitaine"}},{"type":"Feature","geometry":{"type":"Point","coordinates":[-1.09517,44.93165]},"properties":{"latitude":"44.93165","longitude":"-1.09517","bright_ti4":"305.62","scan":"0.42","track":"0.46","acq_date":"2026-07-26","acq_time":"236","satellite":"N21","instrument":"VIIRS","confidence":"n","version":"2.0NRT","bright_ti5":"289.21","frp":"2.49","daynight":"N","commune":"Lacanau","code_insee":"33214","departement":"Gironde","region":"Nouvelle-Aquitaine"}},{"type":"Feature","geometry":{"type":"Point","coordinates":[-1.10032,44.93283]},"properties":{"latitude":"44.93283","longitude":"-1.10032","bright_ti4":"343.88","scan":"0.42","track":"0.46","acq_date":"2026-07-26","acq_time":"236","satellite":"N21","instrument":"VIIRS","confidence":"n","version":"2.0NRT","bright_ti5":"292.5","frp":"9.12","daynight":"N","commune":"Lacanau","code_insee":"33214","departement":"Gironde","region":"Nouvelle-Aquitaine"}},{"type":"Feature","geometry":{"type":"Point","coordinates":[-1.09334,44.93564]},"properties":{"latitude":"44.93564","longitude":"-1.09334","bright_ti4":"316.61","scan":"0.42","track":"0.46","acq_date":"2026-07-26","acq_time":"236","satellite":"N21","instrument":"VIIRS","confidence":"n","version":"2.0NRT","bright_ti5":"291.43","frp":"1.95","daynight":"N","commune":"Lacanau","code_insee":"33214","departement":"Gironde","region":"Nouvelle-Aquitaine"}},{"type":"Feature","geometry":{"type":"Point","coordinates":[-1.09847,44.93682]},"properties":{"latitude":"44.93682","longitude":"-1.09847","bright_ti4":"304.2","scan":"0.42","track":"0.46","acq_date":"2026-07-26","acq_time":"236","satellite":"N21","instrument":"VIIRS","confidence":"n","version":"2.0NRT","bright_ti5":"287.71","frp":"1.31","daynight":"N","commune":"Lacanau","code_insee":"33214","departement":"Gironde","region":"Nouvelle-Aquitaine"}},{"type":"Feature","geometry":{"type":"Point","coordinates":[-1.08634,44.93845]},"properties":{"latitude":"44.93845","longitude":"-1.08634","bright_ti4":"309.36","scan":"0.43","track":"0.46","acq_date":"2026-07-26","acq_time":"236","satellite":"N21","instrument":"VIIRS","confidence":"n","version":"2.0NRT","bright_ti5":"289.7","frp":"1.95","daynight":"N","commune":"Lacanau","code_insee":"33214","departement":"Gironde","region":"Nouvelle-Aquitaine"}},{"type":"Feature","geometry":{"type":"Point","coordinates":[-1.09147,44.93963]},"properties":{"latitude":"44.93963","longitude":"-1.09147","bright_ti4":"300.96","scan":"0.42","track":"0.46","acq_date":"2026-07-26","acq_time":"236","satellite":"N21","instrument":"VIIRS","confidence":"n","version":"2.0NRT","bright_ti5":"288.43","frp":"1.95","daynight":"N","commune":"Lacanau","code_insee":"33214","departement":"Gironde","region":"Nouvelle-Aquitaine"}},{"type":"Feature","geometry":{"type":"Point","coordinates":[-1.06011,44.94569]},"properties":{"latitude":"44.94569","longitude":"-1.06011","bright_ti4":"333.92","scan":"0.43","track":"0.46","acq_date":"2026-07-26","acq_time":"236","satellite":"N21","instrument":"VIIRS","confidence":"n","version":"2.0NRT","bright_ti5":"290.36","frp":"3.53","daynight":"N","commune":"Lacanau","code_insee":"33214","departement":"Gironde","region":"Nouvelle-Aquitaine"}},{"type":"Feature","geometry":{"type":"Point","coordinates":[-1.06528,44.94688]},"properties":{"latitude":"44.94688","longitude":"-1.06528","bright_ti4":"309.29","scan":"0.43","track":"0.46","acq_date":"2026-07-26","acq_time":"236","satellite":"N21","instrument":"VIIRS","confidence":"n","version":"2.0NRT","bright_ti5":"287.97","frp":"3.53","daynight":"N","commune":"Lacanau","code_insee":"33214","departement":"Gironde","region":"Nouvelle-Aquitaine"}},{"type":"Feature","geometry":{"type":"Point","coordinates":[-1.05825,44.94969]},"properties":{"latitude":"44.94969","longitude":"-1.05825","bright_ti4":"333.71","scan":"0.43","track":"0.46","acq_date":"2026-07-26","acq_time":"236","satellite":"N21","instrument":"VIIRS","confidence":"n","version":"2.0NRT","bright_ti5":"292.08","frp":"3.53","daynight":"N","commune":"Lacanau","code_insee":"33214","departement":"Gironde","region":"Nouvelle-Aquitaine"}},{"type":"Feature","geometry":{"type":"Point","coordinates":[-1.0442,44.95532]},"properties":{"latitude":"44.95532","longitude":"-1.0442","bright_ti4":"345.04","scan":"0.43","track":"0.46","acq_date":"2026-07-26","acq_time":"236","satellite":"N21","instrument":"VIIRS","confidence":"n","version":"2.0NRT","bright_ti5":"291.03","frp":"7.08","daynight":"N","commune":"Lacanau","code_insee":"33214","departement":"Gironde","region":"Nouvelle-Aquitaine"}},{"type":"Feature","geometry":{"type":"Point","coordinates":[-1.04256,44.95699]},"properties":{"latitude":"44.95699","longitude":"-1.04256","bright_ti4":"340.14","scan":"0.43","track":"0.46","acq_date":"2026-07-26","acq_time":"236","satellite":"N21","instrument":"VIIRS","confidence":"n","version":"2.0NRT","bright_ti5":"289.98","frp":"3.56","daynight":"N","commune":"Lacanau","code_insee":"33214","departement":"Gironde","region":"Nouvelle-Aquitaine"}},{"type":"Feature","geometry":{"type":"Point","coordinates":[-1.02525,44.95736]},"properties":{"latitude":"44.95736","longitude":"-1.02525","bright_ti4":"318.28","scan":"0.43","track":"0.46","acq_date":"2026-07-26","acq_time":"236","satellite":"N21","instrument":"VIIRS","confidence":"n","version":"2.0NRT","bright_ti5":"291.09","frp":"2.92","daynight":"N","commune":"Lacanau","code_insee":"33214","departement":"Gironde","region":"Nouvelle-Aquitaine"}},{"type":"Feature","geometry":{"type":"Point","coordinates":[-1.01461,44.95741]},"properties":{"latitude":"44.95741","longitude":"-1.01461","bright_ti4":"310.13","scan":"0.43","track":"0.46","acq_date":"2026-07-26","acq_time":"236","satellite":"N21","instrument":"VIIRS","confidence":"n","version":"2.0NRT","bright_ti5":"288.17","frp":"2.09","daynight":"N","commune":"Lacanau","code_insee":"33214","departement":"Gironde","region":"Nouvelle-Aquitaine"}},{"type":"Feature","geometry":{"type":"Point","coordinates":[-1.0304,44.95856]},"properties":{"latitude":"44.95856","longitude":"-1.0304","bright_ti4":"311.65","scan":"0.43","track":"0.46","acq_date":"2026-07-26","acq_time":"236","satellite":"N21","instrument":"VIIRS","confidence":"n","version":"2.0NRT","bright_ti5":"290","frp":"2.92","daynight":"N","commune":"Lacanau","code_insee":"33214","departement":"Gironde","region":"Nouvelle-Aquitaine"}},{"type":"Feature","geometry":{"type":"Point","coordinates":[-1.01978,44.95859]},"properties":{"latitude":"44.95859","longitude":"-1.01978","bright_ti4":"303.42","scan":"0.43","track":"0.46","acq_date":"2026-07-26","acq_time":"236","satellite":"N21","instrument":"VIIRS","confidence":"n","version":"2.0NRT","bright_ti5":"289.13","frp":"4.23","daynight":"N","commune":"Lacanau","code_insee":"33214","departement":"Gironde","region":"Nouvelle-Aquitaine"}},{"type":"Feature","geometry":{"type":"Point","coordinates":[-1.01305,44.95894]},"properties":{"latitude":"44.95894","longitude":"-1.01305","bright_ti4":"310.48","scan":"0.43","track":"0.46","acq_date":"2026-07-26","acq_time":"236","satellite":"N21","instrument":"VIIRS","confidence":"n","version":"2.0NRT","bright_ti5":"289.17","frp":"1.75","daynight":"N","commune":"Lacanau","code_insee":"33214","departement":"Gironde","region":"Nouvelle-Aquitaine"}},{"type":"Feature","geometry":{"type":"Point","coordinates":[-1.04234,44.95932]},"properties":{"latitude":"44.95932","longitude":"-1.04234","bright_ti4":"303.49","scan":"0.43","track":"0.46","acq_date":"2026-07-26","acq_time":"236","satellite":"N21","instrument":"VIIRS","confidence":"n","version":"2.0NRT","bright_ti5":"286.34","frp":"0.58","daynight":"N","commune":"Lacanau","code_insee":"33214","departement":"Gironde","region":"Nouvelle-Aquitaine"}},{"type":"Feature","geometry":{"type":"Point","coordinates":[-1.02496,44.95977]},"properties":{"latitude":"44.95977","longitude":"-1.02496","bright_ti4":"338.15","scan":"0.43","track":"0.46","acq_date":"2026-07-26","acq_time":"236","satellite":"N21","instrument":"VIIRS","confidence":"n","version":"2.0NRT","bright_ti5":"296.06","frp":"4.23","daynight":"N","commune":"Lacanau","code_insee":"33214","departement":"Gironde","region":"Nouvelle-Aquitaine"}},{"type":"Feature","geometry":{"type":"Point","coordinates":[-1.03556,44.95978]},"properties":{"latitude":"44.95978","longitude":"-1.03556","bright_ti4":"309.48","scan":"0.43","track":"0.46","acq_date":"2026-07-26","acq_time":"236","satellite":"N21","instrument":"VIIRS","confidence":"n","version":"2.0NRT","bright_ti5":"287.62","frp":"3.56","daynight":"N","commune":"Lacanau","code_insee":"33214","departement":"Gironde","region":"Nouvelle-Aquitaine"}},{"type":"Feature","geometry":{"type":"Point","coordinates":[-1.01821,44.96015]},"properties":{"latitude":"44.96015","longitude":"-1.01821","bright_ti4":"306.13","scan":"0.43","track":"0.46","acq_date":"2026-07-26","acq_time":"236","satellite":"N21","instrument":"VIIRS","confidence":"n","version":"2.0NRT","bright_ti5":"289.81","frp":"1.75","daynight":"N","commune":"Lacanau","code_insee":"33214","departement":"Gironde","region":"Nouvelle-Aquitaine"}},{"type":"Feature","geometry":{"type":"Point","coordinates":[-1.03014,44.96095]},"properties":{"latitude":"44.96095","longitude":"-1.03014","bright_ti4":"320.37","scan":"0.43","track":"0.46","acq_date":"2026-07-26","acq_time":"236","satellite":"N21","instrument":"VIIRS","confidence":"n","version":"2.0NRT","bright_ti5":"289.44","frp":"5.2","daynight":"N","commune":"Lacanau","code_insee":"33214","departement":"Gironde","region":"Nouvelle-Aquitaine"}},{"type":"Feature","geometry":{"type":"Point","coordinates":[-1.02337,44.96136]},"properties":{"latitude":"44.96136","longitude":"-1.02337","bright_ti4":"327.93","scan":"0.43","track":"0.46","acq_date":"2026-07-26","acq_time":"236","satellite":"N21","instrument":"VIIRS","confidence":"n","version":"2.0NRT","bright_ti5":"293.11","frp":"3.64","daynight":"N","commune":"Lacanau","code_insee":"33214","departement":"Gironde","region":"Nouvelle-Aquitaine"}},{"type":"Feature","geometry":{"type":"Point","coordinates":[-1.02854,44.96257]},"properties":{"latitude":"44.96257","longitude":"-1.02854","bright_ti4":"330.95","scan":"0.43","track":"0.46","acq_date":"2026-07-26","acq_time":"236","satellite":"N21","instrument":"VIIRS","confidence":"n","version":"2.0NRT","bright_ti5":"288.53","frp":"3.64","daynight":"N","commune":"Lacanau","code_insee":"33214","departement":"Gironde","region":"Nouvelle-Aquitaine"}},{"type":"Feature","geometry":{"type":"Point","coordinates":[-1.01634,44.96415]},"properties":{"latitude":"44.96415","longitude":"-1.01634","bright_ti4":"306.58","scan":"0.43","track":"0.46","acq_date":"2026-07-26","acq_time":"236","satellite":"N21","instrument":"VIIRS","confidence":"n","version":"2.0NRT","bright_ti5":"288.11","frp":"1.75","daynight":"N","commune":"Lacanau","code_insee":"33214","departement":"Gironde","region":"Nouvelle-Aquitaine"}},{"type":"Feature","geometry":{"type":"Point","coordinates":[-0.99899,44.96453]},"properties":{"latitude":"44.96453","longitude":"-0.99899","bright_ti4":"302.37","scan":"0.43","track":"0.46","acq_date":"2026-07-26","acq_time":"236","satellite":"N21","instrument":"VIIRS","confidence":"n","version":"2.0NRT","bright_ti5":"288.25","frp":"1.96","daynight":"N","commune":"Lacanau","code_insee":"33214","departement":"Gironde","region":"Nouvelle-Aquitaine"}},{"type":"Feature","geometry":{"type":"Point","coordinates":[-1.02151,44.96535]},"properties":{"latitude":"44.96535","longitude":"-1.02151","bright_ti4":"305.5","scan":"0.43","track":"0.46","acq_date":"2026-07-26","acq_time":"236","satellite":"N21","instrument":"VIIRS","confidence":"n","version":"2.0NRT","bright_ti5":"287.66","frp":"3.64","daynight":"N","commune":"Lacanau","code_insee":"33214","departement":"Gironde","region":"Nouvelle-Aquitaine"}},{"type":"Feature","geometry":{"type":"Point","coordinates":[-1.00416,44.96573]},"properties":{"latitude":"44.96573","longitude":"-1.00416","bright_ti4":"312.4","scan":"0.43","track":"0.46","acq_date":"2026-07-26","acq_time":"236","satellite":"N21","instrument":"VIIRS","confidence":"n","version":"2.0NRT","bright_ti5":"289.18","frp":"1.96","daynight":"N","commune":"Lacanau","code_insee":"33214","departement":"Gironde","region":"Nouvelle-Aquitaine"}},{"type":"Feature","geometry":{"type":"Point","coordinates":[-1.00932,44.96694]},"properties":{"latitude":"44.96694","longitude":"-1.00932","bright_ti4":"332.2","scan":"0.43","track":"0.46","acq_date":"2026-07-26","acq_time":"236","satellite":"N21","instrument":"VIIRS","confidence":"n","version":"2.0NRT","bright_ti5":"289.14","frp":"6.25","daynight":"N","commune":"Lacanau","code_insee":"33214","departement":"Gironde","region":"Nouvelle-Aquitaine"}},{"type":"Feature","geometry":{"type":"Point","coordinates":[-0.99712,44.96853]},"properties":{"latitude":"44.96853","longitude":"-0.99712","bright_ti4":"309.53","scan":"0.43","track":"0.46","acq_date":"2026-07-26","acq_time":"236","satellite":"N21","instrument":"VIIRS","confidence":"n","version":"2.0NRT","bright_ti5":"288.49","frp":"1.96","daynight":"N","commune":"Lacanau","code_insee":"33214","departement":"Gironde","region":"Nouvelle-Aquitaine"}},{"type":"Feature","geometry":{"type":"Point","coordinates":[-1.0023,44.96974]},"properties":{"latitude":"44.96974","longitude":"-1.0023","bright_ti4":"326.79","scan":"0.43","track":"0.46","acq_date":"2026-07-26","acq_time":"236","satellite":"N21","instrument":"VIIRS","confidence":"n","version":"2.0NRT","bright_ti5":"289.77","frp":"1.96","daynight":"N","commune":"Lacanau","code_insee":"33214","departement":"Gironde","region":"Nouvelle-Aquitaine"}},{"type":"Feature","geometry":{"type":"Point","coordinates":[-0.99006,44.97132]},"properties":{"latitude":"44.97132","longitude":"-0.99006","bright_ti4":"301.26","scan":"0.43","track":"0.46","acq_date":"2026-07-26","acq_time":"236","satellite":"N21","instrument":"VIIRS","confidence":"n","version":"2.0NRT","bright_ti5":"287.52","frp":"1.57","daynight":"N","commune":"Sainte-Hélène","code_insee":"33417","departement":"Gironde","region":"Nouvelle-Aquitaine"}},{"type":"Feature","geometry":{"type":"Point","coordinates":[-0.99525,44.97253]},"properties":{"latitude":"44.97253","longitude":"-0.99525","bright_ti4":"300.61","scan":"0.43","track":"0.46","acq_date":"2026-07-26","acq_time":"236","satellite":"N21","instrument":"VIIRS","confidence":"n","version":"2.0NRT","bright_ti5":"286.61","frp":"0.92","daynight":"N","commune":"Lacanau","code_insee":"33214","departement":"Gironde","region":"Nouvelle-Aquitaine"}},{"type":"Feature","geometry":{"type":"Point","coordinates":[0.15286,46.8094]},"properties":{"latitude":"46.8094","longitude":"0.15286","bright_ti4":"327.35","scan":"0.43","track":"0.46","acq_date":"2026-07-26","acq_time":"236","satellite":"N21","instrument":"VIIRS","confidence":"n","version":"2.0NRT","bright_ti5":"286.83","frp":"4.64","daynight":"N","commune":"Chouppes","code_insee":"86075","departement":"Vienne","region":"Nouvelle-Aquitaine"}},{"type":"Feature","geometry":{"type":"Point","coordinates":[-0.10103,46.97715]},"properties":{"latitude":"46.97715","longitude":"-0.10103","bright_ti4":"306.4","scan":"0.42","track":"0.45","acq_date":"2026-07-26","acq_time":"236","satellite":"N21","instrument":"VIIRS","confidence":"n","version":"2.0NRT","bright_ti5":"286.92","frp":"1.22","daynight":"N","commune":"Saint-Léger-de-Montbrun","code_insee":"79265","departement":"Deux-Sèvres","region":"Nouvelle-Aquitaine"}},{"type":"Feature","geometry":{"type":"Point","coordinates":[1.75667,48.98161]},"properties":{"latitude":"48.98161","longitude":"1.75667","bright_ti4":"305.06","scan":"0.45","track":"0.47","acq_date":"2026-07-26","acq_time":"236","satellite":"N21","instrument":"VIIRS","confidence":"n","version":"2.0NRT","bright_ti5":"287.4","frp":"0.85","daynight":"N","commune":"Limay","code_insee":"78335","departement":"Yvelines","region":"Île-de-France"}},{"type":"Feature","geometry":{"type":"Point","coordinates":[9.08911,42.26501]},"properties":{"latitude":"42.26501","longitude":"9.08911","bright_ti4":"347.22","scan":"0.39","track":"0.36","acq_date":"2026-07-26","acq_time":"1219","satellite":"N21","instrument":"VIIRS","confidence":"n","version":"2.0NRT","bright_ti5":"310.12","frp":"44.03","daynight":"D","commune":"Corte","code_insee":"2B096","departement":"Haute-Corse","region":"Corse"}},{"type":"Feature","geometry":{"type":"Point","coordinates":[9.08816,42.26828]},"properties":{"latitude":"42.26828","longitude":"9.08816","bright_ti4":"334.3","scan":"0.39","track":"0.36","acq_date":"2026-07-26","acq_time":"1219","satellite":"N21","instrument":"VIIRS","confidence":"l","version":"2.0NRT","bright_ti5":"305.72","frp":"5.76","daynight":"D","commune":"Corte","code_insee":"2B096","departement":"Haute-Corse","region":"Corse"}},{"type":"Feature","geometry":{"type":"Point","coordinates":[9.39687,42.61998]},"properties":{"latitude":"42.61998","longitude":"9.39687","bright_ti4":"334.45","scan":"0.39","track":"0.36","acq_date":"2026-07-26","acq_time":"1219","satellite":"N21","instrument":"VIIRS","confidence":"n","version":"2.0NRT","bright_ti5":"300.59","frp":"14.06","daynight":"D","commune":"Olmeta-di-Tuda","code_insee":"2B188","departement":"Haute-Corse","region":"Corse"}},{"type":"Feature","geometry":{"type":"Point","coordinates":[9.40075,42.62394]},"properties":{"latitude":"42.62394","longitude":"9.40075","bright_ti4":"336.94","scan":"0.39","track":"0.36","acq_date":"2026-07-26","acq_time":"1219","satellite":"N21","instrument":"VIIRS","confidence":"n","version":"2.0NRT","bright_ti5":"304.97","frp":"21.77","daynight":"D","commune":"Oletta","code_insee":"2B185","departement":"Haute-Corse","region":"Corse"}},{"type":"Feature","geometry":{"type":"Point","coordinates":[6.0585,43.47298]},"properties":{"latitude":"43.47298","longitude":"6.0585","bright_ti4":"340.73","scan":"0.4","track":"0.37","acq_date":"2026-07-26","acq_time":"1219","satellite":"N21","instrument":"VIIRS","confidence":"n","version":"2.0NRT","bright_ti5":"307.08","frp":"55.18","daynight":"D","commune":"Correns","code_insee":"83045","departement":"Var","region":"Provence-Alpes-Côte d'Azur"}},{"type":"Feature","geometry":{"type":"Point","coordinates":[6.05261,43.47546]},"properties":{"latitude":"43.47546","longitude":"6.05261","bright_ti4":"342.18","scan":"0.4","track":"0.37","acq_date":"2026-07-26","acq_time":"1219","satellite":"N21","instrument":"VIIRS","confidence":"n","version":"2.0NRT","bright_ti5":"304.2","frp":"55.18","daynight":"D","commune":"Correns","code_insee":"83045","departement":"Var","region":"Provence-Alpes-Côte d'Azur"}},{"type":"Feature","geometry":{"type":"Point","coordinates":[6.03039,43.51912]},"properties":{"latitude":"43.51912","longitude":"6.03039","bright_ti4":"341.84","scan":"0.4","track":"0.37","acq_date":"2026-07-26","acq_time":"1219","satellite":"N21","instrument":"VIIRS","confidence":"n","version":"2.0NRT","bright_ti5":"305.62","frp":"40.9","daynight":"D","commune":"Châteauvert","code_insee":"83039","departement":"Var","region":"Provence-Alpes-Côte d'Azur"}},{"type":"Feature","geometry":{"type":"Point","coordinates":[6.02443,43.52158]},"properties":{"latitude":"43.52158","longitude":"6.02443","bright_ti4":"351.42","scan":"0.4","track":"0.37","acq_date":"2026-07-26","acq_time":"1219","satellite":"N21","instrument":"VIIRS","confidence":"n","version":"2.0NRT","bright_ti5":"311.99","frp":"33.17","daynight":"D","commune":"Châteauvert","code_insee":"83039","departement":"Var","region":"Provence-Alpes-Côte d'Azur"}},{"type":"Feature","geometry":{"type":"Point","coordinates":[6.02935,43.52243]},"properties":{"latitude":"43.52243","longitude":"6.02935","bright_ti4":"367","scan":"0.4","track":"0.37","acq_date":"2026-07-26","acq_time":"1219","satellite":"N21","instrument":"VIIRS","confidence":"h","version":"2.0NRT","bright_ti5":"329.23","frp":"109.6","daynight":"D","commune":"Châteauvert","code_insee":"83039","departement":"Var","region":"Provence-Alpes-Côte d'Azur"}},{"type":"Feature","geometry":{"type":"Point","coordinates":[5.99665,43.54466]},"properties":{"latitude":"43.54466","longitude":"5.99665","bright_ti4":"329.91","scan":"0.4","track":"0.37","acq_date":"2026-07-26","acq_time":"1219","satellite":"N21","instrument":"VIIRS","confidence":"n","version":"2.0NRT","bright_ti5":"297.96","frp":"2.82","daynight":"D","commune":"Barjols","code_insee":"83012","departement":"Var","region":"Provence-Alpes-Côte d'Azur"}},{"type":"Feature","geometry":{"type":"Point","coordinates":[-1.1069,44.37672]},"properties":{"latitude":"44.37672","longitude":"-1.1069","bright_ti4":"329.78","scan":"0.46","track":"0.47","acq_date":"2026-07-26","acq_time":"1221","satellite":"N21","instrument":"VIIRS","confidence":"n","version":"2.0NRT","bright_ti5":"299.61","frp":"6.19","daynight":"D","commune":"Parentis-en-Born","code_insee":"40217","departement":"Landes","region":"Nouvelle-Aquitaine"}},{"type":"Feature","geometry":{"type":"Point","coordinates":[-1.10135,44.37802]},"properties":{"latitude":"44.37802","longitude":"-1.10135","bright_ti4":"338.73","scan":"0.46","track":"0.47","acq_date":"2026-07-26","acq_time":"1221","satellite":"N21","instrument":"VIIRS","confidence":"n","version":"2.0NRT","bright_ti5":"302.85","frp":"6.19","daynight":"D","commune":"Parentis-en-Born","code_insee":"40217","departement":"Landes","region":"Nouvelle-Aquitaine"}},{"type":"Feature","geometry":{"type":"Point","coordinates":[-1.10322,44.38217]},"properties":{"latitude":"44.38217","longitude":"-1.10322","bright_ti4":"349.68","scan":"0.46","track":"0.47","acq_date":"2026-07-26","acq_time":"1221","satellite":"N21","instrument":"VIIRS","confidence":"n","version":"2.0NRT","bright_ti5":"305.25","frp":"6.19","daynight":"D","commune":"Parentis-en-Born","code_insee":"40217","departement":"Landes","region":"Nouvelle-Aquitaine"}},{"type":"Feature","geometry":{"type":"Point","coordinates":[-1.11315,44.42386]},"properties":{"latitude":"44.42386","longitude":"-1.11315","bright_ti4":"329.25","scan":"0.46","track":"0.47","acq_date":"2026-07-26","acq_time":"1221","satellite":"N21","instrument":"VIIRS","confidence":"l","version":"2.0NRT","bright_ti5":"303.28","frp":"4.05","daynight":"D","commune":"Biscarrosse","code_insee":"40046","departement":"Landes","region":"Nouvelle-Aquitaine"}},{"type":"Feature","geometry":{"type":"Point","coordinates":[-1.13546,44.43233]},"properties":{"latitude":"44.43233","longitude":"-1.13546","bright_ti4":"329.77","scan":"0.46","track":"0.47","acq_date":"2026-07-26","acq_time":"1221","satellite":"N21","instrument":"VIIRS","confidence":"l","version":"2.0NRT","bright_ti5":"302.57","frp":"4.43","daynight":"D","commune":"Biscarrosse","code_insee":"40046","departement":"Landes","region":"Nouvelle-Aquitaine"}},{"type":"Feature","geometry":{"type":"Point","coordinates":[-0.83742,44.71936]},"properties":{"latitude":"44.71936","longitude":"-0.83742","bright_ti4":"350.56","scan":"0.44","track":"0.46","acq_date":"2026-07-26","acq_time":"1221","satellite":"N21","instrument":"VIIRS","confidence":"n","version":"2.0NRT","bright_ti5":"299.49","frp":"22.59","daynight":"D","commune":"Marcheprime","code_insee":"33555","departement":"Gironde","region":"Nouvelle-Aquitaine"}},{"type":"Feature","geometry":{"type":"Point","coordinates":[-0.83209,44.72061]},"properties":{"latitude":"44.72061","longitude":"-0.83209","bright_ti4":"352.31","scan":"0.44","track":"0.46","acq_date":"2026-07-26","acq_time":"1221","satellite":"N21","instrument":"VIIRS","confidence":"n","version":"2.0NRT","bright_ti5":"308.55","frp":"32.74","daynight":"D","commune":"Marcheprime","code_insee":"33555","departement":"Gironde","region":"Nouvelle-Aquitaine"}},{"type":"Feature","geometry":{"type":"Point","coordinates":[-0.82677,44.72186]},"properties":{"latitude":"44.72186","longitude":"-0.82677","bright_ti4":"367","scan":"0.44","track":"0.46","acq_date":"2026-07-26","acq_time":"1221","satellite":"N21","instrument":"VIIRS","confidence":"h","version":"2.0NRT","bright_ti5":"301.69","frp":"32.74","daynight":"D","commune":"Marcheprime","code_insee":"33555","departement":"Gironde","region":"Nouvelle-Aquitaine"}},{"type":"Feature","geometry":{"type":"Point","coordinates":[-0.86239,44.7225]},"properties":{"latitude":"44.7225","longitude":"-0.86239","bright_ti4":"332.89","scan":"0.44","track":"0.46","acq_date":"2026-07-26","acq_time":"1221","satellite":"N21","instrument":"VIIRS","confidence":"n","version":"2.0NRT","bright_ti5":"295.4","frp":"20.95","daynight":"D","commune":"Audenge","code_insee":"33019","departement":"Gironde","region":"Nouvelle-Aquitaine"}},{"type":"Feature","geometry":{"type":"Point","coordinates":[-0.83924,44.72343]},"properties":{"latitude":"44.72343","longitude":"-0.83924","bright_ti4":"355.29","scan":"0.44","track":"0.46","acq_date":"2026-07-26","acq_time":"1221","satellite":"N21","instrument":"VIIRS","confidence":"n","version":"2.0NRT","bright_ti5":"317.52","frp":"22.43","daynight":"D","commune":"Marcheprime","code_insee":"33555","departement":"Gironde","region":"Nouvelle-Aquitaine"}},{"type":"Feature","geometry":{"type":"Point","coordinates":[-0.85706,44.72375]},"properties":{"latitude":"44.72375","longitude":"-0.85706","bright_ti4":"367","scan":"0.44","track":"0.46","acq_date":"2026-07-26","acq_time":"1221","satellite":"N21","instrument":"VIIRS","confidence":"h","version":"2.0NRT","bright_ti5":"332.62","frp":"155.34","daynight":"D","commune":"Audenge","code_insee":"33019","departement":"Gironde","region":"Nouvelle-Aquitaine"}},{"type":"Feature","geometry":{"type":"Point","coordinates":[-0.83392,44.72468]},"properties":{"latitude":"44.72468","longitude":"-0.83392","bright_ti4":"353.22","scan":"0.44","track":"0.46","acq_date":"2026-07-26","acq_time":"1221","satellite":"N21","instrument":"VIIRS","confidence":"n","version":"2.0NRT","bright_ti5":"309.87","frp":"13.29","daynight":"D","commune":"Marcheprime","code_insee":"33555","departement":"Gironde","region":"Nouvelle-Aquitaine"}},{"type":"Feature","geometry":{"type":"Point","coordinates":[-0.85173,44.725]},"properties":{"latitude":"44.725","longitude":"-0.85173","bright_ti4":"367","scan":"0.44","track":"0.46","acq_date":"2026-07-26","acq_time":"1221","satellite":"N21","instrument":"VIIRS","confidence":"h","version":"2.0NRT","bright_ti5":"341.09","frp":"155.34","daynight":"D","commune":"Audenge","code_insee":"33019","departement":"Gironde","region":"Nouvelle-Aquitaine"}},{"type":"Feature","geometry":{"type":"Point","coordinates":[-0.84641,44.72625]},"properties":{"latitude":"44.72625","longitude":"-0.84641","bright_ti4":"343.13","scan":"0.44","track":"0.46","acq_date":"2026-07-26","acq_time":"1221","satellite":"N21","instrument":"VIIRS","confidence":"n","version":"2.0NRT","bright_ti5":"299.94","frp":"22.43","daynight":"D","commune":"Audenge","code_insee":"33019","departement":"Gironde","region":"Nouvelle-Aquitaine"}},{"type":"Feature","geometry":{"type":"Point","coordinates":[-0.86422,44.72658]},"properties":{"latitude":"44.72658","longitude":"-0.86422","bright_ti4":"335.51","scan":"0.44","track":"0.46","acq_date":"2026-07-26","acq_time":"1221","satellite":"N21","instrument":"VIIRS","confidence":"n","version":"2.0NRT","bright_ti5":"299.14","frp":"9.31","daynight":"D","commune":"Audenge","code_insee":"33019","departement":"Gironde","region":"Nouvelle-Aquitaine"}},{"type":"Feature","geometry":{"type":"Point","coordinates":[-0.84107,44.7275]},"properties":{"latitude":"44.7275","longitude":"-0.84107","bright_ti4":"367","scan":"0.44","track":"0.46","acq_date":"2026-07-26","acq_time":"1221","satellite":"N21","instrument":"VIIRS","confidence":"h","version":"2.0NRT","bright_ti5":"313.37","frp":"22.43","daynight":"D","commune":"Marcheprime","code_insee":"33555","departement":"Gironde","region":"Nouvelle-Aquitaine"}},{"type":"Feature","geometry":{"type":"Point","coordinates":[-0.85889,44.72783]},"properties":{"latitude":"44.72783","longitude":"-0.85889","bright_ti4":"367","scan":"0.44","track":"0.46","acq_date":"2026-07-26","acq_time":"1221","satellite":"N21","instrument":"VIIRS","confidence":"h","version":"2.0NRT","bright_ti5":"318.86","frp":"20.18","daynight":"D","commune":"Audenge","code_insee":"33019","departement":"Gironde","region":"Nouvelle-Aquitaine"}},{"type":"Feature","geometry":{"type":"Point","coordinates":[-0.83575,44.72874]},"properties":{"latitude":"44.72874","longitude":"-0.83575","bright_ti4":"335.42","scan":"0.44","track":"0.46","acq_date":"2026-07-26","acq_time":"1221","satellite":"N21","instrument":"VIIRS","confidence":"n","version":"2.0NRT","bright_ti5":"301.76","frp":"13.29","daynight":"D","commune":"Marcheprime","code_insee":"33555","departement":"Gironde","region":"Nouvelle-Aquitaine"}},{"type":"Feature","geometry":{"type":"Point","coordinates":[-0.85356,44.72907]},"properties":{"latitude":"44.72907","longitude":"-0.85356","bright_ti4":"334.77","scan":"0.44","track":"0.46","acq_date":"2026-07-26","acq_time":"1221","satellite":"N21","instrument":"VIIRS","confidence":"n","version":"2.0NRT","bright_ti5":"298.97","frp":"20.18","daynight":"D","commune":"Audenge","code_insee":"33019","departement":"Gironde","region":"Nouvelle-Aquitaine"}},{"type":"Feature","geometry":{"type":"Point","coordinates":[-0.87141,44.7294]},"properties":{"latitude":"44.7294","longitude":"-0.87141","bright_ti4":"338.04","scan":"0.44","track":"0.46","acq_date":"2026-07-26","acq_time":"1221","satellite":"N21","instrument":"VIIRS","confidence":"n","version":"2.0NRT","bright_ti5":"299.33","frp":"9.31","daynight":"D","commune":"Audenge","code_insee":"33019","departement":"Gironde","region":"Nouvelle-Aquitaine"}},{"type":"Feature","geometry":{"type":"Point","coordinates":[-0.81267,44.72966]},"properties":{"latitude":"44.72966","longitude":"-0.81267","bright_ti4":"335.83","scan":"0.44","track":"0.46","acq_date":"2026-07-26","acq_time":"1221","satellite":"N21","instrument":"VIIRS","confidence":"n","version":"2.0NRT","bright_ti5":"288.1","frp":"65.66","daynight":"D","commune":"Cestas","code_insee":"33122","departement":"Gironde","region":"Nouvelle-Aquitaine"}},{"type":"Feature","geometry":{"type":"Point","coordinates":[-0.86606,44.73064]},"properties":{"latitude":"44.73064","longitude":"-0.86606","bright_ti4":"339.94","scan":"0.44","track":"0.46","acq_date":"2026-07-26","acq_time":"1221","satellite":"N21","instrument":"VIIRS","confidence":"n","version":"2.0NRT","bright_ti5":"302.24","frp":"9.31","daynight":"D","commune":"Audenge","code_insee":"33019","departement":"Gironde","region":"Nouvelle-Aquitaine"}},{"type":"Feature","geometry":{"type":"Point","coordinates":[-0.88397,44.73096]},"properties":{"latitude":"44.73096","longitude":"-0.88397","bright_ti4":"367","scan":"0.44","track":"0.46","acq_date":"2026-07-26","acq_time":"1221","satellite":"N21","instrument":"VIIRS","confidence":"h","version":"2.0NRT","bright_ti5":"300.76","frp":"13.22","daynight":"D","commune":"Audenge","code_insee":"33019","departement":"Gironde","region":"Nouvelle-Aquitaine"}},{"type":"Feature","geometry":{"type":"Point","coordinates":[-0.84292,44.73156]},"properties":{"latitude":"44.73156","longitude":"-0.84292","bright_ti4":"330.67","scan":"0.44","track":"0.46","acq_date":"2026-07-26","acq_time":"1221","satellite":"N21","instrument":"VIIRS","confidence":"n","version":"2.0NRT","bright_ti5":"300.2","frp":"7.53","daynight":"D","commune":"Audenge","code_insee":"33019","departement":"Gironde","region":"Nouvelle-Aquitaine"}},{"type":"Feature","geometry":{"type":"Point","coordinates":[-0.87861,44.73221]},"properties":{"latitude":"44.73221","longitude":"-0.87861","bright_ti4":"367","scan":"0.44","track":"0.46","acq_date":"2026-07-26","acq_time":"1221","satellite":"N21","instrument":"VIIRS","confidence":"h","version":"2.0NRT","bright_ti5":"303.05","frp":"13.22","daynight":"D","commune":"Audenge","code_insee":"33019","departement":"Gironde","region":"Nouvelle-Aquitaine"}},{"type":"Feature","geometry":{"type":"Point","coordinates":[-0.81981,44.73247]},"properties":{"latitude":"44.73247","longitude":"-0.81981","bright_ti4":"335.99","scan":"0.44","track":"0.46","acq_date":"2026-07-26","acq_time":"1221","satellite":"N21","instrument":"VIIRS","confidence":"n","version":"2.0NRT","bright_ti5":"295.1","frp":"13.34","daynight":"D","commune":"Cestas","code_insee":"33122","departement":"Gironde","region":"Nouvelle-Aquitaine"}},{"type":"Feature","geometry":{"type":"Point","coordinates":[-0.83759,44.73281]},"properties":{"latitude":"44.73281","longitude":"-0.83759","bright_ti4":"330.9","scan":"0.44","track":"0.46","acq_date":"2026-07-26","acq_time":"1221","satellite":"N21","instrument":"VIIRS","confidence":"n","version":"2.0NRT","bright_ti5":"302.7","frp":"10.92","daynight":"D","commune":"Marcheprime","code_insee":"33555","departement":"Gironde","region":"Nouvelle-Aquitaine"}},{"type":"Feature","geometry":{"type":"Point","coordinates":[-0.87325,44.73347]},"properties":{"latitude":"44.73347","longitude":"-0.87325","bright_ti4":"338.62","scan":"0.44","track":"0.46","acq_date":"2026-07-26","acq_time":"1221","satellite":"N21","instrument":"VIIRS","confidence":"n","version":"2.0NRT","bright_ti5":"298.4","frp":"9.76","daynight":"D","commune":"Audenge","code_insee":"33019","departement":"Gironde","region":"Nouvelle-Aquitaine"}},{"type":"Feature","geometry":{"type":"Point","coordinates":[-0.81452,44.73371]},"properties":{"latitude":"44.73371","longitude":"-0.81452","bright_ti4":"353.47","scan":"0.44","track":"0.46","acq_date":"2026-07-26","acq_time":"1221","satellite":"N21","instrument":"VIIRS","confidence":"n","version":"2.0NRT","bright_ti5":"300.15","frp":"65.66","daynight":"D","commune":"Cestas","code_insee":"33122","departement":"Gironde","region":"Nouvelle-Aquitaine"}},{"type":"Feature","geometry":{"type":"Point","coordinates":[-0.89116,44.73379]},"properties":{"latitude":"44.73379","longitude":"-0.89116","bright_ti4":"350.34","scan":"0.44","track":"0.46","acq_date":"2026-07-26","acq_time":"1221","satellite":"N21","instrument":"VIIRS","confidence":"n","version":"2.0NRT","bright_ti5":"306.29","frp":"32.1","daynight":"D","commune":"Audenge","code_insee":"33019","departement":"Gironde","region":"Nouvelle-Aquitaine"}},{"type":"Feature","geometry":{"type":"Point","coordinates":[-0.8858,44.73503]},"properties":{"latitude":"44.73503","longitude":"-0.8858","bright_ti4":"344.71","scan":"0.44","track":"0.46","acq_date":"2026-07-26","acq_time":"1221","satellite":"N21","instrument":"VIIRS","confidence":"n","version":"2.0NRT","bright_ti5":"302.03","frp":"13.22","daynight":"D","commune":"Audenge","code_insee":"33019","departement":"Gironde","region":"Nouvelle-Aquitaine"}},{"type":"Feature","geometry":{"type":"Point","coordinates":[-0.80392,44.73619]},"properties":{"latitude":"44.73619","longitude":"-0.80392","bright_ti4":"354.35","scan":"0.44","track":"0.46","acq_date":"2026-07-26","acq_time":"1221","satellite":"N21","instrument":"VIIRS","confidence":"n","version":"2.0NRT","bright_ti5":"303.35","frp":"106.87","daynight":"D","commune":"Cestas","code_insee":"33122","departement":"Gironde","region":"Nouvelle-Aquitaine"}},{"type":"Feature","geometry":{"type":"Point","coordinates":[-0.88045,44.73628]},"properties":{"latitude":"44.73628","longitude":"-0.88045","bright_ti4":"344.85","scan":"0.44","track":"0.46","acq_date":"2026-07-26","acq_time":"1221","satellite":"N21","instrument":"VIIRS","confidence":"n","version":"2.0NRT","bright_ti5":"301.27","frp":"13.22","daynight":"D","commune":"Audenge","code_insee":"33019","departement":"Gironde","region":"Nouvelle-Aquitaine"}},{"type":"Feature","geometry":{"type":"Point","coordinates":[-0.82167,44.73653]},"properties":{"latitude":"44.73653","longitude":"-0.82167","bright_ti4":"349.06","scan":"0.44","track":"0.46","acq_date":"2026-07-26","acq_time":"1221","satellite":"N21","instrument":"VIIRS","confidence":"n","version":"2.0NRT","bright_ti5":"303.46","frp":"13.89","daynight":"D","commune":"Cestas","code_insee":"33122","departement":"Gironde","region":"Nouvelle-Aquitaine"}},{"type":"Feature","geometry":{"type":"Point","coordinates":[-0.89835,44.73661]},"properties":{"latitude":"44.73661","longitude":"-0.89835","bright_ti4":"331.87","scan":"0.44","track":"0.46","acq_date":"2026-07-26","acq_time":"1221","satellite":"N21","instrument":"VIIRS","confidence":"n","version":"2.0NRT","bright_ti5":"298","frp":"6","daynight":"D","commune":"Audenge","code_insee":"33019","departement":"Gironde","region":"Nouvelle-Aquitaine"}},{"type":"Feature","geometry":{"type":"Point","coordinates":[-0.81636,44.73777]},"properties":{"latitude":"44.73777","longitude":"-0.81636","bright_ti4":"347.82","scan":"0.44","track":"0.46","acq_date":"2026-07-26","acq_time":"1221","satellite":"N21","instrument":"VIIRS","confidence":"n","version":"2.0NRT","bright_ti5":"309.9","frp":"92.56","daynight":"D","commune":"Cestas","code_insee":"33122","departement":"Gironde","region":"Nouvelle-Aquitaine"}},{"type":"Feature","geometry":{"type":"Point","coordinates":[-0.89299,44.73786]},"properties":{"latitude":"44.73786","longitude":"-0.89299","bright_ti4":"332.86","scan":"0.44","track":"0.46","acq_date":"2026-07-26","acq_time":"1221","satellite":"N21","instrument":"VIIRS","confidence":"n","version":"2.0NRT","bright_ti5":"300.93","frp":"6","daynight":"D","commune":"Audenge","code_insee":"33019","departement":"Gironde","region":"Nouvelle-Aquitaine"}},{"type":"Feature","geometry":{"type":"Point","coordinates":[-0.81106,44.73901]},"properties":{"latitude":"44.73901","longitude":"-0.81106","bright_ti4":"367","scan":"0.44","track":"0.46","acq_date":"2026-07-26","acq_time":"1221","satellite":"N21","instrument":"VIIRS","confidence":"l","version":"2.0NRT","bright_ti5":"335.67","frp":"92.56","daynight":"D","commune":"Cestas","code_insee":"33122","departement":"Gironde","region":"Nouvelle-Aquitaine"}},{"type":"Feature","geometry":{"type":"Point","coordinates":[-0.80046,44.74148]},"properties":{"latitude":"44.74148","longitude":"-0.80046","bright_ti4":"350.12","scan":"0.44","track":"0.46","acq_date":"2026-07-26","acq_time":"1221","satellite":"N21","instrument":"VIIRS","confidence":"n","version":"2.0NRT","bright_ti5":"291.04","frp":"125.22","daynight":"D","commune":"Cestas","code_insee":"33122","departement":"Gironde","region":"Nouvelle-Aquitaine"}},{"type":"Feature","geometry":{"type":"Point","coordinates":[-0.81819,44.74183]},"properties":{"latitude":"44.74183","longitude":"-0.81819","bright_ti4":"348.27","scan":"0.44","track":"0.46","acq_date":"2026-07-26","acq_time":"1221","satellite":"N21","instrument":"VIIRS","confidence":"n","version":"2.0NRT","bright_ti5":"299.67","frp":"92.56","daynight":"D","commune":"Saint-Jean-d'Illac","code_insee":"33422","departement":"Gironde","region":"Nouvelle-Aquitaine"}},{"type":"Feature","geometry":{"type":"Point","coordinates":[-0.81289,44.74307]},"properties":{"latitude":"44.74307","longitude":"-0.81289","bright_ti4":"367","scan":"0.44","track":"0.46","acq_date":"2026-07-26","acq_time":"1221","satellite":"N21","instrument":"VIIRS","confidence":"h","version":"2.0NRT","bright_ti5":"297.59","frp":"92.56","daynight":"D","commune":"Saint-Jean-d'Illac","code_insee":"33422","departement":"Gironde","region":"Nouvelle-Aquitaine"}},{"type":"Feature","geometry":{"type":"Point","coordinates":[-0.80758,44.7443]},"properties":{"latitude":"44.7443","longitude":"-0.80758","bright_ti4":"334.3","scan":"0.44","track":"0.46","acq_date":"2026-07-26","acq_time":"1221","satellite":"N21","instrument":"VIIRS","confidence":"n","version":"2.0NRT","bright_ti5":"289.05","frp":"125.22","daynight":"D","commune":"Saint-Jean-d'Illac","code_insee":"33422","departement":"Gironde","region":"Nouvelle-Aquitaine"}},{"type":"Feature","geometry":{"type":"Point","coordinates":[-0.82002,44.7459]},"properties":{"latitude":"44.7459","longitude":"-0.82002","bright_ti4":"332.62","scan":"0.44","track":"0.46","acq_date":"2026-07-26","acq_time":"1221","satellite":"N21","instrument":"VIIRS","confidence":"n","version":"2.0NRT","bright_ti5":"287.93","frp":"8.12","daynight":"D","commune":"Saint-Jean-d'Illac","code_insee":"33422","departement":"Gironde","region":"Nouvelle-Aquitaine"}},{"type":"Feature","geometry":{"type":"Point","coordinates":[-0.93262,44.74665]},"properties":{"latitude":"44.74665","longitude":"-0.93262","bright_ti4":"339.08","scan":"0.44","track":"0.46","acq_date":"2026-07-26","acq_time":"1221","satellite":"N21","instrument":"VIIRS","confidence":"n","version":"2.0NRT","bright_ti5":"293.04","frp":"8.6","daynight":"D","commune":"Audenge","code_insee":"33019","departement":"Gironde","region":"Nouvelle-Aquitaine"}},{"type":"Feature","geometry":{"type":"Point","coordinates":[-0.85029,44.74782]},"properties":{"latitude":"44.74782","longitude":"-0.85029","bright_ti4":"347.11","scan":"0.44","track":"0.46","acq_date":"2026-07-26","acq_time":"1221","satellite":"N21","instrument":"VIIRS","confidence":"n","version":"2.0NRT","bright_ti5":"294.83","frp":"10.47","daynight":"D","commune":"Saint-Jean-d'Illac","code_insee":"33422","departement":"Gironde","region":"Nouvelle-Aquitaine"}},{"type":"Feature","geometry":{"type":"Point","coordinates":[-1.04109,44.74855]},"properties":{"latitude":"44.74855","longitude":"-1.04109","bright_ti4":"346.56","scan":"0.45","track":"0.47","acq_date":"2026-07-26","acq_time":"1221","satellite":"N21","instrument":"VIIRS","confidence":"n","version":"2.0NRT","bright_ti5":"301.48","frp":"12.37","daynight":"D","commune":"Lanton","code_insee":"33229","departement":"Gironde","region":"Nouvelle-Aquitaine"}},{"type":"Feature","geometry":{"type":"Point","coordinates":[-0.93984,44.74949]},"properties":{"latitude":"44.74949","longitude":"-0.93984","bright_ti4":"337.82","scan":"0.45","track":"0.47","acq_date":"2026-07-26","acq_time":"1221","satellite":"N21","instrument":"VIIRS","confidence":"n","version":"2.0NRT","bright_ti5":"293.83","frp":"8.6","daynight":"D","commune":"Lanton","code_insee":"33229","departement":"Gironde","region":"Nouvelle-Aquitaine"}},{"type":"Feature","geometry":{"type":"Point","coordinates":[-0.93446,44.75074]},"properties":{"latitude":"44.75074","longitude":"-0.93446","bright_ti4":"343.17","scan":"0.44","track":"0.46","acq_date":"2026-07-26","acq_time":"1221","satellite":"N21","instrument":"VIIRS","confidence":"n","version":"2.0NRT","bright_ti5":"297.16","frp":"8.6","daynight":"D","commune":"Lanton","code_insee":"33229","departement":"Gironde","region":"Nouvelle-Aquitaine"}},{"type":"Feature","geometry":{"type":"Point","coordinates":[-1.04295,44.75265]},"properties":{"latitude":"44.75265","longitude":"-1.04295","bright_ti4":"348.78","scan":"0.45","track":"0.47","acq_date":"2026-07-26","acq_time":"1221","satellite":"N21","instrument":"VIIRS","confidence":"n","version":"2.0NRT","bright_ti5":"300.41","frp":"12.37","daynight":"D","commune":"Lanton","code_insee":"33229","departement":"Gironde","region":"Nouvelle-Aquitaine"}},{"type":"Feature","geometry":{"type":"Point","coordinates":[-1.03989,44.75265]},"properties":{"latitude":"44.75265","longitude":"-1.03989","bright_ti4":"341.27","scan":"0.45","track":"0.47","acq_date":"2026-07-26","acq_time":"1221","satellite":"N21","instrument":"VIIRS","confidence":"n","version":"2.0NRT","bright_ti5":"299.81","frp":"130.11","daynight":"D","commune":"Lanton","code_insee":"33229","departement":"Gironde","region":"Nouvelle-Aquitaine"}},{"type":"Feature","geometry":{"type":"Point","coordinates":[-1.03749,44.75392]},"properties":{"latitude":"44.75392","longitude":"-1.03749","bright_ti4":"351.09","scan":"0.45","track":"0.47","acq_date":"2026-07-26","acq_time":"1221","satellite":"N21","instrument":"VIIRS","confidence":"n","version":"2.0NRT","bright_ti5":"301.52","frp":"13.43","daynight":"D","commune":"Lanton","code_insee":"33229","departement":"Gironde","region":"Nouvelle-Aquitaine"}},{"type":"Feature","geometry":{"type":"Point","coordinates":[-1.03448,44.75394]},"properties":{"latitude":"44.75394","longitude":"-1.03448","bright_ti4":"349.64","scan":"0.45","track":"0.47","acq_date":"2026-07-26","acq_time":"1221","satellite":"N21","instrument":"VIIRS","confidence":"n","version":"2.0NRT","bright_ti5":"300.64","frp":"95.04","daynight":"D","commune":"Lanton","code_insee":"33229","departement":"Gironde","region":"Nouvelle-Aquitaine"}},{"type":"Feature","geometry":{"type":"Point","coordinates":[-1.05263,44.75416]},"properties":{"latitude":"44.75416","longitude":"-1.05263","bright_ti4":"344.66","scan":"0.45","track":"0.47","acq_date":"2026-07-26","acq_time":"1221","satellite":"N21","instrument":"VIIRS","confidence":"n","version":"2.0NRT","bright_ti5":"293.66","frp":"10.03","daynight":"D","commune":"Lanton","code_insee":"33229","departement":"Gironde","region":"Nouvelle-Aquitaine"}},{"type":"Feature","geometry":{"type":"Point","coordinates":[-1.05572,44.75422]},"properties":{"latitude":"44.75422","longitude":"-1.05572","bright_ti4":"331.51","scan":"0.45","track":"0.47","acq_date":"2026-07-26","acq_time":"1221","satellite":"N21","instrument":"VIIRS","confidence":"n","version":"2.0NRT","bright_ti5":"292.4","frp":"4.06","daynight":"D","commune":"Andernos-les-Bains","code_insee":"33005","departement":"Gironde","region":"Nouvelle-Aquitaine"}},{"type":"Feature","geometry":{"type":"Point","coordinates":[-0.99585,44.75454]},"properties":{"latitude":"44.75454","longitude":"-0.99585","bright_ti4":"343.79","scan":"0.45","track":"0.47","acq_date":"2026-07-26","acq_time":"1221","satellite":"N21","instrument":"VIIRS","confidence":"n","version":"2.0NRT","bright_ti5":"286.95","frp":"9.94","daynight":"D","commune":"Lanton","code_insee":"33229","departement":"Gironde","region":"Nouvelle-Aquitaine"}},{"type":"Feature","geometry":{"type":"Point","coordinates":[-1.03207,44.75517]},"properties":{"latitude":"44.75517","longitude":"-1.03207","bright_ti4":"350.84","scan":"0.45","track":"0.47","acq_date":"2026-07-26","acq_time":"1221","satellite":"N21","instrument":"VIIRS","confidence":"n","version":"2.0NRT","bright_ti5":"299.24","frp":"13.43","daynight":"D","commune":"Lanton","code_insee":"33229","departement":"Gironde","region":"Nouvelle-Aquitaine"}},{"type":"Feature","geometry":{"type":"Point","coordinates":[-1.05027,44.75549]},"properties":{"latitude":"44.75549","longitude":"-1.05027","bright_ti4":"339.46","scan":"0.45","track":"0.47","acq_date":"2026-07-26","acq_time":"1221","satellite":"N21","instrument":"VIIRS","confidence":"n","version":"2.0NRT","bright_ti5":"298.61","frp":"61.63","daynight":"D","commune":"Lanton","code_insee":"33229","departement":"Gironde","region":"Nouvelle-Aquitaine"}},{"type":"Feature","geometry":{"type":"Point","coordinates":[-1.04482,44.75675]},"properties":{"latitude":"44.75675","longitude":"-1.04482","bright_ti4":"367","scan":"0.45","track":"0.47","acq_date":"2026-07-26","acq_time":"1221","satellite":"N21","instrument":"VIIRS","confidence":"h","version":"2.0NRT","bright_ti5":"335.66","frp":"61.63","daynight":"D","commune":"Lanton","code_insee":"33229","departement":"Gironde","region":"Nouvelle-Aquitaine"}},{"type":"Feature","geometry":{"type":"Point","coordinates":[-1.04176,44.75675]},"properties":{"latitude":"44.75675","longitude":"-1.04176","bright_ti4":"367","scan":"0.45","track":"0.47","acq_date":"2026-07-26","acq_time":"1221","satellite":"N21","instrument":"VIIRS","confidence":"h","version":"2.0NRT","bright_ti5":"329.76","frp":"130.11","daynight":"D","commune":"Lanton","code_insee":"33229","departement":"Gironde","region":"Nouvelle-Aquitaine"}},{"type":"Feature","geometry":{"type":"Point","coordinates":[-1.06305,44.75705]},"properties":{"latitude":"44.75705","longitude":"-1.06305","bright_ti4":"330.61","scan":"0.45","track":"0.47","acq_date":"2026-07-26","acq_time":"1221","satellite":"N21","instrument":"VIIRS","confidence":"n","version":"2.0NRT","bright_ti5":"290.17","frp":"4.06","daynight":"D","commune":"Andernos-les-Bains","code_insee":"33005","departement":"Gironde","region":"Nouvelle-Aquitaine"}},{"type":"Feature","geometry":{"type":"Point","coordinates":[-1.03937,44.75801]},"properties":{"latitude":"44.75801","longitude":"-1.03937","bright_ti4":"367","scan":"0.45","track":"0.47","acq_date":"2026-07-26","acq_time":"1221","satellite":"N21","instrument":"VIIRS","confidence":"l","version":"2.0NRT","bright_ti5":"328.17","frp":"73.6","daynight":"D","commune":"Lanton","code_insee":"33229","departement":"Gironde","region":"Nouvelle-Aquitaine"}},{"type":"Feature","geometry":{"type":"Point","coordinates":[-0.99771,44.75863]},"properties":{"latitude":"44.75863","longitude":"-0.99771","bright_ti4":"354.69","scan":"0.45","track":"0.47","acq_date":"2026-07-26","acq_time":"1221","satellite":"N21","instrument":"VIIRS","confidence":"n","version":"2.0NRT","bright_ti5":"288.5","frp":"18.37","daynight":"D","commune":"Lanton","code_insee":"33229","departement":"Gironde","region":"Nouvelle-Aquitaine"}},{"type":"Feature","geometry":{"type":"Point","coordinates":[-1.03393,44.75927]},"properties":{"latitude":"44.75927","longitude":"-1.03393","bright_ti4":"345.47","scan":"0.45","track":"0.47","acq_date":"2026-07-26","acq_time":"1221","satellite":"N21","instrument":"VIIRS","confidence":"n","version":"2.0NRT","bright_ti5":"302.93","frp":"73.6","daynight":"D","commune":"Lanton","code_insee":"33229","departement":"Gironde","region":"Nouvelle-Aquitaine"}},{"type":"Feature","geometry":{"type":"Point","coordinates":[-1.04907,44.75955]},"properties":{"latitude":"44.75955","longitude":"-1.04907","bright_ti4":"351.84","scan":"0.45","track":"0.47","acq_date":"2026-07-26","acq_time":"1221","satellite":"N21","instrument":"VIIRS","confidence":"n","version":"2.0NRT","bright_ti5":"304.41","frp":"47.65","daynight":"D","commune":"Lanton","code_insee":"33229","departement":"Gironde","region":"Nouvelle-Aquitaine"}},{"type":"Feature","geometry":{"type":"Point","coordinates":[-1.05215,44.75958]},"properties":{"latitude":"44.75958","longitude":"-1.05215","bright_ti4":"331.57","scan":"0.45","track":"0.47","acq_date":"2026-07-26","acq_time":"1221","satellite":"N21","instrument":"VIIRS","confidence":"n","version":"2.0NRT","bright_ti5":"299.39","frp":"61.63","daynight":"D","commune":"Lanton","code_insee":"33229","departement":"Gironde","region":"Nouvelle-Aquitaine"}},{"type":"Feature","geometry":{"type":"Point","coordinates":[-0.99229,44.75988]},"properties":{"latitude":"44.75988","longitude":"-0.99229","bright_ti4":"367","scan":"0.45","track":"0.47","acq_date":"2026-07-26","acq_time":"1221","satellite":"N21","instrument":"VIIRS","confidence":"l","version":"2.0NRT","bright_ti5":"330.14","frp":"261.54","daynight":"D","commune":"Lanton","code_insee":"33229","departement":"Gironde","region":"Nouvelle-Aquitaine"}},{"type":"Feature","geometry":{"type":"Point","coordinates":[-0.87361,44.76038]},"properties":{"latitude":"44.76038","longitude":"-0.87361","bright_ti4":"335.33","scan":"0.44","track":"0.46","acq_date":"2026-07-26","acq_time":"1221","satellite":"N21","instrument":"VIIRS","confidence":"n","version":"2.0NRT","bright_ti5":"290.56","frp":"9.26","daynight":"D","commune":"Saint-Jean-d'Illac","code_insee":"33422","departement":"Gironde","region":"Nouvelle-Aquitaine"}},{"type":"Feature","geometry":{"type":"Point","coordinates":[-0.95075,44.76048]},"properties":{"latitude":"44.76048","longitude":"-0.95075","bright_ti4":"345.97","scan":"0.45","track":"0.47","acq_date":"2026-07-26","acq_time":"1221","satellite":"N21","instrument":"VIIRS","confidence":"n","version":"2.0NRT","bright_ti5":"301.49","frp":"14.53","daynight":"D","commune":"Lanton","code_insee":"33229","departement":"Gironde","region":"Nouvelle-Aquitaine"}},{"type":"Feature","geometry":{"type":"Point","coordinates":[-1.04363,44.76084]},"properties":{"latitude":"44.76084","longitude":"-1.04363","bright_ti4":"350.27","scan":"0.45","track":"0.47","acq_date":"2026-07-26","acq_time":"1221","satellite":"N21","instrument":"VIIRS","confidence":"n","version":"2.0NRT","bright_ti5":"318.35","frp":"47.65","daynight":"D","commune":"Lanton","code_insee":"33229","departement":"Gironde","region":"Nouvelle-Aquitaine"}},{"type":"Feature","geometry":{"type":"Point","coordinates":[-1.0467,44.76085]},"properties":{"latitude":"44.76085","longitude":"-1.0467","bright_ti4":"367","scan":"0.45","track":"0.47","acq_date":"2026-07-26","acq_time":"1221","satellite":"N21","instrument":"VIIRS","confidence":"h","version":"2.0NRT","bright_ti5":"304.05","frp":"61.63","daynight":"D","commune":"Lanton","code_insee":"33229","departement":"Gironde","region":"Nouvelle-Aquitaine"}},{"type":"Feature","geometry":{"type":"Point","coordinates":[-1.00499,44.76146]},"properties":{"latitude":"44.76146","longitude":"-1.00499","bright_ti4":"337.5","scan":"0.45","track":"0.47","acq_date":"2026-07-26","acq_time":"1221","satellite":"N21","instrument":"VIIRS","confidence":"n","version":"2.0NRT","bright_ti5":"286.86","frp":"18.37","daynight":"D","commune":"Lanton","code_insee":"33229","departement":"Gironde","region":"Nouvelle-Aquitaine"}},{"type":"Feature","geometry":{"type":"Point","coordinates":[-0.8683,44.76161]},"properties":{"latitude":"44.76161","longitude":"-0.8683","bright_ti4":"333.64","scan":"0.44","track":"0.46","acq_date":"2026-07-26","acq_time":"1221","satellite":"N21","instrument":"VIIRS","confidence":"n","version":"2.0NRT","bright_ti5":"289.55","frp":"9.26","daynight":"D","commune":"Saint-Jean-d'Illac","code_insee":"33422","departement":"Gironde","region":"Nouvelle-Aquitaine"}},{"type":"Feature","geometry":{"type":"Point","coordinates":[-1.04124,44.7621]},"properties":{"latitude":"44.7621","longitude":"-1.04124","bright_ti4":"354.01","scan":"0.45","track":"0.47","acq_date":"2026-07-26","acq_time":"1221","satellite":"N21","instrument":"VIIRS","confidence":"n","version":"2.0NRT","bright_ti5":"316.63","frp":"73.6","daynight":"D","commune":"Lanton","code_insee":"33229","departement":"Gironde","region":"Nouvelle-Aquitaine"}},{"type":"Feature","geometry":{"type":"Point","coordinates":[-1.0382,44.76214]},"properties":{"latitude":"44.76214","longitude":"-1.0382","bright_ti4":"342.32","scan":"0.45","track":"0.47","acq_date":"2026-07-26","acq_time":"1221","satellite":"N21","instrument":"VIIRS","confidence":"n","version":"2.0NRT","bright_ti5":"303.32","frp":"17.36","daynight":"D","commune":"Lanton","code_insee":"33229","departement":"Gironde","region":"Nouvelle-Aquitaine"}},{"type":"Feature","geometry":{"type":"Point","coordinates":[-0.98146,44.76239]},"properties":{"latitude":"44.76239","longitude":"-0.98146","bright_ti4":"367","scan":"0.45","track":"0.47","acq_date":"2026-07-26","acq_time":"1221","satellite":"N21","instrument":"VIIRS","confidence":"h","version":"2.0NRT","bright_ti5":"293.97","frp":"14.28","daynight":"D","commune":"Lanton","code_insee":"33229","departement":"Gironde","region":"Nouvelle-Aquitaine"}},{"type":"Feature","geometry":{"type":"Point","coordinates":[-0.99957,44.76271]},"properties":{"latitude":"44.76271","longitude":"-0.99957","bright_ti4":"340.51","scan":"0.45","track":"0.47","acq_date":"2026-07-26","acq_time":"1221","satellite":"N21","instrument":"VIIRS","confidence":"n","version":"2.0NRT","bright_ti5":"292.48","frp":"18.37","daynight":"D","commune":"Lanton","code_insee":"33229","departement":"Gironde","region":"Nouvelle-Aquitaine"}},{"type":"Feature","geometry":{"type":"Point","coordinates":[-0.88078,44.76321]},"properties":{"latitude":"44.76321","longitude":"-0.88078","bright_ti4":"355.65","scan":"0.44","track":"0.46","acq_date":"2026-07-26","acq_time":"1221","satellite":"N21","instrument":"VIIRS","confidence":"n","version":"2.0NRT","bright_ti5":"305.49","frp":"16.38","daynight":"D","commune":"Saint-Jean-d'Illac","code_insee":"33422","departement":"Gironde","region":"Nouvelle-Aquitaine"}},{"type":"Feature","geometry":{"type":"Point","coordinates":[-0.95798,44.76332]},"properties":{"latitude":"44.76332","longitude":"-0.95798","bright_ti4":"336.54","scan":"0.45","track":"0.47","acq_date":"2026-07-26","acq_time":"1221","satellite":"N21","instrument":"VIIRS","confidence":"n","version":"2.0NRT","bright_ti5":"300.57","frp":"14.53","daynight":"D","commune":"Lanton","code_insee":"33229","departement":"Gironde","region":"Nouvelle-Aquitaine"}},{"type":"Feature","geometry":{"type":"Point","coordinates":[-0.91665,44.76389]},"properties":{"latitude":"44.76389","longitude":"-0.91665","bright_ti4":"334.31","scan":"0.44","track":"0.46","acq_date":"2026-07-26","acq_time":"1221","satellite":"N21","instrument":"VIIRS","confidence":"n","version":"2.0NRT","bright_ti5":"296.03","frp":"5.93","daynight":"D","commune":"Lanton","code_insee":"33229","departement":"Gironde","region":"Nouvelle-Aquitaine"}},{"type":"Feature","geometry":{"type":"Point","coordinates":[-0.99127,44.76422]},"properties":{"latitude":"44.76422","longitude":"-0.99127","bright_ti4":"367","scan":"0.45","track":"0.47","acq_date":"2026-07-26","acq_time":"1221","satellite":"N21","instrument":"VIIRS","confidence":"h","version":"2.0NRT","bright_ti5":"303.13","frp":"29.31","daynight":"D","commune":"Lanton","code_insee":"33229","departement":"Gironde","region":"Nouvelle-Aquitaine"}},{"type":"Feature","geometry":{"type":"Point","coordinates":[-0.87544,44.76445]},"properties":{"latitude":"44.76445","longitude":"-0.87544","bright_ti4":"367","scan":"0.44","track":"0.46","acq_date":"2026-07-26","acq_time":"1221","satellite":"N21","instrument":"VIIRS","confidence":"h","version":"2.0NRT","bright_ti5":"302.65","frp":"9.26","daynight":"D","commune":"Saint-Jean-d'Illac","code_insee":"33422","departement":"Gironde","region":"Nouvelle-Aquitaine"}},{"type":"Feature","geometry":{"type":"Point","coordinates":[-1.04549,44.76494]},"properties":{"latitude":"44.76494","longitude":"-1.04549","bright_ti4":"336.19","scan":"0.45","track":"0.47","acq_date":"2026-07-26","acq_time":"1221","satellite":"N21","instrument":"VIIRS","confidence":"n","version":"2.0NRT","bright_ti5":"303.95","frp":"47.65","daynight":"D","commune":"Lanton","code_insee":"33229","departement":"Gironde","region":"Nouvelle-Aquitaine"}},{"type":"Feature","geometry":{"type":"Point","coordinates":[-0.91129,44.76513]},"properties":{"latitude":"44.76513","longitude":"-0.91129","bright_ti4":"340.18","scan":"0.44","track":"0.46","acq_date":"2026-07-26","acq_time":"1221","satellite":"N21","instrument":"VIIRS","confidence":"n","version":"2.0NRT","bright_ti5":"294.98","frp":"11.53","daynight":"D","commune":"Lanton","code_insee":"33229","departement":"Gironde","region":"Nouvelle-Aquitaine"}},{"type":"Feature","geometry":{"type":"Point","coordinates":[-1.06364,44.76517]},"properties":{"latitude":"44.76517","longitude":"-1.06364","bright_ti4":"335.62","scan":"0.45","track":"0.47","acq_date":"2026-07-26","acq_time":"1221","satellite":"N21","instrument":"VIIRS","confidence":"n","version":"2.0NRT","bright_ti5":"297.02","frp":"4.02","daynight":"D","commune":"Andernos-les-Bains","code_insee":"33005","departement":"Gironde","region":"Nouvelle-Aquitaine"}},{"type":"Feature","geometry":{"type":"Point","coordinates":[-0.98873,44.76523]},"properties":{"latitude":"44.76523","longitude":"-0.98873","bright_ti4":"349.72","scan":"0.45","track":"0.47","acq_date":"2026-07-26","acq_time":"1221","satellite":"N21","instrument":"VIIRS","confidence":"n","version":"2.0NRT","bright_ti5":"291.95","frp":"261.54","daynight":"D","commune":"Lanton","code_insee":"33229","departement":"Gironde","region":"Nouvelle-Aquitaine"}},{"type":"Feature","geometry":{"type":"Point","coordinates":[-0.98587,44.7655]},"properties":{"latitude":"44.7655","longitude":"-0.98587","bright_ti4":"350.61","scan":"0.45","track":"0.47","acq_date":"2026-07-26","acq_time":"1221","satellite":"N21","instrument":"VIIRS","confidence":"n","version":"2.0NRT","bright_ti5":"292.39","frp":"29.31","daynight":"D","commune":"Lanton","code_insee":"33229","departement":"Gironde","region":"Nouvelle-Aquitaine"}},{"type":"Feature","geometry":{"type":"Point","coordinates":[-0.87011,44.76568]},"properties":{"latitude":"44.76568","longitude":"-0.87011","bright_ti4":"352.84","scan":"0.44","track":"0.46","acq_date":"2026-07-26","acq_time":"1221","satellite":"N21","instrument":"VIIRS","confidence":"n","version":"2.0NRT","bright_ti5":"300.08","frp":"9.26","daynight":"D","commune":"Saint-Jean-d'Illac","code_insee":"33422","departement":"Gironde","region":"Nouvelle-Aquitaine"}},{"type":"Feature","geometry":{"type":"Point","coordinates":[-1.04005,44.76624]},"properties":{"latitude":"44.76624","longitude":"-1.04005","bright_ti4":"341.8","scan":"0.45","track":"0.47","acq_date":"2026-07-26","acq_time":"1221","satellite":"N21","instrument":"VIIRS","confidence":"n","version":"2.0NRT","bright_ti5":"301.25","frp":"17.36","daynight":"D","commune":"Lanton","code_insee":"33229","departement":"Gironde","region":"Nouvelle-Aquitaine"}},{"type":"Feature","geometry":{"type":"Point","coordinates":[-0.90592,44.76638]},"properties":{"latitude":"44.76638","longitude":"-0.90592","bright_ti4":"348.89","scan":"0.44","track":"0.46","acq_date":"2026-07-26","acq_time":"1221","satellite":"N21","instrument":"VIIRS","confidence":"n","version":"2.0NRT","bright_ti5":"300.64","frp":"11.53","daynight":"D","commune":"Lanton","code_insee":"33229","departement":"Gironde","region":"Nouvelle-Aquitaine"}},{"type":"Feature","geometry":{"type":"Point","coordinates":[-1.05821,44.76646]},"properties":{"latitude":"44.76646","longitude":"-1.05821","bright_ti4":"336.38","scan":"0.45","track":"0.47","acq_date":"2026-07-26","acq_time":"1221","satellite":"N21","instrument":"VIIRS","confidence":"n","version":"2.0NRT","bright_ti5":"300.14","frp":"4.02","daynight":"D","commune":"Andernos-les-Bains","code_insee":"33005","departement":"Gironde","region":"Nouvelle-Aquitaine"}},{"type":"Feature","geometry":{"type":"Point","coordinates":[-0.98331,44.76648]},"properties":{"latitude":"44.76648","longitude":"-0.98331","bright_ti4":"345.12","scan":"0.45","track":"0.47","acq_date":"2026-07-26","acq_time":"1221","satellite":"N21","instrument":"VIIRS","confidence":"n","version":"2.0NRT","bright_ti5":"291.68","frp":"14.28","daynight":"D","commune":"Lanton","code_insee":"33229","departement":"Gironde","region":"Nouvelle-Aquitaine"}},{"type":"Feature","geometry":{"type":"Point","coordinates":[-0.86479,44.76691]},"properties":{"latitude":"44.76691","longitude":"-0.86479","bright_ti4":"339.92","scan":"0.44","track":"0.46","acq_date":"2026-07-26","acq_time":"1221","satellite":"N21","instrument":"VIIRS","confidence":"n","version":"2.0NRT","bright_ti5":"290.23","frp":"6.34","daynight":"D","commune":"Saint-Jean-d'Illac","code_insee":"33422","departement":"Gironde","region":"Nouvelle-Aquitaine"}},{"type":"Feature","geometry":{"type":"Point","coordinates":[-0.88262,44.76728]},"properties":{"latitude":"44.76728","longitude":"-0.88262","bright_ti4":"352.56","scan":"0.44","track":"0.46","acq_date":"2026-07-26","acq_time":"1221","satellite":"N21","instrument":"VIIRS","confidence":"n","version":"2.0NRT","bright_ti5":"308.14","frp":"19.04","daynight":"D","commune":"Saint-Jean-d'Illac","code_insee":"33422","departement":"Gironde","region":"Nouvelle-Aquitaine"}},{"type":"Feature","geometry":{"type":"Point","coordinates":[-0.99312,44.76831]},"properties":{"latitude":"44.76831","longitude":"-0.99312","bright_ti4":"338.97","scan":"0.45","track":"0.47","acq_date":"2026-07-26","acq_time":"1221","satellite":"N21","instrument":"VIIRS","confidence":"n","version":"2.0NRT","bright_ti5":"287.7","frp":"29.31","daynight":"D","commune":"Lanton","code_insee":"33229","departement":"Gironde","region":"Nouvelle-Aquitaine"}},{"type":"Feature","geometry":{"type":"Point","coordinates":[-0.87727,44.76852]},"properties":{"latitude":"44.76852","longitude":"-0.87727","bright_ti4":"353.05","scan":"0.44","track":"0.46","acq_date":"2026-07-26","acq_time":"1221","satellite":"N21","instrument":"VIIRS","confidence":"n","version":"2.0NRT","bright_ti5":"313.35","frp":"20.94","daynight":"D","commune":"Saint-Jean-d'Illac","code_insee":"33422","departement":"Gironde","region":"Nouvelle-Aquitaine"}},{"type":"Feature","geometry":{"type":"Point","coordinates":[-0.87193,44.76976]},"properties":{"latitude":"44.76976","longitude":"-0.87193","bright_ti4":"350.49","scan":"0.44","track":"0.46","acq_date":"2026-07-26","acq_time":"1221","satellite":"N21","instrument":"VIIRS","confidence":"n","version":"2.0NRT","bright_ti5":"297.9","frp":"20.94","daynight":"D","commune":"Saint-Jean-d'Illac","code_insee":"33422","departement":"Gironde","region":"Nouvelle-Aquitaine"}},{"type":"Feature","geometry":{"type":"Point","coordinates":[-0.88983,44.77011]},"properties":{"latitude":"44.77011","longitude":"-0.88983","bright_ti4":"342.19","scan":"0.44","track":"0.46","acq_date":"2026-07-26","acq_time":"1221","satellite":"N21","instrument":"VIIRS","confidence":"n","version":"2.0NRT","bright_ti5":"296.99","frp":"19.04","daynight":"D","commune":"Lanton","code_insee":"33229","departement":"Gironde","region":"Nouvelle-Aquitaine"}},{"type":"Feature","geometry":{"type":"Point","coordinates":[-0.88447,44.77135]},"properties":{"latitude":"44.77135","longitude":"-0.88447","bright_ti4":"354.06","scan":"0.44","track":"0.46","acq_date":"2026-07-26","acq_time":"1221","satellite":"N21","instrument":"VIIRS","confidence":"n","version":"2.0NRT","bright_ti5":"303.8","frp":"19.04","daynight":"D","commune":"Saint-Jean-d'Illac","code_insee":"33422","departement":"Gironde","region":"Nouvelle-Aquitaine"}},{"type":"Feature","geometry":{"type":"Point","coordinates":[-0.97691,44.77216]},"properties":{"latitude":"44.77216","longitude":"-0.97691","bright_ti4":"345.11","scan":"0.45","track":"0.47","acq_date":"2026-07-26","acq_time":"1221","satellite":"N21","instrument":"VIIRS","confidence":"n","version":"2.0NRT","bright_ti5":"294.01","frp":"10.53","daynight":"D","commune":"Lanton","code_insee":"33229","departement":"Gironde","region":"Nouvelle-Aquitaine"}},{"type":"Feature","geometry":{"type":"Point","coordinates":[-1.10923,44.77255]},"properties":{"latitude":"44.77255","longitude":"-1.10923","bright_ti4":"345.56","scan":"0.45","track":"0.47","acq_date":"2026-07-26","acq_time":"1221","satellite":"N21","instrument":"VIIRS","confidence":"n","version":"2.0NRT","bright_ti5":"304.13","frp":"14.99","daynight":"D","commune":"Arès","code_insee":"33011","departement":"Gironde","region":"Nouvelle-Aquitaine"}},{"type":"Feature","geometry":{"type":"Point","coordinates":[-0.87912,44.77259]},"properties":{"latitude":"44.77259","longitude":"-0.87912","bright_ti4":"338.91","scan":"0.44","track":"0.46","acq_date":"2026-07-26","acq_time":"1221","satellite":"N21","instrument":"VIIRS","confidence":"n","version":"2.0NRT","bright_ti5":"295.1","frp":"20.94","daynight":"D","commune":"Saint-Jean-d'Illac","code_insee":"33422","departement":"Gironde","region":"Nouvelle-Aquitaine"}},{"type":"Feature","geometry":{"type":"Point","coordinates":[-0.97434,44.77308]},"properties":{"latitude":"44.77308","longitude":"-0.97434","bright_ti4":"342.11","scan":"0.45","track":"0.47","acq_date":"2026-07-26","acq_time":"1221","satellite":"N21","instrument":"VIIRS","confidence":"n","version":"2.0NRT","bright_ti5":"298.24","frp":"10.63","daynight":"D","commune":"Lanton","code_insee":"33229","departement":"Gironde","region":"Nouvelle-Aquitaine"}},{"type":"Feature","geometry":{"type":"Point","coordinates":[-1.2136,44.77523]},"properties":{"latitude":"44.77523","longitude":"-1.2136","bright_ti4":"348.45","scan":"0.46","track":"0.47","acq_date":"2026-07-26","acq_time":"1221","satellite":"N21","instrument":"VIIRS","confidence":"n","version":"2.0NRT","bright_ti5":"297.53","frp":"7.16","daynight":"D","commune":"Lège-Cap-Ferret","code_insee":"33236","departement":"Gironde","region":"Nouvelle-Aquitaine"}},{"type":"Feature","geometry":{"type":"Point","coordinates":[-1.12389,44.77819]},"properties":{"latitude":"44.77819","longitude":"-1.12389","bright_ti4":"334.3","scan":"0.45","track":"0.47","acq_date":"2026-07-26","acq_time":"1221","satellite":"N21","instrument":"VIIRS","confidence":"n","version":"2.0NRT","bright_ti5":"299","frp":"6.69","daynight":"D","commune":"Arès","code_insee":"33011","departement":"Gironde","region":"Nouvelle-Aquitaine"}},{"type":"Feature","geometry":{"type":"Point","coordinates":[-1.21549,44.77935]},"properties":{"latitude":"44.77935","longitude":"-1.21549","bright_ti4":"330.69","scan":"0.46","track":"0.47","acq_date":"2026-07-26","acq_time":"1221","satellite":"N21","instrument":"VIIRS","confidence":"n","version":"2.0NRT","bright_ti5":"297.21","frp":"7.16","daynight":"D","commune":"Lège-Cap-Ferret","code_insee":"33236","departement":"Gironde","region":"Nouvelle-Aquitaine"}},{"type":"Feature","geometry":{"type":"Point","coordinates":[-1.11842,44.77948]},"properties":{"latitude":"44.77948","longitude":"-1.11842","bright_ti4":"333.1","scan":"0.45","track":"0.47","acq_date":"2026-07-26","acq_time":"1221","satellite":"N21","instrument":"VIIRS","confidence":"l","version":"2.0NRT","bright_ti5":"305.34","frp":"7.48","daynight":"D","commune":"Arès","code_insee":"33011","departement":"Gironde","region":"Nouvelle-Aquitaine"}},{"type":"Feature","geometry":{"type":"Point","coordinates":[-1.10221,44.79696]},"properties":{"latitude":"44.79696","longitude":"-1.10221","bright_ti4":"329","scan":"0.45","track":"0.47","acq_date":"2026-07-26","acq_time":"1221","satellite":"N21","instrument":"VIIRS","confidence":"n","version":"2.0NRT","bright_ti5":"297.07","frp":"3.13","daynight":"D","commune":"Arès","code_insee":"33011","departement":"Gironde","region":"Nouvelle-Aquitaine"}},{"type":"Feature","geometry":{"type":"Point","coordinates":[-1.10408,44.80106]},"properties":{"latitude":"44.80106","longitude":"-1.10408","bright_ti4":"348.18","scan":"0.45","track":"0.47","acq_date":"2026-07-26","acq_time":"1221","satellite":"N21","instrument":"VIIRS","confidence":"n","version":"2.0NRT","bright_ti5":"303.79","frp":"13.18","daynight":"D","commune":"Arès","code_insee":"33011","departement":"Gironde","region":"Nouvelle-Aquitaine"}},{"type":"Feature","geometry":{"type":"Point","coordinates":[-1.09864,44.80235]},"properties":{"latitude":"44.80235","longitude":"-1.09864","bright_ti4":"343.79","scan":"0.45","track":"0.47","acq_date":"2026-07-26","acq_time":"1221","satellite":"N21","instrument":"VIIRS","confidence":"n","version":"2.0NRT","bright_ti5":"299.95","frp":"13.18","daynight":"D","commune":"Arès","code_insee":"33011","departement":"Gironde","region":"Nouvelle-Aquitaine"}},{"type":"Feature","geometry":{"type":"Point","coordinates":[-1.22138,44.8054]},"properties":{"latitude":"44.8054","longitude":"-1.22138","bright_ti4":"334.47","scan":"0.46","track":"0.47","acq_date":"2026-07-26","acq_time":"1221","satellite":"N21","instrument":"VIIRS","confidence":"n","version":"2.0NRT","bright_ti5":"297.16","frp":"7.34","daynight":"D","commune":"Lège-Cap-Ferret","code_insee":"33236","departement":"Gironde","region":"Nouvelle-Aquitaine"}},{"type":"Feature","geometry":{"type":"Point","coordinates":[-1.1005,44.80645]},"properties":{"latitude":"44.80645","longitude":"-1.1005","bright_ti4":"330.73","scan":"0.45","track":"0.47","acq_date":"2026-07-26","acq_time":"1221","satellite":"N21","instrument":"VIIRS","confidence":"l","version":"2.0NRT","bright_ti5":"302.82","frp":"13.18","daynight":"D","commune":"Lège-Cap-Ferret","code_insee":"33236","departement":"Gironde","region":"Nouvelle-Aquitaine"}},{"type":"Feature","geometry":{"type":"Point","coordinates":[-1.21216,44.81213]},"properties":{"latitude":"44.81213","longitude":"-1.21216","bright_ti4":"328.56","scan":"0.46","track":"0.47","acq_date":"2026-07-26","acq_time":"1221","satellite":"N21","instrument":"VIIRS","confidence":"n","version":"2.0NRT","bright_ti5":"294.26","frp":"3.91","daynight":"D","commune":"Le Porge","code_insee":"33333","departement":"Gironde","region":"Nouvelle-Aquitaine"}},{"type":"Feature","geometry":{"type":"Point","coordinates":[-1.19567,44.81599]},"properties":{"latitude":"44.81599","longitude":"-1.19567","bright_ti4":"331.41","scan":"0.46","track":"0.47","acq_date":"2026-07-26","acq_time":"1221","satellite":"N21","instrument":"VIIRS","confidence":"n","version":"2.0NRT","bright_ti5":"294.72","frp":"6.77","daynight":"D","commune":"Le Porge","code_insee":"33333","departement":"Gironde","region":"Nouvelle-Aquitaine"}},{"type":"Feature","geometry":{"type":"Point","coordinates":[-1.19759,44.8201]},"properties":{"latitude":"44.8201","longitude":"-1.19759","bright_ti4":"330.42","scan":"0.46","track":"0.47","acq_date":"2026-07-26","acq_time":"1221","satellite":"N21","instrument":"VIIRS","confidence":"n","version":"2.0NRT","bright_ti5":"293.59","frp":"6.77","daynight":"D","commune":"Le Porge","code_insee":"33333","departement":"Gironde","region":"Nouvelle-Aquitaine"}},{"type":"Feature","geometry":{"type":"Point","coordinates":[-1.19207,44.8214]},"properties":{"latitude":"44.8214","longitude":"-1.19207","bright_ti4":"339.75","scan":"0.46","track":"0.47","acq_date":"2026-07-26","acq_time":"1221","satellite":"N21","instrument":"VIIRS","confidence":"n","version":"2.0NRT","bright_ti5":"295.11","frp":"6.77","daynight":"D","commune":"Le Porge","code_insee":"33333","departement":"Gironde","region":"Nouvelle-Aquitaine"}},{"type":"Feature","geometry":{"type":"Point","coordinates":[-0.97972,44.84379]},"properties":{"latitude":"44.84379","longitude":"-0.97972","bright_ti4":"332.75","scan":"0.44","track":"0.46","acq_date":"2026-07-26","acq_time":"1221","satellite":"N21","instrument":"VIIRS","confidence":"n","version":"2.0NRT","bright_ti5":"302.66","frp":"6.72","daynight":"D","commune":"Le Temple","code_insee":"33528","departement":"Gironde","region":"Nouvelle-Aquitaine"}},{"type":"Feature","geometry":{"type":"Point","coordinates":[-1.14979,44.84409]},"properties":{"latitude":"44.84409","longitude":"-1.14979","bright_ti4":"337.12","scan":"0.45","track":"0.47","acq_date":"2026-07-26","acq_time":"1221","satellite":"N21","instrument":"VIIRS","confidence":"n","version":"2.0NRT","bright_ti5":"297.91","frp":"5.04","daynight":"D","commune":"Le Porge","code_insee":"33333","departement":"Gironde","region":"Nouvelle-Aquitaine"}},{"type":"Feature","geometry":{"type":"Point","coordinates":[-0.97435,44.84504]},"properties":{"latitude":"44.84504","longitude":"-0.97435","bright_ti4":"338.24","scan":"0.44","track":"0.46","acq_date":"2026-07-26","acq_time":"1221","satellite":"N21","instrument":"VIIRS","confidence":"n","version":"2.0NRT","bright_ti5":"304.2","frp":"6.72","daynight":"D","commune":"Le Temple","code_insee":"33528","departement":"Gironde","region":"Nouvelle-Aquitaine"}},{"type":"Feature","geometry":{"type":"Point","coordinates":[-1.14849,44.84523]},"properties":{"latitude":"44.84523","longitude":"-1.14849","bright_ti4":"335.35","scan":"0.45","track":"0.47","acq_date":"2026-07-26","acq_time":"1221","satellite":"N21","instrument":"VIIRS","confidence":"n","version":"2.0NRT","bright_ti5":"295.78","frp":"3.5","daynight":"D","commune":"Le Porge","code_insee":"33333","departement":"Gironde","region":"Nouvelle-Aquitaine"}},{"type":"Feature","geometry":{"type":"Point","coordinates":[-0.96897,44.84629]},"properties":{"latitude":"44.84629","longitude":"-0.96897","bright_ti4":"340.62","scan":"0.44","track":"0.46","acq_date":"2026-07-26","acq_time":"1221","satellite":"N21","instrument":"VIIRS","confidence":"n","version":"2.0NRT","bright_ti5":"302.7","frp":"5.59","daynight":"D","commune":"Le Temple","code_insee":"33528","departement":"Gironde","region":"Nouvelle-Aquitaine"}},{"type":"Feature","geometry":{"type":"Point","coordinates":[-1.16121,44.84681]},"properties":{"latitude":"44.84681","longitude":"-1.16121","bright_ti4":"328.65","scan":"0.45","track":"0.47","acq_date":"2026-07-26","acq_time":"1221","satellite":"N21","instrument":"VIIRS","confidence":"n","version":"2.0NRT","bright_ti5":"295.94","frp":"2.73","daynight":"D","commune":"Le Porge","code_insee":"33333","departement":"Gironde","region":"Nouvelle-Aquitaine"}},{"type":"Feature","geometry":{"type":"Point","coordinates":[-0.93685,44.85378]},"properties":{"latitude":"44.85378","longitude":"-0.93685","bright_ti4":"339.47","scan":"0.44","track":"0.46","acq_date":"2026-07-26","acq_time":"1221","satellite":"N21","instrument":"VIIRS","confidence":"n","version":"2.0NRT","bright_ti5":"298.42","frp":"4.95","daynight":"D","commune":"Le Temple","code_insee":"33528","departement":"Gironde","region":"Nouvelle-Aquitaine"}},{"type":"Feature","geometry":{"type":"Point","coordinates":[-0.94938,44.85537]},"properties":{"latitude":"44.85537","longitude":"-0.94938","bright_ti4":"338.62","scan":"0.44","track":"0.46","acq_date":"2026-07-26","acq_time":"1221","satellite":"N21","instrument":"VIIRS","confidence":"n","version":"2.0NRT","bright_ti5":"299.2","frp":"21.51","daynight":"D","commune":"Le Temple","code_insee":"33528","departement":"Gironde","region":"Nouvelle-Aquitaine"}},{"type":"Feature","geometry":{"type":"Point","coordinates":[-0.94404,44.85661]},"properties":{"latitude":"44.85661","longitude":"-0.94404","bright_ti4":"337.4","scan":"0.44","track":"0.46","acq_date":"2026-07-26","acq_time":"1221","satellite":"N21","instrument":"VIIRS","confidence":"n","version":"2.0NRT","bright_ti5":"298.95","frp":"21.51","daynight":"D","commune":"Le Temple","code_insee":"33528","departement":"Gironde","region":"Nouvelle-Aquitaine"}},{"type":"Feature","geometry":{"type":"Point","coordinates":[-0.9387,44.85785]},"properties":{"latitude":"44.85785","longitude":"-0.9387","bright_ti4":"341.99","scan":"0.44","track":"0.46","acq_date":"2026-07-26","acq_time":"1221","satellite":"N21","instrument":"VIIRS","confidence":"n","version":"2.0NRT","bright_ti5":"302.12","frp":"16.14","daynight":"D","commune":"Le Temple","code_insee":"33528","departement":"Gironde","region":"Nouvelle-Aquitaine"}},{"type":"Feature","geometry":{"type":"Point","coordinates":[-0.95124,44.85943]},"properties":{"latitude":"44.85943","longitude":"-0.95124","bright_ti4":"345.55","scan":"0.44","track":"0.46","acq_date":"2026-07-26","acq_time":"1221","satellite":"N21","instrument":"VIIRS","confidence":"n","version":"2.0NRT","bright_ti5":"316.23","frp":"21.51","daynight":"D","commune":"Le Temple","code_insee":"33528","departement":"Gironde","region":"Nouvelle-Aquitaine"}},{"type":"Feature","geometry":{"type":"Point","coordinates":[-0.91017,44.85999]},"properties":{"latitude":"44.85999","longitude":"-0.91017","bright_ti4":"339.08","scan":"0.44","track":"0.46","acq_date":"2026-07-26","acq_time":"1221","satellite":"N21","instrument":"VIIRS","confidence":"n","version":"2.0NRT","bright_ti5":"294.54","frp":"150.3","daynight":"D","commune":"Le Temple","code_insee":"33528","departement":"Gironde","region":"Nouvelle-Aquitaine"}},{"type":"Feature","geometry":{"type":"Point","coordinates":[-0.91734,44.86282]},"properties":{"latitude":"44.86282","longitude":"-0.91734","bright_ti4":"340.54","scan":"0.44","track":"0.46","acq_date":"2026-07-26","acq_time":"1221","satellite":"N21","instrument":"VIIRS","confidence":"n","version":"2.0NRT","bright_ti5":"298.99","frp":"13.48","daynight":"D","commune":"Le Temple","code_insee":"33528","departement":"Gironde","region":"Nouvelle-Aquitaine"}},{"type":"Feature","geometry":{"type":"Point","coordinates":[-0.95309,44.86351]},"properties":{"latitude":"44.86351","longitude":"-0.95309","bright_ti4":"342.13","scan":"0.44","track":"0.46","acq_date":"2026-07-26","acq_time":"1221","satellite":"N21","instrument":"VIIRS","confidence":"n","version":"2.0NRT","bright_ti5":"295.11","frp":"5.75","daynight":"D","commune":"Le Temple","code_insee":"33528","departement":"Gironde","region":"Nouvelle-Aquitaine"}},{"type":"Feature","geometry":{"type":"Point","coordinates":[-1.17375,44.87028]},"properties":{"latitude":"44.87028","longitude":"-1.17375","bright_ti4":"330.19","scan":"0.45","track":"0.47","acq_date":"2026-07-26","acq_time":"1221","satellite":"N21","instrument":"VIIRS","confidence":"n","version":"2.0NRT","bright_ti5":"295.28","frp":"4.1","daynight":"D","commune":"Le Porge","code_insee":"33333","departement":"Gironde","region":"Nouvelle-Aquitaine"}},{"type":"Feature","geometry":{"type":"Point","coordinates":[-1.17566,44.87439]},"properties":{"latitude":"44.87439","longitude":"-1.17566","bright_ti4":"336.34","scan":"0.45","track":"0.47","acq_date":"2026-07-26","acq_time":"1221","satellite":"N21","instrument":"VIIRS","confidence":"n","version":"2.0NRT","bright_ti5":"298.08","frp":"4.1","daynight":"D","commune":"Le Porge","code_insee":"33333","departement":"Gironde","region":"Nouvelle-Aquitaine"}},{"type":"Feature","geometry":{"type":"Point","coordinates":[-1.17757,44.87849]},"properties":{"latitude":"44.87849","longitude":"-1.17757","bright_ti4":"336.85","scan":"0.45","track":"0.47","acq_date":"2026-07-26","acq_time":"1221","satellite":"N21","instrument":"VIIRS","confidence":"n","version":"2.0NRT","bright_ti5":"297.43","frp":"5.83","daynight":"D","commune":"Le Porge","code_insee":"33333","departement":"Gironde","region":"Nouvelle-Aquitaine"}},{"type":"Feature","geometry":{"type":"Point","coordinates":[-1.17208,44.87979]},"properties":{"latitude":"44.87979","longitude":"-1.17208","bright_ti4":"336.93","scan":"0.45","track":"0.47","acq_date":"2026-07-26","acq_time":"1221","satellite":"N21","instrument":"VIIRS","confidence":"n","version":"2.0NRT","bright_ti5":"296.72","frp":"8.24","daynight":"D","commune":"Le Porge","code_insee":"33333","departement":"Gironde","region":"Nouvelle-Aquitaine"}},{"type":"Feature","geometry":{"type":"Point","coordinates":[-0.90154,44.87996]},"properties":{"latitude":"44.87996","longitude":"-0.90154","bright_ti4":"340.12","scan":"0.44","track":"0.46","acq_date":"2026-07-26","acq_time":"1221","satellite":"N21","instrument":"VIIRS","confidence":"n","version":"2.0NRT","bright_ti5":"300.12","frp":"10.15","daynight":"D","commune":"Le Temple","code_insee":"33528","departement":"Gironde","region":"Nouvelle-Aquitaine"}},{"type":"Feature","geometry":{"type":"Point","coordinates":[-0.92331,44.90186]},"properties":{"latitude":"44.90186","longitude":"-0.92331","bright_ti4":"333.4","scan":"0.44","track":"0.46","acq_date":"2026-07-26","acq_time":"1221","satellite":"N21","instrument":"VIIRS","confidence":"n","version":"2.0NRT","bright_ti5":"294.71","frp":"4.42","daynight":"D","commune":"Sainte-Hélène","code_insee":"33417","departement":"Gironde","region":"Nouvelle-Aquitaine"}},{"type":"Feature","geometry":{"type":"Point","coordinates":[-0.9253,44.90191]},"properties":{"latitude":"44.90191","longitude":"-0.9253","bright_ti4":"332.23","scan":"0.44","track":"0.46","acq_date":"2026-07-26","acq_time":"1221","satellite":"N21","instrument":"VIIRS","confidence":"n","version":"2.0NRT","bright_ti5":"300.96","frp":"12.28","daynight":"D","commune":"Sainte-Hélène","code_insee":"33417","departement":"Gironde","region":"Nouvelle-Aquitaine"}},{"type":"Feature","geometry":{"type":"Point","coordinates":[-0.91998,44.90317]},"properties":{"latitude":"44.90317","longitude":"-0.91998","bright_ti4":"337.1","scan":"0.44","track":"0.46","acq_date":"2026-07-26","acq_time":"1221","satellite":"N21","instrument":"VIIRS","confidence":"n","version":"2.0NRT","bright_ti5":"298.96","frp":"10.28","daynight":"D","commune":"Sainte-Hélène","code_insee":"33417","departement":"Gironde","region":"Nouvelle-Aquitaine"}},{"type":"Feature","geometry":{"type":"Point","coordinates":[-0.93781,44.90346]},"properties":{"latitude":"44.90346","longitude":"-0.93781","bright_ti4":"337.29","scan":"0.44","track":"0.46","acq_date":"2026-07-26","acq_time":"1221","satellite":"N21","instrument":"VIIRS","confidence":"n","version":"2.0NRT","bright_ti5":"303.72","frp":"7.13","daynight":"D","commune":"Saumos","code_insee":"33503","departement":"Gironde","region":"Nouvelle-Aquitaine"}},{"type":"Feature","geometry":{"type":"Point","coordinates":[-0.94152,44.91158]},"properties":{"latitude":"44.91158","longitude":"-0.94152","bright_ti4":"333.73","scan":"0.44","track":"0.46","acq_date":"2026-07-26","acq_time":"1221","satellite":"N21","instrument":"VIIRS","confidence":"n","version":"2.0NRT","bright_ti5":"297.28","frp":"6.72","daynight":"D","commune":"Sainte-Hélène","code_insee":"33417","departement":"Gironde","region":"Nouvelle-Aquitaine"}},{"type":"Feature","geometry":{"type":"Point","coordinates":[-0.97934,44.92971]},"properties":{"latitude":"44.92971","longitude":"-0.97934","bright_ti4":"339.31","scan":"0.44","track":"0.46","acq_date":"2026-07-26","acq_time":"1221","satellite":"N21","instrument":"VIIRS","confidence":"n","version":"2.0NRT","bright_ti5":"298.93","frp":"26.55","daynight":"D","commune":"Saumos","code_insee":"33503","departement":"Gironde","region":"Nouvelle-Aquitaine"}},{"type":"Feature","geometry":{"type":"Point","coordinates":[-0.97399,44.93097]},"properties":{"latitude":"44.93097","longitude":"-0.97399","bright_ti4":"351.13","scan":"0.44","track":"0.46","acq_date":"2026-07-26","acq_time":"1221","satellite":"N21","instrument":"VIIRS","confidence":"n","version":"2.0NRT","bright_ti5":"310.93","frp":"26.55","daynight":"D","commune":"Saumos","code_insee":"33503","departement":"Gironde","region":"Nouvelle-Aquitaine"}},{"type":"Feature","geometry":{"type":"Point","coordinates":[-0.96864,44.93222]},"properties":{"latitude":"44.93222","longitude":"-0.96864","bright_ti4":"339.81","scan":"0.44","track":"0.46","acq_date":"2026-07-26","acq_time":"1221","satellite":"N21","instrument":"VIIRS","confidence":"n","version":"2.0NRT","bright_ti5":"300.49","frp":"18.53","daynight":"D","commune":"Saumos","code_insee":"33503","departement":"Gironde","region":"Nouvelle-Aquitaine"}},{"type":"Feature","geometry":{"type":"Point","coordinates":[-1.10019,44.93303]},"properties":{"latitude":"44.93303","longitude":"-1.10019","bright_ti4":"346.46","scan":"0.45","track":"0.47","acq_date":"2026-07-26","acq_time":"1221","satellite":"N21","instrument":"VIIRS","confidence":"n","version":"2.0NRT","bright_ti5":"302.23","frp":"20.31","daynight":"D","commune":"Lacanau","code_insee":"33214","departement":"Gironde","region":"Nouvelle-Aquitaine"}},{"type":"Feature","geometry":{"type":"Point","coordinates":[-0.98121,44.93378]},"properties":{"latitude":"44.93378","longitude":"-0.98121","bright_ti4":"341.56","scan":"0.44","track":"0.46","acq_date":"2026-07-26","acq_time":"1221","satellite":"N21","instrument":"VIIRS","confidence":"n","version":"2.0NRT","bright_ti5":"302.15","frp":"26.84","daynight":"D","commune":"Saumos","code_insee":"33503","departement":"Gironde","region":"Nouvelle-Aquitaine"}},{"type":"Feature","geometry":{"type":"Point","coordinates":[-0.97586,44.93503]},"properties":{"latitude":"44.93503","longitude":"-0.97586","bright_ti4":"367","scan":"0.44","track":"0.46","acq_date":"2026-07-26","acq_time":"1221","satellite":"N21","instrument":"VIIRS","confidence":"h","version":"2.0NRT","bright_ti5":"310.59","frp":"26.84","daynight":"D","commune":"Saumos","code_insee":"33503","departement":"Gironde","region":"Nouvelle-Aquitaine"}},{"type":"Feature","geometry":{"type":"Point","coordinates":[-0.97051,44.93628]},"properties":{"latitude":"44.93628","longitude":"-0.97051","bright_ti4":"340.85","scan":"0.44","track":"0.46","acq_date":"2026-07-26","acq_time":"1221","satellite":"N21","instrument":"VIIRS","confidence":"n","version":"2.0NRT","bright_ti5":"302.71","frp":"15.4","daynight":"D","commune":"Saumos","code_insee":"33503","departement":"Gironde","region":"Nouvelle-Aquitaine"}},{"type":"Feature","geometry":{"type":"Point","coordinates":[-0.97237,44.94035]},"properties":{"latitude":"44.94035","longitude":"-0.97237","bright_ti4":"341.03","scan":"0.44","track":"0.46","acq_date":"2026-07-26","acq_time":"1221","satellite":"N21","instrument":"VIIRS","confidence":"n","version":"2.0NRT","bright_ti5":"303.7","frp":"15.4","daynight":"D","commune":"Saumos","code_insee":"33503","departement":"Gironde","region":"Nouvelle-Aquitaine"}},{"type":"Feature","geometry":{"type":"Point","coordinates":[-1.08583,44.94092]},"properties":{"latitude":"44.94092","longitude":"-1.08583","bright_ti4":"367","scan":"0.45","track":"0.47","acq_date":"2026-07-26","acq_time":"1221","satellite":"N21","instrument":"VIIRS","confidence":"h","version":"2.0NRT","bright_ti5":"306.46","frp":"35.66","daynight":"D","commune":"Lacanau","code_insee":"33214","departement":"Gironde","region":"Nouvelle-Aquitaine"}},{"type":"Feature","geometry":{"type":"Point","coordinates":[-1.05884,44.94722]},"properties":{"latitude":"44.94722","longitude":"-1.05884","bright_ti4":"338.52","scan":"0.45","track":"0.47","acq_date":"2026-07-26","acq_time":"1221","satellite":"N21","instrument":"VIIRS","confidence":"n","version":"2.0NRT","bright_ti5":"300.98","frp":"12.79","daynight":"D","commune":"Lacanau","code_insee":"33214","departement":"Gironde","region":"Nouvelle-Aquitaine"}},{"type":"Feature","geometry":{"type":"Point","coordinates":[-1.06072,44.95129]},"properties":{"latitude":"44.95129","longitude":"-1.06072","bright_ti4":"335.2","scan":"0.45","track":"0.47","acq_date":"2026-07-26","acq_time":"1221","satellite":"N21","instrument":"VIIRS","confidence":"n","version":"2.0NRT","bright_ti5":"303.52","frp":"27.41","daynight":"D","commune":"Lacanau","code_insee":"33214","departement":"Gironde","region":"Nouvelle-Aquitaine"}},{"type":"Feature","geometry":{"type":"Point","coordinates":[-1.05532,44.95255]},"properties":{"latitude":"44.95255","longitude":"-1.05532","bright_ti4":"367","scan":"0.45","track":"0.47","acq_date":"2026-07-26","acq_time":"1221","satellite":"N21","instrument":"VIIRS","confidence":"h","version":"2.0NRT","bright_ti5":"306.23","frp":"27.41","daynight":"D","commune":"Lacanau","code_insee":"33214","departement":"Gironde","region":"Nouvelle-Aquitaine"}},{"type":"Feature","geometry":{"type":"Point","coordinates":[-1.03914,44.95632]},"properties":{"latitude":"44.95632","longitude":"-1.03914","bright_ti4":"340.49","scan":"0.44","track":"0.46","acq_date":"2026-07-26","acq_time":"1221","satellite":"N21","instrument":"VIIRS","confidence":"n","version":"2.0NRT","bright_ti5":"299.65","frp":"9.97","daynight":"D","commune":"Lacanau","code_insee":"33214","departement":"Gironde","region":"Nouvelle-Aquitaine"}},{"type":"Feature","geometry":{"type":"Point","coordinates":[-1.04639,44.95914]},"properties":{"latitude":"44.95914","longitude":"-1.04639","bright_ti4":"338.93","scan":"0.44","track":"0.46","acq_date":"2026-07-26","acq_time":"1221","satellite":"N21","instrument":"VIIRS","confidence":"n","version":"2.0NRT","bright_ti5":"296.21","frp":"9.25","daynight":"D","commune":"Lacanau","code_insee":"33214","departement":"Gironde","region":"Nouvelle-Aquitaine"}},{"type":"Feature","geometry":{"type":"Point","coordinates":[-1.02299,44.96008]},"properties":{"latitude":"44.96008","longitude":"-1.02299","bright_ti4":"337.29","scan":"0.44","track":"0.46","acq_date":"2026-07-26","acq_time":"1221","satellite":"N21","instrument":"VIIRS","confidence":"n","version":"2.0NRT","bright_ti5":"300.98","frp":"23.05","daynight":"D","commune":"Lacanau","code_insee":"33214","departement":"Gironde","region":"Nouvelle-Aquitaine"}},{"type":"Feature","geometry":{"type":"Point","coordinates":[-1.041,44.9604]},"properties":{"latitude":"44.9604","longitude":"-1.041","bright_ti4":"343.32","scan":"0.44","track":"0.46","acq_date":"2026-07-26","acq_time":"1221","satellite":"N21","instrument":"VIIRS","confidence":"n","version":"2.0NRT","bright_ti5":"297.58","frp":"9.97","daynight":"D","commune":"Lacanau","code_insee":"33214","departement":"Gironde","region":"Nouvelle-Aquitaine"}},{"type":"Feature","geometry":{"type":"Point","coordinates":[-0.97633,44.96192]},"properties":{"latitude":"44.96192","longitude":"-0.97633","bright_ti4":"348.89","scan":"0.44","track":"0.46","acq_date":"2026-07-26","acq_time":"1221","satellite":"N21","instrument":"VIIRS","confidence":"n","version":"2.0NRT","bright_ti5":"294.57","frp":"22.74","daynight":"D","commune":"Sainte-Hélène","code_insee":"33417","departement":"Gironde","region":"Nouvelle-Aquitaine"}},{"type":"Feature","geometry":{"type":"Point","coordinates":[-0.97098,44.96317]},"properties":{"latitude":"44.96317","longitude":"-0.97098","bright_ti4":"338.45","scan":"0.44","track":"0.46","acq_date":"2026-07-26","acq_time":"1221","satellite":"N21","instrument":"VIIRS","confidence":"n","version":"2.0NRT","bright_ti5":"296.97","frp":"10.14","daynight":"D","commune":"Sainte-Hélène","code_insee":"33417","departement":"Gironde","region":"Nouvelle-Aquitaine"}},{"type":"Feature","geometry":{"type":"Point","coordinates":[-1.02486,44.96415]},"properties":{"latitude":"44.96415","longitude":"-1.02486","bright_ti4":"347.93","scan":"0.44","track":"0.46","acq_date":"2026-07-26","acq_time":"1221","satellite":"N21","instrument":"VIIRS","confidence":"n","version":"2.0NRT","bright_ti5":"305.63","frp":"23.05","daynight":"D","commune":"Lacanau","code_insee":"33214","departement":"Gironde","region":"Nouvelle-Aquitaine"}},{"type":"Feature","geometry":{"type":"Point","coordinates":[-0.9782,44.96599]},"properties":{"latitude":"44.96599","longitude":"-0.9782","bright_ti4":"355.02","scan":"0.44","track":"0.46","acq_date":"2026-07-26","acq_time":"1221","satellite":"N21","instrument":"VIIRS","confidence":"n","version":"2.0NRT","bright_ti5":"306.38","frp":"22.74","daynight":"D","commune":"Sainte-Hélène","code_insee":"33417","departement":"Gironde","region":"Nouvelle-Aquitaine"}},{"type":"Feature","geometry":{"type":"Point","coordinates":[-1.01411,44.96664]},"properties":{"latitude":"44.96664","longitude":"-1.01411","bright_ti4":"341.94","scan":"0.44","track":"0.46","acq_date":"2026-07-26","acq_time":"1221","satellite":"N21","instrument":"VIIRS","confidence":"n","version":"2.0NRT","bright_ti5":"305.17","frp":"133.81","daynight":"D","commune":"Lacanau","code_insee":"33214","departement":"Gironde","region":"Nouvelle-Aquitaine"}},{"type":"Feature","geometry":{"type":"Point","coordinates":[-0.97283,44.96723]},"properties":{"latitude":"44.96723","longitude":"-0.97283","bright_ti4":"338.14","scan":"0.44","track":"0.46","acq_date":"2026-07-26","acq_time":"1221","satellite":"N21","instrument":"VIIRS","confidence":"n","version":"2.0NRT","bright_ti5":"293.5","frp":"10.14","daynight":"D","commune":"Sainte-Hélène","code_insee":"33417","departement":"Gironde","region":"Nouvelle-Aquitaine"}},{"type":"Feature","geometry":{"type":"Point","coordinates":[-1.00873,44.96789]},"properties":{"latitude":"44.96789","longitude":"-1.00873","bright_ti4":"343.8","scan":"0.44","track":"0.46","acq_date":"2026-07-26","acq_time":"1221","satellite":"N21","instrument":"VIIRS","confidence":"n","version":"2.0NRT","bright_ti5":"309.11","frp":"56.98","daynight":"D","commune":"Lacanau","code_insee":"33214","departement":"Gironde","region":"Nouvelle-Aquitaine"}},{"type":"Feature","geometry":{"type":"Point","coordinates":[-1.00335,44.96914]},"properties":{"latitude":"44.96914","longitude":"-1.00335","bright_ti4":"343.7","scan":"0.44","track":"0.46","acq_date":"2026-07-26","acq_time":"1221","satellite":"N21","instrument":"VIIRS","confidence":"n","version":"2.0NRT","bright_ti5":"308.57","frp":"56.98","daynight":"D","commune":"Lacanau","code_insee":"33214","departement":"Gironde","region":"Nouvelle-Aquitaine"}},{"type":"Feature","geometry":{"type":"Point","coordinates":[6.05634,47.96725]},"properties":{"latitude":"47.96725","longitude":"6.05634","bright_ti4":"342.83","scan":"0.38","track":"0.36","acq_date":"2026-07-26","acq_time":"1221","satellite":"N21","instrument":"VIIRS","confidence":"n","version":"2.0NRT","bright_ti5":"308.82","frp":"4.35","daynight":"D","commune":"Passavant-la-Rochère","code_insee":"70404","departement":"Haute-Saône","region":"Bourgogne-Franche-Comté"}},{"type":"Feature","geometry":{"type":"Point","coordinates":[2.98181,48.38812]},"properties":{"latitude":"48.38812","longitude":"2.98181","bright_ti4":"302.89","scan":"0.42","track":"0.45","acq_date":"2026-07-26","acq_time":"130","satellite":"N","instrument":"VIIRS","confidence":"n","version":"2.0NRT","bright_ti5":"290.27","frp":"0.86","daynight":"N","commune":"Montereau-Fault-Yonne","code_insee":"77305","departement":"Seine-et-Marne","region":"Île-de-France"}},{"type":"Feature","geometry":{"type":"Point","coordinates":[2.73609,48.94794]},"properties":{"latitude":"48.94794","longitude":"2.73609","bright_ti4":"297.83","scan":"0.43","track":"0.46","acq_date":"2026-07-26","acq_time":"130","satellite":"N","instrument":"VIIRS","confidence":"n","version":"2.0NRT","bright_ti5":"287.5","frp":"0.77","daynight":"N","commune":"Fresnes-sur-Marne","code_insee":"77196","departement":"Seine-et-Marne","region":"Île-de-France"}},{"type":"Feature","geometry":{"type":"Point","coordinates":[2.48927,48.94993]},"properties":{"latitude":"48.94993","longitude":"2.48927","bright_ti4":"303.86","scan":"0.44","track":"0.46","acq_date":"2026-07-26","acq_time":"130","satellite":"N","instrument":"VIIRS","confidence":"n","version":"2.0NRT","bright_ti5":"288.59","frp":"0.52","daynight":"N","commune":"Aulnay-sous-Bois","code_insee":"93005","departement":"Seine-Saint-Denis","region":"Île-de-France"}},{"type":"Feature","geometry":{"type":"Point","coordinates":[1.76247,48.98328]},"properties":{"latitude":"48.98328","longitude":"1.76247","bright_ti4":"311.2","scan":"0.48","track":"0.48","acq_date":"2026-07-26","acq_time":"130","satellite":"N","instrument":"VIIRS","confidence":"n","version":"2.0NRT","bright_ti5":"288.38","frp":"0.72","daynight":"N","commune":"Porcheville","code_insee":"78501","departement":"Yvelines","region":"Île-de-France"}},{"type":"Feature","geometry":{"type":"Point","coordinates":[6.14741,49.31878]},"properties":{"latitude":"49.31878","longitude":"6.14741","bright_ti4":"300.91","scan":"0.48","track":"0.4","acq_date":"2026-07-26","acq_time":"130","satellite":"N","instrument":"VIIRS","confidence":"n","version":"2.0NRT","bright_ti5":"288.89","frp":"0.52","daynight":"N","commune":"Florange","code_insee":"57221","departement":"Moselle","region":"Grand Est"}},{"type":"Feature","geometry":{"type":"Point","coordinates":[6.10074,49.32395]},"properties":{"latitude":"49.32395","longitude":"6.10074","bright_ti4":"303.09","scan":"0.49","track":"0.4","acq_date":"2026-07-26","acq_time":"130","satellite":"N","instrument":"VIIRS","confidence":"n","version":"2.0NRT","bright_ti5":"289.08","frp":"0.69","daynight":"N","commune":"Serémange-Erzange","code_insee":"57647","departement":"Moselle","region":"Grand Est"}},{"type":"Feature","geometry":{"type":"Point","coordinates":[3.48967,50.33516]},"properties":{"latitude":"50.33516","longitude":"3.48967","bright_ti4":"298.86","scan":"0.42","track":"0.45","acq_date":"2026-07-26","acq_time":"130","satellite":"N","instrument":"VIIRS","confidence":"n","version":"2.0NRT","bright_ti5":"286.32","frp":"1.18","daynight":"N","commune":"Trith-Saint-Léger","code_insee":"59603","departement":"Nord","region":"Hauts-de-France"}},{"type":"Feature","geometry":{"type":"Point","coordinates":[3.49644,50.33884]},"properties":{"latitude":"50.33884","longitude":"3.49644","bright_ti4":"298.74","scan":"0.42","track":"0.45","acq_date":"2026-07-26","acq_time":"130","satellite":"N","instrument":"VIIRS","confidence":"n","version":"2.0NRT","bright_ti5":"287.93","frp":"0.76","daynight":"N","commune":"Valenciennes","code_insee":"59606","departement":"Nord","region":"Hauts-de-France"}},{"type":"Feature","geometry":{"type":"Point","coordinates":[2.11009,50.69824]},"properties":{"latitude":"50.69824","longitude":"2.11009","bright_ti4":"299.04","scan":"0.48","track":"0.48","acq_date":"2026-07-26","acq_time":"130","satellite":"N","instrument":"VIIRS","confidence":"n","version":"2.0NRT","bright_ti5":"285.91","frp":"0.41","daynight":"N","commune":"Lumbres","code_insee":"62534","departement":"Pas-de-Calais","region":"Hauts-de-France"}},{"type":"Feature","geometry":{"type":"Point","coordinates":[2.26979,51.02654]},"properties":{"latitude":"51.02654","longitude":"2.26979","bright_ti4":"306.25","scan":"0.48","track":"0.48","acq_date":"2026-07-26","acq_time":"130","satellite":"N","instrument":"VIIRS","confidence":"n","version":"2.0NRT","bright_ti5":"283.06","frp":"1.17","daynight":"N","commune":"Grande-Synthe","code_insee":"59271","departement":"Nord","region":"Hauts-de-France"}},{"type":"Feature","geometry":{"type":"Point","coordinates":[2.27753,51.0305]},"properties":{"latitude":"51.0305","longitude":"2.27753","bright_ti4":"296.15","scan":"0.48","track":"0.48","acq_date":"2026-07-26","acq_time":"130","satellite":"N","instrument":"VIIRS","confidence":"n","version":"2.0NRT","bright_ti5":"282.1","frp":"1.07","daynight":"N","commune":"Grande-Synthe","code_insee":"59271","departement":"Nord","region":"Hauts-de-France"}},{"type":"Feature","geometry":{"type":"Point","coordinates":[2.28525,51.03446]},"properties":{"latitude":"51.03446","longitude":"2.28525","bright_ti4":"316.64","scan":"0.48","track":"0.48","acq_date":"2026-07-26","acq_time":"130","satellite":"N","instrument":"VIIRS","confidence":"n","version":"2.0NRT","bright_ti5":"282.32","frp":"1.07","daynight":"N","commune":"Grande-Synthe","code_insee":"59271","departement":"Nord","region":"Hauts-de-France"}},{"type":"Feature","geometry":{"type":"Point","coordinates":[2.27832,51.03496]},"properties":{"latitude":"51.03496","longitude":"2.27832","bright_ti4":"304.49","scan":"0.48","track":"0.48","acq_date":"2026-07-26","acq_time":"130","satellite":"N","instrument":"VIIRS","confidence":"n","version":"2.0NRT","bright_ti5":"278.21","frp":"1.07","daynight":"N","commune":"Grande-Synthe","code_insee":"59271","departement":"Nord","region":"Hauts-de-France"}},{"type":"Feature","geometry":{"type":"Point","coordinates":[2.2791,51.03941]},"properties":{"latitude":"51.03941","longitude":"2.2791","bright_ti4":"298.69","scan":"0.48","track":"0.48","acq_date":"2026-07-26","acq_time":"130","satellite":"N","instrument":"VIIRS","confidence":"n","version":"2.0NRT","bright_ti5":"279.38","frp":"1.13","daynight":"N","commune":"Grande-Synthe","code_insee":"59271","departement":"Nord","region":"Hauts-de-France"}},{"type":"Feature","geometry":{"type":"Point","coordinates":[2.29375,51.04287]},"properties":{"latitude":"51.04287","longitude":"2.29375","bright_ti4":"310.71","scan":"0.48","track":"0.48","acq_date":"2026-07-26","acq_time":"130","satellite":"N","instrument":"VIIRS","confidence":"n","version":"2.0NRT","bright_ti5":"286.97","frp":"2.63","daynight":"N","commune":"Grande-Synthe","code_insee":"59271","departement":"Nord","region":"Hauts-de-France"}},{"type":"Feature","geometry":{"type":"Point","coordinates":[2.29453,51.04733]},"properties":{"latitude":"51.04733","longitude":"2.29453","bright_ti4":"323.48","scan":"0.48","track":"0.48","acq_date":"2026-07-26","acq_time":"130","satellite":"N","instrument":"VIIRS","confidence":"n","version":"2.0NRT","bright_ti5":"286.88","frp":"3.22","daynight":"N","commune":"Grande-Synthe","code_insee":"59271","departement":"Nord","region":"Hauts-de-France"}},{"type":"Feature","geometry":{"type":"Point","coordinates":[9.39724,42.62599]},"properties":{"latitude":"42.62599","longitude":"9.39724","bright_ti4":"332.35","scan":"0.38","track":"0.36","acq_date":"2026-07-26","acq_time":"132","satellite":"N","instrument":"VIIRS","confidence":"n","version":"2.0NRT","bright_ti5":"291.98","frp":"1.59","daynight":"N","commune":"Oletta","code_insee":"2B185","departement":"Haute-Corse","region":"Corse"}},{"type":"Feature","geometry":{"type":"Point","coordinates":[9.39256,42.62675]},"properties":{"latitude":"42.62675","longitude":"9.39256","bright_ti4":"305.63","scan":"0.38","track":"0.36","acq_date":"2026-07-26","acq_time":"132","satellite":"N","instrument":"VIIRS","confidence":"n","version":"2.0NRT","bright_ti5":"289.19","frp":"1.59","daynight":"N","commune":"Oletta","code_insee":"2B185","departement":"Haute-Corse","region":"Corse"}},{"type":"Feature","geometry":{"type":"Point","coordinates":[5.2474,43.42802]},"properties":{"latitude":"43.42802","longitude":"5.2474","bright_ti4":"333.15","scan":"0.45","track":"0.39","acq_date":"2026-07-26","acq_time":"132","satellite":"N","instrument":"VIIRS","confidence":"n","version":"2.0NRT","bright_ti5":"291.78","frp":"11.61","daynight":"N","commune":"Vitrolles","code_insee":"13117","departement":"Bouches-du-Rhône","region":"Provence-Alpes-Côte d'Azur"}},{"type":"Feature","geometry":{"type":"Point","coordinates":[5.24833,43.42895]},"properties":{"latitude":"43.42895","longitude":"5.24833","bright_ti4":"343.76","scan":"0.45","track":"0.39","acq_date":"2026-07-26","acq_time":"132","satellite":"N","instrument":"VIIRS","confidence":"n","version":"2.0NRT","bright_ti5":"292.09","frp":"6.71","daynight":"N","commune":"Vitrolles","code_insee":"13117","departement":"Bouches-du-Rhône","region":"Provence-Alpes-Côte d'Azur"}},{"type":"Feature","geometry":{"type":"Point","coordinates":[5.2492,43.43252]},"properties":{"latitude":"43.43252","longitude":"5.2492","bright_ti4":"301.13","scan":"0.45","track":"0.39","acq_date":"2026-07-26","acq_time":"132","satellite":"N","instrument":"VIIRS","confidence":"n","version":"2.0NRT","bright_ti5":"289.47","frp":"6.71","daynight":"N","commune":"Vitrolles","code_insee":"13117","departement":"Bouches-du-Rhône","region":"Provence-Alpes-Côte d'Azur"}},{"type":"Feature","geometry":{"type":"Point","coordinates":[4.88823,43.43496]},"properties":{"latitude":"43.43496","longitude":"4.88823","bright_ti4":"331.25","scan":"0.46","track":"0.39","acq_date":"2026-07-26","acq_time":"132","satellite":"N","instrument":"VIIRS","confidence":"n","version":"2.0NRT","bright_ti5":"291.74","frp":"4.24","daynight":"N","commune":"Fos-sur-Mer","code_insee":"13039","departement":"Bouches-du-Rhône","region":"Provence-Alpes-Côte d'Azur"}},{"type":"Feature","geometry":{"type":"Point","coordinates":[5.4602,43.45424]},"properties":{"latitude":"43.45424","longitude":"5.4602","bright_ti4":"301.23","scan":"0.44","track":"0.39","acq_date":"2026-07-26","acq_time":"132","satellite":"N","instrument":"VIIRS","confidence":"n","version":"2.0NRT","bright_ti5":"290.1","frp":"0.45","daynight":"N","commune":"Gardanne","code_insee":"13041","departement":"Bouches-du-Rhône","region":"Provence-Alpes-Côte d'Azur"}},{"type":"Feature","geometry":{"type":"Point","coordinates":[3.8071,43.55141]},"properties":{"latitude":"43.55141","longitude":"3.8071","bright_ti4":"308.91","scan":"0.51","track":"0.41","acq_date":"2026-07-26","acq_time":"132","satellite":"N","instrument":"VIIRS","confidence":"n","version":"2.0NRT","bright_ti5":"288.69","frp":"1.19","daynight":"N","commune":"Fabrègues","code_insee":"34095","departement":"Hérault","region":"Occitanie"}},{"type":"Feature","geometry":{"type":"Point","coordinates":[-0.83917,44.73915]},"properties":{"latitude":"44.73915","longitude":"-0.83917","bright_ti4":"332.08","scan":"0.57","track":"0.52","acq_date":"2026-07-26","acq_time":"132","satellite":"N","instrument":"VIIRS","confidence":"n","version":"2.0NRT","bright_ti5":"286.65","frp":"21.97","daynight":"N","commune":"Saint-Jean-d'Illac","code_insee":"33422","departement":"Gironde","region":"Nouvelle-Aquitaine"}},{"type":"Feature","geometry":{"type":"Point","coordinates":[-0.825,44.74134]},"properties":{"latitude":"44.74134","longitude":"-0.825","bright_ti4":"300.63","scan":"0.57","track":"0.52","acq_date":"2026-07-26","acq_time":"132","satellite":"N","instrument":"VIIRS","confidence":"n","version":"2.0NRT","bright_ti5":"283.43","frp":"0.97","daynight":"N","commune":"Saint-Jean-d'Illac","code_insee":"33422","departement":"Gironde","region":"Nouvelle-Aquitaine"}},{"type":"Feature","geometry":{"type":"Point","coordinates":[-0.83241,44.74179]},"properties":{"latitude":"44.74179","longitude":"-0.83241","bright_ti4":"299.43","scan":"0.57","track":"0.52","acq_date":"2026-07-26","acq_time":"132","satellite":"N","instrument":"VIIRS","confidence":"n","version":"2.0NRT","bright_ti5":"283.27","frp":"0.97","daynight":"N","commune":"Saint-Jean-d'Illac","code_insee":"33422","departement":"Gironde","region":"Nouvelle-Aquitaine"}},{"type":"Feature","geometry":{"type":"Point","coordinates":[-0.83984,44.74225]},"properties":{"latitude":"44.74225","longitude":"-0.83984","bright_ti4":"302.51","scan":"0.57","track":"0.52","acq_date":"2026-07-26","acq_time":"132","satellite":"N","instrument":"VIIRS","confidence":"n","version":"2.0NRT","bright_ti5":"281.99","frp":"0.54","daynight":"N","commune":"Saint-Jean-d'Illac","code_insee":"33422","departement":"Gironde","region":"Nouvelle-Aquitaine"}},{"type":"Feature","geometry":{"type":"Point","coordinates":[-0.92288,44.85737]},"properties":{"latitude":"44.85737","longitude":"-0.92288","bright_ti4":"299.84","scan":"0.58","track":"0.52","acq_date":"2026-07-26","acq_time":"132","satellite":"N","instrument":"VIIRS","confidence":"n","version":"2.0NRT","bright_ti5":"286.02","frp":"1.09","daynight":"N","commune":"Le Temple","code_insee":"33528","departement":"Gironde","region":"Nouvelle-Aquitaine"}},{"type":"Feature","geometry":{"type":"Point","coordinates":[-0.83411,44.73857]},"properties":{"latitude":"44.73857","longitude":"-0.83411","bright_ti4":"329.86","scan":"0.43","track":"0.62","acq_date":"2026-07-26","acq_time":"310","satellite":"N","instrument":"VIIRS","confidence":"n","version":"2.0NRT","bright_ti5":"286.96","frp":"4.84","daynight":"N","commune":"Saint-Jean-d'Illac","code_insee":"33422","departement":"Gironde","region":"Nouvelle-Aquitaine"}},{"type":"Feature","geometry":{"type":"Point","coordinates":[-0.83919,44.74011]},"properties":{"latitude":"44.74011","longitude":"-0.83919","bright_ti4":"310.39","scan":"0.43","track":"0.62","acq_date":"2026-07-26","acq_time":"310","satellite":"N","instrument":"VIIRS","confidence":"n","version":"2.0NRT","bright_ti5":"286.62","frp":"4.84","daynight":"N","commune":"Saint-Jean-d'Illac","code_insee":"33422","departement":"Gironde","region":"Nouvelle-Aquitaine"}},{"type":"Feature","geometry":{"type":"Point","coordinates":[-0.84428,44.74166]},"properties":{"latitude":"44.74166","longitude":"-0.84428","bright_ti4":"313.1","scan":"0.43","track":"0.62","acq_date":"2026-07-26","acq_time":"310","satellite":"N","instrument":"VIIRS","confidence":"n","version":"2.0NRT","bright_ti5":"286.69","frp":"2.43","daynight":"N","commune":"Saint-Jean-d'Illac","code_insee":"33422","departement":"Gironde","region":"Nouvelle-Aquitaine"}},{"type":"Feature","geometry":{"type":"Point","coordinates":[-0.8716,44.7562]},"properties":{"latitude":"44.7562","longitude":"-0.8716","bright_ti4":"297.82","scan":"0.42","track":"0.61","acq_date":"2026-07-26","acq_time":"310","satellite":"N","instrument":"VIIRS","confidence":"n","version":"2.0NRT","bright_ti5":"284.69","frp":"2.71","daynight":"N","commune":"Saint-Jean-d'Illac","code_insee":"33422","departement":"Gironde","region":"Nouvelle-Aquitaine"}},{"type":"Feature","geometry":{"type":"Point","coordinates":[-1.11939,44.77721]},"properties":{"latitude":"44.77721","longitude":"-1.11939","bright_ti4":"304.67","scan":"0.41","track":"0.61","acq_date":"2026-07-26","acq_time":"310","satellite":"N","instrument":"VIIRS","confidence":"n","version":"2.0NRT","bright_ti5":"286.13","frp":"5.95","daynight":"N","commune":"Arès","code_insee":"33011","departement":"Gironde","region":"Nouvelle-Aquitaine"}},{"type":"Feature","geometry":{"type":"Point","coordinates":[-0.99,44.84459]},"properties":{"latitude":"44.84459","longitude":"-0.99","bright_ti4":"303.31","scan":"0.42","track":"0.61","acq_date":"2026-07-26","acq_time":"310","satellite":"N","instrument":"VIIRS","confidence":"n","version":"2.0NRT","bright_ti5":"284.85","frp":"1.44","daynight":"N","commune":"Le Temple","code_insee":"33528","departement":"Gironde","region":"Nouvelle-Aquitaine"}},{"type":"Feature","geometry":{"type":"Point","coordinates":[4.56596,48.76933]},"properties":{"latitude":"48.76933","longitude":"4.56596","bright_ti4":"295.13","scan":"0.53","track":"0.67","acq_date":"2026-07-26","acq_time":"310","satellite":"N","instrument":"VIIRS","confidence":"n","version":"2.0NRT","bright_ti5":"284.9","frp":"0.85","daynight":"N","commune":"Couvrot","code_insee":"51195","departement":"Marne","region":"Grand Est"}},{"type":"Feature","geometry":{"type":"Point","coordinates":[6.09816,49.32419]},"properties":{"latitude":"49.32419","longitude":"6.09816","bright_ti4":"301.84","scan":"0.58","track":"0.7","acq_date":"2026-07-26","acq_time":"310","satellite":"N","instrument":"VIIRS","confidence":"n","version":"2.0NRT","bright_ti5":"285.78","frp":"1.39","daynight":"N","commune":"Serémange-Erzange","code_insee":"57647","departement":"Moselle","region":"Grand Est"}},{"type":"Feature","geometry":{"type":"Point","coordinates":[3.49261,50.33943]},"properties":{"latitude":"50.33943","longitude":"3.49261","bright_ti4":"303.43","scan":"0.43","track":"0.62","acq_date":"2026-07-26","acq_time":"310","satellite":"N","instrument":"VIIRS","confidence":"n","version":"2.0NRT","bright_ti5":"285.37","frp":"1.18","daynight":"N","commune":"Trith-Saint-Léger","code_insee":"59603","departement":"Nord","region":"Hauts-de-France"}},{"type":"Feature","geometry":{"type":"Point","coordinates":[2.26888,51.02806]},"properties":{"latitude":"51.02806","longitude":"2.26888","bright_ti4":"300.6","scan":"0.36","track":"0.58","acq_date":"2026-07-26","acq_time":"310","satellite":"N","instrument":"VIIRS","confidence":"n","version":"2.0NRT","bright_ti5":"285.12","frp":"1.3","daynight":"N","commune":"Grande-Synthe","code_insee":"59271","departement":"Nord","region":"Hauts-de-France"}},{"type":"Feature","geometry":{"type":"Point","coordinates":[2.28599,51.0348]},"properties":{"latitude":"51.0348","longitude":"2.28599","bright_ti4":"316.93","scan":"0.36","track":"0.58","acq_date":"2026-07-26","acq_time":"310","satellite":"N","instrument":"VIIRS","confidence":"n","version":"2.0NRT","bright_ti5":"285.4","frp":"1.99","daynight":"N","commune":"Grande-Synthe","code_insee":"59271","departement":"Nord","region":"Hauts-de-France"}},{"type":"Feature","geometry":{"type":"Point","coordinates":[2.2812,51.03627]},"properties":{"latitude":"51.03627","longitude":"2.2812","bright_ti4":"325.79","scan":"0.36","track":"0.58","acq_date":"2026-07-26","acq_time":"310","satellite":"N","instrument":"VIIRS","confidence":"n","version":"2.0NRT","bright_ti5":"285.91","frp":"1.99","daynight":"N","commune":"Grande-Synthe","code_insee":"59271","departement":"Nord","region":"Hauts-de-France"}},{"type":"Feature","geometry":{"type":"Point","coordinates":[2.29836,51.043]},"properties":{"latitude":"51.043","longitude":"2.29836","bright_ti4":"306.54","scan":"0.36","track":"0.58","acq_date":"2026-07-26","acq_time":"310","satellite":"N","instrument":"VIIRS","confidence":"n","version":"2.0NRT","bright_ti5":"286.57","frp":"1.47","daynight":"N","commune":"Grande-Synthe","code_insee":"59271","departement":"Nord","region":"Hauts-de-France"}},{"type":"Feature","geometry":{"type":"Point","coordinates":[2.29358,51.04446]},"properties":{"latitude":"51.04446","longitude":"2.29358","bright_ti4":"307.52","scan":"0.36","track":"0.58","acq_date":"2026-07-26","acq_time":"310","satellite":"N","instrument":"VIIRS","confidence":"n","version":"2.0NRT","bright_ti5":"285.57","frp":"1.66","daynight":"N","commune":"Grande-Synthe","code_insee":"59271","departement":"Nord","region":"Hauts-de-France"}},{"type":"Feature","geometry":{"type":"Point","coordinates":[0.15845,46.80826]},"properties":{"latitude":"46.80826","longitude":"0.15845","bright_ti4":"311.06","scan":"0.41","track":"0.6","acq_date":"2026-07-26","acq_time":"313","satellite":"N","instrument":"VIIRS","confidence":"n","version":"2.0NRT","bright_ti5":"285.23","frp":"2.3","daynight":"N","commune":"Chouppes","code_insee":"86075","departement":"Vienne","region":"Nouvelle-Aquitaine"}},{"type":"Feature","geometry":{"type":"Point","coordinates":[9.39299,42.624]},"properties":{"latitude":"42.624","longitude":"9.39299","bright_ti4":"332.16","scan":"0.61","track":"0.71","acq_date":"2026-07-26","acq_time":"1117","satellite":"N","instrument":"VIIRS","confidence":"n","version":"2.0NRT","bright_ti5":"294.46","frp":"8.85","daynight":"D","commune":"Oletta","code_insee":"2B185","departement":"Haute-Corse","region":"Corse"}},{"type":"Feature","geometry":{"type":"Point","coordinates":[9.38717,42.62453]},"properties":{"latitude":"42.62453","longitude":"9.38717","bright_ti4":"329.47","scan":"0.61","track":"0.71","acq_date":"2026-07-26","acq_time":"1117","satellite":"N","instrument":"VIIRS","confidence":"n","version":"2.0NRT","bright_ti5":"289.98","frp":"5.03","daynight":"D","commune":"Oletta","code_insee":"2B185","departement":"Haute-Corse","region":"Corse"}},{"type":"Feature","geometry":{"type":"Point","coordinates":[-0.83311,44.73875]},"properties":{"latitude":"44.73875","longitude":"-0.83311","bright_ti4":"314.58","scan":"0.46","track":"0.39","acq_date":"2026-07-26","acq_time":"149","satellite":"N20","instrument":"VIIRS","confidence":"n","version":"2.0NRT","bright_ti5":"287.64","frp":"1.31","daynight":"N","commune":"Saint-Jean-d'Illac","code_insee":"33422","departement":"Gironde","region":"Nouvelle-Aquitaine"}},{"type":"Feature","geometry":{"type":"Point","coordinates":[-0.83886,44.73944]},"properties":{"latitude":"44.73944","longitude":"-0.83886","bright_ti4":"346.91","scan":"0.46","track":"0.39","acq_date":"2026-07-26","acq_time":"149","satellite":"N20","instrument":"VIIRS","confidence":"n","version":"2.0NRT","bright_ti5":"295.57","frp":"7.86","daynight":"N","commune":"Saint-Jean-d'Illac","code_insee":"33422","departement":"Gironde","region":"Nouvelle-Aquitaine"}},{"type":"Feature","geometry":{"type":"Point","coordinates":[-0.82651,44.74163]},"properties":{"latitude":"44.74163","longitude":"-0.82651","bright_ti4":"301.87","scan":"0.46","track":"0.39","acq_date":"2026-07-26","acq_time":"149","satellite":"N20","instrument":"VIIRS","confidence":"n","version":"2.0NRT","bright_ti5":"286.34","frp":"1.31","daynight":"N","commune":"Saint-Jean-d'Illac","code_insee":"33422","departement":"Gironde","region":"Nouvelle-Aquitaine"}},{"type":"Feature","geometry":{"type":"Point","coordinates":[-0.83226,44.74232]},"properties":{"latitude":"44.74232","longitude":"-0.83226","bright_ti4":"305.57","scan":"0.46","track":"0.39","acq_date":"2026-07-26","acq_time":"149","satellite":"N20","instrument":"VIIRS","confidence":"n","version":"2.0NRT","bright_ti5":"285.07","frp":"1.31","daynight":"N","commune":"Saint-Jean-d'Illac","code_insee":"33422","departement":"Gironde","region":"Nouvelle-Aquitaine"}},{"type":"Feature","geometry":{"type":"Point","coordinates":[-0.83802,44.743]},"properties":{"latitude":"44.743","longitude":"-0.83802","bright_ti4":"304.41","scan":"0.46","track":"0.39","acq_date":"2026-07-26","acq_time":"149","satellite":"N20","instrument":"VIIRS","confidence":"n","version":"2.0NRT","bright_ti5":"285.12","frp":"7.86","daynight":"N","commune":"Saint-Jean-d'Illac","code_insee":"33422","departement":"Gironde","region":"Nouvelle-Aquitaine"}},{"type":"Feature","geometry":{"type":"Point","coordinates":[-0.84376,44.74369]},"properties":{"latitude":"44.74369","longitude":"-0.84376","bright_ti4":"327.71","scan":"0.46","track":"0.39","acq_date":"2026-07-26","acq_time":"149","satellite":"N20","instrument":"VIIRS","confidence":"n","version":"2.0NRT","bright_ti5":"287.89","frp":"7.86","daynight":"N","commune":"Saint-Jean-d'Illac","code_insee":"33422","departement":"Gironde","region":"Nouvelle-Aquitaine"}},{"type":"Feature","geometry":{"type":"Point","coordinates":[-0.8651,44.75357]},"properties":{"latitude":"44.75357","longitude":"-0.8651","bright_ti4":"306.58","scan":"0.46","track":"0.39","acq_date":"2026-07-26","acq_time":"149","satellite":"N20","instrument":"VIIRS","confidence":"n","version":"2.0NRT","bright_ti5":"286.2","frp":"3.28","daynight":"N","commune":"Saint-Jean-d'Illac","code_insee":"33422","departement":"Gironde","region":"Nouvelle-Aquitaine"}},{"type":"Feature","geometry":{"type":"Point","coordinates":[-0.87001,44.75782]},"properties":{"latitude":"44.75782","longitude":"-0.87001","bright_ti4":"298.44","scan":"0.46","track":"0.39","acq_date":"2026-07-26","acq_time":"149","satellite":"N20","instrument":"VIIRS","confidence":"n","version":"2.0NRT","bright_ti5":"285.57","frp":"1.29","daynight":"N","commune":"Saint-Jean-d'Illac","code_insee":"33422","departement":"Gironde","region":"Nouvelle-Aquitaine"}},{"type":"Feature","geometry":{"type":"Point","coordinates":[2.98201,48.38808]},"properties":{"latitude":"48.38808","longitude":"2.98201","bright_ti4":"329.49","scan":"0.4","track":"0.37","acq_date":"2026-07-26","acq_time":"149","satellite":"N20","instrument":"VIIRS","confidence":"n","version":"2.0NRT","bright_ti5":"291.23","frp":"2.52","daynight":"N","commune":"Montereau-Fault-Yonne","code_insee":"77305","departement":"Seine-et-Marne","region":"Île-de-France"}},{"type":"Feature","geometry":{"type":"Point","coordinates":[4.56645,48.76945]},"properties":{"latitude":"48.76945","longitude":"4.56645","bright_ti4":"302.91","scan":"0.38","track":"0.36","acq_date":"2026-07-26","acq_time":"149","satellite":"N20","instrument":"VIIRS","confidence":"n","version":"2.0NRT","bright_ti5":"289.34","frp":"0.76","daynight":"N","commune":"Couvrot","code_insee":"51195","departement":"Marne","region":"Grand Est"}},{"type":"Feature","geometry":{"type":"Point","coordinates":[1.76318,48.98394]},"properties":{"latitude":"48.98394","longitude":"1.76318","bright_ti4":"327.59","scan":"0.42","track":"0.38","acq_date":"2026-07-26","acq_time":"149","satellite":"N20","instrument":"VIIRS","confidence":"n","version":"2.0NRT","bright_ti5":"291.08","frp":"1.69","daynight":"N","commune":"Porcheville","code_insee":"78501","departement":"Yvelines","region":"Île-de-France"}},{"type":"Feature","geometry":{"type":"Point","coordinates":[6.10183,49.32471]},"properties":{"latitude":"49.32471","longitude":"6.10183","bright_ti4":"301.2","scan":"0.39","track":"0.36","acq_date":"2026-07-26","acq_time":"149","satellite":"N20","instrument":"VIIRS","confidence":"n","version":"2.0NRT","bright_ti5":"289.09","frp":"0.7","daynight":"N","commune":"Serémange-Erzange","code_insee":"57647","departement":"Moselle","region":"Grand Est"}},{"type":"Feature","geometry":{"type":"Point","coordinates":[2.27433,51.02885]},"properties":{"latitude":"51.02885","longitude":"2.27433","bright_ti4":"306.38","scan":"0.43","track":"0.38","acq_date":"2026-07-26","acq_time":"149","satellite":"N20","instrument":"VIIRS","confidence":"n","version":"2.0NRT","bright_ti5":"287.55","frp":"1.3","daynight":"N","commune":"Grande-Synthe","code_insee":"59271","departement":"Nord","region":"Hauts-de-France"}},{"type":"Feature","geometry":{"type":"Point","coordinates":[2.28754,51.03077]},"properties":{"latitude":"51.03077","longitude":"2.28754","bright_ti4":"302.83","scan":"0.43","track":"0.38","acq_date":"2026-07-26","acq_time":"149","satellite":"N20","instrument":"VIIRS","confidence":"n","version":"2.0NRT","bright_ti5":"286.55","frp":"0.71","daynight":"N","commune":"Grande-Synthe","code_insee":"59271","departement":"Nord","region":"Hauts-de-France"}},{"type":"Feature","geometry":{"type":"Point","coordinates":[2.28862,51.03421]},"properties":{"latitude":"51.03421","longitude":"2.28862","bright_ti4":"317.02","scan":"0.43","track":"0.38","acq_date":"2026-07-26","acq_time":"149","satellite":"N20","instrument":"VIIRS","confidence":"n","version":"2.0NRT","bright_ti5":"287.84","frp":"2.13","daynight":"N","commune":"Grande-Synthe","code_insee":"59271","departement":"Nord","region":"Hauts-de-France"}},{"type":"Feature","geometry":{"type":"Point","coordinates":[2.25723,51.03459]},"properties":{"latitude":"51.03459","longitude":"2.25723","bright_ti4":"302.53","scan":"0.43","track":"0.38","acq_date":"2026-07-26","acq_time":"149","satellite":"N20","instrument":"VIIRS","confidence":"n","version":"2.0NRT","bright_ti5":"287.29","frp":"0.62","daynight":"N","commune":"Dunkerque","code_insee":"59183","departement":"Nord","region":"Hauts-de-France"}},{"type":"Feature","geometry":{"type":"Point","coordinates":[2.28365,51.03843]},"properties":{"latitude":"51.03843","longitude":"2.28365","bright_ti4":"327.52","scan":"0.43","track":"0.38","acq_date":"2026-07-26","acq_time":"149","satellite":"N20","instrument":"VIIRS","confidence":"n","version":"2.0NRT","bright_ti5":"286.71","frp":"2.53","daynight":"N","commune":"Grande-Synthe","code_insee":"59271","departement":"Nord","region":"Hauts-de-France"}},{"type":"Feature","geometry":{"type":"Point","coordinates":[2.29685,51.04033]},"properties":{"latitude":"51.04033","longitude":"2.29685","bright_ti4":"326.11","scan":"0.43","track":"0.38","acq_date":"2026-07-26","acq_time":"149","satellite":"N20","instrument":"VIIRS","confidence":"n","version":"2.0NRT","bright_ti5":"287.64","frp":"1.23","daynight":"N","commune":"Grande-Synthe","code_insee":"59271","departement":"Nord","region":"Hauts-de-France"}},{"type":"Feature","geometry":{"type":"Point","coordinates":[2.29079,51.04111]},"properties":{"latitude":"51.04111","longitude":"2.29079","bright_ti4":"297.42","scan":"0.43","track":"0.38","acq_date":"2026-07-26","acq_time":"149","satellite":"N20","instrument":"VIIRS","confidence":"n","version":"2.0NRT","bright_ti5":"284.85","frp":"1.23","daynight":"N","commune":"Grande-Synthe","code_insee":"59271","departement":"Nord","region":"Hauts-de-France"}},{"type":"Feature","geometry":{"type":"Point","coordinates":[2.29754,51.04129]},"properties":{"latitude":"51.04129","longitude":"2.29754","bright_ti4":"322.46","scan":"0.43","track":"0.38","acq_date":"2026-07-26","acq_time":"149","satellite":"N20","instrument":"VIIRS","confidence":"n","version":"2.0NRT","bright_ti5":"288.55","frp":"3.42","daynight":"N","commune":"Grande-Synthe","code_insee":"59271","departement":"Nord","region":"Hauts-de-France"}},{"type":"Feature","geometry":{"type":"Point","coordinates":[2.29147,51.04204]},"properties":{"latitude":"51.04204","longitude":"2.29147","bright_ti4":"303.83","scan":"0.43","track":"0.38","acq_date":"2026-07-26","acq_time":"149","satellite":"N20","instrument":"VIIRS","confidence":"n","version":"2.0NRT","bright_ti5":"286.52","frp":"2.29","daynight":"N","commune":"Grande-Synthe","code_insee":"59271","departement":"Nord","region":"Hauts-de-France"}},{"type":"Feature","geometry":{"type":"Point","coordinates":[2.29794,51.04378]},"properties":{"latitude":"51.04378","longitude":"2.29794","bright_ti4":"301.82","scan":"0.43","track":"0.38","acq_date":"2026-07-26","acq_time":"149","satellite":"N20","instrument":"VIIRS","confidence":"n","version":"2.0NRT","bright_ti5":"287.24","frp":"1.23","daynight":"N","commune":"Grande-Synthe","code_insee":"59271","departement":"Nord","region":"Hauts-de-France"}},{"type":"Feature","geometry":{"type":"Point","coordinates":[2.29863,51.04473]},"properties":{"latitude":"51.04473","longitude":"2.29863","bright_ti4":"332.82","scan":"0.43","track":"0.38","acq_date":"2026-07-26","acq_time":"149","satellite":"N20","instrument":"VIIRS","confidence":"n","version":"2.0NRT","bright_ti5":"287.69","frp":"3.42","daynight":"N","commune":"Grande-Synthe","code_insee":"59271","departement":"Nord","region":"Hauts-de-France"}},{"type":"Feature","geometry":{"type":"Point","coordinates":[2.31898,51.04937]},"properties":{"latitude":"51.04937","longitude":"2.31898","bright_ti4":"302.91","scan":"0.43","track":"0.38","acq_date":"2026-07-26","acq_time":"149","satellite":"N20","instrument":"VIIRS","confidence":"n","version":"2.0NRT","bright_ti5":"289.58","frp":"1.65","daynight":"N","commune":"Dunkerque","code_insee":"59183","departement":"Nord","region":"Hauts-de-France"}},{"type":"Feature","geometry":{"type":"Point","coordinates":[5.25008,43.42988]},"properties":{"latitude":"43.42988","longitude":"5.25008","bright_ti4":"328.45","scan":"0.41","track":"0.37","acq_date":"2026-07-26","acq_time":"152","satellite":"N20","instrument":"VIIRS","confidence":"n","version":"2.0NRT","bright_ti5":"291.09","frp":"2.56","daynight":"N","commune":"Vitrolles","code_insee":"13117","departement":"Bouches-du-Rhône","region":"Provence-Alpes-Côte d'Azur"}},{"type":"Feature","geometry":{"type":"Point","coordinates":[5.24518,43.43076]},"properties":{"latitude":"43.43076","longitude":"5.24518","bright_ti4":"302.06","scan":"0.41","track":"0.37","acq_date":"2026-07-26","acq_time":"152","satellite":"N20","instrument":"VIIRS","confidence":"n","version":"2.0NRT","bright_ti5":"290.02","frp":"1.57","daynight":"N","commune":"Vitrolles","code_insee":"13117","departement":"Bouches-du-Rhône","region":"Provence-Alpes-Côte d'Azur"}},{"type":"Feature","geometry":{"type":"Point","coordinates":[4.89519,43.4334]},"properties":{"latitude":"43.4334","longitude":"4.89519","bright_ti4":"300.99","scan":"0.4","track":"0.37","acq_date":"2026-07-26","acq_time":"152","satellite":"N20","instrument":"VIIRS","confidence":"n","version":"2.0NRT","bright_ti5":"290.09","frp":"2.39","daynight":"N","commune":"Fos-sur-Mer","code_insee":"13039","departement":"Bouches-du-Rhône","region":"Provence-Alpes-Côte d'Azur"}},{"type":"Feature","geometry":{"type":"Point","coordinates":[4.88552,43.43511]},"properties":{"latitude":"43.43511","longitude":"4.88552","bright_ti4":"328.63","scan":"0.4","track":"0.37","acq_date":"2026-07-26","acq_time":"152","satellite":"N20","instrument":"VIIRS","confidence":"n","version":"2.0NRT","bright_ti5":"290.84","frp":"2.51","daynight":"N","commune":"Fos-sur-Mer","code_insee":"13039","departement":"Bouches-du-Rhône","region":"Provence-Alpes-Côte d'Azur"}},{"type":"Feature","geometry":{"type":"Point","coordinates":[4.88287,43.44257]},"properties":{"latitude":"43.44257","longitude":"4.88287","bright_ti4":"311.65","scan":"0.4","track":"0.37","acq_date":"2026-07-26","acq_time":"152","satellite":"N20","instrument":"VIIRS","confidence":"n","version":"2.0NRT","bright_ti5":"292","frp":"3.09","daynight":"N","commune":"Fos-sur-Mer","code_insee":"13039","departement":"Bouches-du-Rhône","region":"Provence-Alpes-Côte d'Azur"}},{"type":"Feature","geometry":{"type":"Point","coordinates":[4.89473,43.44747]},"properties":{"latitude":"43.44747","longitude":"4.89473","bright_ti4":"327.93","scan":"0.4","track":"0.37","acq_date":"2026-07-26","acq_time":"152","satellite":"N20","instrument":"VIIRS","confidence":"n","version":"2.0NRT","bright_ti5":"292.32","frp":"11.38","daynight":"N","commune":"Fos-sur-Mer","code_insee":"13039","departement":"Bouches-du-Rhône","region":"Provence-Alpes-Côte d'Azur"}},{"type":"Feature","geometry":{"type":"Point","coordinates":[2.28681,51.03625]},"properties":{"latitude":"51.03625","longitude":"2.28681","bright_ti4":"316.17","scan":"0.64","track":"0.72","acq_date":"2026-07-26","acq_time":"328","satellite":"N20","instrument":"VIIRS","confidence":"n","version":"2.0NRT","bright_ti5":"284.65","frp":"3.34","daynight":"N","commune":"Grande-Synthe","code_insee":"59271","departement":"Nord","region":"Hauts-de-France"}},{"type":"Feature","geometry":{"type":"Point","coordinates":[2.28461,51.03886]},"properties":{"latitude":"51.03886","longitude":"2.28461","bright_ti4":"323.39","scan":"0.64","track":"0.72","acq_date":"2026-07-26","acq_time":"328","satellite":"N20","instrument":"VIIRS","confidence":"n","version":"2.0NRT","bright_ti5":"283.98","frp":"2.26","daynight":"N","commune":"Grande-Synthe","code_insee":"59271","departement":"Nord","region":"Hauts-de-France"}},{"type":"Feature","geometry":{"type":"Point","coordinates":[2.27893,51.03928]},"properties":{"latitude":"51.03928","longitude":"2.27893","bright_ti4":"303.73","scan":"0.64","track":"0.72","acq_date":"2026-07-26","acq_time":"328","satellite":"N20","instrument":"VIIRS","confidence":"n","version":"2.0NRT","bright_ti5":"283.4","frp":"5.16","daynight":"N","commune":"Grande-Synthe","code_insee":"59271","departement":"Nord","region":"Hauts-de-France"}},{"type":"Feature","geometry":{"type":"Point","coordinates":[2.29233,51.04199]},"properties":{"latitude":"51.04199","longitude":"2.29233","bright_ti4":"296.46","scan":"0.64","track":"0.72","acq_date":"2026-07-26","acq_time":"328","satellite":"N20","instrument":"VIIRS","confidence":"n","version":"2.0NRT","bright_ti5":"283.92","frp":"3.52","daynight":"N","commune":"Grande-Synthe","code_insee":"59271","departement":"Nord","region":"Hauts-de-France"}},{"type":"Feature","geometry":{"type":"Point","coordinates":[2.30367,51.04731]},"properties":{"latitude":"51.04731","longitude":"2.30367","bright_ti4":"301.78","scan":"0.65","track":"0.73","acq_date":"2026-07-26","acq_time":"328","satellite":"N20","instrument":"VIIRS","confidence":"n","version":"2.0NRT","bright_ti5":"284.11","frp":"1.82","daynight":"N","commune":"Grande-Synthe","code_insee":"59271","departement":"Nord","region":"Hauts-de-France"}},{"type":"Feature","geometry":{"type":"Point","coordinates":[2.31921,51.04739]},"properties":{"latitude":"51.04739","longitude":"2.31921","bright_ti4":"297.86","scan":"0.65","track":"0.73","acq_date":"2026-07-26","acq_time":"328","satellite":"N20","instrument":"VIIRS","confidence":"n","version":"2.0NRT","bright_ti5":"284.19","frp":"1.6","daynight":"N","commune":"Dunkerque","code_insee":"59183","departement":"Nord","region":"Hauts-de-France"}},{"type":"Feature","geometry":{"type":"Point","coordinates":[9.39771,42.62164]},"properties":{"latitude":"42.62164","longitude":"9.39771","bright_ti4":"367","scan":"0.32","track":"0.54","acq_date":"2026-07-26","acq_time":"1134","satellite":"N20","instrument":"VIIRS","confidence":"h","version":"2.0NRT","bright_ti5":"301.74","frp":"16.74","daynight":"D","commune":"Oletta","code_insee":"2B185","departement":"Haute-Corse","region":"Corse"}},{"type":"Feature","geometry":{"type":"Point","coordinates":[9.39289,42.62571]},"properties":{"latitude":"42.62571","longitude":"9.39289","bright_ti4":"336.53","scan":"0.32","track":"0.54","acq_date":"2026-07-26","acq_time":"1134","satellite":"N20","instrument":"VIIRS","confidence":"n","version":"2.0NRT","bright_ti5":"295.54","frp":"16.74","daynight":"D","commune":"Oletta","code_insee":"2B185","departement":"Haute-Corse","region":"Corse"}},{"type":"Feature","geometry":{"type":"Point","coordinates":[4.88761,43.44073]},"properties":{"latitude":"43.44073","longitude":"4.88761","bright_ti4":"345.29","scan":"0.49","track":"0.65","acq_date":"2026-07-26","acq_time":"1134","satellite":"N20","instrument":"VIIRS","confidence":"n","version":"2.0NRT","bright_ti5":"290.49","frp":"16.63","daynight":"D","commune":"Fos-sur-Mer","code_insee":"13039","departement":"Bouches-du-Rhône","region":"Provence-Alpes-Côte d'Azur"}},{"type":"Feature","geometry":{"type":"Point","coordinates":[4.88762,43.44374]},"properties":{"latitude":"43.44374","longitude":"4.88762","bright_ti4":"331.52","scan":"0.49","track":"0.65","acq_date":"2026-07-26","acq_time":"1134","satellite":"N20","instrument":"VIIRS","confidence":"n","version":"2.0NRT","bright_ti5":"290.56","frp":"13.41","daynight":"D","commune":"Fos-sur-Mer","code_insee":"13039","departement":"Bouches-du-Rhône","region":"Provence-Alpes-Côte d'Azur"}},{"type":"Feature","geometry":{"type":"Point","coordinates":[2.98353,48.38795]},"properties":{"latitude":"48.38795","longitude":"2.98353","bright_ti4":"302.83","scan":"0.42","track":"0.61","acq_date":"2026-07-26","acq_time":"54","satellite":"N21","instrument":"VIIRS","confidence":"n","version":"2.0NRT","bright_ti5":"287.53","frp":"1.21","daynight":"N","commune":"Montereau-Fault-Yonne","code_insee":"77305","departement":"Seine-et-Marne","region":"Île-de-France"}},{"type":"Feature","geometry":{"type":"Point","coordinates":[6.96834,48.6917]},"properties":{"latitude":"48.6917","longitude":"6.96834","bright_ti4":"300.13","scan":"0.54","track":"0.51","acq_date":"2026-07-26","acq_time":"54","satellite":"N21","instrument":"VIIRS","confidence":"n","version":"2.0NRT","bright_ti5":"286.76","frp":"1.59","daynight":"N","commune":"Héming","code_insee":"57314","departement":"Moselle","region":"Grand Est"}},{"type":"Feature","geometry":{"type":"Point","coordinates":[1.76081,48.98363]},"properties":{"latitude":"48.98363","longitude":"1.76081","bright_ti4":"298.84","scan":"0.48","track":"0.65","acq_date":"2026-07-26","acq_time":"54","satellite":"N21","instrument":"VIIRS","confidence":"n","version":"2.0NRT","bright_ti5":"287.94","frp":"0.83","daynight":"N","commune":"Porcheville","code_insee":"78501","departement":"Yvelines","region":"Île-de-France"}},{"type":"Feature","geometry":{"type":"Point","coordinates":[6.14255,49.32142]},"properties":{"latitude":"49.32142","longitude":"6.14255","bright_ti4":"300.93","scan":"0.6","track":"0.53","acq_date":"2026-07-26","acq_time":"54","satellite":"N21","instrument":"VIIRS","confidence":"n","version":"2.0NRT","bright_ti5":"288.17","frp":"1.19","daynight":"N","commune":"Florange","code_insee":"57221","departement":"Moselle","region":"Grand Est"}},{"type":"Feature","geometry":{"type":"Point","coordinates":[2.26795,51.0266]},"properties":{"latitude":"51.0266","longitude":"2.26795","bright_ti4":"312.11","scan":"0.46","track":"0.64","acq_date":"2026-07-26","acq_time":"54","satellite":"N21","instrument":"VIIRS","confidence":"n","version":"2.0NRT","bright_ti5":"280.71","frp":"2.84","daynight":"N","commune":"Grande-Synthe","code_insee":"59271","departement":"Nord","region":"Hauts-de-France"}},{"type":"Feature","geometry":{"type":"Point","coordinates":[2.28808,51.03221]},"properties":{"latitude":"51.03221","longitude":"2.28808","bright_ti4":"313.9","scan":"0.46","track":"0.64","acq_date":"2026-07-26","acq_time":"54","satellite":"N21","instrument":"VIIRS","confidence":"n","version":"2.0NRT","bright_ti5":"283.79","frp":"4.13","daynight":"N","commune":"Grande-Synthe","code_insee":"59271","departement":"Nord","region":"Hauts-de-France"}},{"type":"Feature","geometry":{"type":"Point","coordinates":[2.29503,51.04386]},"properties":{"latitude":"51.04386","longitude":"2.29503","bright_ti4":"320.68","scan":"0.46","track":"0.64","acq_date":"2026-07-26","acq_time":"54","satellite":"N21","instrument":"VIIRS","confidence":"n","version":"2.0NRT","bright_ti5":"284.24","frp":"4.94","daynight":"N","commune":"Grande-Synthe","code_insee":"59271","departement":"Nord","region":"Hauts-de-France"}},{"type":"Feature","geometry":{"type":"Point","coordinates":[9.39718,42.62451]},"properties":{"latitude":"42.62451","longitude":"9.39718","bright_ti4":"315.58","scan":"0.54","track":"0.42","acq_date":"2026-07-26","acq_time":"56","satellite":"N21","instrument":"VIIRS","confidence":"n","version":"2.0NRT","bright_ti5":"289.45","frp":"2.85","daynight":"N","commune":"Oletta","code_insee":"2B185","departement":"Haute-Corse","region":"Corse"}},{"type":"Feature","geometry":{"type":"Point","coordinates":[9.39765,42.6254]},"properties":{"latitude":"42.6254","longitude":"9.39765","bright_ti4":"319.73","scan":"0.54","track":"0.42","acq_date":"2026-07-26","acq_time":"56","satellite":"N21","instrument":"VIIRS","confidence":"n","version":"2.0NRT","bright_ti5":"290.59","frp":"3.35","daynight":"N","commune":"Oletta","code_insee":"2B185","departement":"Haute-Corse","region":"Corse"}},{"type":"Feature","geometry":{"type":"Point","coordinates":[5.24632,43.42662]},"properties":{"latitude":"43.42662","longitude":"5.24632","bright_ti4":"344.87","scan":"0.59","track":"0.53","acq_date":"2026-07-26","acq_time":"56","satellite":"N21","instrument":"VIIRS","confidence":"n","version":"2.0NRT","bright_ti5":"288.4","frp":"7.32","daynight":"N","commune":"Vitrolles","code_insee":"13117","departement":"Bouches-du-Rhône","region":"Provence-Alpes-Côte d'Azur"}},{"type":"Feature","geometry":{"type":"Point","coordinates":[5.24704,43.43144]},"properties":{"latitude":"43.43144","longitude":"5.24704","bright_ti4":"306.19","scan":"0.59","track":"0.53","acq_date":"2026-07-26","acq_time":"56","satellite":"N21","instrument":"VIIRS","confidence":"n","version":"2.0NRT","bright_ti5":"287.68","frp":"7.32","daynight":"N","commune":"Vitrolles","code_insee":"13117","departement":"Bouches-du-Rhône","region":"Provence-Alpes-Côte d'Azur"}},{"type":"Feature","geometry":{"type":"Point","coordinates":[4.88729,43.43344]},"properties":{"latitude":"43.43344","longitude":"4.88729","bright_ti4":"302.8","scan":"0.61","track":"0.54","acq_date":"2026-07-26","acq_time":"56","satellite":"N21","instrument":"VIIRS","confidence":"n","version":"2.0NRT","bright_ti5":"289.75","frp":"2.7","daynight":"N","commune":"Fos-sur-Mer","code_insee":"13039","departement":"Bouches-du-Rhône","region":"Provence-Alpes-Côte d'Azur"}},{"type":"Feature","geometry":{"type":"Point","coordinates":[3.80509,43.55389]},"properties":{"latitude":"43.55389","longitude":"3.80509","bright_ti4":"300.85","scan":"0.35","track":"0.57","acq_date":"2026-07-26","acq_time":"56","satellite":"N21","instrument":"VIIRS","confidence":"n","version":"2.0NRT","bright_ti5":"287.62","frp":"0.55","daynight":"N","commune":"Fabrègues","code_insee":"34095","departement":"Hérault","region":"Occitanie"}},{"type":"Feature","geometry":{"type":"Point","coordinates":[-0.91135,44.74166]},"properties":{"latitude":"44.74166","longitude":"-0.91135","bright_ti4":"300.61","scan":"0.62","track":"0.71","acq_date":"2026-07-26","acq_time":"56","satellite":"N21","instrument":"VIIRS","confidence":"n","version":"2.0NRT","bright_ti5":"274.6","frp":"2.78","daynight":"N","commune":"Audenge","code_insee":"33019","departement":"Gironde","region":"Nouvelle-Aquitaine"}},{"type":"Feature","geometry":{"type":"Point","coordinates":[-0.91927,44.74167]},"properties":{"latitude":"44.74167","longitude":"-0.91927","bright_ti4":"300.42","scan":"0.62","track":"0.71","acq_date":"2026-07-26","acq_time":"56","satellite":"N21","instrument":"VIIRS","confidence":"n","version":"2.0NRT","bright_ti5":"273.47","frp":"2.5","daynight":"N","commune":"Audenge","code_insee":"33019","departement":"Gironde","region":"Nouvelle-Aquitaine"}},{"type":"Feature","geometry":{"type":"Point","coordinates":[-0.86412,44.74813]},"properties":{"latitude":"44.74813","longitude":"-0.86412","bright_ti4":"299.09","scan":"0.61","track":"0.71","acq_date":"2026-07-26","acq_time":"56","satellite":"N21","instrument":"VIIRS","confidence":"n","version":"2.0NRT","bright_ti5":"280.34","frp":"1.92","daynight":"N","commune":"Audenge","code_insee":"33019","departement":"Gironde","region":"Nouvelle-Aquitaine"}},{"type":"Feature","geometry":{"type":"Point","coordinates":[0.15125,46.80511]},"properties":{"latitude":"46.80511","longitude":"0.15125","bright_ti4":"321.42","scan":"0.56","track":"0.69","acq_date":"2026-07-26","acq_time":"56","satellite":"N21","instrument":"VIIRS","confidence":"n","version":"2.0NRT","bright_ti5":"284.84","frp":"4.27","daynight":"N","commune":"Chouppes","code_insee":"86075","departement":"Vienne","region":"Nouvelle-Aquitaine"}},{"type":"Feature","geometry":{"type":"Point","coordinates":[0.26505,47.16951]},"properties":{"latitude":"47.16951","longitude":"0.26505","bright_ti4":"304.25","scan":"0.55","track":"0.68","acq_date":"2026-07-26","acq_time":"56","satellite":"N21","instrument":"VIIRS","confidence":"n","version":"2.0NRT","bright_ti5":"284.72","frp":"1.53","daynight":"N","commune":"Chinon","code_insee":"37072","departement":"Indre-et-Loire","region":"Centre-Val de Loire"}},{"type":"Feature","geometry":{"type":"Point","coordinates":[6.96377,48.68916]},"properties":{"latitude":"48.68916","longitude":"6.96377","bright_ti4":"300.99","scan":"0.38","track":"0.58","acq_date":"2026-07-26","acq_time":"234","satellite":"N21","instrument":"VIIRS","confidence":"n","version":"2.0NRT","bright_ti5":"286.77","frp":"0.99","daynight":"N","commune":"Héming","code_insee":"57314","departement":"Moselle","region":"Grand Est"}},{"type":"Feature","geometry":{"type":"Point","coordinates":[6.09823,49.32374]},"properties":{"latitude":"49.32374","longitude":"6.09823","bright_ti4":"309.98","scan":"0.33","track":"0.55","acq_date":"2026-07-26","acq_time":"234","satellite":"N21","instrument":"VIIRS","confidence":"n","version":"2.0NRT","bright_ti5":"287.84","frp":"1.61","daynight":"N","commune":"Serémange-Erzange","code_insee":"57647","departement":"Moselle","region":"Grand Est"}},{"type":"Feature","geometry":{"type":"Point","coordinates":[6.09394,49.32497]},"properties":{"latitude":"49.32497","longitude":"6.09394","bright_ti4":"299.52","scan":"0.33","track":"0.55","acq_date":"2026-07-26","acq_time":"234","satellite":"N21","instrument":"VIIRS","confidence":"n","version":"2.0NRT","bright_ti5":"287.37","frp":"0.83","daynight":"N","commune":"Serémange-Erzange","code_insee":"57647","departement":"Moselle","region":"Grand Est"}},{"type":"Feature","geometry":{"type":"Point","coordinates":[3.49482,50.33506]},"properties":{"latitude":"50.33506","longitude":"3.49482","bright_ti4":"296.75","scan":"0.48","track":"0.48","acq_date":"2026-07-26","acq_time":"234","satellite":"N21","instrument":"VIIRS","confidence":"n","version":"2.0NRT","bright_ti5":"286.65","frp":"0.49","daynight":"N","commune":"Trith-Saint-Léger","code_insee":"59603","departement":"Nord","region":"Hauts-de-France"}},{"type":"Feature","geometry":{"type":"Point","coordinates":[2.27233,51.02654]},"properties":{"latitude":"51.02654","longitude":"2.27233","bright_ti4":"310.03","scan":"0.41","track":"0.45","acq_date":"2026-07-26","acq_time":"234","satellite":"N21","instrument":"VIIRS","confidence":"n","version":"2.0NRT","bright_ti5":"286.82","frp":"1.43","daynight":"N","commune":"Grande-Synthe","code_insee":"59271","departement":"Nord","region":"Hauts-de-France"}},{"type":"Feature","geometry":{"type":"Point","coordinates":[2.28813,51.03164]},"properties":{"latitude":"51.03164","longitude":"2.28813","bright_ti4":"300.39","scan":"0.41","track":"0.45","acq_date":"2026-07-26","acq_time":"234","satellite":"N21","instrument":"VIIRS","confidence":"n","version":"2.0NRT","bright_ti5":"287.02","frp":"0.88","daynight":"N","commune":"Grande-Synthe","code_insee":"59271","departement":"Nord","region":"Hauts-de-France"}},{"type":"Feature","geometry":{"type":"Point","coordinates":[2.2905,51.03551]},"properties":{"latitude":"51.03551","longitude":"2.2905","bright_ti4":"313","scan":"0.41","track":"0.45","acq_date":"2026-07-26","acq_time":"234","satellite":"N21","instrument":"VIIRS","confidence":"n","version":"2.0NRT","bright_ti5":"287.46","frp":"0.88","daynight":"N","commune":"Grande-Synthe","code_insee":"59271","departement":"Nord","region":"Hauts-de-France"}},{"type":"Feature","geometry":{"type":"Point","coordinates":[2.28496,51.03684]},"properties":{"latitude":"51.03684","longitude":"2.28496","bright_ti4":"336.94","scan":"0.41","track":"0.45","acq_date":"2026-07-26","acq_time":"234","satellite":"N21","instrument":"VIIRS","confidence":"n","version":"2.0NRT","bright_ti5":"288.66","frp":"5.9","daynight":"N","commune":"Grande-Synthe","code_insee":"59271","departement":"Nord","region":"Hauts-de-France"}},{"type":"Feature","geometry":{"type":"Point","coordinates":[2.30079,51.04193]},"properties":{"latitude":"51.04193","longitude":"2.30079","bright_ti4":"299.68","scan":"0.41","track":"0.45","acq_date":"2026-07-26","acq_time":"234","satellite":"N21","instrument":"VIIRS","confidence":"n","version":"2.0NRT","bright_ti5":"287.56","frp":"3.04","daynight":"N","commune":"Grande-Synthe","code_insee":"59271","departement":"Nord","region":"Hauts-de-France"}},{"type":"Feature","geometry":{"type":"Point","coordinates":[2.29523,51.04327]},"properties":{"latitude":"51.04327","longitude":"2.29523","bright_ti4":"335.58","scan":"0.41","track":"0.45","acq_date":"2026-07-26","acq_time":"234","satellite":"N21","instrument":"VIIRS","confidence":"n","version":"2.0NRT","bright_ti5":"289.13","frp":"3.04","daynight":"N","commune":"Grande-Synthe","code_insee":"59271","departement":"Nord","region":"Hauts-de-France"}},{"type":"Feature","geometry":{"type":"Point","coordinates":[2.29761,51.04714]},"properties":{"latitude":"51.04714","longitude":"2.29761","bright_ti4":"314.57","scan":"0.41","track":"0.45","acq_date":"2026-07-26","acq_time":"234","satellite":"N21","instrument":"VIIRS","confidence":"n","version":"2.0NRT","bright_ti5":"288.12","frp":"2.73","daynight":"N","commune":"Grande-Synthe","code_insee":"59271","departement":"Nord","region":"Hauts-de-France"}},{"type":"Feature","geometry":{"type":"Point","coordinates":[4.88669,43.43435]},"properties":{"latitude":"43.43435","longitude":"4.88669","bright_ti4":"308.09","scan":"0.44","track":"0.63","acq_date":"2026-07-26","acq_time":"236","satellite":"N21","instrument":"VIIRS","confidence":"n","version":"2.0NRT","bright_ti5":"288.72","frp":"2.67","daynight":"N","commune":"Fos-sur-Mer","code_insee":"13039","departement":"Bouches-du-Rhône","region":"Provence-Alpes-Côte d'Azur"}},{"type":"Feature","geometry":{"type":"Point","coordinates":[4.89281,43.44499]},"properties":{"latitude":"43.44499","longitude":"4.89281","bright_ti4":"310.29","scan":"0.44","track":"0.63","acq_date":"2026-07-26","acq_time":"236","satellite":"N21","instrument":"VIIRS","confidence":"n","version":"2.0NRT","bright_ti5":"288.09","frp":"1.77","daynight":"N","commune":"Fos-sur-Mer","code_insee":"13039","departement":"Bouches-du-Rhône","region":"Provence-Alpes-Côte d'Azur"}},{"type":"Feature","geometry":{"type":"Point","coordinates":[-0.83315,44.74028]},"properties":{"latitude":"44.74028","longitude":"-0.83315","bright_ti4":"304.93","scan":"0.44","track":"0.46","acq_date":"2026-07-26","acq_time":"236","satellite":"N21","instrument":"VIIRS","confidence":"n","version":"2.0NRT","bright_ti5":"283.05","frp":"9.76","daynight":"N","commune":"Saint-Jean-d'Illac","code_insee":"33422","departement":"Gironde","region":"Nouvelle-Aquitaine"}},{"type":"Feature","geometry":{"type":"Point","coordinates":[-0.84377,44.74277]},"properties":{"latitude":"44.74277","longitude":"-0.84377","bright_ti4":"331.35","scan":"0.44","track":"0.46","acq_date":"2026-07-26","acq_time":"236","satellite":"N21","instrument":"VIIRS","confidence":"n","version":"2.0NRT","bright_ti5":"285.13","frp":"11.17","daynight":"N","commune":"Saint-Jean-d'Illac","code_insee":"33422","departement":"Gironde","region":"Nouvelle-Aquitaine"}},{"type":"Feature","geometry":{"type":"Point","coordinates":[-0.98226,44.87891]},"properties":{"latitude":"44.87891","longitude":"-0.98226","bright_ti4":"340.22","scan":"0.43","track":"0.46","acq_date":"2026-07-26","acq_time":"236","satellite":"N21","instrument":"VIIRS","confidence":"n","version":"2.0NRT","bright_ti5":"289.24","frp":"9.67","daynight":"N","commune":"Le Temple","code_insee":"33528","departement":"Gironde","region":"Nouvelle-Aquitaine"}},{"type":"Feature","geometry":{"type":"Point","coordinates":[-0.92251,44.88283]},"properties":{"latitude":"44.88283","longitude":"-0.92251","bright_ti4":"309.9","scan":"0.43","track":"0.46","acq_date":"2026-07-26","acq_time":"236","satellite":"N21","instrument":"VIIRS","confidence":"n","version":"2.0NRT","bright_ti5":"287.11","frp":"1.95","daynight":"N","commune":"Le Temple","code_insee":"33528","departement":"Gironde","region":"Nouvelle-Aquitaine"}},{"type":"Feature","geometry":{"type":"Point","coordinates":[-0.98344,44.96089]},"properties":{"latitude":"44.96089","longitude":"-0.98344","bright_ti4":"299.62","scan":"0.43","track":"0.46","acq_date":"2026-07-26","acq_time":"236","satellite":"N21","instrument":"VIIRS","confidence":"n","version":"2.0NRT","bright_ti5":"286.15","frp":"1.22","daynight":"N","commune":"Sainte-Hélène","code_insee":"33417","departement":"Gironde","region":"Nouvelle-Aquitaine"}},{"type":"Feature","geometry":{"type":"Point","coordinates":[0.15819,46.80814]},"properties":{"latitude":"46.80814","longitude":"0.15819","bright_ti4":"322.83","scan":"0.43","track":"0.46","acq_date":"2026-07-26","acq_time":"236","satellite":"N21","instrument":"VIIRS","confidence":"n","version":"2.0NRT","bright_ti5":"286.46","frp":"4.23","daynight":"N","commune":"Chouppes","code_insee":"86075","departement":"Vienne","region":"Nouvelle-Aquitaine"}},{"type":"Feature","geometry":{"type":"Point","coordinates":[2.98254,48.38852]},"properties":{"latitude":"48.38852","longitude":"2.98254","bright_ti4":"300.46","scan":"0.52","track":"0.5","acq_date":"2026-07-26","acq_time":"236","satellite":"N21","instrument":"VIIRS","confidence":"n","version":"2.0NRT","bright_ti5":"288.34","frp":"1.32","daynight":"N","commune":"Montereau-Fault-Yonne","code_insee":"77305","departement":"Seine-et-Marne","region":"Île-de-France"}},{"type":"Feature","geometry":{"type":"Point","coordinates":[0.2217,48.5051]},"properties":{"latitude":"48.5051","longitude":"0.2217","bright_ti4":"316.73","scan":"0.4","track":"0.44","acq_date":"2026-07-26","acq_time":"236","satellite":"N21","instrument":"VIIRS","confidence":"n","version":"2.0NRT","bright_ti5":"284.02","frp":"1.84","daynight":"N","commune":"Neuilly-le-Bisson","code_insee":"61304","departement":"Orne","region":"Normandie"}},{"type":"Feature","geometry":{"type":"Point","coordinates":[4.56108,48.76769]},"properties":{"latitude":"48.76769","longitude":"4.56108","bright_ti4":"298.16","scan":"0.59","track":"0.53","acq_date":"2026-07-26","acq_time":"236","satellite":"N21","instrument":"VIIRS","confidence":"n","version":"2.0NRT","bright_ti5":"287.12","frp":"1.68","daynight":"N","commune":"Couvrot","code_insee":"51195","departement":"Marne","region":"Grand Est"}},{"type":"Feature","geometry":{"type":"Point","coordinates":[1.75883,48.98566]},"properties":{"latitude":"48.98566","longitude":"1.75883","bright_ti4":"301.15","scan":"0.45","track":"0.47","acq_date":"2026-07-26","acq_time":"236","satellite":"N21","instrument":"VIIRS","confidence":"n","version":"2.0NRT","bright_ti5":"287.75","frp":"0.9","daynight":"N","commune":"Limay","code_insee":"78335","departement":"Yvelines","region":"Île-de-France"}},{"type":"Feature","geometry":{"type":"Point","coordinates":[9.40165,42.62066]},"properties":{"latitude":"42.62066","longitude":"9.40165","bright_ti4":"348.91","scan":"0.39","track":"0.36","acq_date":"2026-07-26","acq_time":"1219","satellite":"N21","instrument":"VIIRS","confidence":"n","version":"2.0NRT","bright_ti5":"311.2","frp":"21.77","daynight":"D","commune":"Biguglia","code_insee":"2B037","departement":"Haute-Corse","region":"Corse"}},{"type":"Feature","geometry":{"type":"Point","coordinates":[9.39594,42.62326]},"properties":{"latitude":"42.62326","longitude":"9.39594","bright_ti4":"348.33","scan":"0.39","track":"0.36","acq_date":"2026-07-26","acq_time":"1219","satellite":"N21","instrument":"VIIRS","confidence":"n","version":"2.0NRT","bright_ti5":"307.19","frp":"14.06","daynight":"D","commune":"Oletta","code_insee":"2B185","departement":"Haute-Corse","region":"Corse"}},{"type":"Feature","geometry":{"type":"Point","coordinates":[9.39027,42.62587]},"properties":{"latitude":"42.62587","longitude":"9.39027","bright_ti4":"339.21","scan":"0.39","track":"0.36","acq_date":"2026-07-26","acq_time":"1219","satellite":"N21","instrument":"VIIRS","confidence":"n","version":"2.0NRT","bright_ti5":"307.27","frp":"12.62","daynight":"D","commune":"Oletta","code_insee":"2B185","departement":"Haute-Corse","region":"Corse"}},{"type":"Feature","geometry":{"type":"Point","coordinates":[9.39505,42.62654]},"properties":{"latitude":"42.62654","longitude":"9.39505","bright_ti4":"335.53","scan":"0.39","track":"0.36","acq_date":"2026-07-26","acq_time":"1219","satellite":"N21","instrument":"VIIRS","confidence":"n","version":"2.0NRT","bright_ti5":"304.3","frp":"12.62","daynight":"D","commune":"Oletta","code_insee":"2B185","departement":"Haute-Corse","region":"Corse"}},{"type":"Feature","geometry":{"type":"Point","coordinates":[4.89039,43.43414]},"properties":{"latitude":"43.43414","longitude":"4.89039","bright_ti4":"341.55","scan":"0.42","track":"0.38","acq_date":"2026-07-26","acq_time":"1219","satellite":"N21","instrument":"VIIRS","confidence":"n","version":"2.0NRT","bright_ti5":"296.86","frp":"6.49","daynight":"D","commune":"Fos-sur-Mer","code_insee":"13039","departement":"Bouches-du-Rhône","region":"Provence-Alpes-Côte d'Azur"}},{"type":"Feature","geometry":{"type":"Point","coordinates":[4.88924,43.43752]},"properties":{"latitude":"43.43752","longitude":"4.88924","bright_ti4":"334.66","scan":"0.42","track":"0.38","acq_date":"2026-07-26","acq_time":"1219","satellite":"N21","instrument":"VIIRS","confidence":"n","version":"2.0NRT","bright_ti5":"300.06","frp":"8.71","daynight":"D","commune":"Fos-sur-Mer","code_insee":"13039","departement":"Bouches-du-Rhône","region":"Provence-Alpes-Côte d'Azur"}},{"type":"Feature","geometry":{"type":"Point","coordinates":[4.88183,43.44334]},"properties":{"latitude":"43.44334","longitude":"4.88183","bright_ti4":"335.97","scan":"0.42","track":"0.38","acq_date":"2026-07-26","acq_time":"1219","satellite":"N21","instrument":"VIIRS","confidence":"n","version":"2.0NRT","bright_ti5":"295.89","frp":"5.68","daynight":"D","commune":"Fos-sur-Mer","code_insee":"13039","departement":"Bouches-du-Rhône","region":"Provence-Alpes-Côte d'Azur"}},{"type":"Feature","geometry":{"type":"Point","coordinates":[4.89715,43.44615]},"properties":{"latitude":"43.44615","longitude":"4.89715","bright_ti4":"336.03","scan":"0.42","track":"0.38","acq_date":"2026-07-26","acq_time":"1219","satellite":"N21","instrument":"VIIRS","confidence":"n","version":"2.0NRT","bright_ti5":"298.87","frp":"15.26","daynight":"D","commune":"Fos-sur-Mer","code_insee":"13039","departement":"Bouches-du-Rhône","region":"Provence-Alpes-Côte d'Azur"}},{"type":"Feature","geometry":{"type":"Point","coordinates":[-0.8235,44.74059]},"properties":{"latitude":"44.74059","longitude":"-0.8235","bright_ti4":"350.01","scan":"0.44","track":"0.46","acq_date":"2026-07-26","acq_time":"1221","satellite":"N21","instrument":"VIIRS","confidence":"n","version":"2.0NRT","bright_ti5":"293.24","frp":"13.89","daynight":"D","commune":"Saint-Jean-d'Illac","code_insee":"33422","departement":"Gironde","region":"Nouvelle-Aquitaine"}},{"type":"Feature","geometry":{"type":"Point","coordinates":[-0.98356,44.96474]},"properties":{"latitude":"44.96474","longitude":"-0.98356","bright_ti4":"340.13","scan":"0.44","track":"0.46","acq_date":"2026-07-26","acq_time":"1221","satellite":"N21","instrument":"VIIRS","confidence":"n","version":"2.0NRT","bright_ti5":"299.64","frp":"22.74","daynight":"D","commune":"Sainte-Hélène","code_insee":"33417","departement":"Gironde","region":"Nouvelle-Aquitaine"}},{"type":"Feature","geometry":{"type":"Point","coordinates":[3.43491,48.42755]},"properties":{"latitude":"48.42755","longitude":"3.43491","bright_ti4":"336.42","scan":"0.41","track":"0.37","acq_date":"2026-07-26","acq_time":"1221","satellite":"N21","instrument":"VIIRS","confidence":"n","version":"2.0NRT","bright_ti5":"294.55","frp":"12.88","daynight":"D","commune":"Traînel","code_insee":"10382","departement":"Aube","region":"Grand Est"}},{"type":"Feature","geometry":{"type":"Point","coordinates":[9.088,42.26335]},"properties":{"latitude":"42.26335","longitude":"9.088","bright_ti4":"351.85","scan":"0.43","track":"0.62","acq_date":"2026-07-26","acq_time":"1314","satellite":"N20","instrument":"VIIRS","confidence":"n","version":"2.0NRT","bright_ti5":"298.08","frp":"8.25","daynight":"D","commune":"Corte","code_insee":"2B096","departement":"Haute-Corse","region":"Corse"}},{"type":"Feature","geometry":{"type":"Point","coordinates":[9.39914,42.61645]},"properties":{"latitude":"42.61645","longitude":"9.39914","bright_ti4":"335.31","scan":"0.45","track":"0.63","acq_date":"2026-07-26","acq_time":"1316","satellite":"N20","instrument":"VIIRS","confidence":"n","version":"2.0NRT","bright_ti5":"292.58","frp":"18.2","daynight":"D","commune":"Olmeta-di-Tuda","code_insee":"2B188","departement":"Haute-Corse","region":"Corse"}},{"type":"Feature","geometry":{"type":"Point","coordinates":[9.40751,42.6167]},"properties":{"latitude":"42.6167","longitude":"9.40751","bright_ti4":"352.55","scan":"0.45","track":"0.63","acq_date":"2026-07-26","acq_time":"1316","satellite":"N20","instrument":"VIIRS","confidence":"n","version":"2.0NRT","bright_ti5":"303.31","frp":"24.75","daynight":"D","commune":"Biguglia","code_insee":"2B037","departement":"Haute-Corse","region":"Corse"}},{"type":"Feature","geometry":{"type":"Point","coordinates":[9.41717,42.61698]},"properties":{"latitude":"42.61698","longitude":"9.41717","bright_ti4":"350.76","scan":"0.45","track":"0.63","acq_date":"2026-07-26","acq_time":"1316","satellite":"N20","instrument":"VIIRS","confidence":"n","version":"2.0NRT","bright_ti5":"292.48","frp":"24.75","daynight":"D","commune":"Biguglia","code_insee":"2B037","departement":"Haute-Corse","region":"Corse"}},{"type":"Feature","geometry":{"type":"Point","coordinates":[9.39968,42.61746]},"properties":{"latitude":"42.61746","longitude":"9.39968","bright_ti4":"353.2","scan":"0.45","track":"0.63","acq_date":"2026-07-26","acq_time":"1316","satellite":"N20","instrument":"VIIRS","confidence":"n","version":"2.0NRT","bright_ti5":"296.73","frp":"29.31","daynight":"D","commune":"Olmeta-di-Tuda","code_insee":"2B188","departement":"Haute-Corse","region":"Corse"}},{"type":"Feature","geometry":{"type":"Point","coordinates":[9.40867,42.61778]},"properties":{"latitude":"42.61778","longitude":"9.40867","bright_ti4":"350.03","scan":"0.45","track":"0.63","acq_date":"2026-07-26","acq_time":"1316","satellite":"N20","instrument":"VIIRS","confidence":"n","version":"2.0NRT","bright_ti5":"306.34","frp":"29.31","daynight":"D","commune":"Biguglia","code_insee":"2B037","departement":"Haute-Corse","region":"Corse"}},{"type":"Feature","geometry":{"type":"Point","coordinates":[9.41846,42.61813]},"properties":{"latitude":"42.61813","longitude":"9.41846","bright_ti4":"355.44","scan":"0.45","track":"0.63","acq_date":"2026-07-26","acq_time":"1316","satellite":"N20","instrument":"VIIRS","confidence":"n","version":"2.0NRT","bright_ti5":"292.34","frp":"26.61","daynight":"D","commune":"Biguglia","code_insee":"2B037","departement":"Haute-Corse","region":"Corse"}},{"type":"Feature","geometry":{"type":"Point","coordinates":[9.40326,42.62244]},"properties":{"latitude":"42.62244","longitude":"9.40326","bright_ti4":"367","scan":"0.45","track":"0.63","acq_date":"2026-07-26","acq_time":"1316","satellite":"N20","instrument":"VIIRS","confidence":"h","version":"2.0NRT","bright_ti5":"296.13","frp":"14.99","daynight":"D","commune":"Biguglia","code_insee":"2B037","departement":"Haute-Corse","region":"Corse"}},{"type":"Feature","geometry":{"type":"Point","coordinates":[9.4147,42.62278]},"properties":{"latitude":"42.62278","longitude":"9.4147","bright_ti4":"367","scan":"0.45","track":"0.63","acq_date":"2026-07-26","acq_time":"1316","satellite":"N20","instrument":"VIIRS","confidence":"h","version":"2.0NRT","bright_ti5":"291.44","frp":"14.99","daynight":"D","commune":"Biguglia","code_insee":"2B037","departement":"Haute-Corse","region":"Corse"}},{"type":"Feature","geometry":{"type":"Point","coordinates":[9.40541,42.62353]},"properties":{"latitude":"42.62353","longitude":"9.40541","bright_ti4":"344.28","scan":"0.45","track":"0.63","acq_date":"2026-07-26","acq_time":"1316","satellite":"N20","instrument":"VIIRS","confidence":"n","version":"2.0NRT","bright_ti5":"291.07","frp":"14.77","daynight":"D","commune":"Biguglia","code_insee":"2B037","departement":"Haute-Corse","region":"Corse"}},{"type":"Feature","geometry":{"type":"Point","coordinates":[9.41684,42.62394]},"properties":{"latitude":"42.62394","longitude":"9.41684","bright_ti4":"355.67","scan":"0.45","track":"0.63","acq_date":"2026-07-26","acq_time":"1316","satellite":"N20","instrument":"VIIRS","confidence":"l","version":"2.0NRT","bright_ti5":"289.65","frp":"13.27","daynight":"D","commune":"Biguglia","code_insee":"2B037","departement":"Haute-Corse","region":"Corse"}},{"type":"Feature","geometry":{"type":"Point","coordinates":[6.02923,43.5169]},"properties":{"latitude":"43.5169","longitude":"6.02923","bright_ti4":"337.58","scan":"0.62","track":"0.54","acq_date":"2026-07-26","acq_time":"1316","satellite":"N20","instrument":"VIIRS","confidence":"n","version":"2.0NRT","bright_ti5":"293.74","frp":"6.11","daynight":"D","commune":"Châteauvert","code_insee":"83039","departement":"Var","region":"Provence-Alpes-Côte d'Azur"}},{"type":"Feature","geometry":{"type":"Point","coordinates":[6.02801,43.51744]},"properties":{"latitude":"43.51744","longitude":"6.02801","bright_ti4":"342.91","scan":"0.62","track":"0.54","acq_date":"2026-07-26","acq_time":"1316","satellite":"N20","instrument":"VIIRS","confidence":"n","version":"2.0NRT","bright_ti5":"295.87","frp":"16.91","daynight":"D","commune":"Châteauvert","code_insee":"83039","departement":"Var","region":"Provence-Alpes-Côte d'Azur"}},{"type":"Feature","geometry":{"type":"Point","coordinates":[6.02845,43.52185]},"properties":{"latitude":"43.52185","longitude":"6.02845","bright_ti4":"367","scan":"0.62","track":"0.54","acq_date":"2026-07-26","acq_time":"1316","satellite":"N20","instrument":"VIIRS","confidence":"h","version":"2.0NRT","bright_ti5":"299.64","frp":"27.24","daynight":"D","commune":"Châteauvert","code_insee":"83039","departement":"Var","region":"Provence-Alpes-Côte d'Azur"}},{"type":"Feature","geometry":{"type":"Point","coordinates":[6.02725,43.5224]},"properties":{"latitude":"43.5224","longitude":"6.02725","bright_ti4":"354.18","scan":"0.62","track":"0.54","acq_date":"2026-07-26","acq_time":"1316","satellite":"N20","instrument":"VIIRS","confidence":"n","version":"2.0NRT","bright_ti5":"297.94","frp":"16.91","daynight":"D","commune":"Châteauvert","code_insee":"83039","departement":"Var","region":"Provence-Alpes-Côte d'Azur"}},{"type":"Feature","geometry":{"type":"Point","coordinates":[-1.09451,44.36914]},"properties":{"latitude":"44.36914","longitude":"-1.09451","bright_ti4":"335.06","scan":"0.45","track":"0.39","acq_date":"2026-07-26","acq_time":"1316","satellite":"N20","instrument":"VIIRS","confidence":"n","version":"2.0NRT","bright_ti5":"303.47","frp":"8.3","daynight":"D","commune":"Parentis-en-Born","code_insee":"40217","departement":"Landes","region":"Nouvelle-Aquitaine"}},{"type":"Feature","geometry":{"type":"Point","coordinates":[-1.09611,44.37627]},"properties":{"latitude":"44.37627","longitude":"-1.09611","bright_ti4":"336.69","scan":"0.45","track":"0.39","acq_date":"2026-07-26","acq_time":"1316","satellite":"N20","instrument":"VIIRS","confidence":"n","version":"2.0NRT","bright_ti5":"305.83","frp":"12.58","daynight":"D","commune":"Parentis-en-Born","code_insee":"40217","departement":"Landes","region":"Nouvelle-Aquitaine"}},{"type":"Feature","geometry":{"type":"Point","coordinates":[-1.10259,44.37916]},"properties":{"latitude":"44.37916","longitude":"-1.10259","bright_ti4":"352.09","scan":"0.45","track":"0.39","acq_date":"2026-07-26","acq_time":"1316","satellite":"N20","instrument":"VIIRS","confidence":"n","version":"2.0NRT","bright_ti5":"312.84","frp":"12.58","daynight":"D","commune":"Parentis-en-Born","code_insee":"40217","departement":"Landes","region":"Nouvelle-Aquitaine"}},{"type":"Feature","geometry":{"type":"Point","coordinates":[-1.1034,44.38272]},"properties":{"latitude":"44.38272","longitude":"-1.1034","bright_ti4":"347.39","scan":"0.45","track":"0.39","acq_date":"2026-07-26","acq_time":"1316","satellite":"N20","instrument":"VIIRS","confidence":"n","version":"2.0NRT","bright_ti5":"306.42","frp":"6.16","daynight":"D","commune":"Parentis-en-Born","code_insee":"40217","departement":"Landes","region":"Nouvelle-Aquitaine"}},{"type":"Feature","geometry":{"type":"Point","coordinates":[-1.13937,44.43166]},"properties":{"latitude":"44.43166","longitude":"-1.13937","bright_ti4":"338.29","scan":"0.45","track":"0.39","acq_date":"2026-07-26","acq_time":"1316","satellite":"N20","instrument":"VIIRS","confidence":"n","version":"2.0NRT","bright_ti5":"306.83","frp":"7.12","daynight":"D","commune":"Biscarrosse","code_insee":"40046","departement":"Landes","region":"Nouvelle-Aquitaine"}},{"type":"Feature","geometry":{"type":"Point","coordinates":[-0.84132,44.71883]},"properties":{"latitude":"44.71883","longitude":"-0.84132","bright_ti4":"333.12","scan":"0.47","track":"0.39","acq_date":"2026-07-26","acq_time":"1316","satellite":"N20","instrument":"VIIRS","confidence":"n","version":"2.0NRT","bright_ti5":"293.46","frp":"6.8","daynight":"D","commune":"Marcheprime","code_insee":"33555","departement":"Gironde","region":"Nouvelle-Aquitaine"}},{"type":"Feature","geometry":{"type":"Point","coordinates":[-0.83545,44.71951]},"properties":{"latitude":"44.71951","longitude":"-0.83545","bright_ti4":"349.48","scan":"0.47","track":"0.39","acq_date":"2026-07-26","acq_time":"1316","satellite":"N20","instrument":"VIIRS","confidence":"n","version":"2.0NRT","bright_ti5":"309.44","frp":"35","daynight":"D","commune":"Marcheprime","code_insee":"33555","departement":"Gironde","region":"Nouvelle-Aquitaine"}},{"type":"Feature","geometry":{"type":"Point","coordinates":[-0.82957,44.72018]},"properties":{"latitude":"44.72018","longitude":"-0.82957","bright_ti4":"354.46","scan":"0.47","track":"0.39","acq_date":"2026-07-26","acq_time":"1316","satellite":"N20","instrument":"VIIRS","confidence":"n","version":"2.0NRT","bright_ti5":"304.58","frp":"35","daynight":"D","commune":"Marcheprime","code_insee":"33555","departement":"Gironde","region":"Nouvelle-Aquitaine"}},{"type":"Feature","geometry":{"type":"Point","coordinates":[-0.8237,44.72086]},"properties":{"latitude":"44.72086","longitude":"-0.8237","bright_ti4":"347.96","scan":"0.47","track":"0.39","acq_date":"2026-07-26","acq_time":"1316","satellite":"N20","instrument":"VIIRS","confidence":"n","version":"2.0NRT","bright_ti5":"291.83","frp":"10.93","daynight":"D","commune":"Marcheprime","code_insee":"33555","departement":"Gironde","region":"Nouvelle-Aquitaine"}},{"type":"Feature","geometry":{"type":"Point","coordinates":[-0.85387,44.72109]},"properties":{"latitude":"44.72109","longitude":"-0.85387","bright_ti4":"343.51","scan":"0.47","track":"0.39","acq_date":"2026-07-26","acq_time":"1316","satellite":"N20","instrument":"VIIRS","confidence":"n","version":"2.0NRT","bright_ti5":"297.73","frp":"137.14","daynight":"D","commune":"Marcheprime","code_insee":"33555","departement":"Gironde","region":"Nouvelle-Aquitaine"}},{"type":"Feature","geometry":{"type":"Point","coordinates":[-0.84213,44.72244]},"properties":{"latitude":"44.72244","longitude":"-0.84213","bright_ti4":"348.1","scan":"0.47","track":"0.39","acq_date":"2026-07-26","acq_time":"1316","satellite":"N20","instrument":"VIIRS","confidence":"n","version":"2.0NRT","bright_ti5":"304.32","frp":"20.78","daynight":"D","commune":"Marcheprime","code_insee":"33555","departement":"Gironde","region":"Nouvelle-Aquitaine"}},{"type":"Feature","geometry":{"type":"Point","coordinates":[-0.83625,44.72312]},"properties":{"latitude":"44.72312","longitude":"-0.83625","bright_ti4":"356.14","scan":"0.47","track":"0.39","acq_date":"2026-07-26","acq_time":"1316","satellite":"N20","instrument":"VIIRS","confidence":"n","version":"2.0NRT","bright_ti5":"307.3","frp":"11.94","daynight":"D","commune":"Marcheprime","code_insee":"33555","departement":"Gironde","region":"Nouvelle-Aquitaine"}},{"type":"Feature","geometry":{"type":"Point","coordinates":[-0.83038,44.7238]},"properties":{"latitude":"44.7238","longitude":"-0.83038","bright_ti4":"337.44","scan":"0.47","track":"0.39","acq_date":"2026-07-26","acq_time":"1316","satellite":"N20","instrument":"VIIRS","confidence":"n","version":"2.0NRT","bright_ti5":"297.78","frp":"11.94","daynight":"D","commune":"Marcheprime","code_insee":"33555","departement":"Gironde","region":"Nouvelle-Aquitaine"}},{"type":"Feature","geometry":{"type":"Point","coordinates":[-0.85467,44.7247]},"properties":{"latitude":"44.7247","longitude":"-0.85467","bright_ti4":"367","scan":"0.47","track":"0.39","acq_date":"2026-07-26","acq_time":"1316","satellite":"N20","instrument":"VIIRS","confidence":"h","version":"2.0NRT","bright_ti5":"341.93","frp":"137.14","daynight":"D","commune":"Audenge","code_insee":"33019","departement":"Gironde","region":"Nouvelle-Aquitaine"}},{"type":"Feature","geometry":{"type":"Point","coordinates":[-0.8488,44.72538]},"properties":{"latitude":"44.72538","longitude":"-0.8488","bright_ti4":"340.79","scan":"0.47","track":"0.39","acq_date":"2026-07-26","acq_time":"1316","satellite":"N20","instrument":"VIIRS","confidence":"n","version":"2.0NRT","bright_ti5":"299.94","frp":"20.78","daynight":"D","commune":"Audenge","code_insee":"33019","departement":"Gironde","region":"Nouvelle-Aquitaine"}},{"type":"Feature","geometry":{"type":"Point","coordinates":[-0.84293,44.72606]},"properties":{"latitude":"44.72606","longitude":"-0.84293","bright_ti4":"354","scan":"0.47","track":"0.39","acq_date":"2026-07-26","acq_time":"1316","satellite":"N20","instrument":"VIIRS","confidence":"n","version":"2.0NRT","bright_ti5":"307.88","frp":"20.78","daynight":"D","commune":"Marcheprime","code_insee":"33555","departement":"Gironde","region":"Nouvelle-Aquitaine"}},{"type":"Feature","geometry":{"type":"Point","coordinates":[-0.83706,44.72673]},"properties":{"latitude":"44.72673","longitude":"-0.83706","bright_ti4":"348.43","scan":"0.47","track":"0.39","acq_date":"2026-07-26","acq_time":"1316","satellite":"N20","instrument":"VIIRS","confidence":"n","version":"2.0NRT","bright_ti5":"302.76","frp":"11.94","daynight":"D","commune":"Marcheprime","code_insee":"33555","departement":"Gironde","region":"Nouvelle-Aquitaine"}},{"type":"Feature","geometry":{"type":"Point","coordinates":[-0.86135,44.72763]},"properties":{"latitude":"44.72763","longitude":"-0.86135","bright_ti4":"348.12","scan":"0.47","track":"0.39","acq_date":"2026-07-26","acq_time":"1316","satellite":"N20","instrument":"VIIRS","confidence":"n","version":"2.0NRT","bright_ti5":"300.85","frp":"8.72","daynight":"D","commune":"Audenge","code_insee":"33019","departement":"Gironde","region":"Nouvelle-Aquitaine"}},{"type":"Feature","geometry":{"type":"Point","coordinates":[-0.85547,44.72831]},"properties":{"latitude":"44.72831","longitude":"-0.85547","bright_ti4":"344.67","scan":"0.47","track":"0.39","acq_date":"2026-07-26","acq_time":"1316","satellite":"N20","instrument":"VIIRS","confidence":"n","version":"2.0NRT","bright_ti5":"297.11","frp":"8.72","daynight":"D","commune":"Audenge","code_insee":"33019","departement":"Gironde","region":"Nouvelle-Aquitaine"}},{"type":"Feature","geometry":{"type":"Point","coordinates":[-0.88555,44.72853]},"properties":{"latitude":"44.72853","longitude":"-0.88555","bright_ti4":"332.7","scan":"0.46","track":"0.39","acq_date":"2026-07-26","acq_time":"1316","satellite":"N20","instrument":"VIIRS","confidence":"n","version":"2.0NRT","bright_ti5":"293.3","frp":"6.38","daynight":"D","commune":"Audenge","code_insee":"33019","departement":"Gironde","region":"Nouvelle-Aquitaine"}},{"type":"Feature","geometry":{"type":"Point","coordinates":[-0.87971,44.72921]},"properties":{"latitude":"44.72921","longitude":"-0.87971","bright_ti4":"355.72","scan":"0.46","track":"0.39","acq_date":"2026-07-26","acq_time":"1316","satellite":"N20","instrument":"VIIRS","confidence":"n","version":"2.0NRT","bright_ti5":"296.07","frp":"6.38","daynight":"D","commune":"Audenge","code_insee":"33019","departement":"Gironde","region":"Nouvelle-Aquitaine"}},{"type":"Feature","geometry":{"type":"Point","coordinates":[-0.84373,44.72967]},"properties":{"latitude":"44.72967","longitude":"-0.84373","bright_ti4":"351.45","scan":"0.47","track":"0.39","acq_date":"2026-07-26","acq_time":"1316","satellite":"N20","instrument":"VIIRS","confidence":"n","version":"2.0NRT","bright_ti5":"299.61","frp":"11.01","daynight":"D","commune":"Audenge","code_insee":"33019","departement":"Gironde","region":"Nouvelle-Aquitaine"}},{"type":"Feature","geometry":{"type":"Point","coordinates":[-0.87386,44.72989]},"properties":{"latitude":"44.72989","longitude":"-0.87386","bright_ti4":"353.63","scan":"0.47","track":"0.39","acq_date":"2026-07-26","acq_time":"1316","satellite":"N20","instrument":"VIIRS","confidence":"n","version":"2.0NRT","bright_ti5":"303.69","frp":"17.44","daynight":"D","commune":"Audenge","code_insee":"33019","departement":"Gironde","region":"Nouvelle-Aquitaine"}},{"type":"Feature","geometry":{"type":"Point","coordinates":[-0.86801,44.73056]},"properties":{"latitude":"44.73056","longitude":"-0.86801","bright_ti4":"335.3","scan":"0.47","track":"0.39","acq_date":"2026-07-26","acq_time":"1316","satellite":"N20","instrument":"VIIRS","confidence":"n","version":"2.0NRT","bright_ti5":"298.48","frp":"17.44","daynight":"D","commune":"Audenge","code_insee":"33019","departement":"Gironde","region":"Nouvelle-Aquitaine"}},{"type":"Feature","geometry":{"type":"Point","coordinates":[-0.89221,44.73146]},"properties":{"latitude":"44.73146","longitude":"-0.89221","bright_ti4":"338.84","scan":"0.46","track":"0.39","acq_date":"2026-07-26","acq_time":"1316","satellite":"N20","instrument":"VIIRS","confidence":"n","version":"2.0NRT","bright_ti5":"299.98","frp":"20.04","daynight":"D","commune":"Audenge","code_insee":"33019","departement":"Gironde","region":"Nouvelle-Aquitaine"}},{"type":"Feature","geometry":{"type":"Point","coordinates":[-0.88636,44.73214]},"properties":{"latitude":"44.73214","longitude":"-0.88636","bright_ti4":"354.69","scan":"0.46","track":"0.39","acq_date":"2026-07-26","acq_time":"1316","satellite":"N20","instrument":"VIIRS","confidence":"n","version":"2.0NRT","bright_ti5":"304.77","frp":"13.79","daynight":"D","commune":"Audenge","code_insee":"33019","departement":"Gironde","region":"Nouvelle-Aquitaine"}},{"type":"Feature","geometry":{"type":"Point","coordinates":[-0.88051,44.73282]},"properties":{"latitude":"44.73282","longitude":"-0.88051","bright_ti4":"353.96","scan":"0.46","track":"0.39","acq_date":"2026-07-26","acq_time":"1316","satellite":"N20","instrument":"VIIRS","confidence":"n","version":"2.0NRT","bright_ti5":"304.77","frp":"13.79","daynight":"D","commune":"Audenge","code_insee":"33019","departement":"Gironde","region":"Nouvelle-Aquitaine"}},{"type":"Feature","geometry":{"type":"Point","coordinates":[-0.81432,44.73306]},"properties":{"latitude":"44.73306","longitude":"-0.81432","bright_ti4":"355.76","scan":"0.47","track":"0.4","acq_date":"2026-07-26","acq_time":"1316","satellite":"N20","instrument":"VIIRS","confidence":"n","version":"2.0NRT","bright_ti5":"296.25","frp":"125.64","daynight":"D","commune":"Cestas","code_insee":"33122","departement":"Gironde","region":"Nouvelle-Aquitaine"}},{"type":"Feature","geometry":{"type":"Point","coordinates":[-0.87466,44.7335]},"properties":{"latitude":"44.7335","longitude":"-0.87466","bright_ti4":"331.29","scan":"0.47","track":"0.39","acq_date":"2026-07-26","acq_time":"1316","satellite":"N20","instrument":"VIIRS","confidence":"n","version":"2.0NRT","bright_ti5":"297.45","frp":"6.73","daynight":"D","commune":"Audenge","code_insee":"33019","departement":"Gironde","region":"Nouvelle-Aquitaine"}},{"type":"Feature","geometry":{"type":"Point","coordinates":[-0.80253,44.73442]},"properties":{"latitude":"44.73442","longitude":"-0.80253","bright_ti4":"355.73","scan":"0.47","track":"0.4","acq_date":"2026-07-26","acq_time":"1316","satellite":"N20","instrument":"VIIRS","confidence":"n","version":"2.0NRT","bright_ti5":"293.65","frp":"34.87","daynight":"D","commune":"Cestas","code_insee":"33122","departement":"Gironde","region":"Nouvelle-Aquitaine"}},{"type":"Feature","geometry":{"type":"Point","coordinates":[-0.89302,44.73507]},"properties":{"latitude":"44.73507","longitude":"-0.89302","bright_ti4":"351.97","scan":"0.46","track":"0.39","acq_date":"2026-07-26","acq_time":"1316","satellite":"N20","instrument":"VIIRS","confidence":"n","version":"2.0NRT","bright_ti5":"300.7","frp":"20.04","daynight":"D","commune":"Audenge","code_insee":"33019","departement":"Gironde","region":"Nouvelle-Aquitaine"}},{"type":"Feature","geometry":{"type":"Point","coordinates":[-0.79663,44.73509]},"properties":{"latitude":"44.73509","longitude":"-0.79663","bright_ti4":"351.35","scan":"0.47","track":"0.4","acq_date":"2026-07-26","acq_time":"1316","satellite":"N20","instrument":"VIIRS","confidence":"n","version":"2.0NRT","bright_ti5":"294.61","frp":"34.87","daynight":"D","commune":"Cestas","code_insee":"33122","departement":"Gironde","region":"Nouvelle-Aquitaine"}},{"type":"Feature","geometry":{"type":"Point","coordinates":[-0.89505,44.73534]},"properties":{"latitude":"44.73534","longitude":"-0.89505","bright_ti4":"340.84","scan":"0.46","track":"0.39","acq_date":"2026-07-26","acq_time":"1316","satellite":"N20","instrument":"VIIRS","confidence":"n","version":"2.0NRT","bright_ti5":"297.71","frp":"6.98","daynight":"D","commune":"Audenge","code_insee":"33019","departement":"Gironde","region":"Nouvelle-Aquitaine"}},{"type":"Feature","geometry":{"type":"Point","coordinates":[-0.88716,44.73574]},"properties":{"latitude":"44.73574","longitude":"-0.88716","bright_ti4":"343.71","scan":"0.46","track":"0.39","acq_date":"2026-07-26","acq_time":"1316","satellite":"N20","instrument":"VIIRS","confidence":"n","version":"2.0NRT","bright_ti5":"300.78","frp":"13.79","daynight":"D","commune":"Audenge","code_insee":"33019","departement":"Gironde","region":"Nouvelle-Aquitaine"}},{"type":"Feature","geometry":{"type":"Point","coordinates":[-0.79072,44.73577]},"properties":{"latitude":"44.73577","longitude":"-0.79072","bright_ti4":"340.77","scan":"0.47","track":"0.4","acq_date":"2026-07-26","acq_time":"1316","satellite":"N20","instrument":"VIIRS","confidence":"n","version":"2.0NRT","bright_ti5":"290.06","frp":"8.77","daynight":"D","commune":"Cestas","code_insee":"33122","departement":"Gironde","region":"Nouvelle-Aquitaine"}},{"type":"Feature","geometry":{"type":"Point","coordinates":[-0.88919,44.736]},"properties":{"latitude":"44.736","longitude":"-0.88919","bright_ti4":"346.08","scan":"0.46","track":"0.39","acq_date":"2026-07-26","acq_time":"1316","satellite":"N20","instrument":"VIIRS","confidence":"n","version":"2.0NRT","bright_ti5":"300.76","frp":"6.98","daynight":"D","commune":"Audenge","code_insee":"33019","departement":"Gironde","region":"Nouvelle-Aquitaine"}},{"type":"Feature","geometry":{"type":"Point","coordinates":[-0.821,44.736]},"properties":{"latitude":"44.736","longitude":"-0.821","bright_ti4":"342.24","scan":"0.47","track":"0.4","acq_date":"2026-07-26","acq_time":"1316","satellite":"N20","instrument":"VIIRS","confidence":"n","version":"2.0NRT","bright_ti5":"298.69","frp":"12.31","daynight":"D","commune":"Cestas","code_insee":"33122","departement":"Gironde","region":"Nouvelle-Aquitaine"}},{"type":"Feature","geometry":{"type":"Point","coordinates":[-0.88131,44.73643]},"properties":{"latitude":"44.73643","longitude":"-0.88131","bright_ti4":"342.8","scan":"0.46","track":"0.39","acq_date":"2026-07-26","acq_time":"1316","satellite":"N20","instrument":"VIIRS","confidence":"n","version":"2.0NRT","bright_ti5":"299.31","frp":"13.79","daynight":"D","commune":"Audenge","code_insee":"33019","departement":"Gironde","region":"Nouvelle-Aquitaine"}},{"type":"Feature","geometry":{"type":"Point","coordinates":[-0.78481,44.73645]},"properties":{"latitude":"44.73645","longitude":"-0.78481","bright_ti4":"331.03","scan":"0.47","track":"0.4","acq_date":"2026-07-26","acq_time":"1316","satellite":"N20","instrument":"VIIRS","confidence":"n","version":"2.0NRT","bright_ti5":"285.77","frp":"8.77","daynight":"D","commune":"Cestas","code_insee":"33122","departement":"Gironde","region":"Nouvelle-Aquitaine"}},{"type":"Feature","geometry":{"type":"Point","coordinates":[-0.80922,44.73736]},"properties":{"latitude":"44.73736","longitude":"-0.80922","bright_ti4":"367","scan":"0.47","track":"0.4","acq_date":"2026-07-26","acq_time":"1316","satellite":"N20","instrument":"VIIRS","confidence":"h","version":"2.0NRT","bright_ti5":"334.48","frp":"125.64","daynight":"D","commune":"Cestas","code_insee":"33122","departement":"Gironde","region":"Nouvelle-Aquitaine"}},{"type":"Feature","geometry":{"type":"Point","coordinates":[-0.89967,44.73799]},"properties":{"latitude":"44.73799","longitude":"-0.89967","bright_ti4":"330.3","scan":"0.46","track":"0.39","acq_date":"2026-07-26","acq_time":"1316","satellite":"N20","instrument":"VIIRS","confidence":"n","version":"2.0NRT","bright_ti5":"294.05","frp":"5.76","daynight":"D","commune":"Audenge","code_insee":"33019","departement":"Gironde","region":"Nouvelle-Aquitaine"}},{"type":"Feature","geometry":{"type":"Point","coordinates":[-0.80333,44.73804]},"properties":{"latitude":"44.73804","longitude":"-0.80333","bright_ti4":"349.51","scan":"0.47","track":"0.4","acq_date":"2026-07-26","acq_time":"1316","satellite":"N20","instrument":"VIIRS","confidence":"n","version":"2.0NRT","bright_ti5":"316.09","frp":"34.87","daynight":"D","commune":"Cestas","code_insee":"33122","departement":"Gironde","region":"Nouvelle-Aquitaine"}},{"type":"Feature","geometry":{"type":"Point","coordinates":[-0.79743,44.73872]},"properties":{"latitude":"44.73872","longitude":"-0.79743","bright_ti4":"352.48","scan":"0.47","track":"0.4","acq_date":"2026-07-26","acq_time":"1316","satellite":"N20","instrument":"VIIRS","confidence":"n","version":"2.0NRT","bright_ti5":"300.29","frp":"34.87","daynight":"D","commune":"Cestas","code_insee":"33122","departement":"Gironde","region":"Nouvelle-Aquitaine"}},{"type":"Feature","geometry":{"type":"Point","coordinates":[-0.79152,44.7394]},"properties":{"latitude":"44.7394","longitude":"-0.79152","bright_ti4":"349.31","scan":"0.47","track":"0.4","acq_date":"2026-07-26","acq_time":"1316","satellite":"N20","instrument":"VIIRS","confidence":"n","version":"2.0NRT","bright_ti5":"290.12","frp":"8.77","daynight":"D","commune":"Cestas","code_insee":"33122","departement":"Gironde","region":"Nouvelle-Aquitaine"}},{"type":"Feature","geometry":{"type":"Point","coordinates":[-0.8218,44.73961]},"properties":{"latitude":"44.73961","longitude":"-0.8218","bright_ti4":"351.52","scan":"0.47","track":"0.4","acq_date":"2026-07-26","acq_time":"1316","satellite":"N20","instrument":"VIIRS","confidence":"n","version":"2.0NRT","bright_ti5":"296.79","frp":"11.71","daynight":"D","commune":"Saint-Jean-d'Illac","code_insee":"33422","departement":"Gironde","region":"Nouvelle-Aquitaine"}},{"type":"Feature","geometry":{"type":"Point","coordinates":[-0.78561,44.74007]},"properties":{"latitude":"44.74007","longitude":"-0.78561","bright_ti4":"334.55","scan":"0.47","track":"0.4","acq_date":"2026-07-26","acq_time":"1316","satellite":"N20","instrument":"VIIRS","confidence":"n","version":"2.0NRT","bright_ti5":"285.65","frp":"8.77","daynight":"D","commune":"Cestas","code_insee":"33122","departement":"Gironde","region":"Nouvelle-Aquitaine"}},{"type":"Feature","geometry":{"type":"Point","coordinates":[-0.81591,44.7403]},"properties":{"latitude":"44.7403","longitude":"-0.81591","bright_ti4":"320.87","scan":"0.47","track":"0.4","acq_date":"2026-07-26","acq_time":"1316","satellite":"N20","instrument":"VIIRS","confidence":"l","version":"2.0NRT","bright_ti5":"322.07","frp":"94.27","daynight":"D","commune":"Cestas","code_insee":"33122","departement":"Gironde","region":"Nouvelle-Aquitaine"}},{"type":"Feature","geometry":{"type":"Point","coordinates":[-0.81002,44.74097]},"properties":{"latitude":"44.74097","longitude":"-0.81002","bright_ti4":"367","scan":"0.47","track":"0.4","acq_date":"2026-07-26","acq_time":"1316","satellite":"N20","instrument":"VIIRS","confidence":"h","version":"2.0NRT","bright_ti5":"339.37","frp":"94.27","daynight":"D","commune":"Cestas","code_insee":"33122","departement":"Gironde","region":"Nouvelle-Aquitaine"}},{"type":"Feature","geometry":{"type":"Point","coordinates":[-0.79822,44.74234]},"properties":{"latitude":"44.74234","longitude":"-0.79822","bright_ti4":"351.26","scan":"0.47","track":"0.4","acq_date":"2026-07-26","acq_time":"1316","satellite":"N20","instrument":"VIIRS","confidence":"n","version":"2.0NRT","bright_ti5":"291.58","frp":"69.83","daynight":"D","commune":"Cestas","code_insee":"33122","departement":"Gironde","region":"Nouvelle-Aquitaine"}},{"type":"Feature","geometry":{"type":"Point","coordinates":[-0.85279,44.74344]},"properties":{"latitude":"44.74344","longitude":"-0.85279","bright_ti4":"334.8","scan":"0.47","track":"0.39","acq_date":"2026-07-26","acq_time":"1316","satellite":"N20","instrument":"VIIRS","confidence":"n","version":"2.0NRT","bright_ti5":"297.38","frp":"25","daynight":"D","commune":"Audenge","code_insee":"33019","departement":"Gironde","region":"Nouvelle-Aquitaine"}},{"type":"Feature","geometry":{"type":"Point","coordinates":[-0.84691,44.74412]},"properties":{"latitude":"44.74412","longitude":"-0.84691","bright_ti4":"341.76","scan":"0.47","track":"0.39","acq_date":"2026-07-26","acq_time":"1316","satellite":"N20","instrument":"VIIRS","confidence":"n","version":"2.0NRT","bright_ti5":"293.77","frp":"25","daynight":"D","commune":"Saint-Jean-d'Illac","code_insee":"33422","departement":"Gironde","region":"Nouvelle-Aquitaine"}},{"type":"Feature","geometry":{"type":"Point","coordinates":[-0.84889,44.74421]},"properties":{"latitude":"44.74421","longitude":"-0.84889","bright_ti4":"348.09","scan":"0.47","track":"0.39","acq_date":"2026-07-26","acq_time":"1316","satellite":"N20","instrument":"VIIRS","confidence":"n","version":"2.0NRT","bright_ti5":"301.22","frp":"28.09","daynight":"D","commune":"Saint-Jean-d'Illac","code_insee":"33422","departement":"Gironde","region":"Nouvelle-Aquitaine"}},{"type":"Feature","geometry":{"type":"Point","coordinates":[-0.81275,44.74453]},"properties":{"latitude":"44.74453","longitude":"-0.81275","bright_ti4":"339.41","scan":"0.47","track":"0.4","acq_date":"2026-07-26","acq_time":"1316","satellite":"N20","instrument":"VIIRS","confidence":"n","version":"2.0NRT","bright_ti5":"285.44","frp":"5.89","daynight":"D","commune":"Saint-Jean-d'Illac","code_insee":"33422","departement":"Gironde","region":"Nouvelle-Aquitaine"}},{"type":"Feature","geometry":{"type":"Point","coordinates":[-0.81081,44.74459]},"properties":{"latitude":"44.74459","longitude":"-0.81081","bright_ti4":"347.74","scan":"0.47","track":"0.4","acq_date":"2026-07-26","acq_time":"1316","satellite":"N20","instrument":"VIIRS","confidence":"n","version":"2.0NRT","bright_ti5":"287.54","frp":"94.27","daynight":"D","commune":"Saint-Jean-d'Illac","code_insee":"33422","departement":"Gironde","region":"Nouvelle-Aquitaine"}},{"type":"Feature","geometry":{"type":"Point","coordinates":[-1.0404,44.7447]},"properties":{"latitude":"44.7447","longitude":"-1.0404","bright_ti4":"332.21","scan":"0.46","track":"0.39","acq_date":"2026-07-26","acq_time":"1316","satellite":"N20","instrument":"VIIRS","confidence":"n","version":"2.0NRT","bright_ti5":"294.34","frp":"2.66","daynight":"D","commune":"Lanton","code_insee":"33229","departement":"Gironde","region":"Nouvelle-Aquitaine"}},{"type":"Feature","geometry":{"type":"Point","coordinates":[-0.80685,44.74519]},"properties":{"latitude":"44.74519","longitude":"-0.80685","bright_ti4":"345.46","scan":"0.47","track":"0.4","acq_date":"2026-07-26","acq_time":"1316","satellite":"N20","instrument":"VIIRS","confidence":"n","version":"2.0NRT","bright_ti5":"286.71","frp":"5.89","daynight":"D","commune":"Saint-Jean-d'Illac","code_insee":"33422","departement":"Gironde","region":"Nouvelle-Aquitaine"}},{"type":"Feature","geometry":{"type":"Point","coordinates":[-0.80493,44.74527]},"properties":{"latitude":"44.74527","longitude":"-0.80493","bright_ti4":"344.41","scan":"0.47","track":"0.4","acq_date":"2026-07-26","acq_time":"1316","satellite":"N20","instrument":"VIIRS","confidence":"n","version":"2.0NRT","bright_ti5":"288.59","frp":"69.83","daynight":"D","commune":"Saint-Jean-d'Illac","code_insee":"33422","departement":"Gironde","region":"Nouvelle-Aquitaine"}},{"type":"Feature","geometry":{"type":"Point","coordinates":[-0.80094,44.74584]},"properties":{"latitude":"44.74584","longitude":"-0.80094","bright_ti4":"343.11","scan":"0.47","track":"0.4","acq_date":"2026-07-26","acq_time":"1316","satellite":"N20","instrument":"VIIRS","confidence":"n","version":"2.0NRT","bright_ti5":"285.65","frp":"9.68","daynight":"D","commune":"Saint-Jean-d'Illac","code_insee":"33422","departement":"Gironde","region":"Nouvelle-Aquitaine"}},{"type":"Feature","geometry":{"type":"Point","coordinates":[-0.7931,44.74664]},"properties":{"latitude":"44.74664","longitude":"-0.7931","bright_ti4":"330.39","scan":"0.47","track":"0.4","acq_date":"2026-07-26","acq_time":"1316","satellite":"N20","instrument":"VIIRS","confidence":"n","version":"2.0NRT","bright_ti5":"284.69","frp":"5.51","daynight":"D","commune":"Saint-Jean-d'Illac","code_insee":"33422","departement":"Gironde","region":"Nouvelle-Aquitaine"}},{"type":"Feature","geometry":{"type":"Point","coordinates":[-1.02302,44.74669]},"properties":{"latitude":"44.74669","longitude":"-1.02302","bright_ti4":"339.09","scan":"0.46","track":"0.39","acq_date":"2026-07-26","acq_time":"1316","satellite":"N20","instrument":"VIIRS","confidence":"n","version":"2.0NRT","bright_ti5":"299.71","frp":"7.17","daynight":"D","commune":"Lanton","code_insee":"33229","departement":"Gironde","region":"Nouvelle-Aquitaine"}},{"type":"Feature","geometry":{"type":"Point","coordinates":[-1.047,44.74763]},"properties":{"latitude":"44.74763","longitude":"-1.047","bright_ti4":"334.61","scan":"0.46","track":"0.39","acq_date":"2026-07-26","acq_time":"1316","satellite":"N20","instrument":"VIIRS","confidence":"n","version":"2.0NRT","bright_ti5":"292.16","frp":"47.68","daynight":"D","commune":"Lanton","code_insee":"33229","departement":"Gironde","region":"Nouvelle-Aquitaine"}},{"type":"Feature","geometry":{"type":"Point","coordinates":[-0.84771,44.74773]},"properties":{"latitude":"44.74773","longitude":"-0.84771","bright_ti4":"338.24","scan":"0.47","track":"0.39","acq_date":"2026-07-26","acq_time":"1316","satellite":"N20","instrument":"VIIRS","confidence":"n","version":"2.0NRT","bright_ti5":"299.3","frp":"25","daynight":"D","commune":"Saint-Jean-d'Illac","code_insee":"33422","departement":"Gironde","region":"Nouvelle-Aquitaine"}},{"type":"Feature","geometry":{"type":"Point","coordinates":[-0.8497,44.74782]},"properties":{"latitude":"44.74782","longitude":"-0.8497","bright_ti4":"344.1","scan":"0.47","track":"0.39","acq_date":"2026-07-26","acq_time":"1316","satellite":"N20","instrument":"VIIRS","confidence":"n","version":"2.0NRT","bright_ti5":"295.91","frp":"36.81","daynight":"D","commune":"Saint-Jean-d'Illac","code_insee":"33422","departement":"Gironde","region":"Nouvelle-Aquitaine"}},{"type":"Feature","geometry":{"type":"Point","coordinates":[-1.04122,44.74828]},"properties":{"latitude":"44.74828","longitude":"-1.04122","bright_ti4":"351.61","scan":"0.46","track":"0.39","acq_date":"2026-07-26","acq_time":"1316","satellite":"N20","instrument":"VIIRS","confidence":"n","version":"2.0NRT","bright_ti5":"300.6","frp":"21.37","daynight":"D","commune":"Lanton","code_insee":"33229","departement":"Gironde","region":"Nouvelle-Aquitaine"}},{"type":"Feature","geometry":{"type":"Point","coordinates":[-1.02383,44.75027]},"properties":{"latitude":"44.75027","longitude":"-1.02383","bright_ti4":"331.56","scan":"0.46","track":"0.39","acq_date":"2026-07-26","acq_time":"1316","satellite":"N20","instrument":"VIIRS","confidence":"n","version":"2.0NRT","bright_ti5":"291.86","frp":"5.66","daynight":"D","commune":"Lanton","code_insee":"33229","departement":"Gironde","region":"Nouvelle-Aquitaine"}},{"type":"Feature","geometry":{"type":"Point","coordinates":[-1.04204,44.75187]},"properties":{"latitude":"44.75187","longitude":"-1.04204","bright_ti4":"353.19","scan":"0.46","track":"0.39","acq_date":"2026-07-26","acq_time":"1316","satellite":"N20","instrument":"VIIRS","confidence":"n","version":"2.0NRT","bright_ti5":"304.48","frp":"21.37","daynight":"D","commune":"Lanton","code_insee":"33229","departement":"Gironde","region":"Nouvelle-Aquitaine"}},{"type":"Feature","geometry":{"type":"Point","coordinates":[-1.03626,44.75253]},"properties":{"latitude":"44.75253","longitude":"-1.03626","bright_ti4":"353.97","scan":"0.46","track":"0.39","acq_date":"2026-07-26","acq_time":"1316","satellite":"N20","instrument":"VIIRS","confidence":"n","version":"2.0NRT","bright_ti5":"299.43","frp":"21.37","daynight":"D","commune":"Lanton","code_insee":"33229","departement":"Gironde","region":"Nouvelle-Aquitaine"}},{"type":"Feature","geometry":{"type":"Point","coordinates":[-1.04863,44.7548]},"properties":{"latitude":"44.7548","longitude":"-1.04863","bright_ti4":"348.81","scan":"0.46","track":"0.39","acq_date":"2026-07-26","acq_time":"1316","satellite":"N20","instrument":"VIIRS","confidence":"n","version":"2.0NRT","bright_ti5":"304.99","frp":"22.44","daynight":"D","commune":"Lanton","code_insee":"33229","departement":"Gironde","region":"Nouvelle-Aquitaine"}},{"type":"Feature","geometry":{"type":"Point","coordinates":[-1.04285,44.75546]},"properties":{"latitude":"44.75546","longitude":"-1.04285","bright_ti4":"355.51","scan":"0.46","track":"0.39","acq_date":"2026-07-26","acq_time":"1316","satellite":"N20","instrument":"VIIRS","confidence":"n","version":"2.0NRT","bright_ti5":"308.71","frp":"42.61","daynight":"D","commune":"Lanton","code_insee":"33229","departement":"Gironde","region":"Nouvelle-Aquitaine"}},{"type":"Feature","geometry":{"type":"Point","coordinates":[-1.03707,44.75612]},"properties":{"latitude":"44.75612","longitude":"-1.03707","bright_ti4":"354.53","scan":"0.46","track":"0.39","acq_date":"2026-07-26","acq_time":"1316","satellite":"N20","instrument":"VIIRS","confidence":"n","version":"2.0NRT","bright_ti5":"315.64","frp":"42.61","daynight":"D","commune":"Lanton","code_insee":"33229","departement":"Gironde","region":"Nouvelle-Aquitaine"}},{"type":"Feature","geometry":{"type":"Point","coordinates":[-0.86975,44.75668]},"properties":{"latitude":"44.75668","longitude":"-0.86975","bright_ti4":"331.9","scan":"0.47","track":"0.39","acq_date":"2026-07-26","acq_time":"1316","satellite":"N20","instrument":"VIIRS","confidence":"n","version":"2.0NRT","bright_ti5":"292.71","frp":"2.05","daynight":"D","commune":"Saint-Jean-d'Illac","code_insee":"33422","departement":"Gironde","region":"Nouvelle-Aquitaine"}},{"type":"Feature","geometry":{"type":"Point","coordinates":[-1.03126,44.75679]},"properties":{"latitude":"44.75679","longitude":"-1.03126","bright_ti4":"344.61","scan":"0.46","track":"0.39","acq_date":"2026-07-26","acq_time":"1316","satellite":"N20","instrument":"VIIRS","confidence":"n","version":"2.0NRT","bright_ti5":"300.58","frp":"6.63","daynight":"D","commune":"Lanton","code_insee":"33229","departement":"Gironde","region":"Nouvelle-Aquitaine"}},{"type":"Feature","geometry":{"type":"Point","coordinates":[-0.86387,44.75734]},"properties":{"latitude":"44.75734","longitude":"-0.86387","bright_ti4":"334.33","scan":"0.47","track":"0.39","acq_date":"2026-07-26","acq_time":"1316","satellite":"N20","instrument":"VIIRS","confidence":"n","version":"2.0NRT","bright_ti5":"291.06","frp":"3.63","daynight":"D","commune":"Saint-Jean-d'Illac","code_insee":"33422","departement":"Gironde","region":"Nouvelle-Aquitaine"}},{"type":"Feature","geometry":{"type":"Point","coordinates":[-1.02545,44.75745]},"properties":{"latitude":"44.75745","longitude":"-1.02545","bright_ti4":"336.74","scan":"0.46","track":"0.39","acq_date":"2026-07-26","acq_time":"1316","satellite":"N20","instrument":"VIIRS","confidence":"n","version":"2.0NRT","bright_ti5":"299.46","frp":"6.63","daynight":"D","commune":"Lanton","code_insee":"33229","departement":"Gironde","region":"Nouvelle-Aquitaine"}},{"type":"Feature","geometry":{"type":"Point","coordinates":[-0.95408,44.75823]},"properties":{"latitude":"44.75823","longitude":"-0.95408","bright_ti4":"342.55","scan":"0.46","track":"0.39","acq_date":"2026-07-26","acq_time":"1316","satellite":"N20","instrument":"VIIRS","confidence":"n","version":"2.0NRT","bright_ti5":"297.46","frp":"8.29","daynight":"D","commune":"Lanton","code_insee":"33229","departement":"Gironde","region":"Nouvelle-Aquitaine"}},{"type":"Feature","geometry":{"type":"Point","coordinates":[-1.04944,44.75838]},"properties":{"latitude":"44.75838","longitude":"-1.04944","bright_ti4":"350.43","scan":"0.46","track":"0.39","acq_date":"2026-07-26","acq_time":"1316","satellite":"N20","instrument":"VIIRS","confidence":"n","version":"2.0NRT","bright_ti5":"298.13","frp":"22.44","daynight":"D","commune":"Lanton","code_insee":"33229","departement":"Gironde","region":"Nouvelle-Aquitaine"}},{"type":"Feature","geometry":{"type":"Point","coordinates":[-0.97818,44.75917]},"properties":{"latitude":"44.75917","longitude":"-0.97818","bright_ti4":"344.46","scan":"0.46","track":"0.39","acq_date":"2026-07-26","acq_time":"1316","satellite":"N20","instrument":"VIIRS","confidence":"n","version":"2.0NRT","bright_ti5":"300.53","frp":"63.73","daynight":"D","commune":"Lanton","code_insee":"33229","departement":"Gironde","region":"Nouvelle-Aquitaine"}},{"type":"Feature","geometry":{"type":"Point","coordinates":[-1.03787,44.75971]},"properties":{"latitude":"44.75971","longitude":"-1.03787","bright_ti4":"347.51","scan":"0.46","track":"0.39","acq_date":"2026-07-26","acq_time":"1316","satellite":"N20","instrument":"VIIRS","confidence":"n","version":"2.0NRT","bright_ti5":"301.81","frp":"42.61","daynight":"D","commune":"Lanton","code_insee":"33229","departement":"Gironde","region":"Nouvelle-Aquitaine"}},{"type":"Feature","geometry":{"type":"Point","coordinates":[-0.87056,44.76028]},"properties":{"latitude":"44.76028","longitude":"-0.87056","bright_ti4":"343.26","scan":"0.47","track":"0.39","acq_date":"2026-07-26","acq_time":"1316","satellite":"N20","instrument":"VIIRS","confidence":"n","version":"2.0NRT","bright_ti5":"297.15","frp":"6.38","daynight":"D","commune":"Saint-Jean-d'Illac","code_insee":"33422","departement":"Gironde","region":"Nouvelle-Aquitaine"}},{"type":"Feature","geometry":{"type":"Point","coordinates":[-1.03207,44.76038]},"properties":{"latitude":"44.76038","longitude":"-1.03207","bright_ti4":"343.74","scan":"0.46","track":"0.39","acq_date":"2026-07-26","acq_time":"1316","satellite":"N20","instrument":"VIIRS","confidence":"n","version":"2.0NRT","bright_ti5":"294.64","frp":"6.63","daynight":"D","commune":"Lanton","code_insee":"33229","departement":"Gironde","region":"Nouvelle-Aquitaine"}},{"type":"Feature","geometry":{"type":"Point","coordinates":[-0.86467,44.76095]},"properties":{"latitude":"44.76095","longitude":"-0.86467","bright_ti4":"341.36","scan":"0.47","track":"0.39","acq_date":"2026-07-26","acq_time":"1316","satellite":"N20","instrument":"VIIRS","confidence":"n","version":"2.0NRT","bright_ti5":"294.55","frp":"6.91","daynight":"D","commune":"Saint-Jean-d'Illac","code_insee":"33422","departement":"Gironde","region":"Nouvelle-Aquitaine"}},{"type":"Feature","geometry":{"type":"Point","coordinates":[-1.05603,44.7613]},"properties":{"latitude":"44.7613","longitude":"-1.05603","bright_ti4":"330.13","scan":"0.46","track":"0.39","acq_date":"2026-07-26","acq_time":"1316","satellite":"N20","instrument":"VIIRS","confidence":"n","version":"2.0NRT","bright_ti5":"294.4","frp":"3.24","daynight":"D","commune":"Andernos-les-Bains","code_insee":"33005","departement":"Gironde","region":"Nouvelle-Aquitaine"}},{"type":"Feature","geometry":{"type":"Point","coordinates":[-0.9549,44.76183]},"properties":{"latitude":"44.76183","longitude":"-0.9549","bright_ti4":"332.72","scan":"0.46","track":"0.39","acq_date":"2026-07-26","acq_time":"1316","satellite":"N20","instrument":"VIIRS","confidence":"n","version":"2.0NRT","bright_ti5":"296.78","frp":"8.29","daynight":"D","commune":"Lanton","code_insee":"33229","departement":"Gironde","region":"Nouvelle-Aquitaine"}},{"type":"Feature","geometry":{"type":"Point","coordinates":[-1.05025,44.76197]},"properties":{"latitude":"44.76197","longitude":"-1.05025","bright_ti4":"331.38","scan":"0.46","track":"0.39","acq_date":"2026-07-26","acq_time":"1316","satellite":"N20","instrument":"VIIRS","confidence":"n","version":"2.0NRT","bright_ti5":"293.74","frp":"3.24","daynight":"D","commune":"Lanton","code_insee":"33229","departement":"Gironde","region":"Nouvelle-Aquitaine"}},{"type":"Feature","geometry":{"type":"Point","coordinates":[-0.9848,44.7621]},"properties":{"latitude":"44.7621","longitude":"-0.9848","bright_ti4":"349.16","scan":"0.46","track":"0.39","acq_date":"2026-07-26","acq_time":"1316","satellite":"N20","instrument":"VIIRS","confidence":"n","version":"2.0NRT","bright_ti5":"294.52","frp":"19.76","daynight":"D","commune":"Lanton","code_insee":"33229","departement":"Gironde","region":"Nouvelle-Aquitaine"}},{"type":"Feature","geometry":{"type":"Point","coordinates":[-0.87725,44.76323]},"properties":{"latitude":"44.76323","longitude":"-0.87725","bright_ti4":"343.37","scan":"0.47","track":"0.39","acq_date":"2026-07-26","acq_time":"1316","satellite":"N20","instrument":"VIIRS","confidence":"n","version":"2.0NRT","bright_ti5":"295.8","frp":"6.38","daynight":"D","commune":"Saint-Jean-d'Illac","code_insee":"33422","departement":"Gironde","region":"Nouvelle-Aquitaine"}},{"type":"Feature","geometry":{"type":"Point","coordinates":[-1.03868,44.7633]},"properties":{"latitude":"44.7633","longitude":"-1.03868","bright_ti4":"336.42","scan":"0.46","track":"0.39","acq_date":"2026-07-26","acq_time":"1316","satellite":"N20","instrument":"VIIRS","confidence":"n","version":"2.0NRT","bright_ti5":"297.6","frp":"44.61","daynight":"D","commune":"Lanton","code_insee":"33229","departement":"Gironde","region":"Nouvelle-Aquitaine"}},{"type":"Feature","geometry":{"type":"Point","coordinates":[-0.90735,44.76353]},"properties":{"latitude":"44.76353","longitude":"-0.90735","bright_ti4":"332.3","scan":"0.46","track":"0.39","acq_date":"2026-07-26","acq_time":"1316","satellite":"N20","instrument":"VIIRS","confidence":"n","version":"2.0NRT","bright_ti5":"293.06","frp":"18.6","daynight":"D","commune":"Lanton","code_insee":"33229","departement":"Gironde","region":"Nouvelle-Aquitaine"}},{"type":"Feature","geometry":{"type":"Point","coordinates":[-0.87137,44.7639]},"properties":{"latitude":"44.7639","longitude":"-0.87137","bright_ti4":"347.84","scan":"0.47","track":"0.39","acq_date":"2026-07-26","acq_time":"1316","satellite":"N20","instrument":"VIIRS","confidence":"n","version":"2.0NRT","bright_ti5":"300.88","frp":"6.38","daynight":"D","commune":"Saint-Jean-d'Illac","code_insee":"33422","departement":"Gironde","region":"Nouvelle-Aquitaine"}},{"type":"Feature","geometry":{"type":"Point","coordinates":[-1.03289,44.76396]},"properties":{"latitude":"44.76396","longitude":"-1.03289","bright_ti4":"331.7","scan":"0.46","track":"0.39","acq_date":"2026-07-26","acq_time":"1316","satellite":"N20","instrument":"VIIRS","confidence":"n","version":"2.0NRT","bright_ti5":"287.42","frp":"2.35","daynight":"D","commune":"Lanton","code_insee":"33229","departement":"Gironde","region":"Nouvelle-Aquitaine"}},{"type":"Feature","geometry":{"type":"Point","coordinates":[-0.90149,44.76419]},"properties":{"latitude":"44.76419","longitude":"-0.90149","bright_ti4":"342.76","scan":"0.46","track":"0.39","acq_date":"2026-07-26","acq_time":"1316","satellite":"N20","instrument":"VIIRS","confidence":"n","version":"2.0NRT","bright_ti5":"291.58","frp":"16.35","daynight":"D","commune":"Lanton","code_insee":"33229","departement":"Gironde","region":"Nouvelle-Aquitaine"}},{"type":"Feature","geometry":{"type":"Point","coordinates":[-1.06264,44.76422]},"properties":{"latitude":"44.76422","longitude":"-1.06264","bright_ti4":"332.74","scan":"0.46","track":"0.39","acq_date":"2026-07-26","acq_time":"1316","satellite":"N20","instrument":"VIIRS","confidence":"n","version":"2.0NRT","bright_ti5":"297.42","frp":"4.67","daynight":"D","commune":"Andernos-les-Bains","code_insee":"33005","departement":"Gironde","region":"Nouvelle-Aquitaine"}},{"type":"Feature","geometry":{"type":"Point","coordinates":[-1.05685,44.76488]},"properties":{"latitude":"44.76488","longitude":"-1.05685","bright_ti4":"334.79","scan":"0.46","track":"0.39","acq_date":"2026-07-26","acq_time":"1316","satellite":"N20","instrument":"VIIRS","confidence":"n","version":"2.0NRT","bright_ti5":"297.38","frp":"3.24","daynight":"D","commune":"Andernos-les-Bains","code_insee":"33005","departement":"Gironde","region":"Nouvelle-Aquitaine"}},{"type":"Feature","geometry":{"type":"Point","coordinates":[-0.98562,44.7657]},"properties":{"latitude":"44.7657","longitude":"-0.98562","bright_ti4":"340.15","scan":"0.46","track":"0.39","acq_date":"2026-07-26","acq_time":"1316","satellite":"N20","instrument":"VIIRS","confidence":"n","version":"2.0NRT","bright_ti5":"297.21","frp":"19.76","daynight":"D","commune":"Lanton","code_insee":"33229","departement":"Gironde","region":"Nouvelle-Aquitaine"}},{"type":"Feature","geometry":{"type":"Point","coordinates":[-0.88393,44.76618]},"properties":{"latitude":"44.76618","longitude":"-0.88393","bright_ti4":"341.14","scan":"0.47","track":"0.39","acq_date":"2026-07-26","acq_time":"1316","satellite":"N20","instrument":"VIIRS","confidence":"n","version":"2.0NRT","bright_ti5":"298.55","frp":"17.3","daynight":"D","commune":"Saint-Jean-d'Illac","code_insee":"33422","departement":"Gironde","region":"Nouvelle-Aquitaine"}},{"type":"Feature","geometry":{"type":"Point","coordinates":[-1.04528,44.76622]},"properties":{"latitude":"44.76622","longitude":"-1.04528","bright_ti4":"346.59","scan":"0.46","track":"0.39","acq_date":"2026-07-26","acq_time":"1316","satellite":"N20","instrument":"VIIRS","confidence":"n","version":"2.0NRT","bright_ti5":"302.23","frp":"44.61","daynight":"D","commune":"Lanton","code_insee":"33229","departement":"Gironde","region":"Nouvelle-Aquitaine"}},{"type":"Feature","geometry":{"type":"Point","coordinates":[-0.914,44.76647]},"properties":{"latitude":"44.76647","longitude":"-0.914","bright_ti4":"351.31","scan":"0.46","track":"0.39","acq_date":"2026-07-26","acq_time":"1316","satellite":"N20","instrument":"VIIRS","confidence":"n","version":"2.0NRT","bright_ti5":"297.05","frp":"18.6","daynight":"D","commune":"Lanton","code_insee":"33229","departement":"Gironde","region":"Nouvelle-Aquitaine"}},{"type":"Feature","geometry":{"type":"Point","coordinates":[-0.87806,44.76684]},"properties":{"latitude":"44.76684","longitude":"-0.87806","bright_ti4":"355.65","scan":"0.47","track":"0.39","acq_date":"2026-07-26","acq_time":"1316","satellite":"N20","instrument":"VIIRS","confidence":"n","version":"2.0NRT","bright_ti5":"313.43","frp":"27.14","daynight":"D","commune":"Saint-Jean-d'Illac","code_insee":"33422","departement":"Gironde","region":"Nouvelle-Aquitaine"}},{"type":"Feature","geometry":{"type":"Point","coordinates":[-0.90815,44.76713]},"properties":{"latitude":"44.76713","longitude":"-0.90815","bright_ti4":"354.33","scan":"0.46","track":"0.39","acq_date":"2026-07-26","acq_time":"1316","satellite":"N20","instrument":"VIIRS","confidence":"n","version":"2.0NRT","bright_ti5":"302.56","frp":"18.6","daynight":"D","commune":"Lanton","code_insee":"33229","departement":"Gironde","region":"Nouvelle-Aquitaine"}},{"type":"Feature","geometry":{"type":"Point","coordinates":[-0.87219,44.76751]},"properties":{"latitude":"44.76751","longitude":"-0.87219","bright_ti4":"346.02","scan":"0.47","track":"0.39","acq_date":"2026-07-26","acq_time":"1316","satellite":"N20","instrument":"VIIRS","confidence":"n","version":"2.0NRT","bright_ti5":"294.77","frp":"27.14","daynight":"D","commune":"Saint-Jean-d'Illac","code_insee":"33422","departement":"Gironde","region":"Nouvelle-Aquitaine"}},{"type":"Feature","geometry":{"type":"Point","coordinates":[-0.9023,44.7678]},"properties":{"latitude":"44.7678","longitude":"-0.9023","bright_ti4":"339.44","scan":"0.46","track":"0.39","acq_date":"2026-07-26","acq_time":"1316","satellite":"N20","instrument":"VIIRS","confidence":"n","version":"2.0NRT","bright_ti5":"292.22","frp":"16.35","daynight":"D","commune":"Lanton","code_insee":"33229","departement":"Gironde","region":"Nouvelle-Aquitaine"}},{"type":"Feature","geometry":{"type":"Point","coordinates":[-0.89059,44.76912]},"properties":{"latitude":"44.76912","longitude":"-0.89059","bright_ti4":"337.06","scan":"0.47","track":"0.39","acq_date":"2026-07-26","acq_time":"1316","satellite":"N20","instrument":"VIIRS","confidence":"n","version":"2.0NRT","bright_ti5":"292.73","frp":"17.3","daynight":"D","commune":"Lanton","code_insee":"33229","departement":"Gironde","region":"Nouvelle-Aquitaine"}},{"type":"Feature","geometry":{"type":"Point","coordinates":[-0.88473,44.76979]},"properties":{"latitude":"44.76979","longitude":"-0.88473","bright_ti4":"349.95","scan":"0.47","track":"0.39","acq_date":"2026-07-26","acq_time":"1316","satellite":"N20","instrument":"VIIRS","confidence":"n","version":"2.0NRT","bright_ti5":"309.58","frp":"17.3","daynight":"D","commune":"Saint-Jean-d'Illac","code_insee":"33422","departement":"Gironde","region":"Nouvelle-Aquitaine"}},{"type":"Feature","geometry":{"type":"Point","coordinates":[-0.87887,44.77045]},"properties":{"latitude":"44.77045","longitude":"-0.87887","bright_ti4":"344.33","scan":"0.47","track":"0.39","acq_date":"2026-07-26","acq_time":"1316","satellite":"N20","instrument":"VIIRS","confidence":"n","version":"2.0NRT","bright_ti5":"308.57","frp":"27.14","daynight":"D","commune":"Saint-Jean-d'Illac","code_insee":"33422","departement":"Gironde","region":"Nouvelle-Aquitaine"}},{"type":"Feature","geometry":{"type":"Point","coordinates":[-0.87301,44.77111]},"properties":{"latitude":"44.77111","longitude":"-0.87301","bright_ti4":"338.72","scan":"0.47","track":"0.39","acq_date":"2026-07-26","acq_time":"1316","satellite":"N20","instrument":"VIIRS","confidence":"n","version":"2.0NRT","bright_ti5":"291.01","frp":"27.14","daynight":"D","commune":"Saint-Jean-d'Illac","code_insee":"33422","departement":"Gironde","region":"Nouvelle-Aquitaine"}},{"type":"Feature","geometry":{"type":"Point","coordinates":[-0.95731,44.77262]},"properties":{"latitude":"44.77262","longitude":"-0.95731","bright_ti4":"341.45","scan":"0.46","track":"0.39","acq_date":"2026-07-26","acq_time":"1316","satellite":"N20","instrument":"VIIRS","confidence":"n","version":"2.0NRT","bright_ti5":"301.22","frp":"12.3","daynight":"D","commune":"Lanton","code_insee":"33229","departement":"Gironde","region":"Nouvelle-Aquitaine"}},{"type":"Feature","geometry":{"type":"Point","coordinates":[-0.98142,44.77355]},"properties":{"latitude":"44.77355","longitude":"-0.98142","bright_ti4":"336.58","scan":"0.46","track":"0.39","acq_date":"2026-07-26","acq_time":"1316","satellite":"N20","instrument":"VIIRS","confidence":"n","version":"2.0NRT","bright_ti5":"293.26","frp":"9.02","daynight":"D","commune":"Lanton","code_insee":"33229","departement":"Gironde","region":"Nouvelle-Aquitaine"}},{"type":"Feature","geometry":{"type":"Point","coordinates":[-0.97561,44.77422]},"properties":{"latitude":"44.77422","longitude":"-0.97561","bright_ti4":"339.49","scan":"0.46","track":"0.39","acq_date":"2026-07-26","acq_time":"1316","satellite":"N20","instrument":"VIIRS","confidence":"n","version":"2.0NRT","bright_ti5":"296.15","frp":"7.75","daynight":"D","commune":"Lanton","code_insee":"33229","departement":"Gironde","region":"Nouvelle-Aquitaine"}},{"type":"Feature","geometry":{"type":"Point","coordinates":[-0.95812,44.77622]},"properties":{"latitude":"44.77622","longitude":"-0.95812","bright_ti4":"345.69","scan":"0.46","track":"0.39","acq_date":"2026-07-26","acq_time":"1316","satellite":"N20","instrument":"VIIRS","confidence":"n","version":"2.0NRT","bright_ti5":"294.62","frp":"12.3","daynight":"D","commune":"Lanton","code_insee":"33229","departement":"Gironde","region":"Nouvelle-Aquitaine"}},{"type":"Feature","geometry":{"type":"Point","coordinates":[-1.18862,44.81731]},"properties":{"latitude":"44.81731","longitude":"-1.18862","bright_ti4":"341.24","scan":"0.46","track":"0.39","acq_date":"2026-07-26","acq_time":"1316","satellite":"N20","instrument":"VIIRS","confidence":"n","version":"2.0NRT","bright_ti5":"288.29","frp":"5.95","daynight":"D","commune":"Le Porge","code_insee":"33333","departement":"Gironde","region":"Nouvelle-Aquitaine"}},{"type":"Feature","geometry":{"type":"Point","coordinates":[-1.19518,44.82023]},"properties":{"latitude":"44.82023","longitude":"-1.19518","bright_ti4":"331.6","scan":"0.45","track":"0.39","acq_date":"2026-07-26","acq_time":"1316","satellite":"N20","instrument":"VIIRS","confidence":"n","version":"2.0NRT","bright_ti5":"287.09","frp":"5.95","daynight":"D","commune":"Le Porge","code_insee":"33333","departement":"Gironde","region":"Nouvelle-Aquitaine"}},{"type":"Feature","geometry":{"type":"Point","coordinates":[-1.18944,44.82088]},"properties":{"latitude":"44.82088","longitude":"-1.18944","bright_ti4":"348.07","scan":"0.46","track":"0.39","acq_date":"2026-07-26","acq_time":"1316","satellite":"N20","instrument":"VIIRS","confidence":"n","version":"2.0NRT","bright_ti5":"291.3","frp":"5.95","daynight":"D","commune":"Le Porge","code_insee":"33333","departement":"Gironde","region":"Nouvelle-Aquitaine"}},{"type":"Feature","geometry":{"type":"Point","coordinates":[-0.93159,44.83911]},"properties":{"latitude":"44.83911","longitude":"-0.93159","bright_ti4":"335.08","scan":"0.46","track":"0.39","acq_date":"2026-07-26","acq_time":"1316","satellite":"N20","instrument":"VIIRS","confidence":"n","version":"2.0NRT","bright_ti5":"299.29","frp":"10.49","daynight":"D","commune":"Lanton","code_insee":"33229","departement":"Gironde","region":"Nouvelle-Aquitaine"}},{"type":"Feature","geometry":{"type":"Point","coordinates":[-1.11692,44.84021]},"properties":{"latitude":"44.84021","longitude":"-1.11692","bright_ti4":"339.13","scan":"0.46","track":"0.39","acq_date":"2026-07-26","acq_time":"1316","satellite":"N20","instrument":"VIIRS","confidence":"n","version":"2.0NRT","bright_ti5":"292.72","frp":"3.56","daynight":"D","commune":"Le Porge","code_insee":"33333","departement":"Gironde","region":"Nouvelle-Aquitaine"}},{"type":"Feature","geometry":{"type":"Point","coordinates":[-0.97263,44.84101]},"properties":{"latitude":"44.84101","longitude":"-0.97263","bright_ti4":"334.13","scan":"0.46","track":"0.39","acq_date":"2026-07-26","acq_time":"1316","satellite":"N20","instrument":"VIIRS","confidence":"n","version":"2.0NRT","bright_ti5":"298.62","frp":"3.34","daynight":"D","commune":"Le Temple","code_insee":"33528","departement":"Gironde","region":"Nouvelle-Aquitaine"}},{"type":"Feature","geometry":{"type":"Point","coordinates":[-0.93674,44.8415]},"properties":{"latitude":"44.8415","longitude":"-0.93674","bright_ti4":"337.1","scan":"0.46","track":"0.39","acq_date":"2026-07-26","acq_time":"1316","satellite":"N20","instrument":"VIIRS","confidence":"n","version":"2.0NRT","bright_ti5":"303.3","frp":"6.37","daynight":"D","commune":"Le Temple","code_insee":"33528","departement":"Gironde","region":"Nouvelle-Aquitaine"}},{"type":"Feature","geometry":{"type":"Point","coordinates":[-0.9742,44.84171]},"properties":{"latitude":"44.84171","longitude":"-0.9742","bright_ti4":"338.43","scan":"0.46","track":"0.39","acq_date":"2026-07-26","acq_time":"1316","satellite":"N20","instrument":"VIIRS","confidence":"n","version":"2.0NRT","bright_ti5":"303.12","frp":"6.19","daynight":"D","commune":"Le Temple","code_insee":"33528","departement":"Gironde","region":"Nouvelle-Aquitaine"}},{"type":"Feature","geometry":{"type":"Point","coordinates":[-0.93088,44.84218]},"properties":{"latitude":"44.84218","longitude":"-0.93088","bright_ti4":"340.78","scan":"0.46","track":"0.39","acq_date":"2026-07-26","acq_time":"1316","satellite":"N20","instrument":"VIIRS","confidence":"n","version":"2.0NRT","bright_ti5":"298.31","frp":"5.37","daynight":"D","commune":"Le Temple","code_insee":"33528","departement":"Gironde","region":"Nouvelle-Aquitaine"}},{"type":"Feature","geometry":{"type":"Point","coordinates":[-0.98669,44.84399]},"properties":{"latitude":"44.84399","longitude":"-0.98669","bright_ti4":"335.36","scan":"0.46","track":"0.39","acq_date":"2026-07-26","acq_time":"1316","satellite":"N20","instrument":"VIIRS","confidence":"n","version":"2.0NRT","bright_ti5":"301.18","frp":"8.56","daynight":"D","commune":"Le Temple","code_insee":"33528","departement":"Gironde","region":"Nouvelle-Aquitaine"}},{"type":"Feature","geometry":{"type":"Point","coordinates":[-0.97501,44.8453]},"properties":{"latitude":"44.8453","longitude":"-0.97501","bright_ti4":"338.19","scan":"0.46","track":"0.39","acq_date":"2026-07-26","acq_time":"1316","satellite":"N20","instrument":"VIIRS","confidence":"n","version":"2.0NRT","bright_ti5":"302.76","frp":"6.19","daynight":"D","commune":"Le Temple","code_insee":"33528","departement":"Gironde","region":"Nouvelle-Aquitaine"}},{"type":"Feature","geometry":{"type":"Point","coordinates":[-1.14246,44.84829]},"properties":{"latitude":"44.84829","longitude":"-1.14246","bright_ti4":"331.01","scan":"0.46","track":"0.39","acq_date":"2026-07-26","acq_time":"1316","satellite":"N20","instrument":"VIIRS","confidence":"n","version":"2.0NRT","bright_ti5":"291.18","frp":"2.24","daynight":"D","commune":"Le Porge","code_insee":"33333","departement":"Gironde","region":"Nouvelle-Aquitaine"}},{"type":"Feature","geometry":{"type":"Point","coordinates":[-0.94067,44.85287]},"properties":{"latitude":"44.85287","longitude":"-0.94067","bright_ti4":"345.36","scan":"0.46","track":"0.39","acq_date":"2026-07-26","acq_time":"1316","satellite":"N20","instrument":"VIIRS","confidence":"n","version":"2.0NRT","bright_ti5":"312.29","frp":"28.3","daynight":"D","commune":"Le Temple","code_insee":"33528","departement":"Gironde","region":"Nouvelle-Aquitaine"}},{"type":"Feature","geometry":{"type":"Point","coordinates":[-1.00079,44.85345]},"properties":{"latitude":"44.85345","longitude":"-1.00079","bright_ti4":"338.87","scan":"0.46","track":"0.39","acq_date":"2026-07-26","acq_time":"1316","satellite":"N20","instrument":"VIIRS","confidence":"n","version":"2.0NRT","bright_ti5":"298.93","frp":"4.66","daynight":"D","commune":"Le Temple","code_insee":"33528","departement":"Gironde","region":"Nouvelle-Aquitaine"}},{"type":"Feature","geometry":{"type":"Point","coordinates":[-0.9348,44.85353]},"properties":{"latitude":"44.85353","longitude":"-0.9348","bright_ti4":"367","scan":"0.46","track":"0.39","acq_date":"2026-07-26","acq_time":"1316","satellite":"N20","instrument":"VIIRS","confidence":"h","version":"2.0NRT","bright_ti5":"299.01","frp":"28.3","daynight":"D","commune":"Le Temple","code_insee":"33528","departement":"Gironde","region":"Nouvelle-Aquitaine"}},{"type":"Feature","geometry":{"type":"Point","coordinates":[-0.96494,44.85382]},"properties":{"latitude":"44.85382","longitude":"-0.96494","bright_ti4":"338.99","scan":"0.46","track":"0.39","acq_date":"2026-07-26","acq_time":"1316","satellite":"N20","instrument":"VIIRS","confidence":"n","version":"2.0NRT","bright_ti5":"297.7","frp":"9.77","daynight":"D","commune":"Le Temple","code_insee":"33528","departement":"Gironde","region":"Nouvelle-Aquitaine"}},{"type":"Feature","geometry":{"type":"Point","coordinates":[-0.89872,44.85389]},"properties":{"latitude":"44.85389","longitude":"-0.89872","bright_ti4":"342.84","scan":"0.47","track":"0.39","acq_date":"2026-07-26","acq_time":"1316","satellite":"N20","instrument":"VIIRS","confidence":"n","version":"2.0NRT","bright_ti5":"285.43","frp":"5.51","daynight":"D","commune":"Le Temple","code_insee":"33528","departement":"Gironde","region":"Nouvelle-Aquitaine"}},{"type":"Feature","geometry":{"type":"Point","coordinates":[-0.92893,44.85419]},"properties":{"latitude":"44.85419","longitude":"-0.92893","bright_ti4":"338.61","scan":"0.46","track":"0.39","acq_date":"2026-07-26","acq_time":"1316","satellite":"N20","instrument":"VIIRS","confidence":"n","version":"2.0NRT","bright_ti5":"288.44","frp":"7.87","daynight":"D","commune":"Le Temple","code_insee":"33528","departement":"Gironde","region":"Nouvelle-Aquitaine"}},{"type":"Feature","geometry":{"type":"Point","coordinates":[-0.95322,44.85515]},"properties":{"latitude":"44.85515","longitude":"-0.95322","bright_ti4":"351.84","scan":"0.46","track":"0.39","acq_date":"2026-07-26","acq_time":"1316","satellite":"N20","instrument":"VIIRS","confidence":"n","version":"2.0NRT","bright_ti5":"308.94","frp":"23.67","daynight":"D","commune":"Le Temple","code_insee":"33528","departement":"Gironde","region":"Nouvelle-Aquitaine"}},{"type":"Feature","geometry":{"type":"Point","coordinates":[-0.94148,44.85648]},"properties":{"latitude":"44.85648","longitude":"-0.94148","bright_ti4":"354.79","scan":"0.46","track":"0.39","acq_date":"2026-07-26","acq_time":"1316","satellite":"N20","instrument":"VIIRS","confidence":"n","version":"2.0NRT","bright_ti5":"296.28","frp":"28.3","daynight":"D","commune":"Le Temple","code_insee":"33528","departement":"Gironde","region":"Nouvelle-Aquitaine"}},{"type":"Feature","geometry":{"type":"Point","coordinates":[-0.90541,44.85684]},"properties":{"latitude":"44.85684","longitude":"-0.90541","bright_ti4":"353.88","scan":"0.47","track":"0.39","acq_date":"2026-07-26","acq_time":"1316","satellite":"N20","instrument":"VIIRS","confidence":"n","version":"2.0NRT","bright_ti5":"296.84","frp":"28.72","daynight":"D","commune":"Le Temple","code_insee":"33528","departement":"Gironde","region":"Nouvelle-Aquitaine"}},{"type":"Feature","geometry":{"type":"Point","coordinates":[-0.91798,44.85912]},"properties":{"latitude":"44.85912","longitude":"-0.91798","bright_ti4":"343.94","scan":"0.47","track":"0.39","acq_date":"2026-07-26","acq_time":"1316","satellite":"N20","instrument":"VIIRS","confidence":"n","version":"2.0NRT","bright_ti5":"287.29","frp":"118.93","daynight":"D","commune":"Le Temple","code_insee":"33528","departement":"Gironde","region":"Nouvelle-Aquitaine"}},{"type":"Feature","geometry":{"type":"Point","coordinates":[-0.90622,44.86045]},"properties":{"latitude":"44.86045","longitude":"-0.90622","bright_ti4":"343.87","scan":"0.47","track":"0.39","acq_date":"2026-07-26","acq_time":"1316","satellite":"N20","instrument":"VIIRS","confidence":"n","version":"2.0NRT","bright_ti5":"292.42","frp":"28.72","daynight":"D","commune":"Le Temple","code_insee":"33528","departement":"Gironde","region":"Nouvelle-Aquitaine"}},{"type":"Feature","geometry":{"type":"Point","coordinates":[-0.90033,44.86111]},"properties":{"latitude":"44.86111","longitude":"-0.90033","bright_ti4":"346.16","scan":"0.47","track":"0.39","acq_date":"2026-07-26","acq_time":"1316","satellite":"N20","instrument":"VIIRS","confidence":"n","version":"2.0NRT","bright_ti5":"286.85","frp":"28.72","daynight":"D","commune":"Le Temple","code_insee":"33528","departement":"Gironde","region":"Nouvelle-Aquitaine"}},{"type":"Feature","geometry":{"type":"Point","coordinates":[-0.91291,44.86339]},"properties":{"latitude":"44.86339","longitude":"-0.91291","bright_ti4":"342.64","scan":"0.47","track":"0.39","acq_date":"2026-07-26","acq_time":"1316","satellite":"N20","instrument":"VIIRS","confidence":"n","version":"2.0NRT","bright_ti5":"291.46","frp":"115.83","daynight":"D","commune":"Le Temple","code_insee":"33528","departement":"Gironde","region":"Nouvelle-Aquitaine"}},{"type":"Feature","geometry":{"type":"Point","coordinates":[-0.91961,44.86634]},"properties":{"latitude":"44.86634","longitude":"-0.91961","bright_ti4":"367","scan":"0.47","track":"0.39","acq_date":"2026-07-26","acq_time":"1316","satellite":"N20","instrument":"VIIRS","confidence":"h","version":"2.0NRT","bright_ti5":"332.87","frp":"115.83","daynight":"D","commune":"Le Temple","code_insee":"33528","departement":"Gironde","region":"Nouvelle-Aquitaine"}},{"type":"Feature","geometry":{"type":"Point","coordinates":[-1.17624,44.8664]},"properties":{"latitude":"44.8664","longitude":"-1.17624","bright_ti4":"335.61","scan":"0.46","track":"0.39","acq_date":"2026-07-26","acq_time":"1316","satellite":"N20","instrument":"VIIRS","confidence":"n","version":"2.0NRT","bright_ti5":"296.87","frp":"4.43","daynight":"D","commune":"Le Porge","code_insee":"33333","departement":"Gironde","region":"Nouvelle-Aquitaine"}},{"type":"Feature","geometry":{"type":"Point","coordinates":[-0.96895,44.87184]},"properties":{"latitude":"44.87184","longitude":"-0.96895","bright_ti4":"339.13","scan":"0.46","track":"0.39","acq_date":"2026-07-26","acq_time":"1316","satellite":"N20","instrument":"VIIRS","confidence":"n","version":"2.0NRT","bright_ti5":"299.46","frp":"14.3","daynight":"D","commune":"Le Temple","code_insee":"33528","departement":"Gironde","region":"Nouvelle-Aquitaine"}},{"type":"Feature","geometry":{"type":"Point","coordinates":[-0.97561,44.87477]},"properties":{"latitude":"44.87477","longitude":"-0.97561","bright_ti4":"352.83","scan":"0.46","track":"0.39","acq_date":"2026-07-26","acq_time":"1316","satellite":"N20","instrument":"VIIRS","confidence":"n","version":"2.0NRT","bright_ti5":"301.35","frp":"69.33","daynight":"D","commune":"Le Temple","code_insee":"33528","departement":"Gironde","region":"Nouvelle-Aquitaine"}},{"type":"Feature","geometry":{"type":"Point","coordinates":[-0.96976,44.87544]},"properties":{"latitude":"44.87544","longitude":"-0.96976","bright_ti4":"339.2","scan":"0.46","track":"0.39","acq_date":"2026-07-26","acq_time":"1316","satellite":"N20","instrument":"VIIRS","confidence":"n","version":"2.0NRT","bright_ti5":"301.9","frp":"14.3","daynight":"D","commune":"Le Temple","code_insee":"33528","departement":"Gironde","region":"Nouvelle-Aquitaine"}},{"type":"Feature","geometry":{"type":"Point","coordinates":[-0.89769,44.87621]},"properties":{"latitude":"44.87621","longitude":"-0.89769","bright_ti4":"349.85","scan":"0.47","track":"0.39","acq_date":"2026-07-26","acq_time":"1316","satellite":"N20","instrument":"VIIRS","confidence":"n","version":"2.0NRT","bright_ti5":"305.26","frp":"26.86","daynight":"D","commune":"Le Temple","code_insee":"33528","departement":"Gironde","region":"Nouvelle-Aquitaine"}},{"type":"Feature","geometry":{"type":"Point","coordinates":[-0.8985,44.87983]},"properties":{"latitude":"44.87983","longitude":"-0.8985","bright_ti4":"346.47","scan":"0.47","track":"0.39","acq_date":"2026-07-26","acq_time":"1316","satellite":"N20","instrument":"VIIRS","confidence":"n","version":"2.0NRT","bright_ti5":"307.32","frp":"10.09","daynight":"D","commune":"Le Temple","code_insee":"33528","departement":"Gironde","region":"Nouvelle-Aquitaine"}},{"type":"Feature","geometry":{"type":"Point","coordinates":[-0.98308,44.88131]},"properties":{"latitude":"44.88131","longitude":"-0.98308","bright_ti4":"353.7","scan":"0.46","track":"0.39","acq_date":"2026-07-26","acq_time":"1316","satellite":"N20","instrument":"VIIRS","confidence":"n","version":"2.0NRT","bright_ti5":"307.73","frp":"46.76","daynight":"D","commune":"Le Temple","code_insee":"33528","departement":"Gironde","region":"Nouvelle-Aquitaine"}},{"type":"Feature","geometry":{"type":"Point","coordinates":[-1.16795,44.88205]},"properties":{"latitude":"44.88205","longitude":"-1.16795","bright_ti4":"340.48","scan":"0.46","track":"0.39","acq_date":"2026-07-26","acq_time":"1316","satellite":"N20","instrument":"VIIRS","confidence":"n","version":"2.0NRT","bright_ti5":"289.69","frp":"7.17","daynight":"D","commune":"Le Porge","code_insee":"33333","departement":"Gironde","region":"Nouvelle-Aquitaine"}},{"type":"Feature","geometry":{"type":"Point","coordinates":[-1.00221,44.8865]},"properties":{"latitude":"44.8865","longitude":"-1.00221","bright_ti4":"354.4","scan":"0.46","track":"0.39","acq_date":"2026-07-26","acq_time":"1316","satellite":"N20","instrument":"VIIRS","confidence":"n","version":"2.0NRT","bright_ti5":"313.16","frp":"13.53","daynight":"D","commune":"Le Temple","code_insee":"33528","departement":"Gironde","region":"Nouvelle-Aquitaine"}},{"type":"Feature","geometry":{"type":"Point","coordinates":[-0.96874,44.89772]},"properties":{"latitude":"44.89772","longitude":"-0.96874","bright_ti4":"343.77","scan":"0.46","track":"0.39","acq_date":"2026-07-26","acq_time":"1316","satellite":"N20","instrument":"VIIRS","confidence":"n","version":"2.0NRT","bright_ti5":"304.89","frp":"44.37","daynight":"D","commune":"Saumos","code_insee":"33503","departement":"Gironde","region":"Nouvelle-Aquitaine"}},{"type":"Feature","geometry":{"type":"Point","coordinates":[-0.92179,44.9031]},"properties":{"latitude":"44.9031","longitude":"-0.92179","bright_ti4":"352.98","scan":"0.47","track":"0.39","acq_date":"2026-07-26","acq_time":"1316","satellite":"N20","instrument":"VIIRS","confidence":"n","version":"2.0NRT","bright_ti5":"306.3","frp":"13.01","daynight":"D","commune":"Sainte-Hélène","code_insee":"33417","departement":"Gironde","region":"Nouvelle-Aquitaine"}},{"type":"Feature","geometry":{"type":"Point","coordinates":[-0.91591,44.90376]},"properties":{"latitude":"44.90376","longitude":"-0.91591","bright_ti4":"341.1","scan":"0.47","track":"0.39","acq_date":"2026-07-26","acq_time":"1316","satellite":"N20","instrument":"VIIRS","confidence":"n","version":"2.0NRT","bright_ti5":"302.42","frp":"9.98","daynight":"D","commune":"Sainte-Hélène","code_insee":"33417","departement":"Gironde","region":"Nouvelle-Aquitaine"}},{"type":"Feature","geometry":{"type":"Point","coordinates":[-0.93596,44.91257]},"properties":{"latitude":"44.91257","longitude":"-0.93596","bright_ti4":"356.1","scan":"0.46","track":"0.39","acq_date":"2026-07-26","acq_time":"1316","satellite":"N20","instrument":"VIIRS","confidence":"n","version":"2.0NRT","bright_ti5":"298.66","frp":"17.97","daynight":"D","commune":"Sainte-Hélène","code_insee":"33417","departement":"Gironde","region":"Nouvelle-Aquitaine"}},{"type":"Feature","geometry":{"type":"Point","coordinates":[-0.9661,44.91281]},"properties":{"latitude":"44.91281","longitude":"-0.9661","bright_ti4":"350.94","scan":"0.46","track":"0.39","acq_date":"2026-07-26","acq_time":"1316","satellite":"N20","instrument":"VIIRS","confidence":"n","version":"2.0NRT","bright_ti5":"291.51","frp":"29.74","daynight":"D","commune":"Saumos","code_insee":"33503","departement":"Gironde","region":"Nouvelle-Aquitaine"}},{"type":"Feature","geometry":{"type":"Point","coordinates":[-0.97864,44.91506]},"properties":{"latitude":"44.91506","longitude":"-0.97864","bright_ti4":"336.76","scan":"0.46","track":"0.39","acq_date":"2026-07-26","acq_time":"1316","satellite":"N20","instrument":"VIIRS","confidence":"n","version":"2.0NRT","bright_ti5":"291.75","frp":"9.75","daynight":"D","commune":"Saumos","code_insee":"33503","departement":"Gironde","region":"Nouvelle-Aquitaine"}},{"type":"Feature","geometry":{"type":"Point","coordinates":[-0.97278,44.91573]},"properties":{"latitude":"44.91573","longitude":"-0.97278","bright_ti4":"367","scan":"0.46","track":"0.39","acq_date":"2026-07-26","acq_time":"1316","satellite":"N20","instrument":"VIIRS","confidence":"h","version":"2.0NRT","bright_ti5":"294.34","frp":"9.75","daynight":"D","commune":"Saumos","code_insee":"33503","departement":"Gironde","region":"Nouvelle-Aquitaine"}},{"type":"Feature","geometry":{"type":"Point","coordinates":[-0.96692,44.91641]},"properties":{"latitude":"44.91641","longitude":"-0.96692","bright_ti4":"347.17","scan":"0.46","track":"0.39","acq_date":"2026-07-26","acq_time":"1316","satellite":"N20","instrument":"VIIRS","confidence":"n","version":"2.0NRT","bright_ti5":"289.88","frp":"7.84","daynight":"D","commune":"Saumos","code_insee":"33503","departement":"Gironde","region":"Nouvelle-Aquitaine"}},{"type":"Feature","geometry":{"type":"Point","coordinates":[-0.97601,44.93014]},"properties":{"latitude":"44.93014","longitude":"-0.97601","bright_ti4":"338.95","scan":"0.46","track":"0.39","acq_date":"2026-07-26","acq_time":"1316","satellite":"N20","instrument":"VIIRS","confidence":"n","version":"2.0NRT","bright_ti5":"284.86","frp":"2.53","daynight":"D","commune":"Saumos","code_insee":"33503","departement":"Gironde","region":"Nouvelle-Aquitaine"}},{"type":"Feature","geometry":{"type":"Point","coordinates":[-1.10165,44.93023]},"properties":{"latitude":"44.93023","longitude":"-1.10165","bright_ti4":"347.6","scan":"0.46","track":"0.39","acq_date":"2026-07-26","acq_time":"1316","satellite":"N20","instrument":"VIIRS","confidence":"n","version":"2.0NRT","bright_ti5":"284.21","frp":"5.46","daynight":"D","commune":"Lacanau","code_insee":"33214","departement":"Gironde","region":"Nouvelle-Aquitaine"}},{"type":"Feature","geometry":{"type":"Point","coordinates":[-0.97015,44.93082]},"properties":{"latitude":"44.93082","longitude":"-0.97015","bright_ti4":"341.44","scan":"0.46","track":"0.39","acq_date":"2026-07-26","acq_time":"1316","satellite":"N20","instrument":"VIIRS","confidence":"n","version":"2.0NRT","bright_ti5":"286.24","frp":"3.43","daynight":"D","commune":"Saumos","code_insee":"33503","departement":"Gironde","region":"Nouvelle-Aquitaine"}},{"type":"Feature","geometry":{"type":"Point","coordinates":[-1.09585,44.93092]},"properties":{"latitude":"44.93092","longitude":"-1.09585","bright_ti4":"330.5","scan":"0.46","track":"0.39","acq_date":"2026-07-26","acq_time":"1316","satellite":"N20","instrument":"VIIRS","confidence":"n","version":"2.0NRT","bright_ti5":"284.01","frp":"5.46","daynight":"D","commune":"Lacanau","code_insee":"33214","departement":"Gironde","region":"Nouvelle-Aquitaine"}},{"type":"Feature","geometry":{"type":"Point","coordinates":[-1.10386,44.93108]},"properties":{"latitude":"44.93108","longitude":"-1.10386","bright_ti4":"336.63","scan":"0.46","track":"0.39","acq_date":"2026-07-26","acq_time":"1316","satellite":"N20","instrument":"VIIRS","confidence":"n","version":"2.0NRT","bright_ti5":"282.67","frp":"3.76","daynight":"D","commune":"Lacanau","code_insee":"33214","departement":"Gironde","region":"Nouvelle-Aquitaine"}},{"type":"Feature","geometry":{"type":"Point","coordinates":[-1.09804,44.93174]},"properties":{"latitude":"44.93174","longitude":"-1.09804","bright_ti4":"340.09","scan":"0.46","track":"0.39","acq_date":"2026-07-26","acq_time":"1316","satellite":"N20","instrument":"VIIRS","confidence":"n","version":"2.0NRT","bright_ti5":"284.02","frp":"5.31","daynight":"D","commune":"Lacanau","code_insee":"33214","departement":"Gironde","region":"Nouvelle-Aquitaine"}},{"type":"Feature","geometry":{"type":"Point","coordinates":[-0.97681,44.93375]},"properties":{"latitude":"44.93375","longitude":"-0.97681","bright_ti4":"332.77","scan":"0.46","track":"0.39","acq_date":"2026-07-26","acq_time":"1316","satellite":"N20","instrument":"VIIRS","confidence":"n","version":"2.0NRT","bright_ti5":"284.88","frp":"2.53","daynight":"D","commune":"Saumos","code_insee":"33503","departement":"Gironde","region":"Nouvelle-Aquitaine"}},{"type":"Feature","geometry":{"type":"Point","coordinates":[-0.97095,44.93443]},"properties":{"latitude":"44.93443","longitude":"-0.97095","bright_ti4":"333.78","scan":"0.46","track":"0.39","acq_date":"2026-07-26","acq_time":"1316","satellite":"N20","instrument":"VIIRS","confidence":"n","version":"2.0NRT","bright_ti5":"285.18","frp":"3.43","daynight":"D","commune":"Saumos","code_insee":"33503","departement":"Gironde","region":"Nouvelle-Aquitaine"}},{"type":"Feature","geometry":{"type":"Point","coordinates":[-0.97175,44.93803]},"properties":{"latitude":"44.93803","longitude":"-0.97175","bright_ti4":"336.46","scan":"0.46","track":"0.39","acq_date":"2026-07-26","acq_time":"1316","satellite":"N20","instrument":"VIIRS","confidence":"n","version":"2.0NRT","bright_ti5":"287.25","frp":"3.73","daynight":"D","commune":"Saumos","code_insee":"33503","departement":"Gironde","region":"Nouvelle-Aquitaine"}},{"type":"Feature","geometry":{"type":"Point","coordinates":[-1.06053,44.95073]},"properties":{"latitude":"44.95073","longitude":"-1.06053","bright_ti4":"333.58","scan":"0.46","track":"0.39","acq_date":"2026-07-26","acq_time":"1316","satellite":"N20","instrument":"VIIRS","confidence":"n","version":"2.0NRT","bright_ti5":"288.35","frp":"6.32","daynight":"D","commune":"Lacanau","code_insee":"33214","departement":"Gironde","region":"Nouvelle-Aquitaine"}},{"type":"Feature","geometry":{"type":"Point","coordinates":[-1.0547,44.95139]},"properties":{"latitude":"44.95139","longitude":"-1.0547","bright_ti4":"342.84","scan":"0.46","track":"0.39","acq_date":"2026-07-26","acq_time":"1316","satellite":"N20","instrument":"VIIRS","confidence":"n","version":"2.0NRT","bright_ti5":"288.43","frp":"8.11","daynight":"D","commune":"Lacanau","code_insee":"33214","departement":"Gironde","region":"Nouvelle-Aquitaine"}},{"type":"Feature","geometry":{"type":"Point","coordinates":[-1.04384,44.95631]},"properties":{"latitude":"44.95631","longitude":"-1.04384","bright_ti4":"335.22","scan":"0.46","track":"0.39","acq_date":"2026-07-26","acq_time":"1316","satellite":"N20","instrument":"VIIRS","confidence":"n","version":"2.0NRT","bright_ti5":"284.1","frp":"4.24","daynight":"D","commune":"Lacanau","code_insee":"33214","departement":"Gironde","region":"Nouvelle-Aquitaine"}},{"type":"Feature","geometry":{"type":"Point","coordinates":[-1.02713,44.96189]},"properties":{"latitude":"44.96189","longitude":"-1.02713","bright_ti4":"339.51","scan":"0.46","track":"0.39","acq_date":"2026-07-26","acq_time":"1316","satellite":"N20","instrument":"VIIRS","confidence":"n","version":"2.0NRT","bright_ti5":"283.75","frp":"4.45","daynight":"D","commune":"Lacanau","code_insee":"33214","departement":"Gironde","region":"Nouvelle-Aquitaine"}},{"type":"Feature","geometry":{"type":"Point","coordinates":[-1.02127,44.96256]},"properties":{"latitude":"44.96256","longitude":"-1.02127","bright_ti4":"341.08","scan":"0.46","track":"0.39","acq_date":"2026-07-26","acq_time":"1316","satellite":"N20","instrument":"VIIRS","confidence":"n","version":"2.0NRT","bright_ti5":"283.53","frp":"7.8","daynight":"D","commune":"Lacanau","code_insee":"33214","departement":"Gironde","region":"Nouvelle-Aquitaine"}},{"type":"Feature","geometry":{"type":"Point","coordinates":[-1.02208,44.96616]},"properties":{"latitude":"44.96616","longitude":"-1.02208","bright_ti4":"339.39","scan":"0.46","track":"0.39","acq_date":"2026-07-26","acq_time":"1316","satellite":"N20","instrument":"VIIRS","confidence":"n","version":"2.0NRT","bright_ti5":"283.46","frp":"7.1","daynight":"D","commune":"Lacanau","code_insee":"33214","departement":"Gironde","region":"Nouvelle-Aquitaine"}},{"type":"Feature","geometry":{"type":"Point","coordinates":[9.06835,42.25566]},"properties":{"latitude":"42.25566","longitude":"9.06835","bright_ti4":"350.07","scan":"0.41","track":"0.45","acq_date":"2026-07-26","acq_time":"1255","satellite":"N","instrument":"VIIRS","confidence":"n","version":"2.0NRT","bright_ti5":"299.15","frp":"4.91","daynight":"D","commune":"Corte","code_insee":"2B096","departement":"Haute-Corse","region":"Corse"}},{"type":"Feature","geometry":{"type":"Point","coordinates":[9.08314,42.26543]},"properties":{"latitude":"42.26543","longitude":"9.08314","bright_ti4":"340.37","scan":"0.41","track":"0.45","acq_date":"2026-07-26","acq_time":"1255","satellite":"N","instrument":"VIIRS","confidence":"n","version":"2.0NRT","bright_ti5":"304.05","frp":"7.11","daynight":"D","commune":"Corte","code_insee":"2B096","departement":"Haute-Corse","region":"Corse"}},{"type":"Feature","geometry":{"type":"Point","coordinates":[9.08894,42.26596]},"properties":{"latitude":"42.26596","longitude":"9.08894","bright_ti4":"367","scan":"0.41","track":"0.45","acq_date":"2026-07-26","acq_time":"1255","satellite":"N","instrument":"VIIRS","confidence":"h","version":"2.0NRT","bright_ti5":"304.66","frp":"7.11","daynight":"D","commune":"Corte","code_insee":"2B096","departement":"Haute-Corse","region":"Corse"}},{"type":"Feature","geometry":{"type":"Point","coordinates":[9.40371,42.61665]},"properties":{"latitude":"42.61665","longitude":"9.40371","bright_ti4":"346.2","scan":"0.43","track":"0.46","acq_date":"2026-07-26","acq_time":"1255","satellite":"N","instrument":"VIIRS","confidence":"n","version":"2.0NRT","bright_ti5":"302.66","frp":"97.25","daynight":"D","commune":"Olmeta-di-Tuda","code_insee":"2B188","departement":"Haute-Corse","region":"Corse"}},{"type":"Feature","geometry":{"type":"Point","coordinates":[9.41031,42.61721]},"properties":{"latitude":"42.61721","longitude":"9.41031","bright_ti4":"347.35","scan":"0.43","track":"0.46","acq_date":"2026-07-26","acq_time":"1255","satellite":"N","instrument":"VIIRS","confidence":"n","version":"2.0NRT","bright_ti5":"296.28","frp":"73.82","daynight":"D","commune":"Biguglia","code_insee":"2B037","departement":"Haute-Corse","region":"Corse"}},{"type":"Feature","geometry":{"type":"Point","coordinates":[9.40146,42.62075]},"properties":{"latitude":"42.62075","longitude":"9.40146","bright_ti4":"208","scan":"0.43","track":"0.46","acq_date":"2026-07-26","acq_time":"1255","satellite":"N","instrument":"VIIRS","confidence":"l","version":"2.0NRT","bright_ti5":"322.41","frp":"97.25","daynight":"D","commune":"Biguglia","code_insee":"2B037","departement":"Haute-Corse","region":"Corse"}},{"type":"Feature","geometry":{"type":"Point","coordinates":[9.40847,42.62136]},"properties":{"latitude":"42.62136","longitude":"9.40847","bright_ti4":"343.79","scan":"0.43","track":"0.46","acq_date":"2026-07-26","acq_time":"1255","satellite":"N","instrument":"VIIRS","confidence":"n","version":"2.0NRT","bright_ti5":"311.89","frp":"73.82","daynight":"D","commune":"Biguglia","code_insee":"2B037","departement":"Haute-Corse","region":"Corse"}},{"type":"Feature","geometry":{"type":"Point","coordinates":[4.89099,43.4343]},"properties":{"latitude":"43.4343","longitude":"4.89099","bright_ti4":"342.9","scan":"0.43","track":"0.38","acq_date":"2026-07-26","acq_time":"1255","satellite":"N","instrument":"VIIRS","confidence":"n","version":"2.0NRT","bright_ti5":"302.88","frp":"12.69","daynight":"D","commune":"Fos-sur-Mer","code_insee":"13039","departement":"Bouches-du-Rhône","region":"Provence-Alpes-Côte d'Azur"}},{"type":"Feature","geometry":{"type":"Point","coordinates":[4.90013,43.44266]},"properties":{"latitude":"43.44266","longitude":"4.90013","bright_ti4":"338","scan":"0.43","track":"0.38","acq_date":"2026-07-26","acq_time":"1255","satellite":"N","instrument":"VIIRS","confidence":"n","version":"2.0NRT","bright_ti5":"298.07","frp":"5.17","daynight":"D","commune":"Fos-sur-Mer","code_insee":"13039","departement":"Bouches-du-Rhône","region":"Provence-Alpes-Côte d'Azur"}},{"type":"Feature","geometry":{"type":"Point","coordinates":[4.88319,43.44417]},"properties":{"latitude":"43.44417","longitude":"4.88319","bright_ti4":"336.11","scan":"0.43","track":"0.38","acq_date":"2026-07-26","acq_time":"1255","satellite":"N","instrument":"VIIRS","confidence":"n","version":"2.0NRT","bright_ti5":"303.91","frp":"29.18","daynight":"D","commune":"Fos-sur-Mer","code_insee":"13039","departement":"Bouches-du-Rhône","region":"Provence-Alpes-Côte d'Azur"}},{"type":"Feature","geometry":{"type":"Point","coordinates":[6.0542,43.47222]},"properties":{"latitude":"43.47222","longitude":"6.0542","bright_ti4":"347.57","scan":"0.47","track":"0.4","acq_date":"2026-07-26","acq_time":"1255","satellite":"N","instrument":"VIIRS","confidence":"n","version":"2.0NRT","bright_ti5":"303.24","frp":"10.46","daynight":"D","commune":"Correns","code_insee":"83045","departement":"Var","region":"Provence-Alpes-Côte d'Azur"}},{"type":"Feature","geometry":{"type":"Point","coordinates":[6.06008,43.47289]},"properties":{"latitude":"43.47289","longitude":"6.06008","bright_ti4":"336.42","scan":"0.47","track":"0.4","acq_date":"2026-07-26","acq_time":"1255","satellite":"N","instrument":"VIIRS","confidence":"n","version":"2.0NRT","bright_ti5":"299.39","frp":"5.91","daynight":"D","commune":"Correns","code_insee":"83045","departement":"Var","region":"Provence-Alpes-Côte d'Azur"}},{"type":"Feature","geometry":{"type":"Point","coordinates":[5.13574,43.51156]},"properties":{"latitude":"43.51156","longitude":"5.13574","bright_ti4":"340.81","scan":"0.44","track":"0.39","acq_date":"2026-07-26","acq_time":"1255","satellite":"N","instrument":"VIIRS","confidence":"n","version":"2.0NRT","bright_ti5":"298.22","frp":"3.19","daynight":"D","commune":"Berre-l'Étang","code_insee":"13014","departement":"Bouches-du-Rhône","region":"Provence-Alpes-Côte d'Azur"}},{"type":"Feature","geometry":{"type":"Point","coordinates":[6.03235,43.51852]},"properties":{"latitude":"43.51852","longitude":"6.03235","bright_ti4":"346.37","scan":"0.47","track":"0.4","acq_date":"2026-07-26","acq_time":"1255","satellite":"N","instrument":"VIIRS","confidence":"n","version":"2.0NRT","bright_ti5":"297.13","frp":"10.36","daynight":"D","commune":"Châteauvert","code_insee":"83039","departement":"Var","region":"Provence-Alpes-Côte d'Azur"}},{"type":"Feature","geometry":{"type":"Point","coordinates":[6.02978,43.52014]},"properties":{"latitude":"43.52014","longitude":"6.02978","bright_ti4":"354.43","scan":"0.47","track":"0.4","acq_date":"2026-07-26","acq_time":"1255","satellite":"N","instrument":"VIIRS","confidence":"n","version":"2.0NRT","bright_ti5":"301.61","frp":"12.97","daynight":"D","commune":"Châteauvert","code_insee":"83039","departement":"Var","region":"Provence-Alpes-Côte d'Azur"}},{"type":"Feature","geometry":{"type":"Point","coordinates":[5.99487,43.54249]},"properties":{"latitude":"43.54249","longitude":"5.99487","bright_ti4":"330.74","scan":"0.47","track":"0.4","acq_date":"2026-07-26","acq_time":"1255","satellite":"N","instrument":"VIIRS","confidence":"n","version":"2.0NRT","bright_ti5":"298.23","frp":"3.25","daynight":"D","commune":"Barjols","code_insee":"83012","departement":"Var","region":"Provence-Alpes-Côte d'Azur"}},{"type":"Feature","geometry":{"type":"Point","coordinates":[-1.10219,44.37772]},"properties":{"latitude":"44.37772","longitude":"-1.10219","bright_ti4":"348.15","scan":"0.4","track":"0.37","acq_date":"2026-07-26","acq_time":"1255","satellite":"N","instrument":"VIIRS","confidence":"n","version":"2.0NRT","bright_ti5":"315.8","frp":"14.67","daynight":"D","commune":"Parentis-en-Born","code_insee":"40217","departement":"Landes","region":"Nouvelle-Aquitaine"}},{"type":"Feature","geometry":{"type":"Point","coordinates":[-1.10331,44.38106]},"properties":{"latitude":"44.38106","longitude":"-1.10331","bright_ti4":"349.72","scan":"0.4","track":"0.37","acq_date":"2026-07-26","acq_time":"1255","satellite":"N","instrument":"VIIRS","confidence":"n","version":"2.0NRT","bright_ti5":"315.54","frp":"14.67","daynight":"D","commune":"Parentis-en-Born","code_insee":"40217","departement":"Landes","region":"Nouvelle-Aquitaine"}},{"type":"Feature","geometry":{"type":"Point","coordinates":[-1.13639,44.43182]},"properties":{"latitude":"44.43182","longitude":"-1.13639","bright_ti4":"343.69","scan":"0.4","track":"0.37","acq_date":"2026-07-26","acq_time":"1255","satellite":"N","instrument":"VIIRS","confidence":"n","version":"2.0NRT","bright_ti5":"309.21","frp":"6.16","daynight":"D","commune":"Biscarrosse","code_insee":"40046","departement":"Landes","region":"Nouvelle-Aquitaine"}},{"type":"Feature","geometry":{"type":"Point","coordinates":[-0.83149,44.71814]},"properties":{"latitude":"44.71814","longitude":"-0.83149","bright_ti4":"353.11","scan":"0.4","track":"0.37","acq_date":"2026-07-26","acq_time":"1255","satellite":"N","instrument":"VIIRS","confidence":"n","version":"2.0NRT","bright_ti5":"314.45","frp":"23.68","daynight":"D","commune":"Marcheprime","code_insee":"33555","departement":"Gironde","region":"Nouvelle-Aquitaine"}},{"type":"Feature","geometry":{"type":"Point","coordinates":[-0.82655,44.71898]},"properties":{"latitude":"44.71898","longitude":"-0.82655","bright_ti4":"354.35","scan":"0.4","track":"0.37","acq_date":"2026-07-26","acq_time":"1255","satellite":"N","instrument":"VIIRS","confidence":"n","version":"2.0NRT","bright_ti5":"302.88","frp":"23.68","daynight":"D","commune":"Marcheprime","code_insee":"33555","departement":"Gironde","region":"Nouvelle-Aquitaine"}},{"type":"Feature","geometry":{"type":"Point","coordinates":[-0.83753,44.72061]},"properties":{"latitude":"44.72061","longitude":"-0.83753","bright_ti4":"367","scan":"0.4","track":"0.37","acq_date":"2026-07-26","acq_time":"1255","satellite":"N","instrument":"VIIRS","confidence":"l","version":"2.0NRT","bright_ti5":"325.73","frp":"48.44","daynight":"D","commune":"Marcheprime","code_insee":"33555","departement":"Gironde","region":"Nouvelle-Aquitaine"}},{"type":"Feature","geometry":{"type":"Point","coordinates":[-0.85345,44.72139]},"properties":{"latitude":"44.72139","longitude":"-0.85345","bright_ti4":"346.38","scan":"0.4","track":"0.37","acq_date":"2026-07-26","acq_time":"1255","satellite":"N","instrument":"VIIRS","confidence":"n","version":"2.0NRT","bright_ti5":"311.29","frp":"52.75","daynight":"D","commune":"Marcheprime","code_insee":"33555","departement":"Gironde","region":"Nouvelle-Aquitaine"}},{"type":"Feature","geometry":{"type":"Point","coordinates":[-0.83259,44.72145]},"properties":{"latitude":"44.72145","longitude":"-0.83259","bright_ti4":"357.31","scan":"0.4","track":"0.37","acq_date":"2026-07-26","acq_time":"1255","satellite":"N","instrument":"VIIRS","confidence":"n","version":"2.0NRT","bright_ti5":"315.66","frp":"23.68","daynight":"D","commune":"Marcheprime","code_insee":"33555","departement":"Gironde","region":"Nouvelle-Aquitaine"}},{"type":"Feature","geometry":{"type":"Point","coordinates":[-0.84851,44.72223]},"properties":{"latitude":"44.72223","longitude":"-0.84851","bright_ti4":"334.6","scan":"0.4","track":"0.37","acq_date":"2026-07-26","acq_time":"1255","satellite":"N","instrument":"VIIRS","confidence":"n","version":"2.0NRT","bright_ti5":"301.27","frp":"52.75","daynight":"D","commune":"Marcheprime","code_insee":"33555","departement":"Gironde","region":"Nouvelle-Aquitaine"}},{"type":"Feature","geometry":{"type":"Point","coordinates":[-0.82766,44.7223]},"properties":{"latitude":"44.7223","longitude":"-0.82766","bright_ti4":"367","scan":"0.4","track":"0.37","acq_date":"2026-07-26","acq_time":"1255","satellite":"N","instrument":"VIIRS","confidence":"h","version":"2.0NRT","bright_ti5":"307.16","frp":"23.68","daynight":"D","commune":"Marcheprime","code_insee":"33555","departement":"Gironde","region":"Nouvelle-Aquitaine"}},{"type":"Feature","geometry":{"type":"Point","coordinates":[-0.84358,44.72308]},"properties":{"latitude":"44.72308","longitude":"-0.84358","bright_ti4":"343.68","scan":"0.4","track":"0.37","acq_date":"2026-07-26","acq_time":"1255","satellite":"N","instrument":"VIIRS","confidence":"n","version":"2.0NRT","bright_ti5":"305.42","frp":"12.76","daynight":"D","commune":"Marcheprime","code_insee":"33555","departement":"Gironde","region":"Nouvelle-Aquitaine"}},{"type":"Feature","geometry":{"type":"Point","coordinates":[-0.8595,44.72385]},"properties":{"latitude":"44.72385","longitude":"-0.8595","bright_ti4":"367","scan":"0.4","track":"0.37","acq_date":"2026-07-26","acq_time":"1255","satellite":"N","instrument":"VIIRS","confidence":"h","version":"2.0NRT","bright_ti5":"338.71","frp":"68.08","daynight":"D","commune":"Audenge","code_insee":"33019","departement":"Gironde","region":"Nouvelle-Aquitaine"}},{"type":"Feature","geometry":{"type":"Point","coordinates":[-0.83864,44.72393]},"properties":{"latitude":"44.72393","longitude":"-0.83864","bright_ti4":"367","scan":"0.4","track":"0.37","acq_date":"2026-07-26","acq_time":"1255","satellite":"N","instrument":"VIIRS","confidence":"h","version":"2.0NRT","bright_ti5":"317.61","frp":"12.76","daynight":"D","commune":"Marcheprime","code_insee":"33555","departement":"Gironde","region":"Nouvelle-Aquitaine"}},{"type":"Feature","geometry":{"type":"Point","coordinates":[-0.85456,44.7247]},"properties":{"latitude":"44.7247","longitude":"-0.85456","bright_ti4":"367","scan":"0.4","track":"0.37","acq_date":"2026-07-26","acq_time":"1255","satellite":"N","instrument":"VIIRS","confidence":"h","version":"2.0NRT","bright_ti5":"353.26","frp":"52.75","daynight":"D","commune":"Audenge","code_insee":"33019","departement":"Gironde","region":"Nouvelle-Aquitaine"}},{"type":"Feature","geometry":{"type":"Point","coordinates":[-0.8337,44.72477]},"properties":{"latitude":"44.72477","longitude":"-0.8337","bright_ti4":"353.1","scan":"0.4","track":"0.37","acq_date":"2026-07-26","acq_time":"1255","satellite":"N","instrument":"VIIRS","confidence":"n","version":"2.0NRT","bright_ti5":"309.82","frp":"8.05","daynight":"D","commune":"Marcheprime","code_insee":"33555","departement":"Gironde","region":"Nouvelle-Aquitaine"}},{"type":"Feature","geometry":{"type":"Point","coordinates":[-0.84962,44.72554]},"properties":{"latitude":"44.72554","longitude":"-0.84962","bright_ti4":"347.73","scan":"0.4","track":"0.37","acq_date":"2026-07-26","acq_time":"1255","satellite":"N","instrument":"VIIRS","confidence":"n","version":"2.0NRT","bright_ti5":"311.1","frp":"52.75","daynight":"D","commune":"Audenge","code_insee":"33019","departement":"Gironde","region":"Nouvelle-Aquitaine"}},{"type":"Feature","geometry":{"type":"Point","coordinates":[-0.84469,44.72639]},"properties":{"latitude":"44.72639","longitude":"-0.84469","bright_ti4":"345.34","scan":"0.4","track":"0.37","acq_date":"2026-07-26","acq_time":"1255","satellite":"N","instrument":"VIIRS","confidence":"n","version":"2.0NRT","bright_ti5":"303.6","frp":"12.76","daynight":"D","commune":"Marcheprime","code_insee":"33555","departement":"Gironde","region":"Nouvelle-Aquitaine"}},{"type":"Feature","geometry":{"type":"Point","coordinates":[-0.86061,44.72717]},"properties":{"latitude":"44.72717","longitude":"-0.86061","bright_ti4":"352.79","scan":"0.4","track":"0.37","acq_date":"2026-07-26","acq_time":"1255","satellite":"N","instrument":"VIIRS","confidence":"n","version":"2.0NRT","bright_ti5":"308.49","frp":"9.91","daynight":"D","commune":"Audenge","code_insee":"33019","departement":"Gironde","region":"Nouvelle-Aquitaine"}},{"type":"Feature","geometry":{"type":"Point","coordinates":[-0.83975,44.72724]},"properties":{"latitude":"44.72724","longitude":"-0.83975","bright_ti4":"353.95","scan":"0.4","track":"0.37","acq_date":"2026-07-26","acq_time":"1255","satellite":"N","instrument":"VIIRS","confidence":"n","version":"2.0NRT","bright_ti5":"310.58","frp":"12.76","daynight":"D","commune":"Marcheprime","code_insee":"33555","departement":"Gironde","region":"Nouvelle-Aquitaine"}},{"type":"Feature","geometry":{"type":"Point","coordinates":[-0.85567,44.72801]},"properties":{"latitude":"44.72801","longitude":"-0.85567","bright_ti4":"349.51","scan":"0.4","track":"0.37","acq_date":"2026-07-26","acq_time":"1255","satellite":"N","instrument":"VIIRS","confidence":"n","version":"2.0NRT","bright_ti5":"306.21","frp":"10.98","daynight":"D","commune":"Audenge","code_insee":"33019","departement":"Gironde","region":"Nouvelle-Aquitaine"}},{"type":"Feature","geometry":{"type":"Point","coordinates":[-0.83481,44.72808]},"properties":{"latitude":"44.72808","longitude":"-0.83481","bright_ti4":"335.62","scan":"0.4","track":"0.37","acq_date":"2026-07-26","acq_time":"1255","satellite":"N","instrument":"VIIRS","confidence":"n","version":"2.0NRT","bright_ti5":"300.25","frp":"8.05","daynight":"D","commune":"Marcheprime","code_insee":"33555","departement":"Gironde","region":"Nouvelle-Aquitaine"}},{"type":"Feature","geometry":{"type":"Point","coordinates":[-0.86666,44.72964]},"properties":{"latitude":"44.72964","longitude":"-0.86666","bright_ti4":"345.62","scan":"0.4","track":"0.37","acq_date":"2026-07-26","acq_time":"1255","satellite":"N","instrument":"VIIRS","confidence":"n","version":"2.0NRT","bright_ti5":"302.96","frp":"9.91","daynight":"D","commune":"Audenge","code_insee":"33019","departement":"Gironde","region":"Nouvelle-Aquitaine"}},{"type":"Feature","geometry":{"type":"Point","coordinates":[-0.8458,44.7297]},"properties":{"latitude":"44.7297","longitude":"-0.8458","bright_ti4":"341.43","scan":"0.4","track":"0.37","acq_date":"2026-07-26","acq_time":"1255","satellite":"N","instrument":"VIIRS","confidence":"n","version":"2.0NRT","bright_ti5":"298.58","frp":"5.36","daynight":"D","commune":"Audenge","code_insee":"33019","departement":"Gironde","region":"Nouvelle-Aquitaine"}},{"type":"Feature","geometry":{"type":"Point","coordinates":[-0.88261,44.73041]},"properties":{"latitude":"44.73041","longitude":"-0.88261","bright_ti4":"367","scan":"0.4","track":"0.37","acq_date":"2026-07-26","acq_time":"1255","satellite":"N","instrument":"VIIRS","confidence":"h","version":"2.0NRT","bright_ti5":"302.97","frp":"73.98","daynight":"D","commune":"Audenge","code_insee":"33019","departement":"Gironde","region":"Nouvelle-Aquitaine"}},{"type":"Feature","geometry":{"type":"Point","coordinates":[-0.84086,44.73055]},"properties":{"latitude":"44.73055","longitude":"-0.84086","bright_ti4":"341.63","scan":"0.4","track":"0.37","acq_date":"2026-07-26","acq_time":"1255","satellite":"N","instrument":"VIIRS","confidence":"n","version":"2.0NRT","bright_ti5":"303.96","frp":"5.36","daynight":"D","commune":"Audenge","code_insee":"33019","departement":"Gironde","region":"Nouvelle-Aquitaine"}},{"type":"Feature","geometry":{"type":"Point","coordinates":[-0.83593,44.7314]},"properties":{"latitude":"44.7314","longitude":"-0.83593","bright_ti4":"336.61","scan":"0.4","track":"0.37","acq_date":"2026-07-26","acq_time":"1255","satellite":"N","instrument":"VIIRS","confidence":"n","version":"2.0NRT","bright_ti5":"303.43","frp":"4.38","daynight":"D","commune":"Marcheprime","code_insee":"33555","departement":"Gironde","region":"Nouvelle-Aquitaine"}},{"type":"Feature","geometry":{"type":"Point","coordinates":[-0.81016,44.7323]},"properties":{"latitude":"44.7323","longitude":"-0.81016","bright_ti4":"340.29","scan":"0.4","track":"0.37","acq_date":"2026-07-26","acq_time":"1255","satellite":"N","instrument":"VIIRS","confidence":"n","version":"2.0NRT","bright_ti5":"303.93","frp":"23.53","daynight":"D","commune":"Cestas","code_insee":"33122","departement":"Gironde","region":"Nouvelle-Aquitaine"}},{"type":"Feature","geometry":{"type":"Point","coordinates":[-0.86778,44.73296]},"properties":{"latitude":"44.73296","longitude":"-0.86778","bright_ti4":"334.7","scan":"0.4","track":"0.37","acq_date":"2026-07-26","acq_time":"1255","satellite":"N","instrument":"VIIRS","confidence":"n","version":"2.0NRT","bright_ti5":"297.57","frp":"4.47","daynight":"D","commune":"Audenge","code_insee":"33019","departement":"Gironde","region":"Nouvelle-Aquitaine"}},{"type":"Feature","geometry":{"type":"Point","coordinates":[-0.82606,44.73308]},"properties":{"latitude":"44.73308","longitude":"-0.82606","bright_ti4":"333.17","scan":"0.4","track":"0.37","acq_date":"2026-07-26","acq_time":"1255","satellite":"N","instrument":"VIIRS","confidence":"n","version":"2.0NRT","bright_ti5":"301.45","frp":"6.4","daynight":"D","commune":"Cestas","code_insee":"33122","departement":"Gironde","region":"Nouvelle-Aquitaine"}},{"type":"Feature","geometry":{"type":"Point","coordinates":[-0.80523,44.73314]},"properties":{"latitude":"44.73314","longitude":"-0.80523","bright_ti4":"344.31","scan":"0.4","track":"0.37","acq_date":"2026-07-26","acq_time":"1255","satellite":"N","instrument":"VIIRS","confidence":"n","version":"2.0NRT","bright_ti5":"316.01","frp":"28.25","daynight":"D","commune":"Cestas","code_insee":"33122","departement":"Gironde","region":"Nouvelle-Aquitaine"}},{"type":"Feature","geometry":{"type":"Point","coordinates":[-0.82113,44.73392]},"properties":{"latitude":"44.73392","longitude":"-0.82113","bright_ti4":"339.67","scan":"0.4","track":"0.37","acq_date":"2026-07-26","acq_time":"1255","satellite":"N","instrument":"VIIRS","confidence":"n","version":"2.0NRT","bright_ti5":"301.54","frp":"6.4","daynight":"D","commune":"Cestas","code_insee":"33122","departement":"Gironde","region":"Nouvelle-Aquitaine"}},{"type":"Feature","geometry":{"type":"Point","coordinates":[-0.8003,44.73398]},"properties":{"latitude":"44.73398","longitude":"-0.8003","bright_ti4":"333.34","scan":"0.4","track":"0.37","acq_date":"2026-07-26","acq_time":"1255","satellite":"N","instrument":"VIIRS","confidence":"n","version":"2.0NRT","bright_ti5":"294.6","frp":"28.25","daynight":"D","commune":"Cestas","code_insee":"33122","departement":"Gironde","region":"Nouvelle-Aquitaine"}},{"type":"Feature","geometry":{"type":"Point","coordinates":[-0.83704,44.73471]},"properties":{"latitude":"44.73471","longitude":"-0.83704","bright_ti4":"332.61","scan":"0.4","track":"0.37","acq_date":"2026-07-26","acq_time":"1255","satellite":"N","instrument":"VIIRS","confidence":"n","version":"2.0NRT","bright_ti5":"302.49","frp":"4.38","daynight":"D","commune":"Marcheprime","code_insee":"33555","departement":"Gironde","region":"Nouvelle-Aquitaine"}},{"type":"Feature","geometry":{"type":"Point","coordinates":[-0.8162,44.73477]},"properties":{"latitude":"44.73477","longitude":"-0.8162","bright_ti4":"353.85","scan":"0.4","track":"0.37","acq_date":"2026-07-26","acq_time":"1255","satellite":"N","instrument":"VIIRS","confidence":"n","version":"2.0NRT","bright_ti5":"314.76","frp":"69.87","daynight":"D","commune":"Cestas","code_insee":"33122","departement":"Gironde","region":"Nouvelle-Aquitaine"}},{"type":"Feature","geometry":{"type":"Point","coordinates":[-0.83211,44.73555]},"properties":{"latitude":"44.73555","longitude":"-0.83211","bright_ti4":"334.57","scan":"0.4","track":"0.37","acq_date":"2026-07-26","acq_time":"1255","satellite":"N","instrument":"VIIRS","confidence":"n","version":"2.0NRT","bright_ti5":"299.02","frp":"4.38","daynight":"D","commune":"Cestas","code_insee":"33122","departement":"Gironde","region":"Nouvelle-Aquitaine"}},{"type":"Feature","geometry":{"type":"Point","coordinates":[-0.81127,44.73561]},"properties":{"latitude":"44.73561","longitude":"-0.81127","bright_ti4":"367","scan":"0.4","track":"0.37","acq_date":"2026-07-26","acq_time":"1255","satellite":"N","instrument":"VIIRS","confidence":"h","version":"2.0NRT","bright_ti5":"345.58","frp":"69.87","daynight":"D","commune":"Cestas","code_insee":"33122","departement":"Gironde","region":"Nouvelle-Aquitaine"}},{"type":"Feature","geometry":{"type":"Point","coordinates":[-0.80634,44.73645]},"properties":{"latitude":"44.73645","longitude":"-0.80634","bright_ti4":"367","scan":"0.4","track":"0.37","acq_date":"2026-07-26","acq_time":"1255","satellite":"N","instrument":"VIIRS","confidence":"h","version":"2.0NRT","bright_ti5":"344.62","frp":"135.95","daynight":"D","commune":"Cestas","code_insee":"33122","departement":"Gironde","region":"Nouvelle-Aquitaine"}},{"type":"Feature","geometry":{"type":"Point","coordinates":[-0.82224,44.73724]},"properties":{"latitude":"44.73724","longitude":"-0.82224","bright_ti4":"350.59","scan":"0.4","track":"0.37","acq_date":"2026-07-26","acq_time":"1255","satellite":"N","instrument":"VIIRS","confidence":"n","version":"2.0NRT","bright_ti5":"304.17","frp":"6.4","daynight":"D","commune":"Cestas","code_insee":"33122","departement":"Gironde","region":"Nouvelle-Aquitaine"}},{"type":"Feature","geometry":{"type":"Point","coordinates":[-0.81731,44.73808]},"properties":{"latitude":"44.73808","longitude":"-0.81731","bright_ti4":"351.84","scan":"0.4","track":"0.37","acq_date":"2026-07-26","acq_time":"1255","satellite":"N","instrument":"VIIRS","confidence":"n","version":"2.0NRT","bright_ti5":"307.26","frp":"69.87","daynight":"D","commune":"Cestas","code_insee":"33122","departement":"Gironde","region":"Nouvelle-Aquitaine"}},{"type":"Feature","geometry":{"type":"Point","coordinates":[-0.81238,44.73892]},"properties":{"latitude":"44.73892","longitude":"-0.81238","bright_ti4":"367","scan":"0.4","track":"0.37","acq_date":"2026-07-26","acq_time":"1255","satellite":"N","instrument":"VIIRS","confidence":"l","version":"2.0NRT","bright_ti5":"361.17","frp":"69.87","daynight":"D","commune":"Cestas","code_insee":"33122","departement":"Gironde","region":"Nouvelle-Aquitaine"}},{"type":"Feature","geometry":{"type":"Point","coordinates":[-0.80745,44.73977]},"properties":{"latitude":"44.73977","longitude":"-0.80745","bright_ti4":"367","scan":"0.4","track":"0.37","acq_date":"2026-07-26","acq_time":"1255","satellite":"N","instrument":"VIIRS","confidence":"l","version":"2.0NRT","bright_ti5":"370.36","frp":"135.95","daynight":"D","commune":"Cestas","code_insee":"33122","departement":"Gironde","region":"Nouvelle-Aquitaine"}},{"type":"Feature","geometry":{"type":"Point","coordinates":[-0.82335,44.74055]},"properties":{"latitude":"44.74055","longitude":"-0.82335","bright_ti4":"346.65","scan":"0.4","track":"0.37","acq_date":"2026-07-26","acq_time":"1255","satellite":"N","instrument":"VIIRS","confidence":"n","version":"2.0NRT","bright_ti5":"295.75","frp":"4.4","daynight":"D","commune":"Saint-Jean-d'Illac","code_insee":"33422","departement":"Gironde","region":"Nouvelle-Aquitaine"}},{"type":"Feature","geometry":{"type":"Point","coordinates":[-0.80251,44.7406]},"properties":{"latitude":"44.7406","longitude":"-0.80251","bright_ti4":"350.55","scan":"0.4","track":"0.37","acq_date":"2026-07-26","acq_time":"1255","satellite":"N","instrument":"VIIRS","confidence":"n","version":"2.0NRT","bright_ti5":"316.62","frp":"135.95","daynight":"D","commune":"Cestas","code_insee":"33122","departement":"Gironde","region":"Nouvelle-Aquitaine"}},{"type":"Feature","geometry":{"type":"Point","coordinates":[-0.81349,44.74224]},"properties":{"latitude":"44.74224","longitude":"-0.81349","bright_ti4":"208","scan":"0.4","track":"0.37","acq_date":"2026-07-26","acq_time":"1255","satellite":"N","instrument":"VIIRS","confidence":"l","version":"2.0NRT","bright_ti5":"320.71","frp":"164.98","daynight":"D","commune":"Saint-Jean-d'Illac","code_insee":"33422","departement":"Gironde","region":"Nouvelle-Aquitaine"}},{"type":"Feature","geometry":{"type":"Point","coordinates":[-0.80856,44.74308]},"properties":{"latitude":"44.74308","longitude":"-0.80856","bright_ti4":"352.85","scan":"0.4","track":"0.37","acq_date":"2026-07-26","acq_time":"1255","satellite":"N","instrument":"VIIRS","confidence":"n","version":"2.0NRT","bright_ti5":"301.05","frp":"55.28","daynight":"D","commune":"Saint-Jean-d'Illac","code_insee":"33422","departement":"Gironde","region":"Nouvelle-Aquitaine"}},{"type":"Feature","geometry":{"type":"Point","coordinates":[-1.02383,44.74479]},"properties":{"latitude":"44.74479","longitude":"-1.02383","bright_ti4":"344.87","scan":"0.4","track":"0.37","acq_date":"2026-07-26","acq_time":"1255","satellite":"N","instrument":"VIIRS","confidence":"n","version":"2.0NRT","bright_ti5":"305.4","frp":"4.66","daynight":"D","commune":"Lanton","code_insee":"33229","departement":"Gironde","region":"Nouvelle-Aquitaine"}},{"type":"Feature","geometry":{"type":"Point","coordinates":[-1.03986,44.74555]},"properties":{"latitude":"44.74555","longitude":"-1.03986","bright_ti4":"347.44","scan":"0.4","track":"0.37","acq_date":"2026-07-26","acq_time":"1255","satellite":"N","instrument":"VIIRS","confidence":"n","version":"2.0NRT","bright_ti5":"303.83","frp":"8.03","daynight":"D","commune":"Lanton","code_insee":"33229","departement":"Gironde","region":"Nouvelle-Aquitaine"}},{"type":"Feature","geometry":{"type":"Point","coordinates":[-1.04597,44.74802]},"properties":{"latitude":"44.74802","longitude":"-1.04597","bright_ti4":"335.55","scan":"0.4","track":"0.37","acq_date":"2026-07-26","acq_time":"1255","satellite":"N","instrument":"VIIRS","confidence":"n","version":"2.0NRT","bright_ti5":"295.05","frp":"2.25","daynight":"D","commune":"Lanton","code_insee":"33229","departement":"Gironde","region":"Nouvelle-Aquitaine"}},{"type":"Feature","geometry":{"type":"Point","coordinates":[-1.02495,44.74812]},"properties":{"latitude":"44.74812","longitude":"-1.02495","bright_ti4":"353.06","scan":"0.4","track":"0.37","acq_date":"2026-07-26","acq_time":"1255","satellite":"N","instrument":"VIIRS","confidence":"n","version":"2.0NRT","bright_ti5":"308.38","frp":"12.52","daynight":"D","commune":"Lanton","code_insee":"33229","departement":"Gironde","region":"Nouvelle-Aquitaine"}},{"type":"Feature","geometry":{"type":"Point","coordinates":[-1.04099,44.74887]},"properties":{"latitude":"44.74887","longitude":"-1.04099","bright_ti4":"355.71","scan":"0.4","track":"0.37","acq_date":"2026-07-26","acq_time":"1255","satellite":"N","instrument":"VIIRS","confidence":"n","version":"2.0NRT","bright_ti5":"309.2","frp":"8.03","daynight":"D","commune":"Lanton","code_insee":"33229","departement":"Gironde","region":"Nouvelle-Aquitaine"}},{"type":"Feature","geometry":{"type":"Point","coordinates":[-1.03714,44.75305]},"properties":{"latitude":"44.75305","longitude":"-1.03714","bright_ti4":"355.62","scan":"0.4","track":"0.37","acq_date":"2026-07-26","acq_time":"1255","satellite":"N","instrument":"VIIRS","confidence":"n","version":"2.0NRT","bright_ti5":"309.11","frp":"67.89","daynight":"D","commune":"Lanton","code_insee":"33229","departement":"Gironde","region":"Nouvelle-Aquitaine"}},{"type":"Feature","geometry":{"type":"Point","coordinates":[-1.03217,44.75391]},"properties":{"latitude":"44.75391","longitude":"-1.03217","bright_ti4":"348","scan":"0.4","track":"0.37","acq_date":"2026-07-26","acq_time":"1255","satellite":"N","instrument":"VIIRS","confidence":"n","version":"2.0NRT","bright_ti5":"305.86","frp":"14.09","daynight":"D","commune":"Lanton","code_insee":"33229","departement":"Gironde","region":"Nouvelle-Aquitaine"}},{"type":"Feature","geometry":{"type":"Point","coordinates":[-1.04324,44.75552]},"properties":{"latitude":"44.75552","longitude":"-1.04324","bright_ti4":"367","scan":"0.4","track":"0.37","acq_date":"2026-07-26","acq_time":"1255","satellite":"N","instrument":"VIIRS","confidence":"l","version":"2.0NRT","bright_ti5":"339.06","frp":"67.89","daynight":"D","commune":"Lanton","code_insee":"33229","departement":"Gironde","region":"Nouvelle-Aquitaine"}},{"type":"Feature","geometry":{"type":"Point","coordinates":[-1.03826,44.75637]},"properties":{"latitude":"44.75637","longitude":"-1.03826","bright_ti4":"367","scan":"0.4","track":"0.37","acq_date":"2026-07-26","acq_time":"1255","satellite":"N","instrument":"VIIRS","confidence":"l","version":"2.0NRT","bright_ti5":"332","frp":"67.89","daynight":"D","commune":"Lanton","code_insee":"33229","departement":"Gironde","region":"Nouvelle-Aquitaine"}},{"type":"Feature","geometry":{"type":"Point","coordinates":[-1.0333,44.75723]},"properties":{"latitude":"44.75723","longitude":"-1.0333","bright_ti4":"367","scan":"0.4","track":"0.37","acq_date":"2026-07-26","acq_time":"1255","satellite":"N","instrument":"VIIRS","confidence":"h","version":"2.0NRT","bright_ti5":"313.09","frp":"14.09","daynight":"D","commune":"Lanton","code_insee":"33229","departement":"Gironde","region":"Nouvelle-Aquitaine"}},{"type":"Feature","geometry":{"type":"Point","coordinates":[-1.04935,44.75799]},"properties":{"latitude":"44.75799","longitude":"-1.04935","bright_ti4":"346.01","scan":"0.4","track":"0.37","acq_date":"2026-07-26","acq_time":"1255","satellite":"N","instrument":"VIIRS","confidence":"n","version":"2.0NRT","bright_ti5":"306.91","frp":"28.77","daynight":"D","commune":"Lanton","code_insee":"33229","departement":"Gironde","region":"Nouvelle-Aquitaine"}},{"type":"Feature","geometry":{"type":"Point","coordinates":[-1.02833,44.75808]},"properties":{"latitude":"44.75808","longitude":"-1.02833","bright_ti4":"338.11","scan":"0.4","track":"0.37","acq_date":"2026-07-26","acq_time":"1255","satellite":"N","instrument":"VIIRS","confidence":"n","version":"2.0NRT","bright_ti5":"299.71","frp":"14.09","daynight":"D","commune":"Lanton","code_insee":"33229","departement":"Gironde","region":"Nouvelle-Aquitaine"}},{"type":"Feature","geometry":{"type":"Point","coordinates":[-1.04437,44.75884]},"properties":{"latitude":"44.75884","longitude":"-1.04437","bright_ti4":"367","scan":"0.4","track":"0.37","acq_date":"2026-07-26","acq_time":"1255","satellite":"N","instrument":"VIIRS","confidence":"h","version":"2.0NRT","bright_ti5":"329.61","frp":"172.97","daynight":"D","commune":"Lanton","code_insee":"33229","departement":"Gironde","region":"Nouvelle-Aquitaine"}},{"type":"Feature","geometry":{"type":"Point","coordinates":[-0.87669,44.75947]},"properties":{"latitude":"44.75947","longitude":"-0.87669","bright_ti4":"355.2","scan":"0.4","track":"0.37","acq_date":"2026-07-26","acq_time":"1255","satellite":"N","instrument":"VIIRS","confidence":"n","version":"2.0NRT","bright_ti5":"308.92","frp":"38.86","daynight":"D","commune":"Saint-Jean-d'Illac","code_insee":"33422","departement":"Gironde","region":"Nouvelle-Aquitaine"}},{"type":"Feature","geometry":{"type":"Point","coordinates":[-0.99244,44.76073]},"properties":{"latitude":"44.76073","longitude":"-0.99244","bright_ti4":"367","scan":"0.4","track":"0.37","acq_date":"2026-07-26","acq_time":"1255","satellite":"N","instrument":"VIIRS","confidence":"h","version":"2.0NRT","bright_ti5":"350.23","frp":"206.84","daynight":"D","commune":"Lanton","code_insee":"33229","departement":"Gironde","region":"Nouvelle-Aquitaine"}},{"type":"Feature","geometry":{"type":"Point","coordinates":[-0.95049,44.76089]},"properties":{"latitude":"44.76089","longitude":"-0.95049","bright_ti4":"346.33","scan":"0.4","track":"0.37","acq_date":"2026-07-26","acq_time":"1255","satellite":"N","instrument":"VIIRS","confidence":"n","version":"2.0NRT","bright_ti5":"298.2","frp":"8.97","daynight":"D","commune":"Lanton","code_insee":"33229","departement":"Gironde","region":"Nouvelle-Aquitaine"}},{"type":"Feature","geometry":{"type":"Point","coordinates":[-0.86681,44.76116]},"properties":{"latitude":"44.76116","longitude":"-0.86681","bright_ti4":"351.8","scan":"0.4","track":"0.37","acq_date":"2026-07-26","acq_time":"1255","satellite":"N","instrument":"VIIRS","confidence":"n","version":"2.0NRT","bright_ti5":"302.97","frp":"15.03","daynight":"D","commune":"Saint-Jean-d'Illac","code_insee":"33422","departement":"Gironde","region":"Nouvelle-Aquitaine"}},{"type":"Feature","geometry":{"type":"Point","coordinates":[-1.06156,44.76292]},"properties":{"latitude":"44.76292","longitude":"-1.06156","bright_ti4":"340.91","scan":"0.4","track":"0.37","acq_date":"2026-07-26","acq_time":"1255","satellite":"N","instrument":"VIIRS","confidence":"n","version":"2.0NRT","bright_ti5":"303.38","frp":"3.5","daynight":"D","commune":"Andernos-les-Bains","code_insee":"33005","departement":"Gironde","region":"Nouvelle-Aquitaine"}},{"type":"Feature","geometry":{"type":"Point","coordinates":[-0.97754,44.76328]},"properties":{"latitude":"44.76328","longitude":"-0.97754","bright_ti4":"348.8","scan":"0.4","track":"0.37","acq_date":"2026-07-26","acq_time":"1255","satellite":"N","instrument":"VIIRS","confidence":"n","version":"2.0NRT","bright_ti5":"292.39","frp":"222.37","daynight":"D","commune":"Lanton","code_insee":"33229","departement":"Gironde","region":"Nouvelle-Aquitaine"}},{"type":"Feature","geometry":{"type":"Point","coordinates":[-1.05658,44.76378]},"properties":{"latitude":"44.76378","longitude":"-1.05658","bright_ti4":"349.83","scan":"0.4","track":"0.37","acq_date":"2026-07-26","acq_time":"1255","satellite":"N","instrument":"VIIRS","confidence":"n","version":"2.0NRT","bright_ti5":"307.74","frp":"5.42","daynight":"D","commune":"Andernos-les-Bains","code_insee":"33005","departement":"Gironde","region":"Nouvelle-Aquitaine"}},{"type":"Feature","geometry":{"type":"Point","coordinates":[-0.99356,44.76405]},"properties":{"latitude":"44.76405","longitude":"-0.99356","bright_ti4":"343.18","scan":"0.4","track":"0.37","acq_date":"2026-07-26","acq_time":"1255","satellite":"N","instrument":"VIIRS","confidence":"n","version":"2.0NRT","bright_ti5":"304.05","frp":"206.84","daynight":"D","commune":"Lanton","code_insee":"33229","departement":"Gironde","region":"Nouvelle-Aquitaine"}},{"type":"Feature","geometry":{"type":"Point","coordinates":[-1.04663,44.76549]},"properties":{"latitude":"44.76549","longitude":"-1.04663","bright_ti4":"339.22","scan":"0.4","track":"0.37","acq_date":"2026-07-26","acq_time":"1255","satellite":"N","instrument":"VIIRS","confidence":"n","version":"2.0NRT","bright_ti5":"299.24","frp":"8.4","daynight":"D","commune":"Lanton","code_insee":"33229","departement":"Gironde","region":"Nouvelle-Aquitaine"}},{"type":"Feature","geometry":{"type":"Point","coordinates":[-1.06268,44.76625]},"properties":{"latitude":"44.76625","longitude":"-1.06268","bright_ti4":"334.94","scan":"0.4","track":"0.37","acq_date":"2026-07-26","acq_time":"1255","satellite":"N","instrument":"VIIRS","confidence":"n","version":"2.0NRT","bright_ti5":"295.09","frp":"3.5","daynight":"D","commune":"Andernos-les-Bains","code_insee":"33005","departement":"Gironde","region":"Nouvelle-Aquitaine"}},{"type":"Feature","geometry":{"type":"Point","coordinates":[-0.87397,44.76695]},"properties":{"latitude":"44.76695","longitude":"-0.87397","bright_ti4":"354.69","scan":"0.4","track":"0.37","acq_date":"2026-07-26","acq_time":"1255","satellite":"N","instrument":"VIIRS","confidence":"n","version":"2.0NRT","bright_ti5":"304.67","frp":"38.82","daynight":"D","commune":"Saint-Jean-d'Illac","code_insee":"33422","departement":"Gironde","region":"Nouvelle-Aquitaine"}},{"type":"Feature","geometry":{"type":"Point","coordinates":[-0.9737,44.76745]},"properties":{"latitude":"44.76745","longitude":"-0.9737","bright_ti4":"343.18","scan":"0.4","track":"0.37","acq_date":"2026-07-26","acq_time":"1255","satellite":"N","instrument":"VIIRS","confidence":"n","version":"2.0NRT","bright_ti5":"309.38","frp":"32.32","daynight":"D","commune":"Lanton","code_insee":"33229","departement":"Gironde","region":"Nouvelle-Aquitaine"}},{"type":"Feature","geometry":{"type":"Point","coordinates":[-0.86903,44.76779]},"properties":{"latitude":"44.76779","longitude":"-0.86903","bright_ti4":"356.69","scan":"0.4","track":"0.37","acq_date":"2026-07-26","acq_time":"1255","satellite":"N","instrument":"VIIRS","confidence":"n","version":"2.0NRT","bright_ti5":"296.22","frp":"16.83","daynight":"D","commune":"Saint-Jean-d'Illac","code_insee":"33422","departement":"Gironde","region":"Nouvelle-Aquitaine"}},{"type":"Feature","geometry":{"type":"Point","coordinates":[-1.05273,44.76796]},"properties":{"latitude":"44.76796","longitude":"-1.05273","bright_ti4":"333.4","scan":"0.4","track":"0.37","acq_date":"2026-07-26","acq_time":"1255","satellite":"N","instrument":"VIIRS","confidence":"n","version":"2.0NRT","bright_ti5":"301.55","frp":"5.42","daynight":"D","commune":"Andernos-les-Bains","code_insee":"33005","departement":"Gironde","region":"Nouvelle-Aquitaine"}},{"type":"Feature","geometry":{"type":"Point","coordinates":[-0.96873,44.7683]},"properties":{"latitude":"44.7683","longitude":"-0.96873","bright_ti4":"341.29","scan":"0.4","track":"0.37","acq_date":"2026-07-26","acq_time":"1255","satellite":"N","instrument":"VIIRS","confidence":"n","version":"2.0NRT","bright_ti5":"300.52","frp":"32.32","daynight":"D","commune":"Lanton","code_insee":"33229","departement":"Gironde","region":"Nouvelle-Aquitaine"}},{"type":"Feature","geometry":{"type":"Point","coordinates":[-0.8641,44.76863]},"properties":{"latitude":"44.76863","longitude":"-0.8641","bright_ti4":"348.43","scan":"0.4","track":"0.37","acq_date":"2026-07-26","acq_time":"1255","satellite":"N","instrument":"VIIRS","confidence":"n","version":"2.0NRT","bright_ti5":"302.89","frp":"16.83","daynight":"D","commune":"Saint-Jean-d'Illac","code_insee":"33422","departement":"Gironde","region":"Nouvelle-Aquitaine"}},{"type":"Feature","geometry":{"type":"Point","coordinates":[-0.98475,44.76907]},"properties":{"latitude":"44.76907","longitude":"-0.98475","bright_ti4":"345.03","scan":"0.4","track":"0.37","acq_date":"2026-07-26","acq_time":"1255","satellite":"N","instrument":"VIIRS","confidence":"n","version":"2.0NRT","bright_ti5":"295.19","frp":"4.26","daynight":"D","commune":"Lanton","code_insee":"33229","departement":"Gironde","region":"Nouvelle-Aquitaine"}},{"type":"Feature","geometry":{"type":"Point","coordinates":[-0.97978,44.76992]},"properties":{"latitude":"44.76992","longitude":"-0.97978","bright_ti4":"341.64","scan":"0.4","track":"0.37","acq_date":"2026-07-26","acq_time":"1255","satellite":"N","instrument":"VIIRS","confidence":"n","version":"2.0NRT","bright_ti5":"298.23","frp":"4.26","daynight":"D","commune":"Lanton","code_insee":"33229","departement":"Gironde","region":"Nouvelle-Aquitaine"}},{"type":"Feature","geometry":{"type":"Point","coordinates":[-0.87509,44.77026]},"properties":{"latitude":"44.77026","longitude":"-0.87509","bright_ti4":"349.81","scan":"0.4","track":"0.37","acq_date":"2026-07-26","acq_time":"1255","satellite":"N","instrument":"VIIRS","confidence":"n","version":"2.0NRT","bright_ti5":"297.16","frp":"38.82","daynight":"D","commune":"Saint-Jean-d'Illac","code_insee":"33422","departement":"Gironde","region":"Nouvelle-Aquitaine"}},{"type":"Feature","geometry":{"type":"Point","coordinates":[-0.97482,44.77077]},"properties":{"latitude":"44.77077","longitude":"-0.97482","bright_ti4":"355.49","scan":"0.4","track":"0.37","acq_date":"2026-07-26","acq_time":"1255","satellite":"N","instrument":"VIIRS","confidence":"n","version":"2.0NRT","bright_ti5":"307.18","frp":"12.77","daynight":"D","commune":"Lanton","code_insee":"33229","departement":"Gironde","region":"Nouvelle-Aquitaine"}},{"type":"Feature","geometry":{"type":"Point","coordinates":[-1.11206,44.77185]},"properties":{"latitude":"44.77185","longitude":"-1.11206","bright_ti4":"334.4","scan":"0.4","track":"0.37","acq_date":"2026-07-26","acq_time":"1255","satellite":"N","instrument":"VIIRS","confidence":"n","version":"2.0NRT","bright_ti5":"295.48","frp":"2.57","daynight":"D","commune":"Arès","code_insee":"33011","departement":"Gironde","region":"Nouvelle-Aquitaine"}},{"type":"Feature","geometry":{"type":"Point","coordinates":[-0.8861,44.77188]},"properties":{"latitude":"44.77188","longitude":"-0.8861","bright_ti4":"347.35","scan":"0.4","track":"0.37","acq_date":"2026-07-26","acq_time":"1255","satellite":"N","instrument":"VIIRS","confidence":"n","version":"2.0NRT","bright_ti5":"293.01","frp":"6.14","daynight":"D","commune":"Saint-Jean-d'Illac","code_insee":"33422","departement":"Gironde","region":"Nouvelle-Aquitaine"}},{"type":"Feature","geometry":{"type":"Point","coordinates":[-1.10706,44.7727]},"properties":{"latitude":"44.7727","longitude":"-1.10706","bright_ti4":"338.54","scan":"0.4","track":"0.37","acq_date":"2026-07-26","acq_time":"1255","satellite":"N","instrument":"VIIRS","confidence":"n","version":"2.0NRT","bright_ti5":"298.79","frp":"2.57","daynight":"D","commune":"Arès","code_insee":"33011","departement":"Gironde","region":"Nouvelle-Aquitaine"}},{"type":"Feature","geometry":{"type":"Point","coordinates":[-1.10978,44.77298]},"properties":{"latitude":"44.77298","longitude":"-1.10978","bright_ti4":"345.71","scan":"0.4","track":"0.37","acq_date":"2026-07-26","acq_time":"1255","satellite":"N","instrument":"VIIRS","confidence":"n","version":"2.0NRT","bright_ti5":"301.41","frp":"8.42","daynight":"D","commune":"Arès","code_insee":"33011","departement":"Gironde","region":"Nouvelle-Aquitaine"}},{"type":"Feature","geometry":{"type":"Point","coordinates":[-1.21022,44.77311]},"properties":{"latitude":"44.77311","longitude":"-1.21022","bright_ti4":"342.59","scan":"0.4","track":"0.37","acq_date":"2026-07-26","acq_time":"1255","satellite":"N","instrument":"VIIRS","confidence":"n","version":"2.0NRT","bright_ti5":"291.43","frp":"5.69","daynight":"D","commune":"Lège-Cap-Ferret","code_insee":"33236","departement":"Gironde","region":"Nouvelle-Aquitaine"}},{"type":"Feature","geometry":{"type":"Point","coordinates":[-0.98091,44.77324]},"properties":{"latitude":"44.77324","longitude":"-0.98091","bright_ti4":"336.43","scan":"0.4","track":"0.37","acq_date":"2026-07-26","acq_time":"1255","satellite":"N","instrument":"VIIRS","confidence":"n","version":"2.0NRT","bright_ti5":"299.85","frp":"4.26","daynight":"D","commune":"Lanton","code_insee":"33229","departement":"Gironde","region":"Nouvelle-Aquitaine"}},{"type":"Feature","geometry":{"type":"Point","coordinates":[-0.97594,44.77409]},"properties":{"latitude":"44.77409","longitude":"-0.97594","bright_ti4":"348.56","scan":"0.4","track":"0.37","acq_date":"2026-07-26","acq_time":"1255","satellite":"N","instrument":"VIIRS","confidence":"n","version":"2.0NRT","bright_ti5":"301.91","frp":"12.77","daynight":"D","commune":"Lanton","code_insee":"33229","departement":"Gironde","region":"Nouvelle-Aquitaine"}},{"type":"Feature","geometry":{"type":"Point","coordinates":[-1.21136,44.77644]},"properties":{"latitude":"44.77644","longitude":"-1.21136","bright_ti4":"353.2","scan":"0.4","track":"0.37","acq_date":"2026-07-26","acq_time":"1255","satellite":"N","instrument":"VIIRS","confidence":"n","version":"2.0NRT","bright_ti5":"294.75","frp":"14.35","daynight":"D","commune":"Lège-Cap-Ferret","code_insee":"33236","departement":"Gironde","region":"Nouvelle-Aquitaine"}},{"type":"Feature","geometry":{"type":"Point","coordinates":[-1.122,44.7779]},"properties":{"latitude":"44.7779","longitude":"-1.122","bright_ti4":"347.95","scan":"0.4","track":"0.37","acq_date":"2026-07-26","acq_time":"1255","satellite":"N","instrument":"VIIRS","confidence":"n","version":"2.0NRT","bright_ti5":"307","frp":"4.9","daynight":"D","commune":"Arès","code_insee":"33011","departement":"Gironde","region":"Nouvelle-Aquitaine"}},{"type":"Feature","geometry":{"type":"Point","coordinates":[-1.12313,44.78123]},"properties":{"latitude":"44.78123","longitude":"-1.12313","bright_ti4":"342.3","scan":"0.4","track":"0.37","acq_date":"2026-07-26","acq_time":"1255","satellite":"N","instrument":"VIIRS","confidence":"n","version":"2.0NRT","bright_ti5":"299.81","frp":"4.9","daynight":"D","commune":"Arès","code_insee":"33011","departement":"Gironde","region":"Nouvelle-Aquitaine"}},{"type":"Feature","geometry":{"type":"Point","coordinates":[-1.10275,44.79885]},"properties":{"latitude":"44.79885","longitude":"-1.10275","bright_ti4":"349.61","scan":"0.4","track":"0.37","acq_date":"2026-07-26","acq_time":"1255","satellite":"N","instrument":"VIIRS","confidence":"n","version":"2.0NRT","bright_ti5":"311.27","frp":"42.37","daynight":"D","commune":"Arès","code_insee":"33011","departement":"Gironde","region":"Nouvelle-Aquitaine"}},{"type":"Feature","geometry":{"type":"Point","coordinates":[-1.10388,44.80218]},"properties":{"latitude":"44.80218","longitude":"-1.10388","bright_ti4":"354.16","scan":"0.4","track":"0.37","acq_date":"2026-07-26","acq_time":"1255","satellite":"N","instrument":"VIIRS","confidence":"n","version":"2.0NRT","bright_ti5":"296.19","frp":"10.5","daynight":"D","commune":"Arès","code_insee":"33011","departement":"Gironde","region":"Nouvelle-Aquitaine"}},{"type":"Feature","geometry":{"type":"Point","coordinates":[-1.0989,44.80304]},"properties":{"latitude":"44.80304","longitude":"-1.0989","bright_ti4":"335.8","scan":"0.4","track":"0.37","acq_date":"2026-07-26","acq_time":"1255","satellite":"N","instrument":"VIIRS","confidence":"n","version":"2.0NRT","bright_ti5":"296.51","frp":"3.53","daynight":"D","commune":"Arès","code_insee":"33011","departement":"Gironde","region":"Nouvelle-Aquitaine"}},{"type":"Feature","geometry":{"type":"Point","coordinates":[-0.97529,44.84192]},"properties":{"latitude":"44.84192","longitude":"-0.97529","bright_ti4":"338.54","scan":"0.4","track":"0.37","acq_date":"2026-07-26","acq_time":"1255","satellite":"N","instrument":"VIIRS","confidence":"n","version":"2.0NRT","bright_ti5":"301.66","frp":"6.6","daynight":"D","commune":"Le Temple","code_insee":"33528","departement":"Gironde","region":"Nouvelle-Aquitaine"}},{"type":"Feature","geometry":{"type":"Point","coordinates":[-0.9334,44.84209]},"properties":{"latitude":"44.84209","longitude":"-0.9334","bright_ti4":"344.24","scan":"0.4","track":"0.37","acq_date":"2026-07-26","acq_time":"1255","satellite":"N","instrument":"VIIRS","confidence":"n","version":"2.0NRT","bright_ti5":"297.84","frp":"5.69","daynight":"D","commune":"Le Temple","code_insee":"33528","departement":"Gironde","region":"Nouvelle-Aquitaine"}},{"type":"Feature","geometry":{"type":"Point","coordinates":[-1.14968,44.84356]},"properties":{"latitude":"44.84356","longitude":"-1.14968","bright_ti4":"334.16","scan":"0.4","track":"0.37","acq_date":"2026-07-26","acq_time":"1255","satellite":"N","instrument":"VIIRS","confidence":"n","version":"2.0NRT","bright_ti5":"292.7","frp":"1.89","daynight":"D","commune":"Le Porge","code_insee":"33333","departement":"Gironde","region":"Nouvelle-Aquitaine"}},{"type":"Feature","geometry":{"type":"Point","coordinates":[-1.14084,44.84861]},"properties":{"latitude":"44.84861","longitude":"-1.14084","bright_ti4":"338.63","scan":"0.4","track":"0.37","acq_date":"2026-07-26","acq_time":"1255","satellite":"N","instrument":"VIIRS","confidence":"n","version":"2.0NRT","bright_ti5":"294.82","frp":"4.12","daynight":"D","commune":"Le Porge","code_insee":"33333","departement":"Gironde","region":"Nouvelle-Aquitaine"}},{"type":"Feature","geometry":{"type":"Point","coordinates":[-1.00077,44.85511]},"properties":{"latitude":"44.85511","longitude":"-1.00077","bright_ti4":"341.74","scan":"0.4","track":"0.37","acq_date":"2026-07-26","acq_time":"1255","satellite":"N","instrument":"VIIRS","confidence":"n","version":"2.0NRT","bright_ti5":"298.47","frp":"5.64","daynight":"D","commune":"Le Temple","code_insee":"33528","departement":"Gironde","region":"Nouvelle-Aquitaine"}},{"type":"Feature","geometry":{"type":"Point","coordinates":[-0.95882,44.85528]},"properties":{"latitude":"44.85528","longitude":"-0.95882","bright_ti4":"333.21","scan":"0.4","track":"0.37","acq_date":"2026-07-26","acq_time":"1255","satellite":"N","instrument":"VIIRS","confidence":"n","version":"2.0NRT","bright_ti5":"294.9","frp":"56.96","daynight":"D","commune":"Le Temple","code_insee":"33528","departement":"Gironde","region":"Nouvelle-Aquitaine"}},{"type":"Feature","geometry":{"type":"Point","coordinates":[-0.912,44.85627]},"properties":{"latitude":"44.85627","longitude":"-0.912","bright_ti4":"367","scan":"0.4","track":"0.37","acq_date":"2026-07-26","acq_time":"1255","satellite":"N","instrument":"VIIRS","confidence":"h","version":"2.0NRT","bright_ti5":"336.53","frp":"41.04","daynight":"D","commune":"Le Temple","code_insee":"33528","departement":"Gironde","region":"Nouvelle-Aquitaine"}},{"type":"Feature","geometry":{"type":"Point","coordinates":[-0.94891,44.85697]},"properties":{"latitude":"44.85697","longitude":"-0.94891","bright_ti4":"346.38","scan":"0.4","track":"0.37","acq_date":"2026-07-26","acq_time":"1255","satellite":"N","instrument":"VIIRS","confidence":"n","version":"2.0NRT","bright_ti5":"303.14","frp":"28.05","daynight":"D","commune":"Le Temple","code_insee":"33528","departement":"Gironde","region":"Nouvelle-Aquitaine"}},{"type":"Feature","geometry":{"type":"Point","coordinates":[-0.90706,44.85711]},"properties":{"latitude":"44.85711","longitude":"-0.90706","bright_ti4":"367","scan":"0.4","track":"0.37","acq_date":"2026-07-26","acq_time":"1255","satellite":"N","instrument":"VIIRS","confidence":"h","version":"2.0NRT","bright_ti5":"334.62","frp":"85.42","daynight":"D","commune":"Le Temple","code_insee":"33528","departement":"Gironde","region":"Nouvelle-Aquitaine"}},{"type":"Feature","geometry":{"type":"Point","coordinates":[-0.91808,44.85873]},"properties":{"latitude":"44.85873","longitude":"-0.91808","bright_ti4":"339.75","scan":"0.4","track":"0.37","acq_date":"2026-07-26","acq_time":"1255","satellite":"N","instrument":"VIIRS","confidence":"n","version":"2.0NRT","bright_ti5":"301.61","frp":"41.04","daynight":"D","commune":"Le Temple","code_insee":"33528","departement":"Gironde","region":"Nouvelle-Aquitaine"}},{"type":"Feature","geometry":{"type":"Point","coordinates":[-0.91312,44.85958]},"properties":{"latitude":"44.85958","longitude":"-0.91312","bright_ti4":"354.81","scan":"0.4","track":"0.37","acq_date":"2026-07-26","acq_time":"1255","satellite":"N","instrument":"VIIRS","confidence":"n","version":"2.0NRT","bright_ti5":"304.79","frp":"41.04","daynight":"D","commune":"Le Temple","code_insee":"33528","departement":"Gironde","region":"Nouvelle-Aquitaine"}},{"type":"Feature","geometry":{"type":"Point","coordinates":[-0.95003,44.86029]},"properties":{"latitude":"44.86029","longitude":"-0.95003","bright_ti4":"345.38","scan":"0.4","track":"0.37","acq_date":"2026-07-26","acq_time":"1255","satellite":"N","instrument":"VIIRS","confidence":"n","version":"2.0NRT","bright_ti5":"303.91","frp":"28.05","daynight":"D","commune":"Le Temple","code_insee":"33528","departement":"Gironde","region":"Nouvelle-Aquitaine"}},{"type":"Feature","geometry":{"type":"Point","coordinates":[-0.90818,44.86043]},"properties":{"latitude":"44.86043","longitude":"-0.90818","bright_ti4":"333.95","scan":"0.4","track":"0.37","acq_date":"2026-07-26","acq_time":"1255","satellite":"N","instrument":"VIIRS","confidence":"n","version":"2.0NRT","bright_ti5":"293.71","frp":"85.42","daynight":"D","commune":"Le Temple","code_insee":"33528","departement":"Gironde","region":"Nouvelle-Aquitaine"}},{"type":"Feature","geometry":{"type":"Point","coordinates":[-0.91536,44.86621]},"properties":{"latitude":"44.86621","longitude":"-0.91536","bright_ti4":"337.03","scan":"0.4","track":"0.37","acq_date":"2026-07-26","acq_time":"1255","satellite":"N","instrument":"VIIRS","confidence":"n","version":"2.0NRT","bright_ti5":"299.58","frp":"41.08","daynight":"D","commune":"Le Temple","code_insee":"33528","departement":"Gironde","region":"Nouvelle-Aquitaine"}},{"type":"Feature","geometry":{"type":"Point","coordinates":[-1.09437,44.86716]},"properties":{"latitude":"44.86716","longitude":"-1.09437","bright_ti4":"332.18","scan":"0.4","track":"0.37","acq_date":"2026-07-26","acq_time":"1255","satellite":"N","instrument":"VIIRS","confidence":"n","version":"2.0NRT","bright_ti5":"299.98","frp":"3.45","daynight":"D","commune":"Le Porge","code_insee":"33333","departement":"Gironde","region":"Nouvelle-Aquitaine"}},{"type":"Feature","geometry":{"type":"Point","coordinates":[-1.17374,44.8676]},"properties":{"latitude":"44.8676","longitude":"-1.17374","bright_ti4":"345.44","scan":"0.4","track":"0.37","acq_date":"2026-07-26","acq_time":"1255","satellite":"N","instrument":"VIIRS","confidence":"n","version":"2.0NRT","bright_ti5":"298.37","frp":"6.24","daynight":"D","commune":"Le Porge","code_insee":"33333","departement":"Gironde","region":"Nouvelle-Aquitaine"}},{"type":"Feature","geometry":{"type":"Point","coordinates":[-0.91648,44.86953]},"properties":{"latitude":"44.86953","longitude":"-0.91648","bright_ti4":"343.54","scan":"0.4","track":"0.37","acq_date":"2026-07-26","acq_time":"1255","satellite":"N","instrument":"VIIRS","confidence":"n","version":"2.0NRT","bright_ti5":"299.23","frp":"18.05","daynight":"D","commune":"Le Temple","code_insee":"33528","departement":"Gironde","region":"Nouvelle-Aquitaine"}},{"type":"Feature","geometry":{"type":"Point","coordinates":[-0.91153,44.87037]},"properties":{"latitude":"44.87037","longitude":"-0.91153","bright_ti4":"338.44","scan":"0.4","track":"0.37","acq_date":"2026-07-26","acq_time":"1255","satellite":"N","instrument":"VIIRS","confidence":"n","version":"2.0NRT","bright_ti5":"300.95","frp":"16.09","daynight":"D","commune":"Le Temple","code_insee":"33528","departement":"Gironde","region":"Nouvelle-Aquitaine"}},{"type":"Feature","geometry":{"type":"Point","coordinates":[-1.17884,44.87399]},"properties":{"latitude":"44.87399","longitude":"-1.17884","bright_ti4":"337.24","scan":"0.4","track":"0.37","acq_date":"2026-07-26","acq_time":"1255","satellite":"N","instrument":"VIIRS","confidence":"n","version":"2.0NRT","bright_ti5":"298.08","frp":"3.96","daynight":"D","commune":"Le Porge","code_insee":"33333","departement":"Gironde","region":"Nouvelle-Aquitaine"}},{"type":"Feature","geometry":{"type":"Point","coordinates":[-1.17998,44.87731]},"properties":{"latitude":"44.87731","longitude":"-1.17998","bright_ti4":"335.01","scan":"0.4","track":"0.37","acq_date":"2026-07-26","acq_time":"1255","satellite":"N","instrument":"VIIRS","confidence":"n","version":"2.0NRT","bright_ti5":"295.01","frp":"3.26","daynight":"D","commune":"Le Porge","code_insee":"33333","departement":"Gironde","region":"Nouvelle-Aquitaine"}},{"type":"Feature","geometry":{"type":"Point","coordinates":[-1.16999,44.87905]},"properties":{"latitude":"44.87905","longitude":"-1.16999","bright_ti4":"351.53","scan":"0.4","track":"0.37","acq_date":"2026-07-26","acq_time":"1255","satellite":"N","instrument":"VIIRS","confidence":"n","version":"2.0NRT","bright_ti5":"299.65","frp":"5.82","daynight":"D","commune":"Le Porge","code_insee":"33333","departement":"Gironde","region":"Nouvelle-Aquitaine"}},{"type":"Feature","geometry":{"type":"Point","coordinates":[-0.89891,44.87953]},"properties":{"latitude":"44.87953","longitude":"-0.89891","bright_ti4":"352.58","scan":"0.4","track":"0.37","acq_date":"2026-07-26","acq_time":"1255","satellite":"N","instrument":"VIIRS","confidence":"n","version":"2.0NRT","bright_ti5":"305.73","frp":"12.06","daynight":"D","commune":"Le Temple","code_insee":"33528","departement":"Gironde","region":"Nouvelle-Aquitaine"}},{"type":"Feature","geometry":{"type":"Point","coordinates":[-1.17113,44.88237]},"properties":{"latitude":"44.88237","longitude":"-1.17113","bright_ti4":"335.11","scan":"0.4","track":"0.37","acq_date":"2026-07-26","acq_time":"1255","satellite":"N","instrument":"VIIRS","confidence":"n","version":"2.0NRT","bright_ti5":"296.08","frp":"5.82","daynight":"D","commune":"Le Porge","code_insee":"33333","departement":"Gironde","region":"Nouvelle-Aquitaine"}},{"type":"Feature","geometry":{"type":"Point","coordinates":[-1.00596,44.88582]},"properties":{"latitude":"44.88582","longitude":"-1.00596","bright_ti4":"338.4","scan":"0.4","track":"0.37","acq_date":"2026-07-26","acq_time":"1255","satellite":"N","instrument":"VIIRS","confidence":"n","version":"2.0NRT","bright_ti5":"300.46","frp":"3.6","daynight":"D","commune":"Le Temple","code_insee":"33528","departement":"Gironde","region":"Nouvelle-Aquitaine"}},{"type":"Feature","geometry":{"type":"Point","coordinates":[-1.00099,44.88667]},"properties":{"latitude":"44.88667","longitude":"-1.00099","bright_ti4":"353.73","scan":"0.4","track":"0.37","acq_date":"2026-07-26","acq_time":"1255","satellite":"N","instrument":"VIIRS","confidence":"n","version":"2.0NRT","bright_ti5":"312.72","frp":"10.96","daynight":"D","commune":"Le Temple","code_insee":"33528","departement":"Gironde","region":"Nouvelle-Aquitaine"}},{"type":"Feature","geometry":{"type":"Point","coordinates":[-0.88135,44.88952]},"properties":{"latitude":"44.88952","longitude":"-0.88135","bright_ti4":"343.23","scan":"0.4","track":"0.37","acq_date":"2026-07-26","acq_time":"1255","satellite":"N","instrument":"VIIRS","confidence":"n","version":"2.0NRT","bright_ti5":"295.16","frp":"5.46","daynight":"D","commune":"Salaunes","code_insee":"33494","departement":"Gironde","region":"Nouvelle-Aquitaine"}},{"type":"Feature","geometry":{"type":"Point","coordinates":[-0.91665,44.90104]},"properties":{"latitude":"44.90104","longitude":"-0.91665","bright_ti4":"337.78","scan":"0.4","track":"0.37","acq_date":"2026-07-26","acq_time":"1255","satellite":"N","instrument":"VIIRS","confidence":"n","version":"2.0NRT","bright_ti5":"304.14","frp":"10.71","daynight":"D","commune":"Sainte-Hélène","code_insee":"33417","departement":"Gironde","region":"Nouvelle-Aquitaine"}},{"type":"Feature","geometry":{"type":"Point","coordinates":[-0.9536,44.90176]},"properties":{"latitude":"44.90176","longitude":"-0.9536","bright_ti4":"336.6","scan":"0.4","track":"0.37","acq_date":"2026-07-26","acq_time":"1255","satellite":"N","instrument":"VIIRS","confidence":"n","version":"2.0NRT","bright_ti5":"299.63","frp":"3.25","daynight":"D","commune":"Saumos","code_insee":"33503","departement":"Gironde","region":"Nouvelle-Aquitaine"}},{"type":"Feature","geometry":{"type":"Point","coordinates":[-0.92273,44.90351]},"properties":{"latitude":"44.90351","longitude":"-0.92273","bright_ti4":"349.6","scan":"0.4","track":"0.37","acq_date":"2026-07-26","acq_time":"1255","satellite":"N","instrument":"VIIRS","confidence":"n","version":"2.0NRT","bright_ti5":"307.17","frp":"12.51","daynight":"D","commune":"Sainte-Hélène","code_insee":"33417","departement":"Gironde","region":"Nouvelle-Aquitaine"}},{"type":"Feature","geometry":{"type":"Point","coordinates":[-0.92497,44.91014]},"properties":{"latitude":"44.91014","longitude":"-0.92497","bright_ti4":"342.23","scan":"0.4","track":"0.37","acq_date":"2026-07-26","acq_time":"1255","satellite":"N","instrument":"VIIRS","confidence":"n","version":"2.0NRT","bright_ti5":"301.83","frp":"5.49","daynight":"D","commune":"Sainte-Hélène","code_insee":"33417","departement":"Gironde","region":"Nouvelle-Aquitaine"}},{"type":"Feature","geometry":{"type":"Point","coordinates":[-0.93601,44.91177]},"properties":{"latitude":"44.91177","longitude":"-0.93601","bright_ti4":"367","scan":"0.4","track":"0.37","acq_date":"2026-07-26","acq_time":"1255","satellite":"N","instrument":"VIIRS","confidence":"h","version":"2.0NRT","bright_ti5":"305.27","frp":"15.53","daynight":"D","commune":"Sainte-Hélène","code_insee":"33417","departement":"Gironde","region":"Nouvelle-Aquitaine"}},{"type":"Feature","geometry":{"type":"Point","coordinates":[-0.93901,44.91195]},"properties":{"latitude":"44.91195","longitude":"-0.93901","bright_ti4":"351.18","scan":"0.4","track":"0.37","acq_date":"2026-07-26","acq_time":"1255","satellite":"N","instrument":"VIIRS","confidence":"n","version":"2.0NRT","bright_ti5":"304.86","frp":"12.6","daynight":"D","commune":"Sainte-Hélène","code_insee":"33417","departement":"Gironde","region":"Nouvelle-Aquitaine"}},{"type":"Feature","geometry":{"type":"Point","coordinates":[-0.97708,44.91593]},"properties":{"latitude":"44.91593","longitude":"-0.97708","bright_ti4":"339.49","scan":"0.4","track":"0.37","acq_date":"2026-07-26","acq_time":"1255","satellite":"N","instrument":"VIIRS","confidence":"n","version":"2.0NRT","bright_ti5":"300.07","frp":"6.1","daynight":"D","commune":"Saumos","code_insee":"33503","departement":"Gironde","region":"Nouvelle-Aquitaine"}},{"type":"Feature","geometry":{"type":"Point","coordinates":[-0.61097,44.9212]},"properties":{"latitude":"44.9212","longitude":"-0.61097","bright_ti4":"330.29","scan":"0.39","track":"0.36","acq_date":"2026-07-26","acq_time":"1255","satellite":"N","instrument":"VIIRS","confidence":"l","version":"2.0NRT","bright_ti5":"300.48","frp":"3.33","daynight":"D","commune":"Blanquefort","code_insee":"33056","departement":"Gironde","region":"Nouvelle-Aquitaine"}},{"type":"Feature","geometry":{"type":"Point","coordinates":[-1.09775,44.93028]},"properties":{"latitude":"44.93028","longitude":"-1.09775","bright_ti4":"334.38","scan":"0.4","track":"0.37","acq_date":"2026-07-26","acq_time":"1255","satellite":"N","instrument":"VIIRS","confidence":"n","version":"2.0NRT","bright_ti5":"295.91","frp":"5.96","daynight":"D","commune":"Lacanau","code_insee":"33214","departement":"Gironde","region":"Nouvelle-Aquitaine"}},{"type":"Feature","geometry":{"type":"Point","coordinates":[-0.97165,44.9309]},"properties":{"latitude":"44.9309","longitude":"-0.97165","bright_ti4":"352.37","scan":"0.4","track":"0.37","acq_date":"2026-07-26","acq_time":"1255","satellite":"N","instrument":"VIIRS","confidence":"n","version":"2.0NRT","bright_ti5":"317.38","frp":"53.29","daynight":"D","commune":"Saumos","code_insee":"33503","departement":"Gironde","region":"Nouvelle-Aquitaine"}},{"type":"Feature","geometry":{"type":"Point","coordinates":[-0.97774,44.93336]},"properties":{"latitude":"44.93336","longitude":"-0.97774","bright_ti4":"367","scan":"0.4","track":"0.37","acq_date":"2026-07-26","acq_time":"1255","satellite":"N","instrument":"VIIRS","confidence":"h","version":"2.0NRT","bright_ti5":"308.48","frp":"23.7","daynight":"D","commune":"Saumos","code_insee":"33503","departement":"Gironde","region":"Nouvelle-Aquitaine"}},{"type":"Feature","geometry":{"type":"Point","coordinates":[-1.09888,44.93361]},"properties":{"latitude":"44.93361","longitude":"-1.09888","bright_ti4":"349.42","scan":"0.4","track":"0.37","acq_date":"2026-07-26","acq_time":"1255","satellite":"N","instrument":"VIIRS","confidence":"n","version":"2.0NRT","bright_ti5":"295.29","frp":"6.85","daynight":"D","commune":"Lacanau","code_insee":"33214","departement":"Gironde","region":"Nouvelle-Aquitaine"}},{"type":"Feature","geometry":{"type":"Point","coordinates":[-0.97278,44.93421]},"properties":{"latitude":"44.93421","longitude":"-0.97278","bright_ti4":"356.55","scan":"0.4","track":"0.37","acq_date":"2026-07-26","acq_time":"1255","satellite":"N","instrument":"VIIRS","confidence":"n","version":"2.0NRT","bright_ti5":"310.36","frp":"18.49","daynight":"D","commune":"Saumos","code_insee":"33503","departement":"Gironde","region":"Nouvelle-Aquitaine"}},{"type":"Feature","geometry":{"type":"Point","coordinates":[-1.0939,44.93446]},"properties":{"latitude":"44.93446","longitude":"-1.0939","bright_ti4":"334.48","scan":"0.4","track":"0.37","acq_date":"2026-07-26","acq_time":"1255","satellite":"N","instrument":"VIIRS","confidence":"n","version":"2.0NRT","bright_ti5":"297.6","frp":"6.85","daynight":"D","commune":"Lacanau","code_insee":"33214","departement":"Gironde","region":"Nouvelle-Aquitaine"}},{"type":"Feature","geometry":{"type":"Point","coordinates":[-1.07895,44.93704]},"properties":{"latitude":"44.93704","longitude":"-1.07895","bright_ti4":"341.82","scan":"0.4","track":"0.37","acq_date":"2026-07-26","acq_time":"1255","satellite":"N","instrument":"VIIRS","confidence":"n","version":"2.0NRT","bright_ti5":"300.49","frp":"15.62","daynight":"D","commune":"Lacanau","code_insee":"33214","departement":"Gironde","region":"Nouvelle-Aquitaine"}},{"type":"Feature","geometry":{"type":"Point","coordinates":[-0.9739,44.93753]},"properties":{"latitude":"44.93753","longitude":"-0.9739","bright_ti4":"355.19","scan":"0.4","track":"0.37","acq_date":"2026-07-26","acq_time":"1255","satellite":"N","instrument":"VIIRS","confidence":"n","version":"2.0NRT","bright_ti5":"313.15","frp":"18.49","daynight":"D","commune":"Saumos","code_insee":"33503","departement":"Gironde","region":"Nouvelle-Aquitaine"}},{"type":"Feature","geometry":{"type":"Point","coordinates":[-0.96894,44.93838]},"properties":{"latitude":"44.93838","longitude":"-0.96894","bright_ti4":"333.7","scan":"0.4","track":"0.37","acq_date":"2026-07-26","acq_time":"1255","satellite":"N","instrument":"VIIRS","confidence":"n","version":"2.0NRT","bright_ti5":"298.49","frp":"18.49","daynight":"D","commune":"Sainte-Hélène","code_insee":"33417","departement":"Gironde","region":"Nouvelle-Aquitaine"}},{"type":"Feature","geometry":{"type":"Point","coordinates":[-1.09005,44.93864]},"properties":{"latitude":"44.93864","longitude":"-1.09005","bright_ti4":"339.7","scan":"0.4","track":"0.37","acq_date":"2026-07-26","acq_time":"1255","satellite":"N","instrument":"VIIRS","confidence":"n","version":"2.0NRT","bright_ti5":"297.51","frp":"15.95","daynight":"D","commune":"Lacanau","code_insee":"33214","departement":"Gironde","region":"Nouvelle-Aquitaine"}},{"type":"Feature","geometry":{"type":"Point","coordinates":[-1.08507,44.9395]},"properties":{"latitude":"44.9395","longitude":"-1.08507","bright_ti4":"367","scan":"0.4","track":"0.37","acq_date":"2026-07-26","acq_time":"1255","satellite":"N","instrument":"VIIRS","confidence":"h","version":"2.0NRT","bright_ti5":"310.86","frp":"15.95","daynight":"D","commune":"Lacanau","code_insee":"33214","departement":"Gironde","region":"Nouvelle-Aquitaine"}},{"type":"Feature","geometry":{"type":"Point","coordinates":[-1.08009,44.94036]},"properties":{"latitude":"44.94036","longitude":"-1.08009","bright_ti4":"341.45","scan":"0.4","track":"0.37","acq_date":"2026-07-26","acq_time":"1255","satellite":"N","instrument":"VIIRS","confidence":"n","version":"2.0NRT","bright_ti5":"303.52","frp":"15.62","daynight":"D","commune":"Lacanau","code_insee":"33214","departement":"Gironde","region":"Nouvelle-Aquitaine"}},{"type":"Feature","geometry":{"type":"Point","coordinates":[-1.06131,44.9471]},"properties":{"latitude":"44.9471","longitude":"-1.06131","bright_ti4":"334.44","scan":"0.4","track":"0.37","acq_date":"2026-07-26","acq_time":"1255","satellite":"N","instrument":"VIIRS","confidence":"n","version":"2.0NRT","bright_ti5":"293.05","frp":"6.03","daynight":"D","commune":"Lacanau","code_insee":"33214","departement":"Gironde","region":"Nouvelle-Aquitaine"}},{"type":"Feature","geometry":{"type":"Point","coordinates":[-1.05633,44.94796]},"properties":{"latitude":"44.94796","longitude":"-1.05633","bright_ti4":"345.24","scan":"0.4","track":"0.37","acq_date":"2026-07-26","acq_time":"1255","satellite":"N","instrument":"VIIRS","confidence":"n","version":"2.0NRT","bright_ti5":"296.22","frp":"6.03","daynight":"D","commune":"Lacanau","code_insee":"33214","departement":"Gironde","region":"Nouvelle-Aquitaine"}},{"type":"Feature","geometry":{"type":"Point","coordinates":[-1.02264,44.95725]},"properties":{"latitude":"44.95725","longitude":"-1.02264","bright_ti4":"335.67","scan":"0.4","track":"0.37","acq_date":"2026-07-26","acq_time":"1255","satellite":"N","instrument":"VIIRS","confidence":"n","version":"2.0NRT","bright_ti5":"297.76","frp":"4.6","daynight":"D","commune":"Lacanau","code_insee":"33214","departement":"Gironde","region":"Nouvelle-Aquitaine"}},{"type":"Feature","geometry":{"type":"Point","coordinates":[-1.02874,44.95971]},"properties":{"latitude":"44.95971","longitude":"-1.02874","bright_ti4":"337.54","scan":"0.4","track":"0.37","acq_date":"2026-07-26","acq_time":"1255","satellite":"N","instrument":"VIIRS","confidence":"n","version":"2.0NRT","bright_ti5":"290.21","frp":"9.07","daynight":"D","commune":"Lacanau","code_insee":"33214","departement":"Gironde","region":"Nouvelle-Aquitaine"}},{"type":"Feature","geometry":{"type":"Point","coordinates":[-1.02377,44.96056]},"properties":{"latitude":"44.96056","longitude":"-1.02377","bright_ti4":"354.73","scan":"0.4","track":"0.37","acq_date":"2026-07-26","acq_time":"1255","satellite":"N","instrument":"VIIRS","confidence":"n","version":"2.0NRT","bright_ti5":"303.63","frp":"36.75","daynight":"D","commune":"Lacanau","code_insee":"33214","departement":"Gironde","region":"Nouvelle-Aquitaine"}},{"type":"Feature","geometry":{"type":"Point","coordinates":[-1.01383,44.96227]},"properties":{"latitude":"44.96227","longitude":"-1.01383","bright_ti4":"338.14","scan":"0.4","track":"0.37","acq_date":"2026-07-26","acq_time":"1255","satellite":"N","instrument":"VIIRS","confidence":"n","version":"2.0NRT","bright_ti5":"304.59","frp":"38.94","daynight":"D","commune":"Lacanau","code_insee":"33214","departement":"Gironde","region":"Nouvelle-Aquitaine"}},{"type":"Feature","geometry":{"type":"Point","coordinates":[-1.00886,44.96312]},"properties":{"latitude":"44.96312","longitude":"-1.00886","bright_ti4":"335.72","scan":"0.4","track":"0.37","acq_date":"2026-07-26","acq_time":"1255","satellite":"N","instrument":"VIIRS","confidence":"n","version":"2.0NRT","bright_ti5":"297.21","frp":"38.94","daynight":"D","commune":"Lacanau","code_insee":"33214","departement":"Gironde","region":"Nouvelle-Aquitaine"}},{"type":"Feature","geometry":{"type":"Point","coordinates":[-1.0249,44.96388]},"properties":{"latitude":"44.96388","longitude":"-1.0249","bright_ti4":"354.63","scan":"0.4","track":"0.37","acq_date":"2026-07-26","acq_time":"1255","satellite":"N","instrument":"VIIRS","confidence":"n","version":"2.0NRT","bright_ti5":"301.98","frp":"36.75","daynight":"D","commune":"Lacanau","code_insee":"33214","departement":"Gironde","region":"Nouvelle-Aquitaine"}},{"type":"Feature","geometry":{"type":"Point","coordinates":[-1.01993,44.96473]},"properties":{"latitude":"44.96473","longitude":"-1.01993","bright_ti4":"367","scan":"0.4","track":"0.37","acq_date":"2026-07-26","acq_time":"1255","satellite":"N","instrument":"VIIRS","confidence":"l","version":"2.0NRT","bright_ti5":"329.4","frp":"36.75","daynight":"D","commune":"Lacanau","code_insee":"33214","departement":"Gironde","region":"Nouvelle-Aquitaine"}},{"type":"Feature","geometry":{"type":"Point","coordinates":[-1.01496,44.96558]},"properties":{"latitude":"44.96558","longitude":"-1.01496","bright_ti4":"322.63","scan":"0.4","track":"0.37","acq_date":"2026-07-26","acq_time":"1255","satellite":"N","instrument":"VIIRS","confidence":"l","version":"2.0NRT","bright_ti5":"322.84","frp":"38.94","daynight":"D","commune":"Lacanau","code_insee":"33214","departement":"Gironde","region":"Nouvelle-Aquitaine"}},{"type":"Feature","geometry":{"type":"Point","coordinates":[-1.00999,44.96643]},"properties":{"latitude":"44.96643","longitude":"-1.00999","bright_ti4":"354.21","scan":"0.4","track":"0.37","acq_date":"2026-07-26","acq_time":"1255","satellite":"N","instrument":"VIIRS","confidence":"n","version":"2.0NRT","bright_ti5":"308.11","frp":"38.94","daynight":"D","commune":"Lacanau","code_insee":"33214","departement":"Gironde","region":"Nouvelle-Aquitaine"}},{"type":"Feature","geometry":{"type":"Point","coordinates":[-1.02603,44.9672]},"properties":{"latitude":"44.9672","longitude":"-1.02603","bright_ti4":"333.7","scan":"0.4","track":"0.37","acq_date":"2026-07-26","acq_time":"1255","satellite":"N","instrument":"VIIRS","confidence":"n","version":"2.0NRT","bright_ti5":"289.11","frp":"4.83","daynight":"D","commune":"Lacanau","code_insee":"33214","departement":"Gironde","region":"Nouvelle-Aquitaine"}},{"type":"Feature","geometry":{"type":"Point","coordinates":[-1.02106,44.96805]},"properties":{"latitude":"44.96805","longitude":"-1.02106","bright_ti4":"347.07","scan":"0.4","track":"0.37","acq_date":"2026-07-26","acq_time":"1255","satellite":"N","instrument":"VIIRS","confidence":"n","version":"2.0NRT","bright_ti5":"291.28","frp":"4.83","daynight":"D","commune":"Lacanau","code_insee":"33214","departement":"Gironde","region":"Nouvelle-Aquitaine"}},{"type":"Feature","geometry":{"type":"Point","coordinates":[-1.01609,44.9689]},"properties":{"latitude":"44.9689","longitude":"-1.01609","bright_ti4":"349.17","scan":"0.4","track":"0.37","acq_date":"2026-07-26","acq_time":"1255","satellite":"N","instrument":"VIIRS","confidence":"n","version":"2.0NRT","bright_ti5":"293.17","frp":"14.69","daynight":"D","commune":"Lacanau","code_insee":"33214","departement":"Gironde","region":"Nouvelle-Aquitaine"}},{"type":"Feature","geometry":{"type":"Point","coordinates":[-0.99509,44.96898]},"properties":{"latitude":"44.96898","longitude":"-0.99509","bright_ti4":"339.33","scan":"0.4","track":"0.37","acq_date":"2026-07-26","acq_time":"1255","satellite":"N","instrument":"VIIRS","confidence":"n","version":"2.0NRT","bright_ti5":"299.34","frp":"5.23","daynight":"D","commune":"Lacanau","code_insee":"33214","departement":"Gironde","region":"Nouvelle-Aquitaine"}},{"type":"Feature","geometry":{"type":"Point","coordinates":[-1.00615,44.9706]},"properties":{"latitude":"44.9706","longitude":"-1.00615","bright_ti4":"348.25","scan":"0.4","track":"0.37","acq_date":"2026-07-26","acq_time":"1255","satellite":"N","instrument":"VIIRS","confidence":"n","version":"2.0NRT","bright_ti5":"299.66","frp":"7","daynight":"D","commune":"Lacanau","code_insee":"33214","departement":"Gironde","region":"Nouvelle-Aquitaine"}},{"type":"Feature","geometry":{"type":"Point","coordinates":[-1.00118,44.97145]},"properties":{"latitude":"44.97145","longitude":"-1.00118","bright_ti4":"343.61","scan":"0.4","track":"0.37","acq_date":"2026-07-26","acq_time":"1255","satellite":"N","instrument":"VIIRS","confidence":"n","version":"2.0NRT","bright_ti5":"297.58","frp":"7","daynight":"D","commune":"Lacanau","code_insee":"33214","departement":"Gironde","region":"Nouvelle-Aquitaine"}},{"type":"Feature","geometry":{"type":"Point","coordinates":[-0.99621,44.9723]},"properties":{"latitude":"44.9723","longitude":"-0.99621","bright_ti4":"352.64","scan":"0.4","track":"0.37","acq_date":"2026-07-26","acq_time":"1255","satellite":"N","instrument":"VIIRS","confidence":"n","version":"2.0NRT","bright_ti5":"295.86","frp":"12.09","daynight":"D","commune":"Lacanau","code_insee":"33214","departement":"Gironde","region":"Nouvelle-Aquitaine"}},{"type":"Feature","geometry":{"type":"Point","coordinates":[-1.09945,44.3693]},"properties":{"latitude":"44.3693","longitude":"-1.09945","bright_ti4":"340.36","scan":"0.59","track":"0.7","acq_date":"2026-07-26","acq_time":"1401","satellite":"N21","instrument":"VIIRS","confidence":"n","version":"2.0NRT","bright_ti5":"291.73","frp":"8.63","daynight":"D","commune":"Parentis-en-Born","code_insee":"40217","departement":"Landes","region":"Nouvelle-Aquitaine"}},{"type":"Feature","geometry":{"type":"Point","coordinates":[-1.10704,44.37571]},"properties":{"latitude":"44.37571","longitude":"-1.10704","bright_ti4":"325.42","scan":"0.59","track":"0.7","acq_date":"2026-07-26","acq_time":"1401","satellite":"N21","instrument":"VIIRS","confidence":"n","version":"2.0NRT","bright_ti5":"293.14","frp":"12.81","daynight":"D","commune":"Parentis-en-Born","code_insee":"40217","departement":"Landes","region":"Nouvelle-Aquitaine"}},{"type":"Feature","geometry":{"type":"Point","coordinates":[-0.85519,44.7206]},"properties":{"latitude":"44.7206","longitude":"-0.85519","bright_ti4":"367","scan":"0.61","track":"0.71","acq_date":"2026-07-26","acq_time":"1401","satellite":"N21","instrument":"VIIRS","confidence":"h","version":"2.0NRT","bright_ti5":"290.72","frp":"27.03","daynight":"D","commune":"Marcheprime","code_insee":"33555","departement":"Gironde","region":"Nouvelle-Aquitaine"}},{"type":"Feature","geometry":{"type":"Point","coordinates":[-0.83966,44.72063]},"properties":{"latitude":"44.72063","longitude":"-0.83966","bright_ti4":"367","scan":"0.61","track":"0.71","acq_date":"2026-07-26","acq_time":"1401","satellite":"N21","instrument":"VIIRS","confidence":"h","version":"2.0NRT","bright_ti5":"294.32","frp":"36.99","daynight":"D","commune":"Marcheprime","code_insee":"33555","departement":"Gironde","region":"Nouvelle-Aquitaine"}},{"type":"Feature","geometry":{"type":"Point","coordinates":[-0.8319,44.72066]},"properties":{"latitude":"44.72066","longitude":"-0.8319","bright_ti4":"353.94","scan":"0.61","track":"0.71","acq_date":"2026-07-26","acq_time":"1401","satellite":"N21","instrument":"VIIRS","confidence":"n","version":"2.0NRT","bright_ti5":"292.14","frp":"25.29","daynight":"D","commune":"Marcheprime","code_insee":"33555","departement":"Gironde","region":"Nouvelle-Aquitaine"}},{"type":"Feature","geometry":{"type":"Point","coordinates":[-0.85886,44.72168]},"properties":{"latitude":"44.72168","longitude":"-0.85886","bright_ti4":"355.15","scan":"0.61","track":"0.71","acq_date":"2026-07-26","acq_time":"1401","satellite":"N21","instrument":"VIIRS","confidence":"n","version":"2.0NRT","bright_ti5":"290.61","frp":"28.48","daynight":"D","commune":"Audenge","code_insee":"33019","departement":"Gironde","region":"Nouvelle-Aquitaine"}},{"type":"Feature","geometry":{"type":"Point","coordinates":[-0.85113,44.72174]},"properties":{"latitude":"44.72174","longitude":"-0.85113","bright_ti4":"367","scan":"0.61","track":"0.71","acq_date":"2026-07-26","acq_time":"1401","satellite":"N21","instrument":"VIIRS","confidence":"h","version":"2.0NRT","bright_ti5":"290.51","frp":"28.48","daynight":"D","commune":"Marcheprime","code_insee":"33555","departement":"Gironde","region":"Nouvelle-Aquitaine"}},{"type":"Feature","geometry":{"type":"Point","coordinates":[-0.84336,44.7218]},"properties":{"latitude":"44.7218","longitude":"-0.84336","bright_ti4":"341.28","scan":"0.61","track":"0.71","acq_date":"2026-07-26","acq_time":"1401","satellite":"N21","instrument":"VIIRS","confidence":"n","version":"2.0NRT","bright_ti5":"291.24","frp":"20.5","daynight":"D","commune":"Marcheprime","code_insee":"33555","departement":"Gironde","region":"Nouvelle-Aquitaine"}},{"type":"Feature","geometry":{"type":"Point","coordinates":[-0.83562,44.72186]},"properties":{"latitude":"44.72186","longitude":"-0.83562","bright_ti4":"367","scan":"0.61","track":"0.71","acq_date":"2026-07-26","acq_time":"1401","satellite":"N21","instrument":"VIIRS","confidence":"h","version":"2.0NRT","bright_ti5":"295.28","frp":"20.5","daynight":"D","commune":"Marcheprime","code_insee":"33555","departement":"Gironde","region":"Nouvelle-Aquitaine"}},{"type":"Feature","geometry":{"type":"Point","coordinates":[-0.82786,44.72191]},"properties":{"latitude":"44.72191","longitude":"-0.82786","bright_ti4":"326.68","scan":"0.61","track":"0.71","acq_date":"2026-07-26","acq_time":"1401","satellite":"N21","instrument":"VIIRS","confidence":"n","version":"2.0NRT","bright_ti5":"289","frp":"17.45","daynight":"D","commune":"Marcheprime","code_insee":"33555","departement":"Gironde","region":"Nouvelle-Aquitaine"}},{"type":"Feature","geometry":{"type":"Point","coordinates":[-0.87841,44.72709]},"properties":{"latitude":"44.72709","longitude":"-0.87841","bright_ti4":"332.34","scan":"0.61","track":"0.71","acq_date":"2026-07-26","acq_time":"1401","satellite":"N21","instrument":"VIIRS","confidence":"n","version":"2.0NRT","bright_ti5":"286.28","frp":"15.71","daynight":"D","commune":"Audenge","code_insee":"33019","departement":"Gironde","region":"Nouvelle-Aquitaine"}},{"type":"Feature","geometry":{"type":"Point","coordinates":[-0.86306,44.72713]},"properties":{"latitude":"44.72713","longitude":"-0.86306","bright_ti4":"353.2","scan":"0.61","track":"0.71","acq_date":"2026-07-26","acq_time":"1401","satellite":"N21","instrument":"VIIRS","confidence":"n","version":"2.0NRT","bright_ti5":"290.77","frp":"34.97","daynight":"D","commune":"Audenge","code_insee":"33019","departement":"Gironde","region":"Nouvelle-Aquitaine"}},{"type":"Feature","geometry":{"type":"Point","coordinates":[-0.85531,44.72716]},"properties":{"latitude":"44.72716","longitude":"-0.85531","bright_ti4":"367","scan":"0.61","track":"0.71","acq_date":"2026-07-26","acq_time":"1401","satellite":"N21","instrument":"VIIRS","confidence":"h","version":"2.0NRT","bright_ti5":"293.59","frp":"34.97","daynight":"D","commune":"Audenge","code_insee":"33019","departement":"Gironde","region":"Nouvelle-Aquitaine"}},{"type":"Feature","geometry":{"type":"Point","coordinates":[-0.84754,44.72718]},"properties":{"latitude":"44.72718","longitude":"-0.84754","bright_ti4":"336.57","scan":"0.61","track":"0.71","acq_date":"2026-07-26","acq_time":"1401","satellite":"N21","instrument":"VIIRS","confidence":"n","version":"2.0NRT","bright_ti5":"289.13","frp":"14.62","daynight":"D","commune":"Audenge","code_insee":"33019","departement":"Gironde","region":"Nouvelle-Aquitaine"}},{"type":"Feature","geometry":{"type":"Point","coordinates":[-0.83981,44.7272]},"properties":{"latitude":"44.7272","longitude":"-0.83981","bright_ti4":"333.05","scan":"0.61","track":"0.71","acq_date":"2026-07-26","acq_time":"1401","satellite":"N21","instrument":"VIIRS","confidence":"n","version":"2.0NRT","bright_ti5":"290.94","frp":"14.62","daynight":"D","commune":"Marcheprime","code_insee":"33555","departement":"Gironde","region":"Nouvelle-Aquitaine"}},{"type":"Feature","geometry":{"type":"Point","coordinates":[-0.88201,44.72805]},"properties":{"latitude":"44.72805","longitude":"-0.88201","bright_ti4":"355.8","scan":"0.61","track":"0.71","acq_date":"2026-07-26","acq_time":"1401","satellite":"N21","instrument":"VIIRS","confidence":"l","version":"2.0NRT","bright_ti5":"288.81","frp":"13.18","daynight":"D","commune":"Audenge","code_insee":"33019","departement":"Gironde","region":"Nouvelle-Aquitaine"}},{"type":"Feature","geometry":{"type":"Point","coordinates":[-0.85897,44.72823]},"properties":{"latitude":"44.72823","longitude":"-0.85897","bright_ti4":"367","scan":"0.61","track":"0.71","acq_date":"2026-07-26","acq_time":"1401","satellite":"N21","instrument":"VIIRS","confidence":"h","version":"2.0NRT","bright_ti5":"294.41","frp":"16.18","daynight":"D","commune":"Audenge","code_insee":"33019","departement":"Gironde","region":"Nouvelle-Aquitaine"}},{"type":"Feature","geometry":{"type":"Point","coordinates":[-0.85121,44.72829]},"properties":{"latitude":"44.72829","longitude":"-0.85121","bright_ti4":"329.62","scan":"0.61","track":"0.71","acq_date":"2026-07-26","acq_time":"1401","satellite":"N21","instrument":"VIIRS","confidence":"n","version":"2.0NRT","bright_ti5":"287.85","frp":"16.18","daynight":"D","commune":"Audenge","code_insee":"33019","departement":"Gironde","region":"Nouvelle-Aquitaine"}},{"type":"Feature","geometry":{"type":"Point","coordinates":[-0.84346,44.72835]},"properties":{"latitude":"44.72835","longitude":"-0.84346","bright_ti4":"340.16","scan":"0.61","track":"0.71","acq_date":"2026-07-26","acq_time":"1401","satellite":"N21","instrument":"VIIRS","confidence":"n","version":"2.0NRT","bright_ti5":"290.82","frp":"15.16","daynight":"D","commune":"Audenge","code_insee":"33019","departement":"Gironde","region":"Nouvelle-Aquitaine"}},{"type":"Feature","geometry":{"type":"Point","coordinates":[-0.89395,44.73358]},"properties":{"latitude":"44.73358","longitude":"-0.89395","bright_ti4":"347.53","scan":"0.61","track":"0.71","acq_date":"2026-07-26","acq_time":"1401","satellite":"N21","instrument":"VIIRS","confidence":"n","version":"2.0NRT","bright_ti5":"290.77","frp":"19.43","daynight":"D","commune":"Audenge","code_insee":"33019","departement":"Gironde","region":"Nouvelle-Aquitaine"}},{"type":"Feature","geometry":{"type":"Point","coordinates":[-0.88623,44.73361]},"properties":{"latitude":"44.73361","longitude":"-0.88623","bright_ti4":"343.71","scan":"0.61","track":"0.71","acq_date":"2026-07-26","acq_time":"1401","satellite":"N21","instrument":"VIIRS","confidence":"n","version":"2.0NRT","bright_ti5":"291.16","frp":"19.43","daynight":"D","commune":"Audenge","code_insee":"33019","departement":"Gironde","region":"Nouvelle-Aquitaine"}},{"type":"Feature","geometry":{"type":"Point","coordinates":[-0.87854,44.73363]},"properties":{"latitude":"44.73363","longitude":"-0.87854","bright_ti4":"341.81","scan":"0.61","track":"0.71","acq_date":"2026-07-26","acq_time":"1401","satellite":"N21","instrument":"VIIRS","confidence":"n","version":"2.0NRT","bright_ti5":"290.35","frp":"15.71","daynight":"D","commune":"Audenge","code_insee":"33019","departement":"Gironde","region":"Nouvelle-Aquitaine"}},{"type":"Feature","geometry":{"type":"Point","coordinates":[-0.81655,44.73382]},"properties":{"latitude":"44.73382","longitude":"-0.81655","bright_ti4":"337.13","scan":"0.62","track":"0.71","acq_date":"2026-07-26","acq_time":"1401","satellite":"N21","instrument":"VIIRS","confidence":"n","version":"2.0NRT","bright_ti5":"287.42","frp":"28.11","daynight":"D","commune":"Cestas","code_insee":"33122","departement":"Gironde","region":"Nouvelle-Aquitaine"}},{"type":"Feature","geometry":{"type":"Point","coordinates":[-0.80873,44.73384]},"properties":{"latitude":"44.73384","longitude":"-0.80873","bright_ti4":"367","scan":"0.62","track":"0.71","acq_date":"2026-07-26","acq_time":"1401","satellite":"N21","instrument":"VIIRS","confidence":"h","version":"2.0NRT","bright_ti5":"292.08","frp":"28.11","daynight":"D","commune":"Cestas","code_insee":"33122","departement":"Gironde","region":"Nouvelle-Aquitaine"}},{"type":"Feature","geometry":{"type":"Point","coordinates":[-0.80093,44.73386]},"properties":{"latitude":"44.73386","longitude":"-0.80093","bright_ti4":"355.62","scan":"0.62","track":"0.71","acq_date":"2026-07-26","acq_time":"1401","satellite":"N21","instrument":"VIIRS","confidence":"l","version":"2.0NRT","bright_ti5":"289.88","frp":"88.42","daynight":"D","commune":"Cestas","code_insee":"33122","departement":"Gironde","region":"Nouvelle-Aquitaine"}},{"type":"Feature","geometry":{"type":"Point","coordinates":[-0.88982,44.73453]},"properties":{"latitude":"44.73453","longitude":"-0.88982","bright_ti4":"367","scan":"0.61","track":"0.71","acq_date":"2026-07-26","acq_time":"1401","satellite":"N21","instrument":"VIIRS","confidence":"h","version":"2.0NRT","bright_ti5":"293.05","frp":"13.18","daynight":"D","commune":"Audenge","code_insee":"33019","departement":"Gironde","region":"Nouvelle-Aquitaine"}},{"type":"Feature","geometry":{"type":"Point","coordinates":[-0.88212,44.7346]},"properties":{"latitude":"44.7346","longitude":"-0.88212","bright_ti4":"340.45","scan":"0.61","track":"0.71","acq_date":"2026-07-26","acq_time":"1401","satellite":"N21","instrument":"VIIRS","confidence":"n","version":"2.0NRT","bright_ti5":"290.93","frp":"13.18","daynight":"D","commune":"Audenge","code_insee":"33019","departement":"Gironde","region":"Nouvelle-Aquitaine"}},{"type":"Feature","geometry":{"type":"Point","coordinates":[-0.81242,44.73515]},"properties":{"latitude":"44.73515","longitude":"-0.81242","bright_ti4":"367","scan":"0.62","track":"0.71","acq_date":"2026-07-26","acq_time":"1401","satellite":"N21","instrument":"VIIRS","confidence":"h","version":"2.0NRT","bright_ti5":"293.18","frp":"50.52","daynight":"D","commune":"Cestas","code_insee":"33122","departement":"Gironde","region":"Nouvelle-Aquitaine"}},{"type":"Feature","geometry":{"type":"Point","coordinates":[-0.80464,44.73521]},"properties":{"latitude":"44.73521","longitude":"-0.80464","bright_ti4":"354.06","scan":"0.62","track":"0.71","acq_date":"2026-07-26","acq_time":"1401","satellite":"N21","instrument":"VIIRS","confidence":"n","version":"2.0NRT","bright_ti5":"292.01","frp":"50.52","daynight":"D","commune":"Cestas","code_insee":"33122","departement":"Gironde","region":"Nouvelle-Aquitaine"}},{"type":"Feature","geometry":{"type":"Point","coordinates":[-0.79683,44.73527]},"properties":{"latitude":"44.73527","longitude":"-0.79683","bright_ti4":"367","scan":"0.62","track":"0.71","acq_date":"2026-07-26","acq_time":"1401","satellite":"N21","instrument":"VIIRS","confidence":"h","version":"2.0NRT","bright_ti5":"290","frp":"40.16","daynight":"D","commune":"Cestas","code_insee":"33122","departement":"Gironde","region":"Nouvelle-Aquitaine"}},{"type":"Feature","geometry":{"type":"Point","coordinates":[-0.78897,44.73533]},"properties":{"latitude":"44.73533","longitude":"-0.78897","bright_ti4":"338.67","scan":"0.62","track":"0.71","acq_date":"2026-07-26","acq_time":"1401","satellite":"N21","instrument":"VIIRS","confidence":"n","version":"2.0NRT","bright_ti5":"286.4","frp":"40.16","daynight":"D","commune":"Cestas","code_insee":"33122","departement":"Gironde","region":"Nouvelle-Aquitaine"}},{"type":"Feature","geometry":{"type":"Point","coordinates":[-0.8244,44.74036]},"properties":{"latitude":"44.74036","longitude":"-0.8244","bright_ti4":"337","scan":"0.61","track":"0.71","acq_date":"2026-07-26","acq_time":"1401","satellite":"N21","instrument":"VIIRS","confidence":"n","version":"2.0NRT","bright_ti5":"286.06","frp":"21.26","daynight":"D","commune":"Saint-Jean-d'Illac","code_insee":"33422","departement":"Gironde","region":"Nouvelle-Aquitaine"}},{"type":"Feature","geometry":{"type":"Point","coordinates":[-0.81661,44.74039]},"properties":{"latitude":"44.74039","longitude":"-0.81661","bright_ti4":"354.83","scan":"0.62","track":"0.71","acq_date":"2026-07-26","acq_time":"1401","satellite":"N21","instrument":"VIIRS","confidence":"n","version":"2.0NRT","bright_ti5":"292.43","frp":"39.72","daynight":"D","commune":"Cestas","code_insee":"33122","departement":"Gironde","region":"Nouvelle-Aquitaine"}},{"type":"Feature","geometry":{"type":"Point","coordinates":[-0.80883,44.74041]},"properties":{"latitude":"44.74041","longitude":"-0.80883","bright_ti4":"367","scan":"0.62","track":"0.71","acq_date":"2026-07-26","acq_time":"1401","satellite":"N21","instrument":"VIIRS","confidence":"h","version":"2.0NRT","bright_ti5":"297.99","frp":"39.72","daynight":"D","commune":"Cestas","code_insee":"33122","departement":"Gironde","region":"Nouvelle-Aquitaine"}},{"type":"Feature","geometry":{"type":"Point","coordinates":[-0.80104,44.74044]},"properties":{"latitude":"44.74044","longitude":"-0.80104","bright_ti4":"355.74","scan":"0.62","track":"0.71","acq_date":"2026-07-26","acq_time":"1401","satellite":"N21","instrument":"VIIRS","confidence":"l","version":"2.0NRT","bright_ti5":"289.58","frp":"73.09","daynight":"D","commune":"Cestas","code_insee":"33122","departement":"Gironde","region":"Nouvelle-Aquitaine"}},{"type":"Feature","geometry":{"type":"Point","coordinates":[-0.82026,44.74166]},"properties":{"latitude":"44.74166","longitude":"-0.82026","bright_ti4":"355.77","scan":"0.61","track":"0.71","acq_date":"2026-07-26","acq_time":"1401","satellite":"N21","instrument":"VIIRS","confidence":"l","version":"2.0NRT","bright_ti5":"288.49","frp":"43.62","daynight":"D","commune":"Saint-Jean-d'Illac","code_insee":"33422","departement":"Gironde","region":"Nouvelle-Aquitaine"}},{"type":"Feature","geometry":{"type":"Point","coordinates":[-0.81246,44.74172]},"properties":{"latitude":"44.74172","longitude":"-0.81246","bright_ti4":"367","scan":"0.62","track":"0.71","acq_date":"2026-07-26","acq_time":"1401","satellite":"N21","instrument":"VIIRS","confidence":"h","version":"2.0NRT","bright_ti5":"295.78","frp":"48.77","daynight":"D","commune":"Saint-Jean-d'Illac","code_insee":"33422","departement":"Gironde","region":"Nouvelle-Aquitaine"}},{"type":"Feature","geometry":{"type":"Point","coordinates":[-0.80471,44.74178]},"properties":{"latitude":"44.74178","longitude":"-0.80471","bright_ti4":"367","scan":"0.62","track":"0.71","acq_date":"2026-07-26","acq_time":"1401","satellite":"N21","instrument":"VIIRS","confidence":"h","version":"2.0NRT","bright_ti5":"293.27","frp":"48.77","daynight":"D","commune":"Cestas","code_insee":"33122","departement":"Gironde","region":"Nouvelle-Aquitaine"}},{"type":"Feature","geometry":{"type":"Point","coordinates":[-0.79687,44.74184]},"properties":{"latitude":"44.74184","longitude":"-0.79687","bright_ti4":"346.33","scan":"0.62","track":"0.71","acq_date":"2026-07-26","acq_time":"1401","satellite":"N21","instrument":"VIIRS","confidence":"n","version":"2.0NRT","bright_ti5":"286.93","frp":"19.92","daynight":"D","commune":"Cestas","code_insee":"33122","departement":"Gironde","region":"Nouvelle-Aquitaine"}},{"type":"Feature","geometry":{"type":"Point","coordinates":[-0.78901,44.7419]},"properties":{"latitude":"44.7419","longitude":"-0.78901","bright_ti4":"351.64","scan":"0.62","track":"0.71","acq_date":"2026-07-26","acq_time":"1401","satellite":"N21","instrument":"VIIRS","confidence":"n","version":"2.0NRT","bright_ti5":"285.86","frp":"19.92","daynight":"D","commune":"Cestas","code_insee":"33122","departement":"Gironde","region":"Nouvelle-Aquitaine"}},{"type":"Feature","geometry":{"type":"Point","coordinates":[-0.85553,44.74682]},"properties":{"latitude":"44.74682","longitude":"-0.85553","bright_ti4":"334.14","scan":"0.61","track":"0.71","acq_date":"2026-07-26","acq_time":"1401","satellite":"N21","instrument":"VIIRS","confidence":"n","version":"2.0NRT","bright_ti5":"283.93","frp":"10.74","daynight":"D","commune":"Saint-Jean-d'Illac","code_insee":"33422","departement":"Gironde","region":"Nouvelle-Aquitaine"}},{"type":"Feature","geometry":{"type":"Point","coordinates":[-0.84779,44.74685]},"properties":{"latitude":"44.74685","longitude":"-0.84779","bright_ti4":"329.59","scan":"0.61","track":"0.71","acq_date":"2026-07-26","acq_time":"1401","satellite":"N21","instrument":"VIIRS","confidence":"n","version":"2.0NRT","bright_ti5":"286.17","frp":"10.37","daynight":"D","commune":"Saint-Jean-d'Illac","code_insee":"33422","departement":"Gironde","region":"Nouvelle-Aquitaine"}},{"type":"Feature","geometry":{"type":"Point","coordinates":[-0.80893,44.74698]},"properties":{"latitude":"44.74698","longitude":"-0.80893","bright_ti4":"325.61","scan":"0.62","track":"0.71","acq_date":"2026-07-26","acq_time":"1401","satellite":"N21","instrument":"VIIRS","confidence":"n","version":"2.0NRT","bright_ti5":"285.54","frp":"39.72","daynight":"D","commune":"Saint-Jean-d'Illac","code_insee":"33422","departement":"Gironde","region":"Nouvelle-Aquitaine"}},{"type":"Feature","geometry":{"type":"Point","coordinates":[-0.85135,44.74796]},"properties":{"latitude":"44.74796","longitude":"-0.85135","bright_ti4":"351.94","scan":"0.61","track":"0.71","acq_date":"2026-07-26","acq_time":"1401","satellite":"N21","instrument":"VIIRS","confidence":"n","version":"2.0NRT","bright_ti5":"287.02","frp":"14.37","daynight":"D","commune":"Saint-Jean-d'Illac","code_insee":"33422","departement":"Gironde","region":"Nouvelle-Aquitaine"}},{"type":"Feature","geometry":{"type":"Point","coordinates":[-0.86433,44.85163]},"properties":{"latitude":"44.85163","longitude":"-0.86433","bright_ti4":"330.12","scan":"0.61","track":"0.71","acq_date":"2026-07-26","acq_time":"1401","satellite":"N21","instrument":"VIIRS","confidence":"n","version":"2.0NRT","bright_ti5":"284.29","frp":"9.3","daynight":"D","commune":"Saint-Médard-en-Jalles","code_insee":"33449","departement":"Gironde","region":"Nouvelle-Aquitaine"}}]}